Workbook

Sheet Mode opératoire
B1: MODE OPERATOIRE
B2: La description d'une position entrante dans un dossier agent, nécessite la MAJ des données portées par les 2 sous-rubriques suivantes : Position statutaire/situation administrative et Détachement, affectation ou MAD entrant. La spécification métier regroupe au sein d'un évènement unique l'articulation des RG mobilisant des données appartenant à ces deux sous-rubriques. Ainsi, le métier considère que les données associées à ces deux sous rubriques sont mises à jour dans la même transaction. Les positions concernées sont les codes de positions mobilisés dans l'axe1.

Sheet Axe 1 Enchainement des RG
A1: Version | B1: Type de mise à jour | C1: Date de mise à jour | D1: Identifiant Domaine | E1: Libellé du Domaine | F1: Identifiant Sous-domaine | G1: Libellé du Sous-domaine | H1: Identifiant Evénement | I1: Libellé de l'évènement | J1: Libellé condition déclenchement Evènement | K1: Condition déclenchement Evènement | L1: Identifiant type d'évènement | M1: Libellé type d'évènement | N1: Type de mise à jour | O1: Libellé condition déclenchement Type Evènement | P1: Condition déclenchement Type Evènement | Q1: Libellé Population | R1: Codification Population | S1: Général / Particulier | T1: Passant / Exclu | U1: Date de début | V1: Date de fin | W1: Règles mobilisées | X1: Identifiant Règle de contrôle intellectuel 1 | Y1: Libellé Règle de contrôle intellectuel 1 | Z1: Identifiant Règle de contrôle intellectuel 2 | AA1: Libellé Règle de contrôle intellectuel 2 | AB1: Identifiant Règle de contrôle intellectuel 3 | AC1: Libellé Règle de contrôle intellectuel 3 | AD1: Identifiant Règle de contrôle intellectuel 4 | AE1: Libellé Règle de contrôle intellectuel 4 | AF1: Identifiant Règle de contrôle intellectuel 5 | AG1: Libellé Règle de contrôle intellectuel 5 | AH1: Identifiant Règle de contrôle intellectuel 6 | AI1: Libellé Règle de contrôle intellectuel 6 | AJ1: Identifiant Règle de contrôle intellectuel 7 | AK1: Libellé Règle de contrôle intellectuel 7 | AL1: Identifiant Règle de contrôle intellectuel 8 | AM1: Libellé Règle de contrôle intellectuel 8 | AN1: Identifiant Règle de contrôle intellectuel 9 | AO1: Libellé Règle de contrôle intellectuel 9 | AP1: Identifiant Règle de condition 1 | AQ1: Libellé Règle de condition 1 | AR1: Identifiant Règle de condition 2 | AS1: Libellé Règle de condition 2 | AT1: Identifiant Règle de condition 3 | AU1: Libellé Règle de condition 3 | AV1: Identifiant Règle de condition 4 | AW1: Libellé Règle de condition 4 | AX1: Identifiant Règle de condition 5 | AY1: Libellé Règle de condition 5 | AZ1: Identifiant Règle de condition 6 | BA1: Libellé Règle de condition 6 | BB1: Identifiant Règle de contrôle 1 | BC1: Libellé Règle de contrôle 1 | BD1: Identifiant Règle de contrôle 2 | BE1: Libellé Règle de contrôle 2 | BF1: Identifiant Règle de contrôle 3 | BG1: Libellé Règle de contrôle 3 | BH1: Identifiant Règle de contrôle 4 | BI1: Libellé Règle de contrôle 4 | BJ1: Identifiant Règle de contrôle 5 | BK1: Libellé Règle de contrôle 5 | BL1: Identifiant Règle de contrôle 6 | BM1: Libellé Règle de contrôle 6 | BN1: Identifiant Règle de contrôle 7 | BO1: Libellé Règle de contrôle 7 | BP1: Identifiant Règle de contrôle 8 | BQ1: Libellé Règle de contrôle 8 | BR1: Identifiant Règle de contrôle 9 | BS1: Libellé Règle de contrôle 9 | BT1: Identifiant Règle de contrôle 10 | BU1: Libellé Règle de contrôle 10 | BV1: Identifiant Règle de contrôle 11 | BW1: Libellé Règle de contrôle 11 | BX1: Identifiant Règle de contrôle 12 | BY1: Libellé Règle de contrôle 12 | BZ1: Identifiant Règle de contrôle 13 | CA1: Libellé Règle de contrôle 13 | CB1: Identifiant Règle de contrôle 14 | CC1: Libellé Règle de contrôle 14 | CD1: Identifiant Règle de contrôle 15 | CE1: Libellé Règle de contrôle 15 | CF1: FIME | CG1: Statut de travail
A2: 20.00.00 | B2: M | C2: 43850.552 | D2: D0004 | E2: Position | F2: S0009 | G2: Détachement entrant/sortant | H2: E0136 | I2: Détachement entrant sur demande auprès d'une administration, d'un office ou d'un EP de l'Etat conduisant à pension | J2: Position administrative Saisie égale à 'Détachement entrant sur demande auprès d'une administration ou d'un EP de l'Etat conduisant à pension' ET Indicateur de maintien saisi = Non | K2: A_POS_POSIAD [Saisi] = 'DEE01' ET A_POS_SITPAR [Saisi] = Vide ET A_POS_INDMAI [Saisi] = '0' | L2: T0390 | M2: Détachement entrant sur demande auprès d'une administration, d'un office ou d'un EP de l'Etat conduisant à pension - Demande | N2: Création Modification | O2: Indicateur de renouvellement saisi = Non ET (Indicateur de renouvellement saisi différent d'Indicateur de renouvellement avant saisi OU Indicateur de maintien saisi différent de Indicateur de maintien avant saisi) | P2: A_POS_INDREN [Saisi] = '0' ET (A_POS_INDREN [Saisi] <> A_POS_INDREN [Valeur avant saisie] OU A_POS_INDMAI [Saisi] <> A_POS_INDMAI [Valeur avant saisie]) | Q2: Titulaire ou magistrat | R2: P0001 | S2: Général | T2: Passant | U2: 40725 | V2: 43830 | W2: DEE_I_002 ET DEE_I_003 ET DEE_I_006 ET DEE_I_004 ET DEE_D_010 ET DEE_D_410 ET DEE_D_520 ET DEE_D_920 ET DEE_D_011 ET DEE_D_411 ET POS_C_004 ET POS_C_005 ET POS_C_007 ET POS_C_010 ET POS_C_012 ET POS_C_013 ET POS_C_022 ET POS_C_030 ET POS_C_031 ET POS_C_034 ET POS_C_035 ET POS_C_036 ET POS_C_111 | X2: DEE_I_002 | Y2: =VLOOKUP(X2,'Axe 2 Règles de gestion'!$D$2:$F$121,3, FALSE) -> L'agent doit détenir le titre ou le diplôme requis pour l'exercice des fonctions du corps d'accueil. | Z2: DEE_I_003 | AA2: =VLOOKUP(Z2,'Axe 2 Règles de gestion'!$D$2:$F$121,3, FALSE) -> L'agent doit formuler une demande. | AB2: DEE_I_006 | AC2: =VLOOKUP(AB2,'Axe 2 Règles de gestion'!$D$2:$F$121,3, FALSE) -> Le détachement est accordé après avis des commissions administratives paritaires compétentes. | AD2: DEE_I_004 | AE2: =VLOOKUP(AD2,'Axe 2 Règles de gestion'!$D$2:$F$121,3, FALSE) -> L'accord de l'administration d'origine est nécessaire. | AP2: DEE_D_010 | AQ2: =VLOOKUP(AP2,'Axe 2 Règles de gestion'!$D$2:$F$121,3, FALSE) -> Un détachement de courte durée à l'étranger ou dans les TOM ne peut excéder 1 an entre la date de début et la date de fin prévisionnelle. | AR2: DEE_D_410 | AS2: =VLOOKUP(AR2,'Axe 2 Règles de gestion'!$D$2:$F$121,3, FALSE) -> Un détachement de courte durée à l'étranger ou dans les TOM ne peut excéder 1 an entre la date de début et la date de fin réelle. | AT2: DEE_D_520 | AU2: =VLOOKUP(AT2,'Axe 2 Règles de gestion'!$D$2:$F$121,3, FALSE) -> Un détachement de courte durée n'ayant pas lieu à l'étranger ou dans les TOM ne peut excéder six mois entre la date de début et la date de fin prévisionnelle. | AV2: DEE_D_920 | AW2: =VLOOKUP(AV2,'Axe 2 Règles de gestion'!$D$2:$F$121,3, FALSE) -> Un détachement de courte durée n'ayant pas lieu à l'étranger ou dans les TOM ne peut excéder six mois entre la date de début et la date de fin réelle. | AX2: DEE_D_011 | AY2: =VLOOKUP(AX2,'Axe 2 Règles de gestion'!$D$2:$F$121,3, FALSE) -> Un détachement de longue durée ne peut excéder 5 ans entre la date de début et la date de fin prévisionnelle. | AZ2: DEE_D_411 | BA2: =VLOOKUP(AZ2,'Axe 2 Règles de gestion'!$D$2:$F$121,3, FALSE) -> Un détachement de longue durée ne peut excéder 5 ans entre la date de début et la date de fin réelle. | BB2: POS_C_004 | BC2: =VLOOKUP(BB2,'Axe 2 Règles de gestion'!$D$2:$F$121,3, FALSE) -> La date de début de position doit être antérieure ou égale à la date de fin prévisionnelle de position. | BD2: POS_C_005 | BE2: =VLOOKUP(BD2,'Axe 2 Règles de gestion'!$D$2:$F$121,3, FALSE) -> La date de début de la position doit être postérieure ou égale à la date d'entrée dans la FPE ou dans la carrière militaire. | BF2: POS_C_007 | BG2: =VLOOKUP(BF2,'Axe 2 Règles de gestion'!$D$2:$F$121,3, FALSE) -> La date de fin réelle de la position doit être antérieure à la date limite de départ à la retraite. | BH2: POS_C_010 | BI2: =VLOOKUP(BH2,'Axe 2 Règles de gestion'!$D$2:$F$121,3, FALSE) -> La date de début de position doit être antérieure ou égale à la date de fin réelle de position. | BJ2: POS_C_012 | BK2: =VLOOKUP(BJ2,'Axe 2 Règles de gestion'!$D$2:$F$121,3, FALSE) -> La date de fin prévisionnelle de la position doit être antérieure à la date limite de départ à la retraite. | BL2: POS_C_013 | BM2: =VLOOKUP(BL2,'Axe 2 Règles de gestion'!$D$2:$F$121,3, FALSE) -> L'indicateur de carrière est sur la valeur "Accueil". | BN2: POS_C_022 | BO2: =VLOOKUP(BN2,'Axe 2 Règles de gestion'!$D$2:$F$121,3, FALSE) -> La date de début de position est à J+1 de la date de fin de position de l'occurrence précédente. | BP2: POS_C_030 | BQ2: =VLOOKUP(BP2,'Axe 2 Règles de gestion'!$D$2:$F$121,3, FALSE) -> Les champs "Type d'organisme d'origine", "Catégorie statutaire d'origine" et "Pays" de l'organisme d'origine doivent être renseignés. | BR2: POS_C_031 | BS2: =VLOOKUP(BR2,'Axe 2 Règles de gestion'!$D$2:$F$121,3, FALSE) -> Les champs "Ministère (ou institution de la République) d'origine", "Corps d'origine", "Grade d'origine", "Echelon d'origine" sont renseignés si le "Type d'organisme d'origine" est valorisé à FPE. | BT2: POS_C_034 | BU2: =VLOOKUP(BT2,'Axe 2 Règles de gestion'!$D$2:$F$121,3, FALSE) -> Le champ "Organisme d'origine" doit être alimenté si le type d'organisme d'origine est égal à 'Autre organisme', 'Fonction publique d'un état de l'Union Européenne' ou 'Fonction publique Européenne'. | BV2: POS_C_035 | BW2: =VLOOKUP(BV2,'Axe 2 Règles de gestion'!$D$2:$F$121,3, FALSE) -> Le champ "Code emploi statutaire FPT (NET)" est renseigné si le "Type d'organisme d'origine" est valorisé à FPT. | BX2: POS_C_036 | BY2: =VLOOKUP(BX2,'Axe 2 Règles de gestion'!$D$2:$F$121,3, FALSE) -> Le champ "Code emploi statutaire FPH (NEH)" est renseigné si le "Type d'organisme d'origine" est valorisé à FPH. | BZ2: POS_C_111 | CA2: =VLOOKUP(BZ2,'Axe 2 Règles de gestion'!$D$2:$F$121,3, FALSE) -> La date de fin ou la date de fin prévisionnelle doit être saisie.
A3: 25.00.00 | B3: A | C3: 45807.449 | D3: D0004 | E3: Position | F3: S0009 | G3: Détachement entrant/sortant | H3: E0136 | I3: Détachement entrant sur demande auprès d'une administration, d'un office ou d'un EP de l'Etat conduisant à pension | J3: Position administrative Saisie égale à 'Détachement entrant sur demande auprès d'une administration ou d'un EP de l'Etat conduisant à pension' ET Indicateur de maintien saisi = Non | K3: A_POS_POSIAD [Saisi] = 'DEE01' ET A_POS_SITPAR [Saisi] = Vide ET A_POS_INDMAI [Saisi] = '0' | L3: T0390 | M3: Détachement entrant sur demande auprès d'une administration, d'un office ou d'un EP de l'Etat conduisant à pension - Demande | N3: Création Modification | O3: Indicateur de renouvellement saisi = Non ET (Indicateur de renouvellement saisi différent d'Indicateur de renouvellement avant saisi OU Indicateur de maintien saisi différent de Indicateur de maintien avant saisi) | P3: A_POS_INDREN [Saisi] = '0' ET (A_POS_INDREN [Saisi] <> A_POS_INDREN [Valeur avant saisie] OU A_POS_INDMAI [Saisi] <> A_POS_INDMAI [Valeur avant saisie]) | Q3: Titulaire ou magistrat | R3: P0001 | S3: Général | T3: Passant | U3: 43831 | W3: DEE_I_002 ET DEE_I_003 ET DEE_I_004 ET DEE_I_046 ET DEE_I_047 ET DEE_I_048 ET DEE_I_100 ET DEE_I_101 ET DEE_I_102 ET DEE_D_010 ET DEE_D_410 ET DEE_D_520 ET DEE_D_920 ET DEE_D_011 ET DEE_D_411 ET POS_C_004 ET POS_C_005 ET POS_C_007 ET POS_C_010 ET POS_C_012 ET POS_C_013 ET POS_C_022 ET POS_C_030 ET POS_C_031 ET POS_C_034 ET POS_C_035 ET POS_C_036 ET POS_C_111 | X3: DEE_I_002 | Y3: =VLOOKUP(X3,'Axe 2 Règles de gestion'!$D$2:$F$121,3, FALSE) -> L'agent doit détenir le titre ou le diplôme requis pour l'exercice des fonctions du corps d'accueil. | Z3: DEE_I_003 | AA3: =VLOOKUP(Z3,'Axe 2 Règles de gestion'!$D$2:$F$121,3, FALSE) -> L'agent doit formuler une demande. | AB3: DEE_I_004 | AC3: =VLOOKUP(AB3,'Axe 2 Règles de gestion'!$D$2:$F$121,3, FALSE) -> L'accord de l'administration d'origine est nécessaire. | AD3: DEE_I_046 | AE3: =VLOOKUP(AD3,'Axe 2 Règles de gestion'!$D$2:$F$121,3, FALSE) -> Le détachement sur un emploi de direction comporte une période probatoire d'une durée maximale de 6 mois. | AF3: DEE_I_047 | AG3: =VLOOKUP(AF3,'Axe 2 Règles de gestion'!$D$2:$F$121,3, FALSE) -> Au cours de la période probatoire, l'autorité de recrutement, sur proposition de l'autorité dont relève l'emploi de direction, peut mettre fin au détachement pour tout motif et à tout moment, sans préavis ni indemnité. | AH3: DEE_I_048 | AI3: =VLOOKUP(AH3,'Axe 2 Règles de gestion'!$D$2:$F$121,3, FALSE) -> Cette décision de fin du détachement pendant la période probatoire ne peut intervenir qu'à l'issue d'un entretien préalable et doit être notifiée à l'agent sur emploi de direction. | AJ3: DEE_I_100 | AK3: =VLOOKUP(AJ3,'Axe 2 Règles de gestion'!$D$2:$F$121,3, FALSE) -> L'agent peut être détaché dans un corps ou un cadre d'emplois de même catégorie et de niveau comparable à celui de son corps ou cadre d'emplois d'origine. | AL3: DEE_I_101 | AM3: =VLOOKUP(AL3,'Axe 2 Règles de gestion'!$D$2:$F$121,3, FALSE) -> Toutefois, l'agent dont au moins l'un des grades d'avancement de son corps ou cadre d'emplois est accessible par la voie d'un concours de recrutement peut être détaché dans un corps ou cadre d'emplois de niveau différent. | AN3: DEE_I_102 | AO3: =VLOOKUP(AN3,'Axe 2 Règles de gestion'!$D$2:$F$121,3, FALSE) -> Lorsque le corps ou cadre d'emplois d'origine ou le corps ou cadre d'emplois d'accueil ne relève pas d'une catégorie, le détachement s'effectue entre corps et cadres d'emplois de niveau comparable. | AP3: DEE_D_010 | AQ3: =VLOOKUP(AP3,'Axe 2 Règles de gestion'!$D$2:$F$121,3, FALSE) -> Un détachement de courte durée à l'étranger ou dans les TOM ne peut excéder 1 an entre la date de début et la date de fin prévisionnelle. | AR3: DEE_D_410 | AS3: =VLOOKUP(AR3,'Axe 2 Règles de gestion'!$D$2:$F$121,3, FALSE) -> Un détachement de courte durée à l'étranger ou dans les TOM ne peut excéder 1 an entre la date de début et la date de fin réelle. | AT3: DEE_D_520 | AU3: =VLOOKUP(AT3,'Axe 2 Règles de gestion'!$D$2:$F$121,3, FALSE) -> Un détachement de courte durée n'ayant pas lieu à l'étranger ou dans les TOM ne peut excéder six mois entre la date de début et la date de fin prévisionnelle. | AV3: DEE_D_920 | AW3: =VLOOKUP(AV3,'Axe 2 Règles de gestion'!$D$2:$F$121,3, FALSE) -> Un détachement de courte durée n'ayant pas lieu à l'étranger ou dans les TOM ne peut excéder six mois entre la date de début et la date de fin réelle. | AX3: DEE_D_011 | AY3: =VLOOKUP(AX3,'Axe 2 Règles de gestion'!$D$2:$F$121,3, FALSE) -> Un détachement de longue durée ne peut excéder 5 ans entre la date de début et la date de fin prévisionnelle. | AZ3: DEE_D_411 | BA3: =VLOOKUP(AZ3,'Axe 2 Règles de gestion'!$D$2:$F$121,3, FALSE) -> Un détachement de longue durée ne peut excéder 5 ans entre la date de début et la date de fin réelle. | BB3: POS_C_004 | BC3: =VLOOKUP(BB3,'Axe 2 Règles de gestion'!$D$2:$F$121,3, FALSE) -> La date de début de position doit être antérieure ou égale à la date de fin prévisionnelle de position. | BD3: POS_C_005 | BE3: =VLOOKUP(BD3,'Axe 2 Règles de gestion'!$D$2:$F$121,3, FALSE) -> La date de début de la position doit être postérieure ou égale à la date d'entrée dans la FPE ou dans la carrière militaire. | BF3: POS_C_007 | BG3: =VLOOKUP(BF3,'Axe 2 Règles de gestion'!$D$2:$F$121,3, FALSE) -> La date de fin réelle de la position doit être antérieure à la date limite de départ à la retraite. | BH3: POS_C_010 | BI3: =VLOOKUP(BH3,'Axe 2 Règles de gestion'!$D$2:$F$121,3, FALSE) -> La date de début de position doit être antérieure ou égale à la date de fin réelle de position. | BJ3: POS_C_012 | BK3: =VLOOKUP(BJ3,'Axe 2 Règles de gestion'!$D$2:$F$121,3, FALSE) -> La date de fin prévisionnelle de la position doit être antérieure à la date limite de départ à la retraite. | BL3: POS_C_013 | BM3: =VLOOKUP(BL3,'Axe 2 Règles de gestion'!$D$2:$F$121,3, FALSE) -> L'indicateur de carrière est sur la valeur "Accueil". | BN3: POS_C_022 | BO3: =VLOOKUP(BN3,'Axe 2 Règles de gestion'!$D$2:$F$121,3, FALSE) -> La date de début de position est à J+1 de la date de fin de position de l'occurrence précédente. | BP3: POS_C_030 | BQ3: =VLOOKUP(BP3,'Axe 2 Règles de gestion'!$D$2:$F$121,3, FALSE) -> Les champs "Type d'organisme d'origine", "Catégorie statutaire d'origine" et "Pays" de l'organisme d'origine doivent être renseignés. | BR3: POS_C_031 | BS3: =VLOOKUP(BR3,'Axe 2 Règles de gestion'!$D$2:$F$121,3, FALSE) -> Les champs "Ministère (ou institution de la République) d'origine", "Corps d'origine", "Grade d'origine", "Echelon d'origine" sont renseignés si le "Type d'organisme d'origine" est valorisé à FPE. | BT3: POS_C_034 | BU3: =VLOOKUP(BT3,'Axe 2 Règles de gestion'!$D$2:$F$121,3, FALSE) -> Le champ "Organisme d'origine" doit être alimenté si le type d'organisme d'origine est égal à 'Autre organisme', 'Fonction publique d'un état de l'Union Européenne' ou 'Fonction publique Européenne'. | BV3: POS_C_035 | BW3: =VLOOKUP(BV3,'Axe 2 Règles de gestion'!$D$2:$F$121,3, FALSE) -> Le champ "Code emploi statutaire FPT (NET)" est renseigné si le "Type d'organisme d'origine" est valorisé à FPT. | BX3: POS_C_036 | BY3: =VLOOKUP(BX3,'Axe 2 Règles de gestion'!$D$2:$F$121,3, FALSE) -> Le champ "Code emploi statutaire FPH (NEH)" est renseigné si le "Type d'organisme d'origine" est valorisé à FPH. | BZ3: POS_C_111 | CA3: =VLOOKUP(BZ3,'Axe 2 Règles de gestion'!$D$2:$F$121,3, FALSE) -> La date de fin ou la date de fin prévisionnelle doit être saisie.
A4: 20.10.00 | B4: M | C4: 44071.418 | D4: D0004 | E4: Position | F4: S0009 | G4: Détachement entrant/sortant | H4: E0136 | I4: Détachement entrant sur demande auprès d'une administration, d'un office ou d'un EP de l'Etat conduisant à pension | J4: Position administrative Saisie égale à 'Détachement entrant sur demande auprès d'une administration ou d'un EP de l'Etat conduisant à pension' ET Indicateur de maintien saisi = Non | K4: A_POS_POSIAD [Saisi] = 'DEE01' ET A_POS_SITPAR [Saisi] = Vide ET A_POS_INDMAI [Saisi] = '0' | L4: T0391 | M4: Détachement entrant sur demande auprès d'une administration, d'un office ou d'un EP de l'Etat conduisant à pension - Renouvellement | N4: Création Modification | O4: Indicateur de renouvellement saisi = Oui ET (Indicateur de renouvellement saisi différent d'Indicateur de renouvellement avant saisi OU Indicateur de maintien saisi différent de Indicateur de maintien avant saisi) | P4: A_POS_INDREN [Saisi] = '1' ET (A_POS_INDREN [Saisi] <> A_POS_INDREN [Valeur avant saisie] OU A_POS_INDMAI [Saisi] <> A_POS_INDMAI [Valeur avant saisie]) | Q4: Titulaire ou magistrat | R4: P0001 | S4: Général | T4: Passant | U4: 40725 | V4: 43830 | W4: DEE_I_011 ET DEE_I_012 ET DEE_D_011 ET DEE_D_411 ET DEE_D_030 ET POS_C_004 ET POS_C_005 ET POS_C_007 ET POS_C_010 ET POS_C_012 ET POS_C_013 ET POS_C_022 ET POS_C_030 ET POS_C_031 ET POS_C_034 ET POS_C_035 ET POS_C_036 ET POS_C_111 | X4: DEE_I_011 | Y4: =VLOOKUP(X4,'Axe 2 Règles de gestion'!$D$2:$F$121,3, FALSE) -> L'agent doit formuler une demande de renouvellement à son administration d'origine 3 mois au moins avant l'expiration de la période de détachement de longue durée. | Z4: DEE_I_012 | AA4: =VLOOKUP(Z4,'Axe 2 Règles de gestion'!$D$2:$F$121,3, FALSE) -> L'organisme d'accueil adresse sa décision à l'agent et à l'administration d'origine 2 mois au moins avant l'expiration de la période de détachement. | AP4: DEE_D_011 | AQ4: =VLOOKUP(AP4,'Axe 2 Règles de gestion'!$D$2:$F$121,3, FALSE) -> Un détachement de longue durée ne peut excéder 5 ans entre la date de début et la date de fin prévisionnelle. | AR4: DEE_D_411 | AS4: =VLOOKUP(AR4,'Axe 2 Règles de gestion'!$D$2:$F$121,3, FALSE) -> Un détachement de longue durée ne peut excéder 5 ans entre la date de début et la date de fin réelle. | AT4: DEE_D_030 | AU4: =VLOOKUP(AT4,'Axe 2 Règles de gestion'!$D$2:$F$121,3, FALSE) -> Le renouvellement d'un détachement de courte durée est interdit. | BB4: POS_C_004 | BC4: =VLOOKUP(BB4,'Axe 2 Règles de gestion'!$D$2:$F$121,3, FALSE) -> La date de début de position doit être antérieure ou égale à la date de fin prévisionnelle de position. | BD4: POS_C_005 | BE4: =VLOOKUP(BD4,'Axe 2 Règles de gestion'!$D$2:$F$121,3, FALSE) -> La date de début de la position doit être postérieure ou égale à la date d'entrée dans la FPE ou dans la carrière militaire. | BF4: POS_C_007 | BG4: =VLOOKUP(BF4,'Axe 2 Règles de gestion'!$D$2:$F$121,3, FALSE) -> La date de fin réelle de la position doit être antérieure à la date limite de départ à la retraite. | BH4: POS_C_010 | BI4: =VLOOKUP(BH4,'Axe 2 Règles de gestion'!$D$2:$F$121,3, FALSE) -> La date de début de position doit être antérieure ou égale à la date de fin réelle de position. | BJ4: POS_C_012 | BK4: =VLOOKUP(BJ4,'Axe 2 Règles de gestion'!$D$2:$F$121,3, FALSE) -> La date de fin prévisionnelle de la position doit être antérieure à la date limite de départ à la retraite. | BL4: POS_C_013 | BM4: =VLOOKUP(BL4,'Axe 2 Règles de gestion'!$D$2:$F$121,3, FALSE) -> L'indicateur de carrière est sur la valeur "Accueil". | BN4: POS_C_022 | BO4: =VLOOKUP(BN4,'Axe 2 Règles de gestion'!$D$2:$F$121,3, FALSE) -> La date de début de position est à J+1 de la date de fin de position de l'occurrence précédente. | BP4: POS_C_030 | BQ4: =VLOOKUP(BP4,'Axe 2 Règles de gestion'!$D$2:$F$121,3, FALSE) -> Les champs "Type d'organisme d'origine", "Catégorie statutaire d'origine" et "Pays" de l'organisme d'origine doivent être renseignés. | BR4: POS_C_031 | BS4: =VLOOKUP(BR4,'Axe 2 Règles de gestion'!$D$2:$F$121,3, FALSE) -> Les champs "Ministère (ou institution de la République) d'origine", "Corps d'origine", "Grade d'origine", "Echelon d'origine" sont renseignés si le "Type d'organisme d'origine" est valorisé à FPE. | BT4: POS_C_034 | BU4: =VLOOKUP(BT4,'Axe 2 Règles de gestion'!$D$2:$F$121,3, FALSE) -> Le champ "Organisme d'origine" doit être alimenté si le type d'organisme d'origine est égal à 'Autre organisme', 'Fonction publique d'un état de l'Union Européenne' ou 'Fonction publique Européenne'. | BV4: POS_C_035 | BW4: =VLOOKUP(BV4,'Axe 2 Règles de gestion'!$D$2:$F$121,3, FALSE) -> Le champ "Code emploi statutaire FPT (NET)" est renseigné si le "Type d'organisme d'origine" est valorisé à FPT. | BX4: POS_C_036 | BY4: =VLOOKUP(BX4,'Axe 2 Règles de gestion'!$D$2:$F$121,3, FALSE) -> Le champ "Code emploi statutaire FPH (NEH)" est renseigné si le "Type d'organisme d'origine" est valorisé à FPH. | BZ4: POS_C_111 | CA4: =VLOOKUP(BZ4,'Axe 2 Règles de gestion'!$D$2:$F$121,3, FALSE) -> La date de fin ou la date de fin prévisionnelle doit être saisie.
A5: 20.10.00 | B5: A | C5: 44071.422 | D5: D0004 | E5: Position | F5: S0009 | G5: Détachement entrant/sortant | H5: E0136 | I5: Détachement entrant sur demande auprès d'une administration, d'un office ou d'un EP de l'Etat conduisant à pension | J5: Position administrative Saisie égale à 'Détachement entrant sur demande auprès d'une administration ou d'un EP de l'Etat conduisant à pension' ET Indicateur de maintien saisi = Non | K5: A_POS_POSIAD [Saisi] = 'DEE01' ET A_POS_SITPAR [Saisi] = Vide ET A_POS_INDMAI [Saisi] = '0' | L5: T0391 | M5: Détachement entrant sur demande auprès d'une administration, d'un office ou d'un EP de l'Etat conduisant à pension - Renouvellement | N5: Création Modification | O5: Indicateur de renouvellement saisi = Oui ET (Indicateur de renouvellement saisi différent d'Indicateur de renouvellement avant saisi OU Indicateur de maintien saisi différent de Indicateur de maintien avant saisi) | P5: A_POS_INDREN [Saisi] = '1' ET (A_POS_INDREN [Saisi] <> A_POS_INDREN [Valeur avant saisie] OU A_POS_INDMAI [Saisi] <> A_POS_INDMAI [Valeur avant saisie]) | Q5: Titulaire ou magistrat | R5: P0001 | S5: Général | T5: Passant | U5: 43831 | W5: DEE_I_011 ET DEE_I_012 ET DEE_I_044 ET DEE_I_045 ET DEE_I_049 ET DEE_D_011 ET DEE_D_411 ET DEE_D_030 ET POS_C_004 ET POS_C_005 ET POS_C_007 ET POS_C_010 ET POS_C_012 ET POS_C_013 ET POS_C_022 ET POS_C_030 ET POS_C_031 ET POS_C_034 ET POS_C_035 ET POS_C_036 ET POS_C_111 | X5: DEE_I_011 | Y5: =VLOOKUP(X5,'Axe 2 Règles de gestion'!$D$2:$F$121,3, FALSE) -> L'agent doit formuler une demande de renouvellement à son administration d'origine 3 mois au moins avant l'expiration de la période de détachement de longue durée. | Z5: DEE_I_012 | AA5: =VLOOKUP(Z5,'Axe 2 Règles de gestion'!$D$2:$F$121,3, FALSE) -> L'organisme d'accueil adresse sa décision à l'agent et à l'administration d'origine 2 mois au moins avant l'expiration de la période de détachement. | AB5: DEE_I_044 | AC5: =VLOOKUP(AB5,'Axe 2 Règles de gestion'!$D$2:$F$121,3, FALSE) -> L'agent peut demander à être reconduit dans ses fonctions 3 mois au moins avant le terme de son détachement sur un emploi de direction. | AD5: DEE_I_045 | AE5: =VLOOKUP(AD5,'Axe 2 Règles de gestion'!$D$2:$F$121,3, FALSE) -> Au moins 2 mois avant le terme de son détachement, l'autorité dont relève l'emploi de direction notifie la décision à l'agent. | AF5: DEE_I_049 | AG5: =VLOOKUP(AF5,'Axe 2 Règles de gestion'!$D$2:$F$121,3, FALSE) -> La période probatoire ne s'applique pas en cas de reconduction de l'agent dans le même emploi de direction. | AP5: DEE_D_011 | AQ5: =VLOOKUP(AP5,'Axe 2 Règles de gestion'!$D$2:$F$121,3, FALSE) -> Un détachement de longue durée ne peut excéder 5 ans entre la date de début et la date de fin prévisionnelle. | AR5: DEE_D_411 | AS5: =VLOOKUP(AR5,'Axe 2 Règles de gestion'!$D$2:$F$121,3, FALSE) -> Un détachement de longue durée ne peut excéder 5 ans entre la date de début et la date de fin réelle. | AT5: DEE_D_030 | AU5: =VLOOKUP(AT5,'Axe 2 Règles de gestion'!$D$2:$F$121,3, FALSE) -> Le renouvellement d'un détachement de courte durée est interdit. | BB5: POS_C_004 | BC5: =VLOOKUP(BB5,'Axe 2 Règles de gestion'!$D$2:$F$121,3, FALSE) -> La date de début de position doit être antérieure ou égale à la date de fin prévisionnelle de position. | BD5: POS_C_005 | BE5: =VLOOKUP(BD5,'Axe 2 Règles de gestion'!$D$2:$F$121,3, FALSE) -> La date de début de la position doit être postérieure ou égale à la date d'entrée dans la FPE ou dans la carrière militaire. | BF5: POS_C_007 | BG5: =VLOOKUP(BF5,'Axe 2 Règles de gestion'!$D$2:$F$121,3, FALSE) -> La date de fin réelle de la position doit être antérieure à la date limite de départ à la retraite. | BH5: POS_C_010 | BI5: =VLOOKUP(BH5,'Axe 2 Règles de gestion'!$D$2:$F$121,3, FALSE) -> La date de début de position doit être antérieure ou égale à la date de fin réelle de position. | BJ5: POS_C_012 | BK5: =VLOOKUP(BJ5,'Axe 2 Règles de gestion'!$D$2:$F$121,3, FALSE) -> La date de fin prévisionnelle de la position doit être antérieure à la date limite de départ à la retraite. | BL5: POS_C_013 | BM5: =VLOOKUP(BL5,'Axe 2 Règles de gestion'!$D$2:$F$121,3, FALSE) -> L'indicateur de carrière est sur la valeur "Accueil". | BN5: POS_C_022 | BO5: =VLOOKUP(BN5,'Axe 2 Règles de gestion'!$D$2:$F$121,3, FALSE) -> La date de début de position est à J+1 de la date de fin de position de l'occurrence précédente. | BP5: POS_C_030 | BQ5: =VLOOKUP(BP5,'Axe 2 Règles de gestion'!$D$2:$F$121,3, FALSE) -> Les champs "Type d'organisme d'origine", "Catégorie statutaire d'origine" et "Pays" de l'organisme d'origine doivent être renseignés. | BR5: POS_C_031 | BS5: =VLOOKUP(BR5,'Axe 2 Règles de gestion'!$D$2:$F$121,3, FALSE) -> Les champs "Ministère (ou institution de la République) d'origine", "Corps d'origine", "Grade d'origine", "Echelon d'origine" sont renseignés si le "Type d'organisme d'origine" est valorisé à FPE. | BT5: POS_C_034 | BU5: =VLOOKUP(BT5,'Axe 2 Règles de gestion'!$D$2:$F$121,3, FALSE) -> Le champ "Organisme d'origine" doit être alimenté si le type d'organisme d'origine est égal à 'Autre organisme', 'Fonction publique d'un état de l'Union Européenne' ou 'Fonction publique Européenne'. | BV5: POS_C_035 | BW5: =VLOOKUP(BV5,'Axe 2 Règles de gestion'!$D$2:$F$121,3, FALSE) -> Le champ "Code emploi statutaire FPT (NET)" est renseigné si le "Type d'organisme d'origine" est valorisé à FPT. | BX5: POS_C_036 | BY5: =VLOOKUP(BX5,'Axe 2 Règles de gestion'!$D$2:$F$121,3, FALSE) -> Le champ "Code emploi statutaire FPH (NEH)" est renseigné si le "Type d'organisme d'origine" est valorisé à FPH. | BZ5: POS_C_111 | CA5: =VLOOKUP(BZ5,'Axe 2 Règles de gestion'!$D$2:$F$121,3, FALSE) -> La date de fin ou la date de fin prévisionnelle doit être saisie.
A6: 20.00.00 | B6: M | C6: 43850.552 | D6: D0004 | E6: Position | F6: S0009 | G6: Détachement entrant/sortant | H6: E0136 | I6: Détachement entrant sur demande auprès d'une administration, d'un office ou d'un EP de l'Etat conduisant à pension | J6: Position administrative Saisie égale à 'Détachement entrant sur demande auprès d'une administration ou d'un EP de l'Etat conduisant à pension' ET Indicateur de maintien saisi = Non | K6: A_POS_POSIAD [Saisi] = 'DEE01' ET A_POS_SITPAR [Saisi] = Vide ET A_POS_INDMAI [Saisi] = '0' | L6: T0392 | M6: Détachement entrant sur demande auprès d'une administration, d'un office ou d'un EP de l'Etat conduisant à pension - Réintégration | N6: Modification | O6: Indicateur de renouvellement saisi identique à Indicateur de renouvellement avant saisi ET Indicateur de maintien saisi identique à Indicateur de maintien avant saisi | P6: A_POS_INDREN [Saisi] = A_POS_INDREN [Valeur avant saisie] ET A_POS_INDMAI [Saisi] = A_POS_INDMAI [Valeur avant saisie] | Q6: Titulaire ou magistrat | R6: P0001 | S6: Général | T6: Passant | U6: 40725 | W6: DEE_I_018 ET DEE_I_026 ET DEE_I_016 ET DEE_I_012 ET DEE_I_017 ET DEE_I_037 ET DEE_D_010 ET DEE_D_410 ET DEE_D_520 ET DEE_D_920 ET DEE_D_011 ET DEE_D_411 ET POS_C_004 ET POS_C_007 ET POS_C_010 ET POS_C_012 ET POS_C_030 ET POS_C_031 ET POS_C_034 ET POS_C_035 ET POS_C_036 ET POS_C_111 | X6: DEE_I_018 | Y6: =VLOOKUP(X6,'Axe 2 Règles de gestion'!$D$2:$F$121,3, FALSE) -> Le détachement peut prendre fin de manière anticipée à l'initiative de l'administration d'accueil, de l'administration d'origine ou de l'agent. | Z6: DEE_I_026 | AA6: =VLOOKUP(Z6,'Axe 2 Règles de gestion'!$D$2:$F$121,3, FALSE) -> En cas de réintégration anticipée à l'initiative de l'organisme d'accueil, si l'administration d'origine ne peut pas réintégrer l'agent immédiatement, il reste en détachement jusqu'à ce qu'il soit réintégré à la première vacance. | AB6: DEE_I_016 | AC6: =VLOOKUP(AB6,'Axe 2 Règles de gestion'!$D$2:$F$121,3, FALSE) -> L'agent doit adresser une demande de réintégration à l'administration d'origine 3 mois au moins avant l'expiration de la période de détachement de longue durée. | AD6: DEE_I_012 | AE6: =VLOOKUP(AD6,'Axe 2 Règles de gestion'!$D$2:$F$121,3, FALSE) -> L'organisme d'accueil adresse sa décision à l'agent et à l'administration d'origine 2 mois au moins avant l'expiration de la période de détachement. | AF6: DEE_I_017 | AG6: =VLOOKUP(AF6,'Axe 2 Règles de gestion'!$D$2:$F$121,3, FALSE) -> Si l'agent n'adresse pas sa demande dans les délais, il est obligatoirement réintégré à la première vacance dans son corps d'origine et affecté à un emploi correspondant à son grade. | AH6: DEE_I_037 | AI6: =VLOOKUP(AH6,'Axe 2 Règles de gestion'!$D$2:$F$121,3, FALSE) -> Les dispositions relatives à la réintégration au terme d'un détachement de longue durée ne sont pas applicables aux préfets et sous-préfets. | AP6: DEE_D_010 | AQ6: =VLOOKUP(AP6,'Axe 2 Règles de gestion'!$D$2:$F$121,3, FALSE) -> Un détachement de courte durée à l'étranger ou dans les TOM ne peut excéder 1 an entre la date de début et la date de fin prévisionnelle. | AR6: DEE_D_410 | AS6: =VLOOKUP(AR6,'Axe 2 Règles de gestion'!$D$2:$F$121,3, FALSE) -> Un détachement de courte durée à l'étranger ou dans les TOM ne peut excéder 1 an entre la date de début et la date de fin réelle. | AT6: DEE_D_520 | AU6: =VLOOKUP(AT6,'Axe 2 Règles de gestion'!$D$2:$F$121,3, FALSE) -> Un détachement de courte durée n'ayant pas lieu à l'étranger ou dans les TOM ne peut excéder six mois entre la date de début et la date de fin prévisionnelle. | AV6: DEE_D_920 | AW6: =VLOOKUP(AV6,'Axe 2 Règles de gestion'!$D$2:$F$121,3, FALSE) -> Un détachement de courte durée n'ayant pas lieu à l'étranger ou dans les TOM ne peut excéder six mois entre la date de début et la date de fin réelle. | AX6: DEE_D_011 | AY6: =VLOOKUP(AX6,'Axe 2 Règles de gestion'!$D$2:$F$121,3, FALSE) -> Un détachement de longue durée ne peut excéder 5 ans entre la date de début et la date de fin prévisionnelle. | AZ6: DEE_D_411 | BA6: =VLOOKUP(AZ6,'Axe 2 Règles de gestion'!$D$2:$F$121,3, FALSE) -> Un détachement de longue durée ne peut excéder 5 ans entre la date de début et la date de fin réelle. | BB6: POS_C_004 | BC6: =VLOOKUP(BB6,'Axe 2 Règles de gestion'!$D$2:$F$121,3, FALSE) -> La date de début de position doit être antérieure ou égale à la date de fin prévisionnelle de position. | BD6: POS_C_007 | BE6: =VLOOKUP(BD6,'Axe 2 Règles de gestion'!$D$2:$F$121,3, FALSE) -> La date de fin réelle de la position doit être antérieure à la date limite de départ à la retraite. | BF6: POS_C_010 | BG6: =VLOOKUP(BF6,'Axe 2 Règles de gestion'!$D$2:$F$121,3, FALSE) -> La date de début de position doit être antérieure ou égale à la date de fin réelle de position. | BH6: POS_C_012 | BI6: =VLOOKUP(BH6,'Axe 2 Règles de gestion'!$D$2:$F$121,3, FALSE) -> La date de fin prévisionnelle de la position doit être antérieure à la date limite de départ à la retraite. | BJ6: POS_C_030 | BK6: =VLOOKUP(BJ6,'Axe 2 Règles de gestion'!$D$2:$F$121,3, FALSE) -> Les champs "Type d'organisme d'origine", "Catégorie statutaire d'origine" et "Pays" de l'organisme d'origine doivent être renseignés. | BL6: POS_C_031 | BM6: =VLOOKUP(BL6,'Axe 2 Règles de gestion'!$D$2:$F$121,3, FALSE) -> Les champs "Ministère (ou institution de la République) d'origine", "Corps d'origine", "Grade d'origine", "Echelon d'origine" sont renseignés si le "Type d'organisme d'origine" est valorisé à FPE. | BN6: POS_C_034 | BO6: =VLOOKUP(BN6,'Axe 2 Règles de gestion'!$D$2:$F$121,3, FALSE) -> Le champ "Organisme d'origine" doit être alimenté si le type d'organisme d'origine est égal à 'Autre organisme', 'Fonction publique d'un état de l'Union Européenne' ou 'Fonction publique Européenne'. | BP6: POS_C_035 | BQ6: =VLOOKUP(BP6,'Axe 2 Règles de gestion'!$D$2:$F$121,3, FALSE) -> Le champ "Code emploi statutaire FPT (NET)" est renseigné si le "Type d'organisme d'origine" est valorisé à FPT. | BR6: POS_C_036 | BS6: =VLOOKUP(BR6,'Axe 2 Règles de gestion'!$D$2:$F$121,3, FALSE) -> Le champ "Code emploi statutaire FPH (NEH)" est renseigné si le "Type d'organisme d'origine" est valorisé à FPH. | BT6: POS_C_111 | BU6: =VLOOKUP(BT6,'Axe 2 Règles de gestion'!$D$2:$F$121,3, FALSE) -> La date de fin ou la date de fin prévisionnelle doit être saisie.
A7: 17.10.00 | B7: A | C7: 43152.5 | D7: D0004 | E7: Position | F7: S0009 | G7: Détachement entrant/sortant | H7: E0136 | I7: Détachement entrant sur demande auprès d'une administration, d'un office ou d'un EP de l'Etat conduisant à pension | J7: Position administrative Saisie égale à 'Détachement entrant sur demande auprès d'une administration ou d'un EP de l'Etat conduisant à pension' ET Indicateur de maintien saisi = Non | K7: A_POS_POSIAD [Saisi] = 'DEE01' ET A_POS_SITPAR [Saisi] = Vide ET A_POS_INDMAI [Saisi] = '0' | L7: T0390 | M7: Détachement entrant sur demande auprès d'une administration, d'un office ou d'un EP de l'Etat conduisant à pension - Demande | N7: Création Modification | O7: Indicateur de renouvellement saisi = Non ET (Indicateur de renouvellement saisi différent d'Indicateur de renouvellement avant saisi OU Indicateur de maintien saisi différent de Indicateur de maintien avant saisi) | P7: A_POS_INDREN [Saisi] = '0' ET (A_POS_INDREN [Saisi] <> A_POS_INDREN [Valeur avant saisie] OU A_POS_INDMAI [Saisi] <> A_POS_INDMAI [Valeur avant saisie]) | Q7: Contractuel | R7: P0003 | S7: Général | T7: Exclu | U7: 40725
A8: 17.10.00 | B8: A | C8: 43152.5 | D8: D0004 | E8: Position | F8: S0009 | G8: Détachement entrant/sortant | H8: E0136 | I8: Détachement entrant sur demande auprès d'une administration, d'un office ou d'un EP de l'Etat conduisant à pension | J8: Position administrative Saisie égale à 'Détachement entrant sur demande auprès d'une administration ou d'un EP de l'Etat conduisant à pension' ET Indicateur de maintien saisi = Non | K8: A_POS_POSIAD [Saisi] = 'DEE01' ET A_POS_SITPAR [Saisi] = Vide ET A_POS_INDMAI [Saisi] = '0' | L8: T0391 | M8: Détachement entrant sur demande auprès d'une administration, d'un office ou d'un EP de l'Etat conduisant à pension - Renouvellement | N8: Création Modification | O8: Indicateur de renouvellement saisi = Oui ET (Indicateur de renouvellement saisi différent d'Indicateur de renouvellement avant saisi OU Indicateur de maintien saisi différent de Indicateur de maintien avant saisi) | P8: A_POS_INDREN [Saisi] = '1' ET (A_POS_INDREN [Saisi] <> A_POS_INDREN [Valeur avant saisie] OU A_POS_INDMAI [Saisi] <> A_POS_INDMAI [Valeur avant saisie]) | Q8: Contractuel | R8: P0003 | S8: Général | T8: Exclu | U8: 40725
A9: 17.10.00 | B9: A | C9: 43152.5 | D9: D0004 | E9: Position | F9: S0009 | G9: Détachement entrant/sortant | H9: E0136 | I9: Détachement entrant sur demande auprès d'une administration, d'un office ou d'un EP de l'Etat conduisant à pension | J9: Position administrative Saisie égale à 'Détachement entrant sur demande auprès d'une administration ou d'un EP de l'Etat conduisant à pension' ET Indicateur de maintien saisi = Non | K9: A_POS_POSIAD [Saisi] = 'DEE01' ET A_POS_SITPAR [Saisi] = Vide ET A_POS_INDMAI [Saisi] = '0' | L9: T0392 | M9: Détachement entrant sur demande auprès d'une administration, d'un office ou d'un EP de l'Etat conduisant à pension - Réintégration | N9: Modification | O9: Indicateur de renouvellement saisi identique à Indicateur de renouvellement avant saisi ET Indicateur de maintien saisi identique à Indicateur de maintien avant saisi | P9: A_POS_INDREN [Saisi] = A_POS_INDREN [Valeur avant saisie] ET A_POS_INDMAI [Saisi] = A_POS_INDMAI [Valeur avant saisie] | Q9: Contractuel | R9: P0003 | S9: Général | T9: Exclu | U9: 40725
A10: 17.10.00 | B10: A | C10: 43152.5 | D10: D0004 | E10: Position | F10: S0009 | G10: Détachement entrant/sortant | H10: E0136 | I10: Détachement entrant sur demande auprès d'une administration, d'un office ou d'un EP de l'Etat conduisant à pension | J10: Position administrative Saisie égale à 'Détachement entrant sur demande auprès d'une administration ou d'un EP de l'Etat conduisant à pension' ET Indicateur de maintien saisi = Non | K10: A_POS_POSIAD [Saisi] = 'DEE01' ET A_POS_SITPAR [Saisi] = Vide ET A_POS_INDMAI [Saisi] = '0' | L10: T0390 | M10: Détachement entrant sur demande auprès d'une administration, d'un office ou d'un EP de l'Etat conduisant à pension - Demande | N10: Création Modification | O10: Indicateur de renouvellement saisi = Non ET (Indicateur de renouvellement saisi différent d'Indicateur de renouvellement avant saisi OU Indicateur de maintien saisi différent de Indicateur de maintien avant saisi) | P10: A_POS_INDREN [Saisi] = '0' ET (A_POS_INDREN [Saisi] <> A_POS_INDREN [Valeur avant saisie] OU A_POS_INDMAI [Saisi] <> A_POS_INDMAI [Valeur avant saisie]) | Q10: Stagiaire ou auditeur ou élève | R10: P0004 | S10: Général | T10: Exclu | U10: 40725
A11: 17.10.00 | B11: A | C11: 43152.5 | D11: D0004 | E11: Position | F11: S0009 | G11: Détachement entrant/sortant | H11: E0136 | I11: Détachement entrant sur demande auprès d'une administration, d'un office ou d'un EP de l'Etat conduisant à pension | J11: Position administrative Saisie égale à 'Détachement entrant sur demande auprès d'une administration ou d'un EP de l'Etat conduisant à pension' ET Indicateur de maintien saisi = Non | K11: A_POS_POSIAD [Saisi] = 'DEE01' ET A_POS_SITPAR [Saisi] = Vide ET A_POS_INDMAI [Saisi] = '0' | L11: T0391 | M11: Détachement entrant sur demande auprès d'une administration, d'un office ou d'un EP de l'Etat conduisant à pension - Renouvellement | N11: Création Modification | O11: Indicateur de renouvellement saisi = Oui ET (Indicateur de renouvellement saisi différent d'Indicateur de renouvellement avant saisi OU Indicateur de maintien saisi différent de Indicateur de maintien avant saisi) | P11: A_POS_INDREN [Saisi] = '1' ET (A_POS_INDREN [Saisi] <> A_POS_INDREN [Valeur avant saisie] OU A_POS_INDMAI [Saisi] <> A_POS_INDMAI [Valeur avant saisie]) | Q11: Stagiaire ou auditeur ou élève | R11: P0004 | S11: Général | T11: Exclu | U11: 40725
A12: 17.10.00 | B12: A | C12: 43152.5 | D12: D0004 | E12: Position | F12: S0009 | G12: Détachement entrant/sortant | H12: E0136 | I12: Détachement entrant sur demande auprès d'une administration, d'un office ou d'un EP de l'Etat conduisant à pension | J12: Position administrative Saisie égale à 'Détachement entrant sur demande auprès d'une administration ou d'un EP de l'Etat conduisant à pension' ET Indicateur de maintien saisi = Non | K12: A_POS_POSIAD [Saisi] = 'DEE01' ET A_POS_SITPAR [Saisi] = Vide ET A_POS_INDMAI [Saisi] = '0' | L12: T0392 | M12: Détachement entrant sur demande auprès d'une administration, d'un office ou d'un EP de l'Etat conduisant à pension - Réintégration | N12: Modification | O12: Indicateur de renouvellement saisi identique à Indicateur de renouvellement avant saisi ET Indicateur de maintien saisi identique à Indicateur de maintien avant saisi | P12: A_POS_INDREN [Saisi] = A_POS_INDREN [Valeur avant saisie] ET A_POS_INDMAI [Saisi] = A_POS_INDMAI [Valeur avant saisie] | Q12: Stagiaire ou auditeur ou élève | R12: P0004 | S12: Général | T12: Exclu | U12: 40725
A13: 17.10.00 | B13: A | C13: 43152.5 | D13: D0004 | E13: Position | F13: S0009 | G13: Détachement entrant/sortant | H13: E0136 | I13: Détachement entrant sur demande auprès d'une administration, d'un office ou d'un EP de l'Etat conduisant à pension | J13: Position administrative Saisie égale à 'Détachement entrant sur demande auprès d'une administration ou d'un EP de l'Etat conduisant à pension' ET Indicateur de maintien saisi = Non | K13: A_POS_POSIAD [Saisi] = 'DEE01' ET A_POS_SITPAR [Saisi] = Vide ET A_POS_INDMAI [Saisi] = '0' | L13: T0390 | M13: Détachement entrant sur demande auprès d'une administration, d'un office ou d'un EP de l'Etat conduisant à pension - Demande | N13: Création Modification | O13: Indicateur de renouvellement saisi = Non ET (Indicateur de renouvellement saisi différent d'Indicateur de renouvellement avant saisi OU Indicateur de maintien saisi différent de Indicateur de maintien avant saisi) | P13: A_POS_INDREN [Saisi] = '0' ET (A_POS_INDREN [Saisi] <> A_POS_INDREN [Valeur avant saisie] OU A_POS_INDMAI [Saisi] <> A_POS_INDMAI [Valeur avant saisie]) | Q13: Ouvrier d'état | R13: P0005 | S13: Général | T13: Exclu | U13: 40725
A14: 17.10.00 | B14: A | C14: 43152.5 | D14: D0004 | E14: Position | F14: S0009 | G14: Détachement entrant/sortant | H14: E0136 | I14: Détachement entrant sur demande auprès d'une administration, d'un office ou d'un EP de l'Etat conduisant à pension | J14: Position administrative Saisie égale à 'Détachement entrant sur demande auprès d'une administration ou d'un EP de l'Etat conduisant à pension' ET Indicateur de maintien saisi = Non | K14: A_POS_POSIAD [Saisi] = 'DEE01' ET A_POS_SITPAR [Saisi] = Vide ET A_POS_INDMAI [Saisi] = '0' | L14: T0391 | M14: Détachement entrant sur demande auprès d'une administration, d'un office ou d'un EP de l'Etat conduisant à pension - Renouvellement | N14: Création Modification | O14: Indicateur de renouvellement saisi = Oui ET (Indicateur de renouvellement saisi différent d'Indicateur de renouvellement avant saisi OU Indicateur de maintien saisi différent de Indicateur de maintien avant saisi) | P14: A_POS_INDREN [Saisi] = '1' ET (A_POS_INDREN [Saisi] <> A_POS_INDREN [Valeur avant saisie] OU A_POS_INDMAI [Saisi] <> A_POS_INDMAI [Valeur avant saisie]) | Q14: Ouvrier d'état | R14: P0005 | S14: Général | T14: Exclu | U14: 40725
A15: 17.10.00 | B15: A | C15: 43152.5 | D15: D0004 | E15: Position | F15: S0009 | G15: Détachement entrant/sortant | H15: E0136 | I15: Détachement entrant sur demande auprès d'une administration, d'un office ou d'un EP de l'Etat conduisant à pension | J15: Position administrative Saisie égale à 'Détachement entrant sur demande auprès d'une administration ou d'un EP de l'Etat conduisant à pension' ET Indicateur de maintien saisi = Non | K15: A_POS_POSIAD [Saisi] = 'DEE01' ET A_POS_SITPAR [Saisi] = Vide ET A_POS_INDMAI [Saisi] = '0' | L15: T0392 | M15: Détachement entrant sur demande auprès d'une administration, d'un office ou d'un EP de l'Etat conduisant à pension - Réintégration | N15: Modification | O15: Indicateur de renouvellement saisi identique à Indicateur de renouvellement avant saisi ET Indicateur de maintien saisi identique à Indicateur de maintien avant saisi | P15: A_POS_INDREN [Saisi] = A_POS_INDREN [Valeur avant saisie] ET A_POS_INDMAI [Saisi] = A_POS_INDMAI [Valeur avant saisie] | Q15: Ouvrier d'état | R15: P0005 | S15: Général | T15: Exclu | U15: 40725
A16: 20.00.00 | B16: M | C16: 43850.552 | D16: D0004 | E16: Position | F16: S0009 | G16: Détachement entrant/sortant | H16: E0136 | I16: Détachement entrant sur demande auprès d'une administration, d'un office ou d'un EP de l'Etat conduisant à pension | J16: Position administrative Saisie égale à 'Détachement entrant sur demande auprès d'une administration ou d'un EP de l'Etat conduisant à pension' ET Indicateur de maintien saisi = Non | K16: A_POS_POSIAD [Saisi] = 'DEE01' ET A_POS_SITPAR [Saisi] = Vide ET A_POS_INDMAI [Saisi] = '0' | L16: T0390 | M16: Détachement entrant sur demande auprès d'une administration, d'un office ou d'un EP de l'Etat conduisant à pension - Demande | N16: Création Modification | O16: Indicateur de renouvellement saisi = Non ET (Indicateur de renouvellement saisi différent d'Indicateur de renouvellement avant saisi OU Indicateur de maintien saisi différent de Indicateur de maintien avant saisi) | P16: A_POS_INDREN [Saisi] = '0' ET (A_POS_INDREN [Saisi] <> A_POS_INDREN [Valeur avant saisie] OU A_POS_INDMAI [Saisi] <> A_POS_INDMAI [Valeur avant saisie]) | Q16: Préfet ou sous-préfet | R16: P0016 | S16: Particulier | T16: Passant | U16: 40725 | V16: 43830 | W16: DEE_I_002 ET DEE_I_003 ET DEE_I_006 ET DEE_I_004 ET DEE_D_505 ET DEE_D_011 ET DEE_D_411 ET POS_C_004 ET POS_C_005 ET POS_C_007 ET POS_C_010 ET POS_C_012 ET POS_C_013 ET POS_C_022 ET POS_C_030 ET POS_C_031 ET POS_C_034 ET POS_C_035 ET POS_C_036 ET POS_C_111 | X16: DEE_I_002 | Y16: =VLOOKUP(X16,'Axe 2 Règles de gestion'!$D$2:$F$121,3, FALSE) -> L'agent doit détenir le titre ou le diplôme requis pour l'exercice des fonctions du corps d'accueil. | Z16: DEE_I_003 | AA16: =VLOOKUP(Z16,'Axe 2 Règles de gestion'!$D$2:$F$121,3, FALSE) -> L'agent doit formuler une demande. | AB16: DEE_I_006 | AC16: =VLOOKUP(AB16,'Axe 2 Règles de gestion'!$D$2:$F$121,3, FALSE) -> Le détachement est accordé après avis des commissions administratives paritaires compétentes. | AD16: DEE_I_004 | AE16: =VLOOKUP(AD16,'Axe 2 Règles de gestion'!$D$2:$F$121,3, FALSE) -> L'accord de l'administration d'origine est nécessaire. | AP16: DEE_D_505 | AQ16: =VLOOKUP(AP16,'Axe 2 Règles de gestion'!$D$2:$F$121,3, FALSE) -> Le détachement de courte durée est interdit. | AR16: DEE_D_011 | AS16: =VLOOKUP(AR16,'Axe 2 Règles de gestion'!$D$2:$F$121,3, FALSE) -> Un détachement de longue durée ne peut excéder 5 ans entre la date de début et la date de fin prévisionnelle. | AT16: DEE_D_411 | AU16: =VLOOKUP(AT16,'Axe 2 Règles de gestion'!$D$2:$F$121,3, FALSE) -> Un détachement de longue durée ne peut excéder 5 ans entre la date de début et la date de fin réelle. | BB16: POS_C_004 | BC16: =VLOOKUP(BB16,'Axe 2 Règles de gestion'!$D$2:$F$121,3, FALSE) -> La date de début de position doit être antérieure ou égale à la date de fin prévisionnelle de position. | BD16: POS_C_005 | BE16: =VLOOKUP(BD16,'Axe 2 Règles de gestion'!$D$2:$F$121,3, FALSE) -> La date de début de la position doit être postérieure ou égale à la date d'entrée dans la FPE ou dans la carrière militaire. | BF16: POS_C_007 | BG16: =VLOOKUP(BF16,'Axe 2 Règles de gestion'!$D$2:$F$121,3, FALSE) -> La date de fin réelle de la position doit être antérieure à la date limite de départ à la retraite. | BH16: POS_C_010 | BI16: =VLOOKUP(BH16,'Axe 2 Règles de gestion'!$D$2:$F$121,3, FALSE) -> La date de début de position doit être antérieure ou égale à la date de fin réelle de position. | BJ16: POS_C_012 | BK16: =VLOOKUP(BJ16,'Axe 2 Règles de gestion'!$D$2:$F$121,3, FALSE) -> La date de fin prévisionnelle de la position doit être antérieure à la date limite de départ à la retraite. | BL16: POS_C_013 | BM16: =VLOOKUP(BL16,'Axe 2 Règles de gestion'!$D$2:$F$121,3, FALSE) -> L'indicateur de carrière est sur la valeur "Accueil". | BN16: POS_C_022 | BO16: =VLOOKUP(BN16,'Axe 2 Règles de gestion'!$D$2:$F$121,3, FALSE) -> La date de début de position est à J+1 de la date de fin de position de l'occurrence précédente. | BP16: POS_C_030 | BQ16: =VLOOKUP(BP16,'Axe 2 Règles de gestion'!$D$2:$F$121,3, FALSE) -> Les champs "Type d'organisme d'origine", "Catégorie statutaire d'origine" et "Pays" de l'organisme d'origine doivent être renseignés. | BR16: POS_C_031 | BS16: =VLOOKUP(BR16,'Axe 2 Règles de gestion'!$D$2:$F$121,3, FALSE) -> Les champs "Ministère (ou institution de la République) d'origine", "Corps d'origine", "Grade d'origine", "Echelon d'origine" sont renseignés si le "Type d'organisme d'origine" est valorisé à FPE. | BT16: POS_C_034 | BU16: =VLOOKUP(BT16,'Axe 2 Règles de gestion'!$D$2:$F$121,3, FALSE) -> Le champ "Organisme d'origine" doit être alimenté si le type d'organisme d'origine est égal à 'Autre organisme', 'Fonction publique d'un état de l'Union Européenne' ou 'Fonction publique Européenne'. | BV16: POS_C_035 | BW16: =VLOOKUP(BV16,'Axe 2 Règles de gestion'!$D$2:$F$121,3, FALSE) -> Le champ "Code emploi statutaire FPT (NET)" est renseigné si le "Type d'organisme d'origine" est valorisé à FPT. | BX16: POS_C_036 | BY16: =VLOOKUP(BX16,'Axe 2 Règles de gestion'!$D$2:$F$121,3, FALSE) -> Le champ "Code emploi statutaire FPH (NEH)" est renseigné si le "Type d'organisme d'origine" est valorisé à FPH. | BZ16: POS_C_111 | CA16: =VLOOKUP(BZ16,'Axe 2 Règles de gestion'!$D$2:$F$121,3, FALSE) -> La date de fin ou la date de fin prévisionnelle doit être saisie.
A17: 20.00.00 | B17: A | C17: 44012.455 | D17: D0004 | E17: Position | F17: S0009 | G17: Détachement entrant/sortant | H17: E0136 | I17: Détachement entrant sur demande auprès d'une administration, d'un office ou d'un EP de l'Etat conduisant à pension | J17: Position administrative Saisie égale à 'Détachement entrant sur demande auprès d'une administration ou d'un EP de l'Etat conduisant à pension' ET Indicateur de maintien saisi = Non | K17: A_POS_POSIAD [Saisi] = 'DEE01' ET A_POS_SITPAR [Saisi] = Vide ET A_POS_INDMAI [Saisi] = '0' | L17: T0390 | M17: Détachement entrant sur demande auprès d'une administration, d'un office ou d'un EP de l'Etat conduisant à pension - Demande | N17: Création Modification | O17: Indicateur de renouvellement saisi = Non ET (Indicateur de renouvellement saisi différent d'Indicateur de renouvellement avant saisi OU Indicateur de maintien saisi différent de Indicateur de maintien avant saisi) | P17: A_POS_INDREN [Saisi] = '0' ET (A_POS_INDREN [Saisi] <> A_POS_INDREN [Valeur avant saisie] OU A_POS_INDMAI [Saisi] <> A_POS_INDMAI [Valeur avant saisie]) | Q17: Préfet ou sous-préfet | R17: P0016 | S17: Particulier | T17: Passant | U17: 43831 | W17: DEE_I_002 ET DEE_I_003 ET DEE_I_004 ET DEE_D_505 ET DEE_D_011 ET DEE_D_411 ET POS_C_004 ET POS_C_005 ET POS_C_007 ET POS_C_010 ET POS_C_012 ET POS_C_013 ET POS_C_022 ET POS_C_030 ET POS_C_031 ET POS_C_034 ET POS_C_035 ET POS_C_036 ET POS_C_111 | X17: DEE_I_002 | Y17: =VLOOKUP(X17,'Axe 2 Règles de gestion'!$D$2:$F$121,3, FALSE) -> L'agent doit détenir le titre ou le diplôme requis pour l'exercice des fonctions du corps d'accueil. | Z17: DEE_I_003 | AA17: =VLOOKUP(Z17,'Axe 2 Règles de gestion'!$D$2:$F$121,3, FALSE) -> L'agent doit formuler une demande. | AB17: DEE_I_004 | AC17: =VLOOKUP(AB17,'Axe 2 Règles de gestion'!$D$2:$F$121,3, FALSE) -> L'accord de l'administration d'origine est nécessaire. | AP17: DEE_D_505 | AQ17: =VLOOKUP(AP17,'Axe 2 Règles de gestion'!$D$2:$F$121,3, FALSE) -> Le détachement de courte durée est interdit. | AR17: DEE_D_011 | AS17: =VLOOKUP(AR17,'Axe 2 Règles de gestion'!$D$2:$F$121,3, FALSE) -> Un détachement de longue durée ne peut excéder 5 ans entre la date de début et la date de fin prévisionnelle. | AT17: DEE_D_411 | AU17: =VLOOKUP(AT17,'Axe 2 Règles de gestion'!$D$2:$F$121,3, FALSE) -> Un détachement de longue durée ne peut excéder 5 ans entre la date de début et la date de fin réelle. | BB17: POS_C_004 | BC17: =VLOOKUP(BB17,'Axe 2 Règles de gestion'!$D$2:$F$121,3, FALSE) -> La date de début de position doit être antérieure ou égale à la date de fin prévisionnelle de position. | BD17: POS_C_005 | BE17: =VLOOKUP(BD17,'Axe 2 Règles de gestion'!$D$2:$F$121,3, FALSE) -> La date de début de la position doit être postérieure ou égale à la date d'entrée dans la FPE ou dans la carrière militaire. | BF17: POS_C_007 | BG17: =VLOOKUP(BF17,'Axe 2 Règles de gestion'!$D$2:$F$121,3, FALSE) -> La date de fin réelle de la position doit être antérieure à la date limite de départ à la retraite. | BH17: POS_C_010 | BI17: =VLOOKUP(BH17,'Axe 2 Règles de gestion'!$D$2:$F$121,3, FALSE) -> La date de début de position doit être antérieure ou égale à la date de fin réelle de position. | BJ17: POS_C_012 | BK17: =VLOOKUP(BJ17,'Axe 2 Règles de gestion'!$D$2:$F$121,3, FALSE) -> La date de fin prévisionnelle de la position doit être antérieure à la date limite de départ à la retraite. | BL17: POS_C_013 | BM17: =VLOOKUP(BL17,'Axe 2 Règles de gestion'!$D$2:$F$121,3, FALSE) -> L'indicateur de carrière est sur la valeur "Accueil". | BN17: POS_C_022 | BO17: =VLOOKUP(BN17,'Axe 2 Règles de gestion'!$D$2:$F$121,3, FALSE) -> La date de début de position est à J+1 de la date de fin de position de l'occurrence précédente. | BP17: POS_C_030 | BQ17: =VLOOKUP(BP17,'Axe 2 Règles de gestion'!$D$2:$F$121,3, FALSE) -> Les champs "Type d'organisme d'origine", "Catégorie statutaire d'origine" et "Pays" de l'organisme d'origine doivent être renseignés. | BR17: POS_C_031 | BS17: =VLOOKUP(BR17,'Axe 2 Règles de gestion'!$D$2:$F$121,3, FALSE) -> Les champs "Ministère (ou institution de la République) d'origine", "Corps d'origine", "Grade d'origine", "Echelon d'origine" sont renseignés si le "Type d'organisme d'origine" est valorisé à FPE. | BT17: POS_C_034 | BU17: =VLOOKUP(BT17,'Axe 2 Règles de gestion'!$D$2:$F$121,3, FALSE) -> Le champ "Organisme d'origine" doit être alimenté si le type d'organisme d'origine est égal à 'Autre organisme', 'Fonction publique d'un état de l'Union Européenne' ou 'Fonction publique Européenne'. | BV17: POS_C_035 | BW17: =VLOOKUP(BV17,'Axe 2 Règles de gestion'!$D$2:$F$121,3, FALSE) -> Le champ "Code emploi statutaire FPT (NET)" est renseigné si le "Type d'organisme d'origine" est valorisé à FPT. | BX17: POS_C_036 | BY17: =VLOOKUP(BX17,'Axe 2 Règles de gestion'!$D$2:$F$121,3, FALSE) -> Le champ "Code emploi statutaire FPH (NEH)" est renseigné si le "Type d'organisme d'origine" est valorisé à FPH. | BZ17: POS_C_111 | CA17: =VLOOKUP(BZ17,'Axe 2 Règles de gestion'!$D$2:$F$121,3, FALSE) -> La date de fin ou la date de fin prévisionnelle doit être saisie.
A18: 20.00.00 | B18: M | C18: 43850.552 | D18: D0004 | E18: Position | F18: S0009 | G18: Détachement entrant/sortant | H18: E0136 | I18: Détachement entrant sur demande auprès d'une administration, d'un office ou d'un EP de l'Etat conduisant à pension | J18: Position administrative Saisie égale à 'Détachement entrant sur demande auprès d'une administration ou d'un EP de l'Etat conduisant à pension' ET Indicateur de maintien saisi = Non | K18: A_POS_POSIAD [Saisi] = 'DEE01' ET A_POS_SITPAR [Saisi] = Vide ET A_POS_INDMAI [Saisi] = '0' | L18: T0391 | M18: Détachement entrant sur demande auprès d'une administration, d'un office ou d'un EP de l'Etat conduisant à pension - Renouvellement | N18: Création Modification | O18: Indicateur de renouvellement saisi = Oui ET (Indicateur de renouvellement saisi différent d'Indicateur de renouvellement avant saisi OU Indicateur de maintien saisi différent de Indicateur de maintien avant saisi) | P18: A_POS_INDREN [Saisi] = '1' ET (A_POS_INDREN [Saisi] <> A_POS_INDREN [Valeur avant saisie] OU A_POS_INDMAI [Saisi] <> A_POS_INDMAI [Valeur avant saisie]) | Q18: Préfet ou sous-préfet | R18: P0016 | S18: Particulier | T18: Passant | U18: 40725 | W18: DEE_I_011 ET DEE_I_012 ET DEE_D_011 ET DEE_D_411 ET POS_C_004 ET POS_C_005 ET POS_C_007 ET POS_C_010 ET POS_C_012 ET POS_C_013 ET POS_C_022 ET POS_C_030 ET POS_C_031 ET POS_C_034 ET POS_C_035 ET POS_C_036 ET POS_C_111 | X18: DEE_I_011 | Y18: =VLOOKUP(X18,'Axe 2 Règles de gestion'!$D$2:$F$121,3, FALSE) -> L'agent doit formuler une demande de renouvellement à son administration d'origine 3 mois au moins avant l'expiration de la période de détachement de longue durée. | Z18: DEE_I_012 | AA18: =VLOOKUP(Z18,'Axe 2 Règles de gestion'!$D$2:$F$121,3, FALSE) -> L'organisme d'accueil adresse sa décision à l'agent et à l'administration d'origine 2 mois au moins avant l'expiration de la période de détachement. | AP18: DEE_D_011 | AQ18: =VLOOKUP(AP18,'Axe 2 Règles de gestion'!$D$2:$F$121,3, FALSE) -> Un détachement de longue durée ne peut excéder 5 ans entre la date de début et la date de fin prévisionnelle. | AR18: DEE_D_411 | AS18: =VLOOKUP(AR18,'Axe 2 Règles de gestion'!$D$2:$F$121,3, FALSE) -> Un détachement de longue durée ne peut excéder 5 ans entre la date de début et la date de fin réelle. | BB18: POS_C_004 | BC18: =VLOOKUP(BB18,'Axe 2 Règles de gestion'!$D$2:$F$121,3, FALSE) -> La date de début de position doit être antérieure ou égale à la date de fin prévisionnelle de position. | BD18: POS_C_005 | BE18: =VLOOKUP(BD18,'Axe 2 Règles de gestion'!$D$2:$F$121,3, FALSE) -> La date de début de la position doit être postérieure ou égale à la date d'entrée dans la FPE ou dans la carrière militaire. | BF18: POS_C_007 | BG18: =VLOOKUP(BF18,'Axe 2 Règles de gestion'!$D$2:$F$121,3, FALSE) -> La date de fin réelle de la position doit être antérieure à la date limite de départ à la retraite. | BH18: POS_C_010 | BI18: =VLOOKUP(BH18,'Axe 2 Règles de gestion'!$D$2:$F$121,3, FALSE) -> La date de début de position doit être antérieure ou égale à la date de fin réelle de position. | BJ18: POS_C_012 | BK18: =VLOOKUP(BJ18,'Axe 2 Règles de gestion'!$D$2:$F$121,3, FALSE) -> La date de fin prévisionnelle de la position doit être antérieure à la date limite de départ à la retraite. | BL18: POS_C_013 | BM18: =VLOOKUP(BL18,'Axe 2 Règles de gestion'!$D$2:$F$121,3, FALSE) -> L'indicateur de carrière est sur la valeur "Accueil". | BN18: POS_C_022 | BO18: =VLOOKUP(BN18,'Axe 2 Règles de gestion'!$D$2:$F$121,3, FALSE) -> La date de début de position est à J+1 de la date de fin de position de l'occurrence précédente. | BP18: POS_C_030 | BQ18: =VLOOKUP(BP18,'Axe 2 Règles de gestion'!$D$2:$F$121,3, FALSE) -> Les champs "Type d'organisme d'origine", "Catégorie statutaire d'origine" et "Pays" de l'organisme d'origine doivent être renseignés. | BR18: POS_C_031 | BS18: =VLOOKUP(BR18,'Axe 2 Règles de gestion'!$D$2:$F$121,3, FALSE) -> Les champs "Ministère (ou institution de la République) d'origine", "Corps d'origine", "Grade d'origine", "Echelon d'origine" sont renseignés si le "Type d'organisme d'origine" est valorisé à FPE. | BT18: POS_C_034 | BU18: =VLOOKUP(BT18,'Axe 2 Règles de gestion'!$D$2:$F$121,3, FALSE) -> Le champ "Organisme d'origine" doit être alimenté si le type d'organisme d'origine est égal à 'Autre organisme', 'Fonction publique d'un état de l'Union Européenne' ou 'Fonction publique Européenne'. | BV18: POS_C_035 | BW18: =VLOOKUP(BV18,'Axe 2 Règles de gestion'!$D$2:$F$121,3, FALSE) -> Le champ "Code emploi statutaire FPT (NET)" est renseigné si le "Type d'organisme d'origine" est valorisé à FPT. | BX18: POS_C_036 | BY18: =VLOOKUP(BX18,'Axe 2 Règles de gestion'!$D$2:$F$121,3, FALSE) -> Le champ "Code emploi statutaire FPH (NEH)" est renseigné si le "Type d'organisme d'origine" est valorisé à FPH. | BZ18: POS_C_111 | CA18: =VLOOKUP(BZ18,'Axe 2 Règles de gestion'!$D$2:$F$121,3, FALSE) -> La date de fin ou la date de fin prévisionnelle doit être saisie.
A19: 20.00.00 | B19: M | C19: 43850.552 | D19: D0004 | E19: Position | F19: S0009 | G19: Détachement entrant/sortant | H19: E0136 | I19: Détachement entrant sur demande auprès d'une administration, d'un office ou d'un EP de l'Etat conduisant à pension | J19: Position administrative Saisie égale à 'Détachement entrant sur demande auprès d'une administration ou d'un EP de l'Etat conduisant à pension' ET Indicateur de maintien saisi = Non | K19: A_POS_POSIAD [Saisi] = 'DEE01' ET A_POS_SITPAR [Saisi] = Vide ET A_POS_INDMAI [Saisi] = '0' | L19: T0392 | M19: Détachement entrant sur demande auprès d'une administration, d'un office ou d'un EP de l'Etat conduisant à pension - Réintégration | N19: Modification | O19: Indicateur de renouvellement saisi identique à Indicateur de renouvellement avant saisi ET Indicateur de maintien saisi identique à Indicateur de maintien avant saisi | P19: A_POS_INDREN [Saisi] = A_POS_INDREN [Valeur avant saisie] ET A_POS_INDMAI [Saisi] = A_POS_INDMAI [Valeur avant saisie] | Q19: Préfet ou sous-préfet | R19: P0016 | S19: Particulier | T19: Passant | U19: 40725 | W19: DEE_I_018 ET DEE_I_026 ET DEE_I_016 ET DEE_I_012 ET DEE_I_017 ET DEE_I_037 ET DEE_D_505 ET DEE_D_011 ET DEE_D_411 ET POS_C_004 ET POS_C_007 ET POS_C_010 ET POS_C_012 ET POS_C_030 ET POS_C_031 ET POS_C_034 ET POS_C_035 ET POS_C_036 ET POS_C_111 | X19: DEE_I_018 | Y19: =VLOOKUP(X19,'Axe 2 Règles de gestion'!$D$2:$F$121,3, FALSE) -> Le détachement peut prendre fin de manière anticipée à l'initiative de l'administration d'accueil, de l'administration d'origine ou de l'agent. | Z19: DEE_I_026 | AA19: =VLOOKUP(Z19,'Axe 2 Règles de gestion'!$D$2:$F$121,3, FALSE) -> En cas de réintégration anticipée à l'initiative de l'organisme d'accueil, si l'administration d'origine ne peut pas réintégrer l'agent immédiatement, il reste en détachement jusqu'à ce qu'il soit réintégré à la première vacance. | AB19: DEE_I_016 | AC19: =VLOOKUP(AB19,'Axe 2 Règles de gestion'!$D$2:$F$121,3, FALSE) -> L'agent doit adresser une demande de réintégration à l'administration d'origine 3 mois au moins avant l'expiration de la période de détachement de longue durée. | AD19: DEE_I_012 | AE19: =VLOOKUP(AD19,'Axe 2 Règles de gestion'!$D$2:$F$121,3, FALSE) -> L'organisme d'accueil adresse sa décision à l'agent et à l'administration d'origine 2 mois au moins avant l'expiration de la période de détachement. | AF19: DEE_I_017 | AG19: =VLOOKUP(AF19,'Axe 2 Règles de gestion'!$D$2:$F$121,3, FALSE) -> Si l'agent n'adresse pas sa demande dans les délais, il est obligatoirement réintégré à la première vacance dans son corps d'origine et affecté à un emploi correspondant à son grade. | AH19: DEE_I_037 | AI19: =VLOOKUP(AH19,'Axe 2 Règles de gestion'!$D$2:$F$121,3, FALSE) -> Les dispositions relatives à la réintégration au terme d'un détachement de longue durée ne sont pas applicables aux préfets et sous-préfets. | AP19: DEE_D_505 | AQ19: =VLOOKUP(AP19,'Axe 2 Règles de gestion'!$D$2:$F$121,3, FALSE) -> Le détachement de courte durée est interdit. | AR19: DEE_D_011 | AS19: =VLOOKUP(AR19,'Axe 2 Règles de gestion'!$D$2:$F$121,3, FALSE) -> Un détachement de longue durée ne peut excéder 5 ans entre la date de début et la date de fin prévisionnelle. | AT19: DEE_D_411 | AU19: =VLOOKUP(AT19,'Axe 2 Règles de gestion'!$D$2:$F$121,3, FALSE) -> Un détachement de longue durée ne peut excéder 5 ans entre la date de début et la date de fin réelle. | BB19: POS_C_004 | BC19: =VLOOKUP(BB19,'Axe 2 Règles de gestion'!$D$2:$F$121,3, FALSE) -> La date de début de position doit être antérieure ou égale à la date de fin prévisionnelle de position. | BD19: POS_C_007 | BE19: =VLOOKUP(BD19,'Axe 2 Règles de gestion'!$D$2:$F$121,3, FALSE) -> La date de fin réelle de la position doit être antérieure à la date limite de départ à la retraite. | BF19: POS_C_010 | BG19: =VLOOKUP(BF19,'Axe 2 Règles de gestion'!$D$2:$F$121,3, FALSE) -> La date de début de position doit être antérieure ou égale à la date de fin réelle de position. | BH19: POS_C_012 | BI19: =VLOOKUP(BH19,'Axe 2 Règles de gestion'!$D$2:$F$121,3, FALSE) -> La date de fin prévisionnelle de la position doit être antérieure à la date limite de départ à la retraite. | BJ19: POS_C_030 | BK19: =VLOOKUP(BJ19,'Axe 2 Règles de gestion'!$D$2:$F$121,3, FALSE) -> Les champs "Type d'organisme d'origine", "Catégorie statutaire d'origine" et "Pays" de l'organisme d'origine doivent être renseignés. | BL19: POS_C_031 | BM19: =VLOOKUP(BL19,'Axe 2 Règles de gestion'!$D$2:$F$121,3, FALSE) -> Les champs "Ministère (ou institution de la République) d'origine", "Corps d'origine", "Grade d'origine", "Echelon d'origine" sont renseignés si le "Type d'organisme d'origine" est valorisé à FPE. | BN19: POS_C_034 | BO19: =VLOOKUP(BN19,'Axe 2 Règles de gestion'!$D$2:$F$121,3, FALSE) -> Le champ "Organisme d'origine" doit être alimenté si le type d'organisme d'origine est égal à 'Autre organisme', 'Fonction publique d'un état de l'Union Européenne' ou 'Fonction publique Européenne'. | BP19: POS_C_035 | BQ19: =VLOOKUP(BP19,'Axe 2 Règles de gestion'!$D$2:$F$121,3, FALSE) -> Le champ "Code emploi statutaire FPT (NET)" est renseigné si le "Type d'organisme d'origine" est valorisé à FPT. | BR19: POS_C_036 | BS19: =VLOOKUP(BR19,'Axe 2 Règles de gestion'!$D$2:$F$121,3, FALSE) -> Le champ "Code emploi statutaire FPH (NEH)" est renseigné si le "Type d'organisme d'origine" est valorisé à FPH. | BT19: POS_C_111 | BU19: =VLOOKUP(BT19,'Axe 2 Règles de gestion'!$D$2:$F$121,3, FALSE) -> La date de fin ou la date de fin prévisionnelle doit être saisie.
A20: 20.00.00 | B20: M | C20: 43850.552 | D20: D0004 | E20: Position | F20: S0009 | G20: Détachement entrant/sortant | H20: E0136 | I20: Détachement entrant sur demande auprès d'une administration, d'un office ou d'un EP de l'Etat conduisant à pension | J20: Position administrative Saisie égale à 'Détachement entrant sur demande auprès d'une administration ou d'un EP de l'Etat conduisant à pension' ET Indicateur de maintien saisi = Non | K20: A_POS_POSIAD [Saisi] = 'DEE01' ET A_POS_SITPAR [Saisi] = Vide ET A_POS_INDMAI [Saisi] = '0' | L20: T0390 | M20: Détachement entrant sur demande auprès d'une administration, d'un office ou d'un EP de l'Etat conduisant à pension - Demande | N20: Création Modification | O20: Indicateur de renouvellement saisi = Non ET (Indicateur de renouvellement saisi différent d'Indicateur de renouvellement avant saisi OU Indicateur de maintien saisi différent de Indicateur de maintien avant saisi) | P20: A_POS_INDREN [Saisi] = '0' ET (A_POS_INDREN [Saisi] <> A_POS_INDREN [Valeur avant saisie] OU A_POS_INDMAI [Saisi] <> A_POS_INDMAI [Valeur avant saisie]) | Q20: Inspecteur général de l'administration - Intérieur | R20: P0019 | S20: Particulier | T20: Passant | U20: 40725 | V20: 43830 | W20: DEE_I_002 ET DEE_I_003 ET DEE_I_006 ET DEE_I_004 ET DEE_D_074 ET DEE_D_474 ET DEE_D_505 ET POS_C_004 ET POS_C_005 ET POS_C_007 ET POS_C_010 ET POS_C_012 ET POS_C_013 ET POS_C_022 ET POS_C_030 ET POS_C_031 ET POS_C_034 ET POS_C_035 ET POS_C_036 ET POS_C_111 | X20: DEE_I_002 | Y20: =VLOOKUP(X20,'Axe 2 Règles de gestion'!$D$2:$F$121,3, FALSE) -> L'agent doit détenir le titre ou le diplôme requis pour l'exercice des fonctions du corps d'accueil. | Z20: DEE_I_003 | AA20: =VLOOKUP(Z20,'Axe 2 Règles de gestion'!$D$2:$F$121,3, FALSE) -> L'agent doit formuler une demande. | AB20: DEE_I_006 | AC20: =VLOOKUP(AB20,'Axe 2 Règles de gestion'!$D$2:$F$121,3, FALSE) -> Le détachement est accordé après avis des commissions administratives paritaires compétentes. | AD20: DEE_I_004 | AE20: =VLOOKUP(AD20,'Axe 2 Règles de gestion'!$D$2:$F$121,3, FALSE) -> L'accord de l'administration d'origine est nécessaire. | AP20: DEE_D_074 | AQ20: =VLOOKUP(AP20,'Axe 2 Règles de gestion'!$D$2:$F$121,3, FALSE) -> La durée de détachement ne peut pas excéder 6 ans entre la date de début et la date de fin prévisionnelle. | AR20: DEE_D_474 | AS20: =VLOOKUP(AR20,'Axe 2 Règles de gestion'!$D$2:$F$121,3, FALSE) -> La durée de détachement ne peut pas excéder 6 ans entre la date de début et la date de fin réelle. | AT20: DEE_D_505 | AU20: =VLOOKUP(AT20,'Axe 2 Règles de gestion'!$D$2:$F$121,3, FALSE) -> Le détachement de courte durée est interdit. | BB20: POS_C_004 | BC20: =VLOOKUP(BB20,'Axe 2 Règles de gestion'!$D$2:$F$121,3, FALSE) -> La date de début de position doit être antérieure ou égale à la date de fin prévisionnelle de position. | BD20: POS_C_005 | BE20: =VLOOKUP(BD20,'Axe 2 Règles de gestion'!$D$2:$F$121,3, FALSE) -> La date de début de la position doit être postérieure ou égale à la date d'entrée dans la FPE ou dans la carrière militaire. | BF20: POS_C_007 | BG20: =VLOOKUP(BF20,'Axe 2 Règles de gestion'!$D$2:$F$121,3, FALSE) -> La date de fin réelle de la position doit être antérieure à la date limite de départ à la retraite. | BH20: POS_C_010 | BI20: =VLOOKUP(BH20,'Axe 2 Règles de gestion'!$D$2:$F$121,3, FALSE) -> La date de début de position doit être antérieure ou égale à la date de fin réelle de position. | BJ20: POS_C_012 | BK20: =VLOOKUP(BJ20,'Axe 2 Règles de gestion'!$D$2:$F$121,3, FALSE) -> La date de fin prévisionnelle de la position doit être antérieure à la date limite de départ à la retraite. | BL20: POS_C_013 | BM20: =VLOOKUP(BL20,'Axe 2 Règles de gestion'!$D$2:$F$121,3, FALSE) -> L'indicateur de carrière est sur la valeur "Accueil". | BN20: POS_C_022 | BO20: =VLOOKUP(BN20,'Axe 2 Règles de gestion'!$D$2:$F$121,3, FALSE) -> La date de début de position est à J+1 de la date de fin de position de l'occurrence précédente. | BP20: POS_C_030 | BQ20: =VLOOKUP(BP20,'Axe 2 Règles de gestion'!$D$2:$F$121,3, FALSE) -> Les champs "Type d'organisme d'origine", "Catégorie statutaire d'origine" et "Pays" de l'organisme d'origine doivent être renseignés. | BR20: POS_C_031 | BS20: =VLOOKUP(BR20,'Axe 2 Règles de gestion'!$D$2:$F$121,3, FALSE) -> Les champs "Ministère (ou institution de la République) d'origine", "Corps d'origine", "Grade d'origine", "Echelon d'origine" sont renseignés si le "Type d'organisme d'origine" est valorisé à FPE. | BT20: POS_C_034 | BU20: =VLOOKUP(BT20,'Axe 2 Règles de gestion'!$D$2:$F$121,3, FALSE) -> Le champ "Organisme d'origine" doit être alimenté si le type d'organisme d'origine est égal à 'Autre organisme', 'Fonction publique d'un état de l'Union Européenne' ou 'Fonction publique Européenne'. | BV20: POS_C_035 | BW20: =VLOOKUP(BV20,'Axe 2 Règles de gestion'!$D$2:$F$121,3, FALSE) -> Le champ "Code emploi statutaire FPT (NET)" est renseigné si le "Type d'organisme d'origine" est valorisé à FPT. | BX20: POS_C_036 | BY20: =VLOOKUP(BX20,'Axe 2 Règles de gestion'!$D$2:$F$121,3, FALSE) -> Le champ "Code emploi statutaire FPH (NEH)" est renseigné si le "Type d'organisme d'origine" est valorisé à FPH. | BZ20: POS_C_111 | CA20: =VLOOKUP(BZ20,'Axe 2 Règles de gestion'!$D$2:$F$121,3, FALSE) -> La date de fin ou la date de fin prévisionnelle doit être saisie.
A21: 20.00.00 | B21: A | C21: 44012.456 | D21: D0004 | E21: Position | F21: S0009 | G21: Détachement entrant/sortant | H21: E0136 | I21: Détachement entrant sur demande auprès d'une administration, d'un office ou d'un EP de l'Etat conduisant à pension | J21: Position administrative Saisie égale à 'Détachement entrant sur demande auprès d'une administration ou d'un EP de l'Etat conduisant à pension' ET Indicateur de maintien saisi = Non | K21: A_POS_POSIAD [Saisi] = 'DEE01' ET A_POS_SITPAR [Saisi] = Vide ET A_POS_INDMAI [Saisi] = '0' | L21: T0390 | M21: Détachement entrant sur demande auprès d'une administration, d'un office ou d'un EP de l'Etat conduisant à pension - Demande | N21: Création Modification | O21: Indicateur de renouvellement saisi = Non ET (Indicateur de renouvellement saisi différent d'Indicateur de renouvellement avant saisi OU Indicateur de maintien saisi différent de Indicateur de maintien avant saisi) | P21: A_POS_INDREN [Saisi] = '0' ET (A_POS_INDREN [Saisi] <> A_POS_INDREN [Valeur avant saisie] OU A_POS_INDMAI [Saisi] <> A_POS_INDMAI [Valeur avant saisie]) | Q21: Inspecteur général de l'administration - Intérieur | R21: P0019 | S21: Particulier | T21: Passant | U21: 43831 | W21: DEE_I_002 ET DEE_I_003 ET DEE_I_004 ET DEE_D_074 ET DEE_D_474 ET DEE_D_505 ET POS_C_004 ET POS_C_005 ET POS_C_007 ET POS_C_010 ET POS_C_012 ET POS_C_013 ET POS_C_022 ET POS_C_030 ET POS_C_031 ET POS_C_034 ET POS_C_035 ET POS_C_036 ET POS_C_111 | X21: DEE_I_002 | Y21: =VLOOKUP(X21,'Axe 2 Règles de gestion'!$D$2:$F$121,3, FALSE) -> L'agent doit détenir le titre ou le diplôme requis pour l'exercice des fonctions du corps d'accueil. | Z21: DEE_I_003 | AA21: =VLOOKUP(Z21,'Axe 2 Règles de gestion'!$D$2:$F$121,3, FALSE) -> L'agent doit formuler une demande. | AB21: DEE_I_004 | AC21: =VLOOKUP(AB21,'Axe 2 Règles de gestion'!$D$2:$F$121,3, FALSE) -> L'accord de l'administration d'origine est nécessaire. | AP21: DEE_D_074 | AQ21: =VLOOKUP(AP21,'Axe 2 Règles de gestion'!$D$2:$F$121,3, FALSE) -> La durée de détachement ne peut pas excéder 6 ans entre la date de début et la date de fin prévisionnelle. | AR21: DEE_D_474 | AS21: =VLOOKUP(AR21,'Axe 2 Règles de gestion'!$D$2:$F$121,3, FALSE) -> La durée de détachement ne peut pas excéder 6 ans entre la date de début et la date de fin réelle. | AT21: DEE_D_505 | AU21: =VLOOKUP(AT21,'Axe 2 Règles de gestion'!$D$2:$F$121,3, FALSE) -> Le détachement de courte durée est interdit. | BB21: POS_C_004 | BC21: =VLOOKUP(BB21,'Axe 2 Règles de gestion'!$D$2:$F$121,3, FALSE) -> La date de début de position doit être antérieure ou égale à la date de fin prévisionnelle de position. | BD21: POS_C_005 | BE21: =VLOOKUP(BD21,'Axe 2 Règles de gestion'!$D$2:$F$121,3, FALSE) -> La date de début de la position doit être postérieure ou égale à la date d'entrée dans la FPE ou dans la carrière militaire. | BF21: POS_C_007 | BG21: =VLOOKUP(BF21,'Axe 2 Règles de gestion'!$D$2:$F$121,3, FALSE) -> La date de fin réelle de la position doit être antérieure à la date limite de départ à la retraite. | BH21: POS_C_010 | BI21: =VLOOKUP(BH21,'Axe 2 Règles de gestion'!$D$2:$F$121,3, FALSE) -> La date de début de position doit être antérieure ou égale à la date de fin réelle de position. | BJ21: POS_C_012 | BK21: =VLOOKUP(BJ21,'Axe 2 Règles de gestion'!$D$2:$F$121,3, FALSE) -> La date de fin prévisionnelle de la position doit être antérieure à la date limite de départ à la retraite. | BL21: POS_C_013 | BM21: =VLOOKUP(BL21,'Axe 2 Règles de gestion'!$D$2:$F$121,3, FALSE) -> L'indicateur de carrière est sur la valeur "Accueil". | BN21: POS_C_022 | BO21: =VLOOKUP(BN21,'Axe 2 Règles de gestion'!$D$2:$F$121,3, FALSE) -> La date de début de position est à J+1 de la date de fin de position de l'occurrence précédente. | BP21: POS_C_030 | BQ21: =VLOOKUP(BP21,'Axe 2 Règles de gestion'!$D$2:$F$121,3, FALSE) -> Les champs "Type d'organisme d'origine", "Catégorie statutaire d'origine" et "Pays" de l'organisme d'origine doivent être renseignés. | BR21: POS_C_031 | BS21: =VLOOKUP(BR21,'Axe 2 Règles de gestion'!$D$2:$F$121,3, FALSE) -> Les champs "Ministère (ou institution de la République) d'origine", "Corps d'origine", "Grade d'origine", "Echelon d'origine" sont renseignés si le "Type d'organisme d'origine" est valorisé à FPE. | BT21: POS_C_034 | BU21: =VLOOKUP(BT21,'Axe 2 Règles de gestion'!$D$2:$F$121,3, FALSE) -> Le champ "Organisme d'origine" doit être alimenté si le type d'organisme d'origine est égal à 'Autre organisme', 'Fonction publique d'un état de l'Union Européenne' ou 'Fonction publique Européenne'. | BV21: POS_C_035 | BW21: =VLOOKUP(BV21,'Axe 2 Règles de gestion'!$D$2:$F$121,3, FALSE) -> Le champ "Code emploi statutaire FPT (NET)" est renseigné si le "Type d'organisme d'origine" est valorisé à FPT. | BX21: POS_C_036 | BY21: =VLOOKUP(BX21,'Axe 2 Règles de gestion'!$D$2:$F$121,3, FALSE) -> Le champ "Code emploi statutaire FPH (NEH)" est renseigné si le "Type d'organisme d'origine" est valorisé à FPH. | BZ21: POS_C_111 | CA21: =VLOOKUP(BZ21,'Axe 2 Règles de gestion'!$D$2:$F$121,3, FALSE) -> La date de fin ou la date de fin prévisionnelle doit être saisie.
A22: 20.00.00 | B22: M | C22: 43850.552 | D22: D0004 | E22: Position | F22: S0009 | G22: Détachement entrant/sortant | H22: E0136 | I22: Détachement entrant sur demande auprès d'une administration, d'un office ou d'un EP de l'Etat conduisant à pension | J22: Position administrative Saisie égale à 'Détachement entrant sur demande auprès d'une administration ou d'un EP de l'Etat conduisant à pension' ET Indicateur de maintien saisi = Non | K22: A_POS_POSIAD [Saisi] = 'DEE01' ET A_POS_SITPAR [Saisi] = Vide ET A_POS_INDMAI [Saisi] = '0' | L22: T0391 | M22: Détachement entrant sur demande auprès d'une administration, d'un office ou d'un EP de l'Etat conduisant à pension - Renouvellement | N22: Création Modification | O22: Indicateur de renouvellement saisi = Oui ET (Indicateur de renouvellement saisi différent d'Indicateur de renouvellement avant saisi OU Indicateur de maintien saisi différent de Indicateur de maintien avant saisi) | P22: A_POS_INDREN [Saisi] = '1' ET (A_POS_INDREN [Saisi] <> A_POS_INDREN [Valeur avant saisie] OU A_POS_INDMAI [Saisi] <> A_POS_INDMAI [Valeur avant saisie]) | Q22: Inspecteur général de l'administration - Intérieur | R22: P0019 | S22: Particulier | T22: Passant | U22: 40725 | W22: DEE_I_011 ET DEE_I_012 ET DEE_D_074 ET DEE_D_474 ET POS_C_004 ET POS_C_005 ET POS_C_007 ET POS_C_010 ET POS_C_012 ET POS_C_013 ET POS_C_022 ET POS_C_030 ET POS_C_031 ET POS_C_034 ET POS_C_035 ET POS_C_036 ET POS_C_111 | X22: DEE_I_011 | Y22: =VLOOKUP(X22,'Axe 2 Règles de gestion'!$D$2:$F$121,3, FALSE) -> L'agent doit formuler une demande de renouvellement à son administration d'origine 3 mois au moins avant l'expiration de la période de détachement de longue durée. | Z22: DEE_I_012 | AA22: =VLOOKUP(Z22,'Axe 2 Règles de gestion'!$D$2:$F$121,3, FALSE) -> L'organisme d'accueil adresse sa décision à l'agent et à l'administration d'origine 2 mois au moins avant l'expiration de la période de détachement. | AP22: DEE_D_074 | AQ22: =VLOOKUP(AP22,'Axe 2 Règles de gestion'!$D$2:$F$121,3, FALSE) -> La durée de détachement ne peut pas excéder 6 ans entre la date de début et la date de fin prévisionnelle. | AR22: DEE_D_474 | AS22: =VLOOKUP(AR22,'Axe 2 Règles de gestion'!$D$2:$F$121,3, FALSE) -> La durée de détachement ne peut pas excéder 6 ans entre la date de début et la date de fin réelle. | BB22: POS_C_004 | BC22: =VLOOKUP(BB22,'Axe 2 Règles de gestion'!$D$2:$F$121,3, FALSE) -> La date de début de position doit être antérieure ou égale à la date de fin prévisionnelle de position. | BD22: POS_C_005 | BE22: =VLOOKUP(BD22,'Axe 2 Règles de gestion'!$D$2:$F$121,3, FALSE) -> La date de début de la position doit être postérieure ou égale à la date d'entrée dans la FPE ou dans la carrière militaire. | BF22: POS_C_007 | BG22: =VLOOKUP(BF22,'Axe 2 Règles de gestion'!$D$2:$F$121,3, FALSE) -> La date de fin réelle de la position doit être antérieure à la date limite de départ à la retraite. | BH22: POS_C_010 | BI22: =VLOOKUP(BH22,'Axe 2 Règles de gestion'!$D$2:$F$121,3, FALSE) -> La date de début de position doit être antérieure ou égale à la date de fin réelle de position. | BJ22: POS_C_012 | BK22: =VLOOKUP(BJ22,'Axe 2 Règles de gestion'!$D$2:$F$121,3, FALSE) -> La date de fin prévisionnelle de la position doit être antérieure à la date limite de départ à la retraite. | BL22: POS_C_013 | BM22: =VLOOKUP(BL22,'Axe 2 Règles de gestion'!$D$2:$F$121,3, FALSE) -> L'indicateur de carrière est sur la valeur "Accueil". | BN22: POS_C_022 | BO22: =VLOOKUP(BN22,'Axe 2 Règles de gestion'!$D$2:$F$121,3, FALSE) -> La date de début de position est à J+1 de la date de fin de position de l'occurrence précédente. | BP22: POS_C_030 | BQ22: =VLOOKUP(BP22,'Axe 2 Règles de gestion'!$D$2:$F$121,3, FALSE) -> Les champs "Type d'organisme d'origine", "Catégorie statutaire d'origine" et "Pays" de l'organisme d'origine doivent être renseignés. | BR22: POS_C_031 | BS22: =VLOOKUP(BR22,'Axe 2 Règles de gestion'!$D$2:$F$121,3, FALSE) -> Les champs "Ministère (ou institution de la République) d'origine", "Corps d'origine", "Grade d'origine", "Echelon d'origine" sont renseignés si le "Type d'organisme d'origine" est valorisé à FPE. | BT22: POS_C_034 | BU22: =VLOOKUP(BT22,'Axe 2 Règles de gestion'!$D$2:$F$121,3, FALSE) -> Le champ "Organisme d'origine" doit être alimenté si le type d'organisme d'origine est égal à 'Autre organisme', 'Fonction publique d'un état de l'Union Européenne' ou 'Fonction publique Européenne'. | BV22: POS_C_035 | BW22: =VLOOKUP(BV22,'Axe 2 Règles de gestion'!$D$2:$F$121,3, FALSE) -> Le champ "Code emploi statutaire FPT (NET)" est renseigné si le "Type d'organisme d'origine" est valorisé à FPT. | BX22: POS_C_036 | BY22: =VLOOKUP(BX22,'Axe 2 Règles de gestion'!$D$2:$F$121,3, FALSE) -> Le champ "Code emploi statutaire FPH (NEH)" est renseigné si le "Type d'organisme d'origine" est valorisé à FPH. | BZ22: POS_C_111 | CA22: =VLOOKUP(BZ22,'Axe 2 Règles de gestion'!$D$2:$F$121,3, FALSE) -> La date de fin ou la date de fin prévisionnelle doit être saisie.
A23: 20.00.00 | B23: M | C23: 43850.552 | D23: D0004 | E23: Position | F23: S0009 | G23: Détachement entrant/sortant | H23: E0136 | I23: Détachement entrant sur demande auprès d'une administration, d'un office ou d'un EP de l'Etat conduisant à pension | J23: Position administrative Saisie égale à 'Détachement entrant sur demande auprès d'une administration ou d'un EP de l'Etat conduisant à pension' ET Indicateur de maintien saisi = Non | K23: A_POS_POSIAD [Saisi] = 'DEE01' ET A_POS_SITPAR [Saisi] = Vide ET A_POS_INDMAI [Saisi] = '0' | L23: T0392 | M23: Détachement entrant sur demande auprès d'une administration, d'un office ou d'un EP de l'Etat conduisant à pension - Réintégration | N23: Modification | O23: Indicateur de renouvellement saisi identique à Indicateur de renouvellement avant saisi ET Indicateur de maintien saisi identique à Indicateur de maintien avant saisi | P23: A_POS_INDREN [Saisi] = A_POS_INDREN [Valeur avant saisie] ET A_POS_INDMAI [Saisi] = A_POS_INDMAI [Valeur avant saisie] | Q23: Inspecteur général de l'administration - Intérieur | R23: P0019 | S23: Particulier | T23: Passant | U23: 40725 | W23: DEE_I_018 ET DEE_I_026 ET DEE_I_016 ET DEE_I_012 ET DEE_I_017 ET DEE_D_074 ET DEE_D_474 ET DEE_D_505 ET POS_C_004 ET POS_C_007 ET POS_C_010 ET POS_C_012 ET POS_C_030 ET POS_C_031 ET POS_C_034 ET POS_C_035 ET POS_C_036 ET POS_C_111 | X23: DEE_I_018 | Y23: =VLOOKUP(X23,'Axe 2 Règles de gestion'!$D$2:$F$121,3, FALSE) -> Le détachement peut prendre fin de manière anticipée à l'initiative de l'administration d'accueil, de l'administration d'origine ou de l'agent. | Z23: DEE_I_026 | AA23: =VLOOKUP(Z23,'Axe 2 Règles de gestion'!$D$2:$F$121,3, FALSE) -> En cas de réintégration anticipée à l'initiative de l'organisme d'accueil, si l'administration d'origine ne peut pas réintégrer l'agent immédiatement, il reste en détachement jusqu'à ce qu'il soit réintégré à la première vacance. | AB23: DEE_I_016 | AC23: =VLOOKUP(AB23,'Axe 2 Règles de gestion'!$D$2:$F$121,3, FALSE) -> L'agent doit adresser une demande de réintégration à l'administration d'origine 3 mois au moins avant l'expiration de la période de détachement de longue durée. | AD23: DEE_I_012 | AE23: =VLOOKUP(AD23,'Axe 2 Règles de gestion'!$D$2:$F$121,3, FALSE) -> L'organisme d'accueil adresse sa décision à l'agent et à l'administration d'origine 2 mois au moins avant l'expiration de la période de détachement. | AF23: DEE_I_017 | AG23: =VLOOKUP(AF23,'Axe 2 Règles de gestion'!$D$2:$F$121,3, FALSE) -> Si l'agent n'adresse pas sa demande dans les délais, il est obligatoirement réintégré à la première vacance dans son corps d'origine et affecté à un emploi correspondant à son grade. | AP23: DEE_D_074 | AQ23: =VLOOKUP(AP23,'Axe 2 Règles de gestion'!$D$2:$F$121,3, FALSE) -> La durée de détachement ne peut pas excéder 6 ans entre la date de début et la date de fin prévisionnelle. | AR23: DEE_D_474 | AS23: =VLOOKUP(AR23,'Axe 2 Règles de gestion'!$D$2:$F$121,3, FALSE) -> La durée de détachement ne peut pas excéder 6 ans entre la date de début et la date de fin réelle. | AT23: DEE_D_505 | AU23: =VLOOKUP(AT23,'Axe 2 Règles de gestion'!$D$2:$F$121,3, FALSE) -> Le détachement de courte durée est interdit. | BB23: POS_C_004 | BC23: =VLOOKUP(BB23,'Axe 2 Règles de gestion'!$D$2:$F$121,3, FALSE) -> La date de début de position doit être antérieure ou égale à la date de fin prévisionnelle de position. | BD23: POS_C_007 | BE23: =VLOOKUP(BD23,'Axe 2 Règles de gestion'!$D$2:$F$121,3, FALSE) -> La date de fin réelle de la position doit être antérieure à la date limite de départ à la retraite. | BF23: POS_C_010 | BG23: =VLOOKUP(BF23,'Axe 2 Règles de gestion'!$D$2:$F$121,3, FALSE) -> La date de début de position doit être antérieure ou égale à la date de fin réelle de position. | BH23: POS_C_012 | BI23: =VLOOKUP(BH23,'Axe 2 Règles de gestion'!$D$2:$F$121,3, FALSE) -> La date de fin prévisionnelle de la position doit être antérieure à la date limite de départ à la retraite. | BJ23: POS_C_030 | BK23: =VLOOKUP(BJ23,'Axe 2 Règles de gestion'!$D$2:$F$121,3, FALSE) -> Les champs "Type d'organisme d'origine", "Catégorie statutaire d'origine" et "Pays" de l'organisme d'origine doivent être renseignés. | BL23: POS_C_031 | BM23: =VLOOKUP(BL23,'Axe 2 Règles de gestion'!$D$2:$F$121,3, FALSE) -> Les champs "Ministère (ou institution de la République) d'origine", "Corps d'origine", "Grade d'origine", "Echelon d'origine" sont renseignés si le "Type d'organisme d'origine" est valorisé à FPE. | BN23: POS_C_034 | BO23: =VLOOKUP(BN23,'Axe 2 Règles de gestion'!$D$2:$F$121,3, FALSE) -> Le champ "Organisme d'origine" doit être alimenté si le type d'organisme d'origine est égal à 'Autre organisme', 'Fonction publique d'un état de l'Union Européenne' ou 'Fonction publique Européenne'. | BP23: POS_C_035 | BQ23: =VLOOKUP(BP23,'Axe 2 Règles de gestion'!$D$2:$F$121,3, FALSE) -> Le champ "Code emploi statutaire FPT (NET)" est renseigné si le "Type d'organisme d'origine" est valorisé à FPT. | BR23: POS_C_036 | BS23: =VLOOKUP(BR23,'Axe 2 Règles de gestion'!$D$2:$F$121,3, FALSE) -> Le champ "Code emploi statutaire FPH (NEH)" est renseigné si le "Type d'organisme d'origine" est valorisé à FPH. | BT23: POS_C_111 | BU23: =VLOOKUP(BT23,'Axe 2 Règles de gestion'!$D$2:$F$121,3, FALSE) -> La date de fin ou la date de fin prévisionnelle doit être saisie.
A24: 20.00.00 | B24: M | C24: 43850.552 | D24: D0004 | E24: Position | F24: S0009 | G24: Détachement entrant/sortant | H24: E0137 | I24: Détachement entrant/sortant sur demande auprès d'une administration, d'un office ou d'un EP de l'Etat conduisant à pension | J24: Position administrative Saisie égale à 'Détachement entrant/sortant sur demande auprès d'une administration ou d'un EP de l'Etat conduisant à pension' ET Indicateur de maintien saisi = Non | K24: A_POS_POSIAD [Saisi] = 'DES01' ET A_POS_SITPAR [Saisi] = Vide ET A_POS_INDMAI [Saisi] = '0' | L24: T0394 | M24: Détachement entrant/sortant sur demande auprès d'une administration, d'un office ou d'un EP de l'Etat conduisant à pension - Demande | N24: Création Modification | O24: Indicateur de renouvellement saisi = Non ET (Indicateur de renouvellement saisi différent d'Indicateur de renouvellement avant saisi OU Indicateur de maintien saisi différent de Indicateur de maintien avant saisi) | P24: A_POS_INDREN [Saisi] = '0' ET (A_POS_INDREN [Saisi] <> A_POS_INDREN [Valeur avant saisie] OU A_POS_INDMAI [Saisi] <> A_POS_INDMAI [Valeur avant saisie]) | Q24: Titulaire ou magistrat | R24: P0001 | S24: Général | T24: Passant | U24: 40725 | V24: 43830 | W24: DEE_I_002 ET DEE_I_003 ET DEE_I_006 ET DEE_I_004 ET DEE_D_010 ET DEE_D_410 ET DEE_D_520 ET DEE_D_920 ET DEE_D_011 ET DEE_D_411 ET POS_C_004 ET POS_C_005 ET POS_C_007 ET POS_C_010 ET POS_C_012 ET POS_C_013 ET POS_C_022 ET POS_C_030 ET POS_C_031 ET POS_C_034 ET POS_C_035 ET POS_C_036 ET POS_C_111 | X24: DEE_I_002 | Y24: =VLOOKUP(X24,'Axe 2 Règles de gestion'!$D$2:$F$121,3, FALSE) -> L'agent doit détenir le titre ou le diplôme requis pour l'exercice des fonctions du corps d'accueil. | Z24: DEE_I_003 | AA24: =VLOOKUP(Z24,'Axe 2 Règles de gestion'!$D$2:$F$121,3, FALSE) -> L'agent doit formuler une demande. | AB24: DEE_I_006 | AC24: =VLOOKUP(AB24,'Axe 2 Règles de gestion'!$D$2:$F$121,3, FALSE) -> Le détachement est accordé après avis des commissions administratives paritaires compétentes. | AD24: DEE_I_004 | AE24: =VLOOKUP(AD24,'Axe 2 Règles de gestion'!$D$2:$F$121,3, FALSE) -> L'accord de l'administration d'origine est nécessaire. | AP24: DEE_D_010 | AQ24: =VLOOKUP(AP24,'Axe 2 Règles de gestion'!$D$2:$F$121,3, FALSE) -> Un détachement de courte durée à l'étranger ou dans les TOM ne peut excéder 1 an entre la date de début et la date de fin prévisionnelle. | AR24: DEE_D_410 | AS24: =VLOOKUP(AR24,'Axe 2 Règles de gestion'!$D$2:$F$121,3, FALSE) -> Un détachement de courte durée à l'étranger ou dans les TOM ne peut excéder 1 an entre la date de début et la date de fin réelle. | AT24: DEE_D_520 | AU24: =VLOOKUP(AT24,'Axe 2 Règles de gestion'!$D$2:$F$121,3, FALSE) -> Un détachement de courte durée n'ayant pas lieu à l'étranger ou dans les TOM ne peut excéder six mois entre la date de début et la date de fin prévisionnelle. | AV24: DEE_D_920 | AW24: =VLOOKUP(AV24,'Axe 2 Règles de gestion'!$D$2:$F$121,3, FALSE) -> Un détachement de courte durée n'ayant pas lieu à l'étranger ou dans les TOM ne peut excéder six mois entre la date de début et la date de fin réelle. | AX24: DEE_D_011 | AY24: =VLOOKUP(AX24,'Axe 2 Règles de gestion'!$D$2:$F$121,3, FALSE) -> Un détachement de longue durée ne peut excéder 5 ans entre la date de début et la date de fin prévisionnelle. | AZ24: DEE_D_411 | BA24: =VLOOKUP(AZ24,'Axe 2 Règles de gestion'!$D$2:$F$121,3, FALSE) -> Un détachement de longue durée ne peut excéder 5 ans entre la date de début et la date de fin réelle. | BB24: POS_C_004 | BC24: =VLOOKUP(BB24,'Axe 2 Règles de gestion'!$D$2:$F$121,3, FALSE) -> La date de début de position doit être antérieure ou égale à la date de fin prévisionnelle de position. | BD24: POS_C_005 | BE24: =VLOOKUP(BD24,'Axe 2 Règles de gestion'!$D$2:$F$121,3, FALSE) -> La date de début de la position doit être postérieure ou égale à la date d'entrée dans la FPE ou dans la carrière militaire. | BF24: POS_C_007 | BG24: =VLOOKUP(BF24,'Axe 2 Règles de gestion'!$D$2:$F$121,3, FALSE) -> La date de fin réelle de la position doit être antérieure à la date limite de départ à la retraite. | BH24: POS_C_010 | BI24: =VLOOKUP(BH24,'Axe 2 Règles de gestion'!$D$2:$F$121,3, FALSE) -> La date de début de position doit être antérieure ou égale à la date de fin réelle de position. | BJ24: POS_C_012 | BK24: =VLOOKUP(BJ24,'Axe 2 Règles de gestion'!$D$2:$F$121,3, FALSE) -> La date de fin prévisionnelle de la position doit être antérieure à la date limite de départ à la retraite. | BL24: POS_C_013 | BM24: =VLOOKUP(BL24,'Axe 2 Règles de gestion'!$D$2:$F$121,3, FALSE) -> L'indicateur de carrière est sur la valeur "Accueil". | BN24: POS_C_022 | BO24: =VLOOKUP(BN24,'Axe 2 Règles de gestion'!$D$2:$F$121,3, FALSE) -> La date de début de position est à J+1 de la date de fin de position de l'occurrence précédente. | BP24: POS_C_030 | BQ24: =VLOOKUP(BP24,'Axe 2 Règles de gestion'!$D$2:$F$121,3, FALSE) -> Les champs "Type d'organisme d'origine", "Catégorie statutaire d'origine" et "Pays" de l'organisme d'origine doivent être renseignés. | BR24: POS_C_031 | BS24: =VLOOKUP(BR24,'Axe 2 Règles de gestion'!$D$2:$F$121,3, FALSE) -> Les champs "Ministère (ou institution de la République) d'origine", "Corps d'origine", "Grade d'origine", "Echelon d'origine" sont renseignés si le "Type d'organisme d'origine" est valorisé à FPE. | BT24: POS_C_034 | BU24: =VLOOKUP(BT24,'Axe 2 Règles de gestion'!$D$2:$F$121,3, FALSE) -> Le champ "Organisme d'origine" doit être alimenté si le type d'organisme d'origine est égal à 'Autre organisme', 'Fonction publique d'un état de l'Union Européenne' ou 'Fonction publique Européenne'. | BV24: POS_C_035 | BW24: =VLOOKUP(BV24,'Axe 2 Règles de gestion'!$D$2:$F$121,3, FALSE) -> Le champ "Code emploi statutaire FPT (NET)" est renseigné si le "Type d'organisme d'origine" est valorisé à FPT. | BX24: POS_C_036 | BY24: =VLOOKUP(BX24,'Axe 2 Règles de gestion'!$D$2:$F$121,3, FALSE) -> Le champ "Code emploi statutaire FPH (NEH)" est renseigné si le "Type d'organisme d'origine" est valorisé à FPH. | BZ24: POS_C_111 | CA24: =VLOOKUP(BZ24,'Axe 2 Règles de gestion'!$D$2:$F$121,3, FALSE) -> La date de fin ou la date de fin prévisionnelle doit être saisie.
A25: 25.00.00 | B25: A | C25: 45807.451 | D25: D0004 | E25: Position | F25: S0009 | G25: Détachement entrant/sortant | H25: E0137 | I25: Détachement entrant/sortant sur demande auprès d'une administration, d'un office ou d'un EP de l'Etat conduisant à pension | J25: Position administrative Saisie égale à 'Détachement entrant/sortant sur demande auprès d'une administration ou d'un EP de l'Etat conduisant à pension' ET Indicateur de maintien saisi = Non | K25: A_POS_POSIAD [Saisi] = 'DES01' ET A_POS_SITPAR [Saisi] = Vide ET A_POS_INDMAI [Saisi] = '0' | L25: T0394 | M25: Détachement entrant/sortant sur demande auprès d'une administration, d'un office ou d'un EP de l'Etat conduisant à pension - Demande | N25: Création Modification | O25: Indicateur de renouvellement saisi = Non ET (Indicateur de renouvellement saisi différent d'Indicateur de renouvellement avant saisi OU Indicateur de maintien saisi différent de Indicateur de maintien avant saisi) | P25: A_POS_INDREN [Saisi] = '0' ET (A_POS_INDREN [Saisi] <> A_POS_INDREN [Valeur avant saisie] OU A_POS_INDMAI [Saisi] <> A_POS_INDMAI [Valeur avant saisie]) | Q25: Titulaire ou magistrat | R25: P0001 | S25: Général | T25: Passant | U25: 43831 | W25: DEE_I_002 ET DEE_I_003 ET DEE_I_004 ET DEE_I_046 ET DEE_I_047 ET DEE_I_048 ET DEE_I_100 ET DEE_I_101 ET DEE_I_102 ET DEE_D_010 ET DEE_D_410 ET DEE_D_520 ET DEE_D_920 ET DEE_D_011 ET DEE_D_411 ET POS_C_004 ET POS_C_005 ET POS_C_007 ET POS_C_010 ET POS_C_012 ET POS_C_013 ET POS_C_022 ET POS_C_030 ET POS_C_031 ET POS_C_034 ET POS_C_035 ET POS_C_036 ET POS_C_111 | X25: DEE_I_002 | Y25: =VLOOKUP(X25,'Axe 2 Règles de gestion'!$D$2:$F$121,3, FALSE) -> L'agent doit détenir le titre ou le diplôme requis pour l'exercice des fonctions du corps d'accueil. | Z25: DEE_I_003 | AA25: =VLOOKUP(Z25,'Axe 2 Règles de gestion'!$D$2:$F$121,3, FALSE) -> L'agent doit formuler une demande. | AB25: DEE_I_004 | AC25: =VLOOKUP(AB25,'Axe 2 Règles de gestion'!$D$2:$F$121,3, FALSE) -> L'accord de l'administration d'origine est nécessaire. | AD25: DEE_I_046 | AE25: =VLOOKUP(AD25,'Axe 2 Règles de gestion'!$D$2:$F$121,3, FALSE) -> Le détachement sur un emploi de direction comporte une période probatoire d'une durée maximale de 6 mois. | AF25: DEE_I_047 | AG25: =VLOOKUP(AF25,'Axe 2 Règles de gestion'!$D$2:$F$121,3, FALSE) -> Au cours de la période probatoire, l'autorité de recrutement, sur proposition de l'autorité dont relève l'emploi de direction, peut mettre fin au détachement pour tout motif et à tout moment, sans préavis ni indemnité. | AH25: DEE_I_048 | AI25: =VLOOKUP(AH25,'Axe 2 Règles de gestion'!$D$2:$F$121,3, FALSE) -> Cette décision de fin du détachement pendant la période probatoire ne peut intervenir qu'à l'issue d'un entretien préalable et doit être notifiée à l'agent sur emploi de direction. | AJ25: DEE_I_100 | AK25: =VLOOKUP(AJ25,'Axe 2 Règles de gestion'!$D$2:$F$121,3, FALSE) -> L'agent peut être détaché dans un corps ou un cadre d'emplois de même catégorie et de niveau comparable à celui de son corps ou cadre d'emplois d'origine. | AL25: DEE_I_101 | AM25: =VLOOKUP(AL25,'Axe 2 Règles de gestion'!$D$2:$F$121,3, FALSE) -> Toutefois, l'agent dont au moins l'un des grades d'avancement de son corps ou cadre d'emplois est accessible par la voie d'un concours de recrutement peut être détaché dans un corps ou cadre d'emplois de niveau différent. | AN25: DEE_I_102 | AO25: =VLOOKUP(AN25,'Axe 2 Règles de gestion'!$D$2:$F$121,3, FALSE) -> Lorsque le corps ou cadre d'emplois d'origine ou le corps ou cadre d'emplois d'accueil ne relève pas d'une catégorie, le détachement s'effectue entre corps et cadres d'emplois de niveau comparable. | AP25: DEE_D_010 | AQ25: =VLOOKUP(AP25,'Axe 2 Règles de gestion'!$D$2:$F$121,3, FALSE) -> Un détachement de courte durée à l'étranger ou dans les TOM ne peut excéder 1 an entre la date de début et la date de fin prévisionnelle. | AR25: DEE_D_410 | AS25: =VLOOKUP(AR25,'Axe 2 Règles de gestion'!$D$2:$F$121,3, FALSE) -> Un détachement de courte durée à l'étranger ou dans les TOM ne peut excéder 1 an entre la date de début et la date de fin réelle. | AT25: DEE_D_520 | AU25: =VLOOKUP(AT25,'Axe 2 Règles de gestion'!$D$2:$F$121,3, FALSE) -> Un détachement de courte durée n'ayant pas lieu à l'étranger ou dans les TOM ne peut excéder six mois entre la date de début et la date de fin prévisionnelle. | AV25: DEE_D_920 | AW25: =VLOOKUP(AV25,'Axe 2 Règles de gestion'!$D$2:$F$121,3, FALSE) -> Un détachement de courte durée n'ayant pas lieu à l'étranger ou dans les TOM ne peut excéder six mois entre la date de début et la date de fin réelle. | AX25: DEE_D_011 | AY25: =VLOOKUP(AX25,'Axe 2 Règles de gestion'!$D$2:$F$121,3, FALSE) -> Un détachement de longue durée ne peut excéder 5 ans entre la date de début et la date de fin prévisionnelle. | AZ25: DEE_D_411 | BA25: =VLOOKUP(AZ25,'Axe 2 Règles de gestion'!$D$2:$F$121,3, FALSE) -> Un détachement de longue durée ne peut excéder 5 ans entre la date de début et la date de fin réelle. | BB25: POS_C_004 | BC25: =VLOOKUP(BB25,'Axe 2 Règles de gestion'!$D$2:$F$121,3, FALSE) -> La date de début de position doit être antérieure ou égale à la date de fin prévisionnelle de position. | BD25: POS_C_005 | BE25: =VLOOKUP(BD25,'Axe 2 Règles de gestion'!$D$2:$F$121,3, FALSE) -> La date de début de la position doit être postérieure ou égale à la date d'entrée dans la FPE ou dans la carrière militaire. | BF25: POS_C_007 | BG25: =VLOOKUP(BF25,'Axe 2 Règles de gestion'!$D$2:$F$121,3, FALSE) -> La date de fin réelle de la position doit être antérieure à la date limite de départ à la retraite. | BH25: POS_C_010 | BI25: =VLOOKUP(BH25,'Axe 2 Règles de gestion'!$D$2:$F$121,3, FALSE) -> La date de début de position doit être antérieure ou égale à la date de fin réelle de position. | BJ25: POS_C_012 | BK25: =VLOOKUP(BJ25,'Axe 2 Règles de gestion'!$D$2:$F$121,3, FALSE) -> La date de fin prévisionnelle de la position doit être antérieure à la date limite de départ à la retraite. | BL25: POS_C_013 | BM25: =VLOOKUP(BL25,'Axe 2 Règles de gestion'!$D$2:$F$121,3, FALSE) -> L'indicateur de carrière est sur la valeur "Accueil". | BN25: POS_C_022 | BO25: =VLOOKUP(BN25,'Axe 2 Règles de gestion'!$D$2:$F$121,3, FALSE) -> La date de début de position est à J+1 de la date de fin de position de l'occurrence précédente. | BP25: POS_C_030 | BQ25: =VLOOKUP(BP25,'Axe 2 Règles de gestion'!$D$2:$F$121,3, FALSE) -> Les champs "Type d'organisme d'origine", "Catégorie statutaire d'origine" et "Pays" de l'organisme d'origine doivent être renseignés. | BR25: POS_C_031 | BS25: =VLOOKUP(BR25,'Axe 2 Règles de gestion'!$D$2:$F$121,3, FALSE) -> Les champs "Ministère (ou institution de la République) d'origine", "Corps d'origine", "Grade d'origine", "Echelon d'origine" sont renseignés si le "Type d'organisme d'origine" est valorisé à FPE. | BT25: POS_C_034 | BU25: =VLOOKUP(BT25,'Axe 2 Règles de gestion'!$D$2:$F$121,3, FALSE) -> Le champ "Organisme d'origine" doit être alimenté si le type d'organisme d'origine est égal à 'Autre organisme', 'Fonction publique d'un état de l'Union Européenne' ou 'Fonction publique Européenne'. | BV25: POS_C_035 | BW25: =VLOOKUP(BV25,'Axe 2 Règles de gestion'!$D$2:$F$121,3, FALSE) -> Le champ "Code emploi statutaire FPT (NET)" est renseigné si le "Type d'organisme d'origine" est valorisé à FPT. | BX25: POS_C_036 | BY25: =VLOOKUP(BX25,'Axe 2 Règles de gestion'!$D$2:$F$121,3, FALSE) -> Le champ "Code emploi statutaire FPH (NEH)" est renseigné si le "Type d'organisme d'origine" est valorisé à FPH. | BZ25: POS_C_111 | CA25: =VLOOKUP(BZ25,'Axe 2 Règles de gestion'!$D$2:$F$121,3, FALSE) -> La date de fin ou la date de fin prévisionnelle doit être saisie.
A26: 20.10.00 | B26: M | C26: 43850.552 | D26: D0004 | E26: Position | F26: S0009 | G26: Détachement entrant/sortant | H26: E0137 | I26: Détachement entrant/sortant sur demande auprès d'une administration, d'un office ou d'un EP de l'Etat conduisant à pension | J26: Position administrative Saisie égale à 'Détachement entrant/sortant sur demande auprès d'une administration ou d'un EP de l'Etat conduisant à pension' ET Indicateur de maintien saisi = Non | K26: A_POS_POSIAD [Saisi] = 'DES01' ET A_POS_SITPAR [Saisi] = Vide ET A_POS_INDMAI [Saisi] = '0' | L26: T0395 | M26: Détachement entrant/sortant sur demande auprès d'une administration, d'un office ou d'un EP de l'Etat conduisant à pension - Renouvellement | N26: Création Modification | O26: Indicateur de renouvellement saisi = Oui ET (Indicateur de renouvellement saisi différent d'Indicateur de renouvellement avant saisi OU Indicateur de maintien saisi différent de Indicateur de maintien avant saisi) | P26: A_POS_INDREN [Saisi] = '1' ET (A_POS_INDREN [Saisi] <> A_POS_INDREN [Valeur avant saisie] OU A_POS_INDMAI [Saisi] <> A_POS_INDMAI [Valeur avant saisie]) | Q26: Titulaire ou magistrat | R26: P0001 | S26: Général | T26: Passant | U26: 40725 | V26: 43830 | W26: DEE_I_011 ET DEE_I_012 ET DEE_D_011 ET DEE_D_411 ET DEE_D_030 ET POS_C_004 ET POS_C_005 ET POS_C_007 ET POS_C_010 ET POS_C_012 ET POS_C_013 ET POS_C_022 ET POS_C_030 ET POS_C_031 ET POS_C_034 ET POS_C_035 ET POS_C_036 ET POS_C_111 | X26: DEE_I_011 | Y26: =VLOOKUP(X26,'Axe 2 Règles de gestion'!$D$2:$F$121,3, FALSE) -> L'agent doit formuler une demande de renouvellement à son administration d'origine 3 mois au moins avant l'expiration de la période de détachement de longue durée. | Z26: DEE_I_012 | AA26: =VLOOKUP(Z26,'Axe 2 Règles de gestion'!$D$2:$F$121,3, FALSE) -> L'organisme d'accueil adresse sa décision à l'agent et à l'administration d'origine 2 mois au moins avant l'expiration de la période de détachement. | AP26: DEE_D_011 | AQ26: =VLOOKUP(AP26,'Axe 2 Règles de gestion'!$D$2:$F$121,3, FALSE) -> Un détachement de longue durée ne peut excéder 5 ans entre la date de début et la date de fin prévisionnelle. | AR26: DEE_D_411 | AS26: =VLOOKUP(AR26,'Axe 2 Règles de gestion'!$D$2:$F$121,3, FALSE) -> Un détachement de longue durée ne peut excéder 5 ans entre la date de début et la date de fin réelle. | AT26: DEE_D_030 | AU26: =VLOOKUP(AT26,'Axe 2 Règles de gestion'!$D$2:$F$121,3, FALSE) -> Le renouvellement d'un détachement de courte durée est interdit. | BB26: POS_C_004 | BC26: =VLOOKUP(BB26,'Axe 2 Règles de gestion'!$D$2:$F$121,3, FALSE) -> La date de début de position doit être antérieure ou égale à la date de fin prévisionnelle de position. | BD26: POS_C_005 | BE26: =VLOOKUP(BD26,'Axe 2 Règles de gestion'!$D$2:$F$121,3, FALSE) -> La date de début de la position doit être postérieure ou égale à la date d'entrée dans la FPE ou dans la carrière militaire. | BF26: POS_C_007 | BG26: =VLOOKUP(BF26,'Axe 2 Règles de gestion'!$D$2:$F$121,3, FALSE) -> La date de fin réelle de la position doit être antérieure à la date limite de départ à la retraite. | BH26: POS_C_010 | BI26: =VLOOKUP(BH26,'Axe 2 Règles de gestion'!$D$2:$F$121,3, FALSE) -> La date de début de position doit être antérieure ou égale à la date de fin réelle de position. | BJ26: POS_C_012 | BK26: =VLOOKUP(BJ26,'Axe 2 Règles de gestion'!$D$2:$F$121,3, FALSE) -> La date de fin prévisionnelle de la position doit être antérieure à la date limite de départ à la retraite. | BL26: POS_C_013 | BM26: =VLOOKUP(BL26,'Axe 2 Règles de gestion'!$D$2:$F$121,3, FALSE) -> L'indicateur de carrière est sur la valeur "Accueil". | BN26: POS_C_022 | BO26: =VLOOKUP(BN26,'Axe 2 Règles de gestion'!$D$2:$F$121,3, FALSE) -> La date de début de position est à J+1 de la date de fin de position de l'occurrence précédente. | BP26: POS_C_030 | BQ26: =VLOOKUP(BP26,'Axe 2 Règles de gestion'!$D$2:$F$121,3, FALSE) -> Les champs "Type d'organisme d'origine", "Catégorie statutaire d'origine" et "Pays" de l'organisme d'origine doivent être renseignés. | BR26: POS_C_031 | BS26: =VLOOKUP(BR26,'Axe 2 Règles de gestion'!$D$2:$F$121,3, FALSE) -> Les champs "Ministère (ou institution de la République) d'origine", "Corps d'origine", "Grade d'origine", "Echelon d'origine" sont renseignés si le "Type d'organisme d'origine" est valorisé à FPE. | BT26: POS_C_034 | BU26: =VLOOKUP(BT26,'Axe 2 Règles de gestion'!$D$2:$F$121,3, FALSE) -> Le champ "Organisme d'origine" doit être alimenté si le type d'organisme d'origine est égal à 'Autre organisme', 'Fonction publique d'un état de l'Union Européenne' ou 'Fonction publique Européenne'. | BV26: POS_C_035 | BW26: =VLOOKUP(BV26,'Axe 2 Règles de gestion'!$D$2:$F$121,3, FALSE) -> Le champ "Code emploi statutaire FPT (NET)" est renseigné si le "Type d'organisme d'origine" est valorisé à FPT. | BX26: POS_C_036 | BY26: =VLOOKUP(BX26,'Axe 2 Règles de gestion'!$D$2:$F$121,3, FALSE) -> Le champ "Code emploi statutaire FPH (NEH)" est renseigné si le "Type d'organisme d'origine" est valorisé à FPH. | BZ26: POS_C_111 | CA26: =VLOOKUP(BZ26,'Axe 2 Règles de gestion'!$D$2:$F$121,3, FALSE) -> La date de fin ou la date de fin prévisionnelle doit être saisie.
A27: 20.10.00 | B27: A | C27: 44071.427 | D27: D0004 | E27: Position | F27: S0009 | G27: Détachement entrant/sortant | H27: E0137 | I27: Détachement entrant/sortant sur demande auprès d'une administration, d'un office ou d'un EP de l'Etat conduisant à pension | J27: Position administrative Saisie égale à 'Détachement entrant/sortant sur demande auprès d'une administration ou d'un EP de l'Etat conduisant à pension' ET Indicateur de maintien saisi = Non | K27: A_POS_POSIAD [Saisi] = 'DES01' ET A_POS_SITPAR [Saisi] = Vide ET A_POS_INDMAI [Saisi] = '0' | L27: T0395 | M27: Détachement entrant/sortant sur demande auprès d'une administration, d'un office ou d'un EP de l'Etat conduisant à pension - Renouvellement | N27: Création Modification | O27: Indicateur de renouvellement saisi = Oui ET (Indicateur de renouvellement saisi différent d'Indicateur de renouvellement avant saisi OU Indicateur de maintien saisi différent de Indicateur de maintien avant saisi) | P27: A_POS_INDREN [Saisi] = '1' ET (A_POS_INDREN [Saisi] <> A_POS_INDREN [Valeur avant saisie] OU A_POS_INDMAI [Saisi] <> A_POS_INDMAI [Valeur avant saisie]) | Q27: Titulaire ou magistrat | R27: P0001 | S27: Général | T27: Passant | U27: 43831 | W27: DEE_I_011 ET DEE_I_012 ET DEE_I_044 ET DEE_I_045 ET DEE_I_049 ET DEE_D_011 ET DEE_D_411 ET DEE_D_030 ET POS_C_004 ET POS_C_005 ET POS_C_007 ET POS_C_010 ET POS_C_012 ET POS_C_013 ET POS_C_022 ET POS_C_030 ET POS_C_031 ET POS_C_034 ET POS_C_035 ET POS_C_036 ET POS_C_111 | X27: DEE_I_011 | Y27: =VLOOKUP(X27,'Axe 2 Règles de gestion'!$D$2:$F$121,3, FALSE) -> L'agent doit formuler une demande de renouvellement à son administration d'origine 3 mois au moins avant l'expiration de la période de détachement de longue durée. | Z27: DEE_I_012 | AA27: =VLOOKUP(Z27,'Axe 2 Règles de gestion'!$D$2:$F$121,3, FALSE) -> L'organisme d'accueil adresse sa décision à l'agent et à l'administration d'origine 2 mois au moins avant l'expiration de la période de détachement. | AB27: DEE_I_044 | AC27: =VLOOKUP(AB27,'Axe 2 Règles de gestion'!$D$2:$F$121,3, FALSE) -> L'agent peut demander à être reconduit dans ses fonctions 3 mois au moins avant le terme de son détachement sur un emploi de direction. | AD27: DEE_I_045 | AE27: =VLOOKUP(AD27,'Axe 2 Règles de gestion'!$D$2:$F$121,3, FALSE) -> Au moins 2 mois avant le terme de son détachement, l'autorité dont relève l'emploi de direction notifie la décision à l'agent. | AF27: DEE_I_049 | AG27: =VLOOKUP(AF27,'Axe 2 Règles de gestion'!$D$2:$F$121,3, FALSE) -> La période probatoire ne s'applique pas en cas de reconduction de l'agent dans le même emploi de direction. | AP27: DEE_D_011 | AQ27: =VLOOKUP(AP27,'Axe 2 Règles de gestion'!$D$2:$F$121,3, FALSE) -> Un détachement de longue durée ne peut excéder 5 ans entre la date de début et la date de fin prévisionnelle. | AR27: DEE_D_411 | AS27: =VLOOKUP(AR27,'Axe 2 Règles de gestion'!$D$2:$F$121,3, FALSE) -> Un détachement de longue durée ne peut excéder 5 ans entre la date de début et la date de fin réelle. | AT27: DEE_D_030 | AU27: =VLOOKUP(AT27,'Axe 2 Règles de gestion'!$D$2:$F$121,3, FALSE) -> Le renouvellement d'un détachement de courte durée est interdit. | BB27: POS_C_004 | BC27: =VLOOKUP(BB27,'Axe 2 Règles de gestion'!$D$2:$F$121,3, FALSE) -> La date de début de position doit être antérieure ou égale à la date de fin prévisionnelle de position. | BD27: POS_C_005 | BE27: =VLOOKUP(BD27,'Axe 2 Règles de gestion'!$D$2:$F$121,3, FALSE) -> La date de début de la position doit être postérieure ou égale à la date d'entrée dans la FPE ou dans la carrière militaire. | BF27: POS_C_007 | BG27: =VLOOKUP(BF27,'Axe 2 Règles de gestion'!$D$2:$F$121,3, FALSE) -> La date de fin réelle de la position doit être antérieure à la date limite de départ à la retraite. | BH27: POS_C_010 | BI27: =VLOOKUP(BH27,'Axe 2 Règles de gestion'!$D$2:$F$121,3, FALSE) -> La date de début de position doit être antérieure ou égale à la date de fin réelle de position. | BJ27: POS_C_012 | BK27: =VLOOKUP(BJ27,'Axe 2 Règles de gestion'!$D$2:$F$121,3, FALSE) -> La date de fin prévisionnelle de la position doit être antérieure à la date limite de départ à la retraite. | BL27: POS_C_013 | BM27: =VLOOKUP(BL27,'Axe 2 Règles de gestion'!$D$2:$F$121,3, FALSE) -> L'indicateur de carrière est sur la valeur "Accueil". | BN27: POS_C_022 | BO27: =VLOOKUP(BN27,'Axe 2 Règles de gestion'!$D$2:$F$121,3, FALSE) -> La date de début de position est à J+1 de la date de fin de position de l'occurrence précédente. | BP27: POS_C_030 | BQ27: =VLOOKUP(BP27,'Axe 2 Règles de gestion'!$D$2:$F$121,3, FALSE) -> Les champs "Type d'organisme d'origine", "Catégorie statutaire d'origine" et "Pays" de l'organisme d'origine doivent être renseignés. | BR27: POS_C_031 | BS27: =VLOOKUP(BR27,'Axe 2 Règles de gestion'!$D$2:$F$121,3, FALSE) -> Les champs "Ministère (ou institution de la République) d'origine", "Corps d'origine", "Grade d'origine", "Echelon d'origine" sont renseignés si le "Type d'organisme d'origine" est valorisé à FPE. | BT27: POS_C_034 | BU27: =VLOOKUP(BT27,'Axe 2 Règles de gestion'!$D$2:$F$121,3, FALSE) -> Le champ "Organisme d'origine" doit être alimenté si le type d'organisme d'origine est égal à 'Autre organisme', 'Fonction publique d'un état de l'Union Européenne' ou 'Fonction publique Européenne'. | BV27: POS_C_035 | BW27: =VLOOKUP(BV27,'Axe 2 Règles de gestion'!$D$2:$F$121,3, FALSE) -> Le champ "Code emploi statutaire FPT (NET)" est renseigné si le "Type d'organisme d'origine" est valorisé à FPT. | BX27: POS_C_036 | BY27: =VLOOKUP(BX27,'Axe 2 Règles de gestion'!$D$2:$F$121,3, FALSE) -> Le champ "Code emploi statutaire FPH (NEH)" est renseigné si le "Type d'organisme d'origine" est valorisé à FPH. | BZ27: POS_C_111 | CA27: =VLOOKUP(BZ27,'Axe 2 Règles de gestion'!$D$2:$F$121,3, FALSE) -> La date de fin ou la date de fin prévisionnelle doit être saisie.
A28: 20.00.00 | B28: M | C28: 43850.552 | D28: D0004 | E28: Position | F28: S0009 | G28: Détachement entrant/sortant | H28: E0137 | I28: Détachement entrant/sortant sur demande auprès d'une administration, d'un office ou d'un EP de l'Etat conduisant à pension | J28: Position administrative Saisie égale à 'Détachement entrant/sortant sur demande auprès d'une administration ou d'un EP de l'Etat conduisant à pension' ET Indicateur de maintien saisi = Non | K28: A_POS_POSIAD [Saisi] = 'DES01' ET A_POS_SITPAR [Saisi] = Vide ET A_POS_INDMAI [Saisi] = '0' | L28: T0396 | M28: Détachement entrant/sortant sur demande auprès d'une administration, d'un office ou d'un EP de l'Etat conduisant à pension - Réintégration | N28: Modification | O28: Indicateur de renouvellement saisi identique à Indicateur de renouvellement avant saisi ET Indicateur de maintien saisi identique à Indicateur de maintien avant saisi | P28: A_POS_INDREN [Saisi] = A_POS_INDREN [Valeur avant saisie] ET A_POS_INDMAI [Saisi] = A_POS_INDMAI [Valeur avant saisie] | Q28: Titulaire ou magistrat | R28: P0001 | S28: Général | T28: Passant | U28: 40725 | W28: DEE_I_018 ET DEE_I_026 ET DEE_I_016 ET DEE_I_012 ET DEE_I_017 ET DEE_I_037 ET DEE_D_010 ET DEE_D_410 ET DEE_D_520 ET DEE_D_920 ET DEE_D_011 ET DEE_D_411 ET POS_C_004 ET POS_C_007 ET POS_C_010 ET POS_C_012 ET POS_C_030 ET POS_C_031 ET POS_C_034 ET POS_C_035 ET POS_C_036 ET POS_C_111 | X28: DEE_I_018 | Y28: =VLOOKUP(X28,'Axe 2 Règles de gestion'!$D$2:$F$121,3, FALSE) -> Le détachement peut prendre fin de manière anticipée à l'initiative de l'administration d'accueil, de l'administration d'origine ou de l'agent. | Z28: DEE_I_026 | AA28: =VLOOKUP(Z28,'Axe 2 Règles de gestion'!$D$2:$F$121,3, FALSE) -> En cas de réintégration anticipée à l'initiative de l'organisme d'accueil, si l'administration d'origine ne peut pas réintégrer l'agent immédiatement, il reste en détachement jusqu'à ce qu'il soit réintégré à la première vacance. | AB28: DEE_I_016 | AC28: =VLOOKUP(AB28,'Axe 2 Règles de gestion'!$D$2:$F$121,3, FALSE) -> L'agent doit adresser une demande de réintégration à l'administration d'origine 3 mois au moins avant l'expiration de la période de détachement de longue durée. | AD28: DEE_I_012 | AE28: =VLOOKUP(AD28,'Axe 2 Règles de gestion'!$D$2:$F$121,3, FALSE) -> L'organisme d'accueil adresse sa décision à l'agent et à l'administration d'origine 2 mois au moins avant l'expiration de la période de détachement. | AF28: DEE_I_017 | AG28: =VLOOKUP(AF28,'Axe 2 Règles de gestion'!$D$2:$F$121,3, FALSE) -> Si l'agent n'adresse pas sa demande dans les délais, il est obligatoirement réintégré à la première vacance dans son corps d'origine et affecté à un emploi correspondant à son grade. | AH28: DEE_I_037 | AI28: =VLOOKUP(AH28,'Axe 2 Règles de gestion'!$D$2:$F$121,3, FALSE) -> Les dispositions relatives à la réintégration au terme d'un détachement de longue durée ne sont pas applicables aux préfets et sous-préfets. | AP28: DEE_D_010 | AQ28: =VLOOKUP(AP28,'Axe 2 Règles de gestion'!$D$2:$F$121,3, FALSE) -> Un détachement de courte durée à l'étranger ou dans les TOM ne peut excéder 1 an entre la date de début et la date de fin prévisionnelle. | AR28: DEE_D_410 | AS28: =VLOOKUP(AR28,'Axe 2 Règles de gestion'!$D$2:$F$121,3, FALSE) -> Un détachement de courte durée à l'étranger ou dans les TOM ne peut excéder 1 an entre la date de début et la date de fin réelle. | AT28: DEE_D_520 | AU28: =VLOOKUP(AT28,'Axe 2 Règles de gestion'!$D$2:$F$121,3, FALSE) -> Un détachement de courte durée n'ayant pas lieu à l'étranger ou dans les TOM ne peut excéder six mois entre la date de début et la date de fin prévisionnelle. | AV28: DEE_D_920 | AW28: =VLOOKUP(AV28,'Axe 2 Règles de gestion'!$D$2:$F$121,3, FALSE) -> Un détachement de courte durée n'ayant pas lieu à l'étranger ou dans les TOM ne peut excéder six mois entre la date de début et la date de fin réelle. | AX28: DEE_D_011 | AY28: =VLOOKUP(AX28,'Axe 2 Règles de gestion'!$D$2:$F$121,3, FALSE) -> Un détachement de longue durée ne peut excéder 5 ans entre la date de début et la date de fin prévisionnelle. | AZ28: DEE_D_411 | BA28: =VLOOKUP(AZ28,'Axe 2 Règles de gestion'!$D$2:$F$121,3, FALSE) -> Un détachement de longue durée ne peut excéder 5 ans entre la date de début et la date de fin réelle. | BB28: POS_C_004 | BC28: =VLOOKUP(BB28,'Axe 2 Règles de gestion'!$D$2:$F$121,3, FALSE) -> La date de début de position doit être antérieure ou égale à la date de fin prévisionnelle de position. | BD28: POS_C_007 | BE28: =VLOOKUP(BD28,'Axe 2 Règles de gestion'!$D$2:$F$121,3, FALSE) -> La date de fin réelle de la position doit être antérieure à la date limite de départ à la retraite. | BF28: POS_C_010 | BG28: =VLOOKUP(BF28,'Axe 2 Règles de gestion'!$D$2:$F$121,3, FALSE) -> La date de début de position doit être antérieure ou égale à la date de fin réelle de position. | BH28: POS_C_012 | BI28: =VLOOKUP(BH28,'Axe 2 Règles de gestion'!$D$2:$F$121,3, FALSE) -> La date de fin prévisionnelle de la position doit être antérieure à la date limite de départ à la retraite. | BJ28: POS_C_030 | BK28: =VLOOKUP(BJ28,'Axe 2 Règles de gestion'!$D$2:$F$121,3, FALSE) -> Les champs "Type d'organisme d'origine", "Catégorie statutaire d'origine" et "Pays" de l'organisme d'origine doivent être renseignés. | BL28: POS_C_031 | BM28: =VLOOKUP(BL28,'Axe 2 Règles de gestion'!$D$2:$F$121,3, FALSE) -> Les champs "Ministère (ou institution de la République) d'origine", "Corps d'origine", "Grade d'origine", "Echelon d'origine" sont renseignés si le "Type d'organisme d'origine" est valorisé à FPE. | BN28: POS_C_034 | BO28: =VLOOKUP(BN28,'Axe 2 Règles de gestion'!$D$2:$F$121,3, FALSE) -> Le champ "Organisme d'origine" doit être alimenté si le type d'organisme d'origine est égal à 'Autre organisme', 'Fonction publique d'un état de l'Union Européenne' ou 'Fonction publique Européenne'. | BP28: POS_C_035 | BQ28: =VLOOKUP(BP28,'Axe 2 Règles de gestion'!$D$2:$F$121,3, FALSE) -> Le champ "Code emploi statutaire FPT (NET)" est renseigné si le "Type d'organisme d'origine" est valorisé à FPT. | BR28: POS_C_036 | BS28: =VLOOKUP(BR28,'Axe 2 Règles de gestion'!$D$2:$F$121,3, FALSE) -> Le champ "Code emploi statutaire FPH (NEH)" est renseigné si le "Type d'organisme d'origine" est valorisé à FPH. | BT28: POS_C_111 | BU28: =VLOOKUP(BT28,'Axe 2 Règles de gestion'!$D$2:$F$121,3, FALSE) -> La date de fin ou la date de fin prévisionnelle doit être saisie.
A29: 17.10.00 | B29: A | C29: 43152.5 | D29: D0004 | E29: Position | F29: S0009 | G29: Détachement entrant/sortant | H29: E0137 | I29: Détachement entrant/sortant sur demande auprès d'une administration, d'un office ou d'un EP de l'Etat conduisant à pension | J29: Position administrative Saisie égale à 'Détachement entrant/sortant sur demande auprès d'une administration ou d'un EP de l'Etat conduisant à pension' ET Indicateur de maintien saisi = Non | K29: A_POS_POSIAD [Saisi] = 'DES01' ET A_POS_SITPAR [Saisi] = Vide ET A_POS_INDMAI [Saisi] = '0' | L29: T0394 | M29: Détachement entrant/sortant sur demande auprès d'une administration, d'un office ou d'un EP de l'Etat conduisant à pension - Demande | N29: Création Modification | O29: Indicateur de renouvellement saisi = Non ET (Indicateur de renouvellement saisi différent d'Indicateur de renouvellement avant saisi OU Indicateur de maintien saisi différent de Indicateur de maintien avant saisi) | P29: A_POS_INDREN [Saisi] = '0' ET (A_POS_INDREN [Saisi] <> A_POS_INDREN [Valeur avant saisie] OU A_POS_INDMAI [Saisi] <> A_POS_INDMAI [Valeur avant saisie]) | Q29: Contractuel | R29: P0003 | S29: Général | T29: Exclu | U29: 40725
A30: 17.10.00 | B30: A | C30: 43152.5 | D30: D0004 | E30: Position | F30: S0009 | G30: Détachement entrant/sortant | H30: E0137 | I30: Détachement entrant/sortant sur demande auprès d'une administration, d'un office ou d'un EP de l'Etat conduisant à pension | J30: Position administrative Saisie égale à 'Détachement entrant/sortant sur demande auprès d'une administration ou d'un EP de l'Etat conduisant à pension' ET Indicateur de maintien saisi = Non | K30: A_POS_POSIAD [Saisi] = 'DES01' ET A_POS_SITPAR [Saisi] = Vide ET A_POS_INDMAI [Saisi] = '0' | L30: T0395 | M30: Détachement entrant/sortant sur demande auprès d'une administration, d'un office ou d'un EP de l'Etat conduisant à pension - Renouvellement | N30: Création Modification | O30: Indicateur de renouvellement saisi = Oui ET (Indicateur de renouvellement saisi différent d'Indicateur de renouvellement avant saisi OU Indicateur de maintien saisi différent de Indicateur de maintien avant saisi) | P30: A_POS_INDREN [Saisi] = '1' ET (A_POS_INDREN [Saisi] <> A_POS_INDREN [Valeur avant saisie] OU A_POS_INDMAI [Saisi] <> A_POS_INDMAI [Valeur avant saisie]) | Q30: Contractuel | R30: P0003 | S30: Général | T30: Exclu | U30: 40725
A31: 17.10.00 | B31: A | C31: 43152.5 | D31: D0004 | E31: Position | F31: S0009 | G31: Détachement entrant/sortant | H31: E0137 | I31: Détachement entrant/sortant sur demande auprès d'une administration, d'un office ou d'un EP de l'Etat conduisant à pension | J31: Position administrative Saisie égale à 'Détachement entrant/sortant sur demande auprès d'une administration ou d'un EP de l'Etat conduisant à pension' ET Indicateur de maintien saisi = Non | K31: A_POS_POSIAD [Saisi] = 'DES01' ET A_POS_SITPAR [Saisi] = Vide ET A_POS_INDMAI [Saisi] = '0' | L31: T0396 | M31: Détachement entrant/sortant sur demande auprès d'une administration, d'un office ou d'un EP de l'Etat conduisant à pension - Réintégration | N31: Modification | O31: Indicateur de renouvellement saisi identique à Indicateur de renouvellement avant saisi ET Indicateur de maintien saisi identique à Indicateur de maintien avant saisi | P31: A_POS_INDREN [Saisi] = A_POS_INDREN [Valeur avant saisie] ET A_POS_INDMAI [Saisi] = A_POS_INDMAI [Valeur avant saisie] | Q31: Contractuel | R31: P0003 | S31: Général | T31: Exclu | U31: 40725
A32: 17.10.00 | B32: A | C32: 43152.5 | D32: D0004 | E32: Position | F32: S0009 | G32: Détachement entrant/sortant | H32: E0137 | I32: Détachement entrant/sortant sur demande auprès d'une administration, d'un office ou d'un EP de l'Etat conduisant à pension | J32: Position administrative Saisie égale à 'Détachement entrant/sortant sur demande auprès d'une administration ou d'un EP de l'Etat conduisant à pension' ET Indicateur de maintien saisi = Non | K32: A_POS_POSIAD [Saisi] = 'DES01' ET A_POS_SITPAR [Saisi] = Vide ET A_POS_INDMAI [Saisi] = '0' | L32: T0394 | M32: Détachement entrant/sortant sur demande auprès d'une administration, d'un office ou d'un EP de l'Etat conduisant à pension - Demande | N32: Création Modification | O32: Indicateur de renouvellement saisi = Non ET (Indicateur de renouvellement saisi différent d'Indicateur de renouvellement avant saisi OU Indicateur de maintien saisi différent de Indicateur de maintien avant saisi) | P32: A_POS_INDREN [Saisi] = '0' ET (A_POS_INDREN [Saisi] <> A_POS_INDREN [Valeur avant saisie] OU A_POS_INDMAI [Saisi] <> A_POS_INDMAI [Valeur avant saisie]) | Q32: Stagiaire ou auditeur ou élève | R32: P0004 | S32: Général | T32: Exclu | U32: 40725
A33: 17.10.00 | B33: A | C33: 43152.5 | D33: D0004 | E33: Position | F33: S0009 | G33: Détachement entrant/sortant | H33: E0137 | I33: Détachement entrant/sortant sur demande auprès d'une administration, d'un office ou d'un EP de l'Etat conduisant à pension | J33: Position administrative Saisie égale à 'Détachement entrant/sortant sur demande auprès d'une administration ou d'un EP de l'Etat conduisant à pension' ET Indicateur de maintien saisi = Non | K33: A_POS_POSIAD [Saisi] = 'DES01' ET A_POS_SITPAR [Saisi] = Vide ET A_POS_INDMAI [Saisi] = '0' | L33: T0395 | M33: Détachement entrant/sortant sur demande auprès d'une administration, d'un office ou d'un EP de l'Etat conduisant à pension - Renouvellement | N33: Création Modification | O33: Indicateur de renouvellement saisi = Oui ET (Indicateur de renouvellement saisi différent d'Indicateur de renouvellement avant saisi OU Indicateur de maintien saisi différent de Indicateur de maintien avant saisi) | P33: A_POS_INDREN [Saisi] = '1' ET (A_POS_INDREN [Saisi] <> A_POS_INDREN [Valeur avant saisie] OU A_POS_INDMAI [Saisi] <> A_POS_INDMAI [Valeur avant saisie]) | Q33: Stagiaire ou auditeur ou élève | R33: P0004 | S33: Général | T33: Exclu | U33: 40725
A34: 17.10.00 | B34: A | C34: 43152.5 | D34: D0004 | E34: Position | F34: S0009 | G34: Détachement entrant/sortant | H34: E0137 | I34: Détachement entrant/sortant sur demande auprès d'une administration, d'un office ou d'un EP de l'Etat conduisant à pension | J34: Position administrative Saisie égale à 'Détachement entrant/sortant sur demande auprès d'une administration ou d'un EP de l'Etat conduisant à pension' ET Indicateur de maintien saisi = Non | K34: A_POS_POSIAD [Saisi] = 'DES01' ET A_POS_SITPAR [Saisi] = Vide ET A_POS_INDMAI [Saisi] = '0' | L34: T0396 | M34: Détachement entrant/sortant sur demande auprès d'une administration, d'un office ou d'un EP de l'Etat conduisant à pension - Réintégration | N34: Modification | O34: Indicateur de renouvellement saisi identique à Indicateur de renouvellement avant saisi ET Indicateur de maintien saisi identique à Indicateur de maintien avant saisi | P34: A_POS_INDREN [Saisi] = A_POS_INDREN [Valeur avant saisie] ET A_POS_INDMAI [Saisi] = A_POS_INDMAI [Valeur avant saisie] | Q34: Stagiaire ou auditeur ou élève | R34: P0004 | S34: Général | T34: Exclu | U34: 40725
A35: 17.10.00 | B35: A | C35: 43152.5 | D35: D0004 | E35: Position | F35: S0009 | G35: Détachement entrant/sortant | H35: E0137 | I35: Détachement entrant/sortant sur demande auprès d'une administration, d'un office ou d'un EP de l'Etat conduisant à pension | J35: Position administrative Saisie égale à 'Détachement entrant/sortant sur demande auprès d'une administration ou d'un EP de l'Etat conduisant à pension' ET Indicateur de maintien saisi = Non | K35: A_POS_POSIAD [Saisi] = 'DES01' ET A_POS_SITPAR [Saisi] = Vide ET A_POS_INDMAI [Saisi] = '0' | L35: T0394 | M35: Détachement entrant/sortant sur demande auprès d'une administration, d'un office ou d'un EP de l'Etat conduisant à pension - Demande | N35: Création Modification | O35: Indicateur de renouvellement saisi = Non ET (Indicateur de renouvellement saisi différent d'Indicateur de renouvellement avant saisi OU Indicateur de maintien saisi différent de Indicateur de maintien avant saisi) | P35: A_POS_INDREN [Saisi] = '0' ET (A_POS_INDREN [Saisi] <> A_POS_INDREN [Valeur avant saisie] OU A_POS_INDMAI [Saisi] <> A_POS_INDMAI [Valeur avant saisie]) | Q35: Ouvrier d'état | R35: P0005 | S35: Général | T35: Exclu | U35: 40725
A36: 17.10.00 | B36: A | C36: 43152.5 | D36: D0004 | E36: Position | F36: S0009 | G36: Détachement entrant/sortant | H36: E0137 | I36: Détachement entrant/sortant sur demande auprès d'une administration, d'un office ou d'un EP de l'Etat conduisant à pension | J36: Position administrative Saisie égale à 'Détachement entrant/sortant sur demande auprès d'une administration ou d'un EP de l'Etat conduisant à pension' ET Indicateur de maintien saisi = Non | K36: A_POS_POSIAD [Saisi] = 'DES01' ET A_POS_SITPAR [Saisi] = Vide ET A_POS_INDMAI [Saisi] = '0' | L36: T0395 | M36: Détachement entrant/sortant sur demande auprès d'une administration, d'un office ou d'un EP de l'Etat conduisant à pension - Renouvellement | N36: Création Modification | O36: Indicateur de renouvellement saisi = Oui ET (Indicateur de renouvellement saisi différent d'Indicateur de renouvellement avant saisi OU Indicateur de maintien saisi différent de Indicateur de maintien avant saisi) | P36: A_POS_INDREN [Saisi] = '1' ET (A_POS_INDREN [Saisi] <> A_POS_INDREN [Valeur avant saisie] OU A_POS_INDMAI [Saisi] <> A_POS_INDMAI [Valeur avant saisie]) | Q36: Ouvrier d'état | R36: P0005 | S36: Général | T36: Exclu | U36: 40725
A37: 17.10.00 | B37: A | C37: 43152.5 | D37: D0004 | E37: Position | F37: S0009 | G37: Détachement entrant/sortant | H37: E0137 | I37: Détachement entrant/sortant sur demande auprès d'une administration, d'un office ou d'un EP de l'Etat conduisant à pension | J37: Position administrative Saisie égale à 'Détachement entrant/sortant sur demande auprès d'une administration ou d'un EP de l'Etat conduisant à pension' ET Indicateur de maintien saisi = Non | K37: A_POS_POSIAD [Saisi] = 'DES01' ET A_POS_SITPAR [Saisi] = Vide ET A_POS_INDMAI [Saisi] = '0' | L37: T0396 | M37: Détachement entrant/sortant sur demande auprès d'une administration, d'un office ou d'un EP de l'Etat conduisant à pension - Réintégration | N37: Modification | O37: Indicateur de renouvellement saisi identique à Indicateur de renouvellement avant saisi ET Indicateur de maintien saisi identique à Indicateur de maintien avant saisi | P37: A_POS_INDREN [Saisi] = A_POS_INDREN [Valeur avant saisie] ET A_POS_INDMAI [Saisi] = A_POS_INDMAI [Valeur avant saisie] | Q37: Ouvrier d'état | R37: P0005 | S37: Général | T37: Exclu | U37: 40725
A38: 20.00.00 | B38: M | C38: 43850.552 | D38: D0004 | E38: Position | F38: S0009 | G38: Détachement entrant/sortant | H38: E0137 | I38: Détachement entrant/sortant sur demande auprès d'une administration, d'un office ou d'un EP de l'Etat conduisant à pension | J38: Position administrative Saisie égale à 'Détachement entrant/sortant sur demande auprès d'une administration ou d'un EP de l'Etat conduisant à pension' ET Indicateur de maintien saisi = Non | K38: A_POS_POSIAD [Saisi] = 'DES01' ET A_POS_SITPAR [Saisi] = Vide ET A_POS_INDMAI [Saisi] = '0' | L38: T0394 | M38: Détachement entrant/sortant sur demande auprès d'une administration, d'un office ou d'un EP de l'Etat conduisant à pension - Demande | N38: Création Modification | O38: Indicateur de renouvellement saisi = Non ET (Indicateur de renouvellement saisi différent d'Indicateur de renouvellement avant saisi OU Indicateur de maintien saisi différent de Indicateur de maintien avant saisi) | P38: A_POS_INDREN [Saisi] = '0' ET (A_POS_INDREN [Saisi] <> A_POS_INDREN [Valeur avant saisie] OU A_POS_INDMAI [Saisi] <> A_POS_INDMAI [Valeur avant saisie]) | Q38: Inspecteur général de l'administration - Intérieur | R38: P0019 | S38: Particulier | T38: Passant | U38: 40725 | V38: 43830 | W38: DEE_I_002 ET DEE_I_003 ET DEE_I_006 ET DEE_I_004 ET DEE_D_074 ET DEE_D_474 ET DEE_D_505 ET POS_C_004 ET POS_C_005 ET POS_C_007 ET POS_C_010 ET POS_C_012 ET POS_C_013 ET POS_C_022 ET POS_C_030 ET POS_C_031 ET POS_C_034 ET POS_C_035 ET POS_C_036 ET POS_C_111 | X38: DEE_I_002 | Y38: =VLOOKUP(X38,'Axe 2 Règles de gestion'!$D$2:$F$121,3, FALSE) -> L'agent doit détenir le titre ou le diplôme requis pour l'exercice des fonctions du corps d'accueil. | Z38: DEE_I_003 | AA38: =VLOOKUP(Z38,'Axe 2 Règles de gestion'!$D$2:$F$121,3, FALSE) -> L'agent doit formuler une demande. | AB38: DEE_I_006 | AC38: =VLOOKUP(AB38,'Axe 2 Règles de gestion'!$D$2:$F$121,3, FALSE) -> Le détachement est accordé après avis des commissions administratives paritaires compétentes. | AD38: DEE_I_004 | AE38: =VLOOKUP(AD38,'Axe 2 Règles de gestion'!$D$2:$F$121,3, FALSE) -> L'accord de l'administration d'origine est nécessaire. | AP38: DEE_D_074 | AQ38: =VLOOKUP(AP38,'Axe 2 Règles de gestion'!$D$2:$F$121,3, FALSE) -> La durée de détachement ne peut pas excéder 6 ans entre la date de début et la date de fin prévisionnelle. | AR38: DEE_D_474 | AS38: =VLOOKUP(AR38,'Axe 2 Règles de gestion'!$D$2:$F$121,3, FALSE) -> La durée de détachement ne peut pas excéder 6 ans entre la date de début et la date de fin réelle. | AT38: DEE_D_505 | AU38: =VLOOKUP(AT38,'Axe 2 Règles de gestion'!$D$2:$F$121,3, FALSE) -> Le détachement de courte durée est interdit. | BB38: POS_C_004 | BC38: =VLOOKUP(BB38,'Axe 2 Règles de gestion'!$D$2:$F$121,3, FALSE) -> La date de début de position doit être antérieure ou égale à la date de fin prévisionnelle de position. | BD38: POS_C_005 | BE38: =VLOOKUP(BD38,'Axe 2 Règles de gestion'!$D$2:$F$121,3, FALSE) -> La date de début de la position doit être postérieure ou égale à la date d'entrée dans la FPE ou dans la carrière militaire. | BF38: POS_C_007 | BG38: =VLOOKUP(BF38,'Axe 2 Règles de gestion'!$D$2:$F$121,3, FALSE) -> La date de fin réelle de la position doit être antérieure à la date limite de départ à la retraite. | BH38: POS_C_010 | BI38: =VLOOKUP(BH38,'Axe 2 Règles de gestion'!$D$2:$F$121,3, FALSE) -> La date de début de position doit être antérieure ou égale à la date de fin réelle de position. | BJ38: POS_C_012 | BK38: =VLOOKUP(BJ38,'Axe 2 Règles de gestion'!$D$2:$F$121,3, FALSE) -> La date de fin prévisionnelle de la position doit être antérieure à la date limite de départ à la retraite. | BL38: POS_C_013 | BM38: =VLOOKUP(BL38,'Axe 2 Règles de gestion'!$D$2:$F$121,3, FALSE) -> L'indicateur de carrière est sur la valeur "Accueil". | BN38: POS_C_022 | BO38: =VLOOKUP(BN38,'Axe 2 Règles de gestion'!$D$2:$F$121,3, FALSE) -> La date de début de position est à J+1 de la date de fin de position de l'occurrence précédente. | BP38: POS_C_030 | BQ38: =VLOOKUP(BP38,'Axe 2 Règles de gestion'!$D$2:$F$121,3, FALSE) -> Les champs "Type d'organisme d'origine", "Catégorie statutaire d'origine" et "Pays" de l'organisme d'origine doivent être renseignés. | BR38: POS_C_031 | BS38: =VLOOKUP(BR38,'Axe 2 Règles de gestion'!$D$2:$F$121,3, FALSE) -> Les champs "Ministère (ou institution de la République) d'origine", "Corps d'origine", "Grade d'origine", "Echelon d'origine" sont renseignés si le "Type d'organisme d'origine" est valorisé à FPE. | BT38: POS_C_034 | BU38: =VLOOKUP(BT38,'Axe 2 Règles de gestion'!$D$2:$F$121,3, FALSE) -> Le champ "Organisme d'origine" doit être alimenté si le type d'organisme d'origine est égal à 'Autre organisme', 'Fonction publique d'un état de l'Union Européenne' ou 'Fonction publique Européenne'. | BV38: POS_C_035 | BW38: =VLOOKUP(BV38,'Axe 2 Règles de gestion'!$D$2:$F$121,3, FALSE) -> Le champ "Code emploi statutaire FPT (NET)" est renseigné si le "Type d'organisme d'origine" est valorisé à FPT. | BX38: POS_C_036 | BY38: =VLOOKUP(BX38,'Axe 2 Règles de gestion'!$D$2:$F$121,3, FALSE) -> Le champ "Code emploi statutaire FPH (NEH)" est renseigné si le "Type d'organisme d'origine" est valorisé à FPH. | BZ38: POS_C_111 | CA38: =VLOOKUP(BZ38,'Axe 2 Règles de gestion'!$D$2:$F$121,3, FALSE) -> La date de fin ou la date de fin prévisionnelle doit être saisie.
A39: 20.00.00 | B39: A | C39: 44012.457 | D39: D0004 | E39: Position | F39: S0009 | G39: Détachement entrant/sortant | H39: E0137 | I39: Détachement entrant/sortant sur demande auprès d'une administration, d'un office ou d'un EP de l'Etat conduisant à pension | J39: Position administrative Saisie égale à 'Détachement entrant/sortant sur demande auprès d'une administration ou d'un EP de l'Etat conduisant à pension' ET Indicateur de maintien saisi = Non | K39: A_POS_POSIAD [Saisi] = 'DES01' ET A_POS_SITPAR [Saisi] = Vide ET A_POS_INDMAI [Saisi] = '0' | L39: T0394 | M39: Détachement entrant/sortant sur demande auprès d'une administration, d'un office ou d'un EP de l'Etat conduisant à pension - Demande | N39: Création Modification | O39: Indicateur de renouvellement saisi = Non ET (Indicateur de renouvellement saisi différent d'Indicateur de renouvellement avant saisi OU Indicateur de maintien saisi différent de Indicateur de maintien avant saisi) | P39: A_POS_INDREN [Saisi] = '0' ET (A_POS_INDREN [Saisi] <> A_POS_INDREN [Valeur avant saisie] OU A_POS_INDMAI [Saisi] <> A_POS_INDMAI [Valeur avant saisie]) | Q39: Inspecteur général de l'administration - Intérieur | R39: P0019 | S39: Particulier | T39: Passant | U39: 43831 | W39: DEE_I_002 ET DEE_I_003 ET DEE_I_004 ET DEE_D_074 ET DEE_D_474 ET DEE_D_505 ET POS_C_004 ET POS_C_005 ET POS_C_007 ET POS_C_010 ET POS_C_012 ET POS_C_013 ET POS_C_022 ET POS_C_030 ET POS_C_031 ET POS_C_034 ET POS_C_035 ET POS_C_036 ET POS_C_111 | X39: DEE_I_002 | Y39: =VLOOKUP(X39,'Axe 2 Règles de gestion'!$D$2:$F$121,3, FALSE) -> L'agent doit détenir le titre ou le diplôme requis pour l'exercice des fonctions du corps d'accueil. | Z39: DEE_I_003 | AA39: =VLOOKUP(Z39,'Axe 2 Règles de gestion'!$D$2:$F$121,3, FALSE) -> L'agent doit formuler une demande. | AB39: DEE_I_004 | AC39: =VLOOKUP(AB39,'Axe 2 Règles de gestion'!$D$2:$F$121,3, FALSE) -> L'accord de l'administration d'origine est nécessaire. | AP39: DEE_D_074 | AQ39: =VLOOKUP(AP39,'Axe 2 Règles de gestion'!$D$2:$F$121,3, FALSE) -> La durée de détachement ne peut pas excéder 6 ans entre la date de début et la date de fin prévisionnelle. | AR39: DEE_D_474 | AS39: =VLOOKUP(AR39,'Axe 2 Règles de gestion'!$D$2:$F$121,3, FALSE) -> La durée de détachement ne peut pas excéder 6 ans entre la date de début et la date de fin réelle. | AT39: DEE_D_505 | AU39: =VLOOKUP(AT39,'Axe 2 Règles de gestion'!$D$2:$F$121,3, FALSE) -> Le détachement de courte durée est interdit. | BB39: POS_C_004 | BC39: =VLOOKUP(BB39,'Axe 2 Règles de gestion'!$D$2:$F$121,3, FALSE) -> La date de début de position doit être antérieure ou égale à la date de fin prévisionnelle de position. | BD39: POS_C_005 | BE39: =VLOOKUP(BD39,'Axe 2 Règles de gestion'!$D$2:$F$121,3, FALSE) -> La date de début de la position doit être postérieure ou égale à la date d'entrée dans la FPE ou dans la carrière militaire. | BF39: POS_C_007 | BG39: =VLOOKUP(BF39,'Axe 2 Règles de gestion'!$D$2:$F$121,3, FALSE) -> La date de fin réelle de la position doit être antérieure à la date limite de départ à la retraite. | BH39: POS_C_010 | BI39: =VLOOKUP(BH39,'Axe 2 Règles de gestion'!$D$2:$F$121,3, FALSE) -> La date de début de position doit être antérieure ou égale à la date de fin réelle de position. | BJ39: POS_C_012 | BK39: =VLOOKUP(BJ39,'Axe 2 Règles de gestion'!$D$2:$F$121,3, FALSE) -> La date de fin prévisionnelle de la position doit être antérieure à la date limite de départ à la retraite. | BL39: POS_C_013 | BM39: =VLOOKUP(BL39,'Axe 2 Règles de gestion'!$D$2:$F$121,3, FALSE) -> L'indicateur de carrière est sur la valeur "Accueil". | BN39: POS_C_022 | BO39: =VLOOKUP(BN39,'Axe 2 Règles de gestion'!$D$2:$F$121,3, FALSE) -> La date de début de position est à J+1 de la date de fin de position de l'occurrence précédente. | BP39: POS_C_030 | BQ39: =VLOOKUP(BP39,'Axe 2 Règles de gestion'!$D$2:$F$121,3, FALSE) -> Les champs "Type d'organisme d'origine", "Catégorie statutaire d'origine" et "Pays" de l'organisme d'origine doivent être renseignés. | BR39: POS_C_031 | BS39: =VLOOKUP(BR39,'Axe 2 Règles de gestion'!$D$2:$F$121,3, FALSE) -> Les champs "Ministère (ou institution de la République) d'origine", "Corps d'origine", "Grade d'origine", "Echelon d'origine" sont renseignés si le "Type d'organisme d'origine" est valorisé à FPE. | BT39: POS_C_034 | BU39: =VLOOKUP(BT39,'Axe 2 Règles de gestion'!$D$2:$F$121,3, FALSE) -> Le champ "Organisme d'origine" doit être alimenté si le type d'organisme d'origine est égal à 'Autre organisme', 'Fonction publique d'un état de l'Union Européenne' ou 'Fonction publique Européenne'. | BV39: POS_C_035 | BW39: =VLOOKUP(BV39,'Axe 2 Règles de gestion'!$D$2:$F$121,3, FALSE) -> Le champ "Code emploi statutaire FPT (NET)" est renseigné si le "Type d'organisme d'origine" est valorisé à FPT. | BX39: POS_C_036 | BY39: =VLOOKUP(BX39,'Axe 2 Règles de gestion'!$D$2:$F$121,3, FALSE) -> Le champ "Code emploi statutaire FPH (NEH)" est renseigné si le "Type d'organisme d'origine" est valorisé à FPH. | BZ39: POS_C_111 | CA39: =VLOOKUP(BZ39,'Axe 2 Règles de gestion'!$D$2:$F$121,3, FALSE) -> La date de fin ou la date de fin prévisionnelle doit être saisie.
A40: 20.00.00 | B40: M | C40: 43850.552 | D40: D0004 | E40: Position | F40: S0009 | G40: Détachement entrant/sortant | H40: E0137 | I40: Détachement entrant/sortant sur demande auprès d'une administration, d'un office ou d'un EP de l'Etat conduisant à pension | J40: Position administrative Saisie égale à 'Détachement entrant/sortant sur demande auprès d'une administration ou d'un EP de l'Etat conduisant à pension' ET Indicateur de maintien saisi = Non | K40: A_POS_POSIAD [Saisi] = 'DES01' ET A_POS_SITPAR [Saisi] = Vide ET A_POS_INDMAI [Saisi] = '0' | L40: T0395 | M40: Détachement entrant/sortant sur demande auprès d'une administration, d'un office ou d'un EP de l'Etat conduisant à pension - Renouvellement | N40: Création Modification | O40: Indicateur de renouvellement saisi = Oui ET (Indicateur de renouvellement saisi différent d'Indicateur de renouvellement avant saisi OU Indicateur de maintien saisi différent de Indicateur de maintien avant saisi) | P40: A_POS_INDREN [Saisi] = '1' ET (A_POS_INDREN [Saisi] <> A_POS_INDREN [Valeur avant saisie] OU A_POS_INDMAI [Saisi] <> A_POS_INDMAI [Valeur avant saisie]) | Q40: Inspecteur général de l'administration - Intérieur | R40: P0019 | S40: Particulier | T40: Passant | U40: 40725 | W40: DEE_I_011 ET DEE_I_012 ET DEE_D_074 ET DEE_D_474 ET POS_C_004 ET POS_C_005 ET POS_C_007 ET POS_C_010 ET POS_C_012 ET POS_C_013 ET POS_C_022 ET POS_C_030 ET POS_C_031 ET POS_C_034 ET POS_C_035 ET POS_C_036 ET POS_C_111 | X40: DEE_I_011 | Y40: =VLOOKUP(X40,'Axe 2 Règles de gestion'!$D$2:$F$121,3, FALSE) -> L'agent doit formuler une demande de renouvellement à son administration d'origine 3 mois au moins avant l'expiration de la période de détachement de longue durée. | Z40: DEE_I_012 | AA40: =VLOOKUP(Z40,'Axe 2 Règles de gestion'!$D$2:$F$121,3, FALSE) -> L'organisme d'accueil adresse sa décision à l'agent et à l'administration d'origine 2 mois au moins avant l'expiration de la période de détachement. | AP40: DEE_D_074 | AQ40: =VLOOKUP(AP40,'Axe 2 Règles de gestion'!$D$2:$F$121,3, FALSE) -> La durée de détachement ne peut pas excéder 6 ans entre la date de début et la date de fin prévisionnelle. | AR40: DEE_D_474 | AS40: =VLOOKUP(AR40,'Axe 2 Règles de gestion'!$D$2:$F$121,3, FALSE) -> La durée de détachement ne peut pas excéder 6 ans entre la date de début et la date de fin réelle. | BB40: POS_C_004 | BC40: =VLOOKUP(BB40,'Axe 2 Règles de gestion'!$D$2:$F$121,3, FALSE) -> La date de début de position doit être antérieure ou égale à la date de fin prévisionnelle de position. | BD40: POS_C_005 | BE40: =VLOOKUP(BD40,'Axe 2 Règles de gestion'!$D$2:$F$121,3, FALSE) -> La date de début de la position doit être postérieure ou égale à la date d'entrée dans la FPE ou dans la carrière militaire. | BF40: POS_C_007 | BG40: =VLOOKUP(BF40,'Axe 2 Règles de gestion'!$D$2:$F$121,3, FALSE) -> La date de fin réelle de la position doit être antérieure à la date limite de départ à la retraite. | BH40: POS_C_010 | BI40: =VLOOKUP(BH40,'Axe 2 Règles de gestion'!$D$2:$F$121,3, FALSE) -> La date de début de position doit être antérieure ou égale à la date de fin réelle de position. | BJ40: POS_C_012 | BK40: =VLOOKUP(BJ40,'Axe 2 Règles de gestion'!$D$2:$F$121,3, FALSE) -> La date de fin prévisionnelle de la position doit être antérieure à la date limite de départ à la retraite. | BL40: POS_C_013 | BM40: =VLOOKUP(BL40,'Axe 2 Règles de gestion'!$D$2:$F$121,3, FALSE) -> L'indicateur de carrière est sur la valeur "Accueil". | BN40: POS_C_022 | BO40: =VLOOKUP(BN40,'Axe 2 Règles de gestion'!$D$2:$F$121,3, FALSE) -> La date de début de position est à J+1 de la date de fin de position de l'occurrence précédente. | BP40: POS_C_030 | BQ40: =VLOOKUP(BP40,'Axe 2 Règles de gestion'!$D$2:$F$121,3, FALSE) -> Les champs "Type d'organisme d'origine", "Catégorie statutaire d'origine" et "Pays" de l'organisme d'origine doivent être renseignés. | BR40: POS_C_031 | BS40: =VLOOKUP(BR40,'Axe 2 Règles de gestion'!$D$2:$F$121,3, FALSE) -> Les champs "Ministère (ou institution de la République) d'origine", "Corps d'origine", "Grade d'origine", "Echelon d'origine" sont renseignés si le "Type d'organisme d'origine" est valorisé à FPE. | BT40: POS_C_034 | BU40: =VLOOKUP(BT40,'Axe 2 Règles de gestion'!$D$2:$F$121,3, FALSE) -> Le champ "Organisme d'origine" doit être alimenté si le type d'organisme d'origine est égal à 'Autre organisme', 'Fonction publique d'un état de l'Union Européenne' ou 'Fonction publique Européenne'. | BV40: POS_C_035 | BW40: =VLOOKUP(BV40,'Axe 2 Règles de gestion'!$D$2:$F$121,3, FALSE) -> Le champ "Code emploi statutaire FPT (NET)" est renseigné si le "Type d'organisme d'origine" est valorisé à FPT. | BX40: POS_C_036 | BY40: =VLOOKUP(BX40,'Axe 2 Règles de gestion'!$D$2:$F$121,3, FALSE) -> Le champ "Code emploi statutaire FPH (NEH)" est renseigné si le "Type d'organisme d'origine" est valorisé à FPH. | BZ40: POS_C_111 | CA40: =VLOOKUP(BZ40,'Axe 2 Règles de gestion'!$D$2:$F$121,3, FALSE) -> La date de fin ou la date de fin prévisionnelle doit être saisie.
A41: 20.00.00 | B41: M | C41: 43850.552 | D41: D0004 | E41: Position | F41: S0009 | G41: Détachement entrant/sortant | H41: E0137 | I41: Détachement entrant/sortant sur demande auprès d'une administration, d'un office ou d'un EP de l'Etat conduisant à pension | J41: Position administrative Saisie égale à 'Détachement entrant/sortant sur demande auprès d'une administration ou d'un EP de l'Etat conduisant à pension' ET Indicateur de maintien saisi = Non | K41: A_POS_POSIAD [Saisi] = 'DES01' ET A_POS_SITPAR [Saisi] = Vide ET A_POS_INDMAI [Saisi] = '0' | L41: T0396 | M41: Détachement entrant/sortant sur demande auprès d'une administration, d'un office ou d'un EP de l'Etat conduisant à pension - Réintégration | N41: Modification | O41: Indicateur de renouvellement saisi identique à Indicateur de renouvellement avant saisi ET Indicateur de maintien saisi identique à Indicateur de maintien avant saisi | P41: A_POS_INDREN [Saisi] = A_POS_INDREN [Valeur avant saisie] ET A_POS_INDMAI [Saisi] = A_POS_INDMAI [Valeur avant saisie] | Q41: Inspecteur général de l'administration - Intérieur | R41: P0019 | S41: Particulier | T41: Passant | U41: 40725 | W41: DEE_I_018 ET DEE_I_026 ET DEE_I_016 ET DEE_I_012 ET DEE_I_017 ET DEE_D_074 ET DEE_D_474 ET DEE_D_505 ET POS_C_004 ET POS_C_007 ET POS_C_010 ET POS_C_012 ET POS_C_030 ET POS_C_031 ET POS_C_034 ET POS_C_035 ET POS_C_036 ET POS_C_111 | X41: DEE_I_018 | Y41: =VLOOKUP(X41,'Axe 2 Règles de gestion'!$D$2:$F$121,3, FALSE) -> Le détachement peut prendre fin de manière anticipée à l'initiative de l'administration d'accueil, de l'administration d'origine ou de l'agent. | Z41: DEE_I_026 | AA41: =VLOOKUP(Z41,'Axe 2 Règles de gestion'!$D$2:$F$121,3, FALSE) -> En cas de réintégration anticipée à l'initiative de l'organisme d'accueil, si l'administration d'origine ne peut pas réintégrer l'agent immédiatement, il reste en détachement jusqu'à ce qu'il soit réintégré à la première vacance. | AB41: DEE_I_016 | AC41: =VLOOKUP(AB41,'Axe 2 Règles de gestion'!$D$2:$F$121,3, FALSE) -> L'agent doit adresser une demande de réintégration à l'administration d'origine 3 mois au moins avant l'expiration de la période de détachement de longue durée. | AD41: DEE_I_012 | AE41: =VLOOKUP(AD41,'Axe 2 Règles de gestion'!$D$2:$F$121,3, FALSE) -> L'organisme d'accueil adresse sa décision à l'agent et à l'administration d'origine 2 mois au moins avant l'expiration de la période de détachement. | AF41: DEE_I_017 | AG41: =VLOOKUP(AF41,'Axe 2 Règles de gestion'!$D$2:$F$121,3, FALSE) -> Si l'agent n'adresse pas sa demande dans les délais, il est obligatoirement réintégré à la première vacance dans son corps d'origine et affecté à un emploi correspondant à son grade. | AP41: DEE_D_074 | AQ41: =VLOOKUP(AP41,'Axe 2 Règles de gestion'!$D$2:$F$121,3, FALSE) -> La durée de détachement ne peut pas excéder 6 ans entre la date de début et la date de fin prévisionnelle. | AR41: DEE_D_474 | AS41: =VLOOKUP(AR41,'Axe 2 Règles de gestion'!$D$2:$F$121,3, FALSE) -> La durée de détachement ne peut pas excéder 6 ans entre la date de début et la date de fin réelle. | AT41: DEE_D_505 | AU41: =VLOOKUP(AT41,'Axe 2 Règles de gestion'!$D$2:$F$121,3, FALSE) -> Le détachement de courte durée est interdit. | BB41: POS_C_004 | BC41: =VLOOKUP(BB41,'Axe 2 Règles de gestion'!$D$2:$F$121,3, FALSE) -> La date de début de position doit être antérieure ou égale à la date de fin prévisionnelle de position. | BD41: POS_C_007 | BE41: =VLOOKUP(BD41,'Axe 2 Règles de gestion'!$D$2:$F$121,3, FALSE) -> La date de fin réelle de la position doit être antérieure à la date limite de départ à la retraite. | BF41: POS_C_010 | BG41: =VLOOKUP(BF41,'Axe 2 Règles de gestion'!$D$2:$F$121,3, FALSE) -> La date de début de position doit être antérieure ou égale à la date de fin réelle de position. | BH41: POS_C_012 | BI41: =VLOOKUP(BH41,'Axe 2 Règles de gestion'!$D$2:$F$121,3, FALSE) -> La date de fin prévisionnelle de la position doit être antérieure à la date limite de départ à la retraite. | BJ41: POS_C_030 | BK41: =VLOOKUP(BJ41,'Axe 2 Règles de gestion'!$D$2:$F$121,3, FALSE) -> Les champs "Type d'organisme d'origine", "Catégorie statutaire d'origine" et "Pays" de l'organisme d'origine doivent être renseignés. | BL41: POS_C_031 | BM41: =VLOOKUP(BL41,'Axe 2 Règles de gestion'!$D$2:$F$121,3, FALSE) -> Les champs "Ministère (ou institution de la République) d'origine", "Corps d'origine", "Grade d'origine", "Echelon d'origine" sont renseignés si le "Type d'organisme d'origine" est valorisé à FPE. | BN41: POS_C_034 | BO41: =VLOOKUP(BN41,'Axe 2 Règles de gestion'!$D$2:$F$121,3, FALSE) -> Le champ "Organisme d'origine" doit être alimenté si le type d'organisme d'origine est égal à 'Autre organisme', 'Fonction publique d'un état de l'Union Européenne' ou 'Fonction publique Européenne'. | BP41: POS_C_035 | BQ41: =VLOOKUP(BP41,'Axe 2 Règles de gestion'!$D$2:$F$121,3, FALSE) -> Le champ "Code emploi statutaire FPT (NET)" est renseigné si le "Type d'organisme d'origine" est valorisé à FPT. | BR41: POS_C_036 | BS41: =VLOOKUP(BR41,'Axe 2 Règles de gestion'!$D$2:$F$121,3, FALSE) -> Le champ "Code emploi statutaire FPH (NEH)" est renseigné si le "Type d'organisme d'origine" est valorisé à FPH. | BT41: POS_C_111 | BU41: =VLOOKUP(BT41,'Axe 2 Règles de gestion'!$D$2:$F$121,3, FALSE) -> La date de fin ou la date de fin prévisionnelle doit être saisie.
A42: 17.10.00 | B42: A | C42: 43152.5 | D42: D0004 | E42: Position | F42: S0009 | G42: Détachement entrant/sortant | H42: E0138 | I42: Détachement entrant auprès d'une administration de l'Etat ou dans un EP de l'Etat dans un emploi ne conduisant pas à pension | J42: Position administrative Saisie égale à 'Détachement entrant auprès d'une administration de l'Etat ou dans un EP de l'Etat dans un emploi ne conduisant pas à pension' ET Indicateur de maintien saisi = Non | K42: A_POS_POSIAD [Saisi] = 'DEE04' ET A_POS_INDMAI [Saisi] = '0' | L42: T0398 | M42: Détachement entrant auprès d'une administration de l'Etat ou dans un EP de l'Etat dans un emploi ne conduisant pas à pension - Demande | N42: Création Modification | O42: Indicateur de renouvellement saisi = Non ET (Indicateur de renouvellement saisi différent d'Indicateur de renouvellement avant saisi OU Indicateur de maintien saisi différent de Indicateur de maintien avant saisi) | P42: A_POS_INDREN [Saisi] = '0' ET (A_POS_INDREN [Saisi] <> A_POS_INDREN [Valeur avant saisie] OU A_POS_INDMAI [Saisi] <> A_POS_INDMAI [Valeur avant saisie]) | Q42: Titulaire ou magistrat | R42: P0001 | S42: Général | T42: Exclu | U42: 40725
A43: 17.10.00 | B43: A | C43: 43152.5 | D43: D0004 | E43: Position | F43: S0009 | G43: Détachement entrant/sortant | H43: E0138 | I43: Détachement entrant auprès d'une administration de l'Etat ou dans un EP de l'Etat dans un emploi ne conduisant pas à pension | J43: Position administrative Saisie égale à 'Détachement entrant auprès d'une administration de l'Etat ou dans un EP de l'Etat dans un emploi ne conduisant pas à pension' ET Indicateur de maintien saisi = Non | K43: A_POS_POSIAD [Saisi] = 'DEE04' ET A_POS_INDMAI [Saisi] = '0' | L43: T0399 | M43: Détachement entrant auprès d'une administration de l'Etat ou dans un EP de l'Etat dans un emploi ne conduisant pas à pension - Renouvellement | N43: Création Modification | O43: Indicateur de renouvellement saisi = Oui ET (Indicateur de renouvellement saisi différent d'Indicateur de renouvellement avant saisi OU Indicateur de maintien saisi différent de Indicateur de maintien avant saisi) | P43: A_POS_INDREN [Saisi] = '1' ET (A_POS_INDREN [Saisi] <> A_POS_INDREN [Valeur avant saisie] OU A_POS_INDMAI [Saisi] <> A_POS_INDMAI [Valeur avant saisie]) | Q43: Titulaire ou magistrat | R43: P0001 | S43: Général | T43: Exclu | U43: 40725
A44: 17.10.00 | B44: A | C44: 43152.5 | D44: D0004 | E44: Position | F44: S0009 | G44: Détachement entrant/sortant | H44: E0138 | I44: Détachement entrant auprès d'une administration de l'Etat ou dans un EP de l'Etat dans un emploi ne conduisant pas à pension | J44: Position administrative Saisie égale à 'Détachement entrant auprès d'une administration de l'Etat ou dans un EP de l'Etat dans un emploi ne conduisant pas à pension' ET Indicateur de maintien saisi = Non | K44: A_POS_POSIAD [Saisi] = 'DEE04' ET A_POS_INDMAI [Saisi] = '0' | L44: T0400 | M44: Détachement entrant auprès d'une administration de l'Etat ou dans un EP de l'Etat dans un emploi ne conduisant pas à pension - Réintégration | N44: Modification | O44: Indicateur de renouvellement saisi identique à Indicateur de renouvellement avant saisi ET Indicateur de maintien saisi identique à Indicateur de maintien avant saisi | P44: A_POS_INDREN [Saisi] = A_POS_INDREN [Valeur avant saisie] ET A_POS_INDMAI [Saisi] = A_POS_INDMAI [Valeur avant saisie] | Q44: Titulaire ou magistrat | R44: P0001 | S44: Général | T44: Exclu | U44: 40725
A45: 20.00.00 | B45: M | C45: 43850.552 | D45: D0004 | E45: Position | F45: S0009 | G45: Détachement entrant/sortant | H45: E0138 | I45: Détachement entrant auprès d'une administration de l'Etat ou dans un EP de l'Etat dans un emploi ne conduisant pas à pension | J45: Position administrative Saisie égale à 'Détachement entrant auprès d'une administration de l'Etat ou dans un EP de l'Etat dans un emploi ne conduisant pas à pension' ET Indicateur de maintien saisi = Non | K45: A_POS_POSIAD [Saisi] = 'DEE04' ET A_POS_INDMAI [Saisi] = '0' | L45: T0398 | M45: Détachement entrant auprès d'une administration de l'Etat ou dans un EP de l'Etat dans un emploi ne conduisant pas à pension - Demande | N45: Création Modification | O45: Indicateur de renouvellement saisi = Non ET (Indicateur de renouvellement saisi différent d'Indicateur de renouvellement avant saisi OU Indicateur de maintien saisi différent de Indicateur de maintien avant saisi) | P45: A_POS_INDREN [Saisi] = '0' ET (A_POS_INDREN [Saisi] <> A_POS_INDREN [Valeur avant saisie] OU A_POS_INDMAI [Saisi] <> A_POS_INDMAI [Valeur avant saisie]) | Q45: Contractuel | R45: P0003 | S45: Général | T45: Passant | U45: 40725 | V45: 43830 | W45: DEE_I_002 ET DEE_I_003 ET DEE_I_006 ET DEE_I_004 ET DEE_D_010 ET DEE_D_410 ET DEE_D_520 ET DEE_D_920 ET DEE_D_011 ET DEE_D_411 ET POS_C_004 ET POS_C_006 ET POS_C_007 ET POS_C_009 ET POS_C_010 ET POS_C_012 ET POS_C_013 ET POS_C_022 ET POS_C_030 ET POS_C_031 ET POS_C_034 ET POS_C_035 ET POS_C_036 ET POS_C_106 ET POS_C_111 | X45: DEE_I_002 | Y45: =VLOOKUP(X45,'Axe 2 Règles de gestion'!$D$2:$F$121,3, FALSE) -> L'agent doit détenir le titre ou le diplôme requis pour l'exercice des fonctions du corps d'accueil. | Z45: DEE_I_003 | AA45: =VLOOKUP(Z45,'Axe 2 Règles de gestion'!$D$2:$F$121,3, FALSE) -> L'agent doit formuler une demande. | AB45: DEE_I_006 | AC45: =VLOOKUP(AB45,'Axe 2 Règles de gestion'!$D$2:$F$121,3, FALSE) -> Le détachement est accordé après avis des commissions administratives paritaires compétentes. | AD45: DEE_I_004 | AE45: =VLOOKUP(AD45,'Axe 2 Règles de gestion'!$D$2:$F$121,3, FALSE) -> L'accord de l'administration d'origine est nécessaire. | AP45: DEE_D_010 | AQ45: =VLOOKUP(AP45,'Axe 2 Règles de gestion'!$D$2:$F$121,3, FALSE) -> Un détachement de courte durée à l'étranger ou dans les TOM ne peut excéder 1 an entre la date de début et la date de fin prévisionnelle. | AR45: DEE_D_410 | AS45: =VLOOKUP(AR45,'Axe 2 Règles de gestion'!$D$2:$F$121,3, FALSE) -> Un détachement de courte durée à l'étranger ou dans les TOM ne peut excéder 1 an entre la date de début et la date de fin réelle. | AT45: DEE_D_520 | AU45: =VLOOKUP(AT45,'Axe 2 Règles de gestion'!$D$2:$F$121,3, FALSE) -> Un détachement de courte durée n'ayant pas lieu à l'étranger ou dans les TOM ne peut excéder six mois entre la date de début et la date de fin prévisionnelle. | AV45: DEE_D_920 | AW45: =VLOOKUP(AV45,'Axe 2 Règles de gestion'!$D$2:$F$121,3, FALSE) -> Un détachement de courte durée n'ayant pas lieu à l'étranger ou dans les TOM ne peut excéder six mois entre la date de début et la date de fin réelle. | AX45: DEE_D_011 | AY45: =VLOOKUP(AX45,'Axe 2 Règles de gestion'!$D$2:$F$121,3, FALSE) -> Un détachement de longue durée ne peut excéder 5 ans entre la date de début et la date de fin prévisionnelle. | AZ45: DEE_D_411 | BA45: =VLOOKUP(AZ45,'Axe 2 Règles de gestion'!$D$2:$F$121,3, FALSE) -> Un détachement de longue durée ne peut excéder 5 ans entre la date de début et la date de fin réelle. | BB45: POS_C_004 | BC45: =VLOOKUP(BB45,'Axe 2 Règles de gestion'!$D$2:$F$121,3, FALSE) -> La date de début de position doit être antérieure ou égale à la date de fin prévisionnelle de position. | BD45: POS_C_006 | BE45: =VLOOKUP(BD45,'Axe 2 Règles de gestion'!$D$2:$F$121,3, FALSE) -> La date de fin réelle de la position doit être antérieure ou égale à la date de fin réelle ou prévisionnelle du lien juridique. | BF45: POS_C_007 | BG45: =VLOOKUP(BF45,'Axe 2 Règles de gestion'!$D$2:$F$121,3, FALSE) -> La date de fin réelle de la position doit être antérieure à la date limite de départ à la retraite. | BH45: POS_C_009 | BI45: =VLOOKUP(BH45,'Axe 2 Règles de gestion'!$D$2:$F$121,3, FALSE) -> La date de début de la position doit être postérieure ou égale à la date de début du lien juridique. | BJ45: POS_C_010 | BK45: =VLOOKUP(BJ45,'Axe 2 Règles de gestion'!$D$2:$F$121,3, FALSE) -> La date de début de position doit être antérieure ou égale à la date de fin réelle de position. | BL45: POS_C_012 | BM45: =VLOOKUP(BL45,'Axe 2 Règles de gestion'!$D$2:$F$121,3, FALSE) -> La date de fin prévisionnelle de la position doit être antérieure à la date limite de départ à la retraite. | BN45: POS_C_013 | BO45: =VLOOKUP(BN45,'Axe 2 Règles de gestion'!$D$2:$F$121,3, FALSE) -> L'indicateur de carrière est sur la valeur "Accueil". | BP45: POS_C_022 | BQ45: =VLOOKUP(BP45,'Axe 2 Règles de gestion'!$D$2:$F$121,3, FALSE) -> La date de début de position est à J+1 de la date de fin de position de l'occurrence précédente. | BR45: POS_C_030 | BS45: =VLOOKUP(BR45,'Axe 2 Règles de gestion'!$D$2:$F$121,3, FALSE) -> Les champs "Type d'organisme d'origine", "Catégorie statutaire d'origine" et "Pays" de l'organisme d'origine doivent être renseignés. | BT45: POS_C_031 | BU45: =VLOOKUP(BT45,'Axe 2 Règles de gestion'!$D$2:$F$121,3, FALSE) -> Les champs "Ministère (ou institution de la République) d'origine", "Corps d'origine", "Grade d'origine", "Echelon d'origine" sont renseignés si le "Type d'organisme d'origine" est valorisé à FPE. | BV45: POS_C_034 | BW45: =VLOOKUP(BV45,'Axe 2 Règles de gestion'!$D$2:$F$121,3, FALSE) -> Le champ "Organisme d'origine" doit être alimenté si le type d'organisme d'origine est égal à 'Autre organisme', 'Fonction publique d'un état de l'Union Européenne' ou 'Fonction publique Européenne'. | BX45: POS_C_035 | BY45: =VLOOKUP(BX45,'Axe 2 Règles de gestion'!$D$2:$F$121,3, FALSE) -> Le champ "Code emploi statutaire FPT (NET)" est renseigné si le "Type d'organisme d'origine" est valorisé à FPT. | BZ45: POS_C_036 | CA45: =VLOOKUP(BZ45,'Axe 2 Règles de gestion'!$D$2:$F$121,3, FALSE) -> Le champ "Code emploi statutaire FPH (NEH)" est renseigné si le "Type d'organisme d'origine" est valorisé à FPH. | CB45: POS_C_106 | CC45: =VLOOKUP(CB45,'Axe 2 Règles de gestion'!$D$2:$F$121,3, FALSE) -> La date de fin prévisionnelle de la position doit être antérieure ou égale à la date de fin réelle ou prévisionnelle du lien juridique. | CD45: POS_C_111 | CE45: =VLOOKUP(CD45,'Axe 2 Règles de gestion'!$D$2:$F$121,3, FALSE) -> La date de fin ou la date de fin prévisionnelle doit être saisie.
A46: 20.00.00 | B46: A | C46: 44008.569 | D46: D0004 | E46: Position | F46: S0009 | G46: Détachement entrant/sortant | H46: E0138 | I46: Détachement entrant auprès d'une administration de l'Etat ou dans un EP de l'Etat dans un emploi ne conduisant pas à pension | J46: Position administrative Saisie égale à 'Détachement entrant auprès d'une administration de l'Etat ou dans un EP de l'Etat dans un emploi ne conduisant pas à pension' ET Indicateur de maintien saisi = Non | K46: A_POS_POSIAD [Saisi] = 'DEE04' ET A_POS_INDMAI [Saisi] = '0' | L46: T0398 | M46: Détachement entrant auprès d'une administration de l'Etat ou dans un EP de l'Etat dans un emploi ne conduisant pas à pension - Demande | N46: Création Modification | O46: Indicateur de renouvellement saisi = Non ET (Indicateur de renouvellement saisi différent d'Indicateur de renouvellement avant saisi OU Indicateur de maintien saisi différent de Indicateur de maintien avant saisi) | P46: A_POS_INDREN [Saisi] = '0' ET (A_POS_INDREN [Saisi] <> A_POS_INDREN [Valeur avant saisie] OU A_POS_INDMAI [Saisi] <> A_POS_INDMAI [Valeur avant saisie]) | Q46: Contractuel | R46: P0003 | S46: Général | T46: Passant | U46: 43831 | W46: DEE_I_002 ET DEE_I_003 ET DEE_I_004 ET DEE_D_010 ET DEE_D_410 ET DEE_D_520 ET DEE_D_920 ET DEE_D_011 ET DEE_D_411 ET POS_C_004 ET POS_C_006 ET POS_C_007 ET POS_C_009 ET POS_C_010 ET POS_C_012 ET POS_C_013 ET POS_C_022 ET POS_C_030 ET POS_C_031 ET POS_C_034 ET POS_C_035 ET POS_C_036 ET POS_C_106 ET POS_C_111 | X46: DEE_I_002 | Y46: =VLOOKUP(X46,'Axe 2 Règles de gestion'!$D$2:$F$121,3, FALSE) -> L'agent doit détenir le titre ou le diplôme requis pour l'exercice des fonctions du corps d'accueil. | Z46: DEE_I_003 | AA46: =VLOOKUP(Z46,'Axe 2 Règles de gestion'!$D$2:$F$121,3, FALSE) -> L'agent doit formuler une demande. | AB46: DEE_I_004 | AC46: =VLOOKUP(AB46,'Axe 2 Règles de gestion'!$D$2:$F$121,3, FALSE) -> L'accord de l'administration d'origine est nécessaire. | AP46: DEE_D_010 | AQ46: =VLOOKUP(AP46,'Axe 2 Règles de gestion'!$D$2:$F$121,3, FALSE) -> Un détachement de courte durée à l'étranger ou dans les TOM ne peut excéder 1 an entre la date de début et la date de fin prévisionnelle. | AR46: DEE_D_410 | AS46: =VLOOKUP(AR46,'Axe 2 Règles de gestion'!$D$2:$F$121,3, FALSE) -> Un détachement de courte durée à l'étranger ou dans les TOM ne peut excéder 1 an entre la date de début et la date de fin réelle. | AT46: DEE_D_520 | AU46: =VLOOKUP(AT46,'Axe 2 Règles de gestion'!$D$2:$F$121,3, FALSE) -> Un détachement de courte durée n'ayant pas lieu à l'étranger ou dans les TOM ne peut excéder six mois entre la date de début et la date de fin prévisionnelle. | AV46: DEE_D_920 | AW46: =VLOOKUP(AV46,'Axe 2 Règles de gestion'!$D$2:$F$121,3, FALSE) -> Un détachement de courte durée n'ayant pas lieu à l'étranger ou dans les TOM ne peut excéder six mois entre la date de début et la date de fin réelle. | AX46: DEE_D_011 | AY46: =VLOOKUP(AX46,'Axe 2 Règles de gestion'!$D$2:$F$121,3, FALSE) -> Un détachement de longue durée ne peut excéder 5 ans entre la date de début et la date de fin prévisionnelle. | AZ46: DEE_D_411 | BA46: =VLOOKUP(AZ46,'Axe 2 Règles de gestion'!$D$2:$F$121,3, FALSE) -> Un détachement de longue durée ne peut excéder 5 ans entre la date de début et la date de fin réelle. | BB46: POS_C_004 | BC46: =VLOOKUP(BB46,'Axe 2 Règles de gestion'!$D$2:$F$121,3, FALSE) -> La date de début de position doit être antérieure ou égale à la date de fin prévisionnelle de position. | BD46: POS_C_006 | BE46: =VLOOKUP(BD46,'Axe 2 Règles de gestion'!$D$2:$F$121,3, FALSE) -> La date de fin réelle de la position doit être antérieure ou égale à la date de fin réelle ou prévisionnelle du lien juridique. | BF46: POS_C_007 | BG46: =VLOOKUP(BF46,'Axe 2 Règles de gestion'!$D$2:$F$121,3, FALSE) -> La date de fin réelle de la position doit être antérieure à la date limite de départ à la retraite. | BH46: POS_C_009 | BI46: =VLOOKUP(BH46,'Axe 2 Règles de gestion'!$D$2:$F$121,3, FALSE) -> La date de début de la position doit être postérieure ou égale à la date de début du lien juridique. | BJ46: POS_C_010 | BK46: =VLOOKUP(BJ46,'Axe 2 Règles de gestion'!$D$2:$F$121,3, FALSE) -> La date de début de position doit être antérieure ou égale à la date de fin réelle de position. | BL46: POS_C_012 | BM46: =VLOOKUP(BL46,'Axe 2 Règles de gestion'!$D$2:$F$121,3, FALSE) -> La date de fin prévisionnelle de la position doit être antérieure à la date limite de départ à la retraite. | BN46: POS_C_013 | BO46: =VLOOKUP(BN46,'Axe 2 Règles de gestion'!$D$2:$F$121,3, FALSE) -> L'indicateur de carrière est sur la valeur "Accueil". | BP46: POS_C_022 | BQ46: =VLOOKUP(BP46,'Axe 2 Règles de gestion'!$D$2:$F$121,3, FALSE) -> La date de début de position est à J+1 de la date de fin de position de l'occurrence précédente. | BR46: POS_C_030 | BS46: =VLOOKUP(BR46,'Axe 2 Règles de gestion'!$D$2:$F$121,3, FALSE) -> Les champs "Type d'organisme d'origine", "Catégorie statutaire d'origine" et "Pays" de l'organisme d'origine doivent être renseignés. | BT46: POS_C_031 | BU46: =VLOOKUP(BT46,'Axe 2 Règles de gestion'!$D$2:$F$121,3, FALSE) -> Les champs "Ministère (ou institution de la République) d'origine", "Corps d'origine", "Grade d'origine", "Echelon d'origine" sont renseignés si le "Type d'organisme d'origine" est valorisé à FPE. | BV46: POS_C_034 | BW46: =VLOOKUP(BV46,'Axe 2 Règles de gestion'!$D$2:$F$121,3, FALSE) -> Le champ "Organisme d'origine" doit être alimenté si le type d'organisme d'origine est égal à 'Autre organisme', 'Fonction publique d'un état de l'Union Européenne' ou 'Fonction publique Européenne'. | BX46: POS_C_035 | BY46: =VLOOKUP(BX46,'Axe 2 Règles de gestion'!$D$2:$F$121,3, FALSE) -> Le champ "Code emploi statutaire FPT (NET)" est renseigné si le "Type d'organisme d'origine" est valorisé à FPT. | BZ46: POS_C_036 | CA46: =VLOOKUP(BZ46,'Axe 2 Règles de gestion'!$D$2:$F$121,3, FALSE) -> Le champ "Code emploi statutaire FPH (NEH)" est renseigné si le "Type d'organisme d'origine" est valorisé à FPH. | CB46: POS_C_106 | CC46: =VLOOKUP(CB46,'Axe 2 Règles de gestion'!$D$2:$F$121,3, FALSE) -> La date de fin prévisionnelle de la position doit être antérieure ou égale à la date de fin réelle ou prévisionnelle du lien juridique. | CD46: POS_C_111 | CE46: =VLOOKUP(CD46,'Axe 2 Règles de gestion'!$D$2:$F$121,3, FALSE) -> La date de fin ou la date de fin prévisionnelle doit être saisie.
A47: 20.00.00 | B47: M | C47: 43850.552 | D47: D0004 | E47: Position | F47: S0009 | G47: Détachement entrant/sortant | H47: E0138 | I47: Détachement entrant auprès d'une administration de l'Etat ou dans un EP de l'Etat dans un emploi ne conduisant pas à pension | J47: Position administrative Saisie égale à 'Détachement entrant auprès d'une administration de l'Etat ou dans un EP de l'Etat dans un emploi ne conduisant pas à pension' ET Indicateur de maintien saisi = Non | K47: A_POS_POSIAD [Saisi] = 'DEE04' ET A_POS_INDMAI [Saisi] = '0' | L47: T0399 | M47: Détachement entrant auprès d'une administration de l'Etat ou dans un EP de l'Etat dans un emploi ne conduisant pas à pension - Renouvellement | N47: Création Modification | O47: Indicateur de renouvellement saisi = Oui ET (Indicateur de renouvellement saisi différent d'Indicateur de renouvellement avant saisi OU Indicateur de maintien saisi différent de Indicateur de maintien avant saisi) | P47: A_POS_INDREN [Saisi] = '1' ET (A_POS_INDREN [Saisi] <> A_POS_INDREN [Valeur avant saisie] OU A_POS_INDMAI [Saisi] <> A_POS_INDMAI [Valeur avant saisie]) | Q47: Contractuel | R47: P0003 | S47: Général | T47: Passant | U47: 40725 | W47: DEE_I_011 ET DEE_I_012 ET DEE_D_011 ET DEE_D_411 ET DEE_D_030 ET POS_C_004 ET POS_C_006 ET POS_C_007 ET POS_C_009 ET POS_C_010 ET POS_C_012 ET POS_C_013 ET POS_C_022 ET POS_C_030 ET POS_C_031 ET POS_C_034 ET POS_C_035 ET POS_C_036 ET POS_C_106 ET POS_C_111 | X47: DEE_I_011 | Y47: =VLOOKUP(X47,'Axe 2 Règles de gestion'!$D$2:$F$121,3, FALSE) -> L'agent doit formuler une demande de renouvellement à son administration d'origine 3 mois au moins avant l'expiration de la période de détachement de longue durée. | Z47: DEE_I_012 | AA47: =VLOOKUP(Z47,'Axe 2 Règles de gestion'!$D$2:$F$121,3, FALSE) -> L'organisme d'accueil adresse sa décision à l'agent et à l'administration d'origine 2 mois au moins avant l'expiration de la période de détachement. | AP47: DEE_D_011 | AQ47: =VLOOKUP(AP47,'Axe 2 Règles de gestion'!$D$2:$F$121,3, FALSE) -> Un détachement de longue durée ne peut excéder 5 ans entre la date de début et la date de fin prévisionnelle. | AR47: DEE_D_411 | AS47: =VLOOKUP(AR47,'Axe 2 Règles de gestion'!$D$2:$F$121,3, FALSE) -> Un détachement de longue durée ne peut excéder 5 ans entre la date de début et la date de fin réelle. | AT47: DEE_D_030 | AU47: =VLOOKUP(AT47,'Axe 2 Règles de gestion'!$D$2:$F$121,3, FALSE) -> Le renouvellement d'un détachement de courte durée est interdit. | BB47: POS_C_004 | BC47: =VLOOKUP(BB47,'Axe 2 Règles de gestion'!$D$2:$F$121,3, FALSE) -> La date de début de position doit être antérieure ou égale à la date de fin prévisionnelle de position. | BD47: POS_C_006 | BE47: =VLOOKUP(BD47,'Axe 2 Règles de gestion'!$D$2:$F$121,3, FALSE) -> La date de fin réelle de la position doit être antérieure ou égale à la date de fin réelle ou prévisionnelle du lien juridique. | BF47: POS_C_007 | BG47: =VLOOKUP(BF47,'Axe 2 Règles de gestion'!$D$2:$F$121,3, FALSE) -> La date de fin réelle de la position doit être antérieure à la date limite de départ à la retraite. | BH47: POS_C_009 | BI47: =VLOOKUP(BH47,'Axe 2 Règles de gestion'!$D$2:$F$121,3, FALSE) -> La date de début de la position doit être postérieure ou égale à la date de début du lien juridique. | BJ47: POS_C_010 | BK47: =VLOOKUP(BJ47,'Axe 2 Règles de gestion'!$D$2:$F$121,3, FALSE) -> La date de début de position doit être antérieure ou égale à la date de fin réelle de position. | BL47: POS_C_012 | BM47: =VLOOKUP(BL47,'Axe 2 Règles de gestion'!$D$2:$F$121,3, FALSE) -> La date de fin prévisionnelle de la position doit être antérieure à la date limite de départ à la retraite. | BN47: POS_C_013 | BO47: =VLOOKUP(BN47,'Axe 2 Règles de gestion'!$D$2:$F$121,3, FALSE) -> L'indicateur de carrière est sur la valeur "Accueil". | BP47: POS_C_022 | BQ47: =VLOOKUP(BP47,'Axe 2 Règles de gestion'!$D$2:$F$121,3, FALSE) -> La date de début de position est à J+1 de la date de fin de position de l'occurrence précédente. | BR47: POS_C_030 | BS47: =VLOOKUP(BR47,'Axe 2 Règles de gestion'!$D$2:$F$121,3, FALSE) -> Les champs "Type d'organisme d'origine", "Catégorie statutaire d'origine" et "Pays" de l'organisme d'origine doivent être renseignés. | BT47: POS_C_031 | BU47: =VLOOKUP(BT47,'Axe 2 Règles de gestion'!$D$2:$F$121,3, FALSE) -> Les champs "Ministère (ou institution de la République) d'origine", "Corps d'origine", "Grade d'origine", "Echelon d'origine" sont renseignés si le "Type d'organisme d'origine" est valorisé à FPE. | BV47: POS_C_034 | BW47: =VLOOKUP(BV47,'Axe 2 Règles de gestion'!$D$2:$F$121,3, FALSE) -> Le champ "Organisme d'origine" doit être alimenté si le type d'organisme d'origine est égal à 'Autre organisme', 'Fonction publique d'un état de l'Union Européenne' ou 'Fonction publique Européenne'. | BX47: POS_C_035 | BY47: =VLOOKUP(BX47,'Axe 2 Règles de gestion'!$D$2:$F$121,3, FALSE) -> Le champ "Code emploi statutaire FPT (NET)" est renseigné si le "Type d'organisme d'origine" est valorisé à FPT. | BZ47: POS_C_036 | CA47: =VLOOKUP(BZ47,'Axe 2 Règles de gestion'!$D$2:$F$121,3, FALSE) -> Le champ "Code emploi statutaire FPH (NEH)" est renseigné si le "Type d'organisme d'origine" est valorisé à FPH. | CB47: POS_C_106 | CC47: =VLOOKUP(CB47,'Axe 2 Règles de gestion'!$D$2:$F$121,3, FALSE) -> La date de fin prévisionnelle de la position doit être antérieure ou égale à la date de fin réelle ou prévisionnelle du lien juridique. | CD47: POS_C_111 | CE47: =VLOOKUP(CD47,'Axe 2 Règles de gestion'!$D$2:$F$121,3, FALSE) -> La date de fin ou la date de fin prévisionnelle doit être saisie.
A48: 20.00.00 | B48: M | C48: 43850.552 | D48: D0004 | E48: Position | F48: S0009 | G48: Détachement entrant/sortant | H48: E0138 | I48: Détachement entrant auprès d'une administration de l'Etat ou dans un EP de l'Etat dans un emploi ne conduisant pas à pension | J48: Position administrative Saisie égale à 'Détachement entrant auprès d'une administration de l'Etat ou dans un EP de l'Etat dans un emploi ne conduisant pas à pension' ET Indicateur de maintien saisi = Non | K48: A_POS_POSIAD [Saisi] = 'DEE04' ET A_POS_INDMAI [Saisi] = '0' | L48: T0400 | M48: Détachement entrant auprès d'une administration de l'Etat ou dans un EP de l'Etat dans un emploi ne conduisant pas à pension - Réintégration | N48: Modification | O48: Indicateur de renouvellement saisi identique à Indicateur de renouvellement avant saisi ET Indicateur de maintien saisi identique à Indicateur de maintien avant saisi | P48: A_POS_INDREN [Saisi] = A_POS_INDREN [Valeur avant saisie] ET A_POS_INDMAI [Saisi] = A_POS_INDMAI [Valeur avant saisie] | Q48: Contractuel | R48: P0003 | S48: Général | T48: Passant | U48: 40725 | W48: DEE_I_018 ET DEE_I_026 ET DEE_I_016 ET DEE_I_012 ET DEE_I_017 ET DEE_I_037 ET DEE_D_010 ET DEE_D_410 ET DEE_D_520 ET DEE_D_920 ET DEE_D_011 ET DEE_D_411 ET POS_C_004 ET POS_C_006 ET POS_C_007 ET POS_C_010 ET POS_C_012 ET POS_C_030 ET POS_C_031 ET POS_C_034 ET POS_C_035 ET POS_C_036 ET POS_C_106 ET POS_C_111 | X48: DEE_I_018 | Y48: =VLOOKUP(X48,'Axe 2 Règles de gestion'!$D$2:$F$121,3, FALSE) -> Le détachement peut prendre fin de manière anticipée à l'initiative de l'administration d'accueil, de l'administration d'origine ou de l'agent. | Z48: DEE_I_026 | AA48: =VLOOKUP(Z48,'Axe 2 Règles de gestion'!$D$2:$F$121,3, FALSE) -> En cas de réintégration anticipée à l'initiative de l'organisme d'accueil, si l'administration d'origine ne peut pas réintégrer l'agent immédiatement, il reste en détachement jusqu'à ce qu'il soit réintégré à la première vacance. | AB48: DEE_I_016 | AC48: =VLOOKUP(AB48,'Axe 2 Règles de gestion'!$D$2:$F$121,3, FALSE) -> L'agent doit adresser une demande de réintégration à l'administration d'origine 3 mois au moins avant l'expiration de la période de détachement de longue durée. | AD48: DEE_I_012 | AE48: =VLOOKUP(AD48,'Axe 2 Règles de gestion'!$D$2:$F$121,3, FALSE) -> L'organisme d'accueil adresse sa décision à l'agent et à l'administration d'origine 2 mois au moins avant l'expiration de la période de détachement. | AF48: DEE_I_017 | AG48: =VLOOKUP(AF48,'Axe 2 Règles de gestion'!$D$2:$F$121,3, FALSE) -> Si l'agent n'adresse pas sa demande dans les délais, il est obligatoirement réintégré à la première vacance dans son corps d'origine et affecté à un emploi correspondant à son grade. | AH48: DEE_I_037 | AI48: =VLOOKUP(AH48,'Axe 2 Règles de gestion'!$D$2:$F$121,3, FALSE) -> Les dispositions relatives à la réintégration au terme d'un détachement de longue durée ne sont pas applicables aux préfets et sous-préfets. | AP48: DEE_D_010 | AQ48: =VLOOKUP(AP48,'Axe 2 Règles de gestion'!$D$2:$F$121,3, FALSE) -> Un détachement de courte durée à l'étranger ou dans les TOM ne peut excéder 1 an entre la date de début et la date de fin prévisionnelle. | AR48: DEE_D_410 | AS48: =VLOOKUP(AR48,'Axe 2 Règles de gestion'!$D$2:$F$121,3, FALSE) -> Un détachement de courte durée à l'étranger ou dans les TOM ne peut excéder 1 an entre la date de début et la date de fin réelle. | AT48: DEE_D_520 | AU48: =VLOOKUP(AT48,'Axe 2 Règles de gestion'!$D$2:$F$121,3, FALSE) -> Un détachement de courte durée n'ayant pas lieu à l'étranger ou dans les TOM ne peut excéder six mois entre la date de début et la date de fin prévisionnelle. | AV48: DEE_D_920 | AW48: =VLOOKUP(AV48,'Axe 2 Règles de gestion'!$D$2:$F$121,3, FALSE) -> Un détachement de courte durée n'ayant pas lieu à l'étranger ou dans les TOM ne peut excéder six mois entre la date de début et la date de fin réelle. | AX48: DEE_D_011 | AY48: =VLOOKUP(AX48,'Axe 2 Règles de gestion'!$D$2:$F$121,3, FALSE) -> Un détachement de longue durée ne peut excéder 5 ans entre la date de début et la date de fin prévisionnelle. | AZ48: DEE_D_411 | BA48: =VLOOKUP(AZ48,'Axe 2 Règles de gestion'!$D$2:$F$121,3, FALSE) -> Un détachement de longue durée ne peut excéder 5 ans entre la date de début et la date de fin réelle. | BB48: POS_C_004 | BC48: =VLOOKUP(BB48,'Axe 2 Règles de gestion'!$D$2:$F$121,3, FALSE) -> La date de début de position doit être antérieure ou égale à la date de fin prévisionnelle de position. | BD48: POS_C_006 | BE48: =VLOOKUP(BD48,'Axe 2 Règles de gestion'!$D$2:$F$121,3, FALSE) -> La date de fin réelle de la position doit être antérieure ou égale à la date de fin réelle ou prévisionnelle du lien juridique. | BF48: POS_C_007 | BG48: =VLOOKUP(BF48,'Axe 2 Règles de gestion'!$D$2:$F$121,3, FALSE) -> La date de fin réelle de la position doit être antérieure à la date limite de départ à la retraite. | BH48: POS_C_010 | BI48: =VLOOKUP(BH48,'Axe 2 Règles de gestion'!$D$2:$F$121,3, FALSE) -> La date de début de position doit être antérieure ou égale à la date de fin réelle de position. | BJ48: POS_C_012 | BK48: =VLOOKUP(BJ48,'Axe 2 Règles de gestion'!$D$2:$F$121,3, FALSE) -> La date de fin prévisionnelle de la position doit être antérieure à la date limite de départ à la retraite. | BL48: POS_C_030 | BM48: =VLOOKUP(BL48,'Axe 2 Règles de gestion'!$D$2:$F$121,3, FALSE) -> Les champs "Type d'organisme d'origine", "Catégorie statutaire d'origine" et "Pays" de l'organisme d'origine doivent être renseignés. | BN48: POS_C_031 | BO48: =VLOOKUP(BN48,'Axe 2 Règles de gestion'!$D$2:$F$121,3, FALSE) -> Les champs "Ministère (ou institution de la République) d'origine", "Corps d'origine", "Grade d'origine", "Echelon d'origine" sont renseignés si le "Type d'organisme d'origine" est valorisé à FPE. | BP48: POS_C_034 | BQ48: =VLOOKUP(BP48,'Axe 2 Règles de gestion'!$D$2:$F$121,3, FALSE) -> Le champ "Organisme d'origine" doit être alimenté si le type d'organisme d'origine est égal à 'Autre organisme', 'Fonction publique d'un état de l'Union Européenne' ou 'Fonction publique Européenne'. | BR48: POS_C_035 | BS48: =VLOOKUP(BR48,'Axe 2 Règles de gestion'!$D$2:$F$121,3, FALSE) -> Le champ "Code emploi statutaire FPT (NET)" est renseigné si le "Type d'organisme d'origine" est valorisé à FPT. | BT48: POS_C_036 | BU48: =VLOOKUP(BT48,'Axe 2 Règles de gestion'!$D$2:$F$121,3, FALSE) -> Le champ "Code emploi statutaire FPH (NEH)" est renseigné si le "Type d'organisme d'origine" est valorisé à FPH. | BV48: POS_C_106 | BW48: =VLOOKUP(BV48,'Axe 2 Règles de gestion'!$D$2:$F$121,3, FALSE) -> La date de fin prévisionnelle de la position doit être antérieure ou égale à la date de fin réelle ou prévisionnelle du lien juridique. | BX48: POS_C_111 | BY48: =VLOOKUP(BX48,'Axe 2 Règles de gestion'!$D$2:$F$121,3, FALSE) -> La date de fin ou la date de fin prévisionnelle doit être saisie.
A49: 17.10.00 | B49: A | C49: 43152.5 | D49: D0004 | E49: Position | F49: S0009 | G49: Détachement entrant/sortant | H49: E0138 | I49: Détachement entrant auprès d'une administration de l'Etat ou dans un EP de l'Etat dans un emploi ne conduisant pas à pension | J49: Position administrative Saisie égale à 'Détachement entrant auprès d'une administration de l'Etat ou dans un EP de l'Etat dans un emploi ne conduisant pas à pension' ET Indicateur de maintien saisi = Non | K49: A_POS_POSIAD [Saisi] = 'DEE04' ET A_POS_INDMAI [Saisi] = '0' | L49: T0398 | M49: Détachement entrant auprès d'une administration de l'Etat ou dans un EP de l'Etat dans un emploi ne conduisant pas à pension - Demande | N49: Création Modification | O49: Indicateur de renouvellement saisi = Non ET (Indicateur de renouvellement saisi différent d'Indicateur de renouvellement avant saisi OU Indicateur de maintien saisi différent de Indicateur de maintien avant saisi) | P49: A_POS_INDREN [Saisi] = '0' ET (A_POS_INDREN [Saisi] <> A_POS_INDREN [Valeur avant saisie] OU A_POS_INDMAI [Saisi] <> A_POS_INDMAI [Valeur avant saisie]) | Q49: Stagiaire ou auditeur ou élève | R49: P0004 | S49: Général | T49: Exclu | U49: 40725
A50: 17.10.00 | B50: A | C50: 43152.5 | D50: D0004 | E50: Position | F50: S0009 | G50: Détachement entrant/sortant | H50: E0138 | I50: Détachement entrant auprès d'une administration de l'Etat ou dans un EP de l'Etat dans un emploi ne conduisant pas à pension | J50: Position administrative Saisie égale à 'Détachement entrant auprès d'une administration de l'Etat ou dans un EP de l'Etat dans un emploi ne conduisant pas à pension' ET Indicateur de maintien saisi = Non | K50: A_POS_POSIAD [Saisi] = 'DEE04' ET A_POS_INDMAI [Saisi] = '0' | L50: T0399 | M50: Détachement entrant auprès d'une administration de l'Etat ou dans un EP de l'Etat dans un emploi ne conduisant pas à pension - Renouvellement | N50: Création Modification | O50: Indicateur de renouvellement saisi = Oui ET (Indicateur de renouvellement saisi différent d'Indicateur de renouvellement avant saisi OU Indicateur de maintien saisi différent de Indicateur de maintien avant saisi) | P50: A_POS_INDREN [Saisi] = '1' ET (A_POS_INDREN [Saisi] <> A_POS_INDREN [Valeur avant saisie] OU A_POS_INDMAI [Saisi] <> A_POS_INDMAI [Valeur avant saisie]) | Q50: Stagiaire ou auditeur ou élève | R50: P0004 | S50: Général | T50: Exclu | U50: 40725
A51: 17.10.00 | B51: A | C51: 43152.5 | D51: D0004 | E51: Position | F51: S0009 | G51: Détachement entrant/sortant | H51: E0138 | I51: Détachement entrant auprès d'une administration de l'Etat ou dans un EP de l'Etat dans un emploi ne conduisant pas à pension | J51: Position administrative Saisie égale à 'Détachement entrant auprès d'une administration de l'Etat ou dans un EP de l'Etat dans un emploi ne conduisant pas à pension' ET Indicateur de maintien saisi = Non | K51: A_POS_POSIAD [Saisi] = 'DEE04' ET A_POS_INDMAI [Saisi] = '0' | L51: T0400 | M51: Détachement entrant auprès d'une administration de l'Etat ou dans un EP de l'Etat dans un emploi ne conduisant pas à pension - Réintégration | N51: Modification | O51: Indicateur de renouvellement saisi identique à Indicateur de renouvellement avant saisi ET Indicateur de maintien saisi identique à Indicateur de maintien avant saisi | P51: A_POS_INDREN [Saisi] = A_POS_INDREN [Valeur avant saisie] ET A_POS_INDMAI [Saisi] = A_POS_INDMAI [Valeur avant saisie] | Q51: Stagiaire ou auditeur ou élève | R51: P0004 | S51: Général | T51: Exclu | U51: 40725
A52: 17.10.00 | B52: A | C52: 43152.5 | D52: D0004 | E52: Position | F52: S0009 | G52: Détachement entrant/sortant | H52: E0138 | I52: Détachement entrant auprès d'une administration de l'Etat ou dans un EP de l'Etat dans un emploi ne conduisant pas à pension | J52: Position administrative Saisie égale à 'Détachement entrant auprès d'une administration de l'Etat ou dans un EP de l'Etat dans un emploi ne conduisant pas à pension' ET Indicateur de maintien saisi = Non | K52: A_POS_POSIAD [Saisi] = 'DEE04' ET A_POS_INDMAI [Saisi] = '0' | L52: T0398 | M52: Détachement entrant auprès d'une administration de l'Etat ou dans un EP de l'Etat dans un emploi ne conduisant pas à pension - Demande | N52: Création Modification | O52: Indicateur de renouvellement saisi = Non ET (Indicateur de renouvellement saisi différent d'Indicateur de renouvellement avant saisi OU Indicateur de maintien saisi différent de Indicateur de maintien avant saisi) | P52: A_POS_INDREN [Saisi] = '0' ET (A_POS_INDREN [Saisi] <> A_POS_INDREN [Valeur avant saisie] OU A_POS_INDMAI [Saisi] <> A_POS_INDMAI [Valeur avant saisie]) | Q52: Ouvrier d'état | R52: P0005 | S52: Général | T52: Exclu | U52: 40725
A53: 17.10.00 | B53: A | C53: 43152.5 | D53: D0004 | E53: Position | F53: S0009 | G53: Détachement entrant/sortant | H53: E0138 | I53: Détachement entrant auprès d'une administration de l'Etat ou dans un EP de l'Etat dans un emploi ne conduisant pas à pension | J53: Position administrative Saisie égale à 'Détachement entrant auprès d'une administration de l'Etat ou dans un EP de l'Etat dans un emploi ne conduisant pas à pension' ET Indicateur de maintien saisi = Non | K53: A_POS_POSIAD [Saisi] = 'DEE04' ET A_POS_INDMAI [Saisi] = '0' | L53: T0399 | M53: Détachement entrant auprès d'une administration de l'Etat ou dans un EP de l'Etat dans un emploi ne conduisant pas à pension - Renouvellement | N53: Création Modification | O53: Indicateur de renouvellement saisi = Oui ET (Indicateur de renouvellement saisi différent d'Indicateur de renouvellement avant saisi OU Indicateur de maintien saisi différent de Indicateur de maintien avant saisi) | P53: A_POS_INDREN [Saisi] = '1' ET (A_POS_INDREN [Saisi] <> A_POS_INDREN [Valeur avant saisie] OU A_POS_INDMAI [Saisi] <> A_POS_INDMAI [Valeur avant saisie]) | Q53: Ouvrier d'état | R53: P0005 | S53: Général | T53: Exclu | U53: 40725
A54: 17.10.00 | B54: A | C54: 43152.5 | D54: D0004 | E54: Position | F54: S0009 | G54: Détachement entrant/sortant | H54: E0138 | I54: Détachement entrant auprès d'une administration de l'Etat ou dans un EP de l'Etat dans un emploi ne conduisant pas à pension | J54: Position administrative Saisie égale à 'Détachement entrant auprès d'une administration de l'Etat ou dans un EP de l'Etat dans un emploi ne conduisant pas à pension' ET Indicateur de maintien saisi = Non | K54: A_POS_POSIAD [Saisi] = 'DEE04' ET A_POS_INDMAI [Saisi] = '0' | L54: T0400 | M54: Détachement entrant auprès d'une administration de l'Etat ou dans un EP de l'Etat dans un emploi ne conduisant pas à pension - Réintégration | N54: Modification | O54: Indicateur de renouvellement saisi identique à Indicateur de renouvellement avant saisi ET Indicateur de maintien saisi identique à Indicateur de maintien avant saisi | P54: A_POS_INDREN [Saisi] = A_POS_INDREN [Valeur avant saisie] ET A_POS_INDMAI [Saisi] = A_POS_INDMAI [Valeur avant saisie] | Q54: Ouvrier d'état | R54: P0005 | S54: Général | T54: Exclu | U54: 40725
A55: 17.10.00 | B55: A | C55: 43152.5 | D55: D0004 | E55: Position | F55: S0009 | G55: Détachement entrant/sortant | H55: E0138 | I55: Détachement entrant auprès d'une administration de l'Etat ou dans un EP de l'Etat dans un emploi ne conduisant pas à pension | J55: Position administrative Saisie égale à 'Détachement entrant auprès d'une administration de l'Etat ou dans un EP de l'Etat dans un emploi ne conduisant pas à pension' ET Indicateur de maintien saisi = Non | K55: A_POS_POSIAD [Saisi] = 'DEE04' ET A_POS_INDMAI [Saisi] = '0' | L55: T0398 | M55: Détachement entrant auprès d'une administration de l'Etat ou dans un EP de l'Etat dans un emploi ne conduisant pas à pension - Demande | N55: Création Modification | O55: Indicateur de renouvellement saisi = Non ET (Indicateur de renouvellement saisi différent d'Indicateur de renouvellement avant saisi OU Indicateur de maintien saisi différent de Indicateur de maintien avant saisi) | P55: A_POS_INDREN [Saisi] = '0' ET (A_POS_INDREN [Saisi] <> A_POS_INDREN [Valeur avant saisie] OU A_POS_INDMAI [Saisi] <> A_POS_INDMAI [Valeur avant saisie]) | Q55: Contractuel membre du gouvernement | R55: P0045 | S55: Particulier | T55: Exclu | U55: 40725
A56: 17.10.00 | B56: A | C56: 43152.5 | D56: D0004 | E56: Position | F56: S0009 | G56: Détachement entrant/sortant | H56: E0138 | I56: Détachement entrant auprès d'une administration de l'Etat ou dans un EP de l'Etat dans un emploi ne conduisant pas à pension | J56: Position administrative Saisie égale à 'Détachement entrant auprès d'une administration de l'Etat ou dans un EP de l'Etat dans un emploi ne conduisant pas à pension' ET Indicateur de maintien saisi = Non | K56: A_POS_POSIAD [Saisi] = 'DEE04' ET A_POS_INDMAI [Saisi] = '0' | L56: T0399 | M56: Détachement entrant auprès d'une administration de l'Etat ou dans un EP de l'Etat dans un emploi ne conduisant pas à pension - Renouvellement | N56: Création Modification | O56: Indicateur de renouvellement saisi = Oui ET (Indicateur de renouvellement saisi différent d'Indicateur de renouvellement avant saisi OU Indicateur de maintien saisi différent de Indicateur de maintien avant saisi) | P56: A_POS_INDREN [Saisi] = '1' ET (A_POS_INDREN [Saisi] <> A_POS_INDREN [Valeur avant saisie] OU A_POS_INDMAI [Saisi] <> A_POS_INDMAI [Valeur avant saisie]) | Q56: Contractuel membre du gouvernement | R56: P0045 | S56: Particulier | T56: Exclu | U56: 40725
A57: 17.10.00 | B57: A | C57: 43152.5 | D57: D0004 | E57: Position | F57: S0009 | G57: Détachement entrant/sortant | H57: E0138 | I57: Détachement entrant auprès d'une administration de l'Etat ou dans un EP de l'Etat dans un emploi ne conduisant pas à pension | J57: Position administrative Saisie égale à 'Détachement entrant auprès d'une administration de l'Etat ou dans un EP de l'Etat dans un emploi ne conduisant pas à pension' ET Indicateur de maintien saisi = Non | K57: A_POS_POSIAD [Saisi] = 'DEE04' ET A_POS_INDMAI [Saisi] = '0' | L57: T0400 | M57: Détachement entrant auprès d'une administration de l'Etat ou dans un EP de l'Etat dans un emploi ne conduisant pas à pension - Réintégration | N57: Modification | O57: Indicateur de renouvellement saisi identique à Indicateur de renouvellement avant saisi ET Indicateur de maintien saisi identique à Indicateur de maintien avant saisi | P57: A_POS_INDREN [Saisi] = A_POS_INDREN [Valeur avant saisie] ET A_POS_INDMAI [Saisi] = A_POS_INDMAI [Valeur avant saisie] | Q57: Contractuel membre du gouvernement | R57: P0045 | S57: Particulier | T57: Exclu | U57: 40725
A58: 20.00.00 | B58: M | C58: 43850.552 | D58: D0004 | E58: Position | F58: S0009 | G58: Détachement entrant/sortant | H58: E0138 | I58: Détachement entrant auprès d'une administration de l'Etat ou dans un EP de l'Etat dans un emploi ne conduisant pas à pension | J58: Position administrative Saisie égale à 'Détachement entrant auprès d'une administration de l'Etat ou dans un EP de l'Etat dans un emploi ne conduisant pas à pension' ET Indicateur de maintien saisi = Non | K58: A_POS_POSIAD [Saisi] = 'DEE04' ET A_POS_INDMAI [Saisi] = '0' | L58: T0398 | M58: Détachement entrant auprès d'une administration de l'Etat ou dans un EP de l'Etat dans un emploi ne conduisant pas à pension - Demande | N58: Création Modification | O58: Indicateur de renouvellement saisi = Non ET (Indicateur de renouvellement saisi différent d'Indicateur de renouvellement avant saisi OU Indicateur de maintien saisi différent de Indicateur de maintien avant saisi) | P58: A_POS_INDREN [Saisi] = '0' ET (A_POS_INDREN [Saisi] <> A_POS_INDREN [Valeur avant saisie] OU A_POS_INDMAI [Saisi] <> A_POS_INDMAI [Valeur avant saisie]) | Q58: Conseiller ou avocat général à la Cour de cassation en service extraordinaire | R58: P0046 | S58: Particulier | T58: Passant | U58: 40725 | W58: DEE_I_003 ET DEE_D_505 ET DEE_D_166 ET DEE_D_466 ET POS_C_004 ET POS_C_006 ET POS_C_007 ET POS_C_009 ET POS_C_010 ET POS_C_012 ET POS_C_013 ET POS_C_022 ET POS_C_030 ET POS_C_031 ET POS_C_034 ET POS_C_035 ET POS_C_036 ET POS_C_106 ET POS_C_111 | X58: DEE_I_003 | Y58: =VLOOKUP(X58,'Axe 2 Règles de gestion'!$D$2:$F$121,3, FALSE) -> L'agent doit formuler une demande. | AP58: DEE_D_505 | AQ58: =VLOOKUP(AP58,'Axe 2 Règles de gestion'!$D$2:$F$121,3, FALSE) -> Le détachement de courte durée est interdit. | AR58: DEE_D_166 | AS58: =VLOOKUP(AR58,'Axe 2 Règles de gestion'!$D$2:$F$121,3, FALSE) -> La durée du détachement ne peut excéder 8 années successives entre la date de début et la date de fin prévisionnelle. | AT58: DEE_D_466 | AU58: =VLOOKUP(AT58,'Axe 2 Règles de gestion'!$D$2:$F$121,3, FALSE) -> La durée du détachement ne peut excéder 8 années successives entre la date de début et la date de fin réelle. | BB58: POS_C_004 | BC58: =VLOOKUP(BB58,'Axe 2 Règles de gestion'!$D$2:$F$121,3, FALSE) -> La date de début de position doit être antérieure ou égale à la date de fin prévisionnelle de position. | BD58: POS_C_006 | BE58: =VLOOKUP(BD58,'Axe 2 Règles de gestion'!$D$2:$F$121,3, FALSE) -> La date de fin réelle de la position doit être antérieure ou égale à la date de fin réelle ou prévisionnelle du lien juridique. | BF58: POS_C_007 | BG58: =VLOOKUP(BF58,'Axe 2 Règles de gestion'!$D$2:$F$121,3, FALSE) -> La date de fin réelle de la position doit être antérieure à la date limite de départ à la retraite. | BH58: POS_C_009 | BI58: =VLOOKUP(BH58,'Axe 2 Règles de gestion'!$D$2:$F$121,3, FALSE) -> La date de début de la position doit être postérieure ou égale à la date de début du lien juridique. | BJ58: POS_C_010 | BK58: =VLOOKUP(BJ58,'Axe 2 Règles de gestion'!$D$2:$F$121,3, FALSE) -> La date de début de position doit être antérieure ou égale à la date de fin réelle de position. | BL58: POS_C_012 | BM58: =VLOOKUP(BL58,'Axe 2 Règles de gestion'!$D$2:$F$121,3, FALSE) -> La date de fin prévisionnelle de la position doit être antérieure à la date limite de départ à la retraite. | BN58: POS_C_013 | BO58: =VLOOKUP(BN58,'Axe 2 Règles de gestion'!$D$2:$F$121,3, FALSE) -> L'indicateur de carrière est sur la valeur "Accueil". | BP58: POS_C_022 | BQ58: =VLOOKUP(BP58,'Axe 2 Règles de gestion'!$D$2:$F$121,3, FALSE) -> La date de début de position est à J+1 de la date de fin de position de l'occurrence précédente. | BR58: POS_C_030 | BS58: =VLOOKUP(BR58,'Axe 2 Règles de gestion'!$D$2:$F$121,3, FALSE) -> Les champs "Type d'organisme d'origine", "Catégorie statutaire d'origine" et "Pays" de l'organisme d'origine doivent être renseignés. | BT58: POS_C_031 | BU58: =VLOOKUP(BT58,'Axe 2 Règles de gestion'!$D$2:$F$121,3, FALSE) -> Les champs "Ministère (ou institution de la République) d'origine", "Corps d'origine", "Grade d'origine", "Echelon d'origine" sont renseignés si le "Type d'organisme d'origine" est valorisé à FPE. | BV58: POS_C_034 | BW58: =VLOOKUP(BV58,'Axe 2 Règles de gestion'!$D$2:$F$121,3, FALSE) -> Le champ "Organisme d'origine" doit être alimenté si le type d'organisme d'origine est égal à 'Autre organisme', 'Fonction publique d'un état de l'Union Européenne' ou 'Fonction publique Européenne'. | BX58: POS_C_035 | BY58: =VLOOKUP(BX58,'Axe 2 Règles de gestion'!$D$2:$F$121,3, FALSE) -> Le champ "Code emploi statutaire FPT (NET)" est renseigné si le "Type d'organisme d'origine" est valorisé à FPT. | BZ58: POS_C_036 | CA58: =VLOOKUP(BZ58,'Axe 2 Règles de gestion'!$D$2:$F$121,3, FALSE) -> Le champ "Code emploi statutaire FPH (NEH)" est renseigné si le "Type d'organisme d'origine" est valorisé à FPH. | CB58: POS_C_106 | CC58: =VLOOKUP(CB58,'Axe 2 Règles de gestion'!$D$2:$F$121,3, FALSE) -> La date de fin prévisionnelle de la position doit être antérieure ou égale à la date de fin réelle ou prévisionnelle du lien juridique. | CD58: POS_C_111 | CE58: =VLOOKUP(CD58,'Axe 2 Règles de gestion'!$D$2:$F$121,3, FALSE) -> La date de fin ou la date de fin prévisionnelle doit être saisie.
A59: 20.00.00 | B59: M | C59: 43850.552 | D59: D0004 | E59: Position | F59: S0009 | G59: Détachement entrant/sortant | H59: E0138 | I59: Détachement entrant auprès d'une administration de l'Etat ou dans un EP de l'Etat dans un emploi ne conduisant pas à pension | J59: Position administrative Saisie égale à 'Détachement entrant auprès d'une administration de l'Etat ou dans un EP de l'Etat dans un emploi ne conduisant pas à pension' ET Indicateur de maintien saisi = Non | K59: A_POS_POSIAD [Saisi] = 'DEE04' ET A_POS_INDMAI [Saisi] = '0' | L59: T0399 | M59: Détachement entrant auprès d'une administration de l'Etat ou dans un EP de l'Etat dans un emploi ne conduisant pas à pension - Renouvellement | N59: Création Modification | O59: Indicateur de renouvellement saisi = Oui ET (Indicateur de renouvellement saisi différent d'Indicateur de renouvellement avant saisi OU Indicateur de maintien saisi différent de Indicateur de maintien avant saisi) | P59: A_POS_INDREN [Saisi] = '1' ET (A_POS_INDREN [Saisi] <> A_POS_INDREN [Valeur avant saisie] OU A_POS_INDMAI [Saisi] <> A_POS_INDMAI [Valeur avant saisie]) | Q59: Conseiller ou avocat général à la Cour de cassation en service extraordinaire | R59: P0046 | S59: Particulier | T59: Passant | U59: 40725 | W59: DEE_D_166 ET DEE_D_466 ET POS_C_004 ET POS_C_006 ET POS_C_007 ET POS_C_009 ET POS_C_010 ET POS_C_012 ET POS_C_013 ET POS_C_022 ET POS_C_030 ET POS_C_031 ET POS_C_034 ET POS_C_035 ET POS_C_036 ET POS_C_106 ET POS_C_111 | AP59: DEE_D_166 | AQ59: =VLOOKUP(AP59,'Axe 2 Règles de gestion'!$D$2:$F$121,3, FALSE) -> La durée du détachement ne peut excéder 8 années successives entre la date de début et la date de fin prévisionnelle. | AR59: DEE_D_466 | AS59: =VLOOKUP(AR59,'Axe 2 Règles de gestion'!$D$2:$F$121,3, FALSE) -> La durée du détachement ne peut excéder 8 années successives entre la date de début et la date de fin réelle. | BB59: POS_C_004 | BC59: =VLOOKUP(BB59,'Axe 2 Règles de gestion'!$D$2:$F$121,3, FALSE) -> La date de début de position doit être antérieure ou égale à la date de fin prévisionnelle de position. | BD59: POS_C_006 | BE59: =VLOOKUP(BD59,'Axe 2 Règles de gestion'!$D$2:$F$121,3, FALSE) -> La date de fin réelle de la position doit être antérieure ou égale à la date de fin réelle ou prévisionnelle du lien juridique. | BF59: POS_C_007 | BG59: =VLOOKUP(BF59,'Axe 2 Règles de gestion'!$D$2:$F$121,3, FALSE) -> La date de fin réelle de la position doit être antérieure à la date limite de départ à la retraite. | BH59: POS_C_009 | BI59: =VLOOKUP(BH59,'Axe 2 Règles de gestion'!$D$2:$F$121,3, FALSE) -> La date de début de la position doit être postérieure ou égale à la date de début du lien juridique. | BJ59: POS_C_010 | BK59: =VLOOKUP(BJ59,'Axe 2 Règles de gestion'!$D$2:$F$121,3, FALSE) -> La date de début de position doit être antérieure ou égale à la date de fin réelle de position. | BL59: POS_C_012 | BM59: =VLOOKUP(BL59,'Axe 2 Règles de gestion'!$D$2:$F$121,3, FALSE) -> La date de fin prévisionnelle de la position doit être antérieure à la date limite de départ à la retraite. | BN59: POS_C_013 | BO59: =VLOOKUP(BN59,'Axe 2 Règles de gestion'!$D$2:$F$121,3, FALSE) -> L'indicateur de carrière est sur la valeur "Accueil". | BP59: POS_C_022 | BQ59: =VLOOKUP(BP59,'Axe 2 Règles de gestion'!$D$2:$F$121,3, FALSE) -> La date de début de position est à J+1 de la date de fin de position de l'occurrence précédente. | BR59: POS_C_030 | BS59: =VLOOKUP(BR59,'Axe 2 Règles de gestion'!$D$2:$F$121,3, FALSE) -> Les champs "Type d'organisme d'origine", "Catégorie statutaire d'origine" et "Pays" de l'organisme d'origine doivent être renseignés. | BT59: POS_C_031 | BU59: =VLOOKUP(BT59,'Axe 2 Règles de gestion'!$D$2:$F$121,3, FALSE) -> Les champs "Ministère (ou institution de la République) d'origine", "Corps d'origine", "Grade d'origine", "Echelon d'origine" sont renseignés si le "Type d'organisme d'origine" est valorisé à FPE. | BV59: POS_C_034 | BW59: =VLOOKUP(BV59,'Axe 2 Règles de gestion'!$D$2:$F$121,3, FALSE) -> Le champ "Organisme d'origine" doit être alimenté si le type d'organisme d'origine est égal à 'Autre organisme', 'Fonction publique d'un état de l'Union Européenne' ou 'Fonction publique Européenne'. | BX59: POS_C_035 | BY59: =VLOOKUP(BX59,'Axe 2 Règles de gestion'!$D$2:$F$121,3, FALSE) -> Le champ "Code emploi statutaire FPT (NET)" est renseigné si le "Type d'organisme d'origine" est valorisé à FPT. | BZ59: POS_C_036 | CA59: =VLOOKUP(BZ59,'Axe 2 Règles de gestion'!$D$2:$F$121,3, FALSE) -> Le champ "Code emploi statutaire FPH (NEH)" est renseigné si le "Type d'organisme d'origine" est valorisé à FPH. | CB59: POS_C_106 | CC59: =VLOOKUP(CB59,'Axe 2 Règles de gestion'!$D$2:$F$121,3, FALSE) -> La date de fin prévisionnelle de la position doit être antérieure ou égale à la date de fin réelle ou prévisionnelle du lien juridique. | CD59: POS_C_111 | CE59: =VLOOKUP(CD59,'Axe 2 Règles de gestion'!$D$2:$F$121,3, FALSE) -> La date de fin ou la date de fin prévisionnelle doit être saisie.
