Workbook
Name date_DIADC: 'Mode opératoire'!#REF!
Name notice_DIADC: 'Mode opératoire'!#REF!
Name notice_ENCHN: 'Mode opératoire'!$B$1:$B$4
Name notice_ICA: 'Mode opératoire'!#REF!

Sheet Mode opératoire
B1: MODE OPERATOIRE
B2: La description d'une position entrante dans un dossier agent, nécessite la MAJ des données portées par les 2 sous-rubriques suivantes : - Position statutaire/situation administrative - Détachement, affectation ou MAD entrant La spécification métier regroupe au sein d'un évènement unique l'articulation des RG mobilisant des données appartenant à ces deux sous-rubriques. Ainsi, le métier considère que les données associées à ces deux sous rubriques sont mises à jour dans la même transaction. !N!Les positions concernées sont les codes de positions mobilisés dans l'axe1.

Sheet Axe 1 Enchainement des RG
A1: Version | B1: Type de mise à jour | C1: Date de mise à jour | D1: Identifiant Domaine | E1: Libellé du Domaine | F1: Identifiant Sous-domaine | G1: Libellé du Sous-domaine | H1: Identifiant Evénement | I1: Libellé de l'évènement | J1: Libellé condition déclenchement Evènement | K1: Condition déclenchement Evènement | L1: Identifiant type d'évènement | M1: Libellé type d'évènement | N1: Type de mise à jour | O1: Libellé condition déclenchement Type Evènement | P1: Condition déclenchement Type Evènement | Q1: Libellé Population | R1: Codification Population | S1: Typologie de population | T1: Général / Particulier | U1: Passant / Exclu | V1: Date de début | W1: Date de fin | X1: Règles mobilisées | Y1: Identifiant Règle de contrôle intellectuel 1 | Z1: Libellé Règle de contrôle intellectuel 1 | AA1: Identifiant Règle de contrôle intellectuel 2 | AB1: Libellé Règle de contrôle intellectuel 2 | AC1: Identifiant Règle de contrôle intellectuel 3 | AD1: Libellé Règle de contrôle intellectuel 3 | AE1: Identifiant Règle de contrôle intellectuel 4 | AF1: Libellé Règle de contrôle intellectuel 4 | AG1: Identifiant Règle de contrôle intellectuel 5 | AH1: Libellé Règle de contrôle intellectuel 5 | AI1: Identifiant Règle de contrôle intellectuel 6 | AJ1: Libellé Règle de contrôle intellectuel 6 | AK1: Identifiant Règle de contrôle intellectuel 7 | AL1: Libellé Règle de contrôle intellectuel 7 | AM1: Identifiant Règle de contrôle intellectuel 8 | AN1: Libellé Règle de contrôle intellectuel 8 | AO1: Identifiant Règle de contrôle intellectuel 9 | AP1: Libellé Règle de contrôle intellectuel 9 | AQ1: Identifiant Règle de condition 1 | AR1: Libellé Règle de condition 1 | AS1: Identifiant Règle de condition 2 | AT1: Libellé Règle de condition 2 | AU1: Identifiant Règle de contrôle 1 | AV1: Libellé Règle de contrôle 1 | AW1: Identifiant Règle de contrôle 2 | AX1: Libellé Règle de contrôle 2 | AY1: Identifiant Règle de contrôle 3 | AZ1: Libellé Règle de contrôle 3 | BA1: Identifiant Règle de contrôle 4 | BB1: Libellé Règle de contrôle 4 | BC1: Identifiant Règle de contrôle 5 | BD1: Libellé Règle de contrôle 5 | BE1: Identifiant Règle de contrôle 6 | BF1: Libellé Règle de contrôle 6 | BG1: Identifiant Règle de contrôle 7 | BH1: Libellé Règle de contrôle 7 | BI1: Identifiant Règle de contrôle 8 | BJ1: Libellé Règle de contrôle 8 | BK1: Identifiant Règle de contrôle 9 | BL1: Libellé Règle de contrôle 9 | BM1: Identifiant Règle de contrôle 10 | BN1: Libellé Règle de contrôle 10 | BO1: Identifiant Règle de contrôle 11 | BP1: Libellé Règle de contrôle 11 | BQ1: FIME | BR1: Statut de travail
A2: 22.00.00 | B2: M | C2: 44711.679 | D2: D0004 | E2: Position | F2: S0011 | G2: Position normale d'activité entrante et entrante sortante | H2: E0158 | I2: Position normale d'activité entrante payée ancien dispositif | J2: Position / Situation saisie égale à 'Position normale d'activité entrante payée' ET Date de début position < 18/04/2020 | K2: A_POS_POSIAD [Saisi] = 'ACI0A' ET A_POS_DATEB [Saisi] < 18/04/2020 | L2: T0465 | M2: Position normale d'activité entrante payée - Demande | N2: Création | Q2: Titulaire ou magistrat | R2: P0001 | S2: T | T2: Général | U2: Passant | V2: 40725 | W2: 43861 | X2: PNE_I_002 ET PNE_I_001 ET PNE_I_006 ET PNE_I_004 ET PNE_I_005 ET PNE_I_003 ET PNE_I_007 ET PNE_I_014 ET POS_C_005 ET POS_C_022 ET POS_C_010 ET POS_C_004 ET POS_C_007 ET POS_C_012 ET POS_C_030 ET POS_C_031 ET POS_C_034 ET POS_C_035 ET POS_C_036 | Y2: PNE_I_002 | Z2: =VLOOKUP(Y2,'Axe 2 Règles de gestion'!$D$2:$F$41,3, FALSE) -> L'agent doit effectuer une demande. | AA2: PNE_I_001 | AB2: =VLOOKUP(AA2,'Axe 2 Règles de gestion'!$D$2:$F$41,3, FALSE) -> L'affectation intervient à l'initiative de l'agent ou de l'administration. | AC2: PNE_I_006 | AD2: =VLOOKUP(AC2,'Axe 2 Règles de gestion'!$D$2:$F$41,3, FALSE) -> L'administration ne peut s'opposer à un changement d'affectation d'un agent qui a obtenu l'accord de l'organisme d'accueil que pour des motifs liés aux nécessités du service ou liés à un avis d'incompatibilité rendu par la commission de déontologie. | AE2: PNE_I_004 | AF2: =VLOOKUP(AE2,'Axe 2 Règles de gestion'!$D$2:$F$41,3, FALSE) -> Un avis conforme de l'administration d'accueil a préalablement été transmis à l'administration d'origine sauf dans le cadre d'un transfert de service. | AG2: PNE_I_005 | AH2: =VLOOKUP(AG2,'Axe 2 Règles de gestion'!$D$2:$F$41,3, FALSE) -> Lorsque l'affectation de l'agent est prononcée dans un établissement public, le ministère de tutelle en est préalablement informé. | AI2: PNE_I_003 | AJ2: =VLOOKUP(AI2,'Axe 2 Règles de gestion'!$D$2:$F$41,3, FALSE) -> L'affectation en position normale d'activité hors de l'administration d'origine est prononcée sans limitation de durée. | AK2: PNE_I_007 | AL2: =VLOOKUP(AK2,'Axe 2 Règles de gestion'!$D$2:$F$41,3, FALSE) -> L'administration peut exiger que l'agent respecte un délai maximal de préavis de 3 mois. Ce délai peut être porté à une durée plus longue, qui ne saurait toutefois excéder 6 mois. | AM2: PNE_I_014 | AN2: =VLOOKUP(AM2,'Axe 2 Règles de gestion'!$D$2:$F$41,3, FALSE) -> Le silence de l'administration gardé pendant 2 mois à compter de la réception de la demande de l'agent vaut acceptation. | AU2: POS_C_005 | AV2: =VLOOKUP(AU2,'Axe 2 Règles de gestion'!$D$2:$F$41,3, FALSE) -> La date de début de la position doit être postérieure ou égale à la date d'entrée dans la FPE ou dans la carrière militaire. | AW2: POS_C_022 | AX2: =VLOOKUP(AW2,'Axe 2 Règles de gestion'!$D$2:$F$41,3, FALSE) -> La date de début de position est à J+1 de la date de fin de position de l'occurrence précédente. | AY2: POS_C_010 | AZ2: =VLOOKUP(AY2,'Axe 2 Règles de gestion'!$D$2:$F$41,3, FALSE) -> La date de début de position doit être antérieure ou égale à la date de fin réelle de position. | BA2: POS_C_004 | BB2: =VLOOKUP(BA2,'Axe 2 Règles de gestion'!$D$2:$F$41,3, FALSE) -> La date de début de position doit être antérieure ou égale à la date de fin prévisionnelle de position. | BC2: POS_C_007 | BD2: =VLOOKUP(BC2,'Axe 2 Règles de gestion'!$D$2:$F$41,3, FALSE) -> La date de fin réelle de la position doit être antérieure à la date limite de départ à la retraite. | BE2: POS_C_012 | BF2: =VLOOKUP(BE2,'Axe 2 Règles de gestion'!$D$2:$F$41,3, FALSE) -> La date de fin prévisionnelle de la position doit être antérieure à la date limite de départ à la retraite. | BG2: POS_C_030 | BH2: =VLOOKUP(BG2,'Axe 2 Règles de gestion'!$D$2:$F$41,3, FALSE) -> Les champs "Type d'organisme d'origine", "Catégorie statutaire d'origine" et "Pays" de l'organisme d'origine doivent être renseignés. | BI2: POS_C_031 | BJ2: =VLOOKUP(BI2,'Axe 2 Règles de gestion'!$D$2:$F$41,3, FALSE) -> Les champs "Ministère (ou institution de la République) d'origine", "Corps d'origine", "Grade d'origine", "Echelon d'origine" sont renseignés si le "Type d'organisme d'origine" est valorisé à FPE. | BK2: POS_C_034 | BL2: =VLOOKUP(BK2,'Axe 2 Règles de gestion'!$D$2:$F$41,3, FALSE) -> Le champ "Organisme d'origine" doit être alimenté si le type d'organisme d'origine est égal à 'Autre organisme', 'Fonction publique d'un état de l'Union Européenne' ou 'Fonction publique Européenne'. | BM2: POS_C_035 | BN2: =VLOOKUP(BM2,'Axe 2 Règles de gestion'!$D$2:$F$41,3, FALSE) -> Le champ "Code emploi statutaire FPT (NET)" est renseigné si le "Type d'organisme d'origine" est valorisé à FPT. | BO2: POS_C_036 | BP2: =VLOOKUP(BO2,'Axe 2 Règles de gestion'!$D$2:$F$41,3, FALSE) -> Le champ "Code emploi statutaire FPH (NEH)" est renseigné si le "Type d'organisme d'origine" est valorisé à FPH.
A3: 22.00.00 | B3: A | C3: 44711.422 | D3: D0004 | E3: Position | F3: S0011 | G3: Position normale d'activité entrante et entrante sortante | H3: E0158 | I3: Position normale d'activité entrante payée ancien dispositif | J3: Position / Situation saisie égale à 'Position normale d'activité entrante payée' ET Date de début position < 18/04/2020 | K3: A_POS_POSIAD [Saisi] = 'ACI0A' ET A_POS_DATEB [Saisi] < 18/04/2020 | L3: T0465 | M3: Position normale d'activité entrante payée - Demande | N3: Création | Q3: Titulaire ou magistrat | R3: P0001 | S3: T | T3: Général | U3: Passant | V3: 43862 | W3: 43938 | X3: PNE_I_002 ET PNE_I_001 ET PNE_I_013 ET PNE_I_004 ET PNE_I_005 ET PNE_I_003 ET PNE_I_007 ET PNE_I_014 ET POS_C_005 ET POS_C_022 ET POS_C_010 ET POS_C_004 ET POS_C_007 ET POS_C_012 ET POS_C_030 ET POS_C_031 ET POS_C_034 ET POS_C_035 ET POS_C_036 | Y3: PNE_I_002 | Z3: =VLOOKUP(Y3,'Axe 2 Règles de gestion'!$D$2:$F$41,3, FALSE) -> L'agent doit effectuer une demande. | AA3: PNE_I_001 | AB3: =VLOOKUP(AA3,'Axe 2 Règles de gestion'!$D$2:$F$41,3, FALSE) -> L'affectation intervient à l'initiative de l'agent ou de l'administration. | AC3: PNE_I_013 | AD3: =VLOOKUP(AC3,'Axe 2 Règles de gestion'!$D$2:$F$41,3, FALSE) -> L'administration ne peut s'opposer au changement d'affectation d'un agent qui a obtenu l'accord de l'organisme d'accueil que pour des motifs liés aux nécessités du service ou à un avis rendu par la Haute Autorité pour la transparence de la vie publique. | AE3: PNE_I_004 | AF3: =VLOOKUP(AE3,'Axe 2 Règles de gestion'!$D$2:$F$41,3, FALSE) -> Un avis conforme de l'administration d'accueil a préalablement été transmis à l'administration d'origine sauf dans le cadre d'un transfert de service. | AG3: PNE_I_005 | AH3: =VLOOKUP(AG3,'Axe 2 Règles de gestion'!$D$2:$F$41,3, FALSE) -> Lorsque l'affectation de l'agent est prononcée dans un établissement public, le ministère de tutelle en est préalablement informé. | AI3: PNE_I_003 | AJ3: =VLOOKUP(AI3,'Axe 2 Règles de gestion'!$D$2:$F$41,3, FALSE) -> L'affectation en position normale d'activité hors de l'administration d'origine est prononcée sans limitation de durée. | AK3: PNE_I_007 | AL3: =VLOOKUP(AK3,'Axe 2 Règles de gestion'!$D$2:$F$41,3, FALSE) -> L'administration peut exiger que l'agent respecte un délai maximal de préavis de 3 mois. Ce délai peut être porté à une durée plus longue, qui ne saurait toutefois excéder 6 mois. | AM3: PNE_I_014 | AN3: =VLOOKUP(AM3,'Axe 2 Règles de gestion'!$D$2:$F$41,3, FALSE) -> Le silence de l'administration gardé pendant 2 mois à compter de la réception de la demande de l'agent vaut acceptation. | AU3: POS_C_005 | AV3: =VLOOKUP(AU3,'Axe 2 Règles de gestion'!$D$2:$F$41,3, FALSE) -> La date de début de la position doit être postérieure ou égale à la date d'entrée dans la FPE ou dans la carrière militaire. | AW3: POS_C_022 | AX3: =VLOOKUP(AW3,'Axe 2 Règles de gestion'!$D$2:$F$41,3, FALSE) -> La date de début de position est à J+1 de la date de fin de position de l'occurrence précédente. | AY3: POS_C_010 | AZ3: =VLOOKUP(AY3,'Axe 2 Règles de gestion'!$D$2:$F$41,3, FALSE) -> La date de début de position doit être antérieure ou égale à la date de fin réelle de position. | BA3: POS_C_004 | BB3: =VLOOKUP(BA3,'Axe 2 Règles de gestion'!$D$2:$F$41,3, FALSE) -> La date de début de position doit être antérieure ou égale à la date de fin prévisionnelle de position. | BC3: POS_C_007 | BD3: =VLOOKUP(BC3,'Axe 2 Règles de gestion'!$D$2:$F$41,3, FALSE) -> La date de fin réelle de la position doit être antérieure à la date limite de départ à la retraite. | BE3: POS_C_012 | BF3: =VLOOKUP(BE3,'Axe 2 Règles de gestion'!$D$2:$F$41,3, FALSE) -> La date de fin prévisionnelle de la position doit être antérieure à la date limite de départ à la retraite. | BG3: POS_C_030 | BH3: =VLOOKUP(BG3,'Axe 2 Règles de gestion'!$D$2:$F$41,3, FALSE) -> Les champs "Type d'organisme d'origine", "Catégorie statutaire d'origine" et "Pays" de l'organisme d'origine doivent être renseignés. | BI3: POS_C_031 | BJ3: =VLOOKUP(BI3,'Axe 2 Règles de gestion'!$D$2:$F$41,3, FALSE) -> Les champs "Ministère (ou institution de la République) d'origine", "Corps d'origine", "Grade d'origine", "Echelon d'origine" sont renseignés si le "Type d'organisme d'origine" est valorisé à FPE. | BK3: POS_C_034 | BL3: =VLOOKUP(BK3,'Axe 2 Règles de gestion'!$D$2:$F$41,3, FALSE) -> Le champ "Organisme d'origine" doit être alimenté si le type d'organisme d'origine est égal à 'Autre organisme', 'Fonction publique d'un état de l'Union Européenne' ou 'Fonction publique Européenne'. | BM3: POS_C_035 | BN3: =VLOOKUP(BM3,'Axe 2 Règles de gestion'!$D$2:$F$41,3, FALSE) -> Le champ "Code emploi statutaire FPT (NET)" est renseigné si le "Type d'organisme d'origine" est valorisé à FPT. | BO3: POS_C_036 | BP3: =VLOOKUP(BO3,'Axe 2 Règles de gestion'!$D$2:$F$41,3, FALSE) -> Le champ "Code emploi statutaire FPH (NEH)" est renseigné si le "Type d'organisme d'origine" est valorisé à FPH.
A4: 20.00.00 | B4: M | C4: 43999.454 | D4: D0004 | E4: Position | F4: S0011 | G4: Position normale d'activité entrante et entrante sortante | H4: E0158 | I4: Position normale d'activité entrante payée ancien dispositif | J4: Position / Situation saisie égale à 'Position normale d'activité entrante payée' ET Date de début position < 18/04/2020 | K4: A_POS_POSIAD [Saisi] = 'ACI0A' ET A_POS_DATEB [Saisi] < 18/04/2020 | L4: T0466 | M4: Position normale d'activité entrante payée- Fin | N4: Modification | Q4: Titulaire ou magistrat | R4: P0001 | S4: T | T4: Général | U4: Passant | V4: 40725 | W4: 43938 | X4: PNE_I_003 ET POS_C_010 ET POS_C_004 ET POS_C_007 ET POS_C_012 ET POS_C_030 ET POS_C_031 ET POS_C_034 ET POS_C_035 ET POS_C_036 | Y4: PNE_I_003 | Z4: =VLOOKUP(Y4,'Axe 2 Règles de gestion'!$D$2:$F$41,3, FALSE) -> L'affectation en position normale d'activité hors de l'administration d'origine est prononcée sans limitation de durée. | AU4: POS_C_010 | AV4: =VLOOKUP(AU4,'Axe 2 Règles de gestion'!$D$2:$F$41,3, FALSE) -> La date de début de position doit être antérieure ou égale à la date de fin réelle de position. | AW4: POS_C_004 | AX4: =VLOOKUP(AW4,'Axe 2 Règles de gestion'!$D$2:$F$41,3, FALSE) -> La date de début de position doit être antérieure ou égale à la date de fin prévisionnelle de position. | AY4: POS_C_007 | AZ4: =VLOOKUP(AY4,'Axe 2 Règles de gestion'!$D$2:$F$41,3, FALSE) -> La date de fin réelle de la position doit être antérieure à la date limite de départ à la retraite. | BA4: POS_C_012 | BB4: =VLOOKUP(BA4,'Axe 2 Règles de gestion'!$D$2:$F$41,3, FALSE) -> La date de fin prévisionnelle de la position doit être antérieure à la date limite de départ à la retraite. | BC4: POS_C_030 | BD4: =VLOOKUP(BC4,'Axe 2 Règles de gestion'!$D$2:$F$41,3, FALSE) -> Les champs "Type d'organisme d'origine", "Catégorie statutaire d'origine" et "Pays" de l'organisme d'origine doivent être renseignés. | BE4: POS_C_031 | BF4: =VLOOKUP(BE4,'Axe 2 Règles de gestion'!$D$2:$F$41,3, FALSE) -> Les champs "Ministère (ou institution de la République) d'origine", "Corps d'origine", "Grade d'origine", "Echelon d'origine" sont renseignés si le "Type d'organisme d'origine" est valorisé à FPE. | BG4: POS_C_034 | BH4: =VLOOKUP(BG4,'Axe 2 Règles de gestion'!$D$2:$F$41,3, FALSE) -> Le champ "Organisme d'origine" doit être alimenté si le type d'organisme d'origine est égal à 'Autre organisme', 'Fonction publique d'un état de l'Union Européenne' ou 'Fonction publique Européenne'. | BI4: POS_C_035 | BJ4: =VLOOKUP(BI4,'Axe 2 Règles de gestion'!$D$2:$F$41,3, FALSE) -> Le champ "Code emploi statutaire FPT (NET)" est renseigné si le "Type d'organisme d'origine" est valorisé à FPT. | BK4: POS_C_036 | BL4: =VLOOKUP(BK4,'Axe 2 Règles de gestion'!$D$2:$F$41,3, FALSE) -> Le champ "Code emploi statutaire FPH (NEH)" est renseigné si le "Type d'organisme d'origine" est valorisé à FPH.
A5: 20.00.00 | B5: M | C5: 43999.642 | D5: D0004 | E5: Position | F5: S0011 | G5: Position normale d'activité entrante et entrante sortante | H5: E0158 | I5: Position normale d'activité entrante payée ancien dispositif | J5: Position / Situation saisie égale à 'Position normale d'activité entrante payée' ET Date de début position < 18/04/2020 | K5: A_POS_POSIAD [Saisi] = 'ACI0A' ET A_POS_DATEB [Saisi] < 18/04/2020 | L5: T0465 | M5: Position normale d'activité entrante payée - Demande | N5: Création | Q5: Militaire | R5: P0002 | S5: M | T5: Général | U5: Exclu | V5: 40725 | W5: 43938
A6: 20.00.00 | B6: M | C6: 43999.64 | D6: D0004 | E6: Position | F6: S0011 | G6: Position normale d'activité entrante et entrante sortante | H6: E0158 | I6: Position normale d'activité entrante payée ancien dispositif | J6: Position / Situation saisie égale à 'Position normale d'activité entrante payée' ET Date de début position < 18/04/2020 | K6: A_POS_POSIAD [Saisi] = 'ACI0A' ET A_POS_DATEB [Saisi] < 18/04/2020 | L6: T0466 | M6: Position normale d'activité entrante payée- Fin | N6: Modification | Q6: Militaire | R6: P0002 | S6: M | T6: Général | U6: Exclu | V6: 40725 | W6: 43938
A7: 20.00.00 | B7: M | C7: 43999.642 | D7: D0004 | E7: Position | F7: S0011 | G7: Position normale d'activité entrante et entrante sortante | H7: E0158 | I7: Position normale d'activité entrante payée ancien dispositif | J7: Position / Situation saisie égale à 'Position normale d'activité entrante payée' ET Date de début position < 18/04/2020 | K7: A_POS_POSIAD [Saisi] = 'ACI0A' ET A_POS_DATEB [Saisi] < 18/04/2020 | L7: T0465 | M7: Position normale d'activité entrante payée - Demande | N7: Création | Q7: Contractuel | R7: P0003 | S7: N | T7: Général | U7: Exclu | V7: 40725 | W7: 43938
A8: 20.00.00 | B8: M | C8: 43999.641 | D8: D0004 | E8: Position | F8: S0011 | G8: Position normale d'activité entrante et entrante sortante | H8: E0158 | I8: Position normale d'activité entrante payée ancien dispositif | J8: Position / Situation saisie égale à 'Position normale d'activité entrante payée' ET Date de début position < 18/04/2020 | K8: A_POS_POSIAD [Saisi] = 'ACI0A' ET A_POS_DATEB [Saisi] < 18/04/2020 | L8: T0466 | M8: Position normale d'activité entrante payée- Fin | N8: Modification | Q8: Contractuel | R8: P0003 | S8: N | T8: Général | U8: Exclu | V8: 40725 | W8: 43938
A9: 22.00.00 | B9: M | C9: 44711.426 | D9: D0004 | E9: Position | F9: S0011 | G9: Position normale d'activité entrante et entrante sortante | H9: E0158 | I9: Position normale d'activité entrante payée ancien dispositif | J9: Position / Situation saisie égale à 'Position normale d'activité entrante payée' ET Date de début position < 18/04/2020 | K9: A_POS_POSIAD [Saisi] = 'ACI0A' ET A_POS_DATEB [Saisi] < 18/04/2020 | L9: T0465 | M9: Position normale d'activité entrante payée - Demande | N9: Création | Q9: Stagiaire ou auditeur ou élève | R9: P0004 | S9: S | T9: Général | U9: Passant | V9: 40725 | W9: 43938 | X9: PNE_I_002 ET PNE_I_001 ET PNE_I_004 ET PNE_I_005 ET PNE_I_003 ET POS_C_005 ET POS_C_022 ET POS_C_010 ET POS_C_004 ET POS_C_007 ET POS_C_012 ET POS_C_030 ET POS_C_031 ET POS_C_034 ET POS_C_035 ET POS_C_036 | Y9: PNE_I_002 | Z9: =VLOOKUP(Y9,'Axe 2 Règles de gestion'!$D$2:$F$41,3, FALSE) -> L'agent doit effectuer une demande. | AA9: PNE_I_001 | AB9: =VLOOKUP(AA9,'Axe 2 Règles de gestion'!$D$2:$F$41,3, FALSE) -> L'affectation intervient à l'initiative de l'agent ou de l'administration. | AC9: PNE_I_004 | AD9: =VLOOKUP(AC9,'Axe 2 Règles de gestion'!$D$2:$F$41,3, FALSE) -> Un avis conforme de l'administration d'accueil a préalablement été transmis à l'administration d'origine sauf dans le cadre d'un transfert de service. | AE9: PNE_I_005 | AF9: =VLOOKUP(AE9,'Axe 2 Règles de gestion'!$D$2:$F$41,3, FALSE) -> Lorsque l'affectation de l'agent est prononcée dans un établissement public, le ministère de tutelle en est préalablement informé. | AG9: PNE_I_003 | AH9: =VLOOKUP(AG9,'Axe 2 Règles de gestion'!$D$2:$F$41,3, FALSE) -> L'affectation en position normale d'activité hors de l'administration d'origine est prononcée sans limitation de durée. | AU9: POS_C_005 | AV9: =VLOOKUP(AU9,'Axe 2 Règles de gestion'!$D$2:$F$41,3, FALSE) -> La date de début de la position doit être postérieure ou égale à la date d'entrée dans la FPE ou dans la carrière militaire. | AW9: POS_C_022 | AX9: =VLOOKUP(AW9,'Axe 2 Règles de gestion'!$D$2:$F$41,3, FALSE) -> La date de début de position est à J+1 de la date de fin de position de l'occurrence précédente. | AY9: POS_C_010 | AZ9: =VLOOKUP(AY9,'Axe 2 Règles de gestion'!$D$2:$F$41,3, FALSE) -> La date de début de position doit être antérieure ou égale à la date de fin réelle de position. | BA9: POS_C_004 | BB9: =VLOOKUP(BA9,'Axe 2 Règles de gestion'!$D$2:$F$41,3, FALSE) -> La date de début de position doit être antérieure ou égale à la date de fin prévisionnelle de position. | BC9: POS_C_007 | BD9: =VLOOKUP(BC9,'Axe 2 Règles de gestion'!$D$2:$F$41,3, FALSE) -> La date de fin réelle de la position doit être antérieure à la date limite de départ à la retraite. | BE9: POS_C_012 | BF9: =VLOOKUP(BE9,'Axe 2 Règles de gestion'!$D$2:$F$41,3, FALSE) -> La date de fin prévisionnelle de la position doit être antérieure à la date limite de départ à la retraite. | BG9: POS_C_030 | BH9: =VLOOKUP(BG9,'Axe 2 Règles de gestion'!$D$2:$F$41,3, FALSE) -> Les champs "Type d'organisme d'origine", "Catégorie statutaire d'origine" et "Pays" de l'organisme d'origine doivent être renseignés. | BI9: POS_C_031 | BJ9: =VLOOKUP(BI9,'Axe 2 Règles de gestion'!$D$2:$F$41,3, FALSE) -> Les champs "Ministère (ou institution de la République) d'origine", "Corps d'origine", "Grade d'origine", "Echelon d'origine" sont renseignés si le "Type d'organisme d'origine" est valorisé à FPE. | BK9: POS_C_034 | BL9: =VLOOKUP(BK9,'Axe 2 Règles de gestion'!$D$2:$F$41,3, FALSE) -> Le champ "Organisme d'origine" doit être alimenté si le type d'organisme d'origine est égal à 'Autre organisme', 'Fonction publique d'un état de l'Union Européenne' ou 'Fonction publique Européenne'. | BM9: POS_C_035 | BN9: =VLOOKUP(BM9,'Axe 2 Règles de gestion'!$D$2:$F$41,3, FALSE) -> Le champ "Code emploi statutaire FPT (NET)" est renseigné si le "Type d'organisme d'origine" est valorisé à FPT. | BO9: POS_C_036 | BP9: =VLOOKUP(BO9,'Axe 2 Règles de gestion'!$D$2:$F$41,3, FALSE) -> Le champ "Code emploi statutaire FPH (NEH)" est renseigné si le "Type d'organisme d'origine" est valorisé à FPH.
A10: 20.00.00 | B10: M | C10: 43999.453 | D10: D0004 | E10: Position | F10: S0011 | G10: Position normale d'activité entrante et entrante sortante | H10: E0158 | I10: Position normale d'activité entrante payée ancien dispositif | J10: Position / Situation saisie égale à 'Position normale d'activité entrante payée' ET Date de début position < 18/04/2020 | K10: A_POS_POSIAD [Saisi] = 'ACI0A' ET A_POS_DATEB [Saisi] < 18/04/2020 | L10: T0466 | M10: Position normale d'activité entrante payée- Fin | N10: Modification | Q10: Stagiaire ou auditeur ou élève | R10: P0004 | S10: S | T10: Général | U10: Passant | V10: 40725 | W10: 43938 | X10: PNE_I_003 ET POS_C_010 ET POS_C_004 ET POS_C_007 ET POS_C_012 ET POS_C_030 ET POS_C_031 ET POS_C_034 ET POS_C_035 ET POS_C_036 | Y10: PNE_I_003 | Z10: =VLOOKUP(Y10,'Axe 2 Règles de gestion'!$D$2:$F$41,3, FALSE) -> L'affectation en position normale d'activité hors de l'administration d'origine est prononcée sans limitation de durée. | AU10: POS_C_010 | AV10: =VLOOKUP(AU10,'Axe 2 Règles de gestion'!$D$2:$F$41,3, FALSE) -> La date de début de position doit être antérieure ou égale à la date de fin réelle de position. | AW10: POS_C_004 | AX10: =VLOOKUP(AW10,'Axe 2 Règles de gestion'!$D$2:$F$41,3, FALSE) -> La date de début de position doit être antérieure ou égale à la date de fin prévisionnelle de position. | AY10: POS_C_007 | AZ10: =VLOOKUP(AY10,'Axe 2 Règles de gestion'!$D$2:$F$41,3, FALSE) -> La date de fin réelle de la position doit être antérieure à la date limite de départ à la retraite. | BA10: POS_C_012 | BB10: =VLOOKUP(BA10,'Axe 2 Règles de gestion'!$D$2:$F$41,3, FALSE) -> La date de fin prévisionnelle de la position doit être antérieure à la date limite de départ à la retraite. | BC10: POS_C_030 | BD10: =VLOOKUP(BC10,'Axe 2 Règles de gestion'!$D$2:$F$41,3, FALSE) -> Les champs "Type d'organisme d'origine", "Catégorie statutaire d'origine" et "Pays" de l'organisme d'origine doivent être renseignés. | BE10: POS_C_031 | BF10: =VLOOKUP(BE10,'Axe 2 Règles de gestion'!$D$2:$F$41,3, FALSE) -> Les champs "Ministère (ou institution de la République) d'origine", "Corps d'origine", "Grade d'origine", "Echelon d'origine" sont renseignés si le "Type d'organisme d'origine" est valorisé à FPE. | BG10: POS_C_034 | BH10: =VLOOKUP(BG10,'Axe 2 Règles de gestion'!$D$2:$F$41,3, FALSE) -> Le champ "Organisme d'origine" doit être alimenté si le type d'organisme d'origine est égal à 'Autre organisme', 'Fonction publique d'un état de l'Union Européenne' ou 'Fonction publique Européenne'. | BI10: POS_C_035 | BJ10: =VLOOKUP(BI10,'Axe 2 Règles de gestion'!$D$2:$F$41,3, FALSE) -> Le champ "Code emploi statutaire FPT (NET)" est renseigné si le "Type d'organisme d'origine" est valorisé à FPT. | BK10: POS_C_036 | BL10: =VLOOKUP(BK10,'Axe 2 Règles de gestion'!$D$2:$F$41,3, FALSE) -> Le champ "Code emploi statutaire FPH (NEH)" est renseigné si le "Type d'organisme d'origine" est valorisé à FPH.
A11: 20.00.00 | B11: M | C11: 43999.642 | D11: D0004 | E11: Position | F11: S0011 | G11: Position normale d'activité entrante et entrante sortante | H11: E0158 | I11: Position normale d'activité entrante payée ancien dispositif | J11: Position / Situation saisie égale à 'Position normale d'activité entrante payée' ET Date de début position < 18/04/2020 | K11: A_POS_POSIAD [Saisi] = 'ACI0A' ET A_POS_DATEB [Saisi] < 18/04/2020 | L11: T0465 | M11: Position normale d'activité entrante payée - Demande | N11: Création | Q11: Ouvrier d'état | R11: P0005 | S11: O | T11: Général | U11: Exclu | V11: 40725 | W11: 43938
A12: 20.00.00 | B12: M | C12: 43999.642 | D12: D0004 | E12: Position | F12: S0011 | G12: Position normale d'activité entrante et entrante sortante | H12: E0158 | I12: Position normale d'activité entrante payée ancien dispositif | J12: Position / Situation saisie égale à 'Position normale d'activité entrante payée' ET Date de début position < 18/04/2020 | K12: A_POS_POSIAD [Saisi] = 'ACI0A' ET A_POS_DATEB [Saisi] < 18/04/2020 | L12: T0466 | M12: Position normale d'activité entrante payée- Fin | N12: Modification | Q12: Ouvrier d'état | R12: P0005 | S12: O | T12: Général | U12: Exclu | V12: 40725 | W12: 43938
A13: 20.00.00 | B13: M | C13: 43999.643 | D13: D0004 | E13: Position | F13: S0011 | G13: Position normale d'activité entrante et entrante sortante | H13: E0158 | I13: Position normale d'activité entrante payée ancien dispositif | J13: Position / Situation saisie égale à 'Position normale d'activité entrante payée' ET Date de début position < 18/04/2020 | K13: A_POS_POSIAD [Saisi] = 'ACI0A' ET A_POS_DATEB [Saisi] < 18/04/2020 | L13: T0465 | M13: Position normale d'activité entrante payée - Demande | N13: Création | Q13: Magistrat de l'ordre judiciaire | R13: P0007 | S13: T | T13: Particulier | U13: Exclu | V13: 40725 | W13: 43938
A14: 20.00.00 | B14: M | C14: 43999.644 | D14: D0004 | E14: Position | F14: S0011 | G14: Position normale d'activité entrante et entrante sortante | H14: E0158 | I14: Position normale d'activité entrante payée ancien dispositif | J14: Position / Situation saisie égale à 'Position normale d'activité entrante payée' ET Date de début position < 18/04/2020 | K14: A_POS_POSIAD [Saisi] = 'ACI0A' ET A_POS_DATEB [Saisi] < 18/04/2020 | L14: T0466 | M14: Position normale d'activité entrante payée- Fin | N14: Modification | Q14: Magistrat de l'ordre judiciaire | R14: P0007 | S14: T | T14: Particulier | U14: Exclu | V14: 40725 | W14: 43938
A15: 20.00.00 | B15: M | C15: 43999.643 | D15: D0004 | E15: Position | F15: S0011 | G15: Position normale d'activité entrante et entrante sortante | H15: E0158 | I15: Position normale d'activité entrante payée ancien dispositif | J15: Position / Situation saisie égale à 'Position normale d'activité entrante payée' ET Date de début position < 18/04/2020 | K15: A_POS_POSIAD [Saisi] = 'ACI0A' ET A_POS_DATEB [Saisi] < 18/04/2020 | L15: T0465 | M15: Position normale d'activité entrante payée - Demande | N15: Création | Q15: Auditeur de justice ou élève | R15: P0034 | S15: S | T15: Particulier | U15: Exclu | V15: 40725 | W15: 43938
A16: 20.00.00 | B16: M | C16: 43999.644 | D16: D0004 | E16: Position | F16: S0011 | G16: Position normale d'activité entrante et entrante sortante | H16: E0158 | I16: Position normale d'activité entrante payée ancien dispositif | J16: Position / Situation saisie égale à 'Position normale d'activité entrante payée' ET Date de début position < 18/04/2020 | K16: A_POS_POSIAD [Saisi] = 'ACI0A' ET A_POS_DATEB [Saisi] < 18/04/2020 | L16: T0466 | M16: Position normale d'activité entrante payée- Fin | N16: Modification | Q16: Auditeur de justice ou élève | R16: P0034 | S16: S | T16: Particulier | U16: Exclu | V16: 40725 | W16: 43938
A17: 22.00.00 | B17: M | C17: 44711.68 | D17: D0004 | E17: Position | F17: S0011 | G17: Position normale d'activité entrante et entrante sortante | H17: E0159 | I17: Position normale d'activité entrante non payée ancien dispositif | J17: Position / Situation saisie égale à 'Position normale d'activité entrante non payée' ET Date de début position < 18/04/2020 | K17: A_POS_POSIAD [Saisi] = 'ACI0B' ET A_POS_DATEB [Saisi] < 18/04/2020 | L17: T0467 | M17: Position normale d'activité entrante non payée - Demande | N17: Création | Q17: Titulaire ou magistrat | R17: P0001 | S17: T | T17: Général | U17: Passant | V17: 40725 | W17: 43861 | X17: PNE_I_002 ET PNE_I_001 ET PNE_I_006 ET PNE_I_004 ET PNE_I_005 ET PNE_I_003 ET PNE_I_007 ET PNE_I_014 ET POS_C_005 ET POS_C_022 ET POS_C_010 ET POS_C_004 ET POS_C_007 ET POS_C_012 ET POS_C_030 ET POS_C_031 ET POS_C_034 ET POS_C_035 ET POS_C_036 | Y17: PNE_I_002 | Z17: =VLOOKUP(Y17,'Axe 2 Règles de gestion'!$D$2:$F$41,3, FALSE) -> L'agent doit effectuer une demande. | AA17: PNE_I_001 | AB17: =VLOOKUP(AA17,'Axe 2 Règles de gestion'!$D$2:$F$41,3, FALSE) -> L'affectation intervient à l'initiative de l'agent ou de l'administration. | AC17: PNE_I_006 | AD17: =VLOOKUP(AC17,'Axe 2 Règles de gestion'!$D$2:$F$41,3, FALSE) -> L'administration ne peut s'opposer à un changement d'affectation d'un agent qui a obtenu l'accord de l'organisme d'accueil que pour des motifs liés aux nécessités du service ou liés à un avis d'incompatibilité rendu par la commission de déontologie. | AE17: PNE_I_004 | AF17: =VLOOKUP(AE17,'Axe 2 Règles de gestion'!$D$2:$F$41,3, FALSE) -> Un avis conforme de l'administration d'accueil a préalablement été transmis à l'administration d'origine sauf dans le cadre d'un transfert de service. | AG17: PNE_I_005 | AH17: =VLOOKUP(AG17,'Axe 2 Règles de gestion'!$D$2:$F$41,3, FALSE) -> Lorsque l'affectation de l'agent est prononcée dans un établissement public, le ministère de tutelle en est préalablement informé. | AI17: PNE_I_003 | AJ17: =VLOOKUP(AI17,'Axe 2 Règles de gestion'!$D$2:$F$41,3, FALSE) -> L'affectation en position normale d'activité hors de l'administration d'origine est prononcée sans limitation de durée. | AK17: PNE_I_007 | AL17: =VLOOKUP(AK17,'Axe 2 Règles de gestion'!$D$2:$F$41,3, FALSE) -> L'administration peut exiger que l'agent respecte un délai maximal de préavis de 3 mois. Ce délai peut être porté à une durée plus longue, qui ne saurait toutefois excéder 6 mois. | AM17: PNE_I_014 | AN17: =VLOOKUP(AM17,'Axe 2 Règles de gestion'!$D$2:$F$41,3, FALSE) -> Le silence de l'administration gardé pendant 2 mois à compter de la réception de la demande de l'agent vaut acceptation. | AU17: POS_C_005 | AV17: =VLOOKUP(AU17,'Axe 2 Règles de gestion'!$D$2:$F$41,3, FALSE) -> La date de début de la position doit être postérieure ou égale à la date d'entrée dans la FPE ou dans la carrière militaire. | AW17: POS_C_022 | AX17: =VLOOKUP(AW17,'Axe 2 Règles de gestion'!$D$2:$F$41,3, FALSE) -> La date de début de position est à J+1 de la date de fin de position de l'occurrence précédente. | AY17: POS_C_010 | AZ17: =VLOOKUP(AY17,'Axe 2 Règles de gestion'!$D$2:$F$41,3, FALSE) -> La date de début de position doit être antérieure ou égale à la date de fin réelle de position. | BA17: POS_C_004 | BB17: =VLOOKUP(BA17,'Axe 2 Règles de gestion'!$D$2:$F$41,3, FALSE) -> La date de début de position doit être antérieure ou égale à la date de fin prévisionnelle de position. | BC17: POS_C_007 | BD17: =VLOOKUP(BC17,'Axe 2 Règles de gestion'!$D$2:$F$41,3, FALSE) -> La date de fin réelle de la position doit être antérieure à la date limite de départ à la retraite. | BE17: POS_C_012 | BF17: =VLOOKUP(BE17,'Axe 2 Règles de gestion'!$D$2:$F$41,3, FALSE) -> La date de fin prévisionnelle de la position doit être antérieure à la date limite de départ à la retraite. | BG17: POS_C_030 | BH17: =VLOOKUP(BG17,'Axe 2 Règles de gestion'!$D$2:$F$41,3, FALSE) -> Les champs "Type d'organisme d'origine", "Catégorie statutaire d'origine" et "Pays" de l'organisme d'origine doivent être renseignés. | BI17: POS_C_031 | BJ17: =VLOOKUP(BI17,'Axe 2 Règles de gestion'!$D$2:$F$41,3, FALSE) -> Les champs "Ministère (ou institution de la République) d'origine", "Corps d'origine", "Grade d'origine", "Echelon d'origine" sont renseignés si le "Type d'organisme d'origine" est valorisé à FPE. | BK17: POS_C_034 | BL17: =VLOOKUP(BK17,'Axe 2 Règles de gestion'!$D$2:$F$41,3, FALSE) -> Le champ "Organisme d'origine" doit être alimenté si le type d'organisme d'origine est égal à 'Autre organisme', 'Fonction publique d'un état de l'Union Européenne' ou 'Fonction publique Européenne'. | BM17: POS_C_035 | BN17: =VLOOKUP(BM17,'Axe 2 Règles de gestion'!$D$2:$F$41,3, FALSE) -> Le champ "Code emploi statutaire FPT (NET)" est renseigné si le "Type d'organisme d'origine" est valorisé à FPT. | BO17: POS_C_036 | BP17: =VLOOKUP(BO17,'Axe 2 Règles de gestion'!$D$2:$F$41,3, FALSE) -> Le champ "Code emploi statutaire FPH (NEH)" est renseigné si le "Type d'organisme d'origine" est valorisé à FPH.
A18: 22.00.00 | B18: A | C18: 44711.428 | D18: D0004 | E18: Position | F18: S0011 | G18: Position normale d'activité entrante et entrante sortante | H18: E0159 | I18: Position normale d'activité entrante non payée ancien dispositif | J18: Position / Situation saisie égale à 'Position normale d'activité entrante non payée' ET Date de début position < 18/04/2020 | K18: A_POS_POSIAD [Saisi] = 'ACI0B' ET A_POS_DATEB [Saisi] < 18/04/2020 | L18: T0467 | M18: Position normale d'activité entrante non payée - Demande | N18: Création | Q18: Titulaire ou magistrat | R18: P0001 | S18: T | T18: Général | U18: Passant | V18: 43862 | W18: 43938 | X18: PNE_I_002 ET PNE_I_001 ET PNE_I_013 ET PNE_I_004 ET PNE_I_005 ET PNE_I_003 ET PNE_I_007 ET PNE_I_014 ET POS_C_005 ET POS_C_022 ET POS_C_010 ET POS_C_004 ET POS_C_007 ET POS_C_012 ET POS_C_030 ET POS_C_031 ET POS_C_034 ET POS_C_035 ET POS_C_036 | Y18: PNE_I_002 | Z18: =VLOOKUP(Y18,'Axe 2 Règles de gestion'!$D$2:$F$41,3, FALSE) -> L'agent doit effectuer une demande. | AA18: PNE_I_001 | AB18: =VLOOKUP(AA18,'Axe 2 Règles de gestion'!$D$2:$F$41,3, FALSE) -> L'affectation intervient à l'initiative de l'agent ou de l'administration. | AC18: PNE_I_013 | AD18: =VLOOKUP(AC18,'Axe 2 Règles de gestion'!$D$2:$F$41,3, FALSE) -> L'administration ne peut s'opposer au changement d'affectation d'un agent qui a obtenu l'accord de l'organisme d'accueil que pour des motifs liés aux nécessités du service ou à un avis rendu par la Haute Autorité pour la transparence de la vie publique. | AE18: PNE_I_004 | AF18: =VLOOKUP(AE18,'Axe 2 Règles de gestion'!$D$2:$F$41,3, FALSE) -> Un avis conforme de l'administration d'accueil a préalablement été transmis à l'administration d'origine sauf dans le cadre d'un transfert de service. | AG18: PNE_I_005 | AH18: =VLOOKUP(AG18,'Axe 2 Règles de gestion'!$D$2:$F$41,3, FALSE) -> Lorsque l'affectation de l'agent est prononcée dans un établissement public, le ministère de tutelle en est préalablement informé. | AI18: PNE_I_003 | AJ18: =VLOOKUP(AI18,'Axe 2 Règles de gestion'!$D$2:$F$41,3, FALSE) -> L'affectation en position normale d'activité hors de l'administration d'origine est prononcée sans limitation de durée. | AK18: PNE_I_007 | AL18: =VLOOKUP(AK18,'Axe 2 Règles de gestion'!$D$2:$F$41,3, FALSE) -> L'administration peut exiger que l'agent respecte un délai maximal de préavis de 3 mois. Ce délai peut être porté à une durée plus longue, qui ne saurait toutefois excéder 6 mois. | AM18: PNE_I_014 | AN18: =VLOOKUP(AM18,'Axe 2 Règles de gestion'!$D$2:$F$41,3, FALSE) -> Le silence de l'administration gardé pendant 2 mois à compter de la réception de la demande de l'agent vaut acceptation. | AU18: POS_C_005 | AV18: =VLOOKUP(AU18,'Axe 2 Règles de gestion'!$D$2:$F$41,3, FALSE) -> La date de début de la position doit être postérieure ou égale à la date d'entrée dans la FPE ou dans la carrière militaire. | AW18: POS_C_022 | AX18: =VLOOKUP(AW18,'Axe 2 Règles de gestion'!$D$2:$F$41,3, FALSE) -> La date de début de position est à J+1 de la date de fin de position de l'occurrence précédente. | AY18: POS_C_010 | AZ18: =VLOOKUP(AY18,'Axe 2 Règles de gestion'!$D$2:$F$41,3, FALSE) -> La date de début de position doit être antérieure ou égale à la date de fin réelle de position. | BA18: POS_C_004 | BB18: =VLOOKUP(BA18,'Axe 2 Règles de gestion'!$D$2:$F$41,3, FALSE) -> La date de début de position doit être antérieure ou égale à la date de fin prévisionnelle de position. | BC18: POS_C_007 | BD18: =VLOOKUP(BC18,'Axe 2 Règles de gestion'!$D$2:$F$41,3, FALSE) -> La date de fin réelle de la position doit être antérieure à la date limite de départ à la retraite. | BE18: POS_C_012 | BF18: =VLOOKUP(BE18,'Axe 2 Règles de gestion'!$D$2:$F$41,3, FALSE) -> La date de fin prévisionnelle de la position doit être antérieure à la date limite de départ à la retraite. | BG18: POS_C_030 | BH18: =VLOOKUP(BG18,'Axe 2 Règles de gestion'!$D$2:$F$41,3, FALSE) -> Les champs "Type d'organisme d'origine", "Catégorie statutaire d'origine" et "Pays" de l'organisme d'origine doivent être renseignés. | BI18: POS_C_031 | BJ18: =VLOOKUP(BI18,'Axe 2 Règles de gestion'!$D$2:$F$41,3, FALSE) -> Les champs "Ministère (ou institution de la République) d'origine", "Corps d'origine", "Grade d'origine", "Echelon d'origine" sont renseignés si le "Type d'organisme d'origine" est valorisé à FPE. | BK18: POS_C_034 | BL18: =VLOOKUP(BK18,'Axe 2 Règles de gestion'!$D$2:$F$41,3, FALSE) -> Le champ "Organisme d'origine" doit être alimenté si le type d'organisme d'origine est égal à 'Autre organisme', 'Fonction publique d'un état de l'Union Européenne' ou 'Fonction publique Européenne'. | BM18: POS_C_035 | BN18: =VLOOKUP(BM18,'Axe 2 Règles de gestion'!$D$2:$F$41,3, FALSE) -> Le champ "Code emploi statutaire FPT (NET)" est renseigné si le "Type d'organisme d'origine" est valorisé à FPT. | BO18: POS_C_036 | BP18: =VLOOKUP(BO18,'Axe 2 Règles de gestion'!$D$2:$F$41,3, FALSE) -> Le champ "Code emploi statutaire FPH (NEH)" est renseigné si le "Type d'organisme d'origine" est valorisé à FPH.
A19: 20.00.00 | B19: M | C19: 43999.456 | D19: D0004 | E19: Position | F19: S0011 | G19: Position normale d'activité entrante et entrante sortante | H19: E0159 | I19: Position normale d'activité entrante non payée ancien dispositif | J19: Position / Situation saisie égale à 'Position normale d'activité entrante non payée' ET Date de début position < 18/04/2020 | K19: A_POS_POSIAD [Saisi] = 'ACI0B' ET A_POS_DATEB [Saisi] < 18/04/2020 | L19: T0468 | M19: Position normale d'activité entrante non payée - Fin | N19: Modification | Q19: Titulaire ou magistrat | R19: P0001 | S19: T | T19: Général | U19: Passant | V19: 40725 | W19: 43938 | X19: PNE_I_003 ET POS_C_010 ET POS_C_004 ET POS_C_007 ET POS_C_012 ET POS_C_030 ET POS_C_031 ET POS_C_034 ET POS_C_035 ET POS_C_036 | Y19: PNE_I_003 | Z19: =VLOOKUP(Y19,'Axe 2 Règles de gestion'!$D$2:$F$41,3, FALSE) -> L'affectation en position normale d'activité hors de l'administration d'origine est prononcée sans limitation de durée. | AU19: POS_C_010 | AV19: =VLOOKUP(AU19,'Axe 2 Règles de gestion'!$D$2:$F$41,3, FALSE) -> La date de début de position doit être antérieure ou égale à la date de fin réelle de position. | AW19: POS_C_004 | AX19: =VLOOKUP(AW19,'Axe 2 Règles de gestion'!$D$2:$F$41,3, FALSE) -> La date de début de position doit être antérieure ou égale à la date de fin prévisionnelle de position. | AY19: POS_C_007 | AZ19: =VLOOKUP(AY19,'Axe 2 Règles de gestion'!$D$2:$F$41,3, FALSE) -> La date de fin réelle de la position doit être antérieure à la date limite de départ à la retraite. | BA19: POS_C_012 | BB19: =VLOOKUP(BA19,'Axe 2 Règles de gestion'!$D$2:$F$41,3, FALSE) -> La date de fin prévisionnelle de la position doit être antérieure à la date limite de départ à la retraite. | BC19: POS_C_030 | BD19: =VLOOKUP(BC19,'Axe 2 Règles de gestion'!$D$2:$F$41,3, FALSE) -> Les champs "Type d'organisme d'origine", "Catégorie statutaire d'origine" et "Pays" de l'organisme d'origine doivent être renseignés. | BE19: POS_C_031 | BF19: =VLOOKUP(BE19,'Axe 2 Règles de gestion'!$D$2:$F$41,3, FALSE) -> Les champs "Ministère (ou institution de la République) d'origine", "Corps d'origine", "Grade d'origine", "Echelon d'origine" sont renseignés si le "Type d'organisme d'origine" est valorisé à FPE. | BG19: POS_C_034 | BH19: =VLOOKUP(BG19,'Axe 2 Règles de gestion'!$D$2:$F$41,3, FALSE) -> Le champ "Organisme d'origine" doit être alimenté si le type d'organisme d'origine est égal à 'Autre organisme', 'Fonction publique d'un état de l'Union Européenne' ou 'Fonction publique Européenne'. | BI19: POS_C_035 | BJ19: =VLOOKUP(BI19,'Axe 2 Règles de gestion'!$D$2:$F$41,3, FALSE) -> Le champ "Code emploi statutaire FPT (NET)" est renseigné si le "Type d'organisme d'origine" est valorisé à FPT. | BK19: POS_C_036 | BL19: =VLOOKUP(BK19,'Axe 2 Règles de gestion'!$D$2:$F$41,3, FALSE) -> Le champ "Code emploi statutaire FPH (NEH)" est renseigné si le "Type d'organisme d'origine" est valorisé à FPH.
A20: 20.00.00 | B20: M | C20: 43999.645 | D20: D0004 | E20: Position | F20: S0011 | G20: Position normale d'activité entrante et entrante sortante | H20: E0159 | I20: Position normale d'activité entrante non payée ancien dispositif | J20: Position / Situation saisie égale à 'Position normale d'activité entrante non payée' ET Date de début position < 18/04/2020 | K20: A_POS_POSIAD [Saisi] = 'ACI0B' ET A_POS_DATEB [Saisi] < 18/04/2020 | L20: T0467 | M20: Position normale d'activité entrante non payée - Demande | N20: Création | Q20: Militaire | R20: P0002 | S20: M | T20: Général | U20: Exclu | V20: 40725 | W20: 43938
A21: 20.00.00 | B21: M | C21: 43999.647 | D21: D0004 | E21: Position | F21: S0011 | G21: Position normale d'activité entrante et entrante sortante | H21: E0159 | I21: Position normale d'activité entrante non payée ancien dispositif | J21: Position / Situation saisie égale à 'Position normale d'activité entrante non payée' ET Date de début position < 18/04/2020 | K21: A_POS_POSIAD [Saisi] = 'ACI0B' ET A_POS_DATEB [Saisi] < 18/04/2020 | L21: T0468 | M21: Position normale d'activité entrante non payée - Fin | N21: Modification | Q21: Militaire | R21: P0002 | S21: M | T21: Général | U21: Exclu | V21: 40725 | W21: 43938
A22: 20.00.00 | B22: M | C22: 43999.646 | D22: D0004 | E22: Position | F22: S0011 | G22: Position normale d'activité entrante et entrante sortante | H22: E0159 | I22: Position normale d'activité entrante non payée ancien dispositif | J22: Position / Situation saisie égale à 'Position normale d'activité entrante non payée' ET Date de début position < 18/04/2020 | K22: A_POS_POSIAD [Saisi] = 'ACI0B' ET A_POS_DATEB [Saisi] < 18/04/2020 | L22: T0467 | M22: Position normale d'activité entrante non payée - Demande | N22: Création | Q22: Contractuel | R22: P0003 | S22: N | T22: Général | U22: Exclu | V22: 40725 | W22: 43938
A23: 20.00.00 | B23: M | C23: 43999.647 | D23: D0004 | E23: Position | F23: S0011 | G23: Position normale d'activité entrante et entrante sortante | H23: E0159 | I23: Position normale d'activité entrante non payée ancien dispositif | J23: Position / Situation saisie égale à 'Position normale d'activité entrante non payée' ET Date de début position < 18/04/2020 | K23: A_POS_POSIAD [Saisi] = 'ACI0B' ET A_POS_DATEB [Saisi] < 18/04/2020 | L23: T0468 | M23: Position normale d'activité entrante non payée - Fin | N23: Modification | Q23: Contractuel | R23: P0003 | S23: N | T23: Général | U23: Exclu | V23: 40725 | W23: 43938
A24: 22.00.00 | B24: M | C24: 44711.435 | D24: D0004 | E24: Position | F24: S0011 | G24: Position normale d'activité entrante et entrante sortante | H24: E0159 | I24: Position normale d'activité entrante non payée ancien dispositif | J24: Position / Situation saisie égale à 'Position normale d'activité entrante non payée' ET Date de début position < 18/04/2020 | K24: A_POS_POSIAD [Saisi] = 'ACI0B' ET A_POS_DATEB [Saisi] < 18/04/2020 | L24: T0467 | M24: Position normale d'activité entrante non payée - Demande | N24: Création | Q24: Stagiaire ou auditeur ou élève | R24: P0004 | S24: S | T24: Général | U24: Passant | V24: 40725 | W24: 43938 | X24: PNE_I_002 ET PNE_I_001 ET PNE_I_004 ET PNE_I_005 ET PNE_I_003 ET POS_C_005 ET POS_C_022 ET POS_C_010 ET POS_C_004 ET POS_C_007 ET POS_C_012 ET POS_C_030 ET POS_C_031 ET POS_C_034 ET POS_C_035 ET POS_C_036 | Y24: PNE_I_002 | Z24: =VLOOKUP(Y24,'Axe 2 Règles de gestion'!$D$2:$F$41,3, FALSE) -> L'agent doit effectuer une demande. | AA24: PNE_I_001 | AB24: =VLOOKUP(AA24,'Axe 2 Règles de gestion'!$D$2:$F$41,3, FALSE) -> L'affectation intervient à l'initiative de l'agent ou de l'administration. | AC24: PNE_I_004 | AD24: =VLOOKUP(AC24,'Axe 2 Règles de gestion'!$D$2:$F$41,3, FALSE) -> Un avis conforme de l'administration d'accueil a préalablement été transmis à l'administration d'origine sauf dans le cadre d'un transfert de service. | AE24: PNE_I_005 | AF24: =VLOOKUP(AE24,'Axe 2 Règles de gestion'!$D$2:$F$41,3, FALSE) -> Lorsque l'affectation de l'agent est prononcée dans un établissement public, le ministère de tutelle en est préalablement informé. | AG24: PNE_I_003 | AH24: =VLOOKUP(AG24,'Axe 2 Règles de gestion'!$D$2:$F$41,3, FALSE) -> L'affectation en position normale d'activité hors de l'administration d'origine est prononcée sans limitation de durée. | AU24: POS_C_005 | AV24: =VLOOKUP(AU24,'Axe 2 Règles de gestion'!$D$2:$F$41,3, FALSE) -> La date de début de la position doit être postérieure ou égale à la date d'entrée dans la FPE ou dans la carrière militaire. | AW24: POS_C_022 | AX24: =VLOOKUP(AW24,'Axe 2 Règles de gestion'!$D$2:$F$41,3, FALSE) -> La date de début de position est à J+1 de la date de fin de position de l'occurrence précédente. | AY24: POS_C_010 | AZ24: =VLOOKUP(AY24,'Axe 2 Règles de gestion'!$D$2:$F$41,3, FALSE) -> La date de début de position doit être antérieure ou égale à la date de fin réelle de position. | BA24: POS_C_004 | BB24: =VLOOKUP(BA24,'Axe 2 Règles de gestion'!$D$2:$F$41,3, FALSE) -> La date de début de position doit être antérieure ou égale à la date de fin prévisionnelle de position. | BC24: POS_C_007 | BD24: =VLOOKUP(BC24,'Axe 2 Règles de gestion'!$D$2:$F$41,3, FALSE) -> La date de fin réelle de la position doit être antérieure à la date limite de départ à la retraite. | BE24: POS_C_012 | BF24: =VLOOKUP(BE24,'Axe 2 Règles de gestion'!$D$2:$F$41,3, FALSE) -> La date de fin prévisionnelle de la position doit être antérieure à la date limite de départ à la retraite. | BG24: POS_C_030 | BH24: =VLOOKUP(BG24,'Axe 2 Règles de gestion'!$D$2:$F$41,3, FALSE) -> Les champs "Type d'organisme d'origine", "Catégorie statutaire d'origine" et "Pays" de l'organisme d'origine doivent être renseignés. | BI24: POS_C_031 | BJ24: =VLOOKUP(BI24,'Axe 2 Règles de gestion'!$D$2:$F$41,3, FALSE) -> Les champs "Ministère (ou institution de la République) d'origine", "Corps d'origine", "Grade d'origine", "Echelon d'origine" sont renseignés si le "Type d'organisme d'origine" est valorisé à FPE. | BK24: POS_C_034 | BL24: =VLOOKUP(BK24,'Axe 2 Règles de gestion'!$D$2:$F$41,3, FALSE) -> Le champ "Organisme d'origine" doit être alimenté si le type d'organisme d'origine est égal à 'Autre organisme', 'Fonction publique d'un état de l'Union Européenne' ou 'Fonction publique Européenne'. | BM24: POS_C_035 | BN24: =VLOOKUP(BM24,'Axe 2 Règles de gestion'!$D$2:$F$41,3, FALSE) -> Le champ "Code emploi statutaire FPT (NET)" est renseigné si le "Type d'organisme d'origine" est valorisé à FPT. | BO24: POS_C_036 | BP24: =VLOOKUP(BO24,'Axe 2 Règles de gestion'!$D$2:$F$41,3, FALSE) -> Le champ "Code emploi statutaire FPH (NEH)" est renseigné si le "Type d'organisme d'origine" est valorisé à FPH.
A25: 20.00.00 | B25: M | C25: 43999.456 | D25: D0004 | E25: Position | F25: S0011 | G25: Position normale d'activité entrante et entrante sortante | H25: E0159 | I25: Position normale d'activité entrante non payée ancien dispositif | J25: Position / Situation saisie égale à 'Position normale d'activité entrante non payée' ET Date de début position < 18/04/2020 | K25: A_POS_POSIAD [Saisi] = 'ACI0B' ET A_POS_DATEB [Saisi] < 18/04/2020 | L25: T0468 | M25: Position normale d'activité entrante non payée - Fin | N25: Modification | Q25: Stagiaire ou auditeur ou élève | R25: P0004 | S25: S | T25: Général | U25: Passant | V25: 40725 | W25: 43938 | X25: PNE_I_003 ET POS_C_010 ET POS_C_004 ET POS_C_007 ET POS_C_012 ET POS_C_030 ET POS_C_031 ET POS_C_034 ET POS_C_035 ET POS_C_036 | Y25: PNE_I_003 | Z25: =VLOOKUP(Y25,'Axe 2 Règles de gestion'!$D$2:$F$41,3, FALSE) -> L'affectation en position normale d'activité hors de l'administration d'origine est prononcée sans limitation de durée. | AU25: POS_C_010 | AV25: =VLOOKUP(AU25,'Axe 2 Règles de gestion'!$D$2:$F$41,3, FALSE) -> La date de début de position doit être antérieure ou égale à la date de fin réelle de position. | AW25: POS_C_004 | AX25: =VLOOKUP(AW25,'Axe 2 Règles de gestion'!$D$2:$F$41,3, FALSE) -> La date de début de position doit être antérieure ou égale à la date de fin prévisionnelle de position. | AY25: POS_C_007 | AZ25: =VLOOKUP(AY25,'Axe 2 Règles de gestion'!$D$2:$F$41,3, FALSE) -> La date de fin réelle de la position doit être antérieure à la date limite de départ à la retraite. | BA25: POS_C_012 | BB25: =VLOOKUP(BA25,'Axe 2 Règles de gestion'!$D$2:$F$41,3, FALSE) -> La date de fin prévisionnelle de la position doit être antérieure à la date limite de départ à la retraite. | BC25: POS_C_030 | BD25: =VLOOKUP(BC25,'Axe 2 Règles de gestion'!$D$2:$F$41,3, FALSE) -> Les champs "Type d'organisme d'origine", "Catégorie statutaire d'origine" et "Pays" de l'organisme d'origine doivent être renseignés. | BE25: POS_C_031 | BF25: =VLOOKUP(BE25,'Axe 2 Règles de gestion'!$D$2:$F$41,3, FALSE) -> Les champs "Ministère (ou institution de la République) d'origine", "Corps d'origine", "Grade d'origine", "Echelon d'origine" sont renseignés si le "Type d'organisme d'origine" est valorisé à FPE. | BG25: POS_C_034 | BH25: =VLOOKUP(BG25,'Axe 2 Règles de gestion'!$D$2:$F$41,3, FALSE) -> Le champ "Organisme d'origine" doit être alimenté si le type d'organisme d'origine est égal à 'Autre organisme', 'Fonction publique d'un état de l'Union Européenne' ou 'Fonction publique Européenne'. | BI25: POS_C_035 | BJ25: =VLOOKUP(BI25,'Axe 2 Règles de gestion'!$D$2:$F$41,3, FALSE) -> Le champ "Code emploi statutaire FPT (NET)" est renseigné si le "Type d'organisme d'origine" est valorisé à FPT. | BK25: POS_C_036 | BL25: =VLOOKUP(BK25,'Axe 2 Règles de gestion'!$D$2:$F$41,3, FALSE) -> Le champ "Code emploi statutaire FPH (NEH)" est renseigné si le "Type d'organisme d'origine" est valorisé à FPH.
A26: 20.00.00 | B26: M | C26: 43999.646 | D26: D0004 | E26: Position | F26: S0011 | G26: Position normale d'activité entrante et entrante sortante | H26: E0159 | I26: Position normale d'activité entrante non payée ancien dispositif | J26: Position / Situation saisie égale à 'Position normale d'activité entrante non payée' ET Date de début position < 18/04/2020 | K26: A_POS_POSIAD [Saisi] = 'ACI0B' ET A_POS_DATEB [Saisi] < 18/04/2020 | L26: T0467 | M26: Position normale d'activité entrante non payée - Demande | N26: Création | Q26: Ouvrier d'état | R26: P0005 | S26: O | T26: Général | U26: Exclu | V26: 40725 | W26: 43938
A27: 20.00.00 | B27: M | C27: 43999.647 | D27: D0004 | E27: Position | F27: S0011 | G27: Position normale d'activité entrante et entrante sortante | H27: E0159 | I27: Position normale d'activité entrante non payée ancien dispositif | J27: Position / Situation saisie égale à 'Position normale d'activité entrante non payée' ET Date de début position < 18/04/2020 | K27: A_POS_POSIAD [Saisi] = 'ACI0B' ET A_POS_DATEB [Saisi] < 18/04/2020 | L27: T0468 | M27: Position normale d'activité entrante non payée - Fin | N27: Modification | Q27: Ouvrier d'état | R27: P0005 | S27: O | T27: Général | U27: Exclu | V27: 40725 | W27: 43938
A28: 20.00.00 | B28: M | C28: 43999.645 | D28: D0004 | E28: Position | F28: S0011 | G28: Position normale d'activité entrante et entrante sortante | H28: E0159 | I28: Position normale d'activité entrante non payée ancien dispositif | J28: Position / Situation saisie égale à 'Position normale d'activité entrante non payée' ET Date de début position < 18/04/2020 | K28: A_POS_POSIAD [Saisi] = 'ACI0B' ET A_POS_DATEB [Saisi] < 18/04/2020 | L28: T0467 | M28: Position normale d'activité entrante non payée - Demande | N28: Création | Q28: Magistrat de l'ordre judiciaire | R28: P0007 | S28: T | T28: Particulier | U28: Exclu | V28: 40725 | W28: 43938
A29: 20.00.00 | B29: M | C29: 43999.647 | D29: D0004 | E29: Position | F29: S0011 | G29: Position normale d'activité entrante et entrante sortante | H29: E0159 | I29: Position normale d'activité entrante non payée ancien dispositif | J29: Position / Situation saisie égale à 'Position normale d'activité entrante non payée' ET Date de début position < 18/04/2020 | K29: A_POS_POSIAD [Saisi] = 'ACI0B' ET A_POS_DATEB [Saisi] < 18/04/2020 | L29: T0468 | M29: Position normale d'activité entrante non payée - Fin | N29: Modification | Q29: Magistrat de l'ordre judiciaire | R29: P0007 | S29: T | T29: Particulier | U29: Exclu | V29: 40725 | W29: 43938
A30: 20.00.00 | B30: M | C30: 43999.644 | D30: D0004 | E30: Position | F30: S0011 | G30: Position normale d'activité entrante et entrante sortante | H30: E0159 | I30: Position normale d'activité entrante non payée ancien dispositif | J30: Position / Situation saisie égale à 'Position normale d'activité entrante non payée' ET Date de début position < 18/04/2020 | K30: A_POS_POSIAD [Saisi] = 'ACI0B' ET A_POS_DATEB [Saisi] < 18/04/2020 | L30: T0467 | M30: Position normale d'activité entrante non payée - Demande | N30: Création | Q30: Auditeur de justice ou élève | R30: P0034 | S30: S | T30: Particulier | U30: Exclu | V30: 40725 | W30: 43938
A31: 20.00.00 | B31: M | C31: 43999.647 | D31: D0004 | E31: Position | F31: S0011 | G31: Position normale d'activité entrante et entrante sortante | H31: E0159 | I31: Position normale d'activité entrante non payée ancien dispositif | J31: Position / Situation saisie égale à 'Position normale d'activité entrante non payée' ET Date de début position < 18/04/2020 | K31: A_POS_POSIAD [Saisi] = 'ACI0B' ET A_POS_DATEB [Saisi] < 18/04/2020 | L31: T0468 | M31: Position normale d'activité entrante non payée - Fin | N31: Modification | Q31: Auditeur de justice ou élève | R31: P0034 | S31: S | T31: Particulier | U31: Exclu | V31: 40725 | W31: 43938
A32: 22.00.00 | B32: M | C32: 44711.681 | D32: D0004 | E32: Position | F32: S0011 | G32: Position normale d'activité entrante et entrante sortante | H32: E0160 | I32: Position normale d'activité entrante/sortante ancien dispositif | J32: Position / Situation saisie égale à 'Position normale d'activité entrante/sortante' ET Date de début position < 18/04/2020 | K32: A_POS_POSIAD [Saisi] = 'ACI0E' ET A_POS_DATEB [Saisi] < 18/04/2020 | L32: T0469 | M32: Position normale d'activité entrante/sortante - Demande | N32: Création | Q32: Titulaire ou magistrat | R32: P0001 | S32: T | T32: Général | U32: Passant | V32: 40725 | W32: 43861 | X32: PNE_I_002 ET PNE_I_001 ET PNE_I_006 ET PNE_I_004 ET PNE_I_005 ET PNE_I_003 ET PNE_I_007 ET PNE_I_014 ET POS_C_005 ET POS_C_022 ET POS_C_010 ET POS_C_004 ET POS_C_007 ET POS_C_012 ET POS_C_030 ET POS_C_031 ET POS_C_034 ET POS_C_035 ET POS_C_036 | Y32: PNE_I_002 | Z32: =VLOOKUP(Y32,'Axe 2 Règles de gestion'!$D$2:$F$41,3, FALSE) -> L'agent doit effectuer une demande. | AA32: PNE_I_001 | AB32: =VLOOKUP(AA32,'Axe 2 Règles de gestion'!$D$2:$F$41,3, FALSE) -> L'affectation intervient à l'initiative de l'agent ou de l'administration. | AC32: PNE_I_006 | AD32: =VLOOKUP(AC32,'Axe 2 Règles de gestion'!$D$2:$F$41,3, FALSE) -> L'administration ne peut s'opposer à un changement d'affectation d'un agent qui a obtenu l'accord de l'organisme d'accueil que pour des motifs liés aux nécessités du service ou liés à un avis d'incompatibilité rendu par la commission de déontologie. | AE32: PNE_I_004 | AF32: =VLOOKUP(AE32,'Axe 2 Règles de gestion'!$D$2:$F$41,3, FALSE) -> Un avis conforme de l'administration d'accueil a préalablement été transmis à l'administration d'origine sauf dans le cadre d'un transfert de service. | AG32: PNE_I_005 | AH32: =VLOOKUP(AG32,'Axe 2 Règles de gestion'!$D$2:$F$41,3, FALSE) -> Lorsque l'affectation de l'agent est prononcée dans un établissement public, le ministère de tutelle en est préalablement informé. | AI32: PNE_I_003 | AJ32: =VLOOKUP(AI32,'Axe 2 Règles de gestion'!$D$2:$F$41,3, FALSE) -> L'affectation en position normale d'activité hors de l'administration d'origine est prononcée sans limitation de durée. | AK32: PNE_I_007 | AL32: =VLOOKUP(AK32,'Axe 2 Règles de gestion'!$D$2:$F$41,3, FALSE) -> L'administration peut exiger que l'agent respecte un délai maximal de préavis de 3 mois. Ce délai peut être porté à une durée plus longue, qui ne saurait toutefois excéder 6 mois. | AM32: PNE_I_014 | AN32: =VLOOKUP(AM32,'Axe 2 Règles de gestion'!$D$2:$F$41,3, FALSE) -> Le silence de l'administration gardé pendant 2 mois à compter de la réception de la demande de l'agent vaut acceptation. | AU32: POS_C_005 | AV32: =VLOOKUP(AU32,'Axe 2 Règles de gestion'!$D$2:$F$41,3, FALSE) -> La date de début de la position doit être postérieure ou égale à la date d'entrée dans la FPE ou dans la carrière militaire. | AW32: POS_C_022 | AX32: =VLOOKUP(AW32,'Axe 2 Règles de gestion'!$D$2:$F$41,3, FALSE) -> La date de début de position est à J+1 de la date de fin de position de l'occurrence précédente. | AY32: POS_C_010 | AZ32: =VLOOKUP(AY32,'Axe 2 Règles de gestion'!$D$2:$F$41,3, FALSE) -> La date de début de position doit être antérieure ou égale à la date de fin réelle de position. | BA32: POS_C_004 | BB32: =VLOOKUP(BA32,'Axe 2 Règles de gestion'!$D$2:$F$41,3, FALSE) -> La date de début de position doit être antérieure ou égale à la date de fin prévisionnelle de position. | BC32: POS_C_007 | BD32: =VLOOKUP(BC32,'Axe 2 Règles de gestion'!$D$2:$F$41,3, FALSE) -> La date de fin réelle de la position doit être antérieure à la date limite de départ à la retraite. | BE32: POS_C_012 | BF32: =VLOOKUP(BE32,'Axe 2 Règles de gestion'!$D$2:$F$41,3, FALSE) -> La date de fin prévisionnelle de la position doit être antérieure à la date limite de départ à la retraite. | BG32: POS_C_030 | BH32: =VLOOKUP(BG32,'Axe 2 Règles de gestion'!$D$2:$F$41,3, FALSE) -> Les champs "Type d'organisme d'origine", "Catégorie statutaire d'origine" et "Pays" de l'organisme d'origine doivent être renseignés. | BI32: POS_C_031 | BJ32: =VLOOKUP(BI32,'Axe 2 Règles de gestion'!$D$2:$F$41,3, FALSE) -> Les champs "Ministère (ou institution de la République) d'origine", "Corps d'origine", "Grade d'origine", "Echelon d'origine" sont renseignés si le "Type d'organisme d'origine" est valorisé à FPE. | BK32: POS_C_034 | BL32: =VLOOKUP(BK32,'Axe 2 Règles de gestion'!$D$2:$F$41,3, FALSE) -> Le champ "Organisme d'origine" doit être alimenté si le type d'organisme d'origine est égal à 'Autre organisme', 'Fonction publique d'un état de l'Union Européenne' ou 'Fonction publique Européenne'. | BM32: POS_C_035 | BN32: =VLOOKUP(BM32,'Axe 2 Règles de gestion'!$D$2:$F$41,3, FALSE) -> Le champ "Code emploi statutaire FPT (NET)" est renseigné si le "Type d'organisme d'origine" est valorisé à FPT. | BO32: POS_C_036 | BP32: =VLOOKUP(BO32,'Axe 2 Règles de gestion'!$D$2:$F$41,3, FALSE) -> Le champ "Code emploi statutaire FPH (NEH)" est renseigné si le "Type d'organisme d'origine" est valorisé à FPH.
A33: 22.00.00 | B33: A | C33: 44711.444 | D33: D0004 | E33: Position | F33: S0011 | G33: Position normale d'activité entrante et entrante sortante | H33: E0160 | I33: Position normale d'activité entrante/sortante ancien dispositif | J33: Position / Situation saisie égale à 'Position normale d'activité entrante/sortante' ET Date de début position < 18/04/2020 | K33: A_POS_POSIAD [Saisi] = 'ACI0E' ET A_POS_DATEB [Saisi] < 18/04/2020 | L33: T0469 | M33: Position normale d'activité entrante/sortante - Demande | N33: Création | Q33: Titulaire ou magistrat | R33: P0001 | S33: T | T33: Général | U33: Passant | V33: 43862 | W33: 43938 | X33: PNE_I_002 ET PNE_I_001 ET PNE_I_013 ET PNE_I_004 ET PNE_I_005 ET PNE_I_003 ET PNE_I_007 ET PNE_I_014 ET POS_C_005 ET POS_C_022 ET POS_C_010 ET POS_C_004 ET POS_C_007 ET POS_C_012 ET POS_C_030 ET POS_C_031 ET POS_C_034 ET POS_C_035 ET POS_C_036 | Y33: PNE_I_002 | Z33: =VLOOKUP(Y33,'Axe 2 Règles de gestion'!$D$2:$F$41,3, FALSE) -> L'agent doit effectuer une demande. | AA33: PNE_I_001 | AB33: =VLOOKUP(AA33,'Axe 2 Règles de gestion'!$D$2:$F$41,3, FALSE) -> L'affectation intervient à l'initiative de l'agent ou de l'administration. | AC33: PNE_I_013 | AD33: =VLOOKUP(AC33,'Axe 2 Règles de gestion'!$D$2:$F$41,3, FALSE) -> L'administration ne peut s'opposer au changement d'affectation d'un agent qui a obtenu l'accord de l'organisme d'accueil que pour des motifs liés aux nécessités du service ou à un avis rendu par la Haute Autorité pour la transparence de la vie publique. | AE33: PNE_I_004 | AF33: =VLOOKUP(AE33,'Axe 2 Règles de gestion'!$D$2:$F$41,3, FALSE) -> Un avis conforme de l'administration d'accueil a préalablement été transmis à l'administration d'origine sauf dans le cadre d'un transfert de service. | AG33: PNE_I_005 | AH33: =VLOOKUP(AG33,'Axe 2 Règles de gestion'!$D$2:$F$41,3, FALSE) -> Lorsque l'affectation de l'agent est prononcée dans un établissement public, le ministère de tutelle en est préalablement informé. | AI33: PNE_I_003 | AJ33: =VLOOKUP(AI33,'Axe 2 Règles de gestion'!$D$2:$F$41,3, FALSE) -> L'affectation en position normale d'activité hors de l'administration d'origine est prononcée sans limitation de durée. | AK33: PNE_I_007 | AL33: =VLOOKUP(AK33,'Axe 2 Règles de gestion'!$D$2:$F$41,3, FALSE) -> L'administration peut exiger que l'agent respecte un délai maximal de préavis de 3 mois. Ce délai peut être porté à une durée plus longue, qui ne saurait toutefois excéder 6 mois. | AM33: PNE_I_014 | AN33: =VLOOKUP(AM33,'Axe 2 Règles de gestion'!$D$2:$F$41,3, FALSE) -> Le silence de l'administration gardé pendant 2 mois à compter de la réception de la demande de l'agent vaut acceptation. | AU33: POS_C_005 | AV33: =VLOOKUP(AU33,'Axe 2 Règles de gestion'!$D$2:$F$41,3, FALSE) -> La date de début de la position doit être postérieure ou égale à la date d'entrée dans la FPE ou dans la carrière militaire. | AW33: POS_C_022 | AX33: =VLOOKUP(AW33,'Axe 2 Règles de gestion'!$D$2:$F$41,3, FALSE) -> La date de début de position est à J+1 de la date de fin de position de l'occurrence précédente. | AY33: POS_C_010 | AZ33: =VLOOKUP(AY33,'Axe 2 Règles de gestion'!$D$2:$F$41,3, FALSE) -> La date de début de position doit être antérieure ou égale à la date de fin réelle de position. | BA33: POS_C_004 | BB33: =VLOOKUP(BA33,'Axe 2 Règles de gestion'!$D$2:$F$41,3, FALSE) -> La date de début de position doit être antérieure ou égale à la date de fin prévisionnelle de position. | BC33: POS_C_007 | BD33: =VLOOKUP(BC33,'Axe 2 Règles de gestion'!$D$2:$F$41,3, FALSE) -> La date de fin réelle de la position doit être antérieure à la date limite de départ à la retraite. | BE33: POS_C_012 | BF33: =VLOOKUP(BE33,'Axe 2 Règles de gestion'!$D$2:$F$41,3, FALSE) -> La date de fin prévisionnelle de la position doit être antérieure à la date limite de départ à la retraite. | BG33: POS_C_030 | BH33: =VLOOKUP(BG33,'Axe 2 Règles de gestion'!$D$2:$F$41,3, FALSE) -> Les champs "Type d'organisme d'origine", "Catégorie statutaire d'origine" et "Pays" de l'organisme d'origine doivent être renseignés. | BI33: POS_C_031 | BJ33: =VLOOKUP(BI33,'Axe 2 Règles de gestion'!$D$2:$F$41,3, FALSE) -> Les champs "Ministère (ou institution de la République) d'origine", "Corps d'origine", "Grade d'origine", "Echelon d'origine" sont renseignés si le "Type d'organisme d'origine" est valorisé à FPE. | BK33: POS_C_034 | BL33: =VLOOKUP(BK33,'Axe 2 Règles de gestion'!$D$2:$F$41,3, FALSE) -> Le champ "Organisme d'origine" doit être alimenté si le type d'organisme d'origine est égal à 'Autre organisme', 'Fonction publique d'un état de l'Union Européenne' ou 'Fonction publique Européenne'. | BM33: POS_C_035 | BN33: =VLOOKUP(BM33,'Axe 2 Règles de gestion'!$D$2:$F$41,3, FALSE) -> Le champ "Code emploi statutaire FPT (NET)" est renseigné si le "Type d'organisme d'origine" est valorisé à FPT. | BO33: POS_C_036 | BP33: =VLOOKUP(BO33,'Axe 2 Règles de gestion'!$D$2:$F$41,3, FALSE) -> Le champ "Code emploi statutaire FPH (NEH)" est renseigné si le "Type d'organisme d'origine" est valorisé à FPH.
A34: 20.00.00 | B34: M | C34: 43999.457 | D34: D0004 | E34: Position | F34: S0011 | G34: Position normale d'activité entrante et entrante sortante | H34: E0160 | I34: Position normale d'activité entrante/sortante ancien dispositif | J34: Position / Situation saisie égale à 'Position normale d'activité entrante/sortante' ET Date de début position < 18/04/2020 | K34: A_POS_POSIAD [Saisi] = 'ACI0E' ET A_POS_DATEB [Saisi] < 18/04/2020 | L34: T0470 | M34: Position normale d'activité entrante/sortante - Fin | N34: Modification | Q34: Titulaire ou magistrat | R34: P0001 | S34: T | T34: Général | U34: Passant | V34: 40725 | W34: 43938 | X34: PNE_I_003 ET POS_C_010 ET POS_C_004 ET POS_C_007 ET POS_C_012 ET POS_C_030 ET POS_C_031 ET POS_C_034 ET POS_C_035 ET POS_C_036 | Y34: PNE_I_003 | Z34: =VLOOKUP(Y34,'Axe 2 Règles de gestion'!$D$2:$F$41,3, FALSE) -> L'affectation en position normale d'activité hors de l'administration d'origine est prononcée sans limitation de durée. | AU34: POS_C_010 | AV34: =VLOOKUP(AU34,'Axe 2 Règles de gestion'!$D$2:$F$41,3, FALSE) -> La date de début de position doit être antérieure ou égale à la date de fin réelle de position. | AW34: POS_C_004 | AX34: =VLOOKUP(AW34,'Axe 2 Règles de gestion'!$D$2:$F$41,3, FALSE) -> La date de début de position doit être antérieure ou égale à la date de fin prévisionnelle de position. | AY34: POS_C_007 | AZ34: =VLOOKUP(AY34,'Axe 2 Règles de gestion'!$D$2:$F$41,3, FALSE) -> La date de fin réelle de la position doit être antérieure à la date limite de départ à la retraite. | BA34: POS_C_012 | BB34: =VLOOKUP(BA34,'Axe 2 Règles de gestion'!$D$2:$F$41,3, FALSE) -> La date de fin prévisionnelle de la position doit être antérieure à la date limite de départ à la retraite. | BC34: POS_C_030 | BD34: =VLOOKUP(BC34,'Axe 2 Règles de gestion'!$D$2:$F$41,3, FALSE) -> Les champs "Type d'organisme d'origine", "Catégorie statutaire d'origine" et "Pays" de l'organisme d'origine doivent être renseignés. | BE34: POS_C_031 | BF34: =VLOOKUP(BE34,'Axe 2 Règles de gestion'!$D$2:$F$41,3, FALSE) -> Les champs "Ministère (ou institution de la République) d'origine", "Corps d'origine", "Grade d'origine", "Echelon d'origine" sont renseignés si le "Type d'organisme d'origine" est valorisé à FPE. | BG34: POS_C_034 | BH34: =VLOOKUP(BG34,'Axe 2 Règles de gestion'!$D$2:$F$41,3, FALSE) -> Le champ "Organisme d'origine" doit être alimenté si le type d'organisme d'origine est égal à 'Autre organisme', 'Fonction publique d'un état de l'Union Européenne' ou 'Fonction publique Européenne'. | BI34: POS_C_035 | BJ34: =VLOOKUP(BI34,'Axe 2 Règles de gestion'!$D$2:$F$41,3, FALSE) -> Le champ "Code emploi statutaire FPT (NET)" est renseigné si le "Type d'organisme d'origine" est valorisé à FPT. | BK34: POS_C_036 | BL34: =VLOOKUP(BK34,'Axe 2 Règles de gestion'!$D$2:$F$41,3, FALSE) -> Le champ "Code emploi statutaire FPH (NEH)" est renseigné si le "Type d'organisme d'origine" est valorisé à FPH.
A35: 20.00.00 | B35: M | C35: 43999.652 | D35: D0004 | E35: Position | F35: S0011 | G35: Position normale d'activité entrante et entrante sortante | H35: E0160 | I35: Position normale d'activité entrante/sortante ancien dispositif | J35: Position / Situation saisie égale à 'Position normale d'activité entrante/sortante' ET Date de début position < 18/04/2020 | K35: A_POS_POSIAD [Saisi] = 'ACI0E' ET A_POS_DATEB [Saisi] < 18/04/2020 | L35: T0469 | M35: Position normale d'activité entrante/sortante - Demande | N35: Création | Q35: Militaire | R35: P0002 | S35: M | T35: Général | U35: Exclu | V35: 40725 | W35: 43938
A36: 20.00.00 | B36: M | C36: 43999.649 | D36: D0004 | E36: Position | F36: S0011 | G36: Position normale d'activité entrante et entrante sortante | H36: E0160 | I36: Position normale d'activité entrante/sortante ancien dispositif | J36: Position / Situation saisie égale à 'Position normale d'activité entrante/sortante' ET Date de début position < 18/04/2020 | K36: A_POS_POSIAD [Saisi] = 'ACI0E' ET A_POS_DATEB [Saisi] < 18/04/2020 | L36: T0470 | M36: Position normale d'activité entrante/sortante - Fin | N36: Modification | Q36: Militaire | R36: P0002 | S36: M | T36: Général | U36: Exclu | V36: 40725 | W36: 43938
A37: 20.00.00 | B37: M | C37: 43999.652 | D37: D0004 | E37: Position | F37: S0011 | G37: Position normale d'activité entrante et entrante sortante | H37: E0160 | I37: Position normale d'activité entrante/sortante ancien dispositif | J37: Position / Situation saisie égale à 'Position normale d'activité entrante/sortante' ET Date de début position < 18/04/2020 | K37: A_POS_POSIAD [Saisi] = 'ACI0E' ET A_POS_DATEB [Saisi] < 18/04/2020 | L37: T0469 | M37: Position normale d'activité entrante/sortante - Demande | N37: Création | Q37: Contractuel | R37: P0003 | S37: N | T37: Général | U37: Exclu | V37: 40725 | W37: 43938
A38: 20.00.00 | B38: M | C38: 43999.649 | D38: D0004 | E38: Position | F38: S0011 | G38: Position normale d'activité entrante et entrante sortante | H38: E0160 | I38: Position normale d'activité entrante/sortante ancien dispositif | J38: Position / Situation saisie égale à 'Position normale d'activité entrante/sortante' ET Date de début position < 18/04/2020 | K38: A_POS_POSIAD [Saisi] = 'ACI0E' ET A_POS_DATEB [Saisi] < 18/04/2020 | L38: T0470 | M38: Position normale d'activité entrante/sortante - Fin | N38: Modification | Q38: Contractuel | R38: P0003 | S38: N | T38: Général | U38: Exclu | V38: 40725 | W38: 43938
A39: 22.00.00 | B39: M | C39: 44711.446 | D39: D0004 | E39: Position | F39: S0011 | G39: Position normale d'activité entrante et entrante sortante | H39: E0160 | I39: Position normale d'activité entrante/sortante ancien dispositif | J39: Position / Situation saisie égale à 'Position normale d'activité entrante/sortante' ET Date de début position < 18/04/2020 | K39: A_POS_POSIAD [Saisi] = 'ACI0E' ET A_POS_DATEB [Saisi] < 18/04/2020 | L39: T0469 | M39: Position normale d'activité entrante/sortante - Demande | N39: Création | Q39: Stagiaire ou auditeur ou élève | R39: P0004 | S39: S | T39: Général | U39: Passant | V39: 40725 | W39: 43938 | X39: PNE_I_002 ET PNE_I_001 ET PNE_I_004 ET PNE_I_005 ET PNE_I_003 ET POS_C_005 ET POS_C_022 ET POS_C_010 ET POS_C_004 ET POS_C_007 ET POS_C_012 ET POS_C_030 ET POS_C_031 ET POS_C_034 ET POS_C_035 ET POS_C_036 | Y39: PNE_I_002 | Z39: =VLOOKUP(Y39,'Axe 2 Règles de gestion'!$D$2:$F$41,3, FALSE) -> L'agent doit effectuer une demande. | AA39: PNE_I_001 | AB39: =VLOOKUP(AA39,'Axe 2 Règles de gestion'!$D$2:$F$41,3, FALSE) -> L'affectation intervient à l'initiative de l'agent ou de l'administration. | AC39: PNE_I_004 | AD39: =VLOOKUP(AC39,'Axe 2 Règles de gestion'!$D$2:$F$41,3, FALSE) -> Un avis conforme de l'administration d'accueil a préalablement été transmis à l'administration d'origine sauf dans le cadre d'un transfert de service. | AE39: PNE_I_005 | AF39: =VLOOKUP(AE39,'Axe 2 Règles de gestion'!$D$2:$F$41,3, FALSE) -> Lorsque l'affectation de l'agent est prononcée dans un établissement public, le ministère de tutelle en est préalablement informé. | AG39: PNE_I_003 | AH39: =VLOOKUP(AG39,'Axe 2 Règles de gestion'!$D$2:$F$41,3, FALSE) -> L'affectation en position normale d'activité hors de l'administration d'origine est prononcée sans limitation de durée. | AU39: POS_C_005 | AV39: =VLOOKUP(AU39,'Axe 2 Règles de gestion'!$D$2:$F$41,3, FALSE) -> La date de début de la position doit être postérieure ou égale à la date d'entrée dans la FPE ou dans la carrière militaire. | AW39: POS_C_022 | AX39: =VLOOKUP(AW39,'Axe 2 Règles de gestion'!$D$2:$F$41,3, FALSE) -> La date de début de position est à J+1 de la date de fin de position de l'occurrence précédente. | AY39: POS_C_010 | AZ39: =VLOOKUP(AY39,'Axe 2 Règles de gestion'!$D$2:$F$41,3, FALSE) -> La date de début de position doit être antérieure ou égale à la date de fin réelle de position. | BA39: POS_C_004 | BB39: =VLOOKUP(BA39,'Axe 2 Règles de gestion'!$D$2:$F$41,3, FALSE) -> La date de début de position doit être antérieure ou égale à la date de fin prévisionnelle de position. | BC39: POS_C_007 | BD39: =VLOOKUP(BC39,'Axe 2 Règles de gestion'!$D$2:$F$41,3, FALSE) -> La date de fin réelle de la position doit être antérieure à la date limite de départ à la retraite. | BE39: POS_C_012 | BF39: =VLOOKUP(BE39,'Axe 2 Règles de gestion'!$D$2:$F$41,3, FALSE) -> La date de fin prévisionnelle de la position doit être antérieure à la date limite de départ à la retraite. | BG39: POS_C_030 | BH39: =VLOOKUP(BG39,'Axe 2 Règles de gestion'!$D$2:$F$41,3, FALSE) -> Les champs "Type d'organisme d'origine", "Catégorie statutaire d'origine" et "Pays" de l'organisme d'origine doivent être renseignés. | BI39: POS_C_031 | BJ39: =VLOOKUP(BI39,'Axe 2 Règles de gestion'!$D$2:$F$41,3, FALSE) -> Les champs "Ministère (ou institution de la République) d'origine", "Corps d'origine", "Grade d'origine", "Echelon d'origine" sont renseignés si le "Type d'organisme d'origine" est valorisé à FPE. | BK39: POS_C_034 | BL39: =VLOOKUP(BK39,'Axe 2 Règles de gestion'!$D$2:$F$41,3, FALSE) -> Le champ "Organisme d'origine" doit être alimenté si le type d'organisme d'origine est égal à 'Autre organisme', 'Fonction publique d'un état de l'Union Européenne' ou 'Fonction publique Européenne'. | BM39: POS_C_035 | BN39: =VLOOKUP(BM39,'Axe 2 Règles de gestion'!$D$2:$F$41,3, FALSE) -> Le champ "Code emploi statutaire FPT (NET)" est renseigné si le "Type d'organisme d'origine" est valorisé à FPT. | BO39: POS_C_036 | BP39: =VLOOKUP(BO39,'Axe 2 Règles de gestion'!$D$2:$F$41,3, FALSE) -> Le champ "Code emploi statutaire FPH (NEH)" est renseigné si le "Type d'organisme d'origine" est valorisé à FPH.
A40: 20.00.00 | B40: M | C40: 43999.456 | D40: D0004 | E40: Position | F40: S0011 | G40: Position normale d'activité entrante et entrante sortante | H40: E0160 | I40: Position normale d'activité entrante/sortante ancien dispositif | J40: Position / Situation saisie égale à 'Position normale d'activité entrante/sortante' ET Date de début position < 18/04/2020 | K40: A_POS_POSIAD [Saisi] = 'ACI0E' ET A_POS_DATEB [Saisi] < 18/04/2020 | L40: T0470 | M40: Position normale d'activité entrante/sortante - Fin | N40: Modification | Q40: Stagiaire ou auditeur ou élève | R40: P0004 | S40: S | T40: Général | U40: Passant | V40: 40725 | W40: 43938 | X40: PNE_I_003 ET POS_C_010 ET POS_C_004 ET POS_C_007 ET POS_C_012 ET POS_C_030 ET POS_C_031 ET POS_C_034 ET POS_C_035 ET POS_C_036 | Y40: PNE_I_003 | Z40: =VLOOKUP(Y40,'Axe 2 Règles de gestion'!$D$2:$F$41,3, FALSE) -> L'affectation en position normale d'activité hors de l'administration d'origine est prononcée sans limitation de durée. | AU40: POS_C_010 | AV40: =VLOOKUP(AU40,'Axe 2 Règles de gestion'!$D$2:$F$41,3, FALSE) -> La date de début de position doit être antérieure ou égale à la date de fin réelle de position. | AW40: POS_C_004 | AX40: =VLOOKUP(AW40,'Axe 2 Règles de gestion'!$D$2:$F$41,3, FALSE) -> La date de début de position doit être antérieure ou égale à la date de fin prévisionnelle de position. | AY40: POS_C_007 | AZ40: =VLOOKUP(AY40,'Axe 2 Règles de gestion'!$D$2:$F$41,3, FALSE) -> La date de fin réelle de la position doit être antérieure à la date limite de départ à la retraite. | BA40: POS_C_012 | BB40: =VLOOKUP(BA40,'Axe 2 Règles de gestion'!$D$2:$F$41,3, FALSE) -> La date de fin prévisionnelle de la position doit être antérieure à la date limite de départ à la retraite. | BC40: POS_C_030 | BD40: =VLOOKUP(BC40,'Axe 2 Règles de gestion'!$D$2:$F$41,3, FALSE) -> Les champs "Type d'organisme d'origine", "Catégorie statutaire d'origine" et "Pays" de l'organisme d'origine doivent être renseignés. | BE40: POS_C_031 | BF40: =VLOOKUP(BE40,'Axe 2 Règles de gestion'!$D$2:$F$41,3, FALSE) -> Les champs "Ministère (ou institution de la République) d'origine", "Corps d'origine", "Grade d'origine", "Echelon d'origine" sont renseignés si le "Type d'organisme d'origine" est valorisé à FPE. | BG40: POS_C_034 | BH40: =VLOOKUP(BG40,'Axe 2 Règles de gestion'!$D$2:$F$41,3, FALSE) -> Le champ "Organisme d'origine" doit être alimenté si le type d'organisme d'origine est égal à 'Autre organisme', 'Fonction publique d'un état de l'Union Européenne' ou 'Fonction publique Européenne'. | BI40: POS_C_035 | BJ40: =VLOOKUP(BI40,'Axe 2 Règles de gestion'!$D$2:$F$41,3, FALSE) -> Le champ "Code emploi statutaire FPT (NET)" est renseigné si le "Type d'organisme d'origine" est valorisé à FPT. | BK40: POS_C_036 | BL40: =VLOOKUP(BK40,'Axe 2 Règles de gestion'!$D$2:$F$41,3, FALSE) -> Le champ "Code emploi statutaire FPH (NEH)" est renseigné si le "Type d'organisme d'origine" est valorisé à FPH.
A41: 20.00.00 | B41: M | C41: 43999.652 | D41: D0004 | E41: Position | F41: S0011 | G41: Position normale d'activité entrante et entrante sortante | H41: E0160 | I41: Position normale d'activité entrante/sortante ancien dispositif | J41: Position / Situation saisie égale à 'Position normale d'activité entrante/sortante' ET Date de début position < 18/04/2020 | K41: A_POS_POSIAD [Saisi] = 'ACI0E' ET A_POS_DATEB [Saisi] < 18/04/2020 | L41: T0469 | M41: Position normale d'activité entrante/sortante - Demande | N41: Création | Q41: Ouvrier d'état | R41: P0005 | S41: O | T41: Général | U41: Exclu | V41: 40725 | W41: 43938
A42: 20.00.00 | B42: M | C42: 43999.65 | D42: D0004 | E42: Position | F42: S0011 | G42: Position normale d'activité entrante et entrante sortante | H42: E0160 | I42: Position normale d'activité entrante/sortante ancien dispositif | J42: Position / Situation saisie égale à 'Position normale d'activité entrante/sortante' ET Date de début position < 18/04/2020 | K42: A_POS_POSIAD [Saisi] = 'ACI0E' ET A_POS_DATEB [Saisi] < 18/04/2020 | L42: T0470 | M42: Position normale d'activité entrante/sortante - Fin | N42: Modification | Q42: Ouvrier d'état | R42: P0005 | S42: O | T42: Général | U42: Exclu | V42: 40725 | W42: 43938
A43: 20.00.00 | B43: M | C43: 43999.651 | D43: D0004 | E43: Position | F43: S0011 | G43: Position normale d'activité entrante et entrante sortante | H43: E0160 | I43: Position normale d'activité entrante/sortante ancien dispositif | J43: Position / Situation saisie égale à 'Position normale d'activité entrante/sortante' ET Date de début position < 18/04/2020 | K43: A_POS_POSIAD [Saisi] = 'ACI0E' ET A_POS_DATEB [Saisi] < 18/04/2020 | L43: T0469 | M43: Position normale d'activité entrante/sortante - Demande | N43: Création | Q43: Magistrat de l'ordre judiciaire | R43: P0007 | S43: T | T43: Particulier | U43: Exclu | V43: 40725 | W43: 43938
A44: 20.00.00 | B44: M | C44: 43999.651 | D44: D0004 | E44: Position | F44: S0011 | G44: Position normale d'activité entrante et entrante sortante | H44: E0160 | I44: Position normale d'activité entrante/sortante ancien dispositif | J44: Position / Situation saisie égale à 'Position normale d'activité entrante/sortante' ET Date de début position < 18/04/2020 | K44: A_POS_POSIAD [Saisi] = 'ACI0E' ET A_POS_DATEB [Saisi] < 18/04/2020 | L44: T0470 | M44: Position normale d'activité entrante/sortante - Fin | N44: Modification | Q44: Magistrat de l'ordre judiciaire | R44: P0007 | S44: T | T44: Particulier | U44: Exclu | V44: 40725 | W44: 43938
A45: 20.00.00 | B45: M | C45: 43999.651 | D45: D0004 | E45: Position | F45: S0011 | G45: Position normale d'activité entrante et entrante sortante | H45: E0160 | I45: Position normale d'activité entrante/sortante ancien dispositif | J45: Position / Situation saisie égale à 'Position normale d'activité entrante/sortante' ET Date de début position < 18/04/2020 | K45: A_POS_POSIAD [Saisi] = 'ACI0E' ET A_POS_DATEB [Saisi] < 18/04/2020 | L45: T0469 | M45: Position normale d'activité entrante/sortante - Demande | N45: Création | Q45: Auditeur de justice ou élève | R45: P0034 | S45: S | T45: Particulier | U45: Exclu | V45: 40725 | W45: 43938
A46: 20.00.00 | B46: M | C46: 43999.651 | D46: D0004 | E46: Position | F46: S0011 | G46: Position normale d'activité entrante et entrante sortante | H46: E0160 | I46: Position normale d'activité entrante/sortante ancien dispositif | J46: Position / Situation saisie égale à 'Position normale d'activité entrante/sortante' ET Date de début position < 18/04/2020 | K46: A_POS_POSIAD [Saisi] = 'ACI0E' ET A_POS_DATEB [Saisi] < 18/04/2020 | L46: T0470 | M46: Position normale d'activité entrante/sortante - Fin | N46: Modification | Q46: Auditeur de justice ou élève | R46: P0034 | S46: S | T46: Particulier | U46: Exclu | V46: 40725 | W46: 43938
A47: 20.00.00 | B47: A | C47: 44005.585 | D47: D0004 | E47: Position | F47: S0011 | G47: Position normale d'activité entrante et entrante sortante | H47: E0829 | I47: Position normale d'activité entrante payée | J47: Position / Situation saisie égale à 'Position normale d'activité entrante payée' ET Date de début position >= 18/04/2020 | K47: A_POS_POSIAD [Saisi] = 'ACI0A' ET A_POS_DATEB [Saisi] >= 18/04/2020 | L47: T2028 | M47: Position normale d'activité entrante payée - Renouvellement | N47: Création Modification | O47: Indicateur de renouvellement saisi = Oui ET l'indicateur de renouvellement saisi est différent de l'indicateur de renouvellement avant saisie | P47: A_POS_INDREN [Saisi] = '1' ET A_POS_INDREN [Saisi] <> A_POS_INDREN [Valeur avant saisie] | Q47: Titulaire ou magistrat | R47: P0001 | S47: T | T47: Général | U47: Passant | V47: 43939 | X47: PNE_I_008 ET PNE_I_012 ET PNE_D_001 ET PNE_D_002 | Y47: PNE_I_008 | Z47: =VLOOKUP(Y47,'Axe 2 Règles de gestion'!$D$2:$F$41,3, FALSE) -> L'administration d'accueil fait connaître à l'administration d'origine et à l'agent sa décision de renouveler ou non son affectation 4 mois avant le terme de la période. | AA47: PNE_I_012 | AB47: =VLOOKUP(AA47,'Axe 2 Règles de gestion'!$D$2:$F$41,3, FALSE) -> Pour les positions normales d'activité prises avant le 18/04/2020, le renouvellement n'est pas possible. | AQ47: PNE_D_001 | AR47: =VLOOKUP(AQ47,'Axe 2 Règles de gestion'!$D$2:$F$41,3, FALSE) -> La durée prévisionnelle de l'affectation en position normale d'activité hors de l'administration d'origine est fixée à 3 ans. | AS47: PNE_D_002 | AT47: =VLOOKUP(AS47,'Axe 2 Règles de gestion'!$D$2:$F$41,3, FALSE) -> La durée réelle de l'affectation en position normale d'activité hors de l'administration d'origine est fixée à 3 ans.
A48: 22.00.00 | B48: M | C48: 44711.451 | D48: D0004 | E48: Position | F48: S0011 | G48: Position normale d'activité entrante et entrante sortante | H48: E0829 | I48: Position normale d'activité entrante payée | J48: Position / Situation saisie égale à 'Position normale d'activité entrante payée' ET Date de début position >= 18/04/2020 | K48: A_POS_POSIAD [Saisi] = 'ACI0A' ET A_POS_DATEB [Saisi] >= 18/04/2020 | L48: T2033 | M48: Position normale d'activité entrante payée avec durée - Demande | N48: Création Modification | O48: Indicateur Renouvellement Position est non activé ET l'indicateur de renouvellement saisi est différent de l'indicateur de renouvellement avant saisie | P48: A_POS_INDREN [Saisi] = '0' ET A_POS_INDREN [Saisi] <> A_POS_INDREN [Valeur avant saisie] | Q48: Titulaire ou magistrat | R48: P0001 | S48: T | T48: Général | U48: Passant | V48: 43939 | X48: PNE_I_002 ET PNE_I_001 ET PNE_I_013 ET PNE_I_004 ET PNE_I_005 ET PNE_I_007 ET PNE_I_014 ET PNE_I_010 ET PNE_D_001 ET PNE_D_002 ET POS_C_005 ET POS_C_022 ET POS_C_010 ET POS_C_004 ET POS_C_007 ET POS_C_012 ET POS_C_030 ET POS_C_031 ET POS_C_034 ET POS_C_035 ET POS_C_036 | Y48: PNE_I_002 | Z48: =VLOOKUP(Y48,'Axe 2 Règles de gestion'!$D$2:$F$41,3, FALSE) -> L'agent doit effectuer une demande. | AA48: PNE_I_001 | AB48: =VLOOKUP(AA48,'Axe 2 Règles de gestion'!$D$2:$F$41,3, FALSE) -> L'affectation intervient à l'initiative de l'agent ou de l'administration. | AC48: PNE_I_013 | AD48: =VLOOKUP(AC48,'Axe 2 Règles de gestion'!$D$2:$F$41,3, FALSE) -> L'administration ne peut s'opposer au changement d'affectation d'un agent qui a obtenu l'accord de l'organisme d'accueil que pour des motifs liés aux nécessités du service ou à un avis rendu par la Haute Autorité pour la transparence de la vie publique. | AE48: PNE_I_004 | AF48: =VLOOKUP(AE48,'Axe 2 Règles de gestion'!$D$2:$F$41,3, FALSE) -> Un avis conforme de l'administration d'accueil a préalablement été transmis à l'administration d'origine sauf dans le cadre d'un transfert de service. | AG48: PNE_I_005 | AH48: =VLOOKUP(AG48,'Axe 2 Règles de gestion'!$D$2:$F$41,3, FALSE) -> Lorsque l'affectation de l'agent est prononcée dans un établissement public, le ministère de tutelle en est préalablement informé. | AI48: PNE_I_007 | AJ48: =VLOOKUP(AI48,'Axe 2 Règles de gestion'!$D$2:$F$41,3, FALSE) -> L'administration peut exiger que l'agent respecte un délai maximal de préavis de 3 mois. Ce délai peut être porté à une durée plus longue, qui ne saurait toutefois excéder 6 mois. | AK48: PNE_I_014 | AL48: =VLOOKUP(AK48,'Axe 2 Règles de gestion'!$D$2:$F$41,3, FALSE) -> Le silence de l'administration gardé pendant 2 mois à compter de la réception de la demande de l'agent vaut acceptation. | AM48: PNE_I_010 | AN48: =VLOOKUP(AM48,'Axe 2 Règles de gestion'!$D$2:$F$41,3, FALSE) -> Pour les positions normales d'activité prises avant le 18/04/2020, la limitation de durée ne s'applique pas. | AQ48: PNE_D_001 | AR48: =VLOOKUP(AQ48,'Axe 2 Règles de gestion'!$D$2:$F$41,3, FALSE) -> La durée prévisionnelle de l'affectation en position normale d'activité hors de l'administration d'origine est fixée à 3 ans. | AS48: PNE_D_002 | AT48: =VLOOKUP(AS48,'Axe 2 Règles de gestion'!$D$2:$F$41,3, FALSE) -> La durée réelle de l'affectation en position normale d'activité hors de l'administration d'origine est fixée à 3 ans. | AU48: POS_C_005 | AV48: =VLOOKUP(AU48,'Axe 2 Règles de gestion'!$D$2:$F$41,3, FALSE) -> La date de début de la position doit être postérieure ou égale à la date d'entrée dans la FPE ou dans la carrière militaire. | AW48: POS_C_022 | AX48: =VLOOKUP(AW48,'Axe 2 Règles de gestion'!$D$2:$F$41,3, FALSE) -> La date de début de position est à J+1 de la date de fin de position de l'occurrence précédente. | AY48: POS_C_010 | AZ48: =VLOOKUP(AY48,'Axe 2 Règles de gestion'!$D$2:$F$41,3, FALSE) -> La date de début de position doit être antérieure ou égale à la date de fin réelle de position. | BA48: POS_C_004 | BB48: =VLOOKUP(BA48,'Axe 2 Règles de gestion'!$D$2:$F$41,3, FALSE) -> La date de début de position doit être antérieure ou égale à la date de fin prévisionnelle de position. | BC48: POS_C_007 | BD48: =VLOOKUP(BC48,'Axe 2 Règles de gestion'!$D$2:$F$41,3, FALSE) -> La date de fin réelle de la position doit être antérieure à la date limite de départ à la retraite. | BE48: POS_C_012 | BF48: =VLOOKUP(BE48,'Axe 2 Règles de gestion'!$D$2:$F$41,3, FALSE) -> La date de fin prévisionnelle de la position doit être antérieure à la date limite de départ à la retraite. | BG48: POS_C_030 | BH48: =VLOOKUP(BG48,'Axe 2 Règles de gestion'!$D$2:$F$41,3, FALSE) -> Les champs "Type d'organisme d'origine", "Catégorie statutaire d'origine" et "Pays" de l'organisme d'origine doivent être renseignés. | BI48: POS_C_031 | BJ48: =VLOOKUP(BI48,'Axe 2 Règles de gestion'!$D$2:$F$41,3, FALSE) -> Les champs "Ministère (ou institution de la République) d'origine", "Corps d'origine", "Grade d'origine", "Echelon d'origine" sont renseignés si le "Type d'organisme d'origine" est valorisé à FPE. | BK48: POS_C_034 | BL48: =VLOOKUP(BK48,'Axe 2 Règles de gestion'!$D$2:$F$41,3, FALSE) -> Le champ "Organisme d'origine" doit être alimenté si le type d'organisme d'origine est égal à 'Autre organisme', 'Fonction publique d'un état de l'Union Européenne' ou 'Fonction publique Européenne'. | BM48: POS_C_035 | BN48: =VLOOKUP(BM48,'Axe 2 Règles de gestion'!$D$2:$F$41,3, FALSE) -> Le champ "Code emploi statutaire FPT (NET)" est renseigné si le "Type d'organisme d'origine" est valorisé à FPT. | BO48: POS_C_036 | BP48: =VLOOKUP(BO48,'Axe 2 Règles de gestion'!$D$2:$F$41,3, FALSE) -> Le champ "Code emploi statutaire FPH (NEH)" est renseigné si le "Type d'organisme d'origine" est valorisé à FPH.
A49: 20.00.00 | B49: A | C49: 44721.454 | D49: D0004 | E49: Position | F49: S0011 | G49: Position normale d'activité entrante et entrante sortante | H49: E0829 | I49: Position normale d'activité entrante payée | J49: Position / Situation saisie égale à 'Position normale d'activité entrante payée' ET Date de début position >= 18/04/2020 | K49: A_POS_POSIAD [Saisi] = 'ACI0A' ET A_POS_DATEB [Saisi] >= 18/04/2020 | L49: T2038 | M49: Position normale d'activité entrante payée avec durée - Fin | N49: Modification | O49: L'indicateur de renouvellement saisi est égal à l'indicateur de renouvellement avant saisie | P49: A_POS_INDREN [Saisi] = A_POS_INDREN [Valeur avant saisie] | Q49: Titulaire ou magistrat | R49: P0001 | S49: T | T49: Général | U49: Passant | V49: 43939 | X49: PNE_I_008 ET PNE_I_009 ET PNE_I_010 ET PNE_D_001 ET PNE_D_002 ET POS_C_010 ET POS_C_004 ET POS_C_007 ET POS_C_012 ET POS_C_030 ET POS_C_031 ET POS_C_034 ET POS_C_035 ET POS_C_036 | Y49: PNE_I_008 | Z49: =VLOOKUP(Y49,'Axe 2 Règles de gestion'!$D$2:$F$41,3, FALSE) -> L'administration d'accueil fait connaître à l'administration d'origine et à l'agent sa décision de renouveler ou non son affectation 4 mois avant le terme de la période. | AA49: PNE_I_009 | AB49: =VLOOKUP(AA49,'Axe 2 Règles de gestion'!$D$2:$F$41,3, FALSE) -> Lorsque l'administration d'accueil décide de ne pas renouveler l'affectation, l'agent est réintégré dans le département ministériel dont il relève, au besoin en surnombre. | AC49: PNE_I_010 | AD49: =VLOOKUP(AC49,'Axe 2 Règles de gestion'!$D$2:$F$41,3, FALSE) -> Pour les positions normales d'activité prises avant le 18/04/2020, la limitation de durée ne s'applique pas. | AQ49: PNE_D_001 | AR49: =VLOOKUP(AQ49,'Axe 2 Règles de gestion'!$D$2:$F$41,3, FALSE) -> La durée prévisionnelle de l'affectation en position normale d'activité hors de l'administration d'origine est fixée à 3 ans. | AS49: PNE_D_002 | AT49: =VLOOKUP(AS49,'Axe 2 Règles de gestion'!$D$2:$F$41,3, FALSE) -> La durée réelle de l'affectation en position normale d'activité hors de l'administration d'origine est fixée à 3 ans. | AU49: POS_C_010 | AV49: =VLOOKUP(AU49,'Axe 2 Règles de gestion'!$D$2:$F$41,3, FALSE) -> La date de début de position doit être antérieure ou égale à la date de fin réelle de position. | AW49: POS_C_004 | AX49: =VLOOKUP(AW49,'Axe 2 Règles de gestion'!$D$2:$F$41,3, FALSE) -> La date de début de position doit être antérieure ou égale à la date de fin prévisionnelle de position. | AY49: POS_C_007 | AZ49: =VLOOKUP(AY49,'Axe 2 Règles de gestion'!$D$2:$F$41,3, FALSE) -> La date de fin réelle de la position doit être antérieure à la date limite de départ à la retraite. | BA49: POS_C_012 | BB49: =VLOOKUP(BA49,'Axe 2 Règles de gestion'!$D$2:$F$41,3, FALSE) -> La date de fin prévisionnelle de la position doit être antérieure à la date limite de départ à la retraite. | BC49: POS_C_030 | BD49: =VLOOKUP(BC49,'Axe 2 Règles de gestion'!$D$2:$F$41,3, FALSE) -> Les champs "Type d'organisme d'origine", "Catégorie statutaire d'origine" et "Pays" de l'organisme d'origine doivent être renseignés. | BE49: POS_C_031 | BF49: =VLOOKUP(BE49,'Axe 2 Règles de gestion'!$D$2:$F$41,3, FALSE) -> Les champs "Ministère (ou institution de la République) d'origine", "Corps d'origine", "Grade d'origine", "Echelon d'origine" sont renseignés si le "Type d'organisme d'origine" est valorisé à FPE. | BG49: POS_C_034 | BH49: =VLOOKUP(BG49,'Axe 2 Règles de gestion'!$D$2:$F$41,3, FALSE) -> Le champ "Organisme d'origine" doit être alimenté si le type d'organisme d'origine est égal à 'Autre organisme', 'Fonction publique d'un état de l'Union Européenne' ou 'Fonction publique Européenne'. | BI49: POS_C_035 | BJ49: =VLOOKUP(BI49,'Axe 2 Règles de gestion'!$D$2:$F$41,3, FALSE) -> Le champ "Code emploi statutaire FPT (NET)" est renseigné si le "Type d'organisme d'origine" est valorisé à FPT. | BK49: POS_C_036 | BL49: =VLOOKUP(BK49,'Axe 2 Règles de gestion'!$D$2:$F$41,3, FALSE) -> Le champ "Code emploi statutaire FPH (NEH)" est renseigné si le "Type d'organisme d'origine" est valorisé à FPH.
A50: 20.00.00 | B50: A | C50: 43999.674 | D50: D0004 | E50: Position | F50: S0011 | G50: Position normale d'activité entrante et entrante sortante | H50: E0829 | I50: Position normale d'activité entrante payée | J50: Position / Situation saisie égale à 'Position normale d'activité entrante payée' ET Date de début position >= 18/04/2020 | K50: A_POS_POSIAD [Saisi] = 'ACI0A' ET A_POS_DATEB [Saisi] >= 18/04/2020 | L50: T2028 | M50: Position normale d'activité entrante payée - Renouvellement | N50: Création Modification | O50: Indicateur de renouvellement saisi = Oui ET l'indicateur de renouvellement saisi est différent de l'indicateur de renouvellement avant saisie | P50: A_POS_INDREN [Saisi] = '1' ET A_POS_INDREN [Saisi] <> A_POS_INDREN [Valeur avant saisie] | Q50: Militaire | R50: P0002 | S50: M | T50: Général | U50: Exclu | V50: 43939
A51: 20.00.00 | B51: A | C51: 43999.67 | D51: D0004 | E51: Position | F51: S0011 | G51: Position normale d'activité entrante et entrante sortante | H51: E0829 | I51: Position normale d'activité entrante payée | J51: Position / Situation saisie égale à 'Position normale d'activité entrante payée' ET Date de début position >= 18/04/2020 | K51: A_POS_POSIAD [Saisi] = 'ACI0A' ET A_POS_DATEB [Saisi] >= 18/04/2020 | L51: T2033 | M51: Position normale d'activité entrante payée avec durée - Demande | N51: Création Modification | O51: Indicateur Renouvellement Position est non activé ET l'indicateur de renouvellement saisi est différent de l'indicateur de renouvellement avant saisie | P51: A_POS_INDREN [Saisi] = '0' ET A_POS_INDREN [Saisi] <> A_POS_INDREN [Valeur avant saisie] | Q51: Militaire | R51: P0002 | S51: M | T51: Général | U51: Exclu | V51: 43939
A52: 20.00.00 | B52: A | C52: 43999.672 | D52: D0004 | E52: Position | F52: S0011 | G52: Position normale d'activité entrante et entrante sortante | H52: E0829 | I52: Position normale d'activité entrante payée | J52: Position / Situation saisie égale à 'Position normale d'activité entrante payée' ET Date de début position >= 18/04/2020 | K52: A_POS_POSIAD [Saisi] = 'ACI0A' ET A_POS_DATEB [Saisi] >= 18/04/2020 | L52: T2038 | M52: Position normale d'activité entrante payée avec durée - Fin | N52: Modification | O52: L'indicateur de renouvellement saisi est égal à l'indicateur de renouvellement avant saisie | P52: A_POS_INDREN [Saisi] = A_POS_INDREN [Valeur avant saisie] | Q52: Militaire | R52: P0002 | S52: M | T52: Général | U52: Exclu | V52: 43939
A53: 20.00.00 | B53: A | C53: 43999.674 | D53: D0004 | E53: Position | F53: S0011 | G53: Position normale d'activité entrante et entrante sortante | H53: E0829 | I53: Position normale d'activité entrante payée | J53: Position / Situation saisie égale à 'Position normale d'activité entrante payée' ET Date de début position >= 18/04/2020 | K53: A_POS_POSIAD [Saisi] = 'ACI0A' ET A_POS_DATEB [Saisi] >= 18/04/2020 | L53: T2028 | M53: Position normale d'activité entrante payée - Renouvellement | N53: Création Modification | O53: Indicateur de renouvellement saisi = Oui ET l'indicateur de renouvellement saisi est différent de l'indicateur de renouvellement avant saisie | P53: A_POS_INDREN [Saisi] = '1' ET A_POS_INDREN [Saisi] <> A_POS_INDREN [Valeur avant saisie] | Q53: Contractuel | R53: P0003 | S53: N | T53: Général | U53: Exclu | V53: 43939
A54: 20.00.00 | B54: A | C54: 43999.67 | D54: D0004 | E54: Position | F54: S0011 | G54: Position normale d'activité entrante et entrante sortante | H54: E0829 | I54: Position normale d'activité entrante payée | J54: Position / Situation saisie égale à 'Position normale d'activité entrante payée' ET Date de début position >= 18/04/2020 | K54: A_POS_POSIAD [Saisi] = 'ACI0A' ET A_POS_DATEB [Saisi] >= 18/04/2020 | L54: T2033 | M54: Position normale d'activité entrante payée avec durée - Demande | N54: Création Modification | O54: Indicateur Renouvellement Position est non activé ET l'indicateur de renouvellement saisi est différent de l'indicateur de renouvellement avant saisie | P54: A_POS_INDREN [Saisi] = '0' ET A_POS_INDREN [Saisi] <> A_POS_INDREN [Valeur avant saisie] | Q54: Contractuel | R54: P0003 | S54: N | T54: Général | U54: Exclu | V54: 43939
A55: 20.00.00 | B55: A | C55: 43999.673 | D55: D0004 | E55: Position | F55: S0011 | G55: Position normale d'activité entrante et entrante sortante | H55: E0829 | I55: Position normale d'activité entrante payée | J55: Position / Situation saisie égale à 'Position normale d'activité entrante payée' ET Date de début position >= 18/04/2020 | K55: A_POS_POSIAD [Saisi] = 'ACI0A' ET A_POS_DATEB [Saisi] >= 18/04/2020 | L55: T2038 | M55: Position normale d'activité entrante payée avec durée - Fin | N55: Modification | O55: L'indicateur de renouvellement saisi est égal à l'indicateur de renouvellement avant saisie | P55: A_POS_INDREN [Saisi] = A_POS_INDREN [Valeur avant saisie] | Q55: Contractuel | R55: P0003 | S55: N | T55: Général | U55: Exclu | V55: 43939
A56: 20.00.00 | B56: A | C56: 44005.585 | D56: D0004 | E56: Position | F56: S0011 | G56: Position normale d'activité entrante et entrante sortante | H56: E0829 | I56: Position normale d'activité entrante payée | J56: Position / Situation saisie égale à 'Position normale d'activité entrante payée' ET Date de début position >= 18/04/2020 | K56: A_POS_POSIAD [Saisi] = 'ACI0A' ET A_POS_DATEB [Saisi] >= 18/04/2020 | L56: T2028 | M56: Position normale d'activité entrante payée - Renouvellement | N56: Création Modification | O56: Indicateur de renouvellement saisi = Oui ET l'indicateur de renouvellement saisi est différent de l'indicateur de renouvellement avant saisie | P56: A_POS_INDREN [Saisi] = '1' ET A_POS_INDREN [Saisi] <> A_POS_INDREN [Valeur avant saisie] | Q56: Stagiaire ou auditeur ou élève | R56: P0004 | S56: S | T56: Général | U56: Passant | V56: 43939 | X56: PNE_I_008 ET PNE_I_012 ET PNE_D_001 ET PNE_D_002 | Y56: PNE_I_008 | Z56: =VLOOKUP(Y56,'Axe 2 Règles de gestion'!$D$2:$F$41,3, FALSE) -> L'administration d'accueil fait connaître à l'administration d'origine et à l'agent sa décision de renouveler ou non son affectation 4 mois avant le terme de la période. | AA56: PNE_I_012 | AB56: =VLOOKUP(AA56,'Axe 2 Règles de gestion'!$D$2:$F$41,3, FALSE) -> Pour les positions normales d'activité prises avant le 18/04/2020, le renouvellement n'est pas possible. | AQ56: PNE_D_001 | AR56: =VLOOKUP(AQ56,'Axe 2 Règles de gestion'!$D$2:$F$41,3, FALSE) -> La durée prévisionnelle de l'affectation en position normale d'activité hors de l'administration d'origine est fixée à 3 ans. | AS56: PNE_D_002 | AT56: =VLOOKUP(AS56,'Axe 2 Règles de gestion'!$D$2:$F$41,3, FALSE) -> La durée réelle de l'affectation en position normale d'activité hors de l'administration d'origine est fixée à 3 ans.
A57: 22.00.00 | B57: M | C57: 44711.451 | D57: D0004 | E57: Position | F57: S0011 | G57: Position normale d'activité entrante et entrante sortante | H57: E0829 | I57: Position normale d'activité entrante payée | J57: Position / Situation saisie égale à 'Position normale d'activité entrante payée' ET Date de début position >= 18/04/2020 | K57: A_POS_POSIAD [Saisi] = 'ACI0A' ET A_POS_DATEB [Saisi] >= 18/04/2020 | L57: T2033 | M57: Position normale d'activité entrante payée avec durée - Demande | N57: Création Modification | O57: Indicateur Renouvellement Position est non activé ET l'indicateur de renouvellement saisi est différent de l'indicateur de renouvellement avant saisie | P57: A_POS_INDREN [Saisi] = '0' ET A_POS_INDREN [Saisi] <> A_POS_INDREN [Valeur avant saisie] | Q57: Stagiaire ou auditeur ou élève | R57: P0004 | S57: S | T57: Général | U57: Passant | V57: 43939 | X57: PNE_I_002 ET PNE_I_001 ET PNE_I_004 ET PNE_I_005 ET PNE_I_010 ET PNE_D_001 ET PNE_D_002 ET POS_C_005 ET POS_C_022 ET POS_C_010 ET POS_C_004 ET POS_C_007 ET POS_C_012 ET POS_C_030 ET POS_C_031 ET POS_C_034 ET POS_C_035 ET POS_C_036 | Y57: PNE_I_002 | Z57: =VLOOKUP(Y57,'Axe 2 Règles de gestion'!$D$2:$F$41,3, FALSE) -> L'agent doit effectuer une demande. | AA57: PNE_I_001 | AB57: =VLOOKUP(AA57,'Axe 2 Règles de gestion'!$D$2:$F$41,3, FALSE) -> L'affectation intervient à l'initiative de l'agent ou de l'administration. | AC57: PNE_I_004 | AD57: =VLOOKUP(AC57,'Axe 2 Règles de gestion'!$D$2:$F$41,3, FALSE) -> Un avis conforme de l'administration d'accueil a préalablement été transmis à l'administration d'origine sauf dans le cadre d'un transfert de service. | AE57: PNE_I_005 | AF57: =VLOOKUP(AE57,'Axe 2 Règles de gestion'!$D$2:$F$41,3, FALSE) -> Lorsque l'affectation de l'agent est prononcée dans un établissement public, le ministère de tutelle en est préalablement informé. | AG57: PNE_I_010 | AH57: =VLOOKUP(AG57,'Axe 2 Règles de gestion'!$D$2:$F$41,3, FALSE) -> Pour les positions normales d'activité prises avant le 18/04/2020, la limitation de durée ne s'applique pas. | AQ57: PNE_D_001 | AR57: =VLOOKUP(AQ57,'Axe 2 Règles de gestion'!$D$2:$F$41,3, FALSE) -> La durée prévisionnelle de l'affectation en position normale d'activité hors de l'administration d'origine est fixée à 3 ans. | AS57: PNE_D_002 | AT57: =VLOOKUP(AS57,'Axe 2 Règles de gestion'!$D$2:$F$41,3, FALSE) -> La durée réelle de l'affectation en position normale d'activité hors de l'administration d'origine est fixée à 3 ans. | AU57: POS_C_005 | AV57: =VLOOKUP(AU57,'Axe 2 Règles de gestion'!$D$2:$F$41,3, FALSE) -> La date de début de la position doit être postérieure ou égale à la date d'entrée dans la FPE ou dans la carrière militaire. | AW57: POS_C_022 | AX57: =VLOOKUP(AW57,'Axe 2 Règles de gestion'!$D$2:$F$41,3, FALSE) -> La date de début de position est à J+1 de la date de fin de position de l'occurrence précédente. | AY57: POS_C_010 | AZ57: =VLOOKUP(AY57,'Axe 2 Règles de gestion'!$D$2:$F$41,3, FALSE) -> La date de début de position doit être antérieure ou égale à la date de fin réelle de position. | BA57: POS_C_004 | BB57: =VLOOKUP(BA57,'Axe 2 Règles de gestion'!$D$2:$F$41,3, FALSE) -> La date de début de position doit être antérieure ou égale à la date de fin prévisionnelle de position. | BC57: POS_C_007 | BD57: =VLOOKUP(BC57,'Axe 2 Règles de gestion'!$D$2:$F$41,3, FALSE) -> La date de fin réelle de la position doit être antérieure à la date limite de départ à la retraite. | BE57: POS_C_012 | BF57: =VLOOKUP(BE57,'Axe 2 Règles de gestion'!$D$2:$F$41,3, FALSE) -> La date de fin prévisionnelle de la position doit être antérieure à la date limite de départ à la retraite. | BG57: POS_C_030 | BH57: =VLOOKUP(BG57,'Axe 2 Règles de gestion'!$D$2:$F$41,3, FALSE) -> Les champs "Type d'organisme d'origine", "Catégorie statutaire d'origine" et "Pays" de l'organisme d'origine doivent être renseignés. | BI57: POS_C_031 | BJ57: =VLOOKUP(BI57,'Axe 2 Règles de gestion'!$D$2:$F$41,3, FALSE) -> Les champs "Ministère (ou institution de la République) d'origine", "Corps d'origine", "Grade d'origine", "Echelon d'origine" sont renseignés si le "Type d'organisme d'origine" est valorisé à FPE. | BK57: POS_C_034 | BL57: =VLOOKUP(BK57,'Axe 2 Règles de gestion'!$D$2:$F$41,3, FALSE) -> Le champ "Organisme d'origine" doit être alimenté si le type d'organisme d'origine est égal à 'Autre organisme', 'Fonction publique d'un état de l'Union Européenne' ou 'Fonction publique Européenne'. | BM57: POS_C_035 | BN57: =VLOOKUP(BM57,'Axe 2 Règles de gestion'!$D$2:$F$41,3, FALSE) -> Le champ "Code emploi statutaire FPT (NET)" est renseigné si le "Type d'organisme d'origine" est valorisé à FPT. | BO57: POS_C_036 | BP57: =VLOOKUP(BO57,'Axe 2 Règles de gestion'!$D$2:$F$41,3, FALSE) -> Le champ "Code emploi statutaire FPH (NEH)" est renseigné si le "Type d'organisme d'origine" est valorisé à FPH.
A58: 20.00.00 | B58: A | C58: 44721.455 | D58: D0004 | E58: Position | F58: S0011 | G58: Position normale d'activité entrante et entrante sortante | H58: E0829 | I58: Position normale d'activité entrante payée | J58: Position / Situation saisie égale à 'Position normale d'activité entrante payée' ET Date de début position >= 18/04/2020 | K58: A_POS_POSIAD [Saisi] = 'ACI0A' ET A_POS_DATEB [Saisi] >= 18/04/2020 | L58: T2038 | M58: Position normale d'activité entrante payée avec durée - Fin | N58: Modification | O58: L'indicateur de renouvellement saisi est égal à l'indicateur de renouvellement avant saisie | P58: A_POS_INDREN [Saisi] = A_POS_INDREN [Valeur avant saisie] | Q58: Stagiaire ou auditeur ou élève | R58: P0004 | S58: S | T58: Général | U58: Passant | V58: 43939 | X58: PNE_I_008 ET PNE_I_009 ET PNE_I_010 ET PNE_D_001 ET PNE_D_002 ET POS_C_010 ET POS_C_004 ET POS_C_007 ET POS_C_012 ET POS_C_030 ET POS_C_031 ET POS_C_034 ET POS_C_035 ET POS_C_036 | Y58: PNE_I_008 | Z58: =VLOOKUP(Y58,'Axe 2 Règles de gestion'!$D$2:$F$41,3, FALSE) -> L'administration d'accueil fait connaître à l'administration d'origine et à l'agent sa décision de renouveler ou non son affectation 4 mois avant le terme de la période. | AA58: PNE_I_009 | AB58: =VLOOKUP(AA58,'Axe 2 Règles de gestion'!$D$2:$F$41,3, FALSE) -> Lorsque l'administration d'accueil décide de ne pas renouveler l'affectation, l'agent est réintégré dans le département ministériel dont il relève, au besoin en surnombre. | AC58: PNE_I_010 | AD58: =VLOOKUP(AC58,'Axe 2 Règles de gestion'!$D$2:$F$41,3, FALSE) -> Pour les positions normales d'activité prises avant le 18/04/2020, la limitation de durée ne s'applique pas. | AQ58: PNE_D_001 | AR58: =VLOOKUP(AQ58,'Axe 2 Règles de gestion'!$D$2:$F$41,3, FALSE) -> La durée prévisionnelle de l'affectation en position normale d'activité hors de l'administration d'origine est fixée à 3 ans. | AS58: PNE_D_002 | AT58: =VLOOKUP(AS58,'Axe 2 Règles de gestion'!$D$2:$F$41,3, FALSE) -> La durée réelle de l'affectation en position normale d'activité hors de l'administration d'origine est fixée à 3 ans. | AU58: POS_C_010 | AV58: =VLOOKUP(AU58,'Axe 2 Règles de gestion'!$D$2:$F$41,3, FALSE) -> La date de début de position doit être antérieure ou égale à la date de fin réelle de position. | AW58: POS_C_004 | AX58: =VLOOKUP(AW58,'Axe 2 Règles de gestion'!$D$2:$F$41,3, FALSE) -> La date de début de position doit être antérieure ou égale à la date de fin prévisionnelle de position. | AY58: POS_C_007 | AZ58: =VLOOKUP(AY58,'Axe 2 Règles de gestion'!$D$2:$F$41,3, FALSE) -> La date de fin réelle de la position doit être antérieure à la date limite de départ à la retraite. | BA58: POS_C_012 | BB58: =VLOOKUP(BA58,'Axe 2 Règles de gestion'!$D$2:$F$41,3, FALSE) -> La date de fin prévisionnelle de la position doit être antérieure à la date limite de départ à la retraite. | BC58: POS_C_030 | BD58: =VLOOKUP(BC58,'Axe 2 Règles de gestion'!$D$2:$F$41,3, FALSE) -> Les champs "Type d'organisme d'origine", "Catégorie statutaire d'origine" et "Pays" de l'organisme d'origine doivent être renseignés. | BE58: POS_C_031 | BF58: =VLOOKUP(BE58,'Axe 2 Règles de gestion'!$D$2:$F$41,3, FALSE) -> Les champs "Ministère (ou institution de la République) d'origine", "Corps d'origine", "Grade d'origine", "Echelon d'origine" sont renseignés si le "Type d'organisme d'origine" est valorisé à FPE. | BG58: POS_C_034 | BH58: =VLOOKUP(BG58,'Axe 2 Règles de gestion'!$D$2:$F$41,3, FALSE) -> Le champ "Organisme d'origine" doit être alimenté si le type d'organisme d'origine est égal à 'Autre organisme', 'Fonction publique d'un état de l'Union Européenne' ou 'Fonction publique Européenne'. | BI58: POS_C_035 | BJ58: =VLOOKUP(BI58,'Axe 2 Règles de gestion'!$D$2:$F$41,3, FALSE) -> Le champ "Code emploi statutaire FPT (NET)" est renseigné si le "Type d'organisme d'origine" est valorisé à FPT. | BK58: POS_C_036 | BL58: =VLOOKUP(BK58,'Axe 2 Règles de gestion'!$D$2:$F$41,3, FALSE) -> Le champ "Code emploi statutaire FPH (NEH)" est renseigné si le "Type d'organisme d'origine" est valorisé à FPH.
A59: 20.00.00 | B59: A | C59: 43999.674 | D59: D0004 | E59: Position | F59: S0011 | G59: Position normale d'activité entrante et entrante sortante | H59: E0829 | I59: Position normale d'activité entrante payée | J59: Position / Situation saisie égale à 'Position normale d'activité entrante payée' ET Date de début position >= 18/04/2020 | K59: A_POS_POSIAD [Saisi] = 'ACI0A' ET A_POS_DATEB [Saisi] >= 18/04/2020 | L59: T2028 | M59: Position normale d'activité entrante payée - Renouvellement | N59: Création Modification | O59: Indicateur de renouvellement saisi = Oui ET l'indicateur de renouvellement saisi est différent de l'indicateur de renouvellement avant saisie | P59: A_POS_INDREN [Saisi] = '1' ET A_POS_INDREN [Saisi] <> A_POS_INDREN [Valeur avant saisie] | Q59: Ouvrier d'état | R59: P0005 | S59: O | T59: Général | U59: Exclu | V59: 43939
A60: 20.00.00 | B60: A | C60: 43999.671 | D60: D0004 | E60: Position | F60: S0011 | G60: Position normale d'activité entrante et entrante sortante | H60: E0829 | I60: Position normale d'activité entrante payée | J60: Position / Situation saisie égale à 'Position normale d'activité entrante payée' ET Date de début position >= 18/04/2020 | K60: A_POS_POSIAD [Saisi] = 'ACI0A' ET A_POS_DATEB [Saisi] >= 18/04/2020 | L60: T2033 | M60: Position normale d'activité entrante payée avec durée - Demande | N60: Création Modification | O60: Indicateur Renouvellement Position est non activé ET l'indicateur de renouvellement saisi est différent de l'indicateur de renouvellement avant saisie | P60: A_POS_INDREN [Saisi] = '0' ET A_POS_INDREN [Saisi] <> A_POS_INDREN [Valeur avant saisie] | Q60: Ouvrier d'état | R60: P0005 | S60: O | T60: Général | U60: Exclu | V60: 43939
A61: 20.00.00 | B61: A | C61: 43999.674 | D61: D0004 | E61: Position | F61: S0011 | G61: Position normale d'activité entrante et entrante sortante | H61: E0829 | I61: Position normale d'activité entrante payée | J61: Position / Situation saisie égale à 'Position normale d'activité entrante payée' ET Date de début position >= 18/04/2020 | K61: A_POS_POSIAD [Saisi] = 'ACI0A' ET A_POS_DATEB [Saisi] >= 18/04/2020 | L61: T2038 | M61: Position normale d'activité entrante payée avec durée - Fin | N61: Modification | O61: L'indicateur de renouvellement saisi est égal à l'indicateur de renouvellement avant saisie | P61: A_POS_INDREN [Saisi] = A_POS_INDREN [Valeur avant saisie] | Q61: Ouvrier d'état | R61: P0005 | S61: O | T61: Général | U61: Exclu | V61: 43939
A62: 20.00.00 | B62: A | C62: 43999.676 | D62: D0004 | E62: Position | F62: S0011 | G62: Position normale d'activité entrante et entrante sortante | H62: E0829 | I62: Position normale d'activité entrante payée | J62: Position / Situation saisie égale à 'Position normale d'activité entrante payée' ET Date de début position >= 18/04/2020 | K62: A_POS_POSIAD [Saisi] = 'ACI0A' ET A_POS_DATEB [Saisi] >= 18/04/2020 | L62: T2028 | M62: Position normale d'activité entrante payée - Renouvellement | N62: Création Modification | O62: Indicateur de renouvellement saisi = Oui ET l'indicateur de renouvellement saisi est différent de l'indicateur de renouvellement avant saisie | P62: A_POS_INDREN [Saisi] = '1' ET A_POS_INDREN [Saisi] <> A_POS_INDREN [Valeur avant saisie] | Q62: Magistrat de l'ordre judiciaire | R62: P0007 | S62: T | T62: Particulier | U62: Exclu | V62: 43939
A63: 20.00.00 | B63: A | C63: 43999.675 | D63: D0004 | E63: Position | F63: S0011 | G63: Position normale d'activité entrante et entrante sortante | H63: E0829 | I63: Position normale d'activité entrante payée | J63: Position / Situation saisie égale à 'Position normale d'activité entrante payée' ET Date de début position >= 18/04/2020 | K63: A_POS_POSIAD [Saisi] = 'ACI0A' ET A_POS_DATEB [Saisi] >= 18/04/2020 | L63: T2033 | M63: Position normale d'activité entrante payée avec durée - Demande | N63: Création Modification | O63: Indicateur Renouvellement Position est non activé ET l'indicateur de renouvellement saisi est différent de l'indicateur de renouvellement avant saisie | P63: A_POS_INDREN [Saisi] = '0' ET A_POS_INDREN [Saisi] <> A_POS_INDREN [Valeur avant saisie] | Q63: Magistrat de l'ordre judiciaire | R63: P0007 | S63: T | T63: Particulier | U63: Exclu | V63: 43939
A64: 20.00.00 | B64: A | C64: 43999.676 | D64: D0004 | E64: Position | F64: S0011 | G64: Position normale d'activité entrante et entrante sortante | H64: E0829 | I64: Position normale d'activité entrante payée | J64: Position / Situation saisie égale à 'Position normale d'activité entrante payée' ET Date de début position >= 18/04/2020 | K64: A_POS_POSIAD [Saisi] = 'ACI0A' ET A_POS_DATEB [Saisi] >= 18/04/2020 | L64: T2038 | M64: Position normale d'activité entrante payée avec durée - Fin | N64: Modification | O64: L'indicateur de renouvellement saisi est égal à l'indicateur de renouvellement avant saisie | P64: A_POS_INDREN [Saisi] = A_POS_INDREN [Valeur avant saisie] | Q64: Magistrat de l'ordre judiciaire | R64: P0007 | S64: T | T64: Particulier | U64: Exclu | V64: 43939
A65: 20.00.00 | B65: A | C65: 43999.677 | D65: D0004 | E65: Position | F65: S0011 | G65: Position normale d'activité entrante et entrante sortante | H65: E0829 | I65: Position normale d'activité entrante payée | J65: Position / Situation saisie égale à 'Position normale d'activité entrante payée' ET Date de début position >= 18/04/2020 | K65: A_POS_POSIAD [Saisi] = 'ACI0A' ET A_POS_DATEB [Saisi] >= 18/04/2020 | L65: T2028 | M65: Position normale d'activité entrante payée - Renouvellement | N65: Création Modification | O65: Indicateur de renouvellement saisi = Oui ET l'indicateur de renouvellement saisi est différent de l'indicateur de renouvellement avant saisie | P65: A_POS_INDREN [Saisi] = '1' ET A_POS_INDREN [Saisi] <> A_POS_INDREN [Valeur avant saisie] | Q65: Auditeur de justice ou élève | R65: P0034 | S65: S | T65: Particulier | U65: Exclu | V65: 43939
A66: 20.00.00 | B66: A | C66: 43999.676 | D66: D0004 | E66: Position | F66: S0011 | G66: Position normale d'activité entrante et entrante sortante | H66: E0829 | I66: Position normale d'activité entrante payée | J66: Position / Situation saisie égale à 'Position normale d'activité entrante payée' ET Date de début position >= 18/04/2020 | K66: A_POS_POSIAD [Saisi] = 'ACI0A' ET A_POS_DATEB [Saisi] >= 18/04/2020 | L66: T2033 | M66: Position normale d'activité entrante payée avec durée - Demande | N66: Création Modification | O66: Indicateur Renouvellement Position est non activé ET l'indicateur de renouvellement saisi est différent de l'indicateur de renouvellement avant saisie | P66: A_POS_INDREN [Saisi] = '0' ET A_POS_INDREN [Saisi] <> A_POS_INDREN [Valeur avant saisie] | Q66: Auditeur de justice ou élève | R66: P0034 | S66: S | T66: Particulier | U66: Exclu | V66: 43939
A67: 20.00.00 | B67: A | C67: 43999.676 | D67: D0004 | E67: Position | F67: S0011 | G67: Position normale d'activité entrante et entrante sortante | H67: E0829 | I67: Position normale d'activité entrante payée | J67: Position / Situation saisie égale à 'Position normale d'activité entrante payée' ET Date de début position >= 18/04/2020 | K67: A_POS_POSIAD [Saisi] = 'ACI0A' ET A_POS_DATEB [Saisi] >= 18/04/2020 | L67: T2038 | M67: Position normale d'activité entrante payée avec durée - Fin | N67: Modification | O67: L'indicateur de renouvellement saisi est égal à l'indicateur de renouvellement avant saisie | P67: A_POS_INDREN [Saisi] = A_POS_INDREN [Valeur avant saisie] | Q67: Auditeur de justice ou élève | R67: P0034 | S67: S | T67: Particulier | U67: Exclu | V67: 43939
A68: 20.00.00 | B68: A | C68: 44005.594 | D68: D0004 | E68: Position | F68: S0011 | G68: Position normale d'activité entrante et entrante sortante | H68: E0830 | I68: Position normale d'activité entrante non payée | J68: Position / Situation saisie égale à 'Position normale d'activité entrante non payée' ET Date de début position >= 18/04/2020 | K68: A_POS_POSIAD [Saisi] = 'ACI0B' ET A_POS_DATEB [Saisi] >= 18/04/2020 | L68: T2029 | M68: Position normale d'activité entrante non payée - Renouvellement | N68: Création Modification | O68: Indicateur de renouvellement saisi = Oui ET l'indicateur de renouvellement saisi est différent de l'indicateur de renouvellement avant saisie | P68: A_POS_INDREN [Saisi] = '1' ET A_POS_INDREN [Saisi] <> A_POS_INDREN [Valeur avant saisie] | Q68: Titulaire ou magistrat | R68: P0001 | S68: T | T68: Général | U68: Passant | V68: 43939 | X68: PNE_I_008 ET PNE_I_012 ET PNE_D_001 ET PNE_D_002 | Y68: PNE_I_008 | Z68: =VLOOKUP(Y68,'Axe 2 Règles de gestion'!$D$2:$F$41,3, FALSE) -> L'administration d'accueil fait connaître à l'administration d'origine et à l'agent sa décision de renouveler ou non son affectation 4 mois avant le terme de la période. | AA68: PNE_I_012 | AB68: =VLOOKUP(AA68,'Axe 2 Règles de gestion'!$D$2:$F$41,3, FALSE) -> Pour les positions normales d'activité prises avant le 18/04/2020, le renouvellement n'est pas possible. | AQ68: PNE_D_001 | AR68: =VLOOKUP(AQ68,'Axe 2 Règles de gestion'!$D$2:$F$41,3, FALSE) -> La durée prévisionnelle de l'affectation en position normale d'activité hors de l'administration d'origine est fixée à 3 ans. | AS68: PNE_D_002 | AT68: =VLOOKUP(AS68,'Axe 2 Règles de gestion'!$D$2:$F$41,3, FALSE) -> La durée réelle de l'affectation en position normale d'activité hors de l'administration d'origine est fixée à 3 ans.
A69: 22.00.00 | B69: M | C69: 44711.48 | D69: D0004 | E69: Position | F69: S0011 | G69: Position normale d'activité entrante et entrante sortante | H69: E0830 | I69: Position normale d'activité entrante non payée | J69: Position / Situation saisie égale à 'Position normale d'activité entrante non payée' ET Date de début position >= 18/04/2020 | K69: A_POS_POSIAD [Saisi] = 'ACI0B' ET A_POS_DATEB [Saisi] >= 18/04/2020 | L69: T2034 | M69: Position normale d'activité entrante non payée avec durée - Demande | N69: Création Modification | O69: Indicateur Renouvellement Position est non activé ET l'indicateur de renouvellement saisi est différent de l'indicateur de renouvellement avant saisie | P69: A_POS_INDREN [Saisi] = '0' ET A_POS_INDREN [Saisi] <> A_POS_INDREN [Valeur avant saisie] | Q69: Titulaire ou magistrat | R69: P0001 | S69: T | T69: Général | U69: Passant | V69: 43939 | X69: PNE_I_002 ET PNE_I_001 ET PNE_I_013 ET PNE_I_004 ET PNE_I_005 ET PNE_I_007 ET PNE_I_014 ET PNE_I_010 ET PNE_D_001 ET PNE_D_002 ET POS_C_005 ET POS_C_022 ET POS_C_010 ET POS_C_004 ET POS_C_007 ET POS_C_012 ET POS_C_030 ET POS_C_031 ET POS_C_034 ET POS_C_035 ET POS_C_036 | Y69: PNE_I_002 | Z69: =VLOOKUP(Y69,'Axe 2 Règles de gestion'!$D$2:$F$41,3, FALSE) -> L'agent doit effectuer une demande. | AA69: PNE_I_001 | AB69: =VLOOKUP(AA69,'Axe 2 Règles de gestion'!$D$2:$F$41,3, FALSE) -> L'affectation intervient à l'initiative de l'agent ou de l'administration. | AC69: PNE_I_013 | AD69: =VLOOKUP(AC69,'Axe 2 Règles de gestion'!$D$2:$F$41,3, FALSE) -> L'administration ne peut s'opposer au changement d'affectation d'un agent qui a obtenu l'accord de l'organisme d'accueil que pour des motifs liés aux nécessités du service ou à un avis rendu par la Haute Autorité pour la transparence de la vie publique. | AE69: PNE_I_004 | AF69: =VLOOKUP(AE69,'Axe 2 Règles de gestion'!$D$2:$F$41,3, FALSE) -> Un avis conforme de l'administration d'accueil a préalablement été transmis à l'administration d'origine sauf dans le cadre d'un transfert de service. | AG69: PNE_I_005 | AH69: =VLOOKUP(AG69,'Axe 2 Règles de gestion'!$D$2:$F$41,3, FALSE) -> Lorsque l'affectation de l'agent est prononcée dans un établissement public, le ministère de tutelle en est préalablement informé. | AI69: PNE_I_007 | AJ69: =VLOOKUP(AI69,'Axe 2 Règles de gestion'!$D$2:$F$41,3, FALSE) -> L'administration peut exiger que l'agent respecte un délai maximal de préavis de 3 mois. Ce délai peut être porté à une durée plus longue, qui ne saurait toutefois excéder 6 mois. | AK69: PNE_I_014 | AL69: =VLOOKUP(AK69,'Axe 2 Règles de gestion'!$D$2:$F$41,3, FALSE) -> Le silence de l'administration gardé pendant 2 mois à compter de la réception de la demande de l'agent vaut acceptation. | AM69: PNE_I_010 | AN69: =VLOOKUP(AM69,'Axe 2 Règles de gestion'!$D$2:$F$41,3, FALSE) -> Pour les positions normales d'activité prises avant le 18/04/2020, la limitation de durée ne s'applique pas. | AQ69: PNE_D_001 | AR69: =VLOOKUP(AQ69,'Axe 2 Règles de gestion'!$D$2:$F$41,3, FALSE) -> La durée prévisionnelle de l'affectation en position normale d'activité hors de l'administration d'origine est fixée à 3 ans. | AS69: PNE_D_002 | AT69: =VLOOKUP(AS69,'Axe 2 Règles de gestion'!$D$2:$F$41,3, FALSE) -> La durée réelle de l'affectation en position normale d'activité hors de l'administration d'origine est fixée à 3 ans. | AU69: POS_C_005 | AV69: =VLOOKUP(AU69,'Axe 2 Règles de gestion'!$D$2:$F$41,3, FALSE) -> La date de début de la position doit être postérieure ou égale à la date d'entrée dans la FPE ou dans la carrière militaire. | AW69: POS_C_022 | AX69: =VLOOKUP(AW69,'Axe 2 Règles de gestion'!$D$2:$F$41,3, FALSE) -> La date de début de position est à J+1 de la date de fin de position de l'occurrence précédente. | AY69: POS_C_010 | AZ69: =VLOOKUP(AY69,'Axe 2 Règles de gestion'!$D$2:$F$41,3, FALSE) -> La date de début de position doit être antérieure ou égale à la date de fin réelle de position. | BA69: POS_C_004 | BB69: =VLOOKUP(BA69,'Axe 2 Règles de gestion'!$D$2:$F$41,3, FALSE) -> La date de début de position doit être antérieure ou égale à la date de fin prévisionnelle de position. | BC69: POS_C_007 | BD69: =VLOOKUP(BC69,'Axe 2 Règles de gestion'!$D$2:$F$41,3, FALSE) -> La date de fin réelle de la position doit être antérieure à la date limite de départ à la retraite. | BE69: POS_C_012 | BF69: =VLOOKUP(BE69,'Axe 2 Règles de gestion'!$D$2:$F$41,3, FALSE) -> La date de fin prévisionnelle de la position doit être antérieure à la date limite de départ à la retraite. | BG69: POS_C_030 | BH69: =VLOOKUP(BG69,'Axe 2 Règles de gestion'!$D$2:$F$41,3, FALSE) -> Les champs "Type d'organisme d'origine", "Catégorie statutaire d'origine" et "Pays" de l'organisme d'origine doivent être renseignés. | BI69: POS_C_031 | BJ69: =VLOOKUP(BI69,'Axe 2 Règles de gestion'!$D$2:$F$41,3, FALSE) -> Les champs "Ministère (ou institution de la République) d'origine", "Corps d'origine", "Grade d'origine", "Echelon d'origine" sont renseignés si le "Type d'organisme d'origine" est valorisé à FPE. | BK69: POS_C_034 | BL69: =VLOOKUP(BK69,'Axe 2 Règles de gestion'!$D$2:$F$41,3, FALSE) -> Le champ "Organisme d'origine" doit être alimenté si le type d'organisme d'origine est égal à 'Autre organisme', 'Fonction publique d'un état de l'Union Européenne' ou 'Fonction publique Européenne'. | BM69: POS_C_035 | BN69: =VLOOKUP(BM69,'Axe 2 Règles de gestion'!$D$2:$F$41,3, FALSE) -> Le champ "Code emploi statutaire FPT (NET)" est renseigné si le "Type d'organisme d'origine" est valorisé à FPT. | BO69: POS_C_036 | BP69: =VLOOKUP(BO69,'Axe 2 Règles de gestion'!$D$2:$F$41,3, FALSE) -> Le champ "Code emploi statutaire FPH (NEH)" est renseigné si le "Type d'organisme d'origine" est valorisé à FPH.
A70: 20.00.00 | B70: A | C70: 44721.456 | D70: D0004 | E70: Position | F70: S0011 | G70: Position normale d'activité entrante et entrante sortante | H70: E0830 | I70: Position normale d'activité entrante non payée | J70: Position / Situation saisie égale à 'Position normale d'activité entrante non payée' ET Date de début position >= 18/04/2020 | K70: A_POS_POSIAD [Saisi] = 'ACI0B' ET A_POS_DATEB [Saisi] >= 18/04/2020 | L70: T2039 | M70: Position normale d'activité entrante non payée avec durée - Fin | N70: Modification | O70: L'indicateur de renouvellement saisi est égal à l'indicateur de renouvellement avant saisie | P70: A_POS_INDREN [Saisi] = A_POS_INDREN [Valeur avant saisie] | Q70: Titulaire ou magistrat | R70: P0001 | S70: T | T70: Général | U70: Passant | V70: 43939 | X70: PNE_I_008 ET PNE_I_009 ET PNE_I_010 ET PNE_D_001 ET PNE_D_002 ET POS_C_010 ET POS_C_004 ET POS_C_007 ET POS_C_012 ET POS_C_030 ET POS_C_031 ET POS_C_034 ET POS_C_035 ET POS_C_036 | Y70: PNE_I_008 | Z70: =VLOOKUP(Y70,'Axe 2 Règles de gestion'!$D$2:$F$41,3, FALSE) -> L'administration d'accueil fait connaître à l'administration d'origine et à l'agent sa décision de renouveler ou non son affectation 4 mois avant le terme de la période. | AA70: PNE_I_009 | AB70: =VLOOKUP(AA70,'Axe 2 Règles de gestion'!$D$2:$F$41,3, FALSE) -> Lorsque l'administration d'accueil décide de ne pas renouveler l'affectation, l'agent est réintégré dans le département ministériel dont il relève, au besoin en surnombre. | AC70: PNE_I_010 | AD70: =VLOOKUP(AC70,'Axe 2 Règles de gestion'!$D$2:$F$41,3, FALSE) -> Pour les positions normales d'activité prises avant le 18/04/2020, la limitation de durée ne s'applique pas. | AQ70: PNE_D_001 | AR70: =VLOOKUP(AQ70,'Axe 2 Règles de gestion'!$D$2:$F$41,3, FALSE) -> La durée prévisionnelle de l'affectation en position normale d'activité hors de l'administration d'origine est fixée à 3 ans. | AS70: PNE_D_002 | AT70: =VLOOKUP(AS70,'Axe 2 Règles de gestion'!$D$2:$F$41,3, FALSE) -> La durée réelle de l'affectation en position normale d'activité hors de l'administration d'origine est fixée à 3 ans. | AU70: POS_C_010 | AV70: =VLOOKUP(AU70,'Axe 2 Règles de gestion'!$D$2:$F$41,3, FALSE) -> La date de début de position doit être antérieure ou égale à la date de fin réelle de position. | AW70: POS_C_004 | AX70: =VLOOKUP(AW70,'Axe 2 Règles de gestion'!$D$2:$F$41,3, FALSE) -> La date de début de position doit être antérieure ou égale à la date de fin prévisionnelle de position. | AY70: POS_C_007 | AZ70: =VLOOKUP(AY70,'Axe 2 Règles de gestion'!$D$2:$F$41,3, FALSE) -> La date de fin réelle de la position doit être antérieure à la date limite de départ à la retraite. | BA70: POS_C_012 | BB70: =VLOOKUP(BA70,'Axe 2 Règles de gestion'!$D$2:$F$41,3, FALSE) -> La date de fin prévisionnelle de la position doit être antérieure à la date limite de départ à la retraite. | BC70: POS_C_030 | BD70: =VLOOKUP(BC70,'Axe 2 Règles de gestion'!$D$2:$F$41,3, FALSE) -> Les champs "Type d'organisme d'origine", "Catégorie statutaire d'origine" et "Pays" de l'organisme d'origine doivent être renseignés. | BE70: POS_C_031 | BF70: =VLOOKUP(BE70,'Axe 2 Règles de gestion'!$D$2:$F$41,3, FALSE) -> Les champs "Ministère (ou institution de la République) d'origine", "Corps d'origine", "Grade d'origine", "Echelon d'origine" sont renseignés si le "Type d'organisme d'origine" est valorisé à FPE. | BG70: POS_C_034 | BH70: =VLOOKUP(BG70,'Axe 2 Règles de gestion'!$D$2:$F$41,3, FALSE) -> Le champ "Organisme d'origine" doit être alimenté si le type d'organisme d'origine est égal à 'Autre organisme', 'Fonction publique d'un état de l'Union Européenne' ou 'Fonction publique Européenne'. | BI70: POS_C_035 | BJ70: =VLOOKUP(BI70,'Axe 2 Règles de gestion'!$D$2:$F$41,3, FALSE) -> Le champ "Code emploi statutaire FPT (NET)" est renseigné si le "Type d'organisme d'origine" est valorisé à FPT. | BK70: POS_C_036 | BL70: =VLOOKUP(BK70,'Axe 2 Règles de gestion'!$D$2:$F$41,3, FALSE) -> Le champ "Code emploi statutaire FPH (NEH)" est renseigné si le "Type d'organisme d'origine" est valorisé à FPH.
A71: 20.00.00 | B71: A | C71: 43999.684 | D71: D0004 | E71: Position | F71: S0011 | G71: Position normale d'activité entrante et entrante sortante | H71: E0830 | I71: Position normale d'activité entrante non payée | J71: Position / Situation saisie égale à 'Position normale d'activité entrante non payée' ET Date de début position >= 18/04/2020 | K71: A_POS_POSIAD [Saisi] = 'ACI0B' ET A_POS_DATEB [Saisi] >= 18/04/2020 | L71: T2029 | M71: Position normale d'activité entrante non payée - Renouvellement | N71: Création Modification | O71: Indicateur de renouvellement saisi = Oui ET l'indicateur de renouvellement saisi est différent de l'indicateur de renouvellement avant saisie | P71: A_POS_INDREN [Saisi] = '1' ET A_POS_INDREN [Saisi] <> A_POS_INDREN [Valeur avant saisie] | Q71: Militaire | R71: P0002 | S71: M | T71: Général | U71: Exclu | V71: 43939
A72: 20.00.00 | B72: A | C72: 43999.682 | D72: D0004 | E72: Position | F72: S0011 | G72: Position normale d'activité entrante et entrante sortante | H72: E0830 | I72: Position normale d'activité entrante non payée | J72: Position / Situation saisie égale à 'Position normale d'activité entrante non payée' ET Date de début position >= 18/04/2020 | K72: A_POS_POSIAD [Saisi] = 'ACI0B' ET A_POS_DATEB [Saisi] >= 18/04/2020 | L72: T2034 | M72: Position normale d'activité entrante non payée avec durée - Demande | N72: Création Modification | O72: Indicateur Renouvellement Position est non activé ET l'indicateur de renouvellement saisi est différent de l'indicateur de renouvellement avant saisie | P72: A_POS_INDREN [Saisi] = '0' ET A_POS_INDREN [Saisi] <> A_POS_INDREN [Valeur avant saisie] | Q72: Militaire | R72: P0002 | S72: M | T72: Général | U72: Exclu | V72: 43939
A73: 20.00.00 | B73: A | C73: 43999.683 | D73: D0004 | E73: Position | F73: S0011 | G73: Position normale d'activité entrante et entrante sortante | H73: E0830 | I73: Position normale d'activité entrante non payée | J73: Position / Situation saisie égale à 'Position normale d'activité entrante non payée' ET Date de début position >= 18/04/2020 | K73: A_POS_POSIAD [Saisi] = 'ACI0B' ET A_POS_DATEB [Saisi] >= 18/04/2020 | L73: T2039 | M73: Position normale d'activité entrante non payée avec durée - Fin | N73: Modification | O73: L'indicateur de renouvellement saisi est égal à l'indicateur de renouvellement avant saisie | P73: A_POS_INDREN [Saisi] = A_POS_INDREN [Valeur avant saisie] | Q73: Militaire | R73: P0002 | S73: M | T73: Général | U73: Exclu | V73: 43939
A74: 20.00.00 | B74: A | C74: 43999.684 | D74: D0004 | E74: Position | F74: S0011 | G74: Position normale d'activité entrante et entrante sortante | H74: E0830 | I74: Position normale d'activité entrante non payée | J74: Position / Situation saisie égale à 'Position normale d'activité entrante non payée' ET Date de début position >= 18/04/2020 | K74: A_POS_POSIAD [Saisi] = 'ACI0B' ET A_POS_DATEB [Saisi] >= 18/04/2020 | L74: T2029 | M74: Position normale d'activité entrante non payée - Renouvellement | N74: Création Modification | O74: Indicateur de renouvellement saisi = Oui ET l'indicateur de renouvellement saisi est différent de l'indicateur de renouvellement avant saisie | P74: A_POS_INDREN [Saisi] = '1' ET A_POS_INDREN [Saisi] <> A_POS_INDREN [Valeur avant saisie] | Q74: Contractuel | R74: P0003 | S74: N | T74: Général | U74: Exclu | V74: 43939
A75: 20.00.00 | B75: A | C75: 43999.683 | D75: D0004 | E75: Position | F75: S0011 | G75: Position normale d'activité entrante et entrante sortante | H75: E0830 | I75: Position normale d'activité entrante non payée | J75: Position / Situation saisie égale à 'Position normale d'activité entrante non payée' ET Date de début position >= 18/04/2020 | K75: A_POS_POSIAD [Saisi] = 'ACI0B' ET A_POS_DATEB [Saisi] >= 18/04/2020 | L75: T2034 | M75: Position normale d'activité entrante non payée avec durée - Demande | N75: Création Modification | O75: Indicateur Renouvellement Position est non activé ET l'indicateur de renouvellement saisi est différent de l'indicateur de renouvellement avant saisie | P75: A_POS_INDREN [Saisi] = '0' ET A_POS_INDREN [Saisi] <> A_POS_INDREN [Valeur avant saisie] | Q75: Contractuel | R75: P0003 | S75: N | T75: Général | U75: Exclu | V75: 43939
A76: 20.00.00 | B76: A | C76: 43999.683 | D76: D0004 | E76: Position | F76: S0011 | G76: Position normale d'activité entrante et entrante sortante | H76: E0830 | I76: Position normale d'activité entrante non payée | J76: Position / Situation saisie égale à 'Position normale d'activité entrante non payée' ET Date de début position >= 18/04/2020 | K76: A_POS_POSIAD [Saisi] = 'ACI0B' ET A_POS_DATEB [Saisi] >= 18/04/2020 | L76: T2039 | M76: Position normale d'activité entrante non payée avec durée - Fin | N76: Modification | O76: L'indicateur de renouvellement saisi est égal à l'indicateur de renouvellement avant saisie | P76: A_POS_INDREN [Saisi] = A_POS_INDREN [Valeur avant saisie] | Q76: Contractuel | R76: P0003 | S76: N | T76: Général | U76: Exclu | V76: 43939
A77: 20.00.00 | B77: A | C77: 44005.594 | D77: D0004 | E77: Position | F77: S0011 | G77: Position normale d'activité entrante et entrante sortante | H77: E0830 | I77: Position normale d'activité entrante non payée | J77: Position / Situation saisie égale à 'Position normale d'activité entrante non payée' ET Date de début position >= 18/04/2020 | K77: A_POS_POSIAD [Saisi] = 'ACI0B' ET A_POS_DATEB [Saisi] >= 18/04/2020 | L77: T2029 | M77: Position normale d'activité entrante non payée - Renouvellement | N77: Création Modification | O77: Indicateur de renouvellement saisi = Oui ET l'indicateur de renouvellement saisi est différent de l'indicateur de renouvellement avant saisie | P77: A_POS_INDREN [Saisi] = '1' ET A_POS_INDREN [Saisi] <> A_POS_INDREN [Valeur avant saisie] | Q77: Stagiaire ou auditeur ou élève | R77: P0004 | S77: S | T77: Général | U77: Passant | V77: 43939 | X77: PNE_I_008 ET PNE_I_012 ET PNE_D_001 ET PNE_D_002 | Y77: PNE_I_008 | Z77: =VLOOKUP(Y77,'Axe 2 Règles de gestion'!$D$2:$F$41,3, FALSE) -> L'administration d'accueil fait connaître à l'administration d'origine et à l'agent sa décision de renouveler ou non son affectation 4 mois avant le terme de la période. | AA77: PNE_I_012 | AB77: =VLOOKUP(AA77,'Axe 2 Règles de gestion'!$D$2:$F$41,3, FALSE) -> Pour les positions normales d'activité prises avant le 18/04/2020, le renouvellement n'est pas possible. | AQ77: PNE_D_001 | AR77: =VLOOKUP(AQ77,'Axe 2 Règles de gestion'!$D$2:$F$41,3, FALSE) -> La durée prévisionnelle de l'affectation en position normale d'activité hors de l'administration d'origine est fixée à 3 ans. | AS77: PNE_D_002 | AT77: =VLOOKUP(AS77,'Axe 2 Règles de gestion'!$D$2:$F$41,3, FALSE) -> La durée réelle de l'affectation en position normale d'activité hors de l'administration d'origine est fixée à 3 ans.
A78: 22.00.00 | B78: M | C78: 44711.481 | D78: D0004 | E78: Position | F78: S0011 | G78: Position normale d'activité entrante et entrante sortante | H78: E0830 | I78: Position normale d'activité entrante non payée | J78: Position / Situation saisie égale à 'Position normale d'activité entrante non payée' ET Date de début position >= 18/04/2020 | K78: A_POS_POSIAD [Saisi] = 'ACI0B' ET A_POS_DATEB [Saisi] >= 18/04/2020 | L78: T2034 | M78: Position normale d'activité entrante non payée avec durée - Demande | N78: Création Modification | O78: Indicateur Renouvellement Position est non activé ET l'indicateur de renouvellement saisi est différent de l'indicateur de renouvellement avant saisie | P78: A_POS_INDREN [Saisi] = '0' ET A_POS_INDREN [Saisi] <> A_POS_INDREN [Valeur avant saisie] | Q78: Stagiaire ou auditeur ou élève | R78: P0004 | S78: S | T78: Général | U78: Passant | V78: 43939 | X78: PNE_I_002 ET PNE_I_001 ET PNE_I_004 ET PNE_I_005 ET PNE_I_010 ET PNE_D_001 ET PNE_D_002 ET POS_C_005 ET POS_C_022 ET POS_C_010 ET POS_C_004 ET POS_C_007 ET POS_C_012 ET POS_C_030 ET POS_C_031 ET POS_C_034 ET POS_C_035 ET POS_C_036 | Y78: PNE_I_002 | Z78: =VLOOKUP(Y78,'Axe 2 Règles de gestion'!$D$2:$F$41,3, FALSE) -> L'agent doit effectuer une demande. | AA78: PNE_I_001 | AB78: =VLOOKUP(AA78,'Axe 2 Règles de gestion'!$D$2:$F$41,3, FALSE) -> L'affectation intervient à l'initiative de l'agent ou de l'administration. | AC78: PNE_I_004 | AD78: =VLOOKUP(AC78,'Axe 2 Règles de gestion'!$D$2:$F$41,3, FALSE) -> Un avis conforme de l'administration d'accueil a préalablement été transmis à l'administration d'origine sauf dans le cadre d'un transfert de service. | AE78: PNE_I_005 | AF78: =VLOOKUP(AE78,'Axe 2 Règles de gestion'!$D$2:$F$41,3, FALSE) -> Lorsque l'affectation de l'agent est prononcée dans un établissement public, le ministère de tutelle en est préalablement informé. | AG78: PNE_I_010 | AH78: =VLOOKUP(AG78,'Axe 2 Règles de gestion'!$D$2:$F$41,3, FALSE) -> Pour les positions normales d'activité prises avant le 18/04/2020, la limitation de durée ne s'applique pas. | AQ78: PNE_D_001 | AR78: =VLOOKUP(AQ78,'Axe 2 Règles de gestion'!$D$2:$F$41,3, FALSE) -> La durée prévisionnelle de l'affectation en position normale d'activité hors de l'administration d'origine est fixée à 3 ans. | AS78: PNE_D_002 | AT78: =VLOOKUP(AS78,'Axe 2 Règles de gestion'!$D$2:$F$41,3, FALSE) -> La durée réelle de l'affectation en position normale d'activité hors de l'administration d'origine est fixée à 3 ans. | AU78: POS_C_005 | AV78: =VLOOKUP(AU78,'Axe 2 Règles de gestion'!$D$2:$F$41,3, FALSE) -> La date de début de la position doit être postérieure ou égale à la date d'entrée dans la FPE ou dans la carrière militaire. | AW78: POS_C_022 | AX78: =VLOOKUP(AW78,'Axe 2 Règles de gestion'!$D$2:$F$41,3, FALSE) -> La date de début de position est à J+1 de la date de fin de position de l'occurrence précédente. | AY78: POS_C_010 | AZ78: =VLOOKUP(AY78,'Axe 2 Règles de gestion'!$D$2:$F$41,3, FALSE) -> La date de début de position doit être antérieure ou égale à la date de fin réelle de position. | BA78: POS_C_004 | BB78: =VLOOKUP(BA78,'Axe 2 Règles de gestion'!$D$2:$F$41,3, FALSE) -> La date de début de position doit être antérieure ou égale à la date de fin prévisionnelle de position. | BC78: POS_C_007 | BD78: =VLOOKUP(BC78,'Axe 2 Règles de gestion'!$D$2:$F$41,3, FALSE) -> La date de fin réelle de la position doit être antérieure à la date limite de départ à la retraite. | BE78: POS_C_012 | BF78: =VLOOKUP(BE78,'Axe 2 Règles de gestion'!$D$2:$F$41,3, FALSE) -> La date de fin prévisionnelle de la position doit être antérieure à la date limite de départ à la retraite. | BG78: POS_C_030 | BH78: =VLOOKUP(BG78,'Axe 2 Règles de gestion'!$D$2:$F$41,3, FALSE) -> Les champs "Type d'organisme d'origine", "Catégorie statutaire d'origine" et "Pays" de l'organisme d'origine doivent être renseignés. | BI78: POS_C_031 | BJ78: =VLOOKUP(BI78,'Axe 2 Règles de gestion'!$D$2:$F$41,3, FALSE) -> Les champs "Ministère (ou institution de la République) d'origine", "Corps d'origine", "Grade d'origine", "Echelon d'origine" sont renseignés si le "Type d'organisme d'origine" est valorisé à FPE. | BK78: POS_C_034 | BL78: =VLOOKUP(BK78,'Axe 2 Règles de gestion'!$D$2:$F$41,3, FALSE) -> Le champ "Organisme d'origine" doit être alimenté si le type d'organisme d'origine est égal à 'Autre organisme', 'Fonction publique d'un état de l'Union Européenne' ou 'Fonction publique Européenne'. | BM78: POS_C_035 | BN78: =VLOOKUP(BM78,'Axe 2 Règles de gestion'!$D$2:$F$41,3, FALSE) -> Le champ "Code emploi statutaire FPT (NET)" est renseigné si le "Type d'organisme d'origine" est valorisé à FPT. | BO78: POS_C_036 | BP78: =VLOOKUP(BO78,'Axe 2 Règles de gestion'!$D$2:$F$41,3, FALSE) -> Le champ "Code emploi statutaire FPH (NEH)" est renseigné si le "Type d'organisme d'origine" est valorisé à FPH.
A79: 20.00.00 | B79: A | C79: 44721.456 | D79: D0004 | E79: Position | F79: S0011 | G79: Position normale d'activité entrante et entrante sortante | H79: E0830 | I79: Position normale d'activité entrante non payée | J79: Position / Situation saisie égale à 'Position normale d'activité entrante non payée' ET Date de début position >= 18/04/2020 | K79: A_POS_POSIAD [Saisi] = 'ACI0B' ET A_POS_DATEB [Saisi] >= 18/04/2020 | L79: T2039 | M79: Position normale d'activité entrante non payée avec durée - Fin | N79: Modification | O79: L'indicateur de renouvellement saisi est égal à l'indicateur de renouvellement avant saisie | P79: A_POS_INDREN [Saisi] = A_POS_INDREN [Valeur avant saisie] | Q79: Stagiaire ou auditeur ou élève | R79: P0004 | S79: S | T79: Général | U79: Passant | V79: 43939 | X79: PNE_I_008 ET PNE_I_009 ET PNE_I_010 ET PNE_D_001 ET PNE_D_002 ET POS_C_010 ET POS_C_004 ET POS_C_007 ET POS_C_012 ET POS_C_030 ET POS_C_031 ET POS_C_034 ET POS_C_035 ET POS_C_036 | Y79: PNE_I_008 | Z79: =VLOOKUP(Y79,'Axe 2 Règles de gestion'!$D$2:$F$41,3, FALSE) -> L'administration d'accueil fait connaître à l'administration d'origine et à l'agent sa décision de renouveler ou non son affectation 4 mois avant le terme de la période. | AA79: PNE_I_009 | AB79: =VLOOKUP(AA79,'Axe 2 Règles de gestion'!$D$2:$F$41,3, FALSE) -> Lorsque l'administration d'accueil décide de ne pas renouveler l'affectation, l'agent est réintégré dans le département ministériel dont il relève, au besoin en surnombre. | AC79: PNE_I_010 | AD79: =VLOOKUP(AC79,'Axe 2 Règles de gestion'!$D$2:$F$41,3, FALSE) -> Pour les positions normales d'activité prises avant le 18/04/2020, la limitation de durée ne s'applique pas. | AQ79: PNE_D_001 | AR79: =VLOOKUP(AQ79,'Axe 2 Règles de gestion'!$D$2:$F$41,3, FALSE) -> La durée prévisionnelle de l'affectation en position normale d'activité hors de l'administration d'origine est fixée à 3 ans. | AS79: PNE_D_002 | AT79: =VLOOKUP(AS79,'Axe 2 Règles de gestion'!$D$2:$F$41,3, FALSE) -> La durée réelle de l'affectation en position normale d'activité hors de l'administration d'origine est fixée à 3 ans. | AU79: POS_C_010 | AV79: =VLOOKUP(AU79,'Axe 2 Règles de gestion'!$D$2:$F$41,3, FALSE) -> La date de début de position doit être antérieure ou égale à la date de fin réelle de position. | AW79: POS_C_004 | AX79: =VLOOKUP(AW79,'Axe 2 Règles de gestion'!$D$2:$F$41,3, FALSE) -> La date de début de position doit être antérieure ou égale à la date de fin prévisionnelle de position. | AY79: POS_C_007 | AZ79: =VLOOKUP(AY79,'Axe 2 Règles de gestion'!$D$2:$F$41,3, FALSE) -> La date de fin réelle de la position doit être antérieure à la date limite de départ à la retraite. | BA79: POS_C_012 | BB79: =VLOOKUP(BA79,'Axe 2 Règles de gestion'!$D$2:$F$41,3, FALSE) -> La date de fin prévisionnelle de la position doit être antérieure à la date limite de départ à la retraite. | BC79: POS_C_030 | BD79: =VLOOKUP(BC79,'Axe 2 Règles de gestion'!$D$2:$F$41,3, FALSE) -> Les champs "Type d'organisme d'origine", "Catégorie statutaire d'origine" et "Pays" de l'organisme d'origine doivent être renseignés. | BE79: POS_C_031 | BF79: =VLOOKUP(BE79,'Axe 2 Règles de gestion'!$D$2:$F$41,3, FALSE) -> Les champs "Ministère (ou institution de la République) d'origine", "Corps d'origine", "Grade d'origine", "Echelon d'origine" sont renseignés si le "Type d'organisme d'origine" est valorisé à FPE. | BG79: POS_C_034 | BH79: =VLOOKUP(BG79,'Axe 2 Règles de gestion'!$D$2:$F$41,3, FALSE) -> Le champ "Organisme d'origine" doit être alimenté si le type d'organisme d'origine est égal à 'Autre organisme', 'Fonction publique d'un état de l'Union Européenne' ou 'Fonction publique Européenne'. | BI79: POS_C_035 | BJ79: =VLOOKUP(BI79,'Axe 2 Règles de gestion'!$D$2:$F$41,3, FALSE) -> Le champ "Code emploi statutaire FPT (NET)" est renseigné si le "Type d'organisme d'origine" est valorisé à FPT. | BK79: POS_C_036 | BL79: =VLOOKUP(BK79,'Axe 2 Règles de gestion'!$D$2:$F$41,3, FALSE) -> Le champ "Code emploi statutaire FPH (NEH)" est renseigné si le "Type d'organisme d'origine" est valorisé à FPH.
A80: 20.00.00 | B80: A | C80: 43999.685 | D80: D0004 | E80: Position | F80: S0011 | G80: Position normale d'activité entrante et entrante sortante | H80: E0830 | I80: Position normale d'activité entrante non payée | J80: Position / Situation saisie égale à 'Position normale d'activité entrante non payée' ET Date de début position >= 18/04/2020 | K80: A_POS_POSIAD [Saisi] = 'ACI0B' ET A_POS_DATEB [Saisi] >= 18/04/2020 | L80: T2029 | M80: Position normale d'activité entrante non payée - Renouvellement | N80: Création Modification | O80: Indicateur de renouvellement saisi = Oui ET l'indicateur de renouvellement saisi est différent de l'indicateur de renouvellement avant saisie | P80: A_POS_INDREN [Saisi] = '1' ET A_POS_INDREN [Saisi] <> A_POS_INDREN [Valeur avant saisie] | Q80: Ouvrier d'état | R80: P0005 | S80: O | T80: Général | U80: Exclu | V80: 43939
A81: 20.00.00 | B81: A | C81: 43999.683 | D81: D0004 | E81: Position | F81: S0011 | G81: Position normale d'activité entrante et entrante sortante | H81: E0830 | I81: Position normale d'activité entrante non payée | J81: Position / Situation saisie égale à 'Position normale d'activité entrante non payée' ET Date de début position >= 18/04/2020 | K81: A_POS_POSIAD [Saisi] = 'ACI0B' ET A_POS_DATEB [Saisi] >= 18/04/2020 | L81: T2034 | M81: Position normale d'activité entrante non payée avec durée - Demande | N81: Création Modification | O81: Indicateur Renouvellement Position est non activé ET l'indicateur de renouvellement saisi est différent de l'indicateur de renouvellement avant saisie | P81: A_POS_INDREN [Saisi] = '0' ET A_POS_INDREN [Saisi] <> A_POS_INDREN [Valeur avant saisie] | Q81: Ouvrier d'état | R81: P0005 | S81: O | T81: Général | U81: Exclu | V81: 43939
A82: 20.00.00 | B82: A | C82: 43999.683 | D82: D0004 | E82: Position | F82: S0011 | G82: Position normale d'activité entrante et entrante sortante | H82: E0830 | I82: Position normale d'activité entrante non payée | J82: Position / Situation saisie égale à 'Position normale d'activité entrante non payée' ET Date de début position >= 18/04/2020 | K82: A_POS_POSIAD [Saisi] = 'ACI0B' ET A_POS_DATEB [Saisi] >= 18/04/2020 | L82: T2039 | M82: Position normale d'activité entrante non payée avec durée - Fin | N82: Modification | O82: L'indicateur de renouvellement saisi est égal à l'indicateur de renouvellement avant saisie | P82: A_POS_INDREN [Saisi] = A_POS_INDREN [Valeur avant saisie] | Q82: Ouvrier d'état | R82: P0005 | S82: O | T82: Général | U82: Exclu | V82: 43939
A83: 20.00.00 | B83: A | C83: 44040.392 | D83: D0004 | E83: Position | F83: S0011 | G83: Position normale d'activité entrante et entrante sortante | H83: E0830 | I83: Position normale d'activité entrante non payée | J83: Position / Situation saisie égale à 'Position normale d'activité entrante non payée' ET Date de début position >= 18/04/2020 | K83: A_POS_POSIAD [Saisi] = 'ACI0B' ET A_POS_DATEB [Saisi] >= 18/04/2020 | L83: T2029 | M83: Position normale d'activité entrante non payée - Renouvellement | N83: Création Modification | O83: Indicateur de renouvellement saisi = Oui ET l'indicateur de renouvellement saisi est différent de l'indicateur de renouvellement avant saisie | P83: A_POS_INDREN [Saisi] = '1' ET A_POS_INDREN [Saisi] <> A_POS_INDREN [Valeur avant saisie] | Q83: Magistrat de l'ordre judiciaire | R83: P0007 | S83: T | T83: Particulier | U83: Exclu | V83: 43939
A84: 20.00.00 | B84: A | C84: 43999.685 | D84: D0004 | E84: Position | F84: S0011 | G84: Position normale d'activité entrante et entrante sortante | H84: E0830 | I84: Position normale d'activité entrante non payée | J84: Position / Situation saisie égale à 'Position normale d'activité entrante non payée' ET Date de début position >= 18/04/2020 | K84: A_POS_POSIAD [Saisi] = 'ACI0B' ET A_POS_DATEB [Saisi] >= 18/04/2020 | L84: T2034 | M84: Position normale d'activité entrante non payée avec durée - Demande | N84: Création Modification | O84: Indicateur Renouvellement Position est non activé ET l'indicateur de renouvellement saisi est différent de l'indicateur de renouvellement avant saisie | P84: A_POS_INDREN [Saisi] = '0' ET A_POS_INDREN [Saisi] <> A_POS_INDREN [Valeur avant saisie] | Q84: Magistrat de l'ordre judiciaire | R84: P0007 | S84: T | T84: Particulier | U84: Exclu | V84: 43939
A85: 20.00.00 | B85: A | C85: 43999.685 | D85: D0004 | E85: Position | F85: S0011 | G85: Position normale d'activité entrante et entrante sortante | H85: E0830 | I85: Position normale d'activité entrante non payée | J85: Position / Situation saisie égale à 'Position normale d'activité entrante non payée' ET Date de début position >= 18/04/2020 | K85: A_POS_POSIAD [Saisi] = 'ACI0B' ET A_POS_DATEB [Saisi] >= 18/04/2020 | L85: T2039 | M85: Position normale d'activité entrante non payée avec durée - Fin | N85: Modification | O85: L'indicateur de renouvellement saisi est égal à l'indicateur de renouvellement avant saisie | P85: A_POS_INDREN [Saisi] = A_POS_INDREN [Valeur avant saisie] | Q85: Magistrat de l'ordre judiciaire | R85: P0007 | S85: T | T85: Particulier | U85: Exclu | V85: 43939
A86: 20.00.00 | B86: A | C86: 44040.392 | D86: D0004 | E86: Position | F86: S0011 | G86: Position normale d'activité entrante et entrante sortante | H86: E0830 | I86: Position normale d'activité entrante non payée | J86: Position / Situation saisie égale à 'Position normale d'activité entrante non payée' ET Date de début position >= 18/04/2020 | K86: A_POS_POSIAD [Saisi] = 'ACI0B' ET A_POS_DATEB [Saisi] >= 18/04/2020 | L86: T2029 | M86: Position normale d'activité entrante non payée - Renouvellement | N86: Création Modification | O86: Indicateur de renouvellement saisi = Oui ET l'indicateur de renouvellement saisi est différent de l'indicateur de renouvellement avant saisie | P86: A_POS_INDREN [Saisi] = '1' ET A_POS_INDREN [Saisi] <> A_POS_INDREN [Valeur avant saisie] | Q86: Auditeur de justice ou élève | R86: P0034 | S86: S | T86: Particulier | U86: Exclu | V86: 43939
A87: 20.00.00 | B87: A | C87: 43999.685 | D87: D0004 | E87: Position | F87: S0011 | G87: Position normale d'activité entrante et entrante sortante | H87: E0830 | I87: Position normale d'activité entrante non payée | J87: Position / Situation saisie égale à 'Position normale d'activité entrante non payée' ET Date de début position >= 18/04/2020 | K87: A_POS_POSIAD [Saisi] = 'ACI0B' ET A_POS_DATEB [Saisi] >= 18/04/2020 | L87: T2034 | M87: Position normale d'activité entrante non payée avec durée - Demande | N87: Création Modification | O87: Indicateur Renouvellement Position est non activé ET l'indicateur de renouvellement saisi est différent de l'indicateur de renouvellement avant saisie | P87: A_POS_INDREN [Saisi] = '0' ET A_POS_INDREN [Saisi] <> A_POS_INDREN [Valeur avant saisie] | Q87: Auditeur de justice ou élève | R87: P0034 | S87: S | T87: Particulier | U87: Exclu | V87: 43939
A88: 20.00.00 | B88: A | C88: 43999.685 | D88: D0004 | E88: Position | F88: S0011 | G88: Position normale d'activité entrante et entrante sortante | H88: E0830 | I88: Position normale d'activité entrante non payée | J88: Position / Situation saisie égale à 'Position normale d'activité entrante non payée' ET Date de début position >= 18/04/2020 | K88: A_POS_POSIAD [Saisi] = 'ACI0B' ET A_POS_DATEB [Saisi] >= 18/04/2020 | L88: T2039 | M88: Position normale d'activité entrante non payée avec durée - Fin | N88: Modification | O88: L'indicateur de renouvellement saisi est égal à l'indicateur de renouvellement avant saisie | P88: A_POS_INDREN [Saisi] = A_POS_INDREN [Valeur avant saisie] | Q88: Auditeur de justice ou élève | R88: P0034 | S88: S | T88: Particulier | U88: Exclu | V88: 43939
A89: 20.00.00 | B89: A | C89: 44005.6 | D89: D0004 | E89: Position | F89: S0011 | G89: Position normale d'activité entrante et entrante sortante | H89: E0831 | I89: Position normale d'activité entrante/sortante | J89: Position / Situation saisie égale à 'Position normale d'activité entrante/sortante' ET Date de début position >= 18/04/2020 | K89: A_POS_POSIAD [Saisi] = 'ACI0E' ET A_POS_DATEB [Saisi] >= 18/04/2020 | L89: T2030 | M89: Position normale d'activité entrante/sortante - Renouvellement | N89: Création Modification | O89: Indicateur de renouvellement saisi = Oui ET l'indicateur de renouvellement saisi est différent de l'indicateur de renouvellement avant saisie | P89: A_POS_INDREN [Saisi] = '1' ET A_POS_INDREN [Saisi] <> A_POS_INDREN [Valeur avant saisie] | Q89: Titulaire ou magistrat | R89: P0001 | S89: T | T89: Général | U89: Passant | V89: 43939 | X89: PNE_I_008 ET PNE_I_012 ET PNE_D_001 ET PNE_D_002 | Y89: PNE_I_008 | Z89: =VLOOKUP(Y89,'Axe 2 Règles de gestion'!$D$2:$F$41,3, FALSE) -> L'administration d'accueil fait connaître à l'administration d'origine et à l'agent sa décision de renouveler ou non son affectation 4 mois avant le terme de la période. | AA89: PNE_I_012 | AB89: =VLOOKUP(AA89,'Axe 2 Règles de gestion'!$D$2:$F$41,3, FALSE) -> Pour les positions normales d'activité prises avant le 18/04/2020, le renouvellement n'est pas possible. | AQ89: PNE_D_001 | AR89: =VLOOKUP(AQ89,'Axe 2 Règles de gestion'!$D$2:$F$41,3, FALSE) -> La durée prévisionnelle de l'affectation en position normale d'activité hors de l'administration d'origine est fixée à 3 ans. | AS89: PNE_D_002 | AT89: =VLOOKUP(AS89,'Axe 2 Règles de gestion'!$D$2:$F$41,3, FALSE) -> La durée réelle de l'affectation en position normale d'activité hors de l'administration d'origine est fixée à 3 ans.
A90: 22.00.00 | B90: M | C90: 44711.483 | D90: D0004 | E90: Position | F90: S0011 | G90: Position normale d'activité entrante et entrante sortante | H90: E0831 | I90: Position normale d'activité entrante/sortante | J90: Position / Situation saisie égale à 'Position normale d'activité entrante/sortante' ET Date de début position >= 18/04/2020 | K90: A_POS_POSIAD [Saisi] = 'ACI0E' ET A_POS_DATEB [Saisi] >= 18/04/2020 | L90: T2035 | M90: Position normale d'activité entrante/sortante avec durée - Demande | N90: Création Modification | O90: Indicateur Renouvellement Position est non activé ET l'indicateur de renouvellement saisi est différent de l'indicateur de renouvellement avant saisie | P90: A_POS_INDREN [Saisi] = '0' ET A_POS_INDREN [Saisi] <> A_POS_INDREN [Valeur avant saisie] | Q90: Titulaire ou magistrat | R90: P0001 | S90: T | T90: Général | U90: Passant | V90: 43939 | X90: PNE_I_002 ET PNE_I_001 ET PNE_I_013 ET PNE_I_004 ET PNE_I_005 ET PNE_I_007 ET PNE_I_014 ET PNE_I_010 ET PNE_D_001 ET PNE_D_002 ET POS_C_005 ET POS_C_022 ET POS_C_010 ET POS_C_004 ET POS_C_007 ET POS_C_012 ET POS_C_030 ET POS_C_031 ET POS_C_034 ET POS_C_035 ET POS_C_036 | Y90: PNE_I_002 | Z90: =VLOOKUP(Y90,'Axe 2 Règles de gestion'!$D$2:$F$41,3, FALSE) -> L'agent doit effectuer une demande. | AA90: PNE_I_001 | AB90: =VLOOKUP(AA90,'Axe 2 Règles de gestion'!$D$2:$F$41,3, FALSE) -> L'affectation intervient à l'initiative de l'agent ou de l'administration. | AC90: PNE_I_013 | AD90: =VLOOKUP(AC90,'Axe 2 Règles de gestion'!$D$2:$F$41,3, FALSE) -> L'administration ne peut s'opposer au changement d'affectation d'un agent qui a obtenu l'accord de l'organisme d'accueil que pour des motifs liés aux nécessités du service ou à un avis rendu par la Haute Autorité pour la transparence de la vie publique. | AE90: PNE_I_004 | AF90: =VLOOKUP(AE90,'Axe 2 Règles de gestion'!$D$2:$F$41,3, FALSE) -> Un avis conforme de l'administration d'accueil a préalablement été transmis à l'administration d'origine sauf dans le cadre d'un transfert de service. | AG90: PNE_I_005 | AH90: =VLOOKUP(AG90,'Axe 2 Règles de gestion'!$D$2:$F$41,3, FALSE) -> Lorsque l'affectation de l'agent est prononcée dans un établissement public, le ministère de tutelle en est préalablement informé. | AI90: PNE_I_007 | AJ90: =VLOOKUP(AI90,'Axe 2 Règles de gestion'!$D$2:$F$41,3, FALSE) -> L'administration peut exiger que l'agent respecte un délai maximal de préavis de 3 mois. Ce délai peut être porté à une durée plus longue, qui ne saurait toutefois excéder 6 mois. | AK90: PNE_I_014 | AL90: =VLOOKUP(AK90,'Axe 2 Règles de gestion'!$D$2:$F$41,3, FALSE) -> Le silence de l'administration gardé pendant 2 mois à compter de la réception de la demande de l'agent vaut acceptation. | AM90: PNE_I_010 | AN90: =VLOOKUP(AM90,'Axe 2 Règles de gestion'!$D$2:$F$41,3, FALSE) -> Pour les positions normales d'activité prises avant le 18/04/2020, la limitation de durée ne s'applique pas. | AQ90: PNE_D_001 | AR90: =VLOOKUP(AQ90,'Axe 2 Règles de gestion'!$D$2:$F$41,3, FALSE) -> La durée prévisionnelle de l'affectation en position normale d'activité hors de l'administration d'origine est fixée à 3 ans. | AS90: PNE_D_002 | AT90: =VLOOKUP(AS90,'Axe 2 Règles de gestion'!$D$2:$F$41,3, FALSE) -> La durée réelle de l'affectation en position normale d'activité hors de l'administration d'origine est fixée à 3 ans. | AU90: POS_C_005 | AV90: =VLOOKUP(AU90,'Axe 2 Règles de gestion'!$D$2:$F$41,3, FALSE) -> La date de début de la position doit être postérieure ou égale à la date d'entrée dans la FPE ou dans la carrière militaire. | AW90: POS_C_022 | AX90: =VLOOKUP(AW90,'Axe 2 Règles de gestion'!$D$2:$F$41,3, FALSE) -> La date de début de position est à J+1 de la date de fin de position de l'occurrence précédente. | AY90: POS_C_010 | AZ90: =VLOOKUP(AY90,'Axe 2 Règles de gestion'!$D$2:$F$41,3, FALSE) -> La date de début de position doit être antérieure ou égale à la date de fin réelle de position. | BA90: POS_C_004 | BB90: =VLOOKUP(BA90,'Axe 2 Règles de gestion'!$D$2:$F$41,3, FALSE) -> La date de début de position doit être antérieure ou égale à la date de fin prévisionnelle de position. | BC90: POS_C_007 | BD90: =VLOOKUP(BC90,'Axe 2 Règles de gestion'!$D$2:$F$41,3, FALSE) -> La date de fin réelle de la position doit être antérieure à la date limite de départ à la retraite. | BE90: POS_C_012 | BF90: =VLOOKUP(BE90,'Axe 2 Règles de gestion'!$D$2:$F$41,3, FALSE) -> La date de fin prévisionnelle de la position doit être antérieure à la date limite de départ à la retraite. | BG90: POS_C_030 | BH90: =VLOOKUP(BG90,'Axe 2 Règles de gestion'!$D$2:$F$41,3, FALSE) -> Les champs "Type d'organisme d'origine", "Catégorie statutaire d'origine" et "Pays" de l'organisme d'origine doivent être renseignés. | BI90: POS_C_031 | BJ90: =VLOOKUP(BI90,'Axe 2 Règles de gestion'!$D$2:$F$41,3, FALSE) -> Les champs "Ministère (ou institution de la République) d'origine", "Corps d'origine", "Grade d'origine", "Echelon d'origine" sont renseignés si le "Type d'organisme d'origine" est valorisé à FPE. | BK90: POS_C_034 | BL90: =VLOOKUP(BK90,'Axe 2 Règles de gestion'!$D$2:$F$41,3, FALSE) -> Le champ "Organisme d'origine" doit être alimenté si le type d'organisme d'origine est égal à 'Autre organisme', 'Fonction publique d'un état de l'Union Européenne' ou 'Fonction publique Européenne'. | BM90: POS_C_035 | BN90: =VLOOKUP(BM90,'Axe 2 Règles de gestion'!$D$2:$F$41,3, FALSE) -> Le champ "Code emploi statutaire FPT (NET)" est renseigné si le "Type d'organisme d'origine" est valorisé à FPT. | BO90: POS_C_036 | BP90: =VLOOKUP(BO90,'Axe 2 Règles de gestion'!$D$2:$F$41,3, FALSE) -> Le champ "Code emploi statutaire FPH (NEH)" est renseigné si le "Type d'organisme d'origine" est valorisé à FPH.
A91: 20.00.00 | B91: A | C91: 44721.458 | D91: D0004 | E91: Position | F91: S0011 | G91: Position normale d'activité entrante et entrante sortante | H91: E0831 | I91: Position normale d'activité entrante/sortante | J91: Position / Situation saisie égale à 'Position normale d'activité entrante/sortante' ET Date de début position >= 18/04/2020 | K91: A_POS_POSIAD [Saisi] = 'ACI0E' ET A_POS_DATEB [Saisi] >= 18/04/2020 | L91: T2040 | M91: Position normale d'activité entrante/sortante avec durée - Fin | N91: Modification | O91: L'indicateur de renouvellement saisi est égal à l'indicateur de renouvellement avant saisie | P91: A_POS_INDREN [Saisi] = A_POS_INDREN [Valeur avant saisie] | Q91: Titulaire ou magistrat | R91: P0001 | S91: T | T91: Général | U91: Passant | V91: 43939 | X91: PNE_I_008 ET PNE_I_009 ET PNE_I_010 ET PNE_D_001 ET PNE_D_002 ET POS_C_010 ET POS_C_004 ET POS_C_007 ET POS_C_012 ET POS_C_030 ET POS_C_031 ET POS_C_034 ET POS_C_035 ET POS_C_036 | Y91: PNE_I_008 | Z91: =VLOOKUP(Y91,'Axe 2 Règles de gestion'!$D$2:$F$41,3, FALSE) -> L'administration d'accueil fait connaître à l'administration d'origine et à l'agent sa décision de renouveler ou non son affectation 4 mois avant le terme de la période. | AA91: PNE_I_009 | AB91: =VLOOKUP(AA91,'Axe 2 Règles de gestion'!$D$2:$F$41,3, FALSE) -> Lorsque l'administration d'accueil décide de ne pas renouveler l'affectation, l'agent est réintégré dans le département ministériel dont il relève, au besoin en surnombre. | AC91: PNE_I_010 | AD91: =VLOOKUP(AC91,'Axe 2 Règles de gestion'!$D$2:$F$41,3, FALSE) -> Pour les positions normales d'activité prises avant le 18/04/2020, la limitation de durée ne s'applique pas. | AQ91: PNE_D_001 | AR91: =VLOOKUP(AQ91,'Axe 2 Règles de gestion'!$D$2:$F$41,3, FALSE) -> La durée prévisionnelle de l'affectation en position normale d'activité hors de l'administration d'origine est fixée à 3 ans. | AS91: PNE_D_002 | AT91: =VLOOKUP(AS91,'Axe 2 Règles de gestion'!$D$2:$F$41,3, FALSE) -> La durée réelle de l'affectation en position normale d'activité hors de l'administration d'origine est fixée à 3 ans. | AU91: POS_C_010 | AV91: =VLOOKUP(AU91,'Axe 2 Règles de gestion'!$D$2:$F$41,3, FALSE) -> La date de début de position doit être antérieure ou égale à la date de fin réelle de position. | AW91: POS_C_004 | AX91: =VLOOKUP(AW91,'Axe 2 Règles de gestion'!$D$2:$F$41,3, FALSE) -> La date de début de position doit être antérieure ou égale à la date de fin prévisionnelle de position. | AY91: POS_C_007 | AZ91: =VLOOKUP(AY91,'Axe 2 Règles de gestion'!$D$2:$F$41,3, FALSE) -> La date de fin réelle de la position doit être antérieure à la date limite de départ à la retraite. | BA91: POS_C_012 | BB91: =VLOOKUP(BA91,'Axe 2 Règles de gestion'!$D$2:$F$41,3, FALSE) -> La date de fin prévisionnelle de la position doit être antérieure à la date limite de départ à la retraite. | BC91: POS_C_030 | BD91: =VLOOKUP(BC91,'Axe 2 Règles de gestion'!$D$2:$F$41,3, FALSE) -> Les champs "Type d'organisme d'origine", "Catégorie statutaire d'origine" et "Pays" de l'organisme d'origine doivent être renseignés. | BE91: POS_C_031 | BF91: =VLOOKUP(BE91,'Axe 2 Règles de gestion'!$D$2:$F$41,3, FALSE) -> Les champs "Ministère (ou institution de la République) d'origine", "Corps d'origine", "Grade d'origine", "Echelon d'origine" sont renseignés si le "Type d'organisme d'origine" est valorisé à FPE. | BG91: POS_C_034 | BH91: =VLOOKUP(BG91,'Axe 2 Règles de gestion'!$D$2:$F$41,3, FALSE) -> Le champ "Organisme d'origine" doit être alimenté si le type d'organisme d'origine est égal à 'Autre organisme', 'Fonction publique d'un état de l'Union Européenne' ou 'Fonction publique Européenne'. | BI91: POS_C_035 | BJ91: =VLOOKUP(BI91,'Axe 2 Règles de gestion'!$D$2:$F$41,3, FALSE) -> Le champ "Code emploi statutaire FPT (NET)" est renseigné si le "Type d'organisme d'origine" est valorisé à FPT. | BK91: POS_C_036 | BL91: =VLOOKUP(BK91,'Axe 2 Règles de gestion'!$D$2:$F$41,3, FALSE) -> Le champ "Code emploi statutaire FPH (NEH)" est renseigné si le "Type d'organisme d'origine" est valorisé à FPH.
A92: 20.00.00 | B92: A | C92: 43999.689 | D92: D0004 | E92: Position | F92: S0011 | G92: Position normale d'activité entrante et entrante sortante | H92: E0831 | I92: Position normale d'activité entrante/sortante | J92: Position / Situation saisie égale à 'Position normale d'activité entrante/sortante' ET Date de début position >= 18/04/2020 | K92: A_POS_POSIAD [Saisi] = 'ACI0E' ET A_POS_DATEB [Saisi] >= 18/04/2020 | L92: T2030 | M92: Position normale d'activité entrante/sortante - Renouvellement | N92: Création Modification | O92: Indicateur de renouvellement saisi = Oui ET l'indicateur de renouvellement saisi est différent de l'indicateur de renouvellement avant saisie | P92: A_POS_INDREN [Saisi] = '1' ET A_POS_INDREN [Saisi] <> A_POS_INDREN [Valeur avant saisie] | Q92: Militaire | R92: P0002 | S92: M | T92: Général | U92: Exclu | V92: 43939
A93: 20.00.00 | B93: A | C93: 43999.691 | D93: D0004 | E93: Position | F93: S0011 | G93: Position normale d'activité entrante et entrante sortante | H93: E0831 | I93: Position normale d'activité entrante/sortante | J93: Position / Situation saisie égale à 'Position normale d'activité entrante/sortante' ET Date de début position >= 18/04/2020 | K93: A_POS_POSIAD [Saisi] = 'ACI0E' ET A_POS_DATEB [Saisi] >= 18/04/2020 | L93: T2035 | M93: Position normale d'activité entrante/sortante avec durée - Demande | N93: Création Modification | O93: Indicateur Renouvellement Position est non activé ET l'indicateur de renouvellement saisi est différent de l'indicateur de renouvellement avant saisie | P93: A_POS_INDREN [Saisi] = '0' ET A_POS_INDREN [Saisi] <> A_POS_INDREN [Valeur avant saisie] | Q93: Militaire | R93: P0002 | S93: M | T93: Général | U93: Exclu | V93: 43939
A94: 20.00.00 | B94: A | C94: 43999.693 | D94: D0004 | E94: Position | F94: S0011 | G94: Position normale d'activité entrante et entrante sortante | H94: E0831 | I94: Position normale d'activité entrante/sortante | J94: Position / Situation saisie égale à 'Position normale d'activité entrante/sortante' ET Date de début position >= 18/04/2020 | K94: A_POS_POSIAD [Saisi] = 'ACI0E' ET A_POS_DATEB [Saisi] >= 18/04/2020 | L94: T2040 | M94: Position normale d'activité entrante/sortante avec durée - Fin | N94: Modification | O94: L'indicateur de renouvellement saisi est égal à l'indicateur de renouvellement avant saisie | P94: A_POS_INDREN [Saisi] = A_POS_INDREN [Valeur avant saisie] | Q94: Militaire | R94: P0002 | S94: M | T94: Général | U94: Exclu | V94: 43939
A95: 20.00.00 | B95: A | C95: 43999.69 | D95: D0004 | E95: Position | F95: S0011 | G95: Position normale d'activité entrante et entrante sortante | H95: E0831 | I95: Position normale d'activité entrante/sortante | J95: Position / Situation saisie égale à 'Position normale d'activité entrante/sortante' ET Date de début position >= 18/04/2020 | K95: A_POS_POSIAD [Saisi] = 'ACI0E' ET A_POS_DATEB [Saisi] >= 18/04/2020 | L95: T2030 | M95: Position normale d'activité entrante/sortante - Renouvellement | N95: Création Modification | O95: Indicateur de renouvellement saisi = Oui ET l'indicateur de renouvellement saisi est différent de l'indicateur de renouvellement avant saisie | P95: A_POS_INDREN [Saisi] = '1' ET A_POS_INDREN [Saisi] <> A_POS_INDREN [Valeur avant saisie] | Q95: Contractuel | R95: P0003 | S95: N | T95: Général | U95: Exclu | V95: 43939
A96: 20.00.00 | B96: A | C96: 43999.691 | D96: D0004 | E96: Position | F96: S0011 | G96: Position normale d'activité entrante et entrante sortante | H96: E0831 | I96: Position normale d'activité entrante/sortante | J96: Position / Situation saisie égale à 'Position normale d'activité entrante/sortante' ET Date de début position >= 18/04/2020 | K96: A_POS_POSIAD [Saisi] = 'ACI0E' ET A_POS_DATEB [Saisi] >= 18/04/2020 | L96: T2035 | M96: Position normale d'activité entrante/sortante avec durée - Demande | N96: Création Modification | O96: Indicateur Renouvellement Position est non activé ET l'indicateur de renouvellement saisi est différent de l'indicateur de renouvellement avant saisie | P96: A_POS_INDREN [Saisi] = '0' ET A_POS_INDREN [Saisi] <> A_POS_INDREN [Valeur avant saisie] | Q96: Contractuel | R96: P0003 | S96: N | T96: Général | U96: Exclu | V96: 43939
A97: 20.00.00 | B97: A | C97: 43999.693 | D97: D0004 | E97: Position | F97: S0011 | G97: Position normale d'activité entrante et entrante sortante | H97: E0831 | I97: Position normale d'activité entrante/sortante | J97: Position / Situation saisie égale à 'Position normale d'activité entrante/sortante' ET Date de début position >= 18/04/2020 | K97: A_POS_POSIAD [Saisi] = 'ACI0E' ET A_POS_DATEB [Saisi] >= 18/04/2020 | L97: T2040 | M97: Position normale d'activité entrante/sortante avec durée - Fin | N97: Modification | O97: L'indicateur de renouvellement saisi est égal à l'indicateur de renouvellement avant saisie | P97: A_POS_INDREN [Saisi] = A_POS_INDREN [Valeur avant saisie] | Q97: Contractuel | R97: P0003 | S97: N | T97: Général | U97: Exclu | V97: 43939
A98: 20.00.00 | B98: A | C98: 44005.6 | D98: D0004 | E98: Position | F98: S0011 | G98: Position normale d'activité entrante et entrante sortante | H98: E0831 | I98: Position normale d'activité entrante/sortante | J98: Position / Situation saisie égale à 'Position normale d'activité entrante/sortante' ET Date de début position >= 18/04/2020 | K98: A_POS_POSIAD [Saisi] = 'ACI0E' ET A_POS_DATEB [Saisi] >= 18/04/2020 | L98: T2030 | M98: Position normale d'activité entrante/sortante - Renouvellement | N98: Création Modification | O98: Indicateur de renouvellement saisi = Oui ET l'indicateur de renouvellement saisi est différent de l'indicateur de renouvellement avant saisie | P98: A_POS_INDREN [Saisi] = '1' ET A_POS_INDREN [Saisi] <> A_POS_INDREN [Valeur avant saisie] | Q98: Stagiaire ou auditeur ou élève | R98: P0004 | S98: S | T98: Général | U98: Passant | V98: 43939 | X98: PNE_I_008 ET PNE_I_012 ET PNE_D_001 ET PNE_D_002 | Y98: PNE_I_008 | Z98: =VLOOKUP(Y98,'Axe 2 Règles de gestion'!$D$2:$F$41,3, FALSE) -> L'administration d'accueil fait connaître à l'administration d'origine et à l'agent sa décision de renouveler ou non son affectation 4 mois avant le terme de la période. | AA98: PNE_I_012 | AB98: =VLOOKUP(AA98,'Axe 2 Règles de gestion'!$D$2:$F$41,3, FALSE) -> Pour les positions normales d'activité prises avant le 18/04/2020, le renouvellement n'est pas possible. | AQ98: PNE_D_001 | AR98: =VLOOKUP(AQ98,'Axe 2 Règles de gestion'!$D$2:$F$41,3, FALSE) -> La durée prévisionnelle de l'affectation en position normale d'activité hors de l'administration d'origine est fixée à 3 ans. | AS98: PNE_D_002 | AT98: =VLOOKUP(AS98,'Axe 2 Règles de gestion'!$D$2:$F$41,3, FALSE) -> La durée réelle de l'affectation en position normale d'activité hors de l'administration d'origine est fixée à 3 ans.
A99: 22.00.00 | B99: M | C99: 44711.484 | D99: D0004 | E99: Position | F99: S0011 | G99: Position normale d'activité entrante et entrante sortante | H99: E0831 | I99: Position normale d'activité entrante/sortante | J99: Position / Situation saisie égale à 'Position normale d'activité entrante/sortante' ET Date de début position >= 18/04/2020 | K99: A_POS_POSIAD [Saisi] = 'ACI0E' ET A_POS_DATEB [Saisi] >= 18/04/2020 | L99: T2035 | M99: Position normale d'activité entrante/sortante avec durée - Demande | N99: Création Modification | O99: Indicateur Renouvellement Position est non activé ET l'indicateur de renouvellement saisi est différent de l'indicateur de renouvellement avant saisie | P99: A_POS_INDREN [Saisi] = '0' ET A_POS_INDREN [Saisi] <> A_POS_INDREN [Valeur avant saisie] | Q99: Stagiaire ou auditeur ou élève | R99: P0004 | S99: S | T99: Général | U99: Passant | V99: 43939 | X99: PNE_I_002 ET PNE_I_001 ET PNE_I_004 ET PNE_I_005 ET PNE_I_010 ET PNE_D_001 ET PNE_D_002 ET POS_C_005 ET POS_C_022 ET POS_C_010 ET POS_C_004 ET POS_C_007 ET POS_C_012 ET POS_C_030 ET POS_C_031 ET POS_C_034 ET POS_C_035 ET POS_C_036 | Y99: PNE_I_002 | Z99: =VLOOKUP(Y99,'Axe 2 Règles de gestion'!$D$2:$F$41,3, FALSE) -> L'agent doit effectuer une demande. | AA99: PNE_I_001 | AB99: =VLOOKUP(AA99,'Axe 2 Règles de gestion'!$D$2:$F$41,3, FALSE) -> L'affectation intervient à l'initiative de l'agent ou de l'administration. | AC99: PNE_I_004 | AD99: =VLOOKUP(AC99,'Axe 2 Règles de gestion'!$D$2:$F$41,3, FALSE) -> Un avis conforme de l'administration d'accueil a préalablement été transmis à l'administration d'origine sauf dans le cadre d'un transfert de service. | AE99: PNE_I_005 | AF99: =VLOOKUP(AE99,'Axe 2 Règles de gestion'!$D$2:$F$41,3, FALSE) -> Lorsque l'affectation de l'agent est prononcée dans un établissement public, le ministère de tutelle en est préalablement informé. | AG99: PNE_I_010 | AH99: =VLOOKUP(AG99,'Axe 2 Règles de gestion'!$D$2:$F$41,3, FALSE) -> Pour les positions normales d'activité prises avant le 18/04/2020, la limitation de durée ne s'applique pas. | AQ99: PNE_D_001 | AR99: =VLOOKUP(AQ99,'Axe 2 Règles de gestion'!$D$2:$F$41,3, FALSE) -> La durée prévisionnelle de l'affectation en position normale d'activité hors de l'administration d'origine est fixée à 3 ans. | AS99: PNE_D_002 | AT99: =VLOOKUP(AS99,'Axe 2 Règles de gestion'!$D$2:$F$41,3, FALSE) -> La durée réelle de l'affectation en position normale d'activité hors de l'administration d'origine est fixée à 3 ans. | AU99: POS_C_005 | AV99: =VLOOKUP(AU99,'Axe 2 Règles de gestion'!$D$2:$F$41,3, FALSE) -> La date de début de la position doit être postérieure ou égale à la date d'entrée dans la FPE ou dans la carrière militaire. | AW99: POS_C_022 | AX99: =VLOOKUP(AW99,'Axe 2 Règles de gestion'!$D$2:$F$41,3, FALSE) -> La date de début de position est à J+1 de la date de fin de position de l'occurrence précédente. | AY99: POS_C_010 | AZ99: =VLOOKUP(AY99,'Axe 2 Règles de gestion'!$D$2:$F$41,3, FALSE) -> La date de début de position doit être antérieure ou égale à la date de fin réelle de position. | BA99: POS_C_004 | BB99: =VLOOKUP(BA99,'Axe 2 Règles de gestion'!$D$2:$F$41,3, FALSE) -> La date de début de position doit être antérieure ou égale à la date de fin prévisionnelle de position. | BC99: POS_C_007 | BD99: =VLOOKUP(BC99,'Axe 2 Règles de gestion'!$D$2:$F$41,3, FALSE) -> La date de fin réelle de la position doit être antérieure à la date limite de départ à la retraite. | BE99: POS_C_012 | BF99: =VLOOKUP(BE99,'Axe 2 Règles de gestion'!$D$2:$F$41,3, FALSE) -> La date de fin prévisionnelle de la position doit être antérieure à la date limite de départ à la retraite. | BG99: POS_C_030 | BH99: =VLOOKUP(BG99,'Axe 2 Règles de gestion'!$D$2:$F$41,3, FALSE) -> Les champs "Type d'organisme d'origine", "Catégorie statutaire d'origine" et "Pays" de l'organisme d'origine doivent être renseignés. | BI99: POS_C_031 | BJ99: =VLOOKUP(BI99,'Axe 2 Règles de gestion'!$D$2:$F$41,3, FALSE) -> Les champs "Ministère (ou institution de la République) d'origine", "Corps d'origine", "Grade d'origine", "Echelon d'origine" sont renseignés si le "Type d'organisme d'origine" est valorisé à FPE. | BK99: POS_C_034 | BL99: =VLOOKUP(BK99,'Axe 2 Règles de gestion'!$D$2:$F$41,3, FALSE) -> Le champ "Organisme d'origine" doit être alimenté si le type d'organisme d'origine est égal à 'Autre organisme', 'Fonction publique d'un état de l'Union Européenne' ou 'Fonction publique Européenne'. | BM99: POS_C_035 | BN99: =VLOOKUP(BM99,'Axe 2 Règles de gestion'!$D$2:$F$41,3, FALSE) -> Le champ "Code emploi statutaire FPT (NET)" est renseigné si le "Type d'organisme d'origine" est valorisé à FPT. | BO99: POS_C_036 | BP99: =VLOOKUP(BO99,'Axe 2 Règles de gestion'!$D$2:$F$41,3, FALSE) -> Le champ "Code emploi statutaire FPH (NEH)" est renseigné si le "Type d'organisme d'origine" est valorisé à FPH.
A100: 20.00.00 | B100: A | C100: 44721.459 | D100: D0004 | E100: Position | F100: S0011 | G100: Position normale d'activité entrante et entrante sortante | H100: E0831 | I100: Position normale d'activité entrante/sortante | J100: Position / Situation saisie égale à 'Position normale d'activité entrante/sortante' ET Date de début position >= 18/04/2020 | K100: A_POS_POSIAD [Saisi] = 'ACI0E' ET A_POS_DATEB [Saisi] >= 18/04/2020 | L100: T2040 | M100: Position normale d'activité entrante/sortante avec durée - Fin | N100: Modification | O100: L'indicateur de renouvellement saisi est égal à l'indicateur de renouvellement avant saisie | P100: A_POS_INDREN [Saisi] = A_POS_INDREN [Valeur avant saisie] | Q100: Stagiaire ou auditeur ou élève | R100: P0004 | S100: S | T100: Général | U100: Passant | V100: 43939 | X100: PNE_I_008 ET PNE_I_009 ET PNE_I_010 ET PNE_D_001 ET PNE_D_002 ET POS_C_010 ET POS_C_004 ET POS_C_007 ET POS_C_012 ET POS_C_030 ET POS_C_031 ET POS_C_034 ET POS_C_035 ET POS_C_036 | Y100: PNE_I_008 | Z100: =VLOOKUP(Y100,'Axe 2 Règles de gestion'!$D$2:$F$41,3, FALSE) -> L'administration d'accueil fait connaître à l'administration d'origine et à l'agent sa décision de renouveler ou non son affectation 4 mois avant le terme de la période. | AA100: PNE_I_009 | AB100: =VLOOKUP(AA100,'Axe 2 Règles de gestion'!$D$2:$F$41,3, FALSE) -> Lorsque l'administration d'accueil décide de ne pas renouveler l'affectation, l'agent est réintégré dans le département ministériel dont il relève, au besoin en surnombre. | AC100: PNE_I_010 | AD100: =VLOOKUP(AC100,'Axe 2 Règles de gestion'!$D$2:$F$41,3, FALSE) -> Pour les positions normales d'activité prises avant le 18/04/2020, la limitation de durée ne s'applique pas. | AQ100: PNE_D_001 | AR100: =VLOOKUP(AQ100,'Axe 2 Règles de gestion'!$D$2:$F$41,3, FALSE) -> La durée prévisionnelle de l'affectation en position normale d'activité hors de l'administration d'origine est fixée à 3 ans. | AS100: PNE_D_002 | AT100: =VLOOKUP(AS100,'Axe 2 Règles de gestion'!$D$2:$F$41,3, FALSE) -> La durée réelle de l'affectation en position normale d'activité hors de l'administration d'origine est fixée à 3 ans. | AU100: POS_C_010 | AV100: =VLOOKUP(AU100,'Axe 2 Règles de gestion'!$D$2:$F$41,3, FALSE) -> La date de début de position doit être antérieure ou égale à la date de fin réelle de position. | AW100: POS_C_004 | AX100: =VLOOKUP(AW100,'Axe 2 Règles de gestion'!$D$2:$F$41,3, FALSE) -> La date de début de position doit être antérieure ou égale à la date de fin prévisionnelle de position. | AY100: POS_C_007 | AZ100: =VLOOKUP(AY100,'Axe 2 Règles de gestion'!$D$2:$F$41,3, FALSE) -> La date de fin réelle de la position doit être antérieure à la date limite de départ à la retraite. | BA100: POS_C_012 | BB100: =VLOOKUP(BA100,'Axe 2 Règles de gestion'!$D$2:$F$41,3, FALSE) -> La date de fin prévisionnelle de la position doit être antérieure à la date limite de départ à la retraite. | BC100: POS_C_030 | BD100: =VLOOKUP(BC100,'Axe 2 Règles de gestion'!$D$2:$F$41,3, FALSE) -> Les champs "Type d'organisme d'origine", "Catégorie statutaire d'origine" et "Pays" de l'organisme d'origine doivent être renseignés. | BE100: POS_C_031 | BF100: =VLOOKUP(BE100,'Axe 2 Règles de gestion'!$D$2:$F$41,3, FALSE) -> Les champs "Ministère (ou institution de la République) d'origine", "Corps d'origine", "Grade d'origine", "Echelon d'origine" sont renseignés si le "Type d'organisme d'origine" est valorisé à FPE. | BG100: POS_C_034 | BH100: =VLOOKUP(BG100,'Axe 2 Règles de gestion'!$D$2:$F$41,3, FALSE) -> Le champ "Organisme d'origine" doit être alimenté si le type d'organisme d'origine est égal à 'Autre organisme', 'Fonction publique d'un état de l'Union Européenne' ou 'Fonction publique Européenne'. | BI100: POS_C_035 | BJ100: =VLOOKUP(BI100,'Axe 2 Règles de gestion'!$D$2:$F$41,3, FALSE) -> Le champ "Code emploi statutaire FPT (NET)" est renseigné si le "Type d'organisme d'origine" est valorisé à FPT. | BK100: POS_C_036 | BL100: =VLOOKUP(BK100,'Axe 2 Règles de gestion'!$D$2:$F$41,3, FALSE) -> Le champ "Code emploi statutaire FPH (NEH)" est renseigné si le "Type d'organisme d'origine" est valorisé à FPH.
...

Sheet Axe 1 Enchaînement RG Impact
A1: Version | B1: Type de mise à jour | C1: Date de mise à jour | D1: Identifiant Domaine | E1: Libellé du Domaine | F1: Identifiant Sous-domaine | G1: Libellé du Sous-domaine | H1: Identifiant Evénement | I1: Libellé de l'évènement | J1: Libellé condition déclenchement Evènement | K1: Condition déclenchement Evènement | L1: Identifiant type d'évènement | M1: Libellé type d'évènement | N1: Type de mise à jour | O1: Libellé condition déclenchement Type Evènement | P1: Condition déclenchement Type Evènement | Q1: Libellé Population | R1: Codification Population | S1: Typologie de population | T1: Général / Particulier | U1: Passant / Exclu | V1: Date de début | W1: Date de fin | X1: Impacts | Y1: Identifiant Impacts 1 | Z1: Libellé Impacts 1 | AA1: Identifiant Impacts 2 | AB1: Libellé Impacts 2 | AC1: Identifiant Impacts 3 | AD1: Libellé Impacts 3 | AE1: Identifiant Impacts 4 | AF1: Libellé Impacts 4 | AG1: Identifiant Impacts 5 | AH1: Libellé Impacts 5 | AI1: Identifiant Impacts 6 | AJ1: Libellé Impacts 6 | AK1: Identifiant Impacts 7 | AL1: Libellé Impacts 7 | AM1: Identifiant Impacts 8 | AN1: Libellé Impacts 8 | AO1: FIME | AP1: Statut de travail
A2: 22.00.00 | B2: M | C2: 44711.679 | D2: D0004 | E2: Position | F2: S0011 | G2: Position normale d'activité entrante et entrante sortante | H2: E0158 | I2: Position normale d'activité entrante payée ancien dispositif | J2: Position / Situation saisie égale à 'Position normale d'activité entrante payée' ET Date de début position < 18/04/2020 | K2: A_POS_POSIAD [Saisi] = 'ACI0A' ET A_POS_DATEB [Saisi] < 18/04/2020 | L2: T0465 | M2: Position normale d'activité entrante payée - Demande | N2: Création | Q2: Titulaire ou magistrat | R2: P0001 | S2: T | T2: Général | U2: Passant | V2: 40725 | W2: 43861 | X2: PNE_P_001 ET PNE_P_003 ET PNE_P_004 ET PNE_P_006 ET PNE_P_008 ET PNE_P_009 ET PNE_P_010 ET PNE_P_012 | Y2: PNE_P_001 | Z2: =VLOOKUP(Y2,'Axe 2 Règles de gestion'!$D$2:$F$41,3, FALSE) -> Rémunération : L'administration d'accueil rémunère l'agent. Il bénéficie du régime indemnitaire de son corps. Les primes sont modulées par l'administration d'accueil. Il peut percevoir les indemnités de l'emploi occupé. | AA2: PNE_P_003 | AB2: =VLOOKUP(AA2,'Axe 2 Règles de gestion'!$D$2:$F$41,3, FALSE) -> Classement : L'agent est classé dans son corps. | AC2: PNE_P_004 | AD2: =VLOOKUP(AC2,'Axe 2 Règles de gestion'!$D$2:$F$41,3, FALSE) -> Carrière : L'administration d'origine assure la gestion de l'agent. Il conserve son droit à l'avancement dans son corps et relève de la commission administrative paritaire de son corps dans son ministère d'origine. | AE2: PNE_P_006 | AF2: =VLOOKUP(AE2,'Axe 2 Règles de gestion'!$D$2:$F$41,3, FALSE) -> Evaluation professionnelle : L'agent est évalué par l'administration d'accueil. | AG2: PNE_P_008 | AH2: =VLOOKUP(AG2,'Axe 2 Règles de gestion'!$D$2:$F$41,3, FALSE) -> Congés annuels : L'agent cumule des droits à congé. L'administration d'accueil gère les droits à congés annuels de l'agent. | AI2: PNE_P_009 | AJ2: =VLOOKUP(AI2,'Axe 2 Règles de gestion'!$D$2:$F$41,3, FALSE) -> Maladie : A l'appui d'une délégation de pouvoir, les congés maladie sont gérés par l'administration d'accueil. Elle est responsable du conseil médical éventuellement compétent pour examiner la situation de l'agent affecté. | AK2: PNE_P_010 | AL2: =VLOOKUP(AK2,'Axe 2 Règles de gestion'!$D$2:$F$41,3, FALSE) -> Retraite : L'agent cumule de l'ancienneté. La mise à la retraite de l'agent intervient normalement lorsque celui-ci a atteint la limite d'âge prévue par les statuts de son corps d'origine. | AM2: PNE_P_012 | AN2: =VLOOKUP(AM2,'Axe 2 Règles de gestion'!$D$2:$F$41,3, FALSE) -> Acte : Un acte administratif doit être produit.
A3: 22.00.00 | B3: A | C3: 44711.422 | D3: D0004 | E3: Position | F3: S0011 | G3: Position normale d'activité entrante et entrante sortante | H3: E0158 | I3: Position normale d'activité entrante payée ancien dispositif | J3: Position / Situation saisie égale à 'Position normale d'activité entrante payée' ET Date de début position < 18/04/2020 | K3: A_POS_POSIAD [Saisi] = 'ACI0A' ET A_POS_DATEB [Saisi] < 18/04/2020 | L3: T0465 | M3: Position normale d'activité entrante payée - Demande | N3: Création | Q3: Titulaire ou magistrat | R3: P0001 | S3: T | T3: Général | U3: Passant | V3: 43862 | W3: 43938 | X3: PNE_P_001 ET PNE_P_003 ET PNE_P_004 ET PNE_P_006 ET PNE_P_008 ET PNE_P_009 ET PNE_P_010 ET PNE_P_012 | Y3: PNE_P_001 | Z3: =VLOOKUP(Y3,'Axe 2 Règles de gestion'!$D$2:$F$41,3, FALSE) -> Rémunération : L'administration d'accueil rémunère l'agent. Il bénéficie du régime indemnitaire de son corps. Les primes sont modulées par l'administration d'accueil. Il peut percevoir les indemnités de l'emploi occupé. | AA3: PNE_P_003 | AB3: =VLOOKUP(AA3,'Axe 2 Règles de gestion'!$D$2:$F$41,3, FALSE) -> Classement : L'agent est classé dans son corps. | AC3: PNE_P_004 | AD3: =VLOOKUP(AC3,'Axe 2 Règles de gestion'!$D$2:$F$41,3, FALSE) -> Carrière : L'administration d'origine assure la gestion de l'agent. Il conserve son droit à l'avancement dans son corps et relève de la commission administrative paritaire de son corps dans son ministère d'origine. | AE3: PNE_P_006 | AF3: =VLOOKUP(AE3,'Axe 2 Règles de gestion'!$D$2:$F$41,3, FALSE) -> Evaluation professionnelle : L'agent est évalué par l'administration d'accueil. | AG3: PNE_P_008 | AH3: =VLOOKUP(AG3,'Axe 2 Règles de gestion'!$D$2:$F$41,3, FALSE) -> Congés annuels : L'agent cumule des droits à congé. L'administration d'accueil gère les droits à congés annuels de l'agent. | AI3: PNE_P_009 | AJ3: =VLOOKUP(AI3,'Axe 2 Règles de gestion'!$D$2:$F$41,3, FALSE) -> Maladie : A l'appui d'une délégation de pouvoir, les congés maladie sont gérés par l'administration d'accueil. Elle est responsable du conseil médical éventuellement compétent pour examiner la situation de l'agent affecté. | AK3: PNE_P_010 | AL3: =VLOOKUP(AK3,'Axe 2 Règles de gestion'!$D$2:$F$41,3, FALSE) -> Retraite : L'agent cumule de l'ancienneté. La mise à la retraite de l'agent intervient normalement lorsque celui-ci a atteint la limite d'âge prévue par les statuts de son corps d'origine. | AM3: PNE_P_012 | AN3: =VLOOKUP(AM3,'Axe 2 Règles de gestion'!$D$2:$F$41,3, FALSE) -> Acte : Un acte administratif doit être produit.
A4: 20.00.00 | B4: M | C4: 43999.454 | D4: D0004 | E4: Position | F4: S0011 | G4: Position normale d'activité entrante et entrante sortante | H4: E0158 | I4: Position normale d'activité entrante payée ancien dispositif | J4: Position / Situation saisie égale à 'Position normale d'activité entrante payée' ET Date de début position < 18/04/2020 | K4: A_POS_POSIAD [Saisi] = 'ACI0A' ET A_POS_DATEB [Saisi] < 18/04/2020 | L4: T0466 | M4: Position normale d'activité entrante payée- Fin | N4: Modification | Q4: Titulaire ou magistrat | R4: P0001 | S4: T | T4: Général | U4: Passant | V4: 40725 | W4: 43938
A5: 20.00.00 | B5: M | C5: 43999.642 | D5: D0004 | E5: Position | F5: S0011 | G5: Position normale d'activité entrante et entrante sortante | H5: E0158 | I5: Position normale d'activité entrante payée ancien dispositif | J5: Position / Situation saisie égale à 'Position normale d'activité entrante payée' ET Date de début position < 18/04/2020 | K5: A_POS_POSIAD [Saisi] = 'ACI0A' ET A_POS_DATEB [Saisi] < 18/04/2020 | L5: T0465 | M5: Position normale d'activité entrante payée - Demande | N5: Création | Q5: Militaire | R5: P0002 | S5: M | T5: Général | U5: Exclu | V5: 40725 | W5: 43938
A6: 20.00.00 | B6: M | C6: 43999.64 | D6: D0004 | E6: Position | F6: S0011 | G6: Position normale d'activité entrante et entrante sortante | H6: E0158 | I6: Position normale d'activité entrante payée ancien dispositif | J6: Position / Situation saisie égale à 'Position normale d'activité entrante payée' ET Date de début position < 18/04/2020 | K6: A_POS_POSIAD [Saisi] = 'ACI0A' ET A_POS_DATEB [Saisi] < 18/04/2020 | L6: T0466 | M6: Position normale d'activité entrante payée- Fin | N6: Modification | Q6: Militaire | R6: P0002 | S6: M | T6: Général | U6: Exclu | V6: 40725 | W6: 43938
A7: 20.00.00 | B7: M | C7: 43999.642 | D7: D0004 | E7: Position | F7: S0011 | G7: Position normale d'activité entrante et entrante sortante | H7: E0158 | I7: Position normale d'activité entrante payée ancien dispositif | J7: Position / Situation saisie égale à 'Position normale d'activité entrante payée' ET Date de début position < 18/04/2020 | K7: A_POS_POSIAD [Saisi] = 'ACI0A' ET A_POS_DATEB [Saisi] < 18/04/2020 | L7: T0465 | M7: Position normale d'activité entrante payée - Demande | N7: Création | Q7: Contractuel | R7: P0003 | S7: N | T7: Général | U7: Exclu | V7: 40725 | W7: 43938
A8: 20.00.00 | B8: M | C8: 43999.641 | D8: D0004 | E8: Position | F8: S0011 | G8: Position normale d'activité entrante et entrante sortante | H8: E0158 | I8: Position normale d'activité entrante payée ancien dispositif | J8: Position / Situation saisie égale à 'Position normale d'activité entrante payée' ET Date de début position < 18/04/2020 | K8: A_POS_POSIAD [Saisi] = 'ACI0A' ET A_POS_DATEB [Saisi] < 18/04/2020 | L8: T0466 | M8: Position normale d'activité entrante payée- Fin | N8: Modification | Q8: Contractuel | R8: P0003 | S8: N | T8: Général | U8: Exclu | V8: 40725 | W8: 43938
A9: 22.00.00 | B9: M | C9: 44711.426 | D9: D0004 | E9: Position | F9: S0011 | G9: Position normale d'activité entrante et entrante sortante | H9: E0158 | I9: Position normale d'activité entrante payée ancien dispositif | J9: Position / Situation saisie égale à 'Position normale d'activité entrante payée' ET Date de début position < 18/04/2020 | K9: A_POS_POSIAD [Saisi] = 'ACI0A' ET A_POS_DATEB [Saisi] < 18/04/2020 | L9: T0465 | M9: Position normale d'activité entrante payée - Demande | N9: Création | Q9: Stagiaire ou auditeur ou élève | R9: P0004 | S9: S | T9: Général | U9: Passant | V9: 40725 | W9: 43938 | X9: PNE_P_001 ET PNE_P_003 ET PNE_P_005 ET PNE_P_007 ET PNE_P_008 ET PNE_P_009 ET PNE_P_011 ET PNE_P_012 | Y9: PNE_P_001 | Z9: =VLOOKUP(Y9,'Axe 2 Règles de gestion'!$D$2:$F$41,3, FALSE) -> Rémunération : L'administration d'accueil rémunère l'agent. Il bénéficie du régime indemnitaire de son corps. Les primes sont modulées par l'administration d'accueil. Il peut percevoir les indemnités de l'emploi occupé. | AA9: PNE_P_003 | AB9: =VLOOKUP(AA9,'Axe 2 Règles de gestion'!$D$2:$F$41,3, FALSE) -> Classement : L'agent est classé dans son corps. | AC9: PNE_P_005 | AD9: =VLOOKUP(AC9,'Axe 2 Règles de gestion'!$D$2:$F$41,3, FALSE) -> Carrière : L'administration d'origine assure la gestion de l'agent. Il conserve son droit à titularisation dans son corps et relève de la commission administrative paritaire de son corps dans son ministère d'origine. | AE9: PNE_P_007 | AF9: =VLOOKUP(AE9,'Axe 2 Règles de gestion'!$D$2:$F$41,3, FALSE) -> Evaluation professionnelle : L'administration d'accueil établit le rapport de titularisation de l'agent. | AG9: PNE_P_008 | AH9: =VLOOKUP(AG9,'Axe 2 Règles de gestion'!$D$2:$F$41,3, FALSE) -> Congés annuels : L'agent cumule des droits à congé. L'administration d'accueil gère les droits à congés annuels de l'agent. | AI9: PNE_P_009 | AJ9: =VLOOKUP(AI9,'Axe 2 Règles de gestion'!$D$2:$F$41,3, FALSE) -> Maladie : A l'appui d'une délégation de pouvoir, les congés maladie sont gérés par l'administration d'accueil. Elle est responsable du conseil médical éventuellement compétent pour examiner la situation de l'agent affecté. | AK9: PNE_P_011 | AL9: =VLOOKUP(AK9,'Axe 2 Règles de gestion'!$D$2:$F$41,3, FALSE) -> Retraite : Une fois titularisé, l'agent cumule de l'ancienneté. La mise à la retraite de l'agent intervient normalement lorsque celui-ci a atteint la limite d'âge prévue par les statuts de son corps d'origine. | AM9: PNE_P_012 | AN9: =VLOOKUP(AM9,'Axe 2 Règles de gestion'!$D$2:$F$41,3, FALSE) -> Acte : Un acte administratif doit être produit.
A10: 20.00.00 | B10: M | C10: 43999.453 | D10: D0004 | E10: Position | F10: S0011 | G10: Position normale d'activité entrante et entrante sortante | H10: E0158 | I10: Position normale d'activité entrante payée ancien dispositif | J10: Position / Situation saisie égale à 'Position normale d'activité entrante payée' ET Date de début position < 18/04/2020 | K10: A_POS_POSIAD [Saisi] = 'ACI0A' ET A_POS_DATEB [Saisi] < 18/04/2020 | L10: T0466 | M10: Position normale d'activité entrante payée- Fin | N10: Modification | Q10: Stagiaire ou auditeur ou élève | R10: P0004 | S10: S | T10: Général | U10: Passant | V10: 40725 | W10: 43938
A11: 20.00.00 | B11: M | C11: 43999.642 | D11: D0004 | E11: Position | F11: S0011 | G11: Position normale d'activité entrante et entrante sortante | H11: E0158 | I11: Position normale d'activité entrante payée ancien dispositif | J11: Position / Situation saisie égale à 'Position normale d'activité entrante payée' ET Date de début position < 18/04/2020 | K11: A_POS_POSIAD [Saisi] = 'ACI0A' ET A_POS_DATEB [Saisi] < 18/04/2020 | L11: T0465 | M11: Position normale d'activité entrante payée - Demande | N11: Création | Q11: Ouvrier d'état | R11: P0005 | S11: O | T11: Général | U11: Exclu | V11: 40725 | W11: 43938
A12: 20.00.00 | B12: M | C12: 43999.642 | D12: D0004 | E12: Position | F12: S0011 | G12: Position normale d'activité entrante et entrante sortante | H12: E0158 | I12: Position normale d'activité entrante payée ancien dispositif | J12: Position / Situation saisie égale à 'Position normale d'activité entrante payée' ET Date de début position < 18/04/2020 | K12: A_POS_POSIAD [Saisi] = 'ACI0A' ET A_POS_DATEB [Saisi] < 18/04/2020 | L12: T0466 | M12: Position normale d'activité entrante payée- Fin | N12: Modification | Q12: Ouvrier d'état | R12: P0005 | S12: O | T12: Général | U12: Exclu | V12: 40725 | W12: 43938
A13: 20.00.00 | B13: M | C13: 43999.643 | D13: D0004 | E13: Position | F13: S0011 | G13: Position normale d'activité entrante et entrante sortante | H13: E0158 | I13: Position normale d'activité entrante payée ancien dispositif | J13: Position / Situation saisie égale à 'Position normale d'activité entrante payée' ET Date de début position < 18/04/2020 | K13: A_POS_POSIAD [Saisi] = 'ACI0A' ET A_POS_DATEB [Saisi] < 18/04/2020 | L13: T0465 | M13: Position normale d'activité entrante payée - Demande | N13: Création | Q13: Magistrat de l'ordre judiciaire | R13: P0007 | S13: T | T13: Particulier | U13: Exclu | V13: 40725 | W13: 43938
A14: 20.00.00 | B14: M | C14: 43999.644 | D14: D0004 | E14: Position | F14: S0011 | G14: Position normale d'activité entrante et entrante sortante | H14: E0158 | I14: Position normale d'activité entrante payée ancien dispositif | J14: Position / Situation saisie égale à 'Position normale d'activité entrante payée' ET Date de début position < 18/04/2020 | K14: A_POS_POSIAD [Saisi] = 'ACI0A' ET A_POS_DATEB [Saisi] < 18/04/2020 | L14: T0466 | M14: Position normale d'activité entrante payée- Fin | N14: Modification | Q14: Magistrat de l'ordre judiciaire | R14: P0007 | S14: T | T14: Particulier | U14: Exclu | V14: 40725 | W14: 43938
A15: 20.00.00 | B15: M | C15: 43999.643 | D15: D0004 | E15: Position | F15: S0011 | G15: Position normale d'activité entrante et entrante sortante | H15: E0158 | I15: Position normale d'activité entrante payée ancien dispositif | J15: Position / Situation saisie égale à 'Position normale d'activité entrante payée' ET Date de début position < 18/04/2020 | K15: A_POS_POSIAD [Saisi] = 'ACI0A' ET A_POS_DATEB [Saisi] < 18/04/2020 | L15: T0465 | M15: Position normale d'activité entrante payée - Demande | N15: Création | Q15: Auditeur de justice ou élève | R15: P0034 | S15: S | T15: Particulier | U15: Exclu | V15: 40725 | W15: 43938
A16: 20.00.00 | B16: M | C16: 43999.644 | D16: D0004 | E16: Position | F16: S0011 | G16: Position normale d'activité entrante et entrante sortante | H16: E0158 | I16: Position normale d'activité entrante payée ancien dispositif | J16: Position / Situation saisie égale à 'Position normale d'activité entrante payée' ET Date de début position < 18/04/2020 | K16: A_POS_POSIAD [Saisi] = 'ACI0A' ET A_POS_DATEB [Saisi] < 18/04/2020 | L16: T0466 | M16: Position normale d'activité entrante payée- Fin | N16: Modification | Q16: Auditeur de justice ou élève | R16: P0034 | S16: S | T16: Particulier | U16: Exclu | V16: 40725 | W16: 43938
A17: 22.00.00 | B17: M | C17: 44711.68 | D17: D0004 | E17: Position | F17: S0011 | G17: Position normale d'activité entrante et entrante sortante | H17: E0159 | I17: Position normale d'activité entrante non payée ancien dispositif | J17: Position / Situation saisie égale à 'Position normale d'activité entrante non payée' ET Date de début position < 18/04/2020 | K17: A_POS_POSIAD [Saisi] = 'ACI0B' ET A_POS_DATEB [Saisi] < 18/04/2020 | L17: T0467 | M17: Position normale d'activité entrante non payée - Demande | N17: Création | Q17: Titulaire ou magistrat | R17: P0001 | S17: T | T17: Général | U17: Passant | V17: 40725 | W17: 43861 | X17: PNE_P_002 ET PNE_P_003 ET PNE_P_004 ET PNE_P_006 ET PNE_P_008 ET PNE_P_009 ET PNE_P_010 ET PNE_P_012 | Y17: PNE_P_002 | Z17: =VLOOKUP(Y17,'Axe 2 Règles de gestion'!$D$2:$F$41,3, FALSE) -> Rémunération : L'agent ne perçoit plus de rémunération. | AA17: PNE_P_003 | AB17: =VLOOKUP(AA17,'Axe 2 Règles de gestion'!$D$2:$F$41,3, FALSE) -> Classement : L'agent est classé dans son corps. | AC17: PNE_P_004 | AD17: =VLOOKUP(AC17,'Axe 2 Règles de gestion'!$D$2:$F$41,3, FALSE) -> Carrière : L'administration d'origine assure la gestion de l'agent. Il conserve son droit à l'avancement dans son corps et relève de la commission administrative paritaire de son corps dans son ministère d'origine. | AE17: PNE_P_006 | AF17: =VLOOKUP(AE17,'Axe 2 Règles de gestion'!$D$2:$F$41,3, FALSE) -> Evaluation professionnelle : L'agent est évalué par l'administration d'accueil. | AG17: PNE_P_008 | AH17: =VLOOKUP(AG17,'Axe 2 Règles de gestion'!$D$2:$F$41,3, FALSE) -> Congés annuels : L'agent cumule des droits à congé. L'administration d'accueil gère les droits à congés annuels de l'agent. | AI17: PNE_P_009 | AJ17: =VLOOKUP(AI17,'Axe 2 Règles de gestion'!$D$2:$F$41,3, FALSE) -> Maladie : A l'appui d'une délégation de pouvoir, les congés maladie sont gérés par l'administration d'accueil. Elle est responsable du conseil médical éventuellement compétent pour examiner la situation de l'agent affecté. | AK17: PNE_P_010 | AL17: =VLOOKUP(AK17,'Axe 2 Règles de gestion'!$D$2:$F$41,3, FALSE) -> Retraite : L'agent cumule de l'ancienneté. La mise à la retraite de l'agent intervient normalement lorsque celui-ci a atteint la limite d'âge prévue par les statuts de son corps d'origine. | AM17: PNE_P_012 | AN17: =VLOOKUP(AM17,'Axe 2 Règles de gestion'!$D$2:$F$41,3, FALSE) -> Acte : Un acte administratif doit être produit.
