Workbook
Name date_DIADC: 'Mode opératoire'!#REF!
Name notice_DIADC: 'Mode opératoire'!#REF!
Name notice_ENCHN: 'Mode opératoire'!$B$1:$B$4
Name notice_ICA: 'Mode opératoire'!#REF!

Sheet Mode opératoire
B1: MODE OPERATOIRE
B2: La description d'une position sortante dans un dossier agent, nécessite la MAJ des données portées par les 3 sous-rubriques suivantes : Position statutaire/situation administrative Détachement, affectation ou MAD sortant Compteurs de périodes de positions/situations La spécification métier regroupe au sein d'un évènement unique l'articulation des RG mobilisant des données appartenant à ces deux sous-rubriques. Ainsi, le métier considère que les données associées à ces deux sous rubriques sont mises à jour dans la même transaction. Les positions concernées sont les codes de positions mobilisés dans l'axe1.

Sheet Axe 1 Enchainement des RG
A1: Version | B1: Type de mise à jour | C1: Date de mise à jour | D1: Identifiant Domaine | E1: Libellé du Domaine | F1: Identifiant Sous-domaine | G1: Libellé du Sous-domaine | H1: Identifiant Evénement | I1: Libellé de l'évènement | J1: Libellé condition déclenchement Evènement | K1: Condition déclenchement Evènement | L1: Identifiant type d'évènement | M1: Libellé type d'évènement | N1: Type de mise à jour | O1: Libellé condition déclenchement Type Evènement | P1: Condition déclenchement Type Evènement | Q1: Libellé Population | R1: Codification Population | S1: Typologie de population | T1: Général / Particulier | U1: Passant / Exclu | V1: Date de début | W1: Date de fin | X1: Règles mobilisées | Y1: Identifiant Règle de contrôle intellectuel 1 | Z1: Libellé Règle de contrôle intellectuel 1 | AA1: Identifiant Règle de contrôle intellectuel 2 | AB1: Libellé Règle de contrôle intellectuel 2 | AC1: Identifiant Règle de contrôle intellectuel 3 | AD1: Libellé Règle de contrôle intellectuel 3 | AE1: Identifiant Règle de contrôle intellectuel 4 | AF1: Libellé Règle de contrôle intellectuel 4 | AG1: Identifiant Règle de contrôle intellectuel 5 | AH1: Libellé Règle de contrôle intellectuel 5 | AI1: Identifiant Règle de contrôle intellectuel 6 | AJ1: Libellé Règle de contrôle intellectuel 6 | AK1: Identifiant Règle de contrôle intellectuel 7 | AL1: Libellé Règle de contrôle intellectuel 7 | AM1: Identifiant Règle de contrôle intellectuel 8 | AN1: Libellé Règle de contrôle intellectuel 8 | AO1: Identifiant Règle de contrôle intellectuel 9 | AP1: Libellé Règle de contrôle intellectuel 9 | AQ1: Identifiant Règle de contrôle intellectuel 10 | AR1: Libellé Règle de contrôle intellectuel 10 | AS1: Identifiant Règle de contrôle intellectuel 11 | AT1: Libellé Règle de contrôle intellectuel 11 | AU1: Identifiant Règle de contrôle intellectuel 12 | AV1: Libellé Règle de contrôle intellectuel 12 | AW1: Identifiant Règle de condition 1 | AX1: Libellé Règle de condition 1 | AY1: Identifiant Règle de condition 2 | AZ1: Libellé Règle de condition 2 | BA1: Identifiant Règle de condition 3 | BB1: Libellé Règle de condition 3 | BC1: Identifiant Règle de condition 4 | BD1: Libellé Règle de condition 4 | BE1: Identifiant Règle de condition 5 | BF1: Libellé Règle de condition 5 | BG1: Identifiant Règle de condition 6 | BH1: Libellé Règle de condition 6 | BI1: Identifiant Règle de condition 7 | BJ1: Libellé Règle de condition 7 | BK1: Identifiant Règle de condition 8 | BL1: Libellé Règle de condition 8 | BM1: Identifiant Règle de contrôle 1 | BN1: Libellé Règle de contrôle 1 | BO1: Identifiant Règle de contrôle 2 | BP1: Libellé Règle de contrôle 2 | BQ1: Identifiant Règle de contrôle 3 | BR1: Libellé Règle de contrôle 3 | BS1: Identifiant Règle de contrôle 4 | BT1: Libellé Règle de contrôle 4 | BU1: Identifiant Règle de contrôle 5 | BV1: Libellé Règle de contrôle 5 | BW1: Identifiant Règle de contrôle 6 | BX1: Libellé Règle de contrôle 6 | BY1: Identifiant Règle de contrôle 7 | BZ1: Libellé Règle de contrôle 7 | CA1: Identifiant Règle de contrôle 8 | CB1: Libellé Règle de contrôle 8 | CC1: Identifiant Règle de contrôle 9 | CD1: Libellé Règle de contrôle 9 | CE1: Identifiant Règle de contrôle 10 | CF1: Libellé Règle de contrôle 10 | CG1: Identifiant Règle de contrôle 11 | CH1: Libellé Règle de contrôle 11 | CI1: Identifiant Règle de contrôle 12 | CJ1: Libellé Règle de contrôle 12 | CK1: Identifiant Règle de contrôle 13 | CL1: Libellé Règle de contrôle 13 | CM1: Identifiant Règle de contrôle 14 | CN1: Libellé Règle de contrôle 14 | CO1: Identifiant Règle de contrôle 15 | CP1: Libellé Règle de contrôle 15 | CQ1: Identifiant Règle de contrôle 16 | CR1: Libellé Règle de contrôle 16 | CS1: FIME | CT1: Statut de travail
A2: 21.00.00 | B2: M | C2: 44358.705 | D2: D0004 | E2: Position | F2: S0008 | G2: Détachement sortant | H2: E0101 | I2: Détachement sortant sur demande auprès d'une administration, d'un office ou d'un EP de l'Etat conduisant à pension | J2: Position administrative Saisie égale à 'Détachement sortant sur demande auprès d'une administration ou d'un EP de l'Etat conduisant à pension' ET Indicateur de maintien saisi = Non | K2: A_POS_POSIAD [Saisi] = 'DET01' ET A_POS_SITPAR [Saisi] = Vide ET A_POS_INDMAI [Saisi] = '0' | L2: T0204 | M2: Détachement sortant sur demande auprès d'une administration ou d'un EP de l'Etat conduisant à pension - Demande | N2: Création Modification | O2: Indicateur de renouvellement saisi = Non ET (Indicateur de renouvellement saisi différent d'Indicateur de renouvellement avant saisi OU Indicateur de maintien saisi différent de Indicateur de maintien avant saisi) | P2: A_POS_INDREN [Saisi] = '0' ET (A_POS_INDREN [Saisi] <> A_POS_INDREN [Valeur avant saisie] OU A_POS_INDMAI [Saisi] <> A_POS_INDMAI [Valeur avant saisie]) | Q2: Titulaire ou magistrat | R2: P0001 | S2: T | T2: Général | U2: Passant | V2: 40725 | W2: 43830 | X2: DET_I_002 ET DET_I_005 ET DET_I_007 ET DET_I_004 ET DET_I_006 ET DET_D_006 ET DET_D_406 ET DET_D_510 ET DET_D_910 ET DET_D_007 ET DET_D_407 ET POS_C_100 ET POS_C_004 ET POS_C_005 ET POS_C_007 ET POS_C_010 ET POS_C_012 ET POS_C_022 ET POS_C_037 ET POS_C_111 ET POS_C_431 ET POS_C_434 ET POS_C_435 | Y2: DET_I_002 | Z2: =VLOOKUP(Y2,'Axe 2 Règles de gestion'!$D$2:$F$190,3, FALSE) -> L'agent doit formuler une demande. | AA2: DET_I_005 | AB2: =VLOOKUP(AA2,'Axe 2 Règles de gestion'!$D$2:$F$190,3, FALSE) -> Le silence de l'administration gardé pendant 2 mois à compter de la réception de la demande de l'agent vaut acceptation. | AC2: DET_I_007 | AD2: =VLOOKUP(AC2,'Axe 2 Règles de gestion'!$D$2:$F$190,3, FALSE) -> Le détachement est accordé après avis des commissions administratives paritaires compétentes. | AE2: DET_I_004 | AF2: =VLOOKUP(AE2,'Axe 2 Règles de gestion'!$D$2:$F$190,3, FALSE) -> Suite à accord de l'organisme d'accueil, le refus par l'administration d'origine est possible pour nécessité de service ou suite à un avis d'incompatibilité de la commission de déontologie. | AG2: DET_I_006 | AH2: =VLOOKUP(AG2,'Axe 2 Règles de gestion'!$D$2:$F$190,3, FALSE) -> Un préavis, d'un délai maximal de 3 mois, peut être exigé par l'administration d'origine. | AW2: DET_D_006 | AX2: =VLOOKUP(AW2,'Axe 2 Règles de gestion'!$D$2:$F$190,3, FALSE) -> Un détachement de courte durée ne peut excéder six mois entre la date de début et la date de fin prévisionnelle | AY2: DET_D_406 | AZ2: =VLOOKUP(AY2,'Axe 2 Règles de gestion'!$D$2:$F$190,3, FALSE) -> Un détachement de courte durée ne peut excéder six mois entre la date de début et la date de fin réelle | BA2: DET_D_510 | BB2: =VLOOKUP(BA2,'Axe 2 Règles de gestion'!$D$2:$F$190,3, FALSE) -> Un détachement de courte durée ne peut excéder 1 an entre la date de début et la date de fin prévisionnelle, pour les personnels détachés pour servir dans les collectivités d'outre-mer, la Nouvelle-Calédonie ou à l'étranger. | BC2: DET_D_910 | BD2: =VLOOKUP(BC2,'Axe 2 Règles de gestion'!$D$2:$F$190,3, FALSE) -> Un détachement de courte durée ne peut excéder 1 an entre la date de début et la date de fin réelle, pour les personnels détachés pour servir dans les collectivités d'outre-mer, la Nouvelle-Calédonie ou à l'étranger. | BE2: DET_D_007 | BF2: =VLOOKUP(BE2,'Axe 2 Règles de gestion'!$D$2:$F$190,3, FALSE) -> Chaque période de détachement de longue durée ne peut excéder 5 ans entre la date de début et la date de fin prévisionnelle. | BG2: DET_D_407 | BH2: =VLOOKUP(BG2,'Axe 2 Règles de gestion'!$D$2:$F$190,3, FALSE) -> Chaque période de détachement de longue durée ne peut excéder 5 ans entre la date de début et la date de fin réelle. | BM2: POS_C_100 | BN2: =VLOOKUP(BM2,'Axe 2 Règles de gestion'!$D$2:$F$190,3, FALSE) -> Lors de la demande initiale, l'agent doit être en activité. | BO2: POS_C_004 | BP2: =VLOOKUP(BO2,'Axe 2 Règles de gestion'!$D$2:$F$190,3, FALSE) -> La date de début de position doit être antérieure ou égale à la date de fin prévisionnelle de position. | BQ2: POS_C_005 | BR2: =VLOOKUP(BQ2,'Axe 2 Règles de gestion'!$D$2:$F$190,3, FALSE) -> La date de début de la position doit être postérieure ou égale à la date d'entrée dans la FPE ou dans la carrière militaire. | BS2: POS_C_007 | BT2: =VLOOKUP(BS2,'Axe 2 Règles de gestion'!$D$2:$F$190,3, FALSE) -> La date de fin réelle de la position doit être antérieure à la date limite de départ à la retraite. | BU2: POS_C_010 | BV2: =VLOOKUP(BU2,'Axe 2 Règles de gestion'!$D$2:$F$190,3, FALSE) -> La date de début de position doit être antérieure ou égale à la date de fin réelle de position. | BW2: POS_C_012 | BX2: =VLOOKUP(BW2,'Axe 2 Règles de gestion'!$D$2:$F$190,3, FALSE) -> La date de fin prévisionnelle de la position doit être antérieure à la date limite de départ à la retraite. | BY2: POS_C_022 | BZ2: =VLOOKUP(BY2,'Axe 2 Règles de gestion'!$D$2:$F$190,3, FALSE) -> La date de début de position est à J+1 de la date de fin de position de l'occurrence précédente. | CA2: POS_C_037 | CB2: =VLOOKUP(CA2,'Axe 2 Règles de gestion'!$D$2:$F$190,3, FALSE) -> Les champs "Type d'organisme d'accueil" et "Pays" de l'organisme d'accueil doivent être renseignés. | CC2: POS_C_111 | CD2: =VLOOKUP(CC2,'Axe 2 Règles de gestion'!$D$2:$F$190,3, FALSE) -> La date de fin ou la date de fin prévisionnelle doit être saisie. | CE2: POS_C_431 | CF2: =VLOOKUP(CE2,'Axe 2 Règles de gestion'!$D$2:$F$190,3, FALSE) -> Les champs "Ministère (ou institution de la République) d'accueil", "Corps d'accueil en détachement" et "Grade d'accueil en détachement" ou "Ministère (ou institution de la République) d'accueil", "Emploi fonctionnel d'accueil en détachement" et "Groupe dans un emploi fonctionnel d'accueil" sont renseignés si le "Type d'organisme d'accueil" est valorisé à FPE. | CG2: POS_C_434 | CH2: =VLOOKUP(CG2,'Axe 2 Règles de gestion'!$D$2:$F$190,3, FALSE) -> Le champ "Organisme d'accueil" doit être alimenté si le type d'organisme d'accueil est égal à 'Autre organisme', 'Fonction publique d'un état de l'Union Européenne' ou 'Fonction publique Européenne'. | CI2: POS_C_435 | CJ2: =VLOOKUP(CI2,'Axe 2 Règles de gestion'!$D$2:$F$190,3, FALSE) -> Le champ « Libellé corps/grade/emploi de détachement » est renseigné si le « Type d'organisme d'accueil » n'est pas valorisé à FPE.
A3: 22.00.00 | B3: M | C3: 44362.458 | D3: D0004 | E3: Position | F3: S0008 | G3: Détachement sortant | H3: E0101 | I3: Détachement sortant sur demande auprès d'une administration, d'un office ou d'un EP de l'Etat conduisant à pension | J3: Position administrative Saisie égale à 'Détachement sortant sur demande auprès d'une administration ou d'un EP de l'Etat conduisant à pension' ET Indicateur de maintien saisi = Non | K3: A_POS_POSIAD [Saisi] = 'DET01' ET A_POS_SITPAR [Saisi] = Vide ET A_POS_INDMAI [Saisi] = '0' | L3: T0204 | M3: Détachement sortant sur demande auprès d'une administration ou d'un EP de l'Etat conduisant à pension - Demande | N3: Création Modification | O3: Indicateur de renouvellement saisi = Non ET (Indicateur de renouvellement saisi différent d'Indicateur de renouvellement avant saisi OU Indicateur de maintien saisi différent de Indicateur de maintien avant saisi) | P3: A_POS_INDREN [Saisi] = '0' ET (A_POS_INDREN [Saisi] <> A_POS_INDREN [Valeur avant saisie] OU A_POS_INDMAI [Saisi] <> A_POS_INDMAI [Valeur avant saisie]) | Q3: Titulaire ou magistrat | R3: P0001 | S3: T | T3: Général | U3: Passant | V3: 43831 | W3: 43861 | X3: DET_I_002 ET DET_I_005 ET DET_I_004 ET DET_I_006 ET DET_I_085 ET DET_I_081 ET DET_I_082 ET DET_I_083 ET DET_D_006 ET DET_D_406 ET DET_D_510 ET DET_D_910 ET DET_D_007 ET DET_D_407 ET POS_C_100 ET POS_C_004 ET POS_C_005 ET POS_C_007 ET POS_C_010 ET POS_C_012 ET POS_C_022 ET POS_C_037 ET POS_C_111 ET POS_C_431 ET POS_C_434 ET POS_C_120 ET POS_C_121 ET POS_C_435 | Y3: DET_I_002 | Z3: =VLOOKUP(Y3,'Axe 2 Règles de gestion'!$D$2:$F$190,3, FALSE) -> L'agent doit formuler une demande. | AA3: DET_I_005 | AB3: =VLOOKUP(AA3,'Axe 2 Règles de gestion'!$D$2:$F$190,3, FALSE) -> Le silence de l'administration gardé pendant 2 mois à compter de la réception de la demande de l'agent vaut acceptation. | AC3: DET_I_004 | AD3: =VLOOKUP(AC3,'Axe 2 Règles de gestion'!$D$2:$F$190,3, FALSE) -> Suite à accord de l'organisme d'accueil, le refus par l'administration d'origine est possible pour nécessité de service ou suite à un avis d'incompatibilité de la commission de déontologie. | AE3: DET_I_006 | AF3: =VLOOKUP(AE3,'Axe 2 Règles de gestion'!$D$2:$F$190,3, FALSE) -> Un préavis, d'un délai maximal de 3 mois, peut être exigé par l'administration d'origine. | AG3: DET_I_085 | AH3: =VLOOKUP(AG3,'Axe 2 Règles de gestion'!$D$2:$F$190,3, FALSE) -> L'agent nommé dans un emploi de direction est placé en position de détachement. | AI3: DET_I_081 | AJ3: =VLOOKUP(AI3,'Axe 2 Règles de gestion'!$D$2:$F$190,3, FALSE) -> Le détachement sur un emploi de direction comporte une période probatoire d'une durée maximale de 6 mois. | AK3: DET_I_082 | AL3: =VLOOKUP(AK3,'Axe 2 Règles de gestion'!$D$2:$F$190,3, FALSE) -> Au cours de la période probatoire, l'autorité de recrutement, sur proposition de l'autorité dont relève l'emploi de direction, peut mettre fin au détachement pour tout motif et à tout moment, sans préavis ni indemnité. | AM3: DET_I_083 | AN3: =VLOOKUP(AM3,'Axe 2 Règles de gestion'!$D$2:$F$190,3, FALSE) -> Cette décision de fin du détachement pendant la période probatoire ne peut intervenir qu'à l'issue d'un entretien préalable et doit être notifiée à l'agent sur emploi de direction. | AW3: DET_D_006 | AX3: =VLOOKUP(AW3,'Axe 2 Règles de gestion'!$D$2:$F$190,3, FALSE) -> Un détachement de courte durée ne peut excéder six mois entre la date de début et la date de fin prévisionnelle | AY3: DET_D_406 | AZ3: =VLOOKUP(AY3,'Axe 2 Règles de gestion'!$D$2:$F$190,3, FALSE) -> Un détachement de courte durée ne peut excéder six mois entre la date de début et la date de fin réelle | BA3: DET_D_510 | BB3: =VLOOKUP(BA3,'Axe 2 Règles de gestion'!$D$2:$F$190,3, FALSE) -> Un détachement de courte durée ne peut excéder 1 an entre la date de début et la date de fin prévisionnelle, pour les personnels détachés pour servir dans les collectivités d'outre-mer, la Nouvelle-Calédonie ou à l'étranger. | BC3: DET_D_910 | BD3: =VLOOKUP(BC3,'Axe 2 Règles de gestion'!$D$2:$F$190,3, FALSE) -> Un détachement de courte durée ne peut excéder 1 an entre la date de début et la date de fin réelle, pour les personnels détachés pour servir dans les collectivités d'outre-mer, la Nouvelle-Calédonie ou à l'étranger. | BE3: DET_D_007 | BF3: =VLOOKUP(BE3,'Axe 2 Règles de gestion'!$D$2:$F$190,3, FALSE) -> Chaque période de détachement de longue durée ne peut excéder 5 ans entre la date de début et la date de fin prévisionnelle. | BG3: DET_D_407 | BH3: =VLOOKUP(BG3,'Axe 2 Règles de gestion'!$D$2:$F$190,3, FALSE) -> Chaque période de détachement de longue durée ne peut excéder 5 ans entre la date de début et la date de fin réelle. | BM3: POS_C_100 | BN3: =VLOOKUP(BM3,'Axe 2 Règles de gestion'!$D$2:$F$190,3, FALSE) -> Lors de la demande initiale, l'agent doit être en activité. | BO3: POS_C_004 | BP3: =VLOOKUP(BO3,'Axe 2 Règles de gestion'!$D$2:$F$190,3, FALSE) -> La date de début de position doit être antérieure ou égale à la date de fin prévisionnelle de position. | BQ3: POS_C_005 | BR3: =VLOOKUP(BQ3,'Axe 2 Règles de gestion'!$D$2:$F$190,3, FALSE) -> La date de début de la position doit être postérieure ou égale à la date d'entrée dans la FPE ou dans la carrière militaire. | BS3: POS_C_007 | BT3: =VLOOKUP(BS3,'Axe 2 Règles de gestion'!$D$2:$F$190,3, FALSE) -> La date de fin réelle de la position doit être antérieure à la date limite de départ à la retraite. | BU3: POS_C_010 | BV3: =VLOOKUP(BU3,'Axe 2 Règles de gestion'!$D$2:$F$190,3, FALSE) -> La date de début de position doit être antérieure ou égale à la date de fin réelle de position. | BW3: POS_C_012 | BX3: =VLOOKUP(BW3,'Axe 2 Règles de gestion'!$D$2:$F$190,3, FALSE) -> La date de fin prévisionnelle de la position doit être antérieure à la date limite de départ à la retraite. | BY3: POS_C_022 | BZ3: =VLOOKUP(BY3,'Axe 2 Règles de gestion'!$D$2:$F$190,3, FALSE) -> La date de début de position est à J+1 de la date de fin de position de l'occurrence précédente. | CA3: POS_C_037 | CB3: =VLOOKUP(CA3,'Axe 2 Règles de gestion'!$D$2:$F$190,3, FALSE) -> Les champs "Type d'organisme d'accueil" et "Pays" de l'organisme d'accueil doivent être renseignés. | CC3: POS_C_111 | CD3: =VLOOKUP(CC3,'Axe 2 Règles de gestion'!$D$2:$F$190,3, FALSE) -> La date de fin ou la date de fin prévisionnelle doit être saisie. | CE3: POS_C_431 | CF3: =VLOOKUP(CE3,'Axe 2 Règles de gestion'!$D$2:$F$190,3, FALSE) -> Les champs "Ministère (ou institution de la République) d'accueil", "Corps d'accueil en détachement" et "Grade d'accueil en détachement" ou "Ministère (ou institution de la République) d'accueil", "Emploi fonctionnel d'accueil en détachement" et "Groupe dans un emploi fonctionnel d'accueil" sont renseignés si le "Type d'organisme d'accueil" est valorisé à FPE. | CG3: POS_C_434 | CH3: =VLOOKUP(CG3,'Axe 2 Règles de gestion'!$D$2:$F$190,3, FALSE) -> Le champ "Organisme d'accueil" doit être alimenté si le type d'organisme d'accueil est égal à 'Autre organisme', 'Fonction publique d'un état de l'Union Européenne' ou 'Fonction publique Européenne'. | CI3: POS_C_120 | CJ3: =VLOOKUP(CI3,'Axe 2 Règles de gestion'!$D$2:$F$190,3, FALSE) -> La saisie d'une occurrence de congés/absences est interdite (date de fin réelle) | CK3: POS_C_121 | CL3: =VLOOKUP(CK3,'Axe 2 Règles de gestion'!$D$2:$F$190,3, FALSE) -> La saisie d'une occurrence de congés/absences est interdite (date de fin prévisionnelle) | CM3: POS_C_435 | CN3: =VLOOKUP(CM3,'Axe 2 Règles de gestion'!$D$2:$F$190,3, FALSE) -> Le champ « Libellé corps/grade/emploi de détachement » est renseigné si le « Type d'organisme d'accueil » n'est pas valorisé à FPE.
A4: 25.00.00 | B4: M | C4: 45807.419 | D4: D0004 | E4: Position | F4: S0008 | G4: Détachement sortant | H4: E0101 | I4: Détachement sortant sur demande auprès d'une administration, d'un office ou d'un EP de l'Etat conduisant à pension | J4: Position administrative Saisie égale à 'Détachement sortant sur demande auprès d'une administration ou d'un EP de l'Etat conduisant à pension' ET Indicateur de maintien saisi = Non | K4: A_POS_POSIAD [Saisi] = 'DET01' ET A_POS_SITPAR [Saisi] = Vide ET A_POS_INDMAI [Saisi] = '0' | L4: T0204 | M4: Détachement sortant sur demande auprès d'une administration ou d'un EP de l'Etat conduisant à pension - Demande | N4: Création Modification | O4: Indicateur de renouvellement saisi = Non ET (Indicateur de renouvellement saisi différent d'Indicateur de renouvellement avant saisi OU Indicateur de maintien saisi différent de Indicateur de maintien avant saisi) | P4: A_POS_INDREN [Saisi] = '0' ET (A_POS_INDREN [Saisi] <> A_POS_INDREN [Valeur avant saisie] OU A_POS_INDMAI [Saisi] <> A_POS_INDMAI [Valeur avant saisie]) | Q4: Titulaire ou magistrat | R4: P0001 | S4: T | T4: Général | U4: Passant | V4: 43862 | X4: DET_I_002 ET DET_I_005 ET DET_I_436 ET DET_I_006 ET DET_I_085 ET DET_I_081 ET DET_I_082 ET DET_I_083 ET DET_I_200 ET DET_I_201 ET DET_I_202 ET DET_I_203 ET DET_D_006 ET DET_D_406 ET DET_D_510 ET DET_D_910 ET DET_D_007 ET DET_D_407 ET POS_C_100 ET POS_C_004 ET POS_C_005 ET POS_C_007 ET POS_C_010 ET POS_C_012 ET POS_C_022 ET POS_C_037 ET POS_C_111 ET POS_C_431 ET POS_C_434 ET POS_C_120 ET POS_C_121 ET POS_C_435 | Y4: DET_I_002 | Z4: =VLOOKUP(Y4,'Axe 2 Règles de gestion'!$D$2:$F$190,3, FALSE) -> L'agent doit formuler une demande. | AA4: DET_I_005 | AB4: =VLOOKUP(AA4,'Axe 2 Règles de gestion'!$D$2:$F$190,3, FALSE) -> Le silence de l'administration gardé pendant 2 mois à compter de la réception de la demande de l'agent vaut acceptation. | AC4: DET_I_436 | AD4: =VLOOKUP(AC4,'Axe 2 Règles de gestion'!$D$2:$F$190,3, FALSE) -> Suite à accord de l'organisme d'accueil, le refus par l'administration d'origine est possible pour nécessité de service ou suite à un avis rendu par la Haute Autorité pour la transparence de la vie publique. | AE4: DET_I_006 | AF4: =VLOOKUP(AE4,'Axe 2 Règles de gestion'!$D$2:$F$190,3, FALSE) -> Un préavis, d'un délai maximal de 3 mois, peut être exigé par l'administration d'origine. | AG4: DET_I_085 | AH4: =VLOOKUP(AG4,'Axe 2 Règles de gestion'!$D$2:$F$190,3, FALSE) -> L'agent nommé dans un emploi de direction est placé en position de détachement. | AI4: DET_I_081 | AJ4: =VLOOKUP(AI4,'Axe 2 Règles de gestion'!$D$2:$F$190,3, FALSE) -> Le détachement sur un emploi de direction comporte une période probatoire d'une durée maximale de 6 mois. | AK4: DET_I_082 | AL4: =VLOOKUP(AK4,'Axe 2 Règles de gestion'!$D$2:$F$190,3, FALSE) -> Au cours de la période probatoire, l'autorité de recrutement, sur proposition de l'autorité dont relève l'emploi de direction, peut mettre fin au détachement pour tout motif et à tout moment, sans préavis ni indemnité. | AM4: DET_I_083 | AN4: =VLOOKUP(AM4,'Axe 2 Règles de gestion'!$D$2:$F$190,3, FALSE) -> Cette décision de fin du détachement pendant la période probatoire ne peut intervenir qu'à l'issue d'un entretien préalable et doit être notifiée à l'agent sur emploi de direction. | AO4: DET_I_200 | AP4: =VLOOKUP(AO4,'Axe 2 Règles de gestion'!$D$2:$F$190,3, FALSE) -> L'agent peut être détaché dans un corps ou un cadre d'emplois de même catégorie et de niveau comparable à celui de son corps ou cadre d'emplois d'origine. | AQ4: DET_I_201 | AR4: =VLOOKUP(AQ4,'Axe 2 Règles de gestion'!$D$2:$F$190,3, FALSE) -> Toutefois, l'agent dont au moins l'un des grades d'avancement de son corps ou cadre d'emplois est accessible par la voie d'un concours de recrutement peut être détaché dans un corps ou cadre d'emplois de niveau différent. | AS4: DET_I_202 | AT4: =VLOOKUP(AS4,'Axe 2 Règles de gestion'!$D$2:$F$190,3, FALSE) -> Lorsque le corps ou cadre d'emplois d'origine ou le corps ou cadre d'emplois d'accueil ne relève pas d'une catégorie, le détachement s'effectue entre corps et cadres d'emplois de niveau comparable. | AU4: DET_I_203 | AV4: =VLOOKUP(AU4,'Axe 2 Règles de gestion'!$D$2:$F$190,3, FALSE) -> L'agent doit détenir le titre ou le diplôme requis pour l'exercice des fonctions du corps d'accueil. | AW4: DET_D_006 | AX4: =VLOOKUP(AW4,'Axe 2 Règles de gestion'!$D$2:$F$190,3, FALSE) -> Un détachement de courte durée ne peut excéder six mois entre la date de début et la date de fin prévisionnelle | AY4: DET_D_406 | AZ4: =VLOOKUP(AY4,'Axe 2 Règles de gestion'!$D$2:$F$190,3, FALSE) -> Un détachement de courte durée ne peut excéder six mois entre la date de début et la date de fin réelle | BA4: DET_D_510 | BB4: =VLOOKUP(BA4,'Axe 2 Règles de gestion'!$D$2:$F$190,3, FALSE) -> Un détachement de courte durée ne peut excéder 1 an entre la date de début et la date de fin prévisionnelle, pour les personnels détachés pour servir dans les collectivités d'outre-mer, la Nouvelle-Calédonie ou à l'étranger. | BC4: DET_D_910 | BD4: =VLOOKUP(BC4,'Axe 2 Règles de gestion'!$D$2:$F$190,3, FALSE) -> Un détachement de courte durée ne peut excéder 1 an entre la date de début et la date de fin réelle, pour les personnels détachés pour servir dans les collectivités d'outre-mer, la Nouvelle-Calédonie ou à l'étranger. | BE4: DET_D_007 | BF4: =VLOOKUP(BE4,'Axe 2 Règles de gestion'!$D$2:$F$190,3, FALSE) -> Chaque période de détachement de longue durée ne peut excéder 5 ans entre la date de début et la date de fin prévisionnelle. | BG4: DET_D_407 | BH4: =VLOOKUP(BG4,'Axe 2 Règles de gestion'!$D$2:$F$190,3, FALSE) -> Chaque période de détachement de longue durée ne peut excéder 5 ans entre la date de début et la date de fin réelle. | BM4: POS_C_100 | BN4: =VLOOKUP(BM4,'Axe 2 Règles de gestion'!$D$2:$F$190,3, FALSE) -> Lors de la demande initiale, l'agent doit être en activité. | BO4: POS_C_004 | BP4: =VLOOKUP(BO4,'Axe 2 Règles de gestion'!$D$2:$F$190,3, FALSE) -> La date de début de position doit être antérieure ou égale à la date de fin prévisionnelle de position. | BQ4: POS_C_005 | BR4: =VLOOKUP(BQ4,'Axe 2 Règles de gestion'!$D$2:$F$190,3, FALSE) -> La date de début de la position doit être postérieure ou égale à la date d'entrée dans la FPE ou dans la carrière militaire. | BS4: POS_C_007 | BT4: =VLOOKUP(BS4,'Axe 2 Règles de gestion'!$D$2:$F$190,3, FALSE) -> La date de fin réelle de la position doit être antérieure à la date limite de départ à la retraite. | BU4: POS_C_010 | BV4: =VLOOKUP(BU4,'Axe 2 Règles de gestion'!$D$2:$F$190,3, FALSE) -> La date de début de position doit être antérieure ou égale à la date de fin réelle de position. | BW4: POS_C_012 | BX4: =VLOOKUP(BW4,'Axe 2 Règles de gestion'!$D$2:$F$190,3, FALSE) -> La date de fin prévisionnelle de la position doit être antérieure à la date limite de départ à la retraite. | BY4: POS_C_022 | BZ4: =VLOOKUP(BY4,'Axe 2 Règles de gestion'!$D$2:$F$190,3, FALSE) -> La date de début de position est à J+1 de la date de fin de position de l'occurrence précédente. | CA4: POS_C_037 | CB4: =VLOOKUP(CA4,'Axe 2 Règles de gestion'!$D$2:$F$190,3, FALSE) -> Les champs "Type d'organisme d'accueil" et "Pays" de l'organisme d'accueil doivent être renseignés. | CC4: POS_C_111 | CD4: =VLOOKUP(CC4,'Axe 2 Règles de gestion'!$D$2:$F$190,3, FALSE) -> La date de fin ou la date de fin prévisionnelle doit être saisie. | CE4: POS_C_431 | CF4: =VLOOKUP(CE4,'Axe 2 Règles de gestion'!$D$2:$F$190,3, FALSE) -> Les champs "Ministère (ou institution de la République) d'accueil", "Corps d'accueil en détachement" et "Grade d'accueil en détachement" ou "Ministère (ou institution de la République) d'accueil", "Emploi fonctionnel d'accueil en détachement" et "Groupe dans un emploi fonctionnel d'accueil" sont renseignés si le "Type d'organisme d'accueil" est valorisé à FPE. | CG4: POS_C_434 | CH4: =VLOOKUP(CG4,'Axe 2 Règles de gestion'!$D$2:$F$190,3, FALSE) -> Le champ "Organisme d'accueil" doit être alimenté si le type d'organisme d'accueil est égal à 'Autre organisme', 'Fonction publique d'un état de l'Union Européenne' ou 'Fonction publique Européenne'. | CI4: POS_C_120 | CJ4: =VLOOKUP(CI4,'Axe 2 Règles de gestion'!$D$2:$F$190,3, FALSE) -> La saisie d'une occurrence de congés/absences est interdite (date de fin réelle) | CK4: POS_C_121 | CL4: =VLOOKUP(CK4,'Axe 2 Règles de gestion'!$D$2:$F$190,3, FALSE) -> La saisie d'une occurrence de congés/absences est interdite (date de fin prévisionnelle) | CM4: POS_C_435 | CN4: =VLOOKUP(CM4,'Axe 2 Règles de gestion'!$D$2:$F$190,3, FALSE) -> Le champ « Libellé corps/grade/emploi de détachement » est renseigné si le « Type d'organisme d'accueil » n'est pas valorisé à FPE.
A5: 21.00.00 | B5: M | C5: 44358.708 | D5: D0004 | E5: Position | F5: S0008 | G5: Détachement sortant | H5: E0101 | I5: Détachement sortant sur demande auprès d'une administration, d'un office ou d'un EP de l'Etat conduisant à pension | J5: Position administrative Saisie égale à 'Détachement sortant sur demande auprès d'une administration ou d'un EP de l'Etat conduisant à pension' ET Indicateur de maintien saisi = Non | K5: A_POS_POSIAD [Saisi] = 'DET01' ET A_POS_SITPAR [Saisi] = Vide ET A_POS_INDMAI [Saisi] = '0' | L5: T0205 | M5: Détachement sortant sur demande auprès d'une administration ou d'un EP de l'Etat conduisant à pension - Renouvellement | N5: Création Modification | O5: Indicateur de renouvellement saisi = Oui ET (Indicateur de renouvellement saisi différent d'Indicateur de renouvellement avant saisi OU Indicateur de maintien saisi différent de Indicateur de maintien avant saisi) | P5: A_POS_INDREN [Saisi] = '1' ET (A_POS_INDREN [Saisi] <> A_POS_INDREN [Valeur avant saisie] OU A_POS_INDMAI [Saisi] <> A_POS_INDMAI [Valeur avant saisie]) | Q5: Titulaire ou magistrat | R5: P0001 | S5: T | T5: Général | U5: Passant | V5: 40725 | W5: 43830 | X5: DET_I_009 ET DET_I_007 ET DET_I_011 ET DET_D_007 ET DET_D_407 ET DET_D_504 ET POS_C_004 ET POS_C_005 ET POS_C_007 ET POS_C_010 ET POS_C_012 ET POS_C_022 ET POS_C_037 ET POS_C_111 ET POS_C_431 ET POS_C_434 ET POS_C_435 | Y5: DET_I_009 | Z5: =VLOOKUP(Y5,'Axe 2 Règles de gestion'!$D$2:$F$190,3, FALSE) -> L'agent doit formuler une demande de renouvellement à son administration d'origine 3 mois au moins avant l'expiration de la période de détachement de longue durée. | AA5: DET_I_007 | AB5: =VLOOKUP(AA5,'Axe 2 Règles de gestion'!$D$2:$F$190,3, FALSE) -> Le détachement est accordé après avis des commissions administratives paritaires compétentes. | AC5: DET_I_011 | AD5: =VLOOKUP(AC5,'Axe 2 Règles de gestion'!$D$2:$F$190,3, FALSE) -> L'organisme d'accueil adresse sa décision à l'agent et à l'administration d'origine 2 mois au moins avant l'expiration de la période de détachement. | AW5: DET_D_007 | AX5: =VLOOKUP(AW5,'Axe 2 Règles de gestion'!$D$2:$F$190,3, FALSE) -> Chaque période de détachement de longue durée ne peut excéder 5 ans entre la date de début et la date de fin prévisionnelle. | AY5: DET_D_407 | AZ5: =VLOOKUP(AY5,'Axe 2 Règles de gestion'!$D$2:$F$190,3, FALSE) -> Chaque période de détachement de longue durée ne peut excéder 5 ans entre la date de début et la date de fin réelle. | BA5: DET_D_504 | BB5: =VLOOKUP(BA5,'Axe 2 Règles de gestion'!$D$2:$F$190,3, FALSE) -> Le renouvellement d'un détachement de courte durée est interdit. | BM5: POS_C_004 | BN5: =VLOOKUP(BM5,'Axe 2 Règles de gestion'!$D$2:$F$190,3, FALSE) -> La date de début de position doit être antérieure ou égale à la date de fin prévisionnelle de position. | BO5: POS_C_005 | BP5: =VLOOKUP(BO5,'Axe 2 Règles de gestion'!$D$2:$F$190,3, FALSE) -> La date de début de la position doit être postérieure ou égale à la date d'entrée dans la FPE ou dans la carrière militaire. | BQ5: POS_C_007 | BR5: =VLOOKUP(BQ5,'Axe 2 Règles de gestion'!$D$2:$F$190,3, FALSE) -> La date de fin réelle de la position doit être antérieure à la date limite de départ à la retraite. | BS5: POS_C_010 | BT5: =VLOOKUP(BS5,'Axe 2 Règles de gestion'!$D$2:$F$190,3, FALSE) -> La date de début de position doit être antérieure ou égale à la date de fin réelle de position. | BU5: POS_C_012 | BV5: =VLOOKUP(BU5,'Axe 2 Règles de gestion'!$D$2:$F$190,3, FALSE) -> La date de fin prévisionnelle de la position doit être antérieure à la date limite de départ à la retraite. | BW5: POS_C_022 | BX5: =VLOOKUP(BW5,'Axe 2 Règles de gestion'!$D$2:$F$190,3, FALSE) -> La date de début de position est à J+1 de la date de fin de position de l'occurrence précédente. | BY5: POS_C_037 | BZ5: =VLOOKUP(BY5,'Axe 2 Règles de gestion'!$D$2:$F$190,3, FALSE) -> Les champs "Type d'organisme d'accueil" et "Pays" de l'organisme d'accueil doivent être renseignés. | CA5: POS_C_111 | CB5: =VLOOKUP(CA5,'Axe 2 Règles de gestion'!$D$2:$F$190,3, FALSE) -> La date de fin ou la date de fin prévisionnelle doit être saisie. | CC5: POS_C_431 | CD5: =VLOOKUP(CC5,'Axe 2 Règles de gestion'!$D$2:$F$190,3, FALSE) -> Les champs "Ministère (ou institution de la République) d'accueil", "Corps d'accueil en détachement" et "Grade d'accueil en détachement" ou "Ministère (ou institution de la République) d'accueil", "Emploi fonctionnel d'accueil en détachement" et "Groupe dans un emploi fonctionnel d'accueil" sont renseignés si le "Type d'organisme d'accueil" est valorisé à FPE. | CE5: POS_C_434 | CF5: =VLOOKUP(CE5,'Axe 2 Règles de gestion'!$D$2:$F$190,3, FALSE) -> Le champ "Organisme d'accueil" doit être alimenté si le type d'organisme d'accueil est égal à 'Autre organisme', 'Fonction publique d'un état de l'Union Européenne' ou 'Fonction publique Européenne'. | CG5: POS_C_435 | CH5: =VLOOKUP(CG5,'Axe 2 Règles de gestion'!$D$2:$F$190,3, FALSE) -> Le champ « Libellé corps/grade/emploi de détachement » est renseigné si le « Type d'organisme d'accueil » n'est pas valorisé à FPE.
A6: 21.00.00 | B6: M | C6: 44362.46 | D6: D0004 | E6: Position | F6: S0008 | G6: Détachement sortant | H6: E0101 | I6: Détachement sortant sur demande auprès d'une administration, d'un office ou d'un EP de l'Etat conduisant à pension | J6: Position administrative Saisie égale à 'Détachement sortant sur demande auprès d'une administration ou d'un EP de l'Etat conduisant à pension' ET Indicateur de maintien saisi = Non | K6: A_POS_POSIAD [Saisi] = 'DET01' ET A_POS_SITPAR [Saisi] = Vide ET A_POS_INDMAI [Saisi] = '0' | L6: T0205 | M6: Détachement sortant sur demande auprès d'une administration ou d'un EP de l'Etat conduisant à pension - Renouvellement | N6: Création Modification | O6: Indicateur de renouvellement saisi = Oui ET (Indicateur de renouvellement saisi différent d'Indicateur de renouvellement avant saisi OU Indicateur de maintien saisi différent de Indicateur de maintien avant saisi) | P6: A_POS_INDREN [Saisi] = '1' ET (A_POS_INDREN [Saisi] <> A_POS_INDREN [Valeur avant saisie] OU A_POS_INDMAI [Saisi] <> A_POS_INDMAI [Valeur avant saisie]) | Q6: Titulaire ou magistrat | R6: P0001 | S6: T | T6: Général | U6: Passant | V6: 43831 | X6: DET_I_009 ET DET_I_011 ET DET_I_079 ET DET_I_080 ET DET_I_084 ET DET_D_007 ET DET_D_407 ET DET_D_504 ET POS_C_004 ET POS_C_005 ET POS_C_007 ET POS_C_010 ET POS_C_012 ET POS_C_022 ET POS_C_037 ET POS_C_111 ET POS_C_431 ET POS_C_434 ET POS_C_120 ET POS_C_121 ET POS_C_435 | Y6: DET_I_009 | Z6: =VLOOKUP(Y6,'Axe 2 Règles de gestion'!$D$2:$F$190,3, FALSE) -> L'agent doit formuler une demande de renouvellement à son administration d'origine 3 mois au moins avant l'expiration de la période de détachement de longue durée. | AA6: DET_I_011 | AB6: =VLOOKUP(AA6,'Axe 2 Règles de gestion'!$D$2:$F$190,3, FALSE) -> L'organisme d'accueil adresse sa décision à l'agent et à l'administration d'origine 2 mois au moins avant l'expiration de la période de détachement. | AC6: DET_I_079 | AD6: =VLOOKUP(AC6,'Axe 2 Règles de gestion'!$D$2:$F$190,3, FALSE) -> L'agent peut demander à être reconduit dans ses fonctions 3 mois au moins avant le terme de son détachement sur un emploi de direction. | AE6: DET_I_080 | AF6: =VLOOKUP(AE6,'Axe 2 Règles de gestion'!$D$2:$F$190,3, FALSE) -> Au moins 2 mois avant le terme de son détachement, l'autorité dont relève l'emploi de direction notifie sa décision à l'agent. | AG6: DET_I_084 | AH6: =VLOOKUP(AG6,'Axe 2 Règles de gestion'!$D$2:$F$190,3, FALSE) -> La période probatoire ne s'applique pas en cas de reconduction de l'agent dans le même emploi de direction. | AW6: DET_D_007 | AX6: =VLOOKUP(AW6,'Axe 2 Règles de gestion'!$D$2:$F$190,3, FALSE) -> Chaque période de détachement de longue durée ne peut excéder 5 ans entre la date de début et la date de fin prévisionnelle. | AY6: DET_D_407 | AZ6: =VLOOKUP(AY6,'Axe 2 Règles de gestion'!$D$2:$F$190,3, FALSE) -> Chaque période de détachement de longue durée ne peut excéder 5 ans entre la date de début et la date de fin réelle. | BA6: DET_D_504 | BB6: =VLOOKUP(BA6,'Axe 2 Règles de gestion'!$D$2:$F$190,3, FALSE) -> Le renouvellement d'un détachement de courte durée est interdit. | BM6: POS_C_004 | BN6: =VLOOKUP(BM6,'Axe 2 Règles de gestion'!$D$2:$F$190,3, FALSE) -> La date de début de position doit être antérieure ou égale à la date de fin prévisionnelle de position. | BO6: POS_C_005 | BP6: =VLOOKUP(BO6,'Axe 2 Règles de gestion'!$D$2:$F$190,3, FALSE) -> La date de début de la position doit être postérieure ou égale à la date d'entrée dans la FPE ou dans la carrière militaire. | BQ6: POS_C_007 | BR6: =VLOOKUP(BQ6,'Axe 2 Règles de gestion'!$D$2:$F$190,3, FALSE) -> La date de fin réelle de la position doit être antérieure à la date limite de départ à la retraite. | BS6: POS_C_010 | BT6: =VLOOKUP(BS6,'Axe 2 Règles de gestion'!$D$2:$F$190,3, FALSE) -> La date de début de position doit être antérieure ou égale à la date de fin réelle de position. | BU6: POS_C_012 | BV6: =VLOOKUP(BU6,'Axe 2 Règles de gestion'!$D$2:$F$190,3, FALSE) -> La date de fin prévisionnelle de la position doit être antérieure à la date limite de départ à la retraite. | BW6: POS_C_022 | BX6: =VLOOKUP(BW6,'Axe 2 Règles de gestion'!$D$2:$F$190,3, FALSE) -> La date de début de position est à J+1 de la date de fin de position de l'occurrence précédente. | BY6: POS_C_037 | BZ6: =VLOOKUP(BY6,'Axe 2 Règles de gestion'!$D$2:$F$190,3, FALSE) -> Les champs "Type d'organisme d'accueil" et "Pays" de l'organisme d'accueil doivent être renseignés. | CA6: POS_C_111 | CB6: =VLOOKUP(CA6,'Axe 2 Règles de gestion'!$D$2:$F$190,3, FALSE) -> La date de fin ou la date de fin prévisionnelle doit être saisie. | CC6: POS_C_431 | CD6: =VLOOKUP(CC6,'Axe 2 Règles de gestion'!$D$2:$F$190,3, FALSE) -> Les champs "Ministère (ou institution de la République) d'accueil", "Corps d'accueil en détachement" et "Grade d'accueil en détachement" ou "Ministère (ou institution de la République) d'accueil", "Emploi fonctionnel d'accueil en détachement" et "Groupe dans un emploi fonctionnel d'accueil" sont renseignés si le "Type d'organisme d'accueil" est valorisé à FPE. | CE6: POS_C_434 | CF6: =VLOOKUP(CE6,'Axe 2 Règles de gestion'!$D$2:$F$190,3, FALSE) -> Le champ "Organisme d'accueil" doit être alimenté si le type d'organisme d'accueil est égal à 'Autre organisme', 'Fonction publique d'un état de l'Union Européenne' ou 'Fonction publique Européenne'. | CG6: POS_C_120 | CH6: =VLOOKUP(CG6,'Axe 2 Règles de gestion'!$D$2:$F$190,3, FALSE) -> La saisie d'une occurrence de congés/absences est interdite (date de fin réelle) | CI6: POS_C_121 | CJ6: =VLOOKUP(CI6,'Axe 2 Règles de gestion'!$D$2:$F$190,3, FALSE) -> La saisie d'une occurrence de congés/absences est interdite (date de fin prévisionnelle) | CK6: POS_C_435 | CL6: =VLOOKUP(CK6,'Axe 2 Règles de gestion'!$D$2:$F$190,3, FALSE) -> Le champ « Libellé corps/grade/emploi de détachement » est renseigné si le « Type d'organisme d'accueil » n'est pas valorisé à FPE.
A7: 21.00.00 | B7: M | C7: 44362.463 | D7: D0004 | E7: Position | F7: S0008 | G7: Détachement sortant | H7: E0101 | I7: Détachement sortant sur demande auprès d'une administration, d'un office ou d'un EP de l'Etat conduisant à pension | J7: Position administrative Saisie égale à 'Détachement sortant sur demande auprès d'une administration ou d'un EP de l'Etat conduisant à pension' ET Indicateur de maintien saisi = Non | K7: A_POS_POSIAD [Saisi] = 'DET01' ET A_POS_SITPAR [Saisi] = Vide ET A_POS_INDMAI [Saisi] = '0' | L7: T0206 | M7: Détachement sortant sur demande auprès d'une administration ou d'un EP de l'Etat conduisant à pension - Réintégration | N7: Modification | O7: Indicateur de renouvellement saisi identique à Indicateur de renouvellement avant saisi ET Indicateur de maintien saisi identique à Indicateur de maintien avant saisi | P7: A_POS_INDREN [Saisi] = A_POS_INDREN [Valeur avant saisie] ET A_POS_INDMAI [Saisi] = A_POS_INDMAI [Valeur avant saisie] | Q7: Titulaire ou magistrat | R7: P0001 | S7: T | T7: Général | U7: Passant | V7: 40725 | X7: DET_I_044 ET DET_I_046 ET DET_I_042 ET DET_I_038 ET DET_I_040 ET DET_I_039 ET DET_D_006 ET DET_D_406 ET DET_D_510 ET DET_D_910 ET DET_D_007 ET DET_D_407 ET POS_C_004 ET POS_C_007 ET POS_C_010 ET POS_C_012 ET POS_C_037 ET POS_C_111 ET POS_C_431 ET POS_C_434 ET POS_C_120 ET POS_C_121 ET POS_C_435 | Y7: DET_I_044 | Z7: =VLOOKUP(Y7,'Axe 2 Règles de gestion'!$D$2:$F$190,3, FALSE) -> En cas de réintégration anticipée à l'initiative de l'agent, si l'administration d'origine ne peut pas réintégrer l'agent immédiatement, l'agent est placé en disponibilité jusqu'à ce qu'il soit réintégré à l'une des 3 premières vacances dans son grade. | AA7: DET_I_046 | AB7: =VLOOKUP(AA7,'Axe 2 Règles de gestion'!$D$2:$F$190,3, FALSE) -> En cas de réintégration anticipée à l'initiative de l'agent, s'il refuse successivement 3 postes, il peut être licencié après avis de la commission administrative paritaire. Il est maintenu en disponibilité entre chaque proposition. | AC7: DET_I_042 | AD7: =VLOOKUP(AC7,'Axe 2 Règles de gestion'!$D$2:$F$190,3, FALSE) -> En cas de réintégration anticipée à l'initiative de l'organisme d'accueil, si l'administration d'origine ne peut pas réintégrer l'agent immédiatement, il reste en détachement jusqu'à ce qu'il soit réintégré à la première vacance. | AE7: DET_I_038 | AF7: =VLOOKUP(AE7,'Axe 2 Règles de gestion'!$D$2:$F$190,3, FALSE) -> L'agent doit adresser une demande de réintégration à l'administration d'origine 3 mois au moins avant l'expiration de la période de détachement de longue durée. | AG7: DET_I_040 | AH7: =VLOOKUP(AG7,'Axe 2 Règles de gestion'!$D$2:$F$190,3, FALSE) -> En l'absence de poste vacant, l'agent est affecté dans un emploi correspondant à son grade. | AI7: DET_I_039 | AJ7: =VLOOKUP(AI7,'Axe 2 Règles de gestion'!$D$2:$F$190,3, FALSE) -> Si l'agent n'adresse pas sa demande dans les délais, il est obligatoirement réintégré à la première vacance dans son corps d'origine et affecté à un emploi correspondant à son grade. | AW7: DET_D_006 | AX7: =VLOOKUP(AW7,'Axe 2 Règles de gestion'!$D$2:$F$190,3, FALSE) -> Un détachement de courte durée ne peut excéder six mois entre la date de début et la date de fin prévisionnelle | AY7: DET_D_406 | AZ7: =VLOOKUP(AY7,'Axe 2 Règles de gestion'!$D$2:$F$190,3, FALSE) -> Un détachement de courte durée ne peut excéder six mois entre la date de début et la date de fin réelle | BA7: DET_D_510 | BB7: =VLOOKUP(BA7,'Axe 2 Règles de gestion'!$D$2:$F$190,3, FALSE) -> Un détachement de courte durée ne peut excéder 1 an entre la date de début et la date de fin prévisionnelle, pour les personnels détachés pour servir dans les collectivités d'outre-mer, la Nouvelle-Calédonie ou à l'étranger. | BC7: DET_D_910 | BD7: =VLOOKUP(BC7,'Axe 2 Règles de gestion'!$D$2:$F$190,3, FALSE) -> Un détachement de courte durée ne peut excéder 1 an entre la date de début et la date de fin réelle, pour les personnels détachés pour servir dans les collectivités d'outre-mer, la Nouvelle-Calédonie ou à l'étranger. | BE7: DET_D_007 | BF7: =VLOOKUP(BE7,'Axe 2 Règles de gestion'!$D$2:$F$190,3, FALSE) -> Chaque période de détachement de longue durée ne peut excéder 5 ans entre la date de début et la date de fin prévisionnelle. | BG7: DET_D_407 | BH7: =VLOOKUP(BG7,'Axe 2 Règles de gestion'!$D$2:$F$190,3, FALSE) -> Chaque période de détachement de longue durée ne peut excéder 5 ans entre la date de début et la date de fin réelle. | BM7: POS_C_004 | BN7: =VLOOKUP(BM7,'Axe 2 Règles de gestion'!$D$2:$F$190,3, FALSE) -> La date de début de position doit être antérieure ou égale à la date de fin prévisionnelle de position. | BO7: POS_C_007 | BP7: =VLOOKUP(BO7,'Axe 2 Règles de gestion'!$D$2:$F$190,3, FALSE) -> La date de fin réelle de la position doit être antérieure à la date limite de départ à la retraite. | BQ7: POS_C_010 | BR7: =VLOOKUP(BQ7,'Axe 2 Règles de gestion'!$D$2:$F$190,3, FALSE) -> La date de début de position doit être antérieure ou égale à la date de fin réelle de position. | BS7: POS_C_012 | BT7: =VLOOKUP(BS7,'Axe 2 Règles de gestion'!$D$2:$F$190,3, FALSE) -> La date de fin prévisionnelle de la position doit être antérieure à la date limite de départ à la retraite. | BU7: POS_C_037 | BV7: =VLOOKUP(BU7,'Axe 2 Règles de gestion'!$D$2:$F$190,3, FALSE) -> Les champs "Type d'organisme d'accueil" et "Pays" de l'organisme d'accueil doivent être renseignés. | BW7: POS_C_111 | BX7: =VLOOKUP(BW7,'Axe 2 Règles de gestion'!$D$2:$F$190,3, FALSE) -> La date de fin ou la date de fin prévisionnelle doit être saisie. | BY7: POS_C_431 | BZ7: =VLOOKUP(BY7,'Axe 2 Règles de gestion'!$D$2:$F$190,3, FALSE) -> Les champs "Ministère (ou institution de la République) d'accueil", "Corps d'accueil en détachement" et "Grade d'accueil en détachement" ou "Ministère (ou institution de la République) d'accueil", "Emploi fonctionnel d'accueil en détachement" et "Groupe dans un emploi fonctionnel d'accueil" sont renseignés si le "Type d'organisme d'accueil" est valorisé à FPE. | CA7: POS_C_434 | CB7: =VLOOKUP(CA7,'Axe 2 Règles de gestion'!$D$2:$F$190,3, FALSE) -> Le champ "Organisme d'accueil" doit être alimenté si le type d'organisme d'accueil est égal à 'Autre organisme', 'Fonction publique d'un état de l'Union Européenne' ou 'Fonction publique Européenne'. | CC7: POS_C_120 | CD7: =VLOOKUP(CC7,'Axe 2 Règles de gestion'!$D$2:$F$190,3, FALSE) -> La saisie d'une occurrence de congés/absences est interdite (date de fin réelle) | CE7: POS_C_121 | CF7: =VLOOKUP(CE7,'Axe 2 Règles de gestion'!$D$2:$F$190,3, FALSE) -> La saisie d'une occurrence de congés/absences est interdite (date de fin prévisionnelle) | CG7: POS_C_435 | CH7: =VLOOKUP(CG7,'Axe 2 Règles de gestion'!$D$2:$F$190,3, FALSE) -> Le champ « Libellé corps/grade/emploi de détachement » est renseigné si le « Type d'organisme d'accueil » n'est pas valorisé à FPE.
A8: 17.10.00 | B8: A | C8: 43152.5 | D8: D0004 | E8: Position | F8: S0008 | G8: Détachement sortant | H8: E0101 | I8: Détachement sortant sur demande auprès d'une administration, d'un office ou d'un EP de l'Etat conduisant à pension | J8: Position administrative Saisie égale à 'Détachement sortant sur demande auprès d'une administration ou d'un EP de l'Etat conduisant à pension' ET Indicateur de maintien saisi = Non | K8: A_POS_POSIAD [Saisi] = 'DET01' ET A_POS_SITPAR [Saisi] = Vide ET A_POS_INDMAI [Saisi] = '0' | L8: T0204 | M8: Détachement sortant sur demande auprès d'une administration ou d'un EP de l'Etat conduisant à pension - Demande | N8: Création Modification | O8: Indicateur de renouvellement saisi = Non ET (Indicateur de renouvellement saisi différent d'Indicateur de renouvellement avant saisi OU Indicateur de maintien saisi différent de Indicateur de maintien avant saisi) | P8: A_POS_INDREN [Saisi] = '0' ET (A_POS_INDREN [Saisi] <> A_POS_INDREN [Valeur avant saisie] OU A_POS_INDMAI [Saisi] <> A_POS_INDMAI [Valeur avant saisie]) | Q8: Contractuel | R8: P0003 | S8: N | T8: Général | U8: Exclu | V8: 40725
A9: 17.10.00 | B9: A | C9: 43152.5 | D9: D0004 | E9: Position | F9: S0008 | G9: Détachement sortant | H9: E0101 | I9: Détachement sortant sur demande auprès d'une administration, d'un office ou d'un EP de l'Etat conduisant à pension | J9: Position administrative Saisie égale à 'Détachement sortant sur demande auprès d'une administration ou d'un EP de l'Etat conduisant à pension' ET Indicateur de maintien saisi = Non | K9: A_POS_POSIAD [Saisi] = 'DET01' ET A_POS_SITPAR [Saisi] = Vide ET A_POS_INDMAI [Saisi] = '0' | L9: T0205 | M9: Détachement sortant sur demande auprès d'une administration ou d'un EP de l'Etat conduisant à pension - Renouvellement | N9: Création Modification | O9: Indicateur de renouvellement saisi = Oui ET (Indicateur de renouvellement saisi différent d'Indicateur de renouvellement avant saisi OU Indicateur de maintien saisi différent de Indicateur de maintien avant saisi) | P9: A_POS_INDREN [Saisi] = '1' ET (A_POS_INDREN [Saisi] <> A_POS_INDREN [Valeur avant saisie] OU A_POS_INDMAI [Saisi] <> A_POS_INDMAI [Valeur avant saisie]) | Q9: Contractuel | R9: P0003 | S9: N | T9: Général | U9: Exclu | V9: 40725
A10: 17.10.00 | B10: A | C10: 43152.5 | D10: D0004 | E10: Position | F10: S0008 | G10: Détachement sortant | H10: E0101 | I10: Détachement sortant sur demande auprès d'une administration, d'un office ou d'un EP de l'Etat conduisant à pension | J10: Position administrative Saisie égale à 'Détachement sortant sur demande auprès d'une administration ou d'un EP de l'Etat conduisant à pension' ET Indicateur de maintien saisi = Non | K10: A_POS_POSIAD [Saisi] = 'DET01' ET A_POS_SITPAR [Saisi] = Vide ET A_POS_INDMAI [Saisi] = '0' | L10: T0206 | M10: Détachement sortant sur demande auprès d'une administration ou d'un EP de l'Etat conduisant à pension - Réintégration | N10: Modification | O10: Indicateur de renouvellement saisi identique à Indicateur de renouvellement avant saisi ET Indicateur de maintien saisi identique à Indicateur de maintien avant saisi | P10: A_POS_INDREN [Saisi] = A_POS_INDREN [Valeur avant saisie] ET A_POS_INDMAI [Saisi] = A_POS_INDMAI [Valeur avant saisie] | Q10: Contractuel | R10: P0003 | S10: N | T10: Général | U10: Exclu | V10: 40725
A11: 21.00.00 | B11: A | C11: 44295.72 | D11: D0004 | E11: Position | F11: S0008 | G11: Détachement sortant | H11: E0101 | I11: Détachement sortant sur demande auprès d'une administration, d'un office ou d'un EP de l'Etat conduisant à pension | J11: Position administrative Saisie égale à 'Détachement sortant sur demande auprès d'une administration ou d'un EP de l'Etat conduisant à pension' ET Indicateur de maintien saisi = Non | K11: A_POS_POSIAD [Saisi] = 'DET01' ET A_POS_SITPAR [Saisi] = Vide ET A_POS_INDMAI [Saisi] = '0' | L11: T0204 | M11: Détachement sortant sur demande auprès d'une administration ou d'un EP de l'Etat conduisant à pension - Demande | N11: Création Modification | O11: Indicateur de renouvellement saisi = Non ET (Indicateur de renouvellement saisi différent d'Indicateur de renouvellement avant saisi OU Indicateur de maintien saisi différent de Indicateur de maintien avant saisi) | P11: A_POS_INDREN [Saisi] = '0' ET (A_POS_INDREN [Saisi] <> A_POS_INDREN [Valeur avant saisie] OU A_POS_INDMAI [Saisi] <> A_POS_INDMAI [Valeur avant saisie]) | Q11: Stagiaire ou auditeur ou élève | R11: P0004 | S11: S | T11: Général | U11: Exclu | V11: 40725
A12: 21.00.00 | B12: A | C12: 44299.432 | D12: D0004 | E12: Position | F12: S0008 | G12: Détachement sortant | H12: E0101 | I12: Détachement sortant sur demande auprès d'une administration, d'un office ou d'un EP de l'Etat conduisant à pension | J12: Position administrative Saisie égale à 'Détachement sortant sur demande auprès d'une administration ou d'un EP de l'Etat conduisant à pension' ET Indicateur de maintien saisi = Non | K12: A_POS_POSIAD [Saisi] = 'DET01' ET A_POS_SITPAR [Saisi] = Vide ET A_POS_INDMAI [Saisi] = '0' | L12: T0205 | M12: Détachement sortant sur demande auprès d'une administration ou d'un EP de l'Etat conduisant à pension - Renouvellement | N12: Création Modification | O12: Indicateur de renouvellement saisi = Oui ET (Indicateur de renouvellement saisi différent d'Indicateur de renouvellement avant saisi OU Indicateur de maintien saisi différent de Indicateur de maintien avant saisi) | P12: A_POS_INDREN [Saisi] = '1' ET (A_POS_INDREN [Saisi] <> A_POS_INDREN [Valeur avant saisie] OU A_POS_INDMAI [Saisi] <> A_POS_INDMAI [Valeur avant saisie]) | Q12: Stagiaire ou auditeur ou élève | R12: P0004 | S12: S | T12: Général | U12: Exclu | V12: 40725
A13: 21.00.00 | B13: A | C13: 44299.433 | D13: D0004 | E13: Position | F13: S0008 | G13: Détachement sortant | H13: E0101 | I13: Détachement sortant sur demande auprès d'une administration, d'un office ou d'un EP de l'Etat conduisant à pension | J13: Position administrative Saisie égale à 'Détachement sortant sur demande auprès d'une administration ou d'un EP de l'Etat conduisant à pension' ET Indicateur de maintien saisi = Non | K13: A_POS_POSIAD [Saisi] = 'DET01' ET A_POS_SITPAR [Saisi] = Vide ET A_POS_INDMAI [Saisi] = '0' | L13: T0206 | M13: Détachement sortant sur demande auprès d'une administration ou d'un EP de l'Etat conduisant à pension - Réintégration | N13: Modification | O13: Indicateur de renouvellement saisi identique à Indicateur de renouvellement avant saisi ET Indicateur de maintien saisi identique à Indicateur de maintien avant saisi | P13: A_POS_INDREN [Saisi] = A_POS_INDREN [Valeur avant saisie] ET A_POS_INDMAI [Saisi] = A_POS_INDMAI [Valeur avant saisie] | Q13: Stagiaire ou auditeur ou élève | R13: P0004 | S13: S | T13: Général | U13: Exclu | V13: 40725
A14: 17.10.00 | B14: A | C14: 43152.5 | D14: D0004 | E14: Position | F14: S0008 | G14: Détachement sortant | H14: E0101 | I14: Détachement sortant sur demande auprès d'une administration, d'un office ou d'un EP de l'Etat conduisant à pension | J14: Position administrative Saisie égale à 'Détachement sortant sur demande auprès d'une administration ou d'un EP de l'Etat conduisant à pension' ET Indicateur de maintien saisi = Non | K14: A_POS_POSIAD [Saisi] = 'DET01' ET A_POS_SITPAR [Saisi] = Vide ET A_POS_INDMAI [Saisi] = '0' | L14: T0204 | M14: Détachement sortant sur demande auprès d'une administration ou d'un EP de l'Etat conduisant à pension - Demande | N14: Création Modification | O14: Indicateur de renouvellement saisi = Non ET (Indicateur de renouvellement saisi différent d'Indicateur de renouvellement avant saisi OU Indicateur de maintien saisi différent de Indicateur de maintien avant saisi) | P14: A_POS_INDREN [Saisi] = '0' ET (A_POS_INDREN [Saisi] <> A_POS_INDREN [Valeur avant saisie] OU A_POS_INDMAI [Saisi] <> A_POS_INDMAI [Valeur avant saisie]) | Q14: Ouvrier d'état | R14: P0005 | S14: O | T14: Général | U14: Exclu | V14: 40725
A15: 17.10.00 | B15: A | C15: 43152.5 | D15: D0004 | E15: Position | F15: S0008 | G15: Détachement sortant | H15: E0101 | I15: Détachement sortant sur demande auprès d'une administration, d'un office ou d'un EP de l'Etat conduisant à pension | J15: Position administrative Saisie égale à 'Détachement sortant sur demande auprès d'une administration ou d'un EP de l'Etat conduisant à pension' ET Indicateur de maintien saisi = Non | K15: A_POS_POSIAD [Saisi] = 'DET01' ET A_POS_SITPAR [Saisi] = Vide ET A_POS_INDMAI [Saisi] = '0' | L15: T0205 | M15: Détachement sortant sur demande auprès d'une administration ou d'un EP de l'Etat conduisant à pension - Renouvellement | N15: Création Modification | O15: Indicateur de renouvellement saisi = Oui ET (Indicateur de renouvellement saisi différent d'Indicateur de renouvellement avant saisi OU Indicateur de maintien saisi différent de Indicateur de maintien avant saisi) | P15: A_POS_INDREN [Saisi] = '1' ET (A_POS_INDREN [Saisi] <> A_POS_INDREN [Valeur avant saisie] OU A_POS_INDMAI [Saisi] <> A_POS_INDMAI [Valeur avant saisie]) | Q15: Ouvrier d'état | R15: P0005 | S15: O | T15: Général | U15: Exclu | V15: 40725
A16: 17.10.00 | B16: A | C16: 43152.5 | D16: D0004 | E16: Position | F16: S0008 | G16: Détachement sortant | H16: E0101 | I16: Détachement sortant sur demande auprès d'une administration, d'un office ou d'un EP de l'Etat conduisant à pension | J16: Position administrative Saisie égale à 'Détachement sortant sur demande auprès d'une administration ou d'un EP de l'Etat conduisant à pension' ET Indicateur de maintien saisi = Non | K16: A_POS_POSIAD [Saisi] = 'DET01' ET A_POS_SITPAR [Saisi] = Vide ET A_POS_INDMAI [Saisi] = '0' | L16: T0206 | M16: Détachement sortant sur demande auprès d'une administration ou d'un EP de l'Etat conduisant à pension - Réintégration | N16: Modification | O16: Indicateur de renouvellement saisi identique à Indicateur de renouvellement avant saisi ET Indicateur de maintien saisi identique à Indicateur de maintien avant saisi | P16: A_POS_INDREN [Saisi] = A_POS_INDREN [Valeur avant saisie] ET A_POS_INDMAI [Saisi] = A_POS_INDMAI [Valeur avant saisie] | Q16: Ouvrier d'état | R16: P0005 | S16: O | T16: Général | U16: Exclu | V16: 40725
A17: 21.00.00 | B17: M | C17: 44362.459 | D17: D0004 | E17: Position | F17: S0008 | G17: Détachement sortant | H17: E0101 | I17: Détachement sortant sur demande auprès d'une administration, d'un office ou d'un EP de l'Etat conduisant à pension | J17: Position administrative Saisie égale à 'Détachement sortant sur demande auprès d'une administration ou d'un EP de l'Etat conduisant à pension' ET Indicateur de maintien saisi = Non | K17: A_POS_POSIAD [Saisi] = 'DET01' ET A_POS_SITPAR [Saisi] = Vide ET A_POS_INDMAI [Saisi] = '0' | L17: T0204 | M17: Détachement sortant sur demande auprès d'une administration ou d'un EP de l'Etat conduisant à pension - Demande | N17: Création Modification | O17: Indicateur de renouvellement saisi = Non ET (Indicateur de renouvellement saisi différent d'Indicateur de renouvellement avant saisi OU Indicateur de maintien saisi différent de Indicateur de maintien avant saisi) | P17: A_POS_INDREN [Saisi] = '0' ET (A_POS_INDREN [Saisi] <> A_POS_INDREN [Valeur avant saisie] OU A_POS_INDMAI [Saisi] <> A_POS_INDMAI [Valeur avant saisie]) | Q17: Magistrat de l'ordre judiciaire | R17: P0007 | S17: T | T17: Particulier | U17: Passant | V17: 40725 | X17: DET_I_052 ET DET_I_053 ET DET_I_054 ET DET_D_500 ET DET_D_501 ET DET_D_502 ET DET_D_503 ET DET_D_203 ET DET_D_603 ET POS_C_100 ET POS_C_004 ET POS_C_005 ET POS_C_007 ET POS_C_010 ET POS_C_012 ET POS_C_022 ET POS_C_037 ET POS_C_111 ET POS_C_431 ET POS_C_434 ET POS_C_120 ET POS_C_121 ET POS_C_435 | Y17: DET_I_052 | Z17: =VLOOKUP(Y17,'Axe 2 Règles de gestion'!$D$2:$F$190,3, FALSE) -> L'agent doit avoir accompli 4 années de services effectifs dans le corps judiciaire depuis son entrée dans la magistrature. | AA17: DET_I_053 | AB17: =VLOOKUP(AA17,'Axe 2 Règles de gestion'!$D$2:$F$190,3, FALSE) -> L'agent doit formuler une demande. | AC17: DET_I_054 | AD17: =VLOOKUP(AC17,'Axe 2 Règles de gestion'!$D$2:$F$190,3, FALSE) -> Le détachement est prononcé après avis de la formation du Conseil supérieur de la magistrature compétente à l'égard de l'agent. | AW17: DET_D_500 | AX17: =VLOOKUP(AW17,'Axe 2 Règles de gestion'!$D$2:$F$190,3, FALSE) -> Un détachement de courte durée ne peut excéder six mois entre la date de début et la date de fin prévisionnelle. | AY17: DET_D_501 | AZ17: =VLOOKUP(AY17,'Axe 2 Règles de gestion'!$D$2:$F$190,3, FALSE) -> Un détachement de courte durée ne peut excéder six mois entre la date de début et la date de fin réelle | BA17: DET_D_502 | BB17: =VLOOKUP(BA17,'Axe 2 Règles de gestion'!$D$2:$F$190,3, FALSE) -> Un détachement de courte durée ne peut excéder 1 an entre la date de début et la date de fin prévisionnelle, pour les personnels détachés pour servir dans les collectivités d'outre-mer, la Nouvelle-Calédonie ou à l'étranger. | BC17: DET_D_503 | BD17: =VLOOKUP(BC17,'Axe 2 Règles de gestion'!$D$2:$F$190,3, FALSE) -> Un détachement de courte durée ne peut excéder 1 an entre la date de début et la date de fin réelle, pour les personnels détachés pour servir dans les collectivités d'outre-mer, la Nouvelle-Calédonie ou à l'étranger. | BE17: DET_D_203 | BF17: =VLOOKUP(BE17,'Axe 2 Règles de gestion'!$D$2:$F$190,3, FALSE) -> Chaque période de détachement de longue durée ne peut excéder 5 ans entre la date de début et la date de fin prévisionnelle. | BG17: DET_D_603 | BH17: =VLOOKUP(BG17,'Axe 2 Règles de gestion'!$D$2:$F$190,3, FALSE) -> Chaque période de détachement de longue durée ne peut excéder 5 ans entre la date de début et la date de fin réelle. | BM17: POS_C_100 | BN17: =VLOOKUP(BM17,'Axe 2 Règles de gestion'!$D$2:$F$190,3, FALSE) -> Lors de la demande initiale, l'agent doit être en activité. | BO17: POS_C_004 | BP17: =VLOOKUP(BO17,'Axe 2 Règles de gestion'!$D$2:$F$190,3, FALSE) -> La date de début de position doit être antérieure ou égale à la date de fin prévisionnelle de position. | BQ17: POS_C_005 | BR17: =VLOOKUP(BQ17,'Axe 2 Règles de gestion'!$D$2:$F$190,3, FALSE) -> La date de début de la position doit être postérieure ou égale à la date d'entrée dans la FPE ou dans la carrière militaire. | BS17: POS_C_007 | BT17: =VLOOKUP(BS17,'Axe 2 Règles de gestion'!$D$2:$F$190,3, FALSE) -> La date de fin réelle de la position doit être antérieure à la date limite de départ à la retraite. | BU17: POS_C_010 | BV17: =VLOOKUP(BU17,'Axe 2 Règles de gestion'!$D$2:$F$190,3, FALSE) -> La date de début de position doit être antérieure ou égale à la date de fin réelle de position. | BW17: POS_C_012 | BX17: =VLOOKUP(BW17,'Axe 2 Règles de gestion'!$D$2:$F$190,3, FALSE) -> La date de fin prévisionnelle de la position doit être antérieure à la date limite de départ à la retraite. | BY17: POS_C_022 | BZ17: =VLOOKUP(BY17,'Axe 2 Règles de gestion'!$D$2:$F$190,3, FALSE) -> La date de début de position est à J+1 de la date de fin de position de l'occurrence précédente. | CA17: POS_C_037 | CB17: =VLOOKUP(CA17,'Axe 2 Règles de gestion'!$D$2:$F$190,3, FALSE) -> Les champs "Type d'organisme d'accueil" et "Pays" de l'organisme d'accueil doivent être renseignés. | CC17: POS_C_111 | CD17: =VLOOKUP(CC17,'Axe 2 Règles de gestion'!$D$2:$F$190,3, FALSE) -> La date de fin ou la date de fin prévisionnelle doit être saisie. | CE17: POS_C_431 | CF17: =VLOOKUP(CE17,'Axe 2 Règles de gestion'!$D$2:$F$190,3, FALSE) -> Les champs "Ministère (ou institution de la République) d'accueil", "Corps d'accueil en détachement" et "Grade d'accueil en détachement" ou "Ministère (ou institution de la République) d'accueil", "Emploi fonctionnel d'accueil en détachement" et "Groupe dans un emploi fonctionnel d'accueil" sont renseignés si le "Type d'organisme d'accueil" est valorisé à FPE. | CG17: POS_C_434 | CH17: =VLOOKUP(CG17,'Axe 2 Règles de gestion'!$D$2:$F$190,3, FALSE) -> Le champ "Organisme d'accueil" doit être alimenté si le type d'organisme d'accueil est égal à 'Autre organisme', 'Fonction publique d'un état de l'Union Européenne' ou 'Fonction publique Européenne'. | CI17: POS_C_120 | CJ17: =VLOOKUP(CI17,'Axe 2 Règles de gestion'!$D$2:$F$190,3, FALSE) -> La saisie d'une occurrence de congés/absences est interdite (date de fin réelle) | CK17: POS_C_121 | CL17: =VLOOKUP(CK17,'Axe 2 Règles de gestion'!$D$2:$F$190,3, FALSE) -> La saisie d'une occurrence de congés/absences est interdite (date de fin prévisionnelle) | CM17: POS_C_435 | CN17: =VLOOKUP(CM17,'Axe 2 Règles de gestion'!$D$2:$F$190,3, FALSE) -> Le champ « Libellé corps/grade/emploi de détachement » est renseigné si le « Type d'organisme d'accueil » n'est pas valorisé à FPE.
A18: 21.00.00 | B18: M | C18: 44362.461 | D18: D0004 | E18: Position | F18: S0008 | G18: Détachement sortant | H18: E0101 | I18: Détachement sortant sur demande auprès d'une administration, d'un office ou d'un EP de l'Etat conduisant à pension | J18: Position administrative Saisie égale à 'Détachement sortant sur demande auprès d'une administration ou d'un EP de l'Etat conduisant à pension' ET Indicateur de maintien saisi = Non | K18: A_POS_POSIAD [Saisi] = 'DET01' ET A_POS_SITPAR [Saisi] = Vide ET A_POS_INDMAI [Saisi] = '0' | L18: T0205 | M18: Détachement sortant sur demande auprès d'une administration ou d'un EP de l'Etat conduisant à pension - Renouvellement | N18: Création Modification | O18: Indicateur de renouvellement saisi = Oui ET (Indicateur de renouvellement saisi différent d'Indicateur de renouvellement avant saisi OU Indicateur de maintien saisi différent de Indicateur de maintien avant saisi) | P18: A_POS_INDREN [Saisi] = '1' ET (A_POS_INDREN [Saisi] <> A_POS_INDREN [Valeur avant saisie] OU A_POS_INDMAI [Saisi] <> A_POS_INDMAI [Valeur avant saisie]) | Q18: Magistrat de l'ordre judiciaire | R18: P0007 | S18: T | T18: Particulier | U18: Passant | V18: 40725 | X18: DET_I_052 ET DET_I_057 ET DET_I_059 ET DET_D_203 ET DET_D_603 ET DET_D_504 ET POS_C_004 ET POS_C_005 ET POS_C_007 ET POS_C_010 ET POS_C_012 ET POS_C_022 ET POS_C_037 ET POS_C_111 ET POS_C_431 ET POS_C_434 ET POS_C_120 ET POS_C_121 ET POS_C_435 | Y18: DET_I_052 | Z18: =VLOOKUP(Y18,'Axe 2 Règles de gestion'!$D$2:$F$190,3, FALSE) -> L'agent doit avoir accompli 4 années de services effectifs dans le corps judiciaire depuis son entrée dans la magistrature. | AA18: DET_I_057 | AB18: =VLOOKUP(AA18,'Axe 2 Règles de gestion'!$D$2:$F$190,3, FALSE) -> L'agent doit formuler une demande de renouvellement à son administration d'origine 3 mois au moins avant l'expiration de la période de détachement de longue durée. | AC18: DET_I_059 | AD18: =VLOOKUP(AC18,'Axe 2 Règles de gestion'!$D$2:$F$190,3, FALSE) -> L'organisme d'accueil adresse sa décision à l'agent et à l'administration d'origine 2 mois au moins avant l'expiration de la période de détachement. | AW18: DET_D_203 | AX18: =VLOOKUP(AW18,'Axe 2 Règles de gestion'!$D$2:$F$190,3, FALSE) -> Chaque période de détachement de longue durée ne peut excéder 5 ans entre la date de début et la date de fin prévisionnelle. | AY18: DET_D_603 | AZ18: =VLOOKUP(AY18,'Axe 2 Règles de gestion'!$D$2:$F$190,3, FALSE) -> Chaque période de détachement de longue durée ne peut excéder 5 ans entre la date de début et la date de fin réelle. | BA18: DET_D_504 | BB18: =VLOOKUP(BA18,'Axe 2 Règles de gestion'!$D$2:$F$190,3, FALSE) -> Le renouvellement d'un détachement de courte durée est interdit. | BM18: POS_C_004 | BN18: =VLOOKUP(BM18,'Axe 2 Règles de gestion'!$D$2:$F$190,3, FALSE) -> La date de début de position doit être antérieure ou égale à la date de fin prévisionnelle de position. | BO18: POS_C_005 | BP18: =VLOOKUP(BO18,'Axe 2 Règles de gestion'!$D$2:$F$190,3, FALSE) -> La date de début de la position doit être postérieure ou égale à la date d'entrée dans la FPE ou dans la carrière militaire. | BQ18: POS_C_007 | BR18: =VLOOKUP(BQ18,'Axe 2 Règles de gestion'!$D$2:$F$190,3, FALSE) -> La date de fin réelle de la position doit être antérieure à la date limite de départ à la retraite. | BS18: POS_C_010 | BT18: =VLOOKUP(BS18,'Axe 2 Règles de gestion'!$D$2:$F$190,3, FALSE) -> La date de début de position doit être antérieure ou égale à la date de fin réelle de position. | BU18: POS_C_012 | BV18: =VLOOKUP(BU18,'Axe 2 Règles de gestion'!$D$2:$F$190,3, FALSE) -> La date de fin prévisionnelle de la position doit être antérieure à la date limite de départ à la retraite. | BW18: POS_C_022 | BX18: =VLOOKUP(BW18,'Axe 2 Règles de gestion'!$D$2:$F$190,3, FALSE) -> La date de début de position est à J+1 de la date de fin de position de l'occurrence précédente. | BY18: POS_C_037 | BZ18: =VLOOKUP(BY18,'Axe 2 Règles de gestion'!$D$2:$F$190,3, FALSE) -> Les champs "Type d'organisme d'accueil" et "Pays" de l'organisme d'accueil doivent être renseignés. | CA18: POS_C_111 | CB18: =VLOOKUP(CA18,'Axe 2 Règles de gestion'!$D$2:$F$190,3, FALSE) -> La date de fin ou la date de fin prévisionnelle doit être saisie. | CC18: POS_C_431 | CD18: =VLOOKUP(CC18,'Axe 2 Règles de gestion'!$D$2:$F$190,3, FALSE) -> Les champs "Ministère (ou institution de la République) d'accueil", "Corps d'accueil en détachement" et "Grade d'accueil en détachement" ou "Ministère (ou institution de la République) d'accueil", "Emploi fonctionnel d'accueil en détachement" et "Groupe dans un emploi fonctionnel d'accueil" sont renseignés si le "Type d'organisme d'accueil" est valorisé à FPE. | CE18: POS_C_434 | CF18: =VLOOKUP(CE18,'Axe 2 Règles de gestion'!$D$2:$F$190,3, FALSE) -> Le champ "Organisme d'accueil" doit être alimenté si le type d'organisme d'accueil est égal à 'Autre organisme', 'Fonction publique d'un état de l'Union Européenne' ou 'Fonction publique Européenne'. | CG18: POS_C_120 | CH18: =VLOOKUP(CG18,'Axe 2 Règles de gestion'!$D$2:$F$190,3, FALSE) -> La saisie d'une occurrence de congés/absences est interdite (date de fin réelle) | CI18: POS_C_121 | CJ18: =VLOOKUP(CI18,'Axe 2 Règles de gestion'!$D$2:$F$190,3, FALSE) -> La saisie d'une occurrence de congés/absences est interdite (date de fin prévisionnelle) | CK18: POS_C_435 | CL18: =VLOOKUP(CK18,'Axe 2 Règles de gestion'!$D$2:$F$190,3, FALSE) -> Le champ « Libellé corps/grade/emploi de détachement » est renseigné si le « Type d'organisme d'accueil » n'est pas valorisé à FPE.
A19: 21.00.00 | B19: M | C19: 44362.463 | D19: D0004 | E19: Position | F19: S0008 | G19: Détachement sortant | H19: E0101 | I19: Détachement sortant sur demande auprès d'une administration, d'un office ou d'un EP de l'Etat conduisant à pension | J19: Position administrative Saisie égale à 'Détachement sortant sur demande auprès d'une administration ou d'un EP de l'Etat conduisant à pension' ET Indicateur de maintien saisi = Non | K19: A_POS_POSIAD [Saisi] = 'DET01' ET A_POS_SITPAR [Saisi] = Vide ET A_POS_INDMAI [Saisi] = '0' | L19: T0206 | M19: Détachement sortant sur demande auprès d'une administration ou d'un EP de l'Etat conduisant à pension - Réintégration | N19: Modification | O19: Indicateur de renouvellement saisi identique à Indicateur de renouvellement avant saisi ET Indicateur de maintien saisi identique à Indicateur de maintien avant saisi | P19: A_POS_INDREN [Saisi] = A_POS_INDREN [Valeur avant saisie] ET A_POS_INDMAI [Saisi] = A_POS_INDMAI [Valeur avant saisie] | Q19: Magistrat de l'ordre judiciaire | R19: P0007 | S19: T | T19: Particulier | U19: Passant | V19: 40725 | X19: DET_I_067 ET DET_I_065 ET DET_I_066 ET DET_D_500 ET DET_D_501 ET DET_D_502 ET DET_D_503 ET DET_D_203 ET DET_D_603 ET POS_C_004 ET POS_C_007 ET POS_C_010 ET POS_C_012 ET POS_C_037 ET POS_C_111 ET POS_C_431 ET POS_C_434 ET POS_C_120 ET POS_C_121 ET POS_C_435 | Y19: DET_I_067 | Z19: =VLOOKUP(Y19,'Axe 2 Règles de gestion'!$D$2:$F$190,3, FALSE) -> En cas de réintégration anticipée à l'initiative de l'organisme d'accueil, si l'administration d'origine ne peut pas réintégrer l'agent immédiatement, il reste en détachement jusqu'à ce qu'il soit réintégré à la première vacance. | AA19: DET_I_065 | AB19: =VLOOKUP(AA19,'Axe 2 Règles de gestion'!$D$2:$F$190,3, FALSE) -> L'agent doit adresser une demande de réintégration à l'administration d'origine 3 mois au moins avant l'expiration de la période de détachement de longue durée. | AC19: DET_I_066 | AD19: =VLOOKUP(AC19,'Axe 2 Règles de gestion'!$D$2:$F$190,3, FALSE) -> Si l'agent n'adresse pas sa demande dans les délais, il est obligatoirement réintégré à la première vacance dans son corps d'origine et affecté à un emploi correspondant à son grade. | AW19: DET_D_500 | AX19: =VLOOKUP(AW19,'Axe 2 Règles de gestion'!$D$2:$F$190,3, FALSE) -> Un détachement de courte durée ne peut excéder six mois entre la date de début et la date de fin prévisionnelle. | AY19: DET_D_501 | AZ19: =VLOOKUP(AY19,'Axe 2 Règles de gestion'!$D$2:$F$190,3, FALSE) -> Un détachement de courte durée ne peut excéder six mois entre la date de début et la date de fin réelle | BA19: DET_D_502 | BB19: =VLOOKUP(BA19,'Axe 2 Règles de gestion'!$D$2:$F$190,3, FALSE) -> Un détachement de courte durée ne peut excéder 1 an entre la date de début et la date de fin prévisionnelle, pour les personnels détachés pour servir dans les collectivités d'outre-mer, la Nouvelle-Calédonie ou à l'étranger. | BC19: DET_D_503 | BD19: =VLOOKUP(BC19,'Axe 2 Règles de gestion'!$D$2:$F$190,3, FALSE) -> Un détachement de courte durée ne peut excéder 1 an entre la date de début et la date de fin réelle, pour les personnels détachés pour servir dans les collectivités d'outre-mer, la Nouvelle-Calédonie ou à l'étranger. | BE19: DET_D_203 | BF19: =VLOOKUP(BE19,'Axe 2 Règles de gestion'!$D$2:$F$190,3, FALSE) -> Chaque période de détachement de longue durée ne peut excéder 5 ans entre la date de début et la date de fin prévisionnelle. | BG19: DET_D_603 | BH19: =VLOOKUP(BG19,'Axe 2 Règles de gestion'!$D$2:$F$190,3, FALSE) -> Chaque période de détachement de longue durée ne peut excéder 5 ans entre la date de début et la date de fin réelle. | BM19: POS_C_004 | BN19: =VLOOKUP(BM19,'Axe 2 Règles de gestion'!$D$2:$F$190,3, FALSE) -> La date de début de position doit être antérieure ou égale à la date de fin prévisionnelle de position. | BO19: POS_C_007 | BP19: =VLOOKUP(BO19,'Axe 2 Règles de gestion'!$D$2:$F$190,3, FALSE) -> La date de fin réelle de la position doit être antérieure à la date limite de départ à la retraite. | BQ19: POS_C_010 | BR19: =VLOOKUP(BQ19,'Axe 2 Règles de gestion'!$D$2:$F$190,3, FALSE) -> La date de début de position doit être antérieure ou égale à la date de fin réelle de position. | BS19: POS_C_012 | BT19: =VLOOKUP(BS19,'Axe 2 Règles de gestion'!$D$2:$F$190,3, FALSE) -> La date de fin prévisionnelle de la position doit être antérieure à la date limite de départ à la retraite. | BU19: POS_C_037 | BV19: =VLOOKUP(BU19,'Axe 2 Règles de gestion'!$D$2:$F$190,3, FALSE) -> Les champs "Type d'organisme d'accueil" et "Pays" de l'organisme d'accueil doivent être renseignés. | BW19: POS_C_111 | BX19: =VLOOKUP(BW19,'Axe 2 Règles de gestion'!$D$2:$F$190,3, FALSE) -> La date de fin ou la date de fin prévisionnelle doit être saisie. | BY19: POS_C_431 | BZ19: =VLOOKUP(BY19,'Axe 2 Règles de gestion'!$D$2:$F$190,3, FALSE) -> Les champs "Ministère (ou institution de la République) d'accueil", "Corps d'accueil en détachement" et "Grade d'accueil en détachement" ou "Ministère (ou institution de la République) d'accueil", "Emploi fonctionnel d'accueil en détachement" et "Groupe dans un emploi fonctionnel d'accueil" sont renseignés si le "Type d'organisme d'accueil" est valorisé à FPE. | CA19: POS_C_434 | CB19: =VLOOKUP(CA19,'Axe 2 Règles de gestion'!$D$2:$F$190,3, FALSE) -> Le champ "Organisme d'accueil" doit être alimenté si le type d'organisme d'accueil est égal à 'Autre organisme', 'Fonction publique d'un état de l'Union Européenne' ou 'Fonction publique Européenne'. | CC19: POS_C_120 | CD19: =VLOOKUP(CC19,'Axe 2 Règles de gestion'!$D$2:$F$190,3, FALSE) -> La saisie d'une occurrence de congés/absences est interdite (date de fin réelle) | CE19: POS_C_121 | CF19: =VLOOKUP(CE19,'Axe 2 Règles de gestion'!$D$2:$F$190,3, FALSE) -> La saisie d'une occurrence de congés/absences est interdite (date de fin prévisionnelle) | CG19: POS_C_435 | CH19: =VLOOKUP(CG19,'Axe 2 Règles de gestion'!$D$2:$F$190,3, FALSE) -> Le champ « Libellé corps/grade/emploi de détachement » est renseigné si le « Type d'organisme d'accueil » n'est pas valorisé à FPE.
A20: 21.00.00 | B20: M | C20: 44358.707 | D20: D0004 | E20: Position | F20: S0008 | G20: Détachement sortant | H20: E0101 | I20: Détachement sortant sur demande auprès d'une administration, d'un office ou d'un EP de l'Etat conduisant à pension | J20: Position administrative Saisie égale à 'Détachement sortant sur demande auprès d'une administration ou d'un EP de l'Etat conduisant à pension' ET Indicateur de maintien saisi = Non | K20: A_POS_POSIAD [Saisi] = 'DET01' ET A_POS_SITPAR [Saisi] = Vide ET A_POS_INDMAI [Saisi] = '0' | L20: T0204 | M20: Détachement sortant sur demande auprès d'une administration ou d'un EP de l'Etat conduisant à pension - Demande | N20: Création Modification | O20: Indicateur de renouvellement saisi = Non ET (Indicateur de renouvellement saisi différent d'Indicateur de renouvellement avant saisi OU Indicateur de maintien saisi différent de Indicateur de maintien avant saisi) | P20: A_POS_INDREN [Saisi] = '0' ET (A_POS_INDREN [Saisi] <> A_POS_INDREN [Valeur avant saisie] OU A_POS_INDMAI [Saisi] <> A_POS_INDMAI [Valeur avant saisie]) | Q20: Préfet ou sous-préfet | R20: P0016 | S20: T | T20: Particulier | U20: Passant | V20: 40725 | W20: 43830 | X20: DET_I_002 ET DET_I_005 ET DET_I_007 ET DET_I_004 ET DET_I_006 ET DET_D_505 ET DET_D_007 ET DET_D_407 ET POS_C_100 ET POS_C_004 ET POS_C_005 ET POS_C_007 ET POS_C_010 ET POS_C_012 ET POS_C_022 ET POS_C_037 ET POS_C_111 ET POS_C_431 ET POS_C_434 ET POS_C_435 | Y20: DET_I_002 | Z20: =VLOOKUP(Y20,'Axe 2 Règles de gestion'!$D$2:$F$190,3, FALSE) -> L'agent doit formuler une demande. | AA20: DET_I_005 | AB20: =VLOOKUP(AA20,'Axe 2 Règles de gestion'!$D$2:$F$190,3, FALSE) -> Le silence de l'administration gardé pendant 2 mois à compter de la réception de la demande de l'agent vaut acceptation. | AC20: DET_I_007 | AD20: =VLOOKUP(AC20,'Axe 2 Règles de gestion'!$D$2:$F$190,3, FALSE) -> Le détachement est accordé après avis des commissions administratives paritaires compétentes. | AE20: DET_I_004 | AF20: =VLOOKUP(AE20,'Axe 2 Règles de gestion'!$D$2:$F$190,3, FALSE) -> Suite à accord de l'organisme d'accueil, le refus par l'administration d'origine est possible pour nécessité de service ou suite à un avis d'incompatibilité de la commission de déontologie. | AG20: DET_I_006 | AH20: =VLOOKUP(AG20,'Axe 2 Règles de gestion'!$D$2:$F$190,3, FALSE) -> Un préavis, d'un délai maximal de 3 mois, peut être exigé par l'administration d'origine. | AW20: DET_D_505 | AX20: =VLOOKUP(AW20,'Axe 2 Règles de gestion'!$D$2:$F$190,3, FALSE) -> Le détachement de courte durée est interdit. | AY20: DET_D_007 | AZ20: =VLOOKUP(AY20,'Axe 2 Règles de gestion'!$D$2:$F$190,3, FALSE) -> Chaque période de détachement de longue durée ne peut excéder 5 ans entre la date de début et la date de fin prévisionnelle. | BA20: DET_D_407 | BB20: =VLOOKUP(BA20,'Axe 2 Règles de gestion'!$D$2:$F$190,3, FALSE) -> Chaque période de détachement de longue durée ne peut excéder 5 ans entre la date de début et la date de fin réelle. | BM20: POS_C_100 | BN20: =VLOOKUP(BM20,'Axe 2 Règles de gestion'!$D$2:$F$190,3, FALSE) -> Lors de la demande initiale, l'agent doit être en activité. | BO20: POS_C_004 | BP20: =VLOOKUP(BO20,'Axe 2 Règles de gestion'!$D$2:$F$190,3, FALSE) -> La date de début de position doit être antérieure ou égale à la date de fin prévisionnelle de position. | BQ20: POS_C_005 | BR20: =VLOOKUP(BQ20,'Axe 2 Règles de gestion'!$D$2:$F$190,3, FALSE) -> La date de début de la position doit être postérieure ou égale à la date d'entrée dans la FPE ou dans la carrière militaire. | BS20: POS_C_007 | BT20: =VLOOKUP(BS20,'Axe 2 Règles de gestion'!$D$2:$F$190,3, FALSE) -> La date de fin réelle de la position doit être antérieure à la date limite de départ à la retraite. | BU20: POS_C_010 | BV20: =VLOOKUP(BU20,'Axe 2 Règles de gestion'!$D$2:$F$190,3, FALSE) -> La date de début de position doit être antérieure ou égale à la date de fin réelle de position. | BW20: POS_C_012 | BX20: =VLOOKUP(BW20,'Axe 2 Règles de gestion'!$D$2:$F$190,3, FALSE) -> La date de fin prévisionnelle de la position doit être antérieure à la date limite de départ à la retraite. | BY20: POS_C_022 | BZ20: =VLOOKUP(BY20,'Axe 2 Règles de gestion'!$D$2:$F$190,3, FALSE) -> La date de début de position est à J+1 de la date de fin de position de l'occurrence précédente. | CA20: POS_C_037 | CB20: =VLOOKUP(CA20,'Axe 2 Règles de gestion'!$D$2:$F$190,3, FALSE) -> Les champs "Type d'organisme d'accueil" et "Pays" de l'organisme d'accueil doivent être renseignés. | CC20: POS_C_111 | CD20: =VLOOKUP(CC20,'Axe 2 Règles de gestion'!$D$2:$F$190,3, FALSE) -> La date de fin ou la date de fin prévisionnelle doit être saisie. | CE20: POS_C_431 | CF20: =VLOOKUP(CE20,'Axe 2 Règles de gestion'!$D$2:$F$190,3, FALSE) -> Les champs "Ministère (ou institution de la République) d'accueil", "Corps d'accueil en détachement" et "Grade d'accueil en détachement" ou "Ministère (ou institution de la République) d'accueil", "Emploi fonctionnel d'accueil en détachement" et "Groupe dans un emploi fonctionnel d'accueil" sont renseignés si le "Type d'organisme d'accueil" est valorisé à FPE. | CG20: POS_C_434 | CH20: =VLOOKUP(CG20,'Axe 2 Règles de gestion'!$D$2:$F$190,3, FALSE) -> Le champ "Organisme d'accueil" doit être alimenté si le type d'organisme d'accueil est égal à 'Autre organisme', 'Fonction publique d'un état de l'Union Européenne' ou 'Fonction publique Européenne'. | CI20: POS_C_435 | CJ20: =VLOOKUP(CI20,'Axe 2 Règles de gestion'!$D$2:$F$190,3, FALSE) -> Le champ « Libellé corps/grade/emploi de détachement » est renseigné si le « Type d'organisme d'accueil » n'est pas valorisé à FPE.
A21: 22.00.00 | B21: M | C21: 44362.46 | D21: D0004 | E21: Position | F21: S0008 | G21: Détachement sortant | H21: E0101 | I21: Détachement sortant sur demande auprès d'une administration, d'un office ou d'un EP de l'Etat conduisant à pension | J21: Position administrative Saisie égale à 'Détachement sortant sur demande auprès d'une administration ou d'un EP de l'Etat conduisant à pension' ET Indicateur de maintien saisi = Non | K21: A_POS_POSIAD [Saisi] = 'DET01' ET A_POS_SITPAR [Saisi] = Vide ET A_POS_INDMAI [Saisi] = '0' | L21: T0204 | M21: Détachement sortant sur demande auprès d'une administration ou d'un EP de l'Etat conduisant à pension - Demande | N21: Création Modification | O21: Indicateur de renouvellement saisi = Non ET (Indicateur de renouvellement saisi différent d'Indicateur de renouvellement avant saisi OU Indicateur de maintien saisi différent de Indicateur de maintien avant saisi) | P21: A_POS_INDREN [Saisi] = '0' ET (A_POS_INDREN [Saisi] <> A_POS_INDREN [Valeur avant saisie] OU A_POS_INDMAI [Saisi] <> A_POS_INDMAI [Valeur avant saisie]) | Q21: Préfet ou sous-préfet | R21: P0016 | S21: T | T21: Particulier | U21: Passant | V21: 43831 | W21: 43861 | X21: DET_I_002 ET DET_I_005 ET DET_I_004 ET DET_I_006 ET DET_D_505 ET DET_D_007 ET DET_D_407 ET POS_C_100 ET POS_C_004 ET POS_C_005 ET POS_C_007 ET POS_C_010 ET POS_C_012 ET POS_C_022 ET POS_C_037 ET POS_C_111 ET POS_C_431 ET POS_C_434 ET POS_C_120 ET POS_C_121 ET POS_C_435 | Y21: DET_I_002 | Z21: =VLOOKUP(Y21,'Axe 2 Règles de gestion'!$D$2:$F$190,3, FALSE) -> L'agent doit formuler une demande. | AA21: DET_I_005 | AB21: =VLOOKUP(AA21,'Axe 2 Règles de gestion'!$D$2:$F$190,3, FALSE) -> Le silence de l'administration gardé pendant 2 mois à compter de la réception de la demande de l'agent vaut acceptation. | AC21: DET_I_004 | AD21: =VLOOKUP(AC21,'Axe 2 Règles de gestion'!$D$2:$F$190,3, FALSE) -> Suite à accord de l'organisme d'accueil, le refus par l'administration d'origine est possible pour nécessité de service ou suite à un avis d'incompatibilité de la commission de déontologie. | AE21: DET_I_006 | AF21: =VLOOKUP(AE21,'Axe 2 Règles de gestion'!$D$2:$F$190,3, FALSE) -> Un préavis, d'un délai maximal de 3 mois, peut être exigé par l'administration d'origine. | AW21: DET_D_505 | AX21: =VLOOKUP(AW21,'Axe 2 Règles de gestion'!$D$2:$F$190,3, FALSE) -> Le détachement de courte durée est interdit. | AY21: DET_D_007 | AZ21: =VLOOKUP(AY21,'Axe 2 Règles de gestion'!$D$2:$F$190,3, FALSE) -> Chaque période de détachement de longue durée ne peut excéder 5 ans entre la date de début et la date de fin prévisionnelle. | BA21: DET_D_407 | BB21: =VLOOKUP(BA21,'Axe 2 Règles de gestion'!$D$2:$F$190,3, FALSE) -> Chaque période de détachement de longue durée ne peut excéder 5 ans entre la date de début et la date de fin réelle. | BM21: POS_C_100 | BN21: =VLOOKUP(BM21,'Axe 2 Règles de gestion'!$D$2:$F$190,3, FALSE) -> Lors de la demande initiale, l'agent doit être en activité. | BO21: POS_C_004 | BP21: =VLOOKUP(BO21,'Axe 2 Règles de gestion'!$D$2:$F$190,3, FALSE) -> La date de début de position doit être antérieure ou égale à la date de fin prévisionnelle de position. | BQ21: POS_C_005 | BR21: =VLOOKUP(BQ21,'Axe 2 Règles de gestion'!$D$2:$F$190,3, FALSE) -> La date de début de la position doit être postérieure ou égale à la date d'entrée dans la FPE ou dans la carrière militaire. | BS21: POS_C_007 | BT21: =VLOOKUP(BS21,'Axe 2 Règles de gestion'!$D$2:$F$190,3, FALSE) -> La date de fin réelle de la position doit être antérieure à la date limite de départ à la retraite. | BU21: POS_C_010 | BV21: =VLOOKUP(BU21,'Axe 2 Règles de gestion'!$D$2:$F$190,3, FALSE) -> La date de début de position doit être antérieure ou égale à la date de fin réelle de position. | BW21: POS_C_012 | BX21: =VLOOKUP(BW21,'Axe 2 Règles de gestion'!$D$2:$F$190,3, FALSE) -> La date de fin prévisionnelle de la position doit être antérieure à la date limite de départ à la retraite. | BY21: POS_C_022 | BZ21: =VLOOKUP(BY21,'Axe 2 Règles de gestion'!$D$2:$F$190,3, FALSE) -> La date de début de position est à J+1 de la date de fin de position de l'occurrence précédente. | CA21: POS_C_037 | CB21: =VLOOKUP(CA21,'Axe 2 Règles de gestion'!$D$2:$F$190,3, FALSE) -> Les champs "Type d'organisme d'accueil" et "Pays" de l'organisme d'accueil doivent être renseignés. | CC21: POS_C_111 | CD21: =VLOOKUP(CC21,'Axe 2 Règles de gestion'!$D$2:$F$190,3, FALSE) -> La date de fin ou la date de fin prévisionnelle doit être saisie. | CE21: POS_C_431 | CF21: =VLOOKUP(CE21,'Axe 2 Règles de gestion'!$D$2:$F$190,3, FALSE) -> Les champs "Ministère (ou institution de la République) d'accueil", "Corps d'accueil en détachement" et "Grade d'accueil en détachement" ou "Ministère (ou institution de la République) d'accueil", "Emploi fonctionnel d'accueil en détachement" et "Groupe dans un emploi fonctionnel d'accueil" sont renseignés si le "Type d'organisme d'accueil" est valorisé à FPE. | CG21: POS_C_434 | CH21: =VLOOKUP(CG21,'Axe 2 Règles de gestion'!$D$2:$F$190,3, FALSE) -> Le champ "Organisme d'accueil" doit être alimenté si le type d'organisme d'accueil est égal à 'Autre organisme', 'Fonction publique d'un état de l'Union Européenne' ou 'Fonction publique Européenne'. | CI21: POS_C_120 | CJ21: =VLOOKUP(CI21,'Axe 2 Règles de gestion'!$D$2:$F$190,3, FALSE) -> La saisie d'une occurrence de congés/absences est interdite (date de fin réelle) | CK21: POS_C_121 | CL21: =VLOOKUP(CK21,'Axe 2 Règles de gestion'!$D$2:$F$190,3, FALSE) -> La saisie d'une occurrence de congés/absences est interdite (date de fin prévisionnelle) | CM21: POS_C_435 | CN21: =VLOOKUP(CM21,'Axe 2 Règles de gestion'!$D$2:$F$190,3, FALSE) -> Le champ « Libellé corps/grade/emploi de détachement » est renseigné si le « Type d'organisme d'accueil » n'est pas valorisé à FPE.
A22: 22.00.00 | B22: A | C22: 44712.56 | D22: D0004 | E22: Position | F22: S0008 | G22: Détachement sortant | H22: E0101 | I22: Détachement sortant sur demande auprès d'une administration, d'un office ou d'un EP de l'Etat conduisant à pension | J22: Position administrative Saisie égale à 'Détachement sortant sur demande auprès d'une administration ou d'un EP de l'Etat conduisant à pension' ET Indicateur de maintien saisi = Non | K22: A_POS_POSIAD [Saisi] = 'DET01' ET A_POS_SITPAR [Saisi] = Vide ET A_POS_INDMAI [Saisi] = '0' | L22: T0204 | M22: Détachement sortant sur demande auprès d'une administration ou d'un EP de l'Etat conduisant à pension - Demande | N22: Création Modification | O22: Indicateur de renouvellement saisi = Non ET (Indicateur de renouvellement saisi différent d'Indicateur de renouvellement avant saisi OU Indicateur de maintien saisi différent de Indicateur de maintien avant saisi) | P22: A_POS_INDREN [Saisi] = '0' ET (A_POS_INDREN [Saisi] <> A_POS_INDREN [Valeur avant saisie] OU A_POS_INDMAI [Saisi] <> A_POS_INDMAI [Valeur avant saisie]) | Q22: Préfet ou sous-préfet | R22: P0016 | S22: T | T22: Particulier | U22: Passant | V22: 43862 | X22: DET_I_002 ET DET_I_005 ET DET_I_436 ET DET_I_006 ET DET_D_505 ET DET_D_007 ET DET_D_407 ET POS_C_100 ET POS_C_004 ET POS_C_005 ET POS_C_007 ET POS_C_010 ET POS_C_012 ET POS_C_022 ET POS_C_037 ET POS_C_111 ET POS_C_431 ET POS_C_434 ET POS_C_120 ET POS_C_121 ET POS_C_435 | Y22: DET_I_002 | Z22: =VLOOKUP(Y22,'Axe 2 Règles de gestion'!$D$2:$F$190,3, FALSE) -> L'agent doit formuler une demande. | AA22: DET_I_005 | AB22: =VLOOKUP(AA22,'Axe 2 Règles de gestion'!$D$2:$F$190,3, FALSE) -> Le silence de l'administration gardé pendant 2 mois à compter de la réception de la demande de l'agent vaut acceptation. | AC22: DET_I_436 | AD22: =VLOOKUP(AC22,'Axe 2 Règles de gestion'!$D$2:$F$190,3, FALSE) -> Suite à accord de l'organisme d'accueil, le refus par l'administration d'origine est possible pour nécessité de service ou suite à un avis rendu par la Haute Autorité pour la transparence de la vie publique. | AE22: DET_I_006 | AF22: =VLOOKUP(AE22,'Axe 2 Règles de gestion'!$D$2:$F$190,3, FALSE) -> Un préavis, d'un délai maximal de 3 mois, peut être exigé par l'administration d'origine. | AW22: DET_D_505 | AX22: =VLOOKUP(AW22,'Axe 2 Règles de gestion'!$D$2:$F$190,3, FALSE) -> Le détachement de courte durée est interdit. | AY22: DET_D_007 | AZ22: =VLOOKUP(AY22,'Axe 2 Règles de gestion'!$D$2:$F$190,3, FALSE) -> Chaque période de détachement de longue durée ne peut excéder 5 ans entre la date de début et la date de fin prévisionnelle. | BA22: DET_D_407 | BB22: =VLOOKUP(BA22,'Axe 2 Règles de gestion'!$D$2:$F$190,3, FALSE) -> Chaque période de détachement de longue durée ne peut excéder 5 ans entre la date de début et la date de fin réelle. | BM22: POS_C_100 | BN22: =VLOOKUP(BM22,'Axe 2 Règles de gestion'!$D$2:$F$190,3, FALSE) -> Lors de la demande initiale, l'agent doit être en activité. | BO22: POS_C_004 | BP22: =VLOOKUP(BO22,'Axe 2 Règles de gestion'!$D$2:$F$190,3, FALSE) -> La date de début de position doit être antérieure ou égale à la date de fin prévisionnelle de position. | BQ22: POS_C_005 | BR22: =VLOOKUP(BQ22,'Axe 2 Règles de gestion'!$D$2:$F$190,3, FALSE) -> La date de début de la position doit être postérieure ou égale à la date d'entrée dans la FPE ou dans la carrière militaire. | BS22: POS_C_007 | BT22: =VLOOKUP(BS22,'Axe 2 Règles de gestion'!$D$2:$F$190,3, FALSE) -> La date de fin réelle de la position doit être antérieure à la date limite de départ à la retraite. | BU22: POS_C_010 | BV22: =VLOOKUP(BU22,'Axe 2 Règles de gestion'!$D$2:$F$190,3, FALSE) -> La date de début de position doit être antérieure ou égale à la date de fin réelle de position. | BW22: POS_C_012 | BX22: =VLOOKUP(BW22,'Axe 2 Règles de gestion'!$D$2:$F$190,3, FALSE) -> La date de fin prévisionnelle de la position doit être antérieure à la date limite de départ à la retraite. | BY22: POS_C_022 | BZ22: =VLOOKUP(BY22,'Axe 2 Règles de gestion'!$D$2:$F$190,3, FALSE) -> La date de début de position est à J+1 de la date de fin de position de l'occurrence précédente. | CA22: POS_C_037 | CB22: =VLOOKUP(CA22,'Axe 2 Règles de gestion'!$D$2:$F$190,3, FALSE) -> Les champs "Type d'organisme d'accueil" et "Pays" de l'organisme d'accueil doivent être renseignés. | CC22: POS_C_111 | CD22: =VLOOKUP(CC22,'Axe 2 Règles de gestion'!$D$2:$F$190,3, FALSE) -> La date de fin ou la date de fin prévisionnelle doit être saisie. | CE22: POS_C_431 | CF22: =VLOOKUP(CE22,'Axe 2 Règles de gestion'!$D$2:$F$190,3, FALSE) -> Les champs "Ministère (ou institution de la République) d'accueil", "Corps d'accueil en détachement" et "Grade d'accueil en détachement" ou "Ministère (ou institution de la République) d'accueil", "Emploi fonctionnel d'accueil en détachement" et "Groupe dans un emploi fonctionnel d'accueil" sont renseignés si le "Type d'organisme d'accueil" est valorisé à FPE. | CG22: POS_C_434 | CH22: =VLOOKUP(CG22,'Axe 2 Règles de gestion'!$D$2:$F$190,3, FALSE) -> Le champ "Organisme d'accueil" doit être alimenté si le type d'organisme d'accueil est égal à 'Autre organisme', 'Fonction publique d'un état de l'Union Européenne' ou 'Fonction publique Européenne'. | CI22: POS_C_120 | CJ22: =VLOOKUP(CI22,'Axe 2 Règles de gestion'!$D$2:$F$190,3, FALSE) -> La saisie d'une occurrence de congés/absences est interdite (date de fin réelle) | CK22: POS_C_121 | CL22: =VLOOKUP(CK22,'Axe 2 Règles de gestion'!$D$2:$F$190,3, FALSE) -> La saisie d'une occurrence de congés/absences est interdite (date de fin prévisionnelle) | CM22: POS_C_435 | CN22: =VLOOKUP(CM22,'Axe 2 Règles de gestion'!$D$2:$F$190,3, FALSE) -> Le champ « Libellé corps/grade/emploi de détachement » est renseigné si le « Type d'organisme d'accueil » n'est pas valorisé à FPE.
A23: 21.00.00 | B23: M | C23: 44358.709 | D23: D0004 | E23: Position | F23: S0008 | G23: Détachement sortant | H23: E0101 | I23: Détachement sortant sur demande auprès d'une administration, d'un office ou d'un EP de l'Etat conduisant à pension | J23: Position administrative Saisie égale à 'Détachement sortant sur demande auprès d'une administration ou d'un EP de l'Etat conduisant à pension' ET Indicateur de maintien saisi = Non | K23: A_POS_POSIAD [Saisi] = 'DET01' ET A_POS_SITPAR [Saisi] = Vide ET A_POS_INDMAI [Saisi] = '0' | L23: T0205 | M23: Détachement sortant sur demande auprès d'une administration ou d'un EP de l'Etat conduisant à pension - Renouvellement | N23: Création Modification | O23: Indicateur de renouvellement saisi = Oui ET (Indicateur de renouvellement saisi différent d'Indicateur de renouvellement avant saisi OU Indicateur de maintien saisi différent de Indicateur de maintien avant saisi) | P23: A_POS_INDREN [Saisi] = '1' ET (A_POS_INDREN [Saisi] <> A_POS_INDREN [Valeur avant saisie] OU A_POS_INDMAI [Saisi] <> A_POS_INDMAI [Valeur avant saisie]) | Q23: Préfet ou sous-préfet | R23: P0016 | S23: T | T23: Particulier | U23: Passant | V23: 40725 | W23: 43830 | X23: DET_I_009 ET DET_I_007 ET DET_I_011 ET DET_D_007 ET DET_D_407 ET POS_C_004 ET POS_C_005 ET POS_C_007 ET POS_C_010 ET POS_C_012 ET POS_C_022 ET POS_C_037 ET POS_C_111 ET POS_C_431 ET POS_C_434 ET POS_C_435 | Y23: DET_I_009 | Z23: =VLOOKUP(Y23,'Axe 2 Règles de gestion'!$D$2:$F$190,3, FALSE) -> L'agent doit formuler une demande de renouvellement à son administration d'origine 3 mois au moins avant l'expiration de la période de détachement de longue durée. | AA23: DET_I_007 | AB23: =VLOOKUP(AA23,'Axe 2 Règles de gestion'!$D$2:$F$190,3, FALSE) -> Le détachement est accordé après avis des commissions administratives paritaires compétentes. | AC23: DET_I_011 | AD23: =VLOOKUP(AC23,'Axe 2 Règles de gestion'!$D$2:$F$190,3, FALSE) -> L'organisme d'accueil adresse sa décision à l'agent et à l'administration d'origine 2 mois au moins avant l'expiration de la période de détachement. | AW23: DET_D_007 | AX23: =VLOOKUP(AW23,'Axe 2 Règles de gestion'!$D$2:$F$190,3, FALSE) -> Chaque période de détachement de longue durée ne peut excéder 5 ans entre la date de début et la date de fin prévisionnelle. | AY23: DET_D_407 | AZ23: =VLOOKUP(AY23,'Axe 2 Règles de gestion'!$D$2:$F$190,3, FALSE) -> Chaque période de détachement de longue durée ne peut excéder 5 ans entre la date de début et la date de fin réelle. | BM23: POS_C_004 | BN23: =VLOOKUP(BM23,'Axe 2 Règles de gestion'!$D$2:$F$190,3, FALSE) -> La date de début de position doit être antérieure ou égale à la date de fin prévisionnelle de position. | BO23: POS_C_005 | BP23: =VLOOKUP(BO23,'Axe 2 Règles de gestion'!$D$2:$F$190,3, FALSE) -> La date de début de la position doit être postérieure ou égale à la date d'entrée dans la FPE ou dans la carrière militaire. | BQ23: POS_C_007 | BR23: =VLOOKUP(BQ23,'Axe 2 Règles de gestion'!$D$2:$F$190,3, FALSE) -> La date de fin réelle de la position doit être antérieure à la date limite de départ à la retraite. | BS23: POS_C_010 | BT23: =VLOOKUP(BS23,'Axe 2 Règles de gestion'!$D$2:$F$190,3, FALSE) -> La date de début de position doit être antérieure ou égale à la date de fin réelle de position. | BU23: POS_C_012 | BV23: =VLOOKUP(BU23,'Axe 2 Règles de gestion'!$D$2:$F$190,3, FALSE) -> La date de fin prévisionnelle de la position doit être antérieure à la date limite de départ à la retraite. | BW23: POS_C_022 | BX23: =VLOOKUP(BW23,'Axe 2 Règles de gestion'!$D$2:$F$190,3, FALSE) -> La date de début de position est à J+1 de la date de fin de position de l'occurrence précédente. | BY23: POS_C_037 | BZ23: =VLOOKUP(BY23,'Axe 2 Règles de gestion'!$D$2:$F$190,3, FALSE) -> Les champs "Type d'organisme d'accueil" et "Pays" de l'organisme d'accueil doivent être renseignés. | CA23: POS_C_111 | CB23: =VLOOKUP(CA23,'Axe 2 Règles de gestion'!$D$2:$F$190,3, FALSE) -> La date de fin ou la date de fin prévisionnelle doit être saisie. | CC23: POS_C_431 | CD23: =VLOOKUP(CC23,'Axe 2 Règles de gestion'!$D$2:$F$190,3, FALSE) -> Les champs "Ministère (ou institution de la République) d'accueil", "Corps d'accueil en détachement" et "Grade d'accueil en détachement" ou "Ministère (ou institution de la République) d'accueil", "Emploi fonctionnel d'accueil en détachement" et "Groupe dans un emploi fonctionnel d'accueil" sont renseignés si le "Type d'organisme d'accueil" est valorisé à FPE. | CE23: POS_C_434 | CF23: =VLOOKUP(CE23,'Axe 2 Règles de gestion'!$D$2:$F$190,3, FALSE) -> Le champ "Organisme d'accueil" doit être alimenté si le type d'organisme d'accueil est égal à 'Autre organisme', 'Fonction publique d'un état de l'Union Européenne' ou 'Fonction publique Européenne'. | CG23: POS_C_435 | CH23: =VLOOKUP(CG23,'Axe 2 Règles de gestion'!$D$2:$F$190,3, FALSE) -> Le champ « Libellé corps/grade/emploi de détachement » est renseigné si le « Type d'organisme d'accueil » n'est pas valorisé à FPE.
A24: 21.00.00 | B24: M | C24: 44362.462 | D24: D0004 | E24: Position | F24: S0008 | G24: Détachement sortant | H24: E0101 | I24: Détachement sortant sur demande auprès d'une administration, d'un office ou d'un EP de l'Etat conduisant à pension | J24: Position administrative Saisie égale à 'Détachement sortant sur demande auprès d'une administration ou d'un EP de l'Etat conduisant à pension' ET Indicateur de maintien saisi = Non | K24: A_POS_POSIAD [Saisi] = 'DET01' ET A_POS_SITPAR [Saisi] = Vide ET A_POS_INDMAI [Saisi] = '0' | L24: T0205 | M24: Détachement sortant sur demande auprès d'une administration ou d'un EP de l'Etat conduisant à pension - Renouvellement | N24: Création Modification | O24: Indicateur de renouvellement saisi = Oui ET (Indicateur de renouvellement saisi différent d'Indicateur de renouvellement avant saisi OU Indicateur de maintien saisi différent de Indicateur de maintien avant saisi) | P24: A_POS_INDREN [Saisi] = '1' ET (A_POS_INDREN [Saisi] <> A_POS_INDREN [Valeur avant saisie] OU A_POS_INDMAI [Saisi] <> A_POS_INDMAI [Valeur avant saisie]) | Q24: Préfet ou sous-préfet | R24: P0016 | S24: T | T24: Particulier | U24: Passant | V24: 43831 | X24: DET_I_009 ET DET_I_011 ET DET_D_007 ET DET_D_407 ET POS_C_004 ET POS_C_005 ET POS_C_007 ET POS_C_010 ET POS_C_012 ET POS_C_022 ET POS_C_037 ET POS_C_111 ET POS_C_431 ET POS_C_434 ET POS_C_120 ET POS_C_121 ET POS_C_435 | Y24: DET_I_009 | Z24: =VLOOKUP(Y24,'Axe 2 Règles de gestion'!$D$2:$F$190,3, FALSE) -> L'agent doit formuler une demande de renouvellement à son administration d'origine 3 mois au moins avant l'expiration de la période de détachement de longue durée. | AA24: DET_I_011 | AB24: =VLOOKUP(AA24,'Axe 2 Règles de gestion'!$D$2:$F$190,3, FALSE) -> L'organisme d'accueil adresse sa décision à l'agent et à l'administration d'origine 2 mois au moins avant l'expiration de la période de détachement. | AW24: DET_D_007 | AX24: =VLOOKUP(AW24,'Axe 2 Règles de gestion'!$D$2:$F$190,3, FALSE) -> Chaque période de détachement de longue durée ne peut excéder 5 ans entre la date de début et la date de fin prévisionnelle. | AY24: DET_D_407 | AZ24: =VLOOKUP(AY24,'Axe 2 Règles de gestion'!$D$2:$F$190,3, FALSE) -> Chaque période de détachement de longue durée ne peut excéder 5 ans entre la date de début et la date de fin réelle. | BM24: POS_C_004 | BN24: =VLOOKUP(BM24,'Axe 2 Règles de gestion'!$D$2:$F$190,3, FALSE) -> La date de début de position doit être antérieure ou égale à la date de fin prévisionnelle de position. | BO24: POS_C_005 | BP24: =VLOOKUP(BO24,'Axe 2 Règles de gestion'!$D$2:$F$190,3, FALSE) -> La date de début de la position doit être postérieure ou égale à la date d'entrée dans la FPE ou dans la carrière militaire. | BQ24: POS_C_007 | BR24: =VLOOKUP(BQ24,'Axe 2 Règles de gestion'!$D$2:$F$190,3, FALSE) -> La date de fin réelle de la position doit être antérieure à la date limite de départ à la retraite. | BS24: POS_C_010 | BT24: =VLOOKUP(BS24,'Axe 2 Règles de gestion'!$D$2:$F$190,3, FALSE) -> La date de début de position doit être antérieure ou égale à la date de fin réelle de position. | BU24: POS_C_012 | BV24: =VLOOKUP(BU24,'Axe 2 Règles de gestion'!$D$2:$F$190,3, FALSE) -> La date de fin prévisionnelle de la position doit être antérieure à la date limite de départ à la retraite. | BW24: POS_C_022 | BX24: =VLOOKUP(BW24,'Axe 2 Règles de gestion'!$D$2:$F$190,3, FALSE) -> La date de début de position est à J+1 de la date de fin de position de l'occurrence précédente. | BY24: POS_C_037 | BZ24: =VLOOKUP(BY24,'Axe 2 Règles de gestion'!$D$2:$F$190,3, FALSE) -> Les champs "Type d'organisme d'accueil" et "Pays" de l'organisme d'accueil doivent être renseignés. | CA24: POS_C_111 | CB24: =VLOOKUP(CA24,'Axe 2 Règles de gestion'!$D$2:$F$190,3, FALSE) -> La date de fin ou la date de fin prévisionnelle doit être saisie. | CC24: POS_C_431 | CD24: =VLOOKUP(CC24,'Axe 2 Règles de gestion'!$D$2:$F$190,3, FALSE) -> Les champs "Ministère (ou institution de la République) d'accueil", "Corps d'accueil en détachement" et "Grade d'accueil en détachement" ou "Ministère (ou institution de la République) d'accueil", "Emploi fonctionnel d'accueil en détachement" et "Groupe dans un emploi fonctionnel d'accueil" sont renseignés si le "Type d'organisme d'accueil" est valorisé à FPE. | CE24: POS_C_434 | CF24: =VLOOKUP(CE24,'Axe 2 Règles de gestion'!$D$2:$F$190,3, FALSE) -> Le champ "Organisme d'accueil" doit être alimenté si le type d'organisme d'accueil est égal à 'Autre organisme', 'Fonction publique d'un état de l'Union Européenne' ou 'Fonction publique Européenne'. | CG24: POS_C_120 | CH24: =VLOOKUP(CG24,'Axe 2 Règles de gestion'!$D$2:$F$190,3, FALSE) -> La saisie d'une occurrence de congés/absences est interdite (date de fin réelle) | CI24: POS_C_121 | CJ24: =VLOOKUP(CI24,'Axe 2 Règles de gestion'!$D$2:$F$190,3, FALSE) -> La saisie d'une occurrence de congés/absences est interdite (date de fin prévisionnelle) | CK24: POS_C_435 | CL24: =VLOOKUP(CK24,'Axe 2 Règles de gestion'!$D$2:$F$190,3, FALSE) -> Le champ « Libellé corps/grade/emploi de détachement » est renseigné si le « Type d'organisme d'accueil » n'est pas valorisé à FPE.
A25: 21.00.00 | B25: M | C25: 44362.463 | D25: D0004 | E25: Position | F25: S0008 | G25: Détachement sortant | H25: E0101 | I25: Détachement sortant sur demande auprès d'une administration, d'un office ou d'un EP de l'Etat conduisant à pension | J25: Position administrative Saisie égale à 'Détachement sortant sur demande auprès d'une administration ou d'un EP de l'Etat conduisant à pension' ET Indicateur de maintien saisi = Non | K25: A_POS_POSIAD [Saisi] = 'DET01' ET A_POS_SITPAR [Saisi] = Vide ET A_POS_INDMAI [Saisi] = '0' | L25: T0206 | M25: Détachement sortant sur demande auprès d'une administration ou d'un EP de l'Etat conduisant à pension - Réintégration | N25: Modification | O25: Indicateur de renouvellement saisi identique à Indicateur de renouvellement avant saisi ET Indicateur de maintien saisi identique à Indicateur de maintien avant saisi | P25: A_POS_INDREN [Saisi] = A_POS_INDREN [Valeur avant saisie] ET A_POS_INDMAI [Saisi] = A_POS_INDMAI [Valeur avant saisie] | Q25: Préfet ou sous-préfet | R25: P0016 | S25: T | T25: Particulier | U25: Passant | V25: 40725 | X25: DET_I_044 ET DET_I_046 ET DET_I_042 ET DET_I_038 ET DET_D_505 ET DET_D_007 ET DET_D_407 ET POS_C_004 ET POS_C_007 ET POS_C_010 ET POS_C_012 ET POS_C_037 ET POS_C_111 ET POS_C_431 ET POS_C_434 ET POS_C_120 ET POS_C_121 ET POS_C_435 | Y25: DET_I_044 | Z25: =VLOOKUP(Y25,'Axe 2 Règles de gestion'!$D$2:$F$190,3, FALSE) -> En cas de réintégration anticipée à l'initiative de l'agent, si l'administration d'origine ne peut pas réintégrer l'agent immédiatement, l'agent est placé en disponibilité jusqu'à ce qu'il soit réintégré à l'une des 3 premières vacances dans son grade. | AA25: DET_I_046 | AB25: =VLOOKUP(AA25,'Axe 2 Règles de gestion'!$D$2:$F$190,3, FALSE) -> En cas de réintégration anticipée à l'initiative de l'agent, s'il refuse successivement 3 postes, il peut être licencié après avis de la commission administrative paritaire. Il est maintenu en disponibilité entre chaque proposition. | AC25: DET_I_042 | AD25: =VLOOKUP(AC25,'Axe 2 Règles de gestion'!$D$2:$F$190,3, FALSE) -> En cas de réintégration anticipée à l'initiative de l'organisme d'accueil, si l'administration d'origine ne peut pas réintégrer l'agent immédiatement, il reste en détachement jusqu'à ce qu'il soit réintégré à la première vacance. | AE25: DET_I_038 | AF25: =VLOOKUP(AE25,'Axe 2 Règles de gestion'!$D$2:$F$190,3, FALSE) -> L'agent doit adresser une demande de réintégration à l'administration d'origine 3 mois au moins avant l'expiration de la période de détachement de longue durée. | AW25: DET_D_505 | AX25: =VLOOKUP(AW25,'Axe 2 Règles de gestion'!$D$2:$F$190,3, FALSE) -> Le détachement de courte durée est interdit. | AY25: DET_D_007 | AZ25: =VLOOKUP(AY25,'Axe 2 Règles de gestion'!$D$2:$F$190,3, FALSE) -> Chaque période de détachement de longue durée ne peut excéder 5 ans entre la date de début et la date de fin prévisionnelle. | BA25: DET_D_407 | BB25: =VLOOKUP(BA25,'Axe 2 Règles de gestion'!$D$2:$F$190,3, FALSE) -> Chaque période de détachement de longue durée ne peut excéder 5 ans entre la date de début et la date de fin réelle. | BM25: POS_C_004 | BN25: =VLOOKUP(BM25,'Axe 2 Règles de gestion'!$D$2:$F$190,3, FALSE) -> La date de début de position doit être antérieure ou égale à la date de fin prévisionnelle de position. | BO25: POS_C_007 | BP25: =VLOOKUP(BO25,'Axe 2 Règles de gestion'!$D$2:$F$190,3, FALSE) -> La date de fin réelle de la position doit être antérieure à la date limite de départ à la retraite. | BQ25: POS_C_010 | BR25: =VLOOKUP(BQ25,'Axe 2 Règles de gestion'!$D$2:$F$190,3, FALSE) -> La date de début de position doit être antérieure ou égale à la date de fin réelle de position. | BS25: POS_C_012 | BT25: =VLOOKUP(BS25,'Axe 2 Règles de gestion'!$D$2:$F$190,3, FALSE) -> La date de fin prévisionnelle de la position doit être antérieure à la date limite de départ à la retraite. | BU25: POS_C_037 | BV25: =VLOOKUP(BU25,'Axe 2 Règles de gestion'!$D$2:$F$190,3, FALSE) -> Les champs "Type d'organisme d'accueil" et "Pays" de l'organisme d'accueil doivent être renseignés. | BW25: POS_C_111 | BX25: =VLOOKUP(BW25,'Axe 2 Règles de gestion'!$D$2:$F$190,3, FALSE) -> La date de fin ou la date de fin prévisionnelle doit être saisie. | BY25: POS_C_431 | BZ25: =VLOOKUP(BY25,'Axe 2 Règles de gestion'!$D$2:$F$190,3, FALSE) -> Les champs "Ministère (ou institution de la République) d'accueil", "Corps d'accueil en détachement" et "Grade d'accueil en détachement" ou "Ministère (ou institution de la République) d'accueil", "Emploi fonctionnel d'accueil en détachement" et "Groupe dans un emploi fonctionnel d'accueil" sont renseignés si le "Type d'organisme d'accueil" est valorisé à FPE. | CA25: POS_C_434 | CB25: =VLOOKUP(CA25,'Axe 2 Règles de gestion'!$D$2:$F$190,3, FALSE) -> Le champ "Organisme d'accueil" doit être alimenté si le type d'organisme d'accueil est égal à 'Autre organisme', 'Fonction publique d'un état de l'Union Européenne' ou 'Fonction publique Européenne'. | CC25: POS_C_120 | CD25: =VLOOKUP(CC25,'Axe 2 Règles de gestion'!$D$2:$F$190,3, FALSE) -> La saisie d'une occurrence de congés/absences est interdite (date de fin réelle) | CE25: POS_C_121 | CF25: =VLOOKUP(CE25,'Axe 2 Règles de gestion'!$D$2:$F$190,3, FALSE) -> La saisie d'une occurrence de congés/absences est interdite (date de fin prévisionnelle) | CG25: POS_C_435 | CH25: =VLOOKUP(CG25,'Axe 2 Règles de gestion'!$D$2:$F$190,3, FALSE) -> Le champ « Libellé corps/grade/emploi de détachement » est renseigné si le « Type d'organisme d'accueil » n'est pas valorisé à FPE.
A26: 21.00.00 | B26: M | C26: 44358.719 | D26: D0004 | E26: Position | F26: S0008 | G26: Détachement sortant | H26: E0102 | I26: Détachement sortant d'office auprès d'une administration, d'un office ou d'un EP de l'Etat conduisant à pension | J26: Position administrative Saisie égale à 'Détachement sortant d'office auprès d'une administration ou d'un EP de l'Etat conduisant à pension' ET Indicateur de maintien saisi = Non | K26: A_POS_POSIAD [Saisi] = 'DET02' ET A_POS_INDMAI [Saisi] = '0' | L26: T0210 | M26: Détachement sortant d'office auprès d'une administration, d'un office ou d'un EP de l'Etat conduisant à pension - Demande | N26: Création Modification | O26: Indicateur de renouvellement saisi = Non ET (Indicateur de renouvellement saisi différent d'Indicateur de renouvellement avant saisi OU Indicateur de maintien saisi différent de Indicateur de maintien avant saisi) | P26: A_POS_INDREN [Saisi] = '0' ET (A_POS_INDREN [Saisi] <> A_POS_INDREN [Valeur avant saisie] OU A_POS_INDMAI [Saisi] <> A_POS_INDMAI [Valeur avant saisie]) | Q26: Titulaire ou magistrat | R26: P0001 | S26: T | T26: Général | U26: Passant | V26: 40725 | W26: 43830 | X26: DET_I_010 ET DET_I_003 ET DET_D_006 ET DET_D_406 ET DET_D_510 ET DET_D_910 ET DET_D_007 ET DET_D_407 ET POS_C_100 ET POS_C_004 ET POS_C_005 ET POS_C_007 ET POS_C_010 ET POS_C_012 ET POS_C_022 ET POS_C_037 ET POS_C_111 ET POS_C_431 ET POS_C_434 ET POS_C_435 | Y26: DET_I_010 | Z26: =VLOOKUP(Y26,'Axe 2 Règles de gestion'!$D$2:$F$190,3, FALSE) -> L'accord de l'administration d'accueil n'est pas nécessaire. Le détachement est de droit. | AA26: DET_I_003 | AB26: =VLOOKUP(AA26,'Axe 2 Règles de gestion'!$D$2:$F$190,3, FALSE) -> Le détachement peut être prononcé d'office après avis des commissions administratives paritaires et à condition que le nouvel emploi soit équivalent à l'ancien. | AW26: DET_D_006 | AX26: =VLOOKUP(AW26,'Axe 2 Règles de gestion'!$D$2:$F$190,3, FALSE) -> Un détachement de courte durée ne peut excéder six mois entre la date de début et la date de fin prévisionnelle | AY26: DET_D_406 | AZ26: =VLOOKUP(AY26,'Axe 2 Règles de gestion'!$D$2:$F$190,3, FALSE) -> Un détachement de courte durée ne peut excéder six mois entre la date de début et la date de fin réelle | BA26: DET_D_510 | BB26: =VLOOKUP(BA26,'Axe 2 Règles de gestion'!$D$2:$F$190,3, FALSE) -> Un détachement de courte durée ne peut excéder 1 an entre la date de début et la date de fin prévisionnelle, pour les personnels détachés pour servir dans les collectivités d'outre-mer, la Nouvelle-Calédonie ou à l'étranger. | BC26: DET_D_910 | BD26: =VLOOKUP(BC26,'Axe 2 Règles de gestion'!$D$2:$F$190,3, FALSE) -> Un détachement de courte durée ne peut excéder 1 an entre la date de début et la date de fin réelle, pour les personnels détachés pour servir dans les collectivités d'outre-mer, la Nouvelle-Calédonie ou à l'étranger. | BE26: DET_D_007 | BF26: =VLOOKUP(BE26,'Axe 2 Règles de gestion'!$D$2:$F$190,3, FALSE) -> Chaque période de détachement de longue durée ne peut excéder 5 ans entre la date de début et la date de fin prévisionnelle. | BG26: DET_D_407 | BH26: =VLOOKUP(BG26,'Axe 2 Règles de gestion'!$D$2:$F$190,3, FALSE) -> Chaque période de détachement de longue durée ne peut excéder 5 ans entre la date de début et la date de fin réelle. | BM26: POS_C_100 | BN26: =VLOOKUP(BM26,'Axe 2 Règles de gestion'!$D$2:$F$190,3, FALSE) -> Lors de la demande initiale, l'agent doit être en activité. | BO26: POS_C_004 | BP26: =VLOOKUP(BO26,'Axe 2 Règles de gestion'!$D$2:$F$190,3, FALSE) -> La date de début de position doit être antérieure ou égale à la date de fin prévisionnelle de position. | BQ26: POS_C_005 | BR26: =VLOOKUP(BQ26,'Axe 2 Règles de gestion'!$D$2:$F$190,3, FALSE) -> La date de début de la position doit être postérieure ou égale à la date d'entrée dans la FPE ou dans la carrière militaire. | BS26: POS_C_007 | BT26: =VLOOKUP(BS26,'Axe 2 Règles de gestion'!$D$2:$F$190,3, FALSE) -> La date de fin réelle de la position doit être antérieure à la date limite de départ à la retraite. | BU26: POS_C_010 | BV26: =VLOOKUP(BU26,'Axe 2 Règles de gestion'!$D$2:$F$190,3, FALSE) -> La date de début de position doit être antérieure ou égale à la date de fin réelle de position. | BW26: POS_C_012 | BX26: =VLOOKUP(BW26,'Axe 2 Règles de gestion'!$D$2:$F$190,3, FALSE) -> La date de fin prévisionnelle de la position doit être antérieure à la date limite de départ à la retraite. | BY26: POS_C_022 | BZ26: =VLOOKUP(BY26,'Axe 2 Règles de gestion'!$D$2:$F$190,3, FALSE) -> La date de début de position est à J+1 de la date de fin de position de l'occurrence précédente. | CA26: POS_C_037 | CB26: =VLOOKUP(CA26,'Axe 2 Règles de gestion'!$D$2:$F$190,3, FALSE) -> Les champs "Type d'organisme d'accueil" et "Pays" de l'organisme d'accueil doivent être renseignés. | CC26: POS_C_111 | CD26: =VLOOKUP(CC26,'Axe 2 Règles de gestion'!$D$2:$F$190,3, FALSE) -> La date de fin ou la date de fin prévisionnelle doit être saisie. | CE26: POS_C_431 | CF26: =VLOOKUP(CE26,'Axe 2 Règles de gestion'!$D$2:$F$190,3, FALSE) -> Les champs "Ministère (ou institution de la République) d'accueil", "Corps d'accueil en détachement" et "Grade d'accueil en détachement" ou "Ministère (ou institution de la République) d'accueil", "Emploi fonctionnel d'accueil en détachement" et "Groupe dans un emploi fonctionnel d'accueil" sont renseignés si le "Type d'organisme d'accueil" est valorisé à FPE. | CG26: POS_C_434 | CH26: =VLOOKUP(CG26,'Axe 2 Règles de gestion'!$D$2:$F$190,3, FALSE) -> Le champ "Organisme d'accueil" doit être alimenté si le type d'organisme d'accueil est égal à 'Autre organisme', 'Fonction publique d'un état de l'Union Européenne' ou 'Fonction publique Européenne'. | CI26: POS_C_435 | CJ26: =VLOOKUP(CI26,'Axe 2 Règles de gestion'!$D$2:$F$190,3, FALSE) -> Le champ « Libellé corps/grade/emploi de détachement » est renseigné si le « Type d'organisme d'accueil » n'est pas valorisé à FPE.
A27: 21.00.00 | B27: M | C27: 44362.466 | D27: D0004 | E27: Position | F27: S0008 | G27: Détachement sortant | H27: E0102 | I27: Détachement sortant d'office auprès d'une administration, d'un office ou d'un EP de l'Etat conduisant à pension | J27: Position administrative Saisie égale à 'Détachement sortant d'office auprès d'une administration ou d'un EP de l'Etat conduisant à pension' ET Indicateur de maintien saisi = Non | K27: A_POS_POSIAD [Saisi] = 'DET02' ET A_POS_INDMAI [Saisi] = '0' | L27: T0210 | M27: Détachement sortant d'office auprès d'une administration, d'un office ou d'un EP de l'Etat conduisant à pension - Demande | N27: Création Modification | O27: Indicateur de renouvellement saisi = Non ET (Indicateur de renouvellement saisi différent d'Indicateur de renouvellement avant saisi OU Indicateur de maintien saisi différent de Indicateur de maintien avant saisi) | P27: A_POS_INDREN [Saisi] = '0' ET (A_POS_INDREN [Saisi] <> A_POS_INDREN [Valeur avant saisie] OU A_POS_INDMAI [Saisi] <> A_POS_INDMAI [Valeur avant saisie]) | Q27: Titulaire ou magistrat | R27: P0001 | S27: T | T27: Général | U27: Passant | V27: 43831 | X27: DET_I_010 ET DET_D_006 ET DET_D_406 ET DET_D_510 ET DET_D_910 ET DET_D_007 ET DET_D_407 ET POS_C_100 ET POS_C_004 ET POS_C_005 ET POS_C_007 ET POS_C_010 ET POS_C_012 ET POS_C_022 ET POS_C_037 ET POS_C_111 ET POS_C_431 ET POS_C_434 ET POS_C_120 ET POS_C_121 ET POS_C_435 | Y27: DET_I_010 | Z27: =VLOOKUP(Y27,'Axe 2 Règles de gestion'!$D$2:$F$190,3, FALSE) -> L'accord de l'administration d'accueil n'est pas nécessaire. Le détachement est de droit. | AW27: DET_D_006 | AX27: =VLOOKUP(AW27,'Axe 2 Règles de gestion'!$D$2:$F$190,3, FALSE) -> Un détachement de courte durée ne peut excéder six mois entre la date de début et la date de fin prévisionnelle | AY27: DET_D_406 | AZ27: =VLOOKUP(AY27,'Axe 2 Règles de gestion'!$D$2:$F$190,3, FALSE) -> Un détachement de courte durée ne peut excéder six mois entre la date de début et la date de fin réelle | BA27: DET_D_510 | BB27: =VLOOKUP(BA27,'Axe 2 Règles de gestion'!$D$2:$F$190,3, FALSE) -> Un détachement de courte durée ne peut excéder 1 an entre la date de début et la date de fin prévisionnelle, pour les personnels détachés pour servir dans les collectivités d'outre-mer, la Nouvelle-Calédonie ou à l'étranger. | BC27: DET_D_910 | BD27: =VLOOKUP(BC27,'Axe 2 Règles de gestion'!$D$2:$F$190,3, FALSE) -> Un détachement de courte durée ne peut excéder 1 an entre la date de début et la date de fin réelle, pour les personnels détachés pour servir dans les collectivités d'outre-mer, la Nouvelle-Calédonie ou à l'étranger. | BE27: DET_D_007 | BF27: =VLOOKUP(BE27,'Axe 2 Règles de gestion'!$D$2:$F$190,3, FALSE) -> Chaque période de détachement de longue durée ne peut excéder 5 ans entre la date de début et la date de fin prévisionnelle. | BG27: DET_D_407 | BH27: =VLOOKUP(BG27,'Axe 2 Règles de gestion'!$D$2:$F$190,3, FALSE) -> Chaque période de détachement de longue durée ne peut excéder 5 ans entre la date de début et la date de fin réelle. | BM27: POS_C_100 | BN27: =VLOOKUP(BM27,'Axe 2 Règles de gestion'!$D$2:$F$190,3, FALSE) -> Lors de la demande initiale, l'agent doit être en activité. | BO27: POS_C_004 | BP27: =VLOOKUP(BO27,'Axe 2 Règles de gestion'!$D$2:$F$190,3, FALSE) -> La date de début de position doit être antérieure ou égale à la date de fin prévisionnelle de position. | BQ27: POS_C_005 | BR27: =VLOOKUP(BQ27,'Axe 2 Règles de gestion'!$D$2:$F$190,3, FALSE) -> La date de début de la position doit être postérieure ou égale à la date d'entrée dans la FPE ou dans la carrière militaire. | BS27: POS_C_007 | BT27: =VLOOKUP(BS27,'Axe 2 Règles de gestion'!$D$2:$F$190,3, FALSE) -> La date de fin réelle de la position doit être antérieure à la date limite de départ à la retraite. | BU27: POS_C_010 | BV27: =VLOOKUP(BU27,'Axe 2 Règles de gestion'!$D$2:$F$190,3, FALSE) -> La date de début de position doit être antérieure ou égale à la date de fin réelle de position. | BW27: POS_C_012 | BX27: =VLOOKUP(BW27,'Axe 2 Règles de gestion'!$D$2:$F$190,3, FALSE) -> La date de fin prévisionnelle de la position doit être antérieure à la date limite de départ à la retraite. | BY27: POS_C_022 | BZ27: =VLOOKUP(BY27,'Axe 2 Règles de gestion'!$D$2:$F$190,3, FALSE) -> La date de début de position est à J+1 de la date de fin de position de l'occurrence précédente. | CA27: POS_C_037 | CB27: =VLOOKUP(CA27,'Axe 2 Règles de gestion'!$D$2:$F$190,3, FALSE) -> Les champs "Type d'organisme d'accueil" et "Pays" de l'organisme d'accueil doivent être renseignés. | CC27: POS_C_111 | CD27: =VLOOKUP(CC27,'Axe 2 Règles de gestion'!$D$2:$F$190,3, FALSE) -> La date de fin ou la date de fin prévisionnelle doit être saisie. | CE27: POS_C_431 | CF27: =VLOOKUP(CE27,'Axe 2 Règles de gestion'!$D$2:$F$190,3, FALSE) -> Les champs "Ministère (ou institution de la République) d'accueil", "Corps d'accueil en détachement" et "Grade d'accueil en détachement" ou "Ministère (ou institution de la République) d'accueil", "Emploi fonctionnel d'accueil en détachement" et "Groupe dans un emploi fonctionnel d'accueil" sont renseignés si le "Type d'organisme d'accueil" est valorisé à FPE. | CG27: POS_C_434 | CH27: =VLOOKUP(CG27,'Axe 2 Règles de gestion'!$D$2:$F$190,3, FALSE) -> Le champ "Organisme d'accueil" doit être alimenté si le type d'organisme d'accueil est égal à 'Autre organisme', 'Fonction publique d'un état de l'Union Européenne' ou 'Fonction publique Européenne'. | CI27: POS_C_120 | CJ27: =VLOOKUP(CI27,'Axe 2 Règles de gestion'!$D$2:$F$190,3, FALSE) -> La saisie d'une occurrence de congés/absences est interdite (date de fin réelle) | CK27: POS_C_121 | CL27: =VLOOKUP(CK27,'Axe 2 Règles de gestion'!$D$2:$F$190,3, FALSE) -> La saisie d'une occurrence de congés/absences est interdite (date de fin prévisionnelle) | CM27: POS_C_435 | CN27: =VLOOKUP(CM27,'Axe 2 Règles de gestion'!$D$2:$F$190,3, FALSE) -> Le champ « Libellé corps/grade/emploi de détachement » est renseigné si le « Type d'organisme d'accueil » n'est pas valorisé à FPE.
A28: 21.00.00 | B28: M | C28: 44362.471 | D28: D0004 | E28: Position | F28: S0008 | G28: Détachement sortant | H28: E0102 | I28: Détachement sortant d'office auprès d'une administration, d'un office ou d'un EP de l'Etat conduisant à pension | J28: Position administrative Saisie égale à 'Détachement sortant d'office auprès d'une administration ou d'un EP de l'Etat conduisant à pension' ET Indicateur de maintien saisi = Non | K28: A_POS_POSIAD [Saisi] = 'DET02' ET A_POS_INDMAI [Saisi] = '0' | L28: T0211 | M28: Détachement sortant d'office auprès d'une administration, d'un office ou d'un EP de l'Etat conduisant à pension - Renouvellement | N28: Création Modification | O28: Indicateur de renouvellement saisi = Oui ET (Indicateur de renouvellement saisi différent d'Indicateur de renouvellement avant saisi OU Indicateur de maintien saisi différent de Indicateur de maintien avant saisi) | P28: A_POS_INDREN [Saisi] = '1' ET (A_POS_INDREN [Saisi] <> A_POS_INDREN [Valeur avant saisie] OU A_POS_INDMAI [Saisi] <> A_POS_INDMAI [Valeur avant saisie]) | Q28: Titulaire ou magistrat | R28: P0001 | S28: T | T28: Général | U28: Passant | V28: 40725 | W28: 43830 | X28: DET_I_010 ET DET_I_003 ET DET_D_007 ET DET_D_407 ET DET_D_504 ET POS_C_004 ET POS_C_005 ET POS_C_007 ET POS_C_010 ET POS_C_012 ET POS_C_022 ET POS_C_037 ET POS_C_111 ET POS_C_431 ET POS_C_434 ET POS_C_435 | Y28: DET_I_010 | Z28: =VLOOKUP(Y28,'Axe 2 Règles de gestion'!$D$2:$F$190,3, FALSE) -> L'accord de l'administration d'accueil n'est pas nécessaire. Le détachement est de droit. | AA28: DET_I_003 | AB28: =VLOOKUP(AA28,'Axe 2 Règles de gestion'!$D$2:$F$190,3, FALSE) -> Le détachement peut être prononcé d'office après avis des commissions administratives paritaires et à condition que le nouvel emploi soit équivalent à l'ancien. | AW28: DET_D_007 | AX28: =VLOOKUP(AW28,'Axe 2 Règles de gestion'!$D$2:$F$190,3, FALSE) -> Chaque période de détachement de longue durée ne peut excéder 5 ans entre la date de début et la date de fin prévisionnelle. | AY28: DET_D_407 | AZ28: =VLOOKUP(AY28,'Axe 2 Règles de gestion'!$D$2:$F$190,3, FALSE) -> Chaque période de détachement de longue durée ne peut excéder 5 ans entre la date de début et la date de fin réelle. | BA28: DET_D_504 | BB28: =VLOOKUP(BA28,'Axe 2 Règles de gestion'!$D$2:$F$190,3, FALSE) -> Le renouvellement d'un détachement de courte durée est interdit. | BM28: POS_C_004 | BN28: =VLOOKUP(BM28,'Axe 2 Règles de gestion'!$D$2:$F$190,3, FALSE) -> La date de début de position doit être antérieure ou égale à la date de fin prévisionnelle de position. | BO28: POS_C_005 | BP28: =VLOOKUP(BO28,'Axe 2 Règles de gestion'!$D$2:$F$190,3, FALSE) -> La date de début de la position doit être postérieure ou égale à la date d'entrée dans la FPE ou dans la carrière militaire. | BQ28: POS_C_007 | BR28: =VLOOKUP(BQ28,'Axe 2 Règles de gestion'!$D$2:$F$190,3, FALSE) -> La date de fin réelle de la position doit être antérieure à la date limite de départ à la retraite. | BS28: POS_C_010 | BT28: =VLOOKUP(BS28,'Axe 2 Règles de gestion'!$D$2:$F$190,3, FALSE) -> La date de début de position doit être antérieure ou égale à la date de fin réelle de position. | BU28: POS_C_012 | BV28: =VLOOKUP(BU28,'Axe 2 Règles de gestion'!$D$2:$F$190,3, FALSE) -> La date de fin prévisionnelle de la position doit être antérieure à la date limite de départ à la retraite. | BW28: POS_C_022 | BX28: =VLOOKUP(BW28,'Axe 2 Règles de gestion'!$D$2:$F$190,3, FALSE) -> La date de début de position est à J+1 de la date de fin de position de l'occurrence précédente. | BY28: POS_C_037 | BZ28: =VLOOKUP(BY28,'Axe 2 Règles de gestion'!$D$2:$F$190,3, FALSE) -> Les champs "Type d'organisme d'accueil" et "Pays" de l'organisme d'accueil doivent être renseignés. | CA28: POS_C_111 | CB28: =VLOOKUP(CA28,'Axe 2 Règles de gestion'!$D$2:$F$190,3, FALSE) -> La date de fin ou la date de fin prévisionnelle doit être saisie. | CC28: POS_C_431 | CD28: =VLOOKUP(CC28,'Axe 2 Règles de gestion'!$D$2:$F$190,3, FALSE) -> Les champs "Ministère (ou institution de la République) d'accueil", "Corps d'accueil en détachement" et "Grade d'accueil en détachement" ou "Ministère (ou institution de la République) d'accueil", "Emploi fonctionnel d'accueil en détachement" et "Groupe dans un emploi fonctionnel d'accueil" sont renseignés si le "Type d'organisme d'accueil" est valorisé à FPE. | CE28: POS_C_434 | CF28: =VLOOKUP(CE28,'Axe 2 Règles de gestion'!$D$2:$F$190,3, FALSE) -> Le champ "Organisme d'accueil" doit être alimenté si le type d'organisme d'accueil est égal à 'Autre organisme', 'Fonction publique d'un état de l'Union Européenne' ou 'Fonction publique Européenne'. | CG28: POS_C_435 | CH28: =VLOOKUP(CG28,'Axe 2 Règles de gestion'!$D$2:$F$190,3, FALSE) -> Le champ « Libellé corps/grade/emploi de détachement » est renseigné si le « Type d'organisme d'accueil » n'est pas valorisé à FPE.
A29: 21.00.00 | B29: M | C29: 44362.471 | D29: D0004 | E29: Position | F29: S0008 | G29: Détachement sortant | H29: E0102 | I29: Détachement sortant d'office auprès d'une administration, d'un office ou d'un EP de l'Etat conduisant à pension | J29: Position administrative Saisie égale à 'Détachement sortant d'office auprès d'une administration ou d'un EP de l'Etat conduisant à pension' ET Indicateur de maintien saisi = Non | K29: A_POS_POSIAD [Saisi] = 'DET02' ET A_POS_INDMAI [Saisi] = '0' | L29: T0211 | M29: Détachement sortant d'office auprès d'une administration, d'un office ou d'un EP de l'Etat conduisant à pension - Renouvellement | N29: Création Modification | O29: Indicateur de renouvellement saisi = Oui ET (Indicateur de renouvellement saisi différent d'Indicateur de renouvellement avant saisi OU Indicateur de maintien saisi différent de Indicateur de maintien avant saisi) | P29: A_POS_INDREN [Saisi] = '1' ET (A_POS_INDREN [Saisi] <> A_POS_INDREN [Valeur avant saisie] OU A_POS_INDMAI [Saisi] <> A_POS_INDMAI [Valeur avant saisie]) | Q29: Titulaire ou magistrat | R29: P0001 | S29: T | T29: Général | U29: Passant | V29: 43831 | X29: DET_I_010 ET DET_D_007 ET DET_D_407 ET DET_D_504 ET POS_C_004 ET POS_C_005 ET POS_C_007 ET POS_C_010 ET POS_C_012 ET POS_C_022 ET POS_C_037 ET POS_C_111 ET POS_C_431 ET POS_C_434 ET POS_C_120 ET POS_C_121 ET POS_C_435 | Y29: DET_I_010 | Z29: =VLOOKUP(Y29,'Axe 2 Règles de gestion'!$D$2:$F$190,3, FALSE) -> L'accord de l'administration d'accueil n'est pas nécessaire. Le détachement est de droit. | AW29: DET_D_007 | AX29: =VLOOKUP(AW29,'Axe 2 Règles de gestion'!$D$2:$F$190,3, FALSE) -> Chaque période de détachement de longue durée ne peut excéder 5 ans entre la date de début et la date de fin prévisionnelle. | AY29: DET_D_407 | AZ29: =VLOOKUP(AY29,'Axe 2 Règles de gestion'!$D$2:$F$190,3, FALSE) -> Chaque période de détachement de longue durée ne peut excéder 5 ans entre la date de début et la date de fin réelle. | BA29: DET_D_504 | BB29: =VLOOKUP(BA29,'Axe 2 Règles de gestion'!$D$2:$F$190,3, FALSE) -> Le renouvellement d'un détachement de courte durée est interdit. | BM29: POS_C_004 | BN29: =VLOOKUP(BM29,'Axe 2 Règles de gestion'!$D$2:$F$190,3, FALSE) -> La date de début de position doit être antérieure ou égale à la date de fin prévisionnelle de position. | BO29: POS_C_005 | BP29: =VLOOKUP(BO29,'Axe 2 Règles de gestion'!$D$2:$F$190,3, FALSE) -> La date de début de la position doit être postérieure ou égale à la date d'entrée dans la FPE ou dans la carrière militaire. | BQ29: POS_C_007 | BR29: =VLOOKUP(BQ29,'Axe 2 Règles de gestion'!$D$2:$F$190,3, FALSE) -> La date de fin réelle de la position doit être antérieure à la date limite de départ à la retraite. | BS29: POS_C_010 | BT29: =VLOOKUP(BS29,'Axe 2 Règles de gestion'!$D$2:$F$190,3, FALSE) -> La date de début de position doit être antérieure ou égale à la date de fin réelle de position. | BU29: POS_C_012 | BV29: =VLOOKUP(BU29,'Axe 2 Règles de gestion'!$D$2:$F$190,3, FALSE) -> La date de fin prévisionnelle de la position doit être antérieure à la date limite de départ à la retraite. | BW29: POS_C_022 | BX29: =VLOOKUP(BW29,'Axe 2 Règles de gestion'!$D$2:$F$190,3, FALSE) -> La date de début de position est à J+1 de la date de fin de position de l'occurrence précédente. | BY29: POS_C_037 | BZ29: =VLOOKUP(BY29,'Axe 2 Règles de gestion'!$D$2:$F$190,3, FALSE) -> Les champs "Type d'organisme d'accueil" et "Pays" de l'organisme d'accueil doivent être renseignés. | CA29: POS_C_111 | CB29: =VLOOKUP(CA29,'Axe 2 Règles de gestion'!$D$2:$F$190,3, FALSE) -> La date de fin ou la date de fin prévisionnelle doit être saisie. | CC29: POS_C_431 | CD29: =VLOOKUP(CC29,'Axe 2 Règles de gestion'!$D$2:$F$190,3, FALSE) -> Les champs "Ministère (ou institution de la République) d'accueil", "Corps d'accueil en détachement" et "Grade d'accueil en détachement" ou "Ministère (ou institution de la République) d'accueil", "Emploi fonctionnel d'accueil en détachement" et "Groupe dans un emploi fonctionnel d'accueil" sont renseignés si le "Type d'organisme d'accueil" est valorisé à FPE. | CE29: POS_C_434 | CF29: =VLOOKUP(CE29,'Axe 2 Règles de gestion'!$D$2:$F$190,3, FALSE) -> Le champ "Organisme d'accueil" doit être alimenté si le type d'organisme d'accueil est égal à 'Autre organisme', 'Fonction publique d'un état de l'Union Européenne' ou 'Fonction publique Européenne'. | CG29: POS_C_120 | CH29: =VLOOKUP(CG29,'Axe 2 Règles de gestion'!$D$2:$F$190,3, FALSE) -> La saisie d'une occurrence de congés/absences est interdite (date de fin réelle) | CI29: POS_C_121 | CJ29: =VLOOKUP(CI29,'Axe 2 Règles de gestion'!$D$2:$F$190,3, FALSE) -> La saisie d'une occurrence de congés/absences est interdite (date de fin prévisionnelle) | CK29: POS_C_435 | CL29: =VLOOKUP(CK29,'Axe 2 Règles de gestion'!$D$2:$F$190,3, FALSE) -> Le champ « Libellé corps/grade/emploi de détachement » est renseigné si le « Type d'organisme d'accueil » n'est pas valorisé à FPE.
A30: 21.00.00 | B30: M | C30: 44362.475 | D30: D0004 | E30: Position | F30: S0008 | G30: Détachement sortant | H30: E0102 | I30: Détachement sortant d'office auprès d'une administration, d'un office ou d'un EP de l'Etat conduisant à pension | J30: Position administrative Saisie égale à 'Détachement sortant d'office auprès d'une administration ou d'un EP de l'Etat conduisant à pension' ET Indicateur de maintien saisi = Non | K30: A_POS_POSIAD [Saisi] = 'DET02' ET A_POS_INDMAI [Saisi] = '0' | L30: T0212 | M30: Détachement sortant d'office auprès d'une administration, d'un office ou d'un EP de l'Etat conduisant à pension - Réintégration | N30: Modification | O30: Indicateur de renouvellement saisi identique à Indicateur de renouvellement avant saisi ET Indicateur de maintien saisi identique à Indicateur de maintien avant saisi | P30: A_POS_INDREN [Saisi] = A_POS_INDREN [Valeur avant saisie] ET A_POS_INDMAI [Saisi] = A_POS_INDMAI [Valeur avant saisie] | Q30: Titulaire ou magistrat | R30: P0001 | S30: T | T30: Général | U30: Passant | V30: 40725 | X30: DET_I_044 ET DET_I_046 ET DET_I_042 ET DET_I_038 ET DET_I_040 ET DET_I_039 ET DET_D_006 ET DET_D_406 ET DET_D_510 ET DET_D_910 ET DET_D_007 ET DET_D_407 ET POS_C_004 ET POS_C_007 ET POS_C_010 ET POS_C_012 ET POS_C_037 ET POS_C_111 ET POS_C_431 ET POS_C_434 ET POS_C_120 ET POS_C_121 ET POS_C_435 | Y30: DET_I_044 | Z30: =VLOOKUP(Y30,'Axe 2 Règles de gestion'!$D$2:$F$190,3, FALSE) -> En cas de réintégration anticipée à l'initiative de l'agent, si l'administration d'origine ne peut pas réintégrer l'agent immédiatement, l'agent est placé en disponibilité jusqu'à ce qu'il soit réintégré à l'une des 3 premières vacances dans son grade. | AA30: DET_I_046 | AB30: =VLOOKUP(AA30,'Axe 2 Règles de gestion'!$D$2:$F$190,3, FALSE) -> En cas de réintégration anticipée à l'initiative de l'agent, s'il refuse successivement 3 postes, il peut être licencié après avis de la commission administrative paritaire. Il est maintenu en disponibilité entre chaque proposition. | AC30: DET_I_042 | AD30: =VLOOKUP(AC30,'Axe 2 Règles de gestion'!$D$2:$F$190,3, FALSE) -> En cas de réintégration anticipée à l'initiative de l'organisme d'accueil, si l'administration d'origine ne peut pas réintégrer l'agent immédiatement, il reste en détachement jusqu'à ce qu'il soit réintégré à la première vacance. | AE30: DET_I_038 | AF30: =VLOOKUP(AE30,'Axe 2 Règles de gestion'!$D$2:$F$190,3, FALSE) -> L'agent doit adresser une demande de réintégration à l'administration d'origine 3 mois au moins avant l'expiration de la période de détachement de longue durée. | AG30: DET_I_040 | AH30: =VLOOKUP(AG30,'Axe 2 Règles de gestion'!$D$2:$F$190,3, FALSE) -> En l'absence de poste vacant, l'agent est affecté dans un emploi correspondant à son grade. | AI30: DET_I_039 | AJ30: =VLOOKUP(AI30,'Axe 2 Règles de gestion'!$D$2:$F$190,3, FALSE) -> Si l'agent n'adresse pas sa demande dans les délais, il est obligatoirement réintégré à la première vacance dans son corps d'origine et affecté à un emploi correspondant à son grade. | AW30: DET_D_006 | AX30: =VLOOKUP(AW30,'Axe 2 Règles de gestion'!$D$2:$F$190,3, FALSE) -> Un détachement de courte durée ne peut excéder six mois entre la date de début et la date de fin prévisionnelle | AY30: DET_D_406 | AZ30: =VLOOKUP(AY30,'Axe 2 Règles de gestion'!$D$2:$F$190,3, FALSE) -> Un détachement de courte durée ne peut excéder six mois entre la date de début et la date de fin réelle | BA30: DET_D_510 | BB30: =VLOOKUP(BA30,'Axe 2 Règles de gestion'!$D$2:$F$190,3, FALSE) -> Un détachement de courte durée ne peut excéder 1 an entre la date de début et la date de fin prévisionnelle, pour les personnels détachés pour servir dans les collectivités d'outre-mer, la Nouvelle-Calédonie ou à l'étranger. | BC30: DET_D_910 | BD30: =VLOOKUP(BC30,'Axe 2 Règles de gestion'!$D$2:$F$190,3, FALSE) -> Un détachement de courte durée ne peut excéder 1 an entre la date de début et la date de fin réelle, pour les personnels détachés pour servir dans les collectivités d'outre-mer, la Nouvelle-Calédonie ou à l'étranger. | BE30: DET_D_007 | BF30: =VLOOKUP(BE30,'Axe 2 Règles de gestion'!$D$2:$F$190,3, FALSE) -> Chaque période de détachement de longue durée ne peut excéder 5 ans entre la date de début et la date de fin prévisionnelle. | BG30: DET_D_407 | BH30: =VLOOKUP(BG30,'Axe 2 Règles de gestion'!$D$2:$F$190,3, FALSE) -> Chaque période de détachement de longue durée ne peut excéder 5 ans entre la date de début et la date de fin réelle. | BM30: POS_C_004 | BN30: =VLOOKUP(BM30,'Axe 2 Règles de gestion'!$D$2:$F$190,3, FALSE) -> La date de début de position doit être antérieure ou égale à la date de fin prévisionnelle de position. | BO30: POS_C_007 | BP30: =VLOOKUP(BO30,'Axe 2 Règles de gestion'!$D$2:$F$190,3, FALSE) -> La date de fin réelle de la position doit être antérieure à la date limite de départ à la retraite. | BQ30: POS_C_010 | BR30: =VLOOKUP(BQ30,'Axe 2 Règles de gestion'!$D$2:$F$190,3, FALSE) -> La date de début de position doit être antérieure ou égale à la date de fin réelle de position. | BS30: POS_C_012 | BT30: =VLOOKUP(BS30,'Axe 2 Règles de gestion'!$D$2:$F$190,3, FALSE) -> La date de fin prévisionnelle de la position doit être antérieure à la date limite de départ à la retraite. | BU30: POS_C_037 | BV30: =VLOOKUP(BU30,'Axe 2 Règles de gestion'!$D$2:$F$190,3, FALSE) -> Les champs "Type d'organisme d'accueil" et "Pays" de l'organisme d'accueil doivent être renseignés. | BW30: POS_C_111 | BX30: =VLOOKUP(BW30,'Axe 2 Règles de gestion'!$D$2:$F$190,3, FALSE) -> La date de fin ou la date de fin prévisionnelle doit être saisie. | BY30: POS_C_431 | BZ30: =VLOOKUP(BY30,'Axe 2 Règles de gestion'!$D$2:$F$190,3, FALSE) -> Les champs "Ministère (ou institution de la République) d'accueil", "Corps d'accueil en détachement" et "Grade d'accueil en détachement" ou "Ministère (ou institution de la République) d'accueil", "Emploi fonctionnel d'accueil en détachement" et "Groupe dans un emploi fonctionnel d'accueil" sont renseignés si le "Type d'organisme d'accueil" est valorisé à FPE. | CA30: POS_C_434 | CB30: =VLOOKUP(CA30,'Axe 2 Règles de gestion'!$D$2:$F$190,3, FALSE) -> Le champ "Organisme d'accueil" doit être alimenté si le type d'organisme d'accueil est égal à 'Autre organisme', 'Fonction publique d'un état de l'Union Européenne' ou 'Fonction publique Européenne'. | CC30: POS_C_120 | CD30: =VLOOKUP(CC30,'Axe 2 Règles de gestion'!$D$2:$F$190,3, FALSE) -> La saisie d'une occurrence de congés/absences est interdite (date de fin réelle) | CE30: POS_C_121 | CF30: =VLOOKUP(CE30,'Axe 2 Règles de gestion'!$D$2:$F$190,3, FALSE) -> La saisie d'une occurrence de congés/absences est interdite (date de fin prévisionnelle) | CG30: POS_C_435 | CH30: =VLOOKUP(CG30,'Axe 2 Règles de gestion'!$D$2:$F$190,3, FALSE) -> Le champ « Libellé corps/grade/emploi de détachement » est renseigné si le « Type d'organisme d'accueil » n'est pas valorisé à FPE.
A31: 17.10.00 | B31: A | C31: 43152.5 | D31: D0004 | E31: Position | F31: S0008 | G31: Détachement sortant | H31: E0102 | I31: Détachement sortant d'office auprès d'une administration, d'un office ou d'un EP de l'Etat conduisant à pension | J31: Position administrative Saisie égale à 'Détachement sortant d'office auprès d'une administration ou d'un EP de l'Etat conduisant à pension' ET Indicateur de maintien saisi = Non | K31: A_POS_POSIAD [Saisi] = 'DET02' ET A_POS_INDMAI [Saisi] = '0' | L31: T0210 | M31: Détachement sortant d'office auprès d'une administration, d'un office ou d'un EP de l'Etat conduisant à pension - Demande | N31: Création Modification | O31: Indicateur de renouvellement saisi = Non ET (Indicateur de renouvellement saisi différent d'Indicateur de renouvellement avant saisi OU Indicateur de maintien saisi différent de Indicateur de maintien avant saisi) | P31: A_POS_INDREN [Saisi] = '0' ET (A_POS_INDREN [Saisi] <> A_POS_INDREN [Valeur avant saisie] OU A_POS_INDMAI [Saisi] <> A_POS_INDMAI [Valeur avant saisie]) | Q31: Contractuel | R31: P0003 | S31: N | T31: Général | U31: Exclu | V31: 40725
A32: 17.10.00 | B32: A | C32: 43152.5 | D32: D0004 | E32: Position | F32: S0008 | G32: Détachement sortant | H32: E0102 | I32: Détachement sortant d'office auprès d'une administration, d'un office ou d'un EP de l'Etat conduisant à pension | J32: Position administrative Saisie égale à 'Détachement sortant d'office auprès d'une administration ou d'un EP de l'Etat conduisant à pension' ET Indicateur de maintien saisi = Non | K32: A_POS_POSIAD [Saisi] = 'DET02' ET A_POS_INDMAI [Saisi] = '0' | L32: T0211 | M32: Détachement sortant d'office auprès d'une administration, d'un office ou d'un EP de l'Etat conduisant à pension - Renouvellement | N32: Création Modification | O32: Indicateur de renouvellement saisi = Oui ET (Indicateur de renouvellement saisi différent d'Indicateur de renouvellement avant saisi OU Indicateur de maintien saisi différent de Indicateur de maintien avant saisi) | P32: A_POS_INDREN [Saisi] = '1' ET (A_POS_INDREN [Saisi] <> A_POS_INDREN [Valeur avant saisie] OU A_POS_INDMAI [Saisi] <> A_POS_INDMAI [Valeur avant saisie]) | Q32: Contractuel | R32: P0003 | S32: N | T32: Général | U32: Exclu | V32: 40725
A33: 17.10.00 | B33: A | C33: 43152.5 | D33: D0004 | E33: Position | F33: S0008 | G33: Détachement sortant | H33: E0102 | I33: Détachement sortant d'office auprès d'une administration, d'un office ou d'un EP de l'Etat conduisant à pension | J33: Position administrative Saisie égale à 'Détachement sortant d'office auprès d'une administration ou d'un EP de l'Etat conduisant à pension' ET Indicateur de maintien saisi = Non | K33: A_POS_POSIAD [Saisi] = 'DET02' ET A_POS_INDMAI [Saisi] = '0' | L33: T0212 | M33: Détachement sortant d'office auprès d'une administration, d'un office ou d'un EP de l'Etat conduisant à pension - Réintégration | N33: Modification | O33: Indicateur de renouvellement saisi identique à Indicateur de renouvellement avant saisi ET Indicateur de maintien saisi identique à Indicateur de maintien avant saisi | P33: A_POS_INDREN [Saisi] = A_POS_INDREN [Valeur avant saisie] ET A_POS_INDMAI [Saisi] = A_POS_INDMAI [Valeur avant saisie] | Q33: Contractuel | R33: P0003 | S33: N | T33: Général | U33: Exclu | V33: 40725
A34: 21.00.00 | B34: M | C34: 44358.719 | D34: D0004 | E34: Position | F34: S0008 | G34: Détachement sortant | H34: E0102 | I34: Détachement sortant d'office auprès d'une administration, d'un office ou d'un EP de l'Etat conduisant à pension | J34: Position administrative Saisie égale à 'Détachement sortant d'office auprès d'une administration ou d'un EP de l'Etat conduisant à pension' ET Indicateur de maintien saisi = Non | K34: A_POS_POSIAD [Saisi] = 'DET02' ET A_POS_INDMAI [Saisi] = '0' | L34: T0210 | M34: Détachement sortant d'office auprès d'une administration, d'un office ou d'un EP de l'Etat conduisant à pension - Demande | N34: Création Modification | O34: Indicateur de renouvellement saisi = Non ET (Indicateur de renouvellement saisi différent d'Indicateur de renouvellement avant saisi OU Indicateur de maintien saisi différent de Indicateur de maintien avant saisi) | P34: A_POS_INDREN [Saisi] = '0' ET (A_POS_INDREN [Saisi] <> A_POS_INDREN [Valeur avant saisie] OU A_POS_INDMAI [Saisi] <> A_POS_INDMAI [Valeur avant saisie]) | Q34: Stagiaire ou auditeur ou élève | R34: P0004 | S34: S | T34: Général | U34: Passant | V34: 40725 | W34: 43830 | X34: DET_I_001 ET DET_I_010 ET DET_I_003 ET DET_D_006 ET DET_D_406 ET DET_D_510 ET DET_D_910 ET DET_D_007 ET DET_D_407 ET POS_C_100 ET POS_C_004 ET POS_C_005 ET POS_C_007 ET POS_C_010 ET POS_C_012 ET POS_C_022 ET POS_C_037 ET POS_C_111 ET POS_C_431 ET POS_C_434 ET POS_C_435 | Y34: DET_I_001 | Z34: =VLOOKUP(Y34,'Axe 2 Règles de gestion'!$D$2:$F$190,3, FALSE) -> Le détachement est possible uniquement par nécessité de service et dans un emploi qui n'est pas incompatible avec la situation de stagiaire. | AA34: DET_I_010 | AB34: =VLOOKUP(AA34,'Axe 2 Règles de gestion'!$D$2:$F$190,3, FALSE) -> L'accord de l'administration d'accueil n'est pas nécessaire. Le détachement est de droit. | AC34: DET_I_003 | AD34: =VLOOKUP(AC34,'Axe 2 Règles de gestion'!$D$2:$F$190,3, FALSE) -> Le détachement peut être prononcé d'office après avis des commissions administratives paritaires et à condition que le nouvel emploi soit équivalent à l'ancien. | AW34: DET_D_006 | AX34: =VLOOKUP(AW34,'Axe 2 Règles de gestion'!$D$2:$F$190,3, FALSE) -> Un détachement de courte durée ne peut excéder six mois entre la date de début et la date de fin prévisionnelle | AY34: DET_D_406 | AZ34: =VLOOKUP(AY34,'Axe 2 Règles de gestion'!$D$2:$F$190,3, FALSE) -> Un détachement de courte durée ne peut excéder six mois entre la date de début et la date de fin réelle | BA34: DET_D_510 | BB34: =VLOOKUP(BA34,'Axe 2 Règles de gestion'!$D$2:$F$190,3, FALSE) -> Un détachement de courte durée ne peut excéder 1 an entre la date de début et la date de fin prévisionnelle, pour les personnels détachés pour servir dans les collectivités d'outre-mer, la Nouvelle-Calédonie ou à l'étranger. | BC34: DET_D_910 | BD34: =VLOOKUP(BC34,'Axe 2 Règles de gestion'!$D$2:$F$190,3, FALSE) -> Un détachement de courte durée ne peut excéder 1 an entre la date de début et la date de fin réelle, pour les personnels détachés pour servir dans les collectivités d'outre-mer, la Nouvelle-Calédonie ou à l'étranger. | BE34: DET_D_007 | BF34: =VLOOKUP(BE34,'Axe 2 Règles de gestion'!$D$2:$F$190,3, FALSE) -> Chaque période de détachement de longue durée ne peut excéder 5 ans entre la date de début et la date de fin prévisionnelle. | BG34: DET_D_407 | BH34: =VLOOKUP(BG34,'Axe 2 Règles de gestion'!$D$2:$F$190,3, FALSE) -> Chaque période de détachement de longue durée ne peut excéder 5 ans entre la date de début et la date de fin réelle. | BM34: POS_C_100 | BN34: =VLOOKUP(BM34,'Axe 2 Règles de gestion'!$D$2:$F$190,3, FALSE) -> Lors de la demande initiale, l'agent doit être en activité. | BO34: POS_C_004 | BP34: =VLOOKUP(BO34,'Axe 2 Règles de gestion'!$D$2:$F$190,3, FALSE) -> La date de début de position doit être antérieure ou égale à la date de fin prévisionnelle de position. | BQ34: POS_C_005 | BR34: =VLOOKUP(BQ34,'Axe 2 Règles de gestion'!$D$2:$F$190,3, FALSE) -> La date de début de la position doit être postérieure ou égale à la date d'entrée dans la FPE ou dans la carrière militaire. | BS34: POS_C_007 | BT34: =VLOOKUP(BS34,'Axe 2 Règles de gestion'!$D$2:$F$190,3, FALSE) -> La date de fin réelle de la position doit être antérieure à la date limite de départ à la retraite. | BU34: POS_C_010 | BV34: =VLOOKUP(BU34,'Axe 2 Règles de gestion'!$D$2:$F$190,3, FALSE) -> La date de début de position doit être antérieure ou égale à la date de fin réelle de position. | BW34: POS_C_012 | BX34: =VLOOKUP(BW34,'Axe 2 Règles de gestion'!$D$2:$F$190,3, FALSE) -> La date de fin prévisionnelle de la position doit être antérieure à la date limite de départ à la retraite. | BY34: POS_C_022 | BZ34: =VLOOKUP(BY34,'Axe 2 Règles de gestion'!$D$2:$F$190,3, FALSE) -> La date de début de position est à J+1 de la date de fin de position de l'occurrence précédente. | CA34: POS_C_037 | CB34: =VLOOKUP(CA34,'Axe 2 Règles de gestion'!$D$2:$F$190,3, FALSE) -> Les champs "Type d'organisme d'accueil" et "Pays" de l'organisme d'accueil doivent être renseignés. | CC34: POS_C_111 | CD34: =VLOOKUP(CC34,'Axe 2 Règles de gestion'!$D$2:$F$190,3, FALSE) -> La date de fin ou la date de fin prévisionnelle doit être saisie. | CE34: POS_C_431 | CF34: =VLOOKUP(CE34,'Axe 2 Règles de gestion'!$D$2:$F$190,3, FALSE) -> Les champs "Ministère (ou institution de la République) d'accueil", "Corps d'accueil en détachement" et "Grade d'accueil en détachement" ou "Ministère (ou institution de la République) d'accueil", "Emploi fonctionnel d'accueil en détachement" et "Groupe dans un emploi fonctionnel d'accueil" sont renseignés si le "Type d'organisme d'accueil" est valorisé à FPE. | CG34: POS_C_434 | CH34: =VLOOKUP(CG34,'Axe 2 Règles de gestion'!$D$2:$F$190,3, FALSE) -> Le champ "Organisme d'accueil" doit être alimenté si le type d'organisme d'accueil est égal à 'Autre organisme', 'Fonction publique d'un état de l'Union Européenne' ou 'Fonction publique Européenne'. | CI34: POS_C_435 | CJ34: =VLOOKUP(CI34,'Axe 2 Règles de gestion'!$D$2:$F$190,3, FALSE) -> Le champ « Libellé corps/grade/emploi de détachement » est renseigné si le « Type d'organisme d'accueil » n'est pas valorisé à FPE.
A35: 21.00.00 | B35: M | C35: 44362.465 | D35: D0004 | E35: Position | F35: S0008 | G35: Détachement sortant | H35: E0102 | I35: Détachement sortant d'office auprès d'une administration, d'un office ou d'un EP de l'Etat conduisant à pension | J35: Position administrative Saisie égale à 'Détachement sortant d'office auprès d'une administration ou d'un EP de l'Etat conduisant à pension' ET Indicateur de maintien saisi = Non | K35: A_POS_POSIAD [Saisi] = 'DET02' ET A_POS_INDMAI [Saisi] = '0' | L35: T0210 | M35: Détachement sortant d'office auprès d'une administration, d'un office ou d'un EP de l'Etat conduisant à pension - Demande | N35: Création Modification | O35: Indicateur de renouvellement saisi = Non ET (Indicateur de renouvellement saisi différent d'Indicateur de renouvellement avant saisi OU Indicateur de maintien saisi différent de Indicateur de maintien avant saisi) | P35: A_POS_INDREN [Saisi] = '0' ET (A_POS_INDREN [Saisi] <> A_POS_INDREN [Valeur avant saisie] OU A_POS_INDMAI [Saisi] <> A_POS_INDMAI [Valeur avant saisie]) | Q35: Stagiaire ou auditeur ou élève | R35: P0004 | S35: S | T35: Général | U35: Passant | V35: 43831 | X35: DET_I_001 ET DET_I_010 ET DET_D_006 ET DET_D_406 ET DET_D_510 ET DET_D_910 ET DET_D_007 ET DET_D_407 ET POS_C_100 ET POS_C_004 ET POS_C_005 ET POS_C_007 ET POS_C_010 ET POS_C_012 ET POS_C_022 ET POS_C_037 ET POS_C_111 ET POS_C_431 ET POS_C_434 ET POS_C_120 ET POS_C_121 ET POS_C_435 | Y35: DET_I_001 | Z35: =VLOOKUP(Y35,'Axe 2 Règles de gestion'!$D$2:$F$190,3, FALSE) -> Le détachement est possible uniquement par nécessité de service et dans un emploi qui n'est pas incompatible avec la situation de stagiaire. | AA35: DET_I_010 | AB35: =VLOOKUP(AA35,'Axe 2 Règles de gestion'!$D$2:$F$190,3, FALSE) -> L'accord de l'administration d'accueil n'est pas nécessaire. Le détachement est de droit. | AW35: DET_D_006 | AX35: =VLOOKUP(AW35,'Axe 2 Règles de gestion'!$D$2:$F$190,3, FALSE) -> Un détachement de courte durée ne peut excéder six mois entre la date de début et la date de fin prévisionnelle | AY35: DET_D_406 | AZ35: =VLOOKUP(AY35,'Axe 2 Règles de gestion'!$D$2:$F$190,3, FALSE) -> Un détachement de courte durée ne peut excéder six mois entre la date de début et la date de fin réelle | BA35: DET_D_510 | BB35: =VLOOKUP(BA35,'Axe 2 Règles de gestion'!$D$2:$F$190,3, FALSE) -> Un détachement de courte durée ne peut excéder 1 an entre la date de début et la date de fin prévisionnelle, pour les personnels détachés pour servir dans les collectivités d'outre-mer, la Nouvelle-Calédonie ou à l'étranger. | BC35: DET_D_910 | BD35: =VLOOKUP(BC35,'Axe 2 Règles de gestion'!$D$2:$F$190,3, FALSE) -> Un détachement de courte durée ne peut excéder 1 an entre la date de début et la date de fin réelle, pour les personnels détachés pour servir dans les collectivités d'outre-mer, la Nouvelle-Calédonie ou à l'étranger. | BE35: DET_D_007 | BF35: =VLOOKUP(BE35,'Axe 2 Règles de gestion'!$D$2:$F$190,3, FALSE) -> Chaque période de détachement de longue durée ne peut excéder 5 ans entre la date de début et la date de fin prévisionnelle. | BG35: DET_D_407 | BH35: =VLOOKUP(BG35,'Axe 2 Règles de gestion'!$D$2:$F$190,3, FALSE) -> Chaque période de détachement de longue durée ne peut excéder 5 ans entre la date de début et la date de fin réelle. | BM35: POS_C_100 | BN35: =VLOOKUP(BM35,'Axe 2 Règles de gestion'!$D$2:$F$190,3, FALSE) -> Lors de la demande initiale, l'agent doit être en activité. | BO35: POS_C_004 | BP35: =VLOOKUP(BO35,'Axe 2 Règles de gestion'!$D$2:$F$190,3, FALSE) -> La date de début de position doit être antérieure ou égale à la date de fin prévisionnelle de position. | BQ35: POS_C_005 | BR35: =VLOOKUP(BQ35,'Axe 2 Règles de gestion'!$D$2:$F$190,3, FALSE) -> La date de début de la position doit être postérieure ou égale à la date d'entrée dans la FPE ou dans la carrière militaire. | BS35: POS_C_007 | BT35: =VLOOKUP(BS35,'Axe 2 Règles de gestion'!$D$2:$F$190,3, FALSE) -> La date de fin réelle de la position doit être antérieure à la date limite de départ à la retraite. | BU35: POS_C_010 | BV35: =VLOOKUP(BU35,'Axe 2 Règles de gestion'!$D$2:$F$190,3, FALSE) -> La date de début de position doit être antérieure ou égale à la date de fin réelle de position. | BW35: POS_C_012 | BX35: =VLOOKUP(BW35,'Axe 2 Règles de gestion'!$D$2:$F$190,3, FALSE) -> La date de fin prévisionnelle de la position doit être antérieure à la date limite de départ à la retraite. | BY35: POS_C_022 | BZ35: =VLOOKUP(BY35,'Axe 2 Règles de gestion'!$D$2:$F$190,3, FALSE) -> La date de début de position est à J+1 de la date de fin de position de l'occurrence précédente. | CA35: POS_C_037 | CB35: =VLOOKUP(CA35,'Axe 2 Règles de gestion'!$D$2:$F$190,3, FALSE) -> Les champs "Type d'organisme d'accueil" et "Pays" de l'organisme d'accueil doivent être renseignés. | CC35: POS_C_111 | CD35: =VLOOKUP(CC35,'Axe 2 Règles de gestion'!$D$2:$F$190,3, FALSE) -> La date de fin ou la date de fin prévisionnelle doit être saisie. | CE35: POS_C_431 | CF35: =VLOOKUP(CE35,'Axe 2 Règles de gestion'!$D$2:$F$190,3, FALSE) -> Les champs "Ministère (ou institution de la République) d'accueil", "Corps d'accueil en détachement" et "Grade d'accueil en détachement" ou "Ministère (ou institution de la République) d'accueil", "Emploi fonctionnel d'accueil en détachement" et "Groupe dans un emploi fonctionnel d'accueil" sont renseignés si le "Type d'organisme d'accueil" est valorisé à FPE. | CG35: POS_C_434 | CH35: =VLOOKUP(CG35,'Axe 2 Règles de gestion'!$D$2:$F$190,3, FALSE) -> Le champ "Organisme d'accueil" doit être alimenté si le type d'organisme d'accueil est égal à 'Autre organisme', 'Fonction publique d'un état de l'Union Européenne' ou 'Fonction publique Européenne'. | CI35: POS_C_120 | CJ35: =VLOOKUP(CI35,'Axe 2 Règles de gestion'!$D$2:$F$190,3, FALSE) -> La saisie d'une occurrence de congés/absences est interdite (date de fin réelle) | CK35: POS_C_121 | CL35: =VLOOKUP(CK35,'Axe 2 Règles de gestion'!$D$2:$F$190,3, FALSE) -> La saisie d'une occurrence de congés/absences est interdite (date de fin prévisionnelle) | CM35: POS_C_435 | CN35: =VLOOKUP(CM35,'Axe 2 Règles de gestion'!$D$2:$F$190,3, FALSE) -> Le champ « Libellé corps/grade/emploi de détachement » est renseigné si le « Type d'organisme d'accueil » n'est pas valorisé à FPE.
A36: 21.00.00 | B36: M | C36: 44362.469 | D36: D0004 | E36: Position | F36: S0008 | G36: Détachement sortant | H36: E0102 | I36: Détachement sortant d'office auprès d'une administration, d'un office ou d'un EP de l'Etat conduisant à pension | J36: Position administrative Saisie égale à 'Détachement sortant d'office auprès d'une administration ou d'un EP de l'Etat conduisant à pension' ET Indicateur de maintien saisi = Non | K36: A_POS_POSIAD [Saisi] = 'DET02' ET A_POS_INDMAI [Saisi] = '0' | L36: T0211 | M36: Détachement sortant d'office auprès d'une administration, d'un office ou d'un EP de l'Etat conduisant à pension - Renouvellement | N36: Création Modification | O36: Indicateur de renouvellement saisi = Oui ET (Indicateur de renouvellement saisi différent d'Indicateur de renouvellement avant saisi OU Indicateur de maintien saisi différent de Indicateur de maintien avant saisi) | P36: A_POS_INDREN [Saisi] = '1' ET (A_POS_INDREN [Saisi] <> A_POS_INDREN [Valeur avant saisie] OU A_POS_INDMAI [Saisi] <> A_POS_INDMAI [Valeur avant saisie]) | Q36: Stagiaire ou auditeur ou élève | R36: P0004 | S36: S | T36: Général | U36: Passant | V36: 40725 | W36: 43830 | X36: DET_I_001 ET DET_I_010 ET DET_I_003 ET DET_D_007 ET DET_D_407 ET DET_D_504 ET POS_C_004 ET POS_C_005 ET POS_C_007 ET POS_C_010 ET POS_C_012 ET POS_C_022 ET POS_C_037 ET POS_C_111 ET POS_C_431 ET POS_C_434 ET POS_C_435 | Y36: DET_I_001 | Z36: =VLOOKUP(Y36,'Axe 2 Règles de gestion'!$D$2:$F$190,3, FALSE) -> Le détachement est possible uniquement par nécessité de service et dans un emploi qui n'est pas incompatible avec la situation de stagiaire. | AA36: DET_I_010 | AB36: =VLOOKUP(AA36,'Axe 2 Règles de gestion'!$D$2:$F$190,3, FALSE) -> L'accord de l'administration d'accueil n'est pas nécessaire. Le détachement est de droit. | AC36: DET_I_003 | AD36: =VLOOKUP(AC36,'Axe 2 Règles de gestion'!$D$2:$F$190,3, FALSE) -> Le détachement peut être prononcé d'office après avis des commissions administratives paritaires et à condition que le nouvel emploi soit équivalent à l'ancien. | AW36: DET_D_007 | AX36: =VLOOKUP(AW36,'Axe 2 Règles de gestion'!$D$2:$F$190,3, FALSE) -> Chaque période de détachement de longue durée ne peut excéder 5 ans entre la date de début et la date de fin prévisionnelle. | AY36: DET_D_407 | AZ36: =VLOOKUP(AY36,'Axe 2 Règles de gestion'!$D$2:$F$190,3, FALSE) -> Chaque période de détachement de longue durée ne peut excéder 5 ans entre la date de début et la date de fin réelle. | BA36: DET_D_504 | BB36: =VLOOKUP(BA36,'Axe 2 Règles de gestion'!$D$2:$F$190,3, FALSE) -> Le renouvellement d'un détachement de courte durée est interdit. | BM36: POS_C_004 | BN36: =VLOOKUP(BM36,'Axe 2 Règles de gestion'!$D$2:$F$190,3, FALSE) -> La date de début de position doit être antérieure ou égale à la date de fin prévisionnelle de position. | BO36: POS_C_005 | BP36: =VLOOKUP(BO36,'Axe 2 Règles de gestion'!$D$2:$F$190,3, FALSE) -> La date de début de la position doit être postérieure ou égale à la date d'entrée dans la FPE ou dans la carrière militaire. | BQ36: POS_C_007 | BR36: =VLOOKUP(BQ36,'Axe 2 Règles de gestion'!$D$2:$F$190,3, FALSE) -> La date de fin réelle de la position doit être antérieure à la date limite de départ à la retraite. | BS36: POS_C_010 | BT36: =VLOOKUP(BS36,'Axe 2 Règles de gestion'!$D$2:$F$190,3, FALSE) -> La date de début de position doit être antérieure ou égale à la date de fin réelle de position. | BU36: POS_C_012 | BV36: =VLOOKUP(BU36,'Axe 2 Règles de gestion'!$D$2:$F$190,3, FALSE) -> La date de fin prévisionnelle de la position doit être antérieure à la date limite de départ à la retraite. | BW36: POS_C_022 | BX36: =VLOOKUP(BW36,'Axe 2 Règles de gestion'!$D$2:$F$190,3, FALSE) -> La date de début de position est à J+1 de la date de fin de position de l'occurrence précédente. | BY36: POS_C_037 | BZ36: =VLOOKUP(BY36,'Axe 2 Règles de gestion'!$D$2:$F$190,3, FALSE) -> Les champs "Type d'organisme d'accueil" et "Pays" de l'organisme d'accueil doivent être renseignés. | CA36: POS_C_111 | CB36: =VLOOKUP(CA36,'Axe 2 Règles de gestion'!$D$2:$F$190,3, FALSE) -> La date de fin ou la date de fin prévisionnelle doit être saisie. | CC36: POS_C_431 | CD36: =VLOOKUP(CC36,'Axe 2 Règles de gestion'!$D$2:$F$190,3, FALSE) -> Les champs "Ministère (ou institution de la République) d'accueil", "Corps d'accueil en détachement" et "Grade d'accueil en détachement" ou "Ministère (ou institution de la République) d'accueil", "Emploi fonctionnel d'accueil en détachement" et "Groupe dans un emploi fonctionnel d'accueil" sont renseignés si le "Type d'organisme d'accueil" est valorisé à FPE. | CE36: POS_C_434 | CF36: =VLOOKUP(CE36,'Axe 2 Règles de gestion'!$D$2:$F$190,3, FALSE) -> Le champ "Organisme d'accueil" doit être alimenté si le type d'organisme d'accueil est égal à 'Autre organisme', 'Fonction publique d'un état de l'Union Européenne' ou 'Fonction publique Européenne'. | CG36: POS_C_435 | CH36: =VLOOKUP(CG36,'Axe 2 Règles de gestion'!$D$2:$F$190,3, FALSE) -> Le champ « Libellé corps/grade/emploi de détachement » est renseigné si le « Type d'organisme d'accueil » n'est pas valorisé à FPE.
A37: 21.00.00 | B37: M | C37: 44362.47 | D37: D0004 | E37: Position | F37: S0008 | G37: Détachement sortant | H37: E0102 | I37: Détachement sortant d'office auprès d'une administration, d'un office ou d'un EP de l'Etat conduisant à pension | J37: Position administrative Saisie égale à 'Détachement sortant d'office auprès d'une administration ou d'un EP de l'Etat conduisant à pension' ET Indicateur de maintien saisi = Non | K37: A_POS_POSIAD [Saisi] = 'DET02' ET A_POS_INDMAI [Saisi] = '0' | L37: T0211 | M37: Détachement sortant d'office auprès d'une administration, d'un office ou d'un EP de l'Etat conduisant à pension - Renouvellement | N37: Création Modification | O37: Indicateur de renouvellement saisi = Oui ET (Indicateur de renouvellement saisi différent d'Indicateur de renouvellement avant saisi OU Indicateur de maintien saisi différent de Indicateur de maintien avant saisi) | P37: A_POS_INDREN [Saisi] = '1' ET (A_POS_INDREN [Saisi] <> A_POS_INDREN [Valeur avant saisie] OU A_POS_INDMAI [Saisi] <> A_POS_INDMAI [Valeur avant saisie]) | Q37: Stagiaire ou auditeur ou élève | R37: P0004 | S37: S | T37: Général | U37: Passant | V37: 43831 | X37: DET_I_001 ET DET_I_010 ET DET_D_007 ET DET_D_407 ET DET_D_504 ET POS_C_004 ET POS_C_005 ET POS_C_007 ET POS_C_010 ET POS_C_012 ET POS_C_022 ET POS_C_037 ET POS_C_111 ET POS_C_431 ET POS_C_434 ET POS_C_120 ET POS_C_121 ET POS_C_435 | Y37: DET_I_001 | Z37: =VLOOKUP(Y37,'Axe 2 Règles de gestion'!$D$2:$F$190,3, FALSE) -> Le détachement est possible uniquement par nécessité de service et dans un emploi qui n'est pas incompatible avec la situation de stagiaire. | AA37: DET_I_010 | AB37: =VLOOKUP(AA37,'Axe 2 Règles de gestion'!$D$2:$F$190,3, FALSE) -> L'accord de l'administration d'accueil n'est pas nécessaire. Le détachement est de droit. | AW37: DET_D_007 | AX37: =VLOOKUP(AW37,'Axe 2 Règles de gestion'!$D$2:$F$190,3, FALSE) -> Chaque période de détachement de longue durée ne peut excéder 5 ans entre la date de début et la date de fin prévisionnelle. | AY37: DET_D_407 | AZ37: =VLOOKUP(AY37,'Axe 2 Règles de gestion'!$D$2:$F$190,3, FALSE) -> Chaque période de détachement de longue durée ne peut excéder 5 ans entre la date de début et la date de fin réelle. | BA37: DET_D_504 | BB37: =VLOOKUP(BA37,'Axe 2 Règles de gestion'!$D$2:$F$190,3, FALSE) -> Le renouvellement d'un détachement de courte durée est interdit. | BM37: POS_C_004 | BN37: =VLOOKUP(BM37,'Axe 2 Règles de gestion'!$D$2:$F$190,3, FALSE) -> La date de début de position doit être antérieure ou égale à la date de fin prévisionnelle de position. | BO37: POS_C_005 | BP37: =VLOOKUP(BO37,'Axe 2 Règles de gestion'!$D$2:$F$190,3, FALSE) -> La date de début de la position doit être postérieure ou égale à la date d'entrée dans la FPE ou dans la carrière militaire. | BQ37: POS_C_007 | BR37: =VLOOKUP(BQ37,'Axe 2 Règles de gestion'!$D$2:$F$190,3, FALSE) -> La date de fin réelle de la position doit être antérieure à la date limite de départ à la retraite. | BS37: POS_C_010 | BT37: =VLOOKUP(BS37,'Axe 2 Règles de gestion'!$D$2:$F$190,3, FALSE) -> La date de début de position doit être antérieure ou égale à la date de fin réelle de position. | BU37: POS_C_012 | BV37: =VLOOKUP(BU37,'Axe 2 Règles de gestion'!$D$2:$F$190,3, FALSE) -> La date de fin prévisionnelle de la position doit être antérieure à la date limite de départ à la retraite. | BW37: POS_C_022 | BX37: =VLOOKUP(BW37,'Axe 2 Règles de gestion'!$D$2:$F$190,3, FALSE) -> La date de début de position est à J+1 de la date de fin de position de l'occurrence précédente. | BY37: POS_C_037 | BZ37: =VLOOKUP(BY37,'Axe 2 Règles de gestion'!$D$2:$F$190,3, FALSE) -> Les champs "Type d'organisme d'accueil" et "Pays" de l'organisme d'accueil doivent être renseignés. | CA37: POS_C_111 | CB37: =VLOOKUP(CA37,'Axe 2 Règles de gestion'!$D$2:$F$190,3, FALSE) -> La date de fin ou la date de fin prévisionnelle doit être saisie. | CC37: POS_C_431 | CD37: =VLOOKUP(CC37,'Axe 2 Règles de gestion'!$D$2:$F$190,3, FALSE) -> Les champs "Ministère (ou institution de la République) d'accueil", "Corps d'accueil en détachement" et "Grade d'accueil en détachement" ou "Ministère (ou institution de la République) d'accueil", "Emploi fonctionnel d'accueil en détachement" et "Groupe dans un emploi fonctionnel d'accueil" sont renseignés si le "Type d'organisme d'accueil" est valorisé à FPE. | CE37: POS_C_434 | CF37: =VLOOKUP(CE37,'Axe 2 Règles de gestion'!$D$2:$F$190,3, FALSE) -> Le champ "Organisme d'accueil" doit être alimenté si le type d'organisme d'accueil est égal à 'Autre organisme', 'Fonction publique d'un état de l'Union Européenne' ou 'Fonction publique Européenne'. | CG37: POS_C_120 | CH37: =VLOOKUP(CG37,'Axe 2 Règles de gestion'!$D$2:$F$190,3, FALSE) -> La saisie d'une occurrence de congés/absences est interdite (date de fin réelle) | CI37: POS_C_121 | CJ37: =VLOOKUP(CI37,'Axe 2 Règles de gestion'!$D$2:$F$190,3, FALSE) -> La saisie d'une occurrence de congés/absences est interdite (date de fin prévisionnelle) | CK37: POS_C_435 | CL37: =VLOOKUP(CK37,'Axe 2 Règles de gestion'!$D$2:$F$190,3, FALSE) -> Le champ « Libellé corps/grade/emploi de détachement » est renseigné si le « Type d'organisme d'accueil » n'est pas valorisé à FPE.
A38: 21.00.00 | B38: M | C38: 44362.474 | D38: D0004 | E38: Position | F38: S0008 | G38: Détachement sortant | H38: E0102 | I38: Détachement sortant d'office auprès d'une administration, d'un office ou d'un EP de l'Etat conduisant à pension | J38: Position administrative Saisie égale à 'Détachement sortant d'office auprès d'une administration ou d'un EP de l'Etat conduisant à pension' ET Indicateur de maintien saisi = Non | K38: A_POS_POSIAD [Saisi] = 'DET02' ET A_POS_INDMAI [Saisi] = '0' | L38: T0212 | M38: Détachement sortant d'office auprès d'une administration, d'un office ou d'un EP de l'Etat conduisant à pension - Réintégration | N38: Modification | O38: Indicateur de renouvellement saisi identique à Indicateur de renouvellement avant saisi ET Indicateur de maintien saisi identique à Indicateur de maintien avant saisi | P38: A_POS_INDREN [Saisi] = A_POS_INDREN [Valeur avant saisie] ET A_POS_INDMAI [Saisi] = A_POS_INDMAI [Valeur avant saisie] | Q38: Stagiaire ou auditeur ou élève | R38: P0004 | S38: S | T38: Général | U38: Passant | V38: 40725 | X38: DET_I_044 ET DET_I_046 ET DET_I_042 ET DET_I_038 ET DET_I_040 ET DET_I_039 ET DET_D_006 ET DET_D_406 ET DET_D_510 ET DET_D_910 ET DET_D_007 ET DET_D_407 ET POS_C_004 ET POS_C_007 ET POS_C_010 ET POS_C_012 ET POS_C_037 ET POS_C_111 ET POS_C_431 ET POS_C_434 ET POS_C_120 ET POS_C_121 ET POS_C_435 | Y38: DET_I_044 | Z38: =VLOOKUP(Y38,'Axe 2 Règles de gestion'!$D$2:$F$190,3, FALSE) -> En cas de réintégration anticipée à l'initiative de l'agent, si l'administration d'origine ne peut pas réintégrer l'agent immédiatement, l'agent est placé en disponibilité jusqu'à ce qu'il soit réintégré à l'une des 3 premières vacances dans son grade. | AA38: DET_I_046 | AB38: =VLOOKUP(AA38,'Axe 2 Règles de gestion'!$D$2:$F$190,3, FALSE) -> En cas de réintégration anticipée à l'initiative de l'agent, s'il refuse successivement 3 postes, il peut être licencié après avis de la commission administrative paritaire. Il est maintenu en disponibilité entre chaque proposition. | AC38: DET_I_042 | AD38: =VLOOKUP(AC38,'Axe 2 Règles de gestion'!$D$2:$F$190,3, FALSE) -> En cas de réintégration anticipée à l'initiative de l'organisme d'accueil, si l'administration d'origine ne peut pas réintégrer l'agent immédiatement, il reste en détachement jusqu'à ce qu'il soit réintégré à la première vacance. | AE38: DET_I_038 | AF38: =VLOOKUP(AE38,'Axe 2 Règles de gestion'!$D$2:$F$190,3, FALSE) -> L'agent doit adresser une demande de réintégration à l'administration d'origine 3 mois au moins avant l'expiration de la période de détachement de longue durée. | AG38: DET_I_040 | AH38: =VLOOKUP(AG38,'Axe 2 Règles de gestion'!$D$2:$F$190,3, FALSE) -> En l'absence de poste vacant, l'agent est affecté dans un emploi correspondant à son grade. | AI38: DET_I_039 | AJ38: =VLOOKUP(AI38,'Axe 2 Règles de gestion'!$D$2:$F$190,3, FALSE) -> Si l'agent n'adresse pas sa demande dans les délais, il est obligatoirement réintégré à la première vacance dans son corps d'origine et affecté à un emploi correspondant à son grade. | AW38: DET_D_006 | AX38: =VLOOKUP(AW38,'Axe 2 Règles de gestion'!$D$2:$F$190,3, FALSE) -> Un détachement de courte durée ne peut excéder six mois entre la date de début et la date de fin prévisionnelle | AY38: DET_D_406 | AZ38: =VLOOKUP(AY38,'Axe 2 Règles de gestion'!$D$2:$F$190,3, FALSE) -> Un détachement de courte durée ne peut excéder six mois entre la date de début et la date de fin réelle | BA38: DET_D_510 | BB38: =VLOOKUP(BA38,'Axe 2 Règles de gestion'!$D$2:$F$190,3, FALSE) -> Un détachement de courte durée ne peut excéder 1 an entre la date de début et la date de fin prévisionnelle, pour les personnels détachés pour servir dans les collectivités d'outre-mer, la Nouvelle-Calédonie ou à l'étranger. | BC38: DET_D_910 | BD38: =VLOOKUP(BC38,'Axe 2 Règles de gestion'!$D$2:$F$190,3, FALSE) -> Un détachement de courte durée ne peut excéder 1 an entre la date de début et la date de fin réelle, pour les personnels détachés pour servir dans les collectivités d'outre-mer, la Nouvelle-Calédonie ou à l'étranger. | BE38: DET_D_007 | BF38: =VLOOKUP(BE38,'Axe 2 Règles de gestion'!$D$2:$F$190,3, FALSE) -> Chaque période de détachement de longue durée ne peut excéder 5 ans entre la date de début et la date de fin prévisionnelle. | BG38: DET_D_407 | BH38: =VLOOKUP(BG38,'Axe 2 Règles de gestion'!$D$2:$F$190,3, FALSE) -> Chaque période de détachement de longue durée ne peut excéder 5 ans entre la date de début et la date de fin réelle. | BM38: POS_C_004 | BN38: =VLOOKUP(BM38,'Axe 2 Règles de gestion'!$D$2:$F$190,3, FALSE) -> La date de début de position doit être antérieure ou égale à la date de fin prévisionnelle de position. | BO38: POS_C_007 | BP38: =VLOOKUP(BO38,'Axe 2 Règles de gestion'!$D$2:$F$190,3, FALSE) -> La date de fin réelle de la position doit être antérieure à la date limite de départ à la retraite. | BQ38: POS_C_010 | BR38: =VLOOKUP(BQ38,'Axe 2 Règles de gestion'!$D$2:$F$190,3, FALSE) -> La date de début de position doit être antérieure ou égale à la date de fin réelle de position. | BS38: POS_C_012 | BT38: =VLOOKUP(BS38,'Axe 2 Règles de gestion'!$D$2:$F$190,3, FALSE) -> La date de fin prévisionnelle de la position doit être antérieure à la date limite de départ à la retraite. | BU38: POS_C_037 | BV38: =VLOOKUP(BU38,'Axe 2 Règles de gestion'!$D$2:$F$190,3, FALSE) -> Les champs "Type d'organisme d'accueil" et "Pays" de l'organisme d'accueil doivent être renseignés. | BW38: POS_C_111 | BX38: =VLOOKUP(BW38,'Axe 2 Règles de gestion'!$D$2:$F$190,3, FALSE) -> La date de fin ou la date de fin prévisionnelle doit être saisie. | BY38: POS_C_431 | BZ38: =VLOOKUP(BY38,'Axe 2 Règles de gestion'!$D$2:$F$190,3, FALSE) -> Les champs "Ministère (ou institution de la République) d'accueil", "Corps d'accueil en détachement" et "Grade d'accueil en détachement" ou "Ministère (ou institution de la République) d'accueil", "Emploi fonctionnel d'accueil en détachement" et "Groupe dans un emploi fonctionnel d'accueil" sont renseignés si le "Type d'organisme d'accueil" est valorisé à FPE. | CA38: POS_C_434 | CB38: =VLOOKUP(CA38,'Axe 2 Règles de gestion'!$D$2:$F$190,3, FALSE) -> Le champ "Organisme d'accueil" doit être alimenté si le type d'organisme d'accueil est égal à 'Autre organisme', 'Fonction publique d'un état de l'Union Européenne' ou 'Fonction publique Européenne'. | CC38: POS_C_120 | CD38: =VLOOKUP(CC38,'Axe 2 Règles de gestion'!$D$2:$F$190,3, FALSE) -> La saisie d'une occurrence de congés/absences est interdite (date de fin réelle) | CE38: POS_C_121 | CF38: =VLOOKUP(CE38,'Axe 2 Règles de gestion'!$D$2:$F$190,3, FALSE) -> La saisie d'une occurrence de congés/absences est interdite (date de fin prévisionnelle) | CG38: POS_C_435 | CH38: =VLOOKUP(CG38,'Axe 2 Règles de gestion'!$D$2:$F$190,3, FALSE) -> Le champ « Libellé corps/grade/emploi de détachement » est renseigné si le « Type d'organisme d'accueil » n'est pas valorisé à FPE.
A39: 17.10.00 | B39: A | C39: 43152.5 | D39: D0004 | E39: Position | F39: S0008 | G39: Détachement sortant | H39: E0102 | I39: Détachement sortant d'office auprès d'une administration, d'un office ou d'un EP de l'Etat conduisant à pension | J39: Position administrative Saisie égale à 'Détachement sortant d'office auprès d'une administration ou d'un EP de l'Etat conduisant à pension' ET Indicateur de maintien saisi = Non | K39: A_POS_POSIAD [Saisi] = 'DET02' ET A_POS_INDMAI [Saisi] = '0' | L39: T0210 | M39: Détachement sortant d'office auprès d'une administration, d'un office ou d'un EP de l'Etat conduisant à pension - Demande | N39: Création Modification | O39: Indicateur de renouvellement saisi = Non ET (Indicateur de renouvellement saisi différent d'Indicateur de renouvellement avant saisi OU Indicateur de maintien saisi différent de Indicateur de maintien avant saisi) | P39: A_POS_INDREN [Saisi] = '0' ET (A_POS_INDREN [Saisi] <> A_POS_INDREN [Valeur avant saisie] OU A_POS_INDMAI [Saisi] <> A_POS_INDMAI [Valeur avant saisie]) | Q39: Ouvrier d'état | R39: P0005 | S39: O | T39: Général | U39: Exclu | V39: 40725
A40: 17.10.00 | B40: A | C40: 43152.5 | D40: D0004 | E40: Position | F40: S0008 | G40: Détachement sortant | H40: E0102 | I40: Détachement sortant d'office auprès d'une administration, d'un office ou d'un EP de l'Etat conduisant à pension | J40: Position administrative Saisie égale à 'Détachement sortant d'office auprès d'une administration ou d'un EP de l'Etat conduisant à pension' ET Indicateur de maintien saisi = Non | K40: A_POS_POSIAD [Saisi] = 'DET02' ET A_POS_INDMAI [Saisi] = '0' | L40: T0211 | M40: Détachement sortant d'office auprès d'une administration, d'un office ou d'un EP de l'Etat conduisant à pension - Renouvellement | N40: Création Modification | O40: Indicateur de renouvellement saisi = Oui ET (Indicateur de renouvellement saisi différent d'Indicateur de renouvellement avant saisi OU Indicateur de maintien saisi différent de Indicateur de maintien avant saisi) | P40: A_POS_INDREN [Saisi] = '1' ET (A_POS_INDREN [Saisi] <> A_POS_INDREN [Valeur avant saisie] OU A_POS_INDMAI [Saisi] <> A_POS_INDMAI [Valeur avant saisie]) | Q40: Ouvrier d'état | R40: P0005 | S40: O | T40: Général | U40: Exclu | V40: 40725
A41: 17.10.00 | B41: A | C41: 43152.5 | D41: D0004 | E41: Position | F41: S0008 | G41: Détachement sortant | H41: E0102 | I41: Détachement sortant d'office auprès d'une administration, d'un office ou d'un EP de l'Etat conduisant à pension | J41: Position administrative Saisie égale à 'Détachement sortant d'office auprès d'une administration ou d'un EP de l'Etat conduisant à pension' ET Indicateur de maintien saisi = Non | K41: A_POS_POSIAD [Saisi] = 'DET02' ET A_POS_INDMAI [Saisi] = '0' | L41: T0212 | M41: Détachement sortant d'office auprès d'une administration, d'un office ou d'un EP de l'Etat conduisant à pension - Réintégration | N41: Modification | O41: Indicateur de renouvellement saisi identique à Indicateur de renouvellement avant saisi ET Indicateur de maintien saisi identique à Indicateur de maintien avant saisi | P41: A_POS_INDREN [Saisi] = A_POS_INDREN [Valeur avant saisie] ET A_POS_INDMAI [Saisi] = A_POS_INDMAI [Valeur avant saisie] | Q41: Ouvrier d'état | R41: P0005 | S41: O | T41: Général | U41: Exclu | V41: 40725
A42: 21.00.00 | B42: M | C42: 44362.467 | D42: D0004 | E42: Position | F42: S0008 | G42: Détachement sortant | H42: E0102 | I42: Détachement sortant d'office auprès d'une administration, d'un office ou d'un EP de l'Etat conduisant à pension | J42: Position administrative Saisie égale à 'Détachement sortant d'office auprès d'une administration ou d'un EP de l'Etat conduisant à pension' ET Indicateur de maintien saisi = Non | K42: A_POS_POSIAD [Saisi] = 'DET02' ET A_POS_INDMAI [Saisi] = '0' | L42: T0210 | M42: Détachement sortant d'office auprès d'une administration, d'un office ou d'un EP de l'Etat conduisant à pension - Demande | N42: Création Modification | O42: Indicateur de renouvellement saisi = Non ET (Indicateur de renouvellement saisi différent d'Indicateur de renouvellement avant saisi OU Indicateur de maintien saisi différent de Indicateur de maintien avant saisi) | P42: A_POS_INDREN [Saisi] = '0' ET (A_POS_INDREN [Saisi] <> A_POS_INDREN [Valeur avant saisie] OU A_POS_INDMAI [Saisi] <> A_POS_INDMAI [Valeur avant saisie]) | Q42: Magistrat de l'ordre judiciaire | R42: P0007 | S42: T | T42: Particulier | U42: Passant | V42: 40725 | X42: DET_I_052 ET DET_I_058 ET DET_I_054 ET DET_D_500 ET DET_D_501 ET DET_D_502 ET DET_D_503 ET DET_D_203 ET DET_D_603 ET POS_C_100 ET POS_C_004 ET POS_C_005 ET POS_C_007 ET POS_C_010 ET POS_C_012 ET POS_C_022 ET POS_C_037 ET POS_C_111 ET POS_C_431 ET POS_C_434 ET POS_C_120 ET POS_C_121 ET POS_C_435 | Y42: DET_I_052 | Z42: =VLOOKUP(Y42,'Axe 2 Règles de gestion'!$D$2:$F$190,3, FALSE) -> L'agent doit avoir accompli 4 années de services effectifs dans le corps judiciaire depuis son entrée dans la magistrature. | AA42: DET_I_058 | AB42: =VLOOKUP(AA42,'Axe 2 Règles de gestion'!$D$2:$F$190,3, FALSE) -> L'accord de l'administration d'accueil n'est pas nécessaire. Le détachement est de droit. | AC42: DET_I_054 | AD42: =VLOOKUP(AC42,'Axe 2 Règles de gestion'!$D$2:$F$190,3, FALSE) -> Le détachement est prononcé après avis de la formation du Conseil supérieur de la magistrature compétente à l'égard de l'agent. | AW42: DET_D_500 | AX42: =VLOOKUP(AW42,'Axe 2 Règles de gestion'!$D$2:$F$190,3, FALSE) -> Un détachement de courte durée ne peut excéder six mois entre la date de début et la date de fin prévisionnelle. | AY42: DET_D_501 | AZ42: =VLOOKUP(AY42,'Axe 2 Règles de gestion'!$D$2:$F$190,3, FALSE) -> Un détachement de courte durée ne peut excéder six mois entre la date de début et la date de fin réelle | BA42: DET_D_502 | BB42: =VLOOKUP(BA42,'Axe 2 Règles de gestion'!$D$2:$F$190,3, FALSE) -> Un détachement de courte durée ne peut excéder 1 an entre la date de début et la date de fin prévisionnelle, pour les personnels détachés pour servir dans les collectivités d'outre-mer, la Nouvelle-Calédonie ou à l'étranger. | BC42: DET_D_503 | BD42: =VLOOKUP(BC42,'Axe 2 Règles de gestion'!$D$2:$F$190,3, FALSE) -> Un détachement de courte durée ne peut excéder 1 an entre la date de début et la date de fin réelle, pour les personnels détachés pour servir dans les collectivités d'outre-mer, la Nouvelle-Calédonie ou à l'étranger. | BE42: DET_D_203 | BF42: =VLOOKUP(BE42,'Axe 2 Règles de gestion'!$D$2:$F$190,3, FALSE) -> Chaque période de détachement de longue durée ne peut excéder 5 ans entre la date de début et la date de fin prévisionnelle. | BG42: DET_D_603 | BH42: =VLOOKUP(BG42,'Axe 2 Règles de gestion'!$D$2:$F$190,3, FALSE) -> Chaque période de détachement de longue durée ne peut excéder 5 ans entre la date de début et la date de fin réelle. | BM42: POS_C_100 | BN42: =VLOOKUP(BM42,'Axe 2 Règles de gestion'!$D$2:$F$190,3, FALSE) -> Lors de la demande initiale, l'agent doit être en activité. | BO42: POS_C_004 | BP42: =VLOOKUP(BO42,'Axe 2 Règles de gestion'!$D$2:$F$190,3, FALSE) -> La date de début de position doit être antérieure ou égale à la date de fin prévisionnelle de position. | BQ42: POS_C_005 | BR42: =VLOOKUP(BQ42,'Axe 2 Règles de gestion'!$D$2:$F$190,3, FALSE) -> La date de début de la position doit être postérieure ou égale à la date d'entrée dans la FPE ou dans la carrière militaire. | BS42: POS_C_007 | BT42: =VLOOKUP(BS42,'Axe 2 Règles de gestion'!$D$2:$F$190,3, FALSE) -> La date de fin réelle de la position doit être antérieure à la date limite de départ à la retraite. | BU42: POS_C_010 | BV42: =VLOOKUP(BU42,'Axe 2 Règles de gestion'!$D$2:$F$190,3, FALSE) -> La date de début de position doit être antérieure ou égale à la date de fin réelle de position. | BW42: POS_C_012 | BX42: =VLOOKUP(BW42,'Axe 2 Règles de gestion'!$D$2:$F$190,3, FALSE) -> La date de fin prévisionnelle de la position doit être antérieure à la date limite de départ à la retraite. | BY42: POS_C_022 | BZ42: =VLOOKUP(BY42,'Axe 2 Règles de gestion'!$D$2:$F$190,3, FALSE) -> La date de début de position est à J+1 de la date de fin de position de l'occurrence précédente. | CA42: POS_C_037 | CB42: =VLOOKUP(CA42,'Axe 2 Règles de gestion'!$D$2:$F$190,3, FALSE) -> Les champs "Type d'organisme d'accueil" et "Pays" de l'organisme d'accueil doivent être renseignés. | CC42: POS_C_111 | CD42: =VLOOKUP(CC42,'Axe 2 Règles de gestion'!$D$2:$F$190,3, FALSE) -> La date de fin ou la date de fin prévisionnelle doit être saisie. | CE42: POS_C_431 | CF42: =VLOOKUP(CE42,'Axe 2 Règles de gestion'!$D$2:$F$190,3, FALSE) -> Les champs "Ministère (ou institution de la République) d'accueil", "Corps d'accueil en détachement" et "Grade d'accueil en détachement" ou "Ministère (ou institution de la République) d'accueil", "Emploi fonctionnel d'accueil en détachement" et "Groupe dans un emploi fonctionnel d'accueil" sont renseignés si le "Type d'organisme d'accueil" est valorisé à FPE. | CG42: POS_C_434 | CH42: =VLOOKUP(CG42,'Axe 2 Règles de gestion'!$D$2:$F$190,3, FALSE) -> Le champ "Organisme d'accueil" doit être alimenté si le type d'organisme d'accueil est égal à 'Autre organisme', 'Fonction publique d'un état de l'Union Européenne' ou 'Fonction publique Européenne'. | CI42: POS_C_120 | CJ42: =VLOOKUP(CI42,'Axe 2 Règles de gestion'!$D$2:$F$190,3, FALSE) -> La saisie d'une occurrence de congés/absences est interdite (date de fin réelle) | CK42: POS_C_121 | CL42: =VLOOKUP(CK42,'Axe 2 Règles de gestion'!$D$2:$F$190,3, FALSE) -> La saisie d'une occurrence de congés/absences est interdite (date de fin prévisionnelle) | CM42: POS_C_435 | CN42: =VLOOKUP(CM42,'Axe 2 Règles de gestion'!$D$2:$F$190,3, FALSE) -> Le champ « Libellé corps/grade/emploi de détachement » est renseigné si le « Type d'organisme d'accueil » n'est pas valorisé à FPE.
A43: 21.00.00 | B43: M | C43: 44362.472 | D43: D0004 | E43: Position | F43: S0008 | G43: Détachement sortant | H43: E0102 | I43: Détachement sortant d'office auprès d'une administration, d'un office ou d'un EP de l'Etat conduisant à pension | J43: Position administrative Saisie égale à 'Détachement sortant d'office auprès d'une administration ou d'un EP de l'Etat conduisant à pension' ET Indicateur de maintien saisi = Non | K43: A_POS_POSIAD [Saisi] = 'DET02' ET A_POS_INDMAI [Saisi] = '0' | L43: T0211 | M43: Détachement sortant d'office auprès d'une administration, d'un office ou d'un EP de l'Etat conduisant à pension - Renouvellement | N43: Création Modification | O43: Indicateur de renouvellement saisi = Oui ET (Indicateur de renouvellement saisi différent d'Indicateur de renouvellement avant saisi OU Indicateur de maintien saisi différent de Indicateur de maintien avant saisi) | P43: A_POS_INDREN [Saisi] = '1' ET (A_POS_INDREN [Saisi] <> A_POS_INDREN [Valeur avant saisie] OU A_POS_INDMAI [Saisi] <> A_POS_INDMAI [Valeur avant saisie]) | Q43: Magistrat de l'ordre judiciaire | R43: P0007 | S43: T | T43: Particulier | U43: Passant | V43: 40725 | X43: DET_I_052 ET DET_I_058 ET DET_D_203 ET DET_D_603 ET DET_D_504 ET POS_C_004 ET POS_C_005 ET POS_C_007 ET POS_C_010 ET POS_C_012 ET POS_C_022 ET POS_C_037 ET POS_C_111 ET POS_C_431 ET POS_C_434 ET POS_C_120 ET POS_C_121 ET POS_C_435 | Y43: DET_I_052 | Z43: =VLOOKUP(Y43,'Axe 2 Règles de gestion'!$D$2:$F$190,3, FALSE) -> L'agent doit avoir accompli 4 années de services effectifs dans le corps judiciaire depuis son entrée dans la magistrature. | AA43: DET_I_058 | AB43: =VLOOKUP(AA43,'Axe 2 Règles de gestion'!$D$2:$F$190,3, FALSE) -> L'accord de l'administration d'accueil n'est pas nécessaire. Le détachement est de droit. | AW43: DET_D_203 | AX43: =VLOOKUP(AW43,'Axe 2 Règles de gestion'!$D$2:$F$190,3, FALSE) -> Chaque période de détachement de longue durée ne peut excéder 5 ans entre la date de début et la date de fin prévisionnelle. | AY43: DET_D_603 | AZ43: =VLOOKUP(AY43,'Axe 2 Règles de gestion'!$D$2:$F$190,3, FALSE) -> Chaque période de détachement de longue durée ne peut excéder 5 ans entre la date de début et la date de fin réelle. | BA43: DET_D_504 | BB43: =VLOOKUP(BA43,'Axe 2 Règles de gestion'!$D$2:$F$190,3, FALSE) -> Le renouvellement d'un détachement de courte durée est interdit. | BM43: POS_C_004 | BN43: =VLOOKUP(BM43,'Axe 2 Règles de gestion'!$D$2:$F$190,3, FALSE) -> La date de début de position doit être antérieure ou égale à la date de fin prévisionnelle de position. | BO43: POS_C_005 | BP43: =VLOOKUP(BO43,'Axe 2 Règles de gestion'!$D$2:$F$190,3, FALSE) -> La date de début de la position doit être postérieure ou égale à la date d'entrée dans la FPE ou dans la carrière militaire. | BQ43: POS_C_007 | BR43: =VLOOKUP(BQ43,'Axe 2 Règles de gestion'!$D$2:$F$190,3, FALSE) -> La date de fin réelle de la position doit être antérieure à la date limite de départ à la retraite. | BS43: POS_C_010 | BT43: =VLOOKUP(BS43,'Axe 2 Règles de gestion'!$D$2:$F$190,3, FALSE) -> La date de début de position doit être antérieure ou égale à la date de fin réelle de position. | BU43: POS_C_012 | BV43: =VLOOKUP(BU43,'Axe 2 Règles de gestion'!$D$2:$F$190,3, FALSE) -> La date de fin prévisionnelle de la position doit être antérieure à la date limite de départ à la retraite. | BW43: POS_C_022 | BX43: =VLOOKUP(BW43,'Axe 2 Règles de gestion'!$D$2:$F$190,3, FALSE) -> La date de début de position est à J+1 de la date de fin de position de l'occurrence précédente. | BY43: POS_C_037 | BZ43: =VLOOKUP(BY43,'Axe 2 Règles de gestion'!$D$2:$F$190,3, FALSE) -> Les champs "Type d'organisme d'accueil" et "Pays" de l'organisme d'accueil doivent être renseignés. | CA43: POS_C_111 | CB43: =VLOOKUP(CA43,'Axe 2 Règles de gestion'!$D$2:$F$190,3, FALSE) -> La date de fin ou la date de fin prévisionnelle doit être saisie. | CC43: POS_C_431 | CD43: =VLOOKUP(CC43,'Axe 2 Règles de gestion'!$D$2:$F$190,3, FALSE) -> Les champs "Ministère (ou institution de la République) d'accueil", "Corps d'accueil en détachement" et "Grade d'accueil en détachement" ou "Ministère (ou institution de la République) d'accueil", "Emploi fonctionnel d'accueil en détachement" et "Groupe dans un emploi fonctionnel d'accueil" sont renseignés si le "Type d'organisme d'accueil" est valorisé à FPE. | CE43: POS_C_434 | CF43: =VLOOKUP(CE43,'Axe 2 Règles de gestion'!$D$2:$F$190,3, FALSE) -> Le champ "Organisme d'accueil" doit être alimenté si le type d'organisme d'accueil est égal à 'Autre organisme', 'Fonction publique d'un état de l'Union Européenne' ou 'Fonction publique Européenne'. | CG43: POS_C_120 | CH43: =VLOOKUP(CG43,'Axe 2 Règles de gestion'!$D$2:$F$190,3, FALSE) -> La saisie d'une occurrence de congés/absences est interdite (date de fin réelle) | CI43: POS_C_121 | CJ43: =VLOOKUP(CI43,'Axe 2 Règles de gestion'!$D$2:$F$190,3, FALSE) -> La saisie d'une occurrence de congés/absences est interdite (date de fin prévisionnelle) | CK43: POS_C_435 | CL43: =VLOOKUP(CK43,'Axe 2 Règles de gestion'!$D$2:$F$190,3, FALSE) -> Le champ « Libellé corps/grade/emploi de détachement » est renseigné si le « Type d'organisme d'accueil » n'est pas valorisé à FPE.
A44: 21.00.00 | B44: M | C44: 44362.476 | D44: D0004 | E44: Position | F44: S0008 | G44: Détachement sortant | H44: E0102 | I44: Détachement sortant d'office auprès d'une administration, d'un office ou d'un EP de l'Etat conduisant à pension | J44: Position administrative Saisie égale à 'Détachement sortant d'office auprès d'une administration ou d'un EP de l'Etat conduisant à pension' ET Indicateur de maintien saisi = Non | K44: A_POS_POSIAD [Saisi] = 'DET02' ET A_POS_INDMAI [Saisi] = '0' | L44: T0212 | M44: Détachement sortant d'office auprès d'une administration, d'un office ou d'un EP de l'Etat conduisant à pension - Réintégration | N44: Modification | O44: Indicateur de renouvellement saisi identique à Indicateur de renouvellement avant saisi ET Indicateur de maintien saisi identique à Indicateur de maintien avant saisi | P44: A_POS_INDREN [Saisi] = A_POS_INDREN [Valeur avant saisie] ET A_POS_INDMAI [Saisi] = A_POS_INDMAI [Valeur avant saisie] | Q44: Magistrat de l'ordre judiciaire | R44: P0007 | S44: T | T44: Particulier | U44: Passant | V44: 40725 | X44: DET_I_067 ET DET_I_065 ET DET_I_066 ET DET_D_500 ET DET_D_501 ET DET_D_502 ET DET_D_503 ET DET_D_203 ET DET_D_603 ET POS_C_004 ET POS_C_007 ET POS_C_010 ET POS_C_012 ET POS_C_037 ET POS_C_111 ET POS_C_431 ET POS_C_434 ET POS_C_120 ET POS_C_121 ET POS_C_435 | Y44: DET_I_067 | Z44: =VLOOKUP(Y44,'Axe 2 Règles de gestion'!$D$2:$F$190,3, FALSE) -> En cas de réintégration anticipée à l'initiative de l'organisme d'accueil, si l'administration d'origine ne peut pas réintégrer l'agent immédiatement, il reste en détachement jusqu'à ce qu'il soit réintégré à la première vacance. | AA44: DET_I_065 | AB44: =VLOOKUP(AA44,'Axe 2 Règles de gestion'!$D$2:$F$190,3, FALSE) -> L'agent doit adresser une demande de réintégration à l'administration d'origine 3 mois au moins avant l'expiration de la période de détachement de longue durée. | AC44: DET_I_066 | AD44: =VLOOKUP(AC44,'Axe 2 Règles de gestion'!$D$2:$F$190,3, FALSE) -> Si l'agent n'adresse pas sa demande dans les délais, il est obligatoirement réintégré à la première vacance dans son corps d'origine et affecté à un emploi correspondant à son grade. | AW44: DET_D_500 | AX44: =VLOOKUP(AW44,'Axe 2 Règles de gestion'!$D$2:$F$190,3, FALSE) -> Un détachement de courte durée ne peut excéder six mois entre la date de début et la date de fin prévisionnelle. | AY44: DET_D_501 | AZ44: =VLOOKUP(AY44,'Axe 2 Règles de gestion'!$D$2:$F$190,3, FALSE) -> Un détachement de courte durée ne peut excéder six mois entre la date de début et la date de fin réelle | BA44: DET_D_502 | BB44: =VLOOKUP(BA44,'Axe 2 Règles de gestion'!$D$2:$F$190,3, FALSE) -> Un détachement de courte durée ne peut excéder 1 an entre la date de début et la date de fin prévisionnelle, pour les personnels détachés pour servir dans les collectivités d'outre-mer, la Nouvelle-Calédonie ou à l'étranger. | BC44: DET_D_503 | BD44: =VLOOKUP(BC44,'Axe 2 Règles de gestion'!$D$2:$F$190,3, FALSE) -> Un détachement de courte durée ne peut excéder 1 an entre la date de début et la date de fin réelle, pour les personnels détachés pour servir dans les collectivités d'outre-mer, la Nouvelle-Calédonie ou à l'étranger. | BE44: DET_D_203 | BF44: =VLOOKUP(BE44,'Axe 2 Règles de gestion'!$D$2:$F$190,3, FALSE) -> Chaque période de détachement de longue durée ne peut excéder 5 ans entre la date de début et la date de fin prévisionnelle. | BG44: DET_D_603 | BH44: =VLOOKUP(BG44,'Axe 2 Règles de gestion'!$D$2:$F$190,3, FALSE) -> Chaque période de détachement de longue durée ne peut excéder 5 ans entre la date de début et la date de fin réelle. | BM44: POS_C_004 | BN44: =VLOOKUP(BM44,'Axe 2 Règles de gestion'!$D$2:$F$190,3, FALSE) -> La date de début de position doit être antérieure ou égale à la date de fin prévisionnelle de position. | BO44: POS_C_007 | BP44: =VLOOKUP(BO44,'Axe 2 Règles de gestion'!$D$2:$F$190,3, FALSE) -> La date de fin réelle de la position doit être antérieure à la date limite de départ à la retraite. | BQ44: POS_C_010 | BR44: =VLOOKUP(BQ44,'Axe 2 Règles de gestion'!$D$2:$F$190,3, FALSE) -> La date de début de position doit être antérieure ou égale à la date de fin réelle de position. | BS44: POS_C_012 | BT44: =VLOOKUP(BS44,'Axe 2 Règles de gestion'!$D$2:$F$190,3, FALSE) -> La date de fin prévisionnelle de la position doit être antérieure à la date limite de départ à la retraite. | BU44: POS_C_037 | BV44: =VLOOKUP(BU44,'Axe 2 Règles de gestion'!$D$2:$F$190,3, FALSE) -> Les champs "Type d'organisme d'accueil" et "Pays" de l'organisme d'accueil doivent être renseignés. | BW44: POS_C_111 | BX44: =VLOOKUP(BW44,'Axe 2 Règles de gestion'!$D$2:$F$190,3, FALSE) -> La date de fin ou la date de fin prévisionnelle doit être saisie. | BY44: POS_C_431 | BZ44: =VLOOKUP(BY44,'Axe 2 Règles de gestion'!$D$2:$F$190,3, FALSE) -> Les champs "Ministère (ou institution de la République) d'accueil", "Corps d'accueil en détachement" et "Grade d'accueil en détachement" ou "Ministère (ou institution de la République) d'accueil", "Emploi fonctionnel d'accueil en détachement" et "Groupe dans un emploi fonctionnel d'accueil" sont renseignés si le "Type d'organisme d'accueil" est valorisé à FPE. | CA44: POS_C_434 | CB44: =VLOOKUP(CA44,'Axe 2 Règles de gestion'!$D$2:$F$190,3, FALSE) -> Le champ "Organisme d'accueil" doit être alimenté si le type d'organisme d'accueil est égal à 'Autre organisme', 'Fonction publique d'un état de l'Union Européenne' ou 'Fonction publique Européenne'. | CC44: POS_C_120 | CD44: =VLOOKUP(CC44,'Axe 2 Règles de gestion'!$D$2:$F$190,3, FALSE) -> La saisie d'une occurrence de congés/absences est interdite (date de fin réelle) | CE44: POS_C_121 | CF44: =VLOOKUP(CE44,'Axe 2 Règles de gestion'!$D$2:$F$190,3, FALSE) -> La saisie d'une occurrence de congés/absences est interdite (date de fin prévisionnelle) | CG44: POS_C_435 | CH44: =VLOOKUP(CG44,'Axe 2 Règles de gestion'!$D$2:$F$190,3, FALSE) -> Le champ « Libellé corps/grade/emploi de détachement » est renseigné si le « Type d'organisme d'accueil » n'est pas valorisé à FPE.
A45: 21.00.00 | B45: M | C45: 44358.72 | D45: D0004 | E45: Position | F45: S0008 | G45: Détachement sortant | H45: E0102 | I45: Détachement sortant d'office auprès d'une administration, d'un office ou d'un EP de l'Etat conduisant à pension | J45: Position administrative Saisie égale à 'Détachement sortant d'office auprès d'une administration ou d'un EP de l'Etat conduisant à pension' ET Indicateur de maintien saisi = Non | K45: A_POS_POSIAD [Saisi] = 'DET02' ET A_POS_INDMAI [Saisi] = '0' | L45: T0210 | M45: Détachement sortant d'office auprès d'une administration, d'un office ou d'un EP de l'Etat conduisant à pension - Demande | N45: Création Modification | O45: Indicateur de renouvellement saisi = Non ET (Indicateur de renouvellement saisi différent d'Indicateur de renouvellement avant saisi OU Indicateur de maintien saisi différent de Indicateur de maintien avant saisi) | P45: A_POS_INDREN [Saisi] = '0' ET (A_POS_INDREN [Saisi] <> A_POS_INDREN [Valeur avant saisie] OU A_POS_INDMAI [Saisi] <> A_POS_INDMAI [Valeur avant saisie]) | Q45: Préfet ou sous-préfet | R45: P0016 | S45: T | T45: Particulier | U45: Passant | V45: 40725 | W45: 43830 | X45: DET_I_010 ET DET_I_003 ET DET_D_505 ET DET_D_007 ET DET_D_407 ET POS_C_100 ET POS_C_004 ET POS_C_005 ET POS_C_007 ET POS_C_010 ET POS_C_012 ET POS_C_022 ET POS_C_037 ET POS_C_111 ET POS_C_431 ET POS_C_434 ET POS_C_435 | Y45: DET_I_010 | Z45: =VLOOKUP(Y45,'Axe 2 Règles de gestion'!$D$2:$F$190,3, FALSE) -> L'accord de l'administration d'accueil n'est pas nécessaire. Le détachement est de droit. | AA45: DET_I_003 | AB45: =VLOOKUP(AA45,'Axe 2 Règles de gestion'!$D$2:$F$190,3, FALSE) -> Le détachement peut être prononcé d'office après avis des commissions administratives paritaires et à condition que le nouvel emploi soit équivalent à l'ancien. | AW45: DET_D_505 | AX45: =VLOOKUP(AW45,'Axe 2 Règles de gestion'!$D$2:$F$190,3, FALSE) -> Le détachement de courte durée est interdit. | AY45: DET_D_007 | AZ45: =VLOOKUP(AY45,'Axe 2 Règles de gestion'!$D$2:$F$190,3, FALSE) -> Chaque période de détachement de longue durée ne peut excéder 5 ans entre la date de début et la date de fin prévisionnelle. | BA45: DET_D_407 | BB45: =VLOOKUP(BA45,'Axe 2 Règles de gestion'!$D$2:$F$190,3, FALSE) -> Chaque période de détachement de longue durée ne peut excéder 5 ans entre la date de début et la date de fin réelle. | BM45: POS_C_100 | BN45: =VLOOKUP(BM45,'Axe 2 Règles de gestion'!$D$2:$F$190,3, FALSE) -> Lors de la demande initiale, l'agent doit être en activité. | BO45: POS_C_004 | BP45: =VLOOKUP(BO45,'Axe 2 Règles de gestion'!$D$2:$F$190,3, FALSE) -> La date de début de position doit être antérieure ou égale à la date de fin prévisionnelle de position. | BQ45: POS_C_005 | BR45: =VLOOKUP(BQ45,'Axe 2 Règles de gestion'!$D$2:$F$190,3, FALSE) -> La date de début de la position doit être postérieure ou égale à la date d'entrée dans la FPE ou dans la carrière militaire. | BS45: POS_C_007 | BT45: =VLOOKUP(BS45,'Axe 2 Règles de gestion'!$D$2:$F$190,3, FALSE) -> La date de fin réelle de la position doit être antérieure à la date limite de départ à la retraite. | BU45: POS_C_010 | BV45: =VLOOKUP(BU45,'Axe 2 Règles de gestion'!$D$2:$F$190,3, FALSE) -> La date de début de position doit être antérieure ou égale à la date de fin réelle de position. | BW45: POS_C_012 | BX45: =VLOOKUP(BW45,'Axe 2 Règles de gestion'!$D$2:$F$190,3, FALSE) -> La date de fin prévisionnelle de la position doit être antérieure à la date limite de départ à la retraite. | BY45: POS_C_022 | BZ45: =VLOOKUP(BY45,'Axe 2 Règles de gestion'!$D$2:$F$190,3, FALSE) -> La date de début de position est à J+1 de la date de fin de position de l'occurrence précédente. | CA45: POS_C_037 | CB45: =VLOOKUP(CA45,'Axe 2 Règles de gestion'!$D$2:$F$190,3, FALSE) -> Les champs "Type d'organisme d'accueil" et "Pays" de l'organisme d'accueil doivent être renseignés. | CC45: POS_C_111 | CD45: =VLOOKUP(CC45,'Axe 2 Règles de gestion'!$D$2:$F$190,3, FALSE) -> La date de fin ou la date de fin prévisionnelle doit être saisie. | CE45: POS_C_431 | CF45: =VLOOKUP(CE45,'Axe 2 Règles de gestion'!$D$2:$F$190,3, FALSE) -> Les champs "Ministère (ou institution de la République) d'accueil", "Corps d'accueil en détachement" et "Grade d'accueil en détachement" ou "Ministère (ou institution de la République) d'accueil", "Emploi fonctionnel d'accueil en détachement" et "Groupe dans un emploi fonctionnel d'accueil" sont renseignés si le "Type d'organisme d'accueil" est valorisé à FPE. | CG45: POS_C_434 | CH45: =VLOOKUP(CG45,'Axe 2 Règles de gestion'!$D$2:$F$190,3, FALSE) -> Le champ "Organisme d'accueil" doit être alimenté si le type d'organisme d'accueil est égal à 'Autre organisme', 'Fonction publique d'un état de l'Union Européenne' ou 'Fonction publique Européenne'. | CI45: POS_C_435 | CJ45: =VLOOKUP(CI45,'Axe 2 Règles de gestion'!$D$2:$F$190,3, FALSE) -> Le champ « Libellé corps/grade/emploi de détachement » est renseigné si le « Type d'organisme d'accueil » n'est pas valorisé à FPE.
A46: 21.00.00 | B46: M | C46: 44362.467 | D46: D0004 | E46: Position | F46: S0008 | G46: Détachement sortant | H46: E0102 | I46: Détachement sortant d'office auprès d'une administration, d'un office ou d'un EP de l'Etat conduisant à pension | J46: Position administrative Saisie égale à 'Détachement sortant d'office auprès d'une administration ou d'un EP de l'Etat conduisant à pension' ET Indicateur de maintien saisi = Non | K46: A_POS_POSIAD [Saisi] = 'DET02' ET A_POS_INDMAI [Saisi] = '0' | L46: T0210 | M46: Détachement sortant d'office auprès d'une administration, d'un office ou d'un EP de l'Etat conduisant à pension - Demande | N46: Création Modification | O46: Indicateur de renouvellement saisi = Non ET (Indicateur de renouvellement saisi différent d'Indicateur de renouvellement avant saisi OU Indicateur de maintien saisi différent de Indicateur de maintien avant saisi) | P46: A_POS_INDREN [Saisi] = '0' ET (A_POS_INDREN [Saisi] <> A_POS_INDREN [Valeur avant saisie] OU A_POS_INDMAI [Saisi] <> A_POS_INDMAI [Valeur avant saisie]) | Q46: Préfet ou sous-préfet | R46: P0016 | S46: T | T46: Particulier | U46: Passant | V46: 43831 | X46: DET_I_010 ET DET_D_505 ET DET_D_007 ET DET_D_407 ET POS_C_100 ET POS_C_004 ET POS_C_005 ET POS_C_007 ET POS_C_010 ET POS_C_012 ET POS_C_022 ET POS_C_037 ET POS_C_111 ET POS_C_431 ET POS_C_434 ET POS_C_120 ET POS_C_121 ET POS_C_435 | Y46: DET_I_010 | Z46: =VLOOKUP(Y46,'Axe 2 Règles de gestion'!$D$2:$F$190,3, FALSE) -> L'accord de l'administration d'accueil n'est pas nécessaire. Le détachement est de droit. | AW46: DET_D_505 | AX46: =VLOOKUP(AW46,'Axe 2 Règles de gestion'!$D$2:$F$190,3, FALSE) -> Le détachement de courte durée est interdit. | AY46: DET_D_007 | AZ46: =VLOOKUP(AY46,'Axe 2 Règles de gestion'!$D$2:$F$190,3, FALSE) -> Chaque période de détachement de longue durée ne peut excéder 5 ans entre la date de début et la date de fin prévisionnelle. | BA46: DET_D_407 | BB46: =VLOOKUP(BA46,'Axe 2 Règles de gestion'!$D$2:$F$190,3, FALSE) -> Chaque période de détachement de longue durée ne peut excéder 5 ans entre la date de début et la date de fin réelle. | BM46: POS_C_100 | BN46: =VLOOKUP(BM46,'Axe 2 Règles de gestion'!$D$2:$F$190,3, FALSE) -> Lors de la demande initiale, l'agent doit être en activité. | BO46: POS_C_004 | BP46: =VLOOKUP(BO46,'Axe 2 Règles de gestion'!$D$2:$F$190,3, FALSE) -> La date de début de position doit être antérieure ou égale à la date de fin prévisionnelle de position. | BQ46: POS_C_005 | BR46: =VLOOKUP(BQ46,'Axe 2 Règles de gestion'!$D$2:$F$190,3, FALSE) -> La date de début de la position doit être postérieure ou égale à la date d'entrée dans la FPE ou dans la carrière militaire. | BS46: POS_C_007 | BT46: =VLOOKUP(BS46,'Axe 2 Règles de gestion'!$D$2:$F$190,3, FALSE) -> La date de fin réelle de la position doit être antérieure à la date limite de départ à la retraite. | BU46: POS_C_010 | BV46: =VLOOKUP(BU46,'Axe 2 Règles de gestion'!$D$2:$F$190,3, FALSE) -> La date de début de position doit être antérieure ou égale à la date de fin réelle de position. | BW46: POS_C_012 | BX46: =VLOOKUP(BW46,'Axe 2 Règles de gestion'!$D$2:$F$190,3, FALSE) -> La date de fin prévisionnelle de la position doit être antérieure à la date limite de départ à la retraite. | BY46: POS_C_022 | BZ46: =VLOOKUP(BY46,'Axe 2 Règles de gestion'!$D$2:$F$190,3, FALSE) -> La date de début de position est à J+1 de la date de fin de position de l'occurrence précédente. | CA46: POS_C_037 | CB46: =VLOOKUP(CA46,'Axe 2 Règles de gestion'!$D$2:$F$190,3, FALSE) -> Les champs "Type d'organisme d'accueil" et "Pays" de l'organisme d'accueil doivent être renseignés. | CC46: POS_C_111 | CD46: =VLOOKUP(CC46,'Axe 2 Règles de gestion'!$D$2:$F$190,3, FALSE) -> La date de fin ou la date de fin prévisionnelle doit être saisie. | CE46: POS_C_431 | CF46: =VLOOKUP(CE46,'Axe 2 Règles de gestion'!$D$2:$F$190,3, FALSE) -> Les champs "Ministère (ou institution de la République) d'accueil", "Corps d'accueil en détachement" et "Grade d'accueil en détachement" ou "Ministère (ou institution de la République) d'accueil", "Emploi fonctionnel d'accueil en détachement" et "Groupe dans un emploi fonctionnel d'accueil" sont renseignés si le "Type d'organisme d'accueil" est valorisé à FPE. | CG46: POS_C_434 | CH46: =VLOOKUP(CG46,'Axe 2 Règles de gestion'!$D$2:$F$190,3, FALSE) -> Le champ "Organisme d'accueil" doit être alimenté si le type d'organisme d'accueil est égal à 'Autre organisme', 'Fonction publique d'un état de l'Union Européenne' ou 'Fonction publique Européenne'. | CI46: POS_C_120 | CJ46: =VLOOKUP(CI46,'Axe 2 Règles de gestion'!$D$2:$F$190,3, FALSE) -> La saisie d'une occurrence de congés/absences est interdite (date de fin réelle) | CK46: POS_C_121 | CL46: =VLOOKUP(CK46,'Axe 2 Règles de gestion'!$D$2:$F$190,3, FALSE) -> La saisie d'une occurrence de congés/absences est interdite (date de fin prévisionnelle) | CM46: POS_C_435 | CN46: =VLOOKUP(CM46,'Axe 2 Règles de gestion'!$D$2:$F$190,3, FALSE) -> Le champ « Libellé corps/grade/emploi de détachement » est renseigné si le « Type d'organisme d'accueil » n'est pas valorisé à FPE.
