Workbook

Sheet Mode opératoire
B1: MODE OPERATOIRE
B2: La transaction s'effectue au niveau de la sous-rubrique Position statutaire/situation administrative.

Sheet Axe 1 Enchainement des RG
A1: Version | B1: Type de mise à jour | C1: Date de mise à jour | D1: Identifiant Domaine | E1: Libellé du Domaine | F1: Identifiant Sous-domaine | G1: Libellé du Sous-domaine | H1: Identifiant Evénement | I1: Libellé de l'évènement | J1: Libellé condition déclenchement Evènement | K1: Condition déclenchement Evènement | L1: Identifiant type d'évènement | M1: Libellé type d'évènement | N1: Type de mise à jour | O1: Libellé condition déclenchement Type Evènement | P1: Condition déclenchement Type Evènement | Q1: Libellé Population | R1: Codification Population | S1: Général / Particulier | T1: Passant / Exclu | U1: Date de début | V1: Date de fin | W1: Règles mobilisées | X1: Identifiant Règle de contrôle intellectuel 1 | Y1: Libellé Règle de contrôle intellectuel 1 | Z1: Identifiant Règle de contrôle intellectuel 2 | AA1: Libellé Règle de contrôle intellectuel 2 | AB1: Identifiant Règle de contrôle intellectuel 3 | AC1: Libellé Règle de contrôle intellectuel 3 | AD1: Identifiant Règle de contrôle intellectuel 4 | AE1: Libellé Règle de contrôle intellectuel 4 | AF1: Identifiant Règle de contrôle intellectuel 5 | AG1: Libellé Règle de contrôle intellectuel 5 | AH1: Identifiant Règle de contrôle intellectuel 6 | AI1: Libellé Règle de contrôle intellectuel 6 | AJ1: Identifiant Règle de contrôle intellectuel 7 | AK1: Libellé Règle de contrôle intellectuel 7 | AL1: Identifiant Règle de contrôle intellectuel 8 | AM1: Libellé Règle de contrôle intellectuel 8 | AN1: Identifiant Règle de condition 1 | AO1: Libellé Règle de condition 1 | AP1: Identifiant Règle de condition 2 | AQ1: Libellé Règle de condition 2 | AR1: Identifiant Règle de condition 3 | AS1: Libellé Règle de condition 3 | AT1: Identifiant Règle de condition 4 | AU1: Libellé Règle de condition 4 | AV1: Identifiant Règle de condition 5 | AW1: Libellé Règle de condition 5 | AX1: Identifiant Règle de condition 6 | AY1: Libellé Règle de condition 6 | AZ1: Identifiant Règle de condition 7 | BA1: Libellé Règle de condition 7 | BB1: Identifiant Règle de contrôle 1 | BC1: Libellé Règle de contrôle 1 | BD1: Identifiant Règle de contrôle 2 | BE1: Libellé Règle de contrôle 2 | BF1: Identifiant Règle de contrôle 3 | BG1: Libellé Règle de contrôle 3 | BH1: Identifiant Règle de contrôle 4 | BI1: Libellé Règle de contrôle 4 | BJ1: Identifiant Règle de contrôle 5 | BK1: Libellé Règle de contrôle 5 | BL1: Identifiant Règle de contrôle 6 | BM1: Libellé Règle de contrôle 6 | BN1: Identifiant Règle de contrôle 7 | BO1: Libellé Règle de contrôle 7 | BP1: Identifiant Règle de contrôle 8 | BQ1: Libellé Règle de contrôle 8 | BR1: Identifiant Règle de contrôle 9 | BS1: Libellé Règle de contrôle 9 | BT1: Identifiant Règle de contrôle 10 | BU1: Libellé Règle de contrôle 10 | BV1: Identifiant Règle de contrôle 11 | BW1: Libellé Règle de contrôle 11 | BX1: Identifiant Règle de contrôle 12 | BY1: Libellé Règle de contrôle 12 | BZ1: Identifiant Règle de contrôle 13 | CA1: Libellé Règle de contrôle 13 | CB1: FIME | CC1: Statut de travail
A2: 22.10.00 | B2: A | C2: 44970.484 | D2: D0004 | E2: Position | F2: S0166 | G2: Congé pour convenances personnelles (militaire) | H2: E0918 | I2: Congé pour convenances personnelles militaire | J2: La position saisie est 'Congé pour convenances personnelles militaire' | K2: A_POS_POSIAD [Saisi] = 'NAM25' | L2: T2240 | M2: Congé pour convenances personnelles (militaire) - Demande | N2: Création Modification | O2: Indicateur de renouvellement saisi = Non ET (Indicateur de renouvellement saisi différent d'Indicateur de renouvellement avant saisi) | P2: A_POS_INDREN [Saisi] = '0' ET (A_POS_INDREN [Saisi] <> A_POS_INDREN [Valeur avant saisie]) | Q2: Titulaire ou magistrat | R2: P0001 | S2: Général | T2: Exclu | U2: 43831
A3: 22.10.00 | B3: A | C3: 44970.486 | D3: D0004 | E3: Position | F3: S0166 | G3: Congé pour convenances personnelles (militaire) | H3: E0918 | I3: Congé pour convenances personnelles militaire | J3: La position saisie est 'Congé pour convenances personnelles militaire' | K3: A_POS_POSIAD [Saisi] = 'NAM25' | L3: T2241 | M3: Congé pour convenances personnelles (militaire) - Renouvellement | N3: Création Modification | O3: Indicateur de renouvellement saisi = Oui ET (Indicateur de renouvellement saisi différent d'Indicateur de renouvellement avant saisi) | P3: A_POS_INDREN [Saisi] = '1' ET (A_POS_INDREN [Saisi] <> A_POS_INDREN [Valeur avant saisie] | Q3: Titulaire ou magistrat | R3: P0001 | S3: Général | T3: Exclu | U3: 43831
A4: 22.10.00 | B4: A | C4: 44970.493 | D4: D0004 | E4: Position | F4: S0166 | G4: Congé pour convenances personnelles (militaire) | H4: E0918 | I4: Congé pour convenances personnelles militaire | J4: La position saisie est 'Congé pour convenances personnelles militaire' | K4: A_POS_POSIAD [Saisi] = 'NAM25' | L4: T2242 | M4: Congé pour convenances personnelles (militaire) - Fin | N4: Modification | O4: Indicateur de renouvellement saisi identique à Indicateur de renouvellement avant saisi | P4: A_POS_INDREN [Saisi] = A_POS_INDREN [Valeur avant saisie] | Q4: Titulaire ou magistrat | R4: P0001 | S4: Général | T4: Exclu | U4: 43831
A5: 22.10.00 | B5: A | C5: 44970.485 | D5: D0004 | E5: Position | F5: S0166 | G5: Congé pour convenances personnelles (militaire) | H5: E0918 | I5: Congé pour convenances personnelles militaire | J5: La position saisie est 'Congé pour convenances personnelles militaire' | K5: A_POS_POSIAD [Saisi] = 'NAM25' | L5: T2240 | M5: Congé pour convenances personnelles (militaire) - Demande | N5: Création Modification | O5: Indicateur de renouvellement saisi = Non ET (Indicateur de renouvellement saisi différent d'Indicateur de renouvellement avant saisi) | P5: A_POS_INDREN [Saisi] = '0' ET (A_POS_INDREN [Saisi] <> A_POS_INDREN [Valeur avant saisie]) | Q5: Militaire | R5: P0002 | S5: Général | T5: Exclu | U5: 43831
A6: 22.10.00 | B6: A | C6: 44970.487 | D6: D0004 | E6: Position | F6: S0166 | G6: Congé pour convenances personnelles (militaire) | H6: E0918 | I6: Congé pour convenances personnelles militaire | J6: La position saisie est 'Congé pour convenances personnelles militaire' | K6: A_POS_POSIAD [Saisi] = 'NAM25' | L6: T2241 | M6: Congé pour convenances personnelles (militaire) - Renouvellement | N6: Création Modification | O6: Indicateur de renouvellement saisi = Oui ET (Indicateur de renouvellement saisi différent d'Indicateur de renouvellement avant saisi) | P6: A_POS_INDREN [Saisi] = '1' ET (A_POS_INDREN [Saisi] <> A_POS_INDREN [Valeur avant saisie] | Q6: Militaire | R6: P0002 | S6: Général | T6: Exclu | U6: 43831
A7: 22.10.00 | B7: A | C7: 44970.493 | D7: D0004 | E7: Position | F7: S0166 | G7: Congé pour convenances personnelles (militaire) | H7: E0918 | I7: Congé pour convenances personnelles militaire | J7: La position saisie est 'Congé pour convenances personnelles militaire' | K7: A_POS_POSIAD [Saisi] = 'NAM25' | L7: T2242 | M7: Congé pour convenances personnelles (militaire) - Fin | N7: Modification | O7: Indicateur de renouvellement saisi identique à Indicateur de renouvellement avant saisi | P7: A_POS_INDREN [Saisi] = A_POS_INDREN [Valeur avant saisie] | Q7: Militaire | R7: P0002 | S7: Général | T7: Exclu | U7: 43831
A8: 22.10.00 | B8: A | C8: 44970.485 | D8: D0004 | E8: Position | F8: S0166 | G8: Congé pour convenances personnelles (militaire) | H8: E0918 | I8: Congé pour convenances personnelles militaire | J8: La position saisie est 'Congé pour convenances personnelles militaire' | K8: A_POS_POSIAD [Saisi] = 'NAM25' | L8: T2240 | M8: Congé pour convenances personnelles (militaire) - Demande | N8: Création Modification | O8: Indicateur de renouvellement saisi = Non ET (Indicateur de renouvellement saisi différent d'Indicateur de renouvellement avant saisi) | P8: A_POS_INDREN [Saisi] = '0' ET (A_POS_INDREN [Saisi] <> A_POS_INDREN [Valeur avant saisie]) | Q8: Contractuel | R8: P0003 | S8: Général | T8: Exclu | U8: 43831
A9: 22.10.00 | B9: A | C9: 44970.488 | D9: D0004 | E9: Position | F9: S0166 | G9: Congé pour convenances personnelles (militaire) | H9: E0918 | I9: Congé pour convenances personnelles militaire | J9: La position saisie est 'Congé pour convenances personnelles militaire' | K9: A_POS_POSIAD [Saisi] = 'NAM25' | L9: T2241 | M9: Congé pour convenances personnelles (militaire) - Renouvellement | N9: Création Modification | O9: Indicateur de renouvellement saisi = Oui ET (Indicateur de renouvellement saisi différent d'Indicateur de renouvellement avant saisi) | P9: A_POS_INDREN [Saisi] = '1' ET (A_POS_INDREN [Saisi] <> A_POS_INDREN [Valeur avant saisie] | Q9: Contractuel | R9: P0003 | S9: Général | T9: Exclu | U9: 43831
A10: 22.10.00 | B10: A | C10: 44970.493 | D10: D0004 | E10: Position | F10: S0166 | G10: Congé pour convenances personnelles (militaire) | H10: E0918 | I10: Congé pour convenances personnelles militaire | J10: La position saisie est 'Congé pour convenances personnelles militaire' | K10: A_POS_POSIAD [Saisi] = 'NAM25' | L10: T2242 | M10: Congé pour convenances personnelles (militaire) - Fin | N10: Modification | O10: Indicateur de renouvellement saisi identique à Indicateur de renouvellement avant saisi | P10: A_POS_INDREN [Saisi] = A_POS_INDREN [Valeur avant saisie] | Q10: Contractuel | R10: P0003 | S10: Général | T10: Exclu | U10: 43831
A11: 22.10.00 | B11: A | C11: 44970.486 | D11: D0004 | E11: Position | F11: S0166 | G11: Congé pour convenances personnelles (militaire) | H11: E0918 | I11: Congé pour convenances personnelles militaire | J11: La position saisie est 'Congé pour convenances personnelles militaire' | K11: A_POS_POSIAD [Saisi] = 'NAM25' | L11: T2240 | M11: Congé pour convenances personnelles (militaire) - Demande | N11: Création Modification | O11: Indicateur de renouvellement saisi = Non ET (Indicateur de renouvellement saisi différent d'Indicateur de renouvellement avant saisi) | P11: A_POS_INDREN [Saisi] = '0' ET (A_POS_INDREN [Saisi] <> A_POS_INDREN [Valeur avant saisie]) | Q11: Stagiaire ou auditeur ou élève | R11: P0004 | S11: Général | T11: Exclu | U11: 43831
A12: 22.10.00 | B12: A | C12: 44974.546 | D12: D0004 | E12: Position | F12: S0166 | G12: Congé pour convenances personnelles (militaire) | H12: E0918 | I12: Congé pour convenances personnelles militaire | J12: La position saisie est 'Congé pour convenances personnelles militaire' | K12: A_POS_POSIAD [Saisi] = 'NAM25' | L12: T2241 | M12: Congé pour convenances personnelles (militaire) - Renouvellement | N12: Création Modification | O12: Indicateur de renouvellement saisi = Oui ET (Indicateur de renouvellement saisi différent d'Indicateur de renouvellement avant saisi) | P12: A_POS_INDREN [Saisi] = '1' ET (A_POS_INDREN [Saisi] <> A_POS_INDREN [Valeur avant saisie] | Q12: Stagiaire ou auditeur ou élève | R12: P0004 | S12: Général | T12: Exclu | U12: 43832
A13: 22.10.00 | B13: A | C13: 44974.552 | D13: D0004 | E13: Position | F13: S0166 | G13: Congé pour convenances personnelles (militaire) | H13: E0918 | I13: Congé pour convenances personnelles militaire | J13: La position saisie est 'Congé pour convenances personnelles militaire' | K13: A_POS_POSIAD [Saisi] = 'NAM25' | L13: T2242 | M13: Congé pour convenances personnelles (militaire) - Fin | N13: Modification | O13: Indicateur de renouvellement saisi identique à Indicateur de renouvellement avant saisi | P13: A_POS_INDREN [Saisi] = A_POS_INDREN [Valeur avant saisie] | Q13: Stagiaire ou auditeur ou élève | R13: P0004 | S13: Général | T13: Exclu | U13: 43832
... A16: 22.10.00 | B16: A | C16: 44970.494 | D16: D0004 | E16: Position | F16: S0166 | G16: Congé pour convenances personnelles (militaire) | H16: E0918 | I16: Congé pour convenances personnelles militaire | J16: La position saisie est 'Congé pour convenances personnelles militaire' | K16: A_POS_POSIAD [Saisi] = 'NAM25' | L16: T2242 | M16: Congé pour convenances personnelles (militaire) - Fin | N16: Modification | O16: Indicateur de renouvellement saisi identique à Indicateur de renouvellement avant saisi | P16: A_POS_INDREN [Saisi] = A_POS_INDREN [Valeur avant saisie] | Q16: Ouvrier d'état | R16: P0005 | S16: Général | T16: Exclu | U16: 43831
A17: 24.00.00 | B17: M | C17: 45428.472 | D17: D0004 | E17: Position | F17: S0166 | G17: Congé pour convenances personnelles (militaire) | H17: E0918 | I17: Congé pour convenances personnelles militaire | J17: La position saisie est 'Congé pour convenances personnelles militaire' | K17: A_POS_POSIAD [Saisi] = 'NAM25' | L17: T2240 | M17: Congé pour convenances personnelles (militaire) - Demande | N17: Création Modification | O17: Indicateur de renouvellement saisi = Non ET (Indicateur de renouvellement saisi différent d'Indicateur de renouvellement avant saisi) | P17: A_POS_INDREN [Saisi] = '0' ET (A_POS_INDREN [Saisi] <> A_POS_INDREN [Valeur avant saisie]) | Q17: Militaire sous contrat | R17: P0145 | S17: Particulier | T17: Passant | U17: 43831 | V17: 45123 | W17: CCP_I_003 ET CCP_I_011 ET CCP_I_012 ET CCP_I_013 ET CCP_I_001 ET CCP_I_002 ET CCP_I_004 ET CCP_I_014 ET CCP_D_004 ET CCP_D_001 ET CCP_D_005 ET CCP_D_002 ET CCP_D_003 ET POS_C_004 ET POS_C_007 ET POS_C_009 ET POS_C_010 ET POS_C_012 ET POS_C_022 ET POS_C_111 ET POS_C_120 ET POS_C_121 | X17: CCP_I_003 | Y17: =VLOOKUP(X17,'Axe 2 Règles de gestion'!$D$2:$F$49,3, FALSE) -> Le militaire doit avoir accompli au moins 4 ans de services, dont 2 ans pour les officiers en cette qualité, sauf exceptions. | Z17: CCP_I_011 | AA17: =VLOOKUP(Z17,'Axe 2 Règles de gestion'!$D$2:$F$49,3, FALSE) -> La condition de service n'est pas exigée pour suivre son conjoint ou son partenaire lié par un PACS lorsque celui-ci est astreint à établir sa résidence habituelle, en raison de sa profession, en un lieu éloigné d'affectation du militaire. | AB17: CCP_I_012 | AC17: =VLOOKUP(AB17,'Axe 2 Règles de gestion'!$D$2:$F$49,3, FALSE) -> La condition de service n'est pas exigée du militaire qui sollicite un congé pour donner des soins à un enfant à charge, au conjoint, au partenaire avec lequel il est lié par un PACS, ou à un ascendant. | AD17: CCP_I_013 | AE17: =VLOOKUP(AD17,'Axe 2 Règles de gestion'!$D$2:$F$49,3, FALSE) -> Les soins font suite à un accident ou une maladie grave ou à un handicap nécessitant la présence d'une tierce personne. | AF17: CCP_I_001 | AG17: =VLOOKUP(AF17,'Axe 2 Règles de gestion'!$D$2:$F$49,3, FALSE) -> Le militaire doit présenter une demande. | AH17: CCP_I_002 | AI17: =VLOOKUP(AH17,'Axe 2 Règles de gestion'!$D$2:$F$49,3, FALSE) -> Le militaire est placé en congé par décision du ministre compétent. | AJ17: CCP_I_004 | AK17: =VLOOKUP(AJ17,'Axe 2 Règles de gestion'!$D$2:$F$49,3, FALSE) -> Le militaire officier qui demande à être placé dans ce congé, est tenu d'informer sans délai par écrit le ministre compétent de la nature de l'activité privée lucrative qu'il se propose d'exercer. | AL17: CCP_I_014 | AM17: =VLOOKUP(AL17,'Axe 2 Règles de gestion'!$D$2:$F$49,3, FALSE) -> Le militaire officier est tenu d'informer sans délai par écrit le ministre compétent de tout changement d'activité privée lucrative. | AN17: CCP_D_004 | AO17: =VLOOKUP(AN17,'Axe 2 Règles de gestion'!$D$2:$F$49,3, FALSE) -> La durée prévisionnelle du congé ne peut pas excéder 2 ans pour chaque période. | AP17: CCP_D_001 | AQ17: =VLOOKUP(AP17,'Axe 2 Règles de gestion'!$D$2:$F$49,3, FALSE) -> La durée réelle du congé ne peut pas excéder 2 ans pour chaque période. | AR17: CCP_D_005 | AS17: =VLOOKUP(AR17,'Axe 2 Règles de gestion'!$D$2:$F$49,3, FALSE) -> La durée cumulée de l'ensemble des congés pour convenances personnelles ne doit pas excéder 10 ans. | AT17: CCP_D_002 | AU17: =VLOOKUP(AT17,'Axe 2 Règles de gestion'!$D$2:$F$49,3, FALSE) -> La date de fin réelle du congé doit être antérieure ou égale à la date limite de fin réelle ou prévisionnelle du lien juridique. Le militaire ne voit pas son contrat prorogé jusqu'à la date de fin du congé. | AV17: CCP_D_003 | AW17: =VLOOKUP(AV17,'Axe 2 Règles de gestion'!$D$2:$F$49,3, FALSE) -> La date de fin prévisionnelle du congé doit être antérieure ou égale à la date limite de fin réelle ou prévisionnelle du lien juridique. Le militaire ne voit pas son contrat prorogé jusqu'à la date de fin du congé. | BB17: POS_C_004 | BC17: =VLOOKUP(BB17,'Axe 2 Règles de gestion'!$D$2:$F$49,3, FALSE) -> La date de début de position doit être antérieure ou égale à la date de fin prévisionnelle de position. | BD17: POS_C_007 | BE17: =VLOOKUP(BD17,'Axe 2 Règles de gestion'!$D$2:$F$49,3, FALSE) -> La date de fin réelle de la position doit être antérieure à la date limite de départ à la retraite. | BF17: POS_C_009 | BG17: =VLOOKUP(BF17,'Axe 2 Règles de gestion'!$D$2:$F$49,3, FALSE) -> La date de début de la position doit être postérieure ou égale à la date de début du lien juridique. | BH17: POS_C_010 | BI17: =VLOOKUP(BH17,'Axe 2 Règles de gestion'!$D$2:$F$49,3, FALSE) -> La date de début de position doit être antérieure ou égale à la date de fin réelle de position. | BJ17: POS_C_012 | BK17: =VLOOKUP(BJ17,'Axe 2 Règles de gestion'!$D$2:$F$49,3, FALSE) -> La date de fin prévisionnelle de la position doit être antérieure à la date limite de départ à la retraite. | BL17: POS_C_022 | BM17: =VLOOKUP(BL17,'Axe 2 Règles de gestion'!$D$2:$F$49,3, FALSE) -> La date de début de position est à J+1 de la date de fin de position de l'occurrence précédente. | BN17: POS_C_111 | BO17: =VLOOKUP(BN17,'Axe 2 Règles de gestion'!$D$2:$F$49,3, FALSE) -> La date de fin ou la date de fin prévisionnelle doit être saisie. | BP17: POS_C_120 | BQ17: =VLOOKUP(BP17,'Axe 2 Règles de gestion'!$D$2:$F$49,3, FALSE) -> La saisie d'une occurrence de congés/absences est interdite (date de fin réelle) | BR17: POS_C_121 | BS17: =VLOOKUP(BR17,'Axe 2 Règles de gestion'!$D$2:$F$49,3, FALSE) -> La saisie d'une occurrence de congés/absences est interdite (date de fin prévisionnelle)
A18: 24.00.00 | B18: A | C18: 45428.472 | D18: D0004 | E18: Position | F18: S0166 | G18: Congé pour convenances personnelles (militaire) | H18: E0918 | I18: Congé pour convenances personnelles militaire | J18: La position saisie est 'Congé pour convenances personnelles militaire' | K18: A_POS_POSIAD [Saisi] = 'NAM25' | L18: T2240 | M18: Congé pour convenances personnelles (militaire) - Demande | N18: Création Modification | O18: Indicateur de renouvellement saisi = Non ET (Indicateur de renouvellement saisi différent d'Indicateur de renouvellement avant saisi) | P18: A_POS_INDREN [Saisi] = '0' ET (A_POS_INDREN [Saisi] <> A_POS_INDREN [Valeur avant saisie]) | Q18: Militaire sous contrat | R18: P0145 | S18: Particulier | T18: Passant | U18: 45124 | W18: CCP_I_003 ET CCP_I_012 ET CCP_I_013 ET CCP_I_001 ET CCP_I_002 ET CCP_I_004 ET CCP_I_014 ET CCP_D_004 ET CCP_D_001 ET CCP_D_005 ET CCP_D_002 ET CCP_D_003 ET POS_C_004 ET POS_C_007 ET POS_C_009 ET POS_C_010 ET POS_C_012 ET POS_C_022 ET POS_C_111 ET POS_C_120 ET POS_C_121 | X18: CCP_I_003 | Y18: =VLOOKUP(X18,'Axe 2 Règles de gestion'!$D$2:$F$49,3, FALSE) -> Le militaire doit avoir accompli au moins 4 ans de services, dont 2 ans pour les officiers en cette qualité, sauf exceptions. | Z18: CCP_I_012 | AA18: =VLOOKUP(Z18,'Axe 2 Règles de gestion'!$D$2:$F$49,3, FALSE) -> La condition de service n'est pas exigée du militaire qui sollicite un congé pour donner des soins à un enfant à charge, au conjoint, au partenaire avec lequel il est lié par un PACS, ou à un ascendant. | AB18: CCP_I_013 | AC18: =VLOOKUP(AB18,'Axe 2 Règles de gestion'!$D$2:$F$49,3, FALSE) -> Les soins font suite à un accident ou une maladie grave ou à un handicap nécessitant la présence d'une tierce personne. | AD18: CCP_I_001 | AE18: =VLOOKUP(AD18,'Axe 2 Règles de gestion'!$D$2:$F$49,3, FALSE) -> Le militaire doit présenter une demande. | AF18: CCP_I_002 | AG18: =VLOOKUP(AF18,'Axe 2 Règles de gestion'!$D$2:$F$49,3, FALSE) -> Le militaire est placé en congé par décision du ministre compétent. | AH18: CCP_I_004 | AI18: =VLOOKUP(AH18,'Axe 2 Règles de gestion'!$D$2:$F$49,3, FALSE) -> Le militaire officier qui demande à être placé dans ce congé, est tenu d'informer sans délai par écrit le ministre compétent de la nature de l'activité privée lucrative qu'il se propose d'exercer. | AJ18: CCP_I_014 | AK18: =VLOOKUP(AJ18,'Axe 2 Règles de gestion'!$D$2:$F$49,3, FALSE) -> Le militaire officier est tenu d'informer sans délai par écrit le ministre compétent de tout changement d'activité privée lucrative. | AN18: CCP_D_004 | AO18: =VLOOKUP(AN18,'Axe 2 Règles de gestion'!$D$2:$F$49,3, FALSE) -> La durée prévisionnelle du congé ne peut pas excéder 2 ans pour chaque période. | AP18: CCP_D_001 | AQ18: =VLOOKUP(AP18,'Axe 2 Règles de gestion'!$D$2:$F$49,3, FALSE) -> La durée réelle du congé ne peut pas excéder 2 ans pour chaque période. | AR18: CCP_D_005 | AS18: =VLOOKUP(AR18,'Axe 2 Règles de gestion'!$D$2:$F$49,3, FALSE) -> La durée cumulée de l'ensemble des congés pour convenances personnelles ne doit pas excéder 10 ans. | AT18: CCP_D_002 | AU18: =VLOOKUP(AT18,'Axe 2 Règles de gestion'!$D$2:$F$49,3, FALSE) -> La date de fin réelle du congé doit être antérieure ou égale à la date limite de fin réelle ou prévisionnelle du lien juridique. Le militaire ne voit pas son contrat prorogé jusqu'à la date de fin du congé. | AV18: CCP_D_003 | AW18: =VLOOKUP(AV18,'Axe 2 Règles de gestion'!$D$2:$F$49,3, FALSE) -> La date de fin prévisionnelle du congé doit être antérieure ou égale à la date limite de fin réelle ou prévisionnelle du lien juridique. Le militaire ne voit pas son contrat prorogé jusqu'à la date de fin du congé. | BB18: POS_C_004 | BC18: =VLOOKUP(BB18,'Axe 2 Règles de gestion'!$D$2:$F$49,3, FALSE) -> La date de début de position doit être antérieure ou égale à la date de fin prévisionnelle de position. | BD18: POS_C_007 | BE18: =VLOOKUP(BD18,'Axe 2 Règles de gestion'!$D$2:$F$49,3, FALSE) -> La date de fin réelle de la position doit être antérieure à la date limite de départ à la retraite. | BF18: POS_C_009 | BG18: =VLOOKUP(BF18,'Axe 2 Règles de gestion'!$D$2:$F$49,3, FALSE) -> La date de début de la position doit être postérieure ou égale à la date de début du lien juridique. | BH18: POS_C_010 | BI18: =VLOOKUP(BH18,'Axe 2 Règles de gestion'!$D$2:$F$49,3, FALSE) -> La date de début de position doit être antérieure ou égale à la date de fin réelle de position. | BJ18: POS_C_012 | BK18: =VLOOKUP(BJ18,'Axe 2 Règles de gestion'!$D$2:$F$49,3, FALSE) -> La date de fin prévisionnelle de la position doit être antérieure à la date limite de départ à la retraite. | BL18: POS_C_022 | BM18: =VLOOKUP(BL18,'Axe 2 Règles de gestion'!$D$2:$F$49,3, FALSE) -> La date de début de position est à J+1 de la date de fin de position de l'occurrence précédente. | BN18: POS_C_111 | BO18: =VLOOKUP(BN18,'Axe 2 Règles de gestion'!$D$2:$F$49,3, FALSE) -> La date de fin ou la date de fin prévisionnelle doit être saisie. | BP18: POS_C_120 | BQ18: =VLOOKUP(BP18,'Axe 2 Règles de gestion'!$D$2:$F$49,3, FALSE) -> La saisie d'une occurrence de congés/absences est interdite (date de fin réelle) | BR18: POS_C_121 | BS18: =VLOOKUP(BR18,'Axe 2 Règles de gestion'!$D$2:$F$49,3, FALSE) -> La saisie d'une occurrence de congés/absences est interdite (date de fin prévisionnelle)
A19: 22.10.00 | B19: A | C19: 44970.658 | D19: D0004 | E19: Position | F19: S0166 | G19: Congé pour convenances personnelles (militaire) | H19: E0918 | I19: Congé pour convenances personnelles militaire | J19: La position saisie est 'Congé pour convenances personnelles militaire' | K19: A_POS_POSIAD [Saisi] = 'NAM25' | L19: T2241 | M19: Congé pour convenances personnelles (militaire) - Renouvellement | N19: Création Modification | O19: Indicateur de renouvellement saisi = Oui ET (Indicateur de renouvellement saisi différent d'Indicateur de renouvellement avant saisi) | P19: A_POS_INDREN [Saisi] = '1' ET (A_POS_INDREN [Saisi] <> A_POS_INDREN [Valeur avant saisie] | Q19: Militaire sous contrat | R19: P0145 | S19: Particulier | T19: Passant | U19: 43831 | W19: CCP_I_005 ET CCP_I_001 ET CCP_I_002 ET CCP_I_004 ET CCP_I_014 ET CCP_D_004 ET CCP_D_001 ET CCP_D_005 ET CCP_D_002 ET CCP_D_003 ET POS_C_004 ET POS_C_007 ET POS_C_009 ET POS_C_010 ET POS_C_012 ET POS_C_022 ET POS_C_111 ET POS_C_120 ET POS_C_121 | X19: CCP_I_005 | Y19: =VLOOKUP(X19,'Axe 2 Règles de gestion'!$D$2:$F$49,3, FALSE) -> Le militaire peut demander le renouvellement du congé 3 mois avant l'expiration du congé. | Z19: CCP_I_001 | AA19: =VLOOKUP(Z19,'Axe 2 Règles de gestion'!$D$2:$F$49,3, FALSE) -> Le militaire doit présenter une demande. | AB19: CCP_I_002 | AC19: =VLOOKUP(AB19,'Axe 2 Règles de gestion'!$D$2:$F$49,3, FALSE) -> Le militaire est placé en congé par décision du ministre compétent. | AD19: CCP_I_004 | AE19: =VLOOKUP(AD19,'Axe 2 Règles de gestion'!$D$2:$F$49,3, FALSE) -> Le militaire officier qui demande à être placé dans ce congé, est tenu d'informer sans délai par écrit le ministre compétent de la nature de l'activité privée lucrative qu'il se propose d'exercer. | AF19: CCP_I_014 | AG19: =VLOOKUP(AF19,'Axe 2 Règles de gestion'!$D$2:$F$49,3, FALSE) -> Le militaire officier est tenu d'informer sans délai par écrit le ministre compétent de tout changement d'activité privée lucrative. | AN19: CCP_D_004 | AO19: =VLOOKUP(AN19,'Axe 2 Règles de gestion'!$D$2:$F$49,3, FALSE) -> La durée prévisionnelle du congé ne peut pas excéder 2 ans pour chaque période. | AP19: CCP_D_001 | AQ19: =VLOOKUP(AP19,'Axe 2 Règles de gestion'!$D$2:$F$49,3, FALSE) -> La durée réelle du congé ne peut pas excéder 2 ans pour chaque période. | AR19: CCP_D_005 | AS19: =VLOOKUP(AR19,'Axe 2 Règles de gestion'!$D$2:$F$49,3, FALSE) -> La durée cumulée de l'ensemble des congés pour convenances personnelles ne doit pas excéder 10 ans. | AT19: CCP_D_002 | AU19: =VLOOKUP(AT19,'Axe 2 Règles de gestion'!$D$2:$F$49,3, FALSE) -> La date de fin réelle du congé doit être antérieure ou égale à la date limite de fin réelle ou prévisionnelle du lien juridique. Le militaire ne voit pas son contrat prorogé jusqu'à la date de fin du congé. | AV19: CCP_D_003 | AW19: =VLOOKUP(AV19,'Axe 2 Règles de gestion'!$D$2:$F$49,3, FALSE) -> La date de fin prévisionnelle du congé doit être antérieure ou égale à la date limite de fin réelle ou prévisionnelle du lien juridique. Le militaire ne voit pas son contrat prorogé jusqu'à la date de fin du congé. | BB19: POS_C_004 | BC19: =VLOOKUP(BB19,'Axe 2 Règles de gestion'!$D$2:$F$49,3, FALSE) -> La date de début de position doit être antérieure ou égale à la date de fin prévisionnelle de position. | BD19: POS_C_007 | BE19: =VLOOKUP(BD19,'Axe 2 Règles de gestion'!$D$2:$F$49,3, FALSE) -> La date de fin réelle de la position doit être antérieure à la date limite de départ à la retraite. | BF19: POS_C_009 | BG19: =VLOOKUP(BF19,'Axe 2 Règles de gestion'!$D$2:$F$49,3, FALSE) -> La date de début de la position doit être postérieure ou égale à la date de début du lien juridique. | BH19: POS_C_010 | BI19: =VLOOKUP(BH19,'Axe 2 Règles de gestion'!$D$2:$F$49,3, FALSE) -> La date de début de position doit être antérieure ou égale à la date de fin réelle de position. | BJ19: POS_C_012 | BK19: =VLOOKUP(BJ19,'Axe 2 Règles de gestion'!$D$2:$F$49,3, FALSE) -> La date de fin prévisionnelle de la position doit être antérieure à la date limite de départ à la retraite. | BL19: POS_C_022 | BM19: =VLOOKUP(BL19,'Axe 2 Règles de gestion'!$D$2:$F$49,3, FALSE) -> La date de début de position est à J+1 de la date de fin de position de l'occurrence précédente. | BN19: POS_C_111 | BO19: =VLOOKUP(BN19,'Axe 2 Règles de gestion'!$D$2:$F$49,3, FALSE) -> La date de fin ou la date de fin prévisionnelle doit être saisie. | BP19: POS_C_120 | BQ19: =VLOOKUP(BP19,'Axe 2 Règles de gestion'!$D$2:$F$49,3, FALSE) -> La saisie d'une occurrence de congés/absences est interdite (date de fin réelle) | BR19: POS_C_121 | BS19: =VLOOKUP(BR19,'Axe 2 Règles de gestion'!$D$2:$F$49,3, FALSE) -> La saisie d'une occurrence de congés/absences est interdite (date de fin prévisionnelle)
A20: 22.10.00 | B20: A | C20: 44970.503 | D20: D0004 | E20: Position | F20: S0166 | G20: Congé pour convenances personnelles (militaire) | H20: E0918 | I20: Congé pour convenances personnelles militaire | J20: La position saisie est 'Congé pour convenances personnelles militaire' | K20: A_POS_POSIAD [Saisi] = 'NAM25' | L20: T2242 | M20: Congé pour convenances personnelles (militaire) - Fin | N20: Modification | O20: Indicateur de renouvellement saisi identique à Indicateur de renouvellement avant saisi | P20: A_POS_INDREN [Saisi] = A_POS_INDREN [Valeur avant saisie] | Q20: Militaire sous contrat | R20: P0145 | S20: Particulier | T20: Passant | U20: 43831 | W20: CCP_I_006 ET CCP_I_007 ET CCP_D_004 ET CCP_D_001 ET CCP_D_005 ET CCP_D_002 ET CCP_D_003 ET POS_C_004 ET POS_C_007 ET POS_C_010 ET POS_C_012 ET POS_C_111 ET POS_C_120 ET POS_C_121 | X20: CCP_I_006 | Y20: =VLOOKUP(X20,'Axe 2 Règles de gestion'!$D$2:$F$49,3, FALSE) -> Le militaire peut demander la réintégration dans son corps d'origine, laquelle est de droit, 3 mois avant l'expiration du congé. | Z20: CCP_I_007 | AA20: =VLOOKUP(Z20,'Axe 2 Règles de gestion'!$D$2:$F$49,3, FALSE) -> Le militaire qui a formulé avant l'expiration du congé une demande de réintégration est maintenu dans cette situation jusqu'à ce qu'il puisse être affecté dans un emploi correspondant à son grade. | AN20: CCP_D_004 | AO20: =VLOOKUP(AN20,'Axe 2 Règles de gestion'!$D$2:$F$49,3, FALSE) -> La durée prévisionnelle du congé ne peut pas excéder 2 ans pour chaque période. | AP20: CCP_D_001 | AQ20: =VLOOKUP(AP20,'Axe 2 Règles de gestion'!$D$2:$F$49,3, FALSE) -> La durée réelle du congé ne peut pas excéder 2 ans pour chaque période. | AR20: CCP_D_005 | AS20: =VLOOKUP(AR20,'Axe 2 Règles de gestion'!$D$2:$F$49,3, FALSE) -> La durée cumulée de l'ensemble des congés pour convenances personnelles ne doit pas excéder 10 ans. | AT20: CCP_D_002 | AU20: =VLOOKUP(AT20,'Axe 2 Règles de gestion'!$D$2:$F$49,3, FALSE) -> La date de fin réelle du congé doit être antérieure ou égale à la date limite de fin réelle ou prévisionnelle du lien juridique. Le militaire ne voit pas son contrat prorogé jusqu'à la date de fin du congé. | AV20: CCP_D_003 | AW20: =VLOOKUP(AV20,'Axe 2 Règles de gestion'!$D$2:$F$49,3, FALSE) -> La date de fin prévisionnelle du congé doit être antérieure ou égale à la date limite de fin réelle ou prévisionnelle du lien juridique. Le militaire ne voit pas son contrat prorogé jusqu'à la date de fin du congé. | BB20: POS_C_004 | BC20: =VLOOKUP(BB20,'Axe 2 Règles de gestion'!$D$2:$F$49,3, FALSE) -> La date de début de position doit être antérieure ou égale à la date de fin prévisionnelle de position. | BD20: POS_C_007 | BE20: =VLOOKUP(BD20,'Axe 2 Règles de gestion'!$D$2:$F$49,3, FALSE) -> La date de fin réelle de la position doit être antérieure à la date limite de départ à la retraite. | BF20: POS_C_010 | BG20: =VLOOKUP(BF20,'Axe 2 Règles de gestion'!$D$2:$F$49,3, FALSE) -> La date de début de position doit être antérieure ou égale à la date de fin réelle de position. | BH20: POS_C_012 | BI20: =VLOOKUP(BH20,'Axe 2 Règles de gestion'!$D$2:$F$49,3, FALSE) -> La date de fin prévisionnelle de la position doit être antérieure à la date limite de départ à la retraite. | BJ20: POS_C_111 | BK20: =VLOOKUP(BJ20,'Axe 2 Règles de gestion'!$D$2:$F$49,3, FALSE) -> La date de fin ou la date de fin prévisionnelle doit être saisie. | BL20: POS_C_120 | BM20: =VLOOKUP(BL20,'Axe 2 Règles de gestion'!$D$2:$F$49,3, FALSE) -> La saisie d'une occurrence de congés/absences est interdite (date de fin réelle) | BN20: POS_C_121 | BO20: =VLOOKUP(BN20,'Axe 2 Règles de gestion'!$D$2:$F$49,3, FALSE) -> La saisie d'une occurrence de congés/absences est interdite (date de fin prévisionnelle)
A21: 24.00.00 | B21: M | C21: 45428.473 | D21: D0004 | E21: Position | F21: S0166 | G21: Congé pour convenances personnelles (militaire) | H21: E0918 | I21: Congé pour convenances personnelles militaire | J21: La position saisie est 'Congé pour convenances personnelles militaire' | K21: A_POS_POSIAD [Saisi] = 'NAM25' | L21: T2240 | M21: Congé pour convenances personnelles (militaire) - Demande | N21: Création Modification | O21: Indicateur de renouvellement saisi = Non ET (Indicateur de renouvellement saisi différent d'Indicateur de renouvellement avant saisi) | P21: A_POS_INDREN [Saisi] = '0' ET (A_POS_INDREN [Saisi] <> A_POS_INDREN [Valeur avant saisie]) | Q21: Militaire de carrière | R21: P0189 | S21: Particulier | T21: Passant | U21: 43831 | V21: 45123 | W21: CCP_I_003 ET CCP_I_011 ET CCP_I_012 ET CCP_I_013 ET CCP_I_001 ET CCP_I_002 ET CCP_I_004 ET CCP_I_014 ET CCP_D_004 ET CCP_D_001 ET CCP_D_005 ET POS_C_004 ET POS_C_005 ET POS_C_007 ET POS_C_010 ET POS_C_012 ET POS_C_022 ET POS_C_055 ET POS_C_056 ET POS_C_111 ET POS_C_120 ET POS_C_121 | X21: CCP_I_003 | Y21: =VLOOKUP(X21,'Axe 2 Règles de gestion'!$D$2:$F$49,3, FALSE) -> Le militaire doit avoir accompli au moins 4 ans de services, dont 2 ans pour les officiers en cette qualité, sauf exceptions. | Z21: CCP_I_011 | AA21: =VLOOKUP(Z21,'Axe 2 Règles de gestion'!$D$2:$F$49,3, FALSE) -> La condition de service n'est pas exigée pour suivre son conjoint ou son partenaire lié par un PACS lorsque celui-ci est astreint à établir sa résidence habituelle, en raison de sa profession, en un lieu éloigné d'affectation du militaire. | AB21: CCP_I_012 | AC21: =VLOOKUP(AB21,'Axe 2 Règles de gestion'!$D$2:$F$49,3, FALSE) -> La condition de service n'est pas exigée du militaire qui sollicite un congé pour donner des soins à un enfant à charge, au conjoint, au partenaire avec lequel il est lié par un PACS, ou à un ascendant. | AD21: CCP_I_013 | AE21: =VLOOKUP(AD21,'Axe 2 Règles de gestion'!$D$2:$F$49,3, FALSE) -> Les soins font suite à un accident ou une maladie grave ou à un handicap nécessitant la présence d'une tierce personne. | AF21: CCP_I_001 | AG21: =VLOOKUP(AF21,'Axe 2 Règles de gestion'!$D$2:$F$49,3, FALSE) -> Le militaire doit présenter une demande. | AH21: CCP_I_002 | AI21: =VLOOKUP(AH21,'Axe 2 Règles de gestion'!$D$2:$F$49,3, FALSE) -> Le militaire est placé en congé par décision du ministre compétent. | AJ21: CCP_I_004 | AK21: =VLOOKUP(AJ21,'Axe 2 Règles de gestion'!$D$2:$F$49,3, FALSE) -> Le militaire officier qui demande à être placé dans ce congé, est tenu d'informer sans délai par écrit le ministre compétent de la nature de l'activité privée lucrative qu'il se propose d'exercer. | AL21: CCP_I_014 | AM21: =VLOOKUP(AL21,'Axe 2 Règles de gestion'!$D$2:$F$49,3, FALSE) -> Le militaire officier est tenu d'informer sans délai par écrit le ministre compétent de tout changement d'activité privée lucrative. | AN21: CCP_D_004 | AO21: =VLOOKUP(AN21,'Axe 2 Règles de gestion'!$D$2:$F$49,3, FALSE) -> La durée prévisionnelle du congé ne peut pas excéder 2 ans pour chaque période. | AP21: CCP_D_001 | AQ21: =VLOOKUP(AP21,'Axe 2 Règles de gestion'!$D$2:$F$49,3, FALSE) -> La durée réelle du congé ne peut pas excéder 2 ans pour chaque période. | AR21: CCP_D_005 | AS21: =VLOOKUP(AR21,'Axe 2 Règles de gestion'!$D$2:$F$49,3, FALSE) -> La durée cumulée de l'ensemble des congés pour convenances personnelles ne doit pas excéder 10 ans. | BB21: POS_C_004 | BC21: =VLOOKUP(BB21,'Axe 2 Règles de gestion'!$D$2:$F$49,3, FALSE) -> La date de début de position doit être antérieure ou égale à la date de fin prévisionnelle de position. | BD21: POS_C_005 | BE21: =VLOOKUP(BD21,'Axe 2 Règles de gestion'!$D$2:$F$49,3, FALSE) -> La date de début de la position doit être postérieure ou égale à la date d'entrée dans la FPE ou dans la carrière militaire. | BF21: POS_C_007 | BG21: =VLOOKUP(BF21,'Axe 2 Règles de gestion'!$D$2:$F$49,3, FALSE) -> La date de fin réelle de la position doit être antérieure à la date limite de départ à la retraite. | BH21: POS_C_010 | BI21: =VLOOKUP(BH21,'Axe 2 Règles de gestion'!$D$2:$F$49,3, FALSE) -> La date de début de position doit être antérieure ou égale à la date de fin réelle de position. | BJ21: POS_C_012 | BK21: =VLOOKUP(BJ21,'Axe 2 Règles de gestion'!$D$2:$F$49,3, FALSE) -> La date de fin prévisionnelle de la position doit être antérieure à la date limite de départ à la retraite. | BL21: POS_C_022 | BM21: =VLOOKUP(BL21,'Axe 2 Règles de gestion'!$D$2:$F$49,3, FALSE) -> La date de début de position est à J+1 de la date de fin de position de l'occurrence précédente. | BN21: POS_C_055 | BO21: =VLOOKUP(BN21,'Axe 2 Règles de gestion'!$D$2:$F$49,3, FALSE) -> La date de fin réelle de la position doit être antérieure ou égale à la date de décès de l'enfant. | BP21: POS_C_056 | BQ21: =VLOOKUP(BP21,'Axe 2 Règles de gestion'!$D$2:$F$49,3, FALSE) -> La date de fin prévisionnelle de la position doit être antérieure ou égale à la date de décès de l'enfant. | BR21: POS_C_111 | BS21: =VLOOKUP(BR21,'Axe 2 Règles de gestion'!$D$2:$F$49,3, FALSE) -> La date de fin ou la date de fin prévisionnelle doit être saisie. | BT21: POS_C_120 | BU21: =VLOOKUP(BT21,'Axe 2 Règles de gestion'!$D$2:$F$49,3, FALSE) -> La saisie d'une occurrence de congés/absences est interdite (date de fin réelle) | BV21: POS_C_121 | BW21: =VLOOKUP(BV21,'Axe 2 Règles de gestion'!$D$2:$F$49,3, FALSE) -> La saisie d'une occurrence de congés/absences est interdite (date de fin prévisionnelle)
A22: 24.00.00 | B22: A | C22: 45428.473 | D22: D0004 | E22: Position | F22: S0166 | G22: Congé pour convenances personnelles (militaire) | H22: E0918 | I22: Congé pour convenances personnelles militaire | J22: La position saisie est 'Congé pour convenances personnelles militaire' | K22: A_POS_POSIAD [Saisi] = 'NAM25' | L22: T2240 | M22: Congé pour convenances personnelles (militaire) - Demande | N22: Création Modification | O22: Indicateur de renouvellement saisi = Non ET (Indicateur de renouvellement saisi différent d'Indicateur de renouvellement avant saisi) | P22: A_POS_INDREN [Saisi] = '0' ET (A_POS_INDREN [Saisi] <> A_POS_INDREN [Valeur avant saisie]) | Q22: Militaire de carrière | R22: P0189 | S22: Particulier | T22: Passant | U22: 45124 | W22: CCP_I_003 ET CCP_I_012 ET CCP_I_013 ET CCP_I_001 ET CCP_I_002 ET CCP_I_004 ET CCP_I_014 ET CCP_D_004 ET CCP_D_001 ET CCP_D_005 ET POS_C_004 ET POS_C_005 ET POS_C_007 ET POS_C_010 ET POS_C_012 ET POS_C_022 ET POS_C_055 ET POS_C_056 ET POS_C_111 ET POS_C_120 ET POS_C_121 | X22: CCP_I_003 | Y22: =VLOOKUP(X22,'Axe 2 Règles de gestion'!$D$2:$F$49,3, FALSE) -> Le militaire doit avoir accompli au moins 4 ans de services, dont 2 ans pour les officiers en cette qualité, sauf exceptions. | Z22: CCP_I_012 | AA22: =VLOOKUP(Z22,'Axe 2 Règles de gestion'!$D$2:$F$49,3, FALSE) -> La condition de service n'est pas exigée du militaire qui sollicite un congé pour donner des soins à un enfant à charge, au conjoint, au partenaire avec lequel il est lié par un PACS, ou à un ascendant. | AB22: CCP_I_013 | AC22: =VLOOKUP(AB22,'Axe 2 Règles de gestion'!$D$2:$F$49,3, FALSE) -> Les soins font suite à un accident ou une maladie grave ou à un handicap nécessitant la présence d'une tierce personne. | AD22: CCP_I_001 | AE22: =VLOOKUP(AD22,'Axe 2 Règles de gestion'!$D$2:$F$49,3, FALSE) -> Le militaire doit présenter une demande. | AF22: CCP_I_002 | AG22: =VLOOKUP(AF22,'Axe 2 Règles de gestion'!$D$2:$F$49,3, FALSE) -> Le militaire est placé en congé par décision du ministre compétent. | AH22: CCP_I_004 | AI22: =VLOOKUP(AH22,'Axe 2 Règles de gestion'!$D$2:$F$49,3, FALSE) -> Le militaire officier qui demande à être placé dans ce congé, est tenu d'informer sans délai par écrit le ministre compétent de la nature de l'activité privée lucrative qu'il se propose d'exercer. | AJ22: CCP_I_014 | AK22: =VLOOKUP(AJ22,'Axe 2 Règles de gestion'!$D$2:$F$49,3, FALSE) -> Le militaire officier est tenu d'informer sans délai par écrit le ministre compétent de tout changement d'activité privée lucrative. | AN22: CCP_D_004 | AO22: =VLOOKUP(AN22,'Axe 2 Règles de gestion'!$D$2:$F$49,3, FALSE) -> La durée prévisionnelle du congé ne peut pas excéder 2 ans pour chaque période. | AP22: CCP_D_001 | AQ22: =VLOOKUP(AP22,'Axe 2 Règles de gestion'!$D$2:$F$49,3, FALSE) -> La durée réelle du congé ne peut pas excéder 2 ans pour chaque période. | AR22: CCP_D_005 | AS22: =VLOOKUP(AR22,'Axe 2 Règles de gestion'!$D$2:$F$49,3, FALSE) -> La durée cumulée de l'ensemble des congés pour convenances personnelles ne doit pas excéder 10 ans. | BB22: POS_C_004 | BC22: =VLOOKUP(BB22,'Axe 2 Règles de gestion'!$D$2:$F$49,3, FALSE) -> La date de début de position doit être antérieure ou égale à la date de fin prévisionnelle de position. | BD22: POS_C_005 | BE22: =VLOOKUP(BD22,'Axe 2 Règles de gestion'!$D$2:$F$49,3, FALSE) -> La date de début de la position doit être postérieure ou égale à la date d'entrée dans la FPE ou dans la carrière militaire. | BF22: POS_C_007 | BG22: =VLOOKUP(BF22,'Axe 2 Règles de gestion'!$D$2:$F$49,3, FALSE) -> La date de fin réelle de la position doit être antérieure à la date limite de départ à la retraite. | BH22: POS_C_010 | BI22: =VLOOKUP(BH22,'Axe 2 Règles de gestion'!$D$2:$F$49,3, FALSE) -> La date de début de position doit être antérieure ou égale à la date de fin réelle de position. | BJ22: POS_C_012 | BK22: =VLOOKUP(BJ22,'Axe 2 Règles de gestion'!$D$2:$F$49,3, FALSE) -> La date de fin prévisionnelle de la position doit être antérieure à la date limite de départ à la retraite. | BL22: POS_C_022 | BM22: =VLOOKUP(BL22,'Axe 2 Règles de gestion'!$D$2:$F$49,3, FALSE) -> La date de début de position est à J+1 de la date de fin de position de l'occurrence précédente. | BN22: POS_C_055 | BO22: =VLOOKUP(BN22,'Axe 2 Règles de gestion'!$D$2:$F$49,3, FALSE) -> La date de fin réelle de la position doit être antérieure ou égale à la date de décès de l'enfant. | BP22: POS_C_056 | BQ22: =VLOOKUP(BP22,'Axe 2 Règles de gestion'!$D$2:$F$49,3, FALSE) -> La date de fin prévisionnelle de la position doit être antérieure ou égale à la date de décès de l'enfant. | BR22: POS_C_111 | BS22: =VLOOKUP(BR22,'Axe 2 Règles de gestion'!$D$2:$F$49,3, FALSE) -> La date de fin ou la date de fin prévisionnelle doit être saisie. | BT22: POS_C_120 | BU22: =VLOOKUP(BT22,'Axe 2 Règles de gestion'!$D$2:$F$49,3, FALSE) -> La saisie d'une occurrence de congés/absences est interdite (date de fin réelle) | BV22: POS_C_121 | BW22: =VLOOKUP(BV22,'Axe 2 Règles de gestion'!$D$2:$F$49,3, FALSE) -> La saisie d'une occurrence de congés/absences est interdite (date de fin prévisionnelle)
A23: 22.10.00 | B23: A | C23: 44970.67 | D23: D0004 | E23: Position | F23: S0166 | G23: Congé pour convenances personnelles (militaire) | H23: E0918 | I23: Congé pour convenances personnelles militaire | J23: La position saisie est 'Congé pour convenances personnelles militaire' | K23: A_POS_POSIAD [Saisi] = 'NAM25' | L23: T2241 | M23: Congé pour convenances personnelles (militaire) - Renouvellement | N23: Création Modification | O23: Indicateur de renouvellement saisi = Oui ET (Indicateur de renouvellement saisi différent d'Indicateur de renouvellement avant saisi) | P23: A_POS_INDREN [Saisi] = '1' ET (A_POS_INDREN [Saisi] <> A_POS_INDREN [Valeur avant saisie] | Q23: Militaire de carrière | R23: P0189 | S23: Particulier | T23: Passant | U23: 43831 | W23: CCP_I_005 ET CCP_I_001 ET CCP_I_002 ET CCP_I_004 ET CCP_I_014 ET CCP_D_004 ET CCP_D_001 ET CCP_D_005 ET POS_C_004 ET POS_C_005 ET POS_C_007 ET POS_C_010 ET POS_C_012 ET POS_C_022 ET POS_C_055 ET POS_C_056 ET POS_C_111 ET POS_C_120 ET POS_C_121 | X23: CCP_I_005 | Y23: =VLOOKUP(X23,'Axe 2 Règles de gestion'!$D$2:$F$49,3, FALSE) -> Le militaire peut demander le renouvellement du congé 3 mois avant l'expiration du congé. | Z23: CCP_I_001 | AA23: =VLOOKUP(Z23,'Axe 2 Règles de gestion'!$D$2:$F$49,3, FALSE) -> Le militaire doit présenter une demande. | AB23: CCP_I_002 | AC23: =VLOOKUP(AB23,'Axe 2 Règles de gestion'!$D$2:$F$49,3, FALSE) -> Le militaire est placé en congé par décision du ministre compétent. | AD23: CCP_I_004 | AE23: =VLOOKUP(AD23,'Axe 2 Règles de gestion'!$D$2:$F$49,3, FALSE) -> Le militaire officier qui demande à être placé dans ce congé, est tenu d'informer sans délai par écrit le ministre compétent de la nature de l'activité privée lucrative qu'il se propose d'exercer. | AF23: CCP_I_014 | AG23: =VLOOKUP(AF23,'Axe 2 Règles de gestion'!$D$2:$F$49,3, FALSE) -> Le militaire officier est tenu d'informer sans délai par écrit le ministre compétent de tout changement d'activité privée lucrative. | AN23: CCP_D_004 | AO23: =VLOOKUP(AN23,'Axe 2 Règles de gestion'!$D$2:$F$49,3, FALSE) -> La durée prévisionnelle du congé ne peut pas excéder 2 ans pour chaque période. | AP23: CCP_D_001 | AQ23: =VLOOKUP(AP23,'Axe 2 Règles de gestion'!$D$2:$F$49,3, FALSE) -> La durée réelle du congé ne peut pas excéder 2 ans pour chaque période. | AR23: CCP_D_005 | AS23: =VLOOKUP(AR23,'Axe 2 Règles de gestion'!$D$2:$F$49,3, FALSE) -> La durée cumulée de l'ensemble des congés pour convenances personnelles ne doit pas excéder 10 ans. | BB23: POS_C_004 | BC23: =VLOOKUP(BB23,'Axe 2 Règles de gestion'!$D$2:$F$49,3, FALSE) -> La date de début de position doit être antérieure ou égale à la date de fin prévisionnelle de position. | BD23: POS_C_005 | BE23: =VLOOKUP(BD23,'Axe 2 Règles de gestion'!$D$2:$F$49,3, FALSE) -> La date de début de la position doit être postérieure ou égale à la date d'entrée dans la FPE ou dans la carrière militaire. | BF23: POS_C_007 | BG23: =VLOOKUP(BF23,'Axe 2 Règles de gestion'!$D$2:$F$49,3, FALSE) -> La date de fin réelle de la position doit être antérieure à la date limite de départ à la retraite. | BH23: POS_C_010 | BI23: =VLOOKUP(BH23,'Axe 2 Règles de gestion'!$D$2:$F$49,3, FALSE) -> La date de début de position doit être antérieure ou égale à la date de fin réelle de position. | BJ23: POS_C_012 | BK23: =VLOOKUP(BJ23,'Axe 2 Règles de gestion'!$D$2:$F$49,3, FALSE) -> La date de fin prévisionnelle de la position doit être antérieure à la date limite de départ à la retraite. | BL23: POS_C_022 | BM23: =VLOOKUP(BL23,'Axe 2 Règles de gestion'!$D$2:$F$49,3, FALSE) -> La date de début de position est à J+1 de la date de fin de position de l'occurrence précédente. | BN23: POS_C_055 | BO23: =VLOOKUP(BN23,'Axe 2 Règles de gestion'!$D$2:$F$49,3, FALSE) -> La date de fin réelle de la position doit être antérieure ou égale à la date de décès de l'enfant. | BP23: POS_C_056 | BQ23: =VLOOKUP(BP23,'Axe 2 Règles de gestion'!$D$2:$F$49,3, FALSE) -> La date de fin prévisionnelle de la position doit être antérieure ou égale à la date de décès de l'enfant. | BR23: POS_C_111 | BS23: =VLOOKUP(BR23,'Axe 2 Règles de gestion'!$D$2:$F$49,3, FALSE) -> La date de fin ou la date de fin prévisionnelle doit être saisie. | BT23: POS_C_120 | BU23: =VLOOKUP(BT23,'Axe 2 Règles de gestion'!$D$2:$F$49,3, FALSE) -> La saisie d'une occurrence de congés/absences est interdite (date de fin réelle) | BV23: POS_C_121 | BW23: =VLOOKUP(BV23,'Axe 2 Règles de gestion'!$D$2:$F$49,3, FALSE) -> La saisie d'une occurrence de congés/absences est interdite (date de fin prévisionnelle)
A24: 22.10.00 | B24: A | C24: 44970.506 | D24: D0004 | E24: Position | F24: S0166 | G24: Congé pour convenances personnelles (militaire) | H24: E0918 | I24: Congé pour convenances personnelles militaire | J24: La position saisie est 'Congé pour convenances personnelles militaire' | K24: A_POS_POSIAD [Saisi] = 'NAM25' | L24: T2242 | M24: Congé pour convenances personnelles (militaire) - Fin | N24: Modification | O24: Indicateur de renouvellement saisi identique à Indicateur de renouvellement avant saisi | P24: A_POS_INDREN [Saisi] = A_POS_INDREN [Valeur avant saisie] | Q24: Militaire de carrière | R24: P0189 | S24: Particulier | T24: Passant | U24: 43831 | W24: CCP_I_006 ET CCP_I_007 ET CCP_D_004 ET CCP_D_001 ET CCP_D_005 ET POS_C_004 ET POS_C_007 ET POS_C_010 ET POS_C_012 ET POS_C_055 ET POS_C_056 ET POS_C_111 ET POS_C_120 ET POS_C_121 | X24: CCP_I_006 | Y24: =VLOOKUP(X24,'Axe 2 Règles de gestion'!$D$2:$F$49,3, FALSE) -> Le militaire peut demander la réintégration dans son corps d'origine, laquelle est de droit, 3 mois avant l'expiration du congé. | Z24: CCP_I_007 | AA24: =VLOOKUP(Z24,'Axe 2 Règles de gestion'!$D$2:$F$49,3, FALSE) -> Le militaire qui a formulé avant l'expiration du congé une demande de réintégration est maintenu dans cette situation jusqu'à ce qu'il puisse être affecté dans un emploi correspondant à son grade. | AN24: CCP_D_004 | AO24: =VLOOKUP(AN24,'Axe 2 Règles de gestion'!$D$2:$F$49,3, FALSE) -> La durée prévisionnelle du congé ne peut pas excéder 2 ans pour chaque période. | AP24: CCP_D_001 | AQ24: =VLOOKUP(AP24,'Axe 2 Règles de gestion'!$D$2:$F$49,3, FALSE) -> La durée réelle du congé ne peut pas excéder 2 ans pour chaque période. | AR24: CCP_D_005 | AS24: =VLOOKUP(AR24,'Axe 2 Règles de gestion'!$D$2:$F$49,3, FALSE) -> La durée cumulée de l'ensemble des congés pour convenances personnelles ne doit pas excéder 10 ans. | BB24: POS_C_004 | BC24: =VLOOKUP(BB24,'Axe 2 Règles de gestion'!$D$2:$F$49,3, FALSE) -> La date de début de position doit être antérieure ou égale à la date de fin prévisionnelle de position. | BD24: POS_C_007 | BE24: =VLOOKUP(BD24,'Axe 2 Règles de gestion'!$D$2:$F$49,3, FALSE) -> La date de fin réelle de la position doit être antérieure à la date limite de départ à la retraite. | BF24: POS_C_010 | BG24: =VLOOKUP(BF24,'Axe 2 Règles de gestion'!$D$2:$F$49,3, FALSE) -> La date de début de position doit être antérieure ou égale à la date de fin réelle de position. | BH24: POS_C_012 | BI24: =VLOOKUP(BH24,'Axe 2 Règles de gestion'!$D$2:$F$49,3, FALSE) -> La date de fin prévisionnelle de la position doit être antérieure à la date limite de départ à la retraite. | BJ24: POS_C_055 | BK24: =VLOOKUP(BJ24,'Axe 2 Règles de gestion'!$D$2:$F$49,3, FALSE) -> La date de fin réelle de la position doit être antérieure ou égale à la date de décès de l'enfant. | BL24: POS_C_056 | BM24: =VLOOKUP(BL24,'Axe 2 Règles de gestion'!$D$2:$F$49,3, FALSE) -> La date de fin prévisionnelle de la position doit être antérieure ou égale à la date de décès de l'enfant. | BN24: POS_C_111 | BO24: =VLOOKUP(BN24,'Axe 2 Règles de gestion'!$D$2:$F$49,3, FALSE) -> La date de fin ou la date de fin prévisionnelle doit être saisie. | BP24: POS_C_120 | BQ24: =VLOOKUP(BP24,'Axe 2 Règles de gestion'!$D$2:$F$49,3, FALSE) -> La saisie d'une occurrence de congés/absences est interdite (date de fin réelle) | BR24: POS_C_121 | BS24: =VLOOKUP(BR24,'Axe 2 Règles de gestion'!$D$2:$F$49,3, FALSE) -> La saisie d'une occurrence de congés/absences est interdite (date de fin prévisionnelle)
A25: 22.10.00 | B25: A | C25: 44970.494 | D25: D0004 | E25: Position | F25: S0166 | G25: Congé pour convenances personnelles (militaire) | H25: E0919 | I25: Congé pour convenances personnelles pour élever un enfant militaire | J25: La position saisie est 'Congé pour convenances personnelles pour élever un enfant' | K25: A_POS_POSIAD [Saisi] = 'NAM30' | L25: T2243 | M25: Congé pour convenances personnelles pour élever un enfant (militaire) - Demande | N25: Création Modification | O25: Indicateur de renouvellement saisi = Non ET (Indicateur de renouvellement saisi différent d'Indicateur de renouvellement avant saisi) | P25: A_POS_INDREN [Saisi] = '0' ET (A_POS_INDREN [Saisi] <> A_POS_INDREN [Valeur avant saisie]) | Q25: Titulaire ou magistrat | R25: P0001 | S25: Général | T25: Exclu | U25: 43831
A26: 22.10.00 | B26: A | C26: 44970.5 | D26: D0004 | E26: Position | F26: S0166 | G26: Congé pour convenances personnelles (militaire) | H26: E0919 | I26: Congé pour convenances personnelles pour élever un enfant militaire | J26: La position saisie est 'Congé pour convenances personnelles pour élever un enfant' | K26: A_POS_POSIAD [Saisi] = 'NAM30' | L26: T2244 | M26: Congé pour convenances personnelles pour élever un enfant (militaire) - Renouvellement | N26: Création Modification | O26: Indicateur de renouvellement saisi = Oui ET (Indicateur de renouvellement saisi différent d'Indicateur de renouvellement avant saisi) | P26: A_POS_INDREN [Saisi] = '1' ET (A_POS_INDREN [Saisi] <> A_POS_INDREN [Valeur avant saisie] | Q26: Titulaire ou magistrat | R26: P0001 | S26: Général | T26: Exclu | U26: 43831
A27: 22.10.00 | B27: A | C27: 44970.496 | D27: D0004 | E27: Position | F27: S0166 | G27: Congé pour convenances personnelles (militaire) | H27: E0919 | I27: Congé pour convenances personnelles pour élever un enfant militaire | J27: La position saisie est 'Congé pour convenances personnelles pour élever un enfant' | K27: A_POS_POSIAD [Saisi] = 'NAM30' | L27: T2245 | M27: Congé pour convenances personnelles pour élever un enfant (militaire) - Fin | N27: Modification | O27: Indicateur de renouvellement saisi identique à Indicateur de renouvellement avant saisi | P27: A_POS_INDREN [Saisi] = A_POS_INDREN [Valeur avant saisie] | Q27: Titulaire ou magistrat | R27: P0001 | S27: Général | T27: Exclu | U27: 43831
A28: 22.10.00 | B28: A | C28: 44970.495 | D28: D0004 | E28: Position | F28: S0166 | G28: Congé pour convenances personnelles (militaire) | H28: E0919 | I28: Congé pour convenances personnelles pour élever un enfant militaire | J28: La position saisie est 'Congé pour convenances personnelles pour élever un enfant' | K28: A_POS_POSIAD [Saisi] = 'NAM30' | L28: T2243 | M28: Congé pour convenances personnelles pour élever un enfant (militaire) - Demande | N28: Création Modification | O28: Indicateur de renouvellement saisi = Non ET (Indicateur de renouvellement saisi différent d'Indicateur de renouvellement avant saisi) | P28: A_POS_INDREN [Saisi] = '0' ET (A_POS_INDREN [Saisi] <> A_POS_INDREN [Valeur avant saisie]) | Q28: Militaire | R28: P0002 | S28: Général | T28: Exclu | U28: 43831
A29: 22.10.00 | B29: A | C29: 44970.499 | D29: D0004 | E29: Position | F29: S0166 | G29: Congé pour convenances personnelles (militaire) | H29: E0919 | I29: Congé pour convenances personnelles pour élever un enfant militaire | J29: La position saisie est 'Congé pour convenances personnelles pour élever un enfant' | K29: A_POS_POSIAD [Saisi] = 'NAM30' | L29: T2244 | M29: Congé pour convenances personnelles pour élever un enfant (militaire) - Renouvellement | N29: Création Modification | O29: Indicateur de renouvellement saisi = Oui ET (Indicateur de renouvellement saisi différent d'Indicateur de renouvellement avant saisi) | P29: A_POS_INDREN [Saisi] = '1' ET (A_POS_INDREN [Saisi] <> A_POS_INDREN [Valeur avant saisie] | Q29: Militaire | R29: P0002 | S29: Général | T29: Exclu | U29: 43831
A30: 22.10.00 | B30: A | C30: 44970.496 | D30: D0004 | E30: Position | F30: S0166 | G30: Congé pour convenances personnelles (militaire) | H30: E0919 | I30: Congé pour convenances personnelles pour élever un enfant militaire | J30: La position saisie est 'Congé pour convenances personnelles pour élever un enfant' | K30: A_POS_POSIAD [Saisi] = 'NAM30' | L30: T2245 | M30: Congé pour convenances personnelles pour élever un enfant (militaire) - Fin | N30: Modification | O30: Indicateur de renouvellement saisi identique à Indicateur de renouvellement avant saisi | P30: A_POS_INDREN [Saisi] = A_POS_INDREN [Valeur avant saisie] | Q30: Militaire | R30: P0002 | S30: Général | T30: Exclu | U30: 43831
A31: 22.10.00 | B31: A | C31: 44970.495 | D31: D0004 | E31: Position | F31: S0166 | G31: Congé pour convenances personnelles (militaire) | H31: E0919 | I31: Congé pour convenances personnelles pour élever un enfant militaire | J31: La position saisie est 'Congé pour convenances personnelles pour élever un enfant' | K31: A_POS_POSIAD [Saisi] = 'NAM30' | L31: T2243 | M31: Congé pour convenances personnelles pour élever un enfant (militaire) - Demande | N31: Création Modification | O31: Indicateur de renouvellement saisi = Non ET (Indicateur de renouvellement saisi différent d'Indicateur de renouvellement avant saisi) | P31: A_POS_INDREN [Saisi] = '0' ET (A_POS_INDREN [Saisi] <> A_POS_INDREN [Valeur avant saisie]) | Q31: Contractuel | R31: P0003 | S31: Général | T31: Exclu | U31: 43831
A32: 22.10.00 | B32: A | C32: 44970.499 | D32: D0004 | E32: Position | F32: S0166 | G32: Congé pour convenances personnelles (militaire) | H32: E0919 | I32: Congé pour convenances personnelles pour élever un enfant militaire | J32: La position saisie est 'Congé pour convenances personnelles pour élever un enfant' | K32: A_POS_POSIAD [Saisi] = 'NAM30' | L32: T2244 | M32: Congé pour convenances personnelles pour élever un enfant (militaire) - Renouvellement | N32: Création Modification | O32: Indicateur de renouvellement saisi = Oui ET (Indicateur de renouvellement saisi différent d'Indicateur de renouvellement avant saisi) | P32: A_POS_INDREN [Saisi] = '1' ET (A_POS_INDREN [Saisi] <> A_POS_INDREN [Valeur avant saisie] | Q32: Contractuel | R32: P0003 | S32: Général | T32: Exclu | U32: 43831
A33: 22.10.00 | B33: A | C33: 44970.496 | D33: D0004 | E33: Position | F33: S0166 | G33: Congé pour convenances personnelles (militaire) | H33: E0919 | I33: Congé pour convenances personnelles pour élever un enfant militaire | J33: La position saisie est 'Congé pour convenances personnelles pour élever un enfant' | K33: A_POS_POSIAD [Saisi] = 'NAM30' | L33: T2245 | M33: Congé pour convenances personnelles pour élever un enfant (militaire) - Fin | N33: Modification | O33: Indicateur de renouvellement saisi identique à Indicateur de renouvellement avant saisi | P33: A_POS_INDREN [Saisi] = A_POS_INDREN [Valeur avant saisie] | Q33: Contractuel | R33: P0003 | S33: Général | T33: Exclu | U33: 43831
A34: 22.10.00 | B34: A | C34: 44970.495 | D34: D0004 | E34: Position | F34: S0166 | G34: Congé pour convenances personnelles (militaire) | H34: E0919 | I34: Congé pour convenances personnelles pour élever un enfant militaire | J34: La position saisie est 'Congé pour convenances personnelles pour élever un enfant' | K34: A_POS_POSIAD [Saisi] = 'NAM30' | L34: T2243 | M34: Congé pour convenances personnelles pour élever un enfant (militaire) - Demande | N34: Création Modification | O34: Indicateur de renouvellement saisi = Non ET (Indicateur de renouvellement saisi différent d'Indicateur de renouvellement avant saisi) | P34: A_POS_INDREN [Saisi] = '0' ET (A_POS_INDREN [Saisi] <> A_POS_INDREN [Valeur avant saisie]) | Q34: Stagiaire ou auditeur ou élève | R34: P0004 | S34: Général | T34: Exclu | U34: 43831
A35: 22.10.00 | B35: A | C35: 44974.558 | D35: D0004 | E35: Position | F35: S0166 | G35: Congé pour convenances personnelles (militaire) | H35: E0919 | I35: Congé pour convenances personnelles pour élever un enfant militaire | J35: La position saisie est 'Congé pour convenances personnelles pour élever un enfant' | K35: A_POS_POSIAD [Saisi] = 'NAM30' | L35: T2244 | M35: Congé pour convenances personnelles pour élever un enfant (militaire) - Renouvellement | N35: Création Modification | O35: Indicateur de renouvellement saisi = Oui ET (Indicateur de renouvellement saisi différent d'Indicateur de renouvellement avant saisi) | P35: A_POS_INDREN [Saisi] = '1' ET (A_POS_INDREN [Saisi] <> A_POS_INDREN [Valeur avant saisie] | Q35: Stagiaire ou auditeur ou élève | R35: P0004 | S35: Général | T35: Exclu | U35: 43832
A36: 22.10.00 | B36: A | C36: 44974.558 | D36: D0004 | E36: Position | F36: S0166 | G36: Congé pour convenances personnelles (militaire) | H36: E0919 | I36: Congé pour convenances personnelles pour élever un enfant militaire | J36: La position saisie est 'Congé pour convenances personnelles pour élever un enfant' | K36: A_POS_POSIAD [Saisi] = 'NAM30' | L36: T2245 | M36: Congé pour convenances personnelles pour élever un enfant (militaire) - Fin | N36: Modification | O36: Indicateur de renouvellement saisi identique à Indicateur de renouvellement avant saisi | P36: A_POS_INDREN [Saisi] = A_POS_INDREN [Valeur avant saisie] | Q36: Stagiaire ou auditeur ou élève | R36: P0004 | S36: Général | T36: Exclu | U36: 43833
... A39: 22.10.00 | B39: A | C39: 44970.498 | D39: D0004 | E39: Position | F39: S0166 | G39: Congé pour convenances personnelles (militaire) | H39: E0919 | I39: Congé pour convenances personnelles pour élever un enfant militaire | J39: La position saisie est 'Congé pour convenances personnelles pour élever un enfant' | K39: A_POS_POSIAD [Saisi] = 'NAM30' | L39: T2245 | M39: Congé pour convenances personnelles pour élever un enfant (militaire) - Fin | N39: Modification | O39: Indicateur de renouvellement saisi identique à Indicateur de renouvellement avant saisi | P39: A_POS_INDREN [Saisi] = A_POS_INDREN [Valeur avant saisie] | Q39: Ouvrier d'état | R39: P0005 | S39: Général | T39: Exclu | U39: 43831
A40: 22.10.00 | B40: A | C40: 44970.54 | D40: D0004 | E40: Position | F40: S0166 | G40: Congé pour convenances personnelles (militaire) | H40: E0919 | I40: Congé pour convenances personnelles pour élever un enfant militaire | J40: La position saisie est 'Congé pour convenances personnelles pour élever un enfant' | K40: A_POS_POSIAD [Saisi] = 'NAM30' | L40: T2243 | M40: Congé pour convenances personnelles pour élever un enfant (militaire) - Demande | N40: Création Modification | O40: Indicateur de renouvellement saisi = Non ET (Indicateur de renouvellement saisi différent d'Indicateur de renouvellement avant saisi) | P40: A_POS_INDREN [Saisi] = '0' ET (A_POS_INDREN [Saisi] <> A_POS_INDREN [Valeur avant saisie]) | Q40: Militaire sous contrat | R40: P0145 | S40: Particulier | T40: Passant | U40: 43831 | V40: 44125 | W40: CCP_I_001 ET CCP_I_002 ET CCP_I_004 ET CCP_I_014 ET CCP_I_008 ET CCP_I_009 ET CCP_I_010 ET CCP_D_004 ET CCP_D_001 ET CCP_D_006 ET CCP_D_007 ET CCP_D_005 ET CCP_D_002 ET CCP_D_003 ET POS_C_004 ET POS_C_007 ET POS_C_009 ET POS_C_010 ET POS_C_012 ET POS_C_022 ET POS_C_050 ET POS_C_051 ET POS_C_055 ET POS_C_056 ET POS_C_111 ET POS_C_120 ET POS_C_121 | X40: CCP_I_001 | Y40: =VLOOKUP(X40,'Axe 2 Règles de gestion'!$D$2:$F$49,3, FALSE) -> Le militaire doit présenter une demande. | Z40: CCP_I_002 | AA40: =VLOOKUP(Z40,'Axe 2 Règles de gestion'!$D$2:$F$49,3, FALSE) -> Le militaire est placé en congé par décision du ministre compétent. | AB40: CCP_I_004 | AC40: =VLOOKUP(AB40,'Axe 2 Règles de gestion'!$D$2:$F$49,3, FALSE) -> Le militaire officier qui demande à être placé dans ce congé, est tenu d'informer sans délai par écrit le ministre compétent de la nature de l'activité privée lucrative qu'il se propose d'exercer. | AD40: CCP_I_014 | AE40: =VLOOKUP(AD40,'Axe 2 Règles de gestion'!$D$2:$F$49,3, FALSE) -> Le militaire officier est tenu d'informer sans délai par écrit le ministre compétent de tout changement d'activité privée lucrative. | AF40: CCP_I_008 | AG40: =VLOOKUP(AF40,'Axe 2 Règles de gestion'!$D$2:$F$49,3, FALSE) -> Le militaire peut demander à souscrire un engagement à servir dans la réserve opérationnelle s'il est placé dans ce congé pour élever un enfant de moins de 8 ans. | AH40: CCP_I_009 | AI40: =VLOOKUP(AH40,'Axe 2 Règles de gestion'!$D$2:$F$49,3, FALSE) -> La durée des activités à exercer au titre d'un engagement à servir dans la réserve opérationnelle est limitée à 90 jours par année civile. | AJ40: CCP_I_010 | AK40: =VLOOKUP(AJ40,'Axe 2 Règles de gestion'!$D$2:$F$49,3, FALSE) -> En cas de nécessité liée à l'emploi des forces, la durée des activités à exercer au titre d'un engagement à servir dans la réserve opérationnelle peut être portée à 150 jours par année civile à la demande de l'administration, après accord du militaire. | AN40: CCP_D_004 | AO40: =VLOOKUP(AN40,'Axe 2 Règles de gestion'!$D$2:$F$49,3, FALSE) -> La durée prévisionnelle du congé ne peut pas excéder 2 ans pour chaque période. | AP40: CCP_D_001 | AQ40: =VLOOKUP(AP40,'Axe 2 Règles de gestion'!$D$2:$F$49,3, FALSE) -> La durée réelle du congé ne peut pas excéder 2 ans pour chaque période. | AR40: CCP_D_006 | AS40: =VLOOKUP(AR40,'Axe 2 Règles de gestion'!$D$2:$F$49,3, FALSE) -> La date de fin prévisionnelle de chaque période ne peut pas excéder les 8 ans de l'enfant élevé. | AT40: CCP_D_007 | AU40: =VLOOKUP(AT40,'Axe 2 Règles de gestion'!$D$2:$F$49,3, FALSE) -> La date de fin réelle de chaque période ne peut pas excéder les 8 ans de l'enfant élevé. | AV40: CCP_D_005 | AW40: =VLOOKUP(AV40,'Axe 2 Règles de gestion'!$D$2:$F$49,3, FALSE) -> La durée cumulée de l'ensemble des congés pour convenances personnelles ne doit pas excéder 10 ans. | AX40: CCP_D_002 | AY40: =VLOOKUP(AX40,'Axe 2 Règles de gestion'!$D$2:$F$49,3, FALSE) -> La date de fin réelle du congé doit être antérieure ou égale à la date limite de fin réelle ou prévisionnelle du lien juridique. Le militaire ne voit pas son contrat prorogé jusqu'à la date de fin du congé. | AZ40: CCP_D_003 | BA40: =VLOOKUP(AZ40,'Axe 2 Règles de gestion'!$D$2:$F$49,3, FALSE) -> La date de fin prévisionnelle du congé doit être antérieure ou égale à la date limite de fin réelle ou prévisionnelle du lien juridique. Le militaire ne voit pas son contrat prorogé jusqu'à la date de fin du congé. | BB40: POS_C_004 | BC40: =VLOOKUP(BB40,'Axe 2 Règles de gestion'!$D$2:$F$49,3, FALSE) -> La date de début de position doit être antérieure ou égale à la date de fin prévisionnelle de position. | BD40: POS_C_007 | BE40: =VLOOKUP(BD40,'Axe 2 Règles de gestion'!$D$2:$F$49,3, FALSE) -> La date de fin réelle de la position doit être antérieure à la date limite de départ à la retraite. | BF40: POS_C_009 | BG40: =VLOOKUP(BF40,'Axe 2 Règles de gestion'!$D$2:$F$49,3, FALSE) -> La date de début de la position doit être postérieure ou égale à la date de début du lien juridique. | BH40: POS_C_010 | BI40: =VLOOKUP(BH40,'Axe 2 Règles de gestion'!$D$2:$F$49,3, FALSE) -> La date de début de position doit être antérieure ou égale à la date de fin réelle de position. | BJ40: POS_C_012 | BK40: =VLOOKUP(BJ40,'Axe 2 Règles de gestion'!$D$2:$F$49,3, FALSE) -> La date de fin prévisionnelle de la position doit être antérieure à la date limite de départ à la retraite. | BL40: POS_C_022 | BM40: =VLOOKUP(BL40,'Axe 2 Règles de gestion'!$D$2:$F$49,3, FALSE) -> La date de début de position est à J+1 de la date de fin de position de l'occurrence précédente. | BN40: POS_C_050 | BO40: =VLOOKUP(BN40,'Axe 2 Règles de gestion'!$D$2:$F$49,3, FALSE) -> Le lien vers l'enfant doit être renseigné. | BP40: POS_C_051 | BQ40: =VLOOKUP(BP40,'Axe 2 Règles de gestion'!$D$2:$F$49,3, FALSE) -> La date de naissance de l'enfant doit être renseignée. | BR40: POS_C_055 | BS40: =VLOOKUP(BR40,'Axe 2 Règles de gestion'!$D$2:$F$49,3, FALSE) -> La date de fin réelle de la position doit être antérieure ou égale à la date de décès de l'enfant. | BT40: POS_C_056 | BU40: =VLOOKUP(BT40,'Axe 2 Règles de gestion'!$D$2:$F$49,3, FALSE) -> La date de fin prévisionnelle de la position doit être antérieure ou égale à la date de décès de l'enfant. | BV40: POS_C_111 | BW40: =VLOOKUP(BV40,'Axe 2 Règles de gestion'!$D$2:$F$49,3, FALSE) -> La date de fin ou la date de fin prévisionnelle doit être saisie. | BX40: POS_C_120 | BY40: =VLOOKUP(BX40,'Axe 2 Règles de gestion'!$D$2:$F$49,3, FALSE) -> La saisie d'une occurrence de congés/absences est interdite (date de fin réelle) | BZ40: POS_C_121 | CA40: =VLOOKUP(BZ40,'Axe 2 Règles de gestion'!$D$2:$F$49,3, FALSE) -> La saisie d'une occurrence de congés/absences est interdite (date de fin prévisionnelle)
A41: 22.10.00 | B41: A | C41: 44970.668 | D41: D0004 | E41: Position | F41: S0166 | G41: Congé pour convenances personnelles (militaire) | H41: E0919 | I41: Congé pour convenances personnelles pour élever un enfant militaire | J41: La position saisie est 'Congé pour convenances personnelles pour élever un enfant' | K41: A_POS_POSIAD [Saisi] = 'NAM30' | L41: T2243 | M41: Congé pour convenances personnelles pour élever un enfant (militaire) - Demande | N41: Création Modification | O41: Indicateur de renouvellement saisi = Non ET (Indicateur de renouvellement saisi différent d'Indicateur de renouvellement avant saisi) | P41: A_POS_INDREN [Saisi] = '0' ET (A_POS_INDREN [Saisi] <> A_POS_INDREN [Valeur avant saisie]) | Q41: Militaire sous contrat | R41: P0145 | S41: Particulier | T41: Passant | U41: 44126 | W41: CCP_I_001 ET CCP_I_002 ET CCP_I_004 ET CCP_I_014 ET CCP_I_008 ET CCP_I_009 ET CCP_I_010 ET CCP_D_004 ET CCP_D_001 ET CCP_D_008 ET CCP_D_009 ET CCP_D_005 ET CCP_D_002 ET CCP_D_003 ET POS_C_004 ET POS_C_007 ET POS_C_009 ET POS_C_010 ET POS_C_012 ET POS_C_022 ET POS_C_050 ET POS_C_051 ET POS_C_055 ET POS_C_056 ET POS_C_111 ET POS_C_120 ET POS_C_121 | X41: CCP_I_001 | Y41: =VLOOKUP(X41,'Axe 2 Règles de gestion'!$D$2:$F$49,3, FALSE) -> Le militaire doit présenter une demande. | Z41: CCP_I_002 | AA41: =VLOOKUP(Z41,'Axe 2 Règles de gestion'!$D$2:$F$49,3, FALSE) -> Le militaire est placé en congé par décision du ministre compétent. | AB41: CCP_I_004 | AC41: =VLOOKUP(AB41,'Axe 2 Règles de gestion'!$D$2:$F$49,3, FALSE) -> Le militaire officier qui demande à être placé dans ce congé, est tenu d'informer sans délai par écrit le ministre compétent de la nature de l'activité privée lucrative qu'il se propose d'exercer. | AD41: CCP_I_014 | AE41: =VLOOKUP(AD41,'Axe 2 Règles de gestion'!$D$2:$F$49,3, FALSE) -> Le militaire officier est tenu d'informer sans délai par écrit le ministre compétent de tout changement d'activité privée lucrative. | AF41: CCP_I_008 | AG41: =VLOOKUP(AF41,'Axe 2 Règles de gestion'!$D$2:$F$49,3, FALSE) -> Le militaire peut demander à souscrire un engagement à servir dans la réserve opérationnelle s'il est placé dans ce congé pour élever un enfant de moins de 8 ans. | AH41: CCP_I_009 | AI41: =VLOOKUP(AH41,'Axe 2 Règles de gestion'!$D$2:$F$49,3, FALSE) -> La durée des activités à exercer au titre d'un engagement à servir dans la réserve opérationnelle est limitée à 90 jours par année civile. | AJ41: CCP_I_010 | AK41: =VLOOKUP(AJ41,'Axe 2 Règles de gestion'!$D$2:$F$49,3, FALSE) -> En cas de nécessité liée à l'emploi des forces, la durée des activités à exercer au titre d'un engagement à servir dans la réserve opérationnelle peut être portée à 150 jours par année civile à la demande de l'administration, après accord du militaire. | AN41: CCP_D_004 | AO41: =VLOOKUP(AN41,'Axe 2 Règles de gestion'!$D$2:$F$49,3, FALSE) -> La durée prévisionnelle du congé ne peut pas excéder 2 ans pour chaque période. | AP41: CCP_D_001 | AQ41: =VLOOKUP(AP41,'Axe 2 Règles de gestion'!$D$2:$F$49,3, FALSE) -> La durée réelle du congé ne peut pas excéder 2 ans pour chaque période. | AR41: CCP_D_008 | AS41: =VLOOKUP(AR41,'Axe 2 Règles de gestion'!$D$2:$F$49,3, FALSE) -> La date de fin prévisionnelle de chaque période ne peut pas excéder les 12 ans de l'enfant élevé. | AT41: CCP_D_009 | AU41: =VLOOKUP(AT41,'Axe 2 Règles de gestion'!$D$2:$F$49,3, FALSE) -> La date de fin réelle de chaque période ne peut pas excéder les 12 ans de l'enfant élevé. | AV41: CCP_D_005 | AW41: =VLOOKUP(AV41,'Axe 2 Règles de gestion'!$D$2:$F$49,3, FALSE) -> La durée cumulée de l'ensemble des congés pour convenances personnelles ne doit pas excéder 10 ans. | AX41: CCP_D_002 | AY41: =VLOOKUP(AX41,'Axe 2 Règles de gestion'!$D$2:$F$49,3, FALSE) -> La date de fin réelle du congé doit être antérieure ou égale à la date limite de fin réelle ou prévisionnelle du lien juridique. Le militaire ne voit pas son contrat prorogé jusqu'à la date de fin du congé. | AZ41: CCP_D_003 | BA41: =VLOOKUP(AZ41,'Axe 2 Règles de gestion'!$D$2:$F$49,3, FALSE) -> La date de fin prévisionnelle du congé doit être antérieure ou égale à la date limite de fin réelle ou prévisionnelle du lien juridique. Le militaire ne voit pas son contrat prorogé jusqu'à la date de fin du congé. | BB41: POS_C_004 | BC41: =VLOOKUP(BB41,'Axe 2 Règles de gestion'!$D$2:$F$49,3, FALSE) -> La date de début de position doit être antérieure ou égale à la date de fin prévisionnelle de position. | BD41: POS_C_007 | BE41: =VLOOKUP(BD41,'Axe 2 Règles de gestion'!$D$2:$F$49,3, FALSE) -> La date de fin réelle de la position doit être antérieure à la date limite de départ à la retraite. | BF41: POS_C_009 | BG41: =VLOOKUP(BF41,'Axe 2 Règles de gestion'!$D$2:$F$49,3, FALSE) -> La date de début de la position doit être postérieure ou égale à la date de début du lien juridique. | BH41: POS_C_010 | BI41: =VLOOKUP(BH41,'Axe 2 Règles de gestion'!$D$2:$F$49,3, FALSE) -> La date de début de position doit être antérieure ou égale à la date de fin réelle de position. | BJ41: POS_C_012 | BK41: =VLOOKUP(BJ41,'Axe 2 Règles de gestion'!$D$2:$F$49,3, FALSE) -> La date de fin prévisionnelle de la position doit être antérieure à la date limite de départ à la retraite. | BL41: POS_C_022 | BM41: =VLOOKUP(BL41,'Axe 2 Règles de gestion'!$D$2:$F$49,3, FALSE) -> La date de début de position est à J+1 de la date de fin de position de l'occurrence précédente. | BN41: POS_C_050 | BO41: =VLOOKUP(BN41,'Axe 2 Règles de gestion'!$D$2:$F$49,3, FALSE) -> Le lien vers l'enfant doit être renseigné. | BP41: POS_C_051 | BQ41: =VLOOKUP(BP41,'Axe 2 Règles de gestion'!$D$2:$F$49,3, FALSE) -> La date de naissance de l'enfant doit être renseignée. | BR41: POS_C_055 | BS41: =VLOOKUP(BR41,'Axe 2 Règles de gestion'!$D$2:$F$49,3, FALSE) -> La date de fin réelle de la position doit être antérieure ou égale à la date de décès de l'enfant. | BT41: POS_C_056 | BU41: =VLOOKUP(BT41,'Axe 2 Règles de gestion'!$D$2:$F$49,3, FALSE) -> La date de fin prévisionnelle de la position doit être antérieure ou égale à la date de décès de l'enfant. | BV41: POS_C_111 | BW41: =VLOOKUP(BV41,'Axe 2 Règles de gestion'!$D$2:$F$49,3, FALSE) -> La date de fin ou la date de fin prévisionnelle doit être saisie. | BX41: POS_C_120 | BY41: =VLOOKUP(BX41,'Axe 2 Règles de gestion'!$D$2:$F$49,3, FALSE) -> La saisie d'une occurrence de congés/absences est interdite (date de fin réelle) | BZ41: POS_C_121 | CA41: =VLOOKUP(BZ41,'Axe 2 Règles de gestion'!$D$2:$F$49,3, FALSE) -> La saisie d'une occurrence de congés/absences est interdite (date de fin prévisionnelle)
A42: 22.10.00 | B42: A | C42: 44970.645 | D42: D0004 | E42: Position | F42: S0166 | G42: Congé pour convenances personnelles (militaire) | H42: E0919 | I42: Congé pour convenances personnelles pour élever un enfant militaire | J42: La position saisie est 'Congé pour convenances personnelles pour élever un enfant' | K42: A_POS_POSIAD [Saisi] = 'NAM30' | L42: T2244 | M42: Congé pour convenances personnelles pour élever un enfant (militaire) - Renouvellement | N42: Création Modification | O42: Indicateur de renouvellement saisi = Oui ET (Indicateur de renouvellement saisi différent d'Indicateur de renouvellement avant saisi) | P42: A_POS_INDREN [Saisi] = '1' ET (A_POS_INDREN [Saisi] <> A_POS_INDREN [Valeur avant saisie] | Q42: Militaire sous contrat | R42: P0145 | S42: Particulier | T42: Passant | U42: 43831 | V42: 44125 | W42: CCP_I_005 ET CCP_I_001 ET CCP_I_002 ET CCP_I_004 ET CCP_I_014 ET CCP_I_008 ET CCP_I_009 ET CCP_I_010 ET CCP_D_004 ET CCP_D_001 ET CCP_D_006 ET CCP_D_007 ET CCP_D_005 ET CCP_D_002 ET CCP_D_003 ET POS_C_004 ET POS_C_007 ET POS_C_010 ET POS_C_012 ET POS_C_050 ET POS_C_051 ET POS_C_055 ET POS_C_056 ET POS_C_111 ET POS_C_120 ET POS_C_121 | X42: CCP_I_005 | Y42: =VLOOKUP(X42,'Axe 2 Règles de gestion'!$D$2:$F$49,3, FALSE) -> Le militaire peut demander le renouvellement du congé 3 mois avant l'expiration du congé. | Z42: CCP_I_001 | AA42: =VLOOKUP(Z42,'Axe 2 Règles de gestion'!$D$2:$F$49,3, FALSE) -> Le militaire doit présenter une demande. | AB42: CCP_I_002 | AC42: =VLOOKUP(AB42,'Axe 2 Règles de gestion'!$D$2:$F$49,3, FALSE) -> Le militaire est placé en congé par décision du ministre compétent. | AD42: CCP_I_004 | AE42: =VLOOKUP(AD42,'Axe 2 Règles de gestion'!$D$2:$F$49,3, FALSE) -> Le militaire officier qui demande à être placé dans ce congé, est tenu d'informer sans délai par écrit le ministre compétent de la nature de l'activité privée lucrative qu'il se propose d'exercer. | AF42: CCP_I_014 | AG42: =VLOOKUP(AF42,'Axe 2 Règles de gestion'!$D$2:$F$49,3, FALSE) -> Le militaire officier est tenu d'informer sans délai par écrit le ministre compétent de tout changement d'activité privée lucrative. | AH42: CCP_I_008 | AI42: =VLOOKUP(AH42,'Axe 2 Règles de gestion'!$D$2:$F$49,3, FALSE) -> Le militaire peut demander à souscrire un engagement à servir dans la réserve opérationnelle s'il est placé dans ce congé pour élever un enfant de moins de 8 ans. | AJ42: CCP_I_009 | AK42: =VLOOKUP(AJ42,'Axe 2 Règles de gestion'!$D$2:$F$49,3, FALSE) -> La durée des activités à exercer au titre d'un engagement à servir dans la réserve opérationnelle est limitée à 90 jours par année civile. | AL42: CCP_I_010 | AM42: =VLOOKUP(AL42,'Axe 2 Règles de gestion'!$D$2:$F$49,3, FALSE) -> En cas de nécessité liée à l'emploi des forces, la durée des activités à exercer au titre d'un engagement à servir dans la réserve opérationnelle peut être portée à 150 jours par année civile à la demande de l'administration, après accord du militaire. | AN42: CCP_D_004 | AO42: =VLOOKUP(AN42,'Axe 2 Règles de gestion'!$D$2:$F$49,3, FALSE) -> La durée prévisionnelle du congé ne peut pas excéder 2 ans pour chaque période. | AP42: CCP_D_001 | AQ42: =VLOOKUP(AP42,'Axe 2 Règles de gestion'!$D$2:$F$49,3, FALSE) -> La durée réelle du congé ne peut pas excéder 2 ans pour chaque période. | AR42: CCP_D_006 | AS42: =VLOOKUP(AR42,'Axe 2 Règles de gestion'!$D$2:$F$49,3, FALSE) -> La date de fin prévisionnelle de chaque période ne peut pas excéder les 8 ans de l'enfant élevé. | AT42: CCP_D_007 | AU42: =VLOOKUP(AT42,'Axe 2 Règles de gestion'!$D$2:$F$49,3, FALSE) -> La date de fin réelle de chaque période ne peut pas excéder les 8 ans de l'enfant élevé. | AV42: CCP_D_005 | AW42: =VLOOKUP(AV42,'Axe 2 Règles de gestion'!$D$2:$F$49,3, FALSE) -> La durée cumulée de l'ensemble des congés pour convenances personnelles ne doit pas excéder 10 ans. | AX42: CCP_D_002 | AY42: =VLOOKUP(AX42,'Axe 2 Règles de gestion'!$D$2:$F$49,3, FALSE) -> La date de fin réelle du congé doit être antérieure ou égale à la date limite de fin réelle ou prévisionnelle du lien juridique. Le militaire ne voit pas son contrat prorogé jusqu'à la date de fin du congé. | AZ42: CCP_D_003 | BA42: =VLOOKUP(AZ42,'Axe 2 Règles de gestion'!$D$2:$F$49,3, FALSE) -> La date de fin prévisionnelle du congé doit être antérieure ou égale à la date limite de fin réelle ou prévisionnelle du lien juridique. Le militaire ne voit pas son contrat prorogé jusqu'à la date de fin du congé. | BB42: POS_C_004 | BC42: =VLOOKUP(BB42,'Axe 2 Règles de gestion'!$D$2:$F$49,3, FALSE) -> La date de début de position doit être antérieure ou égale à la date de fin prévisionnelle de position. | BD42: POS_C_007 | BE42: =VLOOKUP(BD42,'Axe 2 Règles de gestion'!$D$2:$F$49,3, FALSE) -> La date de fin réelle de la position doit être antérieure à la date limite de départ à la retraite. | BF42: POS_C_010 | BG42: =VLOOKUP(BF42,'Axe 2 Règles de gestion'!$D$2:$F$49,3, FALSE) -> La date de début de position doit être antérieure ou égale à la date de fin réelle de position. | BH42: POS_C_012 | BI42: =VLOOKUP(BH42,'Axe 2 Règles de gestion'!$D$2:$F$49,3, FALSE) -> La date de fin prévisionnelle de la position doit être antérieure à la date limite de départ à la retraite. | BJ42: POS_C_050 | BK42: =VLOOKUP(BJ42,'Axe 2 Règles de gestion'!$D$2:$F$49,3, FALSE) -> Le lien vers l'enfant doit être renseigné. | BL42: POS_C_051 | BM42: =VLOOKUP(BL42,'Axe 2 Règles de gestion'!$D$2:$F$49,3, FALSE) -> La date de naissance de l'enfant doit être renseignée. | BN42: POS_C_055 | BO42: =VLOOKUP(BN42,'Axe 2 Règles de gestion'!$D$2:$F$49,3, FALSE) -> La date de fin réelle de la position doit être antérieure ou égale à la date de décès de l'enfant. | BP42: POS_C_056 | BQ42: =VLOOKUP(BP42,'Axe 2 Règles de gestion'!$D$2:$F$49,3, FALSE) -> La date de fin prévisionnelle de la position doit être antérieure ou égale à la date de décès de l'enfant. | BR42: POS_C_111 | BS42: =VLOOKUP(BR42,'Axe 2 Règles de gestion'!$D$2:$F$49,3, FALSE) -> La date de fin ou la date de fin prévisionnelle doit être saisie. | BT42: POS_C_120 | BU42: =VLOOKUP(BT42,'Axe 2 Règles de gestion'!$D$2:$F$49,3, FALSE) -> La saisie d'une occurrence de congés/absences est interdite (date de fin réelle) | BV42: POS_C_121 | BW42: =VLOOKUP(BV42,'Axe 2 Règles de gestion'!$D$2:$F$49,3, FALSE) -> La saisie d'une occurrence de congés/absences est interdite (date de fin prévisionnelle)
A43: 22.10.00 | B43: A | C43: 44970.669 | D43: D0004 | E43: Position | F43: S0166 | G43: Congé pour convenances personnelles (militaire) | H43: E0919 | I43: Congé pour convenances personnelles pour élever un enfant militaire | J43: La position saisie est 'Congé pour convenances personnelles pour élever un enfant' | K43: A_POS_POSIAD [Saisi] = 'NAM30' | L43: T2244 | M43: Congé pour convenances personnelles pour élever un enfant (militaire) - Renouvellement | N43: Création Modification | O43: Indicateur de renouvellement saisi = Oui ET (Indicateur de renouvellement saisi différent d'Indicateur de renouvellement avant saisi) | P43: A_POS_INDREN [Saisi] = '1' ET (A_POS_INDREN [Saisi] <> A_POS_INDREN [Valeur avant saisie] | Q43: Militaire sous contrat | R43: P0145 | S43: Particulier | T43: Passant | U43: 44126 | W43: CCP_I_005 ET CCP_I_001 ET CCP_I_002 ET CCP_I_004 ET CCP_I_014 ET CCP_I_008 ET CCP_I_009 ET CCP_I_010 ET CCP_D_004 ET CCP_D_001 ET CCP_D_008 ET CCP_D_009 ET CCP_D_005 ET CCP_D_002 ET CCP_D_003 ET POS_C_004 ET POS_C_007 ET POS_C_009 ET POS_C_010 ET POS_C_012 ET POS_C_022 ET POS_C_050 ET POS_C_051 ET POS_C_055 ET POS_C_056 ET POS_C_111 ET POS_C_120 ET POS_C_121 | X43: CCP_I_005 | Y43: =VLOOKUP(X43,'Axe 2 Règles de gestion'!$D$2:$F$49,3, FALSE) -> Le militaire peut demander le renouvellement du congé 3 mois avant l'expiration du congé. | Z43: CCP_I_001 | AA43: =VLOOKUP(Z43,'Axe 2 Règles de gestion'!$D$2:$F$49,3, FALSE) -> Le militaire doit présenter une demande. | AB43: CCP_I_002 | AC43: =VLOOKUP(AB43,'Axe 2 Règles de gestion'!$D$2:$F$49,3, FALSE) -> Le militaire est placé en congé par décision du ministre compétent. | AD43: CCP_I_004 | AE43: =VLOOKUP(AD43,'Axe 2 Règles de gestion'!$D$2:$F$49,3, FALSE) -> Le militaire officier qui demande à être placé dans ce congé, est tenu d'informer sans délai par écrit le ministre compétent de la nature de l'activité privée lucrative qu'il se propose d'exercer. | AF43: CCP_I_014 | AG43: =VLOOKUP(AF43,'Axe 2 Règles de gestion'!$D$2:$F$49,3, FALSE) -> Le militaire officier est tenu d'informer sans délai par écrit le ministre compétent de tout changement d'activité privée lucrative. | AH43: CCP_I_008 | AI43: =VLOOKUP(AH43,'Axe 2 Règles de gestion'!$D$2:$F$49,3, FALSE) -> Le militaire peut demander à souscrire un engagement à servir dans la réserve opérationnelle s'il est placé dans ce congé pour élever un enfant de moins de 8 ans. | AJ43: CCP_I_009 | AK43: =VLOOKUP(AJ43,'Axe 2 Règles de gestion'!$D$2:$F$49,3, FALSE) -> La durée des activités à exercer au titre d'un engagement à servir dans la réserve opérationnelle est limitée à 90 jours par année civile. | AL43: CCP_I_010 | AM43: =VLOOKUP(AL43,'Axe 2 Règles de gestion'!$D$2:$F$49,3, FALSE) -> En cas de nécessité liée à l'emploi des forces, la durée des activités à exercer au titre d'un engagement à servir dans la réserve opérationnelle peut être portée à 150 jours par année civile à la demande de l'administration, après accord du militaire. | AN43: CCP_D_004 | AO43: =VLOOKUP(AN43,'Axe 2 Règles de gestion'!$D$2:$F$49,3, FALSE) -> La durée prévisionnelle du congé ne peut pas excéder 2 ans pour chaque période. | AP43: CCP_D_001 | AQ43: =VLOOKUP(AP43,'Axe 2 Règles de gestion'!$D$2:$F$49,3, FALSE) -> La durée réelle du congé ne peut pas excéder 2 ans pour chaque période. | AR43: CCP_D_008 | AS43: =VLOOKUP(AR43,'Axe 2 Règles de gestion'!$D$2:$F$49,3, FALSE) -> La date de fin prévisionnelle de chaque période ne peut pas excéder les 12 ans de l'enfant élevé. | AT43: CCP_D_009 | AU43: =VLOOKUP(AT43,'Axe 2 Règles de gestion'!$D$2:$F$49,3, FALSE) -> La date de fin réelle de chaque période ne peut pas excéder les 12 ans de l'enfant élevé. | AV43: CCP_D_005 | AW43: =VLOOKUP(AV43,'Axe 2 Règles de gestion'!$D$2:$F$49,3, FALSE) -> La durée cumulée de l'ensemble des congés pour convenances personnelles ne doit pas excéder 10 ans. | AX43: CCP_D_002 | AY43: =VLOOKUP(AX43,'Axe 2 Règles de gestion'!$D$2:$F$49,3, FALSE) -> La date de fin réelle du congé doit être antérieure ou égale à la date limite de fin réelle ou prévisionnelle du lien juridique. Le militaire ne voit pas son contrat prorogé jusqu'à la date de fin du congé. | AZ43: CCP_D_003 | BA43: =VLOOKUP(AZ43,'Axe 2 Règles de gestion'!$D$2:$F$49,3, FALSE) -> La date de fin prévisionnelle du congé doit être antérieure ou égale à la date limite de fin réelle ou prévisionnelle du lien juridique. Le militaire ne voit pas son contrat prorogé jusqu'à la date de fin du congé. | BB43: POS_C_004 | BC43: =VLOOKUP(BB43,'Axe 2 Règles de gestion'!$D$2:$F$49,3, FALSE) -> La date de début de position doit être antérieure ou égale à la date de fin prévisionnelle de position. | BD43: POS_C_007 | BE43: =VLOOKUP(BD43,'Axe 2 Règles de gestion'!$D$2:$F$49,3, FALSE) -> La date de fin réelle de la position doit être antérieure à la date limite de départ à la retraite. | BF43: POS_C_009 | BG43: =VLOOKUP(BF43,'Axe 2 Règles de gestion'!$D$2:$F$49,3, FALSE) -> La date de début de la position doit être postérieure ou égale à la date de début du lien juridique. | BH43: POS_C_010 | BI43: =VLOOKUP(BH43,'Axe 2 Règles de gestion'!$D$2:$F$49,3, FALSE) -> La date de début de position doit être antérieure ou égale à la date de fin réelle de position. | BJ43: POS_C_012 | BK43: =VLOOKUP(BJ43,'Axe 2 Règles de gestion'!$D$2:$F$49,3, FALSE) -> La date de fin prévisionnelle de la position doit être antérieure à la date limite de départ à la retraite. | BL43: POS_C_022 | BM43: =VLOOKUP(BL43,'Axe 2 Règles de gestion'!$D$2:$F$49,3, FALSE) -> La date de début de position est à J+1 de la date de fin de position de l'occurrence précédente. | BN43: POS_C_050 | BO43: =VLOOKUP(BN43,'Axe 2 Règles de gestion'!$D$2:$F$49,3, FALSE) -> Le lien vers l'enfant doit être renseigné. | BP43: POS_C_051 | BQ43: =VLOOKUP(BP43,'Axe 2 Règles de gestion'!$D$2:$F$49,3, FALSE) -> La date de naissance de l'enfant doit être renseignée. | BR43: POS_C_055 | BS43: =VLOOKUP(BR43,'Axe 2 Règles de gestion'!$D$2:$F$49,3, FALSE) -> La date de fin réelle de la position doit être antérieure ou égale à la date de décès de l'enfant. | BT43: POS_C_056 | BU43: =VLOOKUP(BT43,'Axe 2 Règles de gestion'!$D$2:$F$49,3, FALSE) -> La date de fin prévisionnelle de la position doit être antérieure ou égale à la date de décès de l'enfant. | BV43: POS_C_111 | BW43: =VLOOKUP(BV43,'Axe 2 Règles de gestion'!$D$2:$F$49,3, FALSE) -> La date de fin ou la date de fin prévisionnelle doit être saisie. | BX43: POS_C_120 | BY43: =VLOOKUP(BX43,'Axe 2 Règles de gestion'!$D$2:$F$49,3, FALSE) -> La saisie d'une occurrence de congés/absences est interdite (date de fin réelle) | BZ43: POS_C_121 | CA43: =VLOOKUP(BZ43,'Axe 2 Règles de gestion'!$D$2:$F$49,3, FALSE) -> La saisie d'une occurrence de congés/absences est interdite (date de fin prévisionnelle)
A44: 22.10.00 | B44: A | C44: 44970.656 | D44: D0004 | E44: Position | F44: S0166 | G44: Congé pour convenances personnelles (militaire) | H44: E0919 | I44: Congé pour convenances personnelles pour élever un enfant militaire | J44: La position saisie est 'Congé pour convenances personnelles pour élever un enfant' | K44: A_POS_POSIAD [Saisi] = 'NAM30' | L44: T2245 | M44: Congé pour convenances personnelles pour élever un enfant (militaire) - Fin | N44: Modification | O44: Indicateur de renouvellement saisi identique à Indicateur de renouvellement avant saisi | P44: A_POS_INDREN [Saisi] = A_POS_INDREN [Valeur avant saisie] | Q44: Militaire sous contrat | R44: P0145 | S44: Particulier | T44: Passant | U44: 43831 | V44: 44125 | W44: CCP_I_006 ET CCP_I_007 ET CCP_D_004 ET CCP_D_001 ET CCP_D_006 ET CCP_D_007 ET CCP_D_005 ET CCP_D_002 ET CCP_D_003 ET POS_C_004 ET POS_C_007 ET POS_C_009 ET POS_C_010 ET POS_C_012 ET POS_C_022 ET POS_C_050 ET POS_C_051 ET POS_C_055 ET POS_C_056 ET POS_C_111 ET POS_C_120 ET POS_C_121 | X44: CCP_I_006 | Y44: =VLOOKUP(X44,'Axe 2 Règles de gestion'!$D$2:$F$49,3, FALSE) -> Le militaire peut demander la réintégration dans son corps d'origine, laquelle est de droit, 3 mois avant l'expiration du congé. | Z44: CCP_I_007 | AA44: =VLOOKUP(Z44,'Axe 2 Règles de gestion'!$D$2:$F$49,3, FALSE) -> Le militaire qui a formulé avant l'expiration du congé une demande de réintégration est maintenu dans cette situation jusqu'à ce qu'il puisse être affecté dans un emploi correspondant à son grade. | AN44: CCP_D_004 | AO44: =VLOOKUP(AN44,'Axe 2 Règles de gestion'!$D$2:$F$49,3, FALSE) -> La durée prévisionnelle du congé ne peut pas excéder 2 ans pour chaque période. | AP44: CCP_D_001 | AQ44: =VLOOKUP(AP44,'Axe 2 Règles de gestion'!$D$2:$F$49,3, FALSE) -> La durée réelle du congé ne peut pas excéder 2 ans pour chaque période. | AR44: CCP_D_006 | AS44: =VLOOKUP(AR44,'Axe 2 Règles de gestion'!$D$2:$F$49,3, FALSE) -> La date de fin prévisionnelle de chaque période ne peut pas excéder les 8 ans de l'enfant élevé. | AT44: CCP_D_007 | AU44: =VLOOKUP(AT44,'Axe 2 Règles de gestion'!$D$2:$F$49,3, FALSE) -> La date de fin réelle de chaque période ne peut pas excéder les 8 ans de l'enfant élevé. | AV44: CCP_D_005 | AW44: =VLOOKUP(AV44,'Axe 2 Règles de gestion'!$D$2:$F$49,3, FALSE) -> La durée cumulée de l'ensemble des congés pour convenances personnelles ne doit pas excéder 10 ans. | AX44: CCP_D_002 | AY44: =VLOOKUP(AX44,'Axe 2 Règles de gestion'!$D$2:$F$49,3, FALSE) -> La date de fin réelle du congé doit être antérieure ou égale à la date limite de fin réelle ou prévisionnelle du lien juridique. Le militaire ne voit pas son contrat prorogé jusqu'à la date de fin du congé. | AZ44: CCP_D_003 | BA44: =VLOOKUP(AZ44,'Axe 2 Règles de gestion'!$D$2:$F$49,3, FALSE) -> La date de fin prévisionnelle du congé doit être antérieure ou égale à la date limite de fin réelle ou prévisionnelle du lien juridique. Le militaire ne voit pas son contrat prorogé jusqu'à la date de fin du congé. | BB44: POS_C_004 | BC44: =VLOOKUP(BB44,'Axe 2 Règles de gestion'!$D$2:$F$49,3, FALSE) -> La date de début de position doit être antérieure ou égale à la date de fin prévisionnelle de position. | BD44: POS_C_007 | BE44: =VLOOKUP(BD44,'Axe 2 Règles de gestion'!$D$2:$F$49,3, FALSE) -> La date de fin réelle de la position doit être antérieure à la date limite de départ à la retraite. | BF44: POS_C_009 | BG44: =VLOOKUP(BF44,'Axe 2 Règles de gestion'!$D$2:$F$49,3, FALSE) -> La date de début de la position doit être postérieure ou égale à la date de début du lien juridique. | BH44: POS_C_010 | BI44: =VLOOKUP(BH44,'Axe 2 Règles de gestion'!$D$2:$F$49,3, FALSE) -> La date de début de position doit être antérieure ou égale à la date de fin réelle de position. | BJ44: POS_C_012 | BK44: =VLOOKUP(BJ44,'Axe 2 Règles de gestion'!$D$2:$F$49,3, FALSE) -> La date de fin prévisionnelle de la position doit être antérieure à la date limite de départ à la retraite. | BL44: POS_C_022 | BM44: =VLOOKUP(BL44,'Axe 2 Règles de gestion'!$D$2:$F$49,3, FALSE) -> La date de début de position est à J+1 de la date de fin de position de l'occurrence précédente. | BN44: POS_C_050 | BO44: =VLOOKUP(BN44,'Axe 2 Règles de gestion'!$D$2:$F$49,3, FALSE) -> Le lien vers l'enfant doit être renseigné. | BP44: POS_C_051 | BQ44: =VLOOKUP(BP44,'Axe 2 Règles de gestion'!$D$2:$F$49,3, FALSE) -> La date de naissance de l'enfant doit être renseignée. | BR44: POS_C_055 | BS44: =VLOOKUP(BR44,'Axe 2 Règles de gestion'!$D$2:$F$49,3, FALSE) -> La date de fin réelle de la position doit être antérieure ou égale à la date de décès de l'enfant. | BT44: POS_C_056 | BU44: =VLOOKUP(BT44,'Axe 2 Règles de gestion'!$D$2:$F$49,3, FALSE) -> La date de fin prévisionnelle de la position doit être antérieure ou égale à la date de décès de l'enfant. | BV44: POS_C_111 | BW44: =VLOOKUP(BV44,'Axe 2 Règles de gestion'!$D$2:$F$49,3, FALSE) -> La date de fin ou la date de fin prévisionnelle doit être saisie. | BX44: POS_C_120 | BY44: =VLOOKUP(BX44,'Axe 2 Règles de gestion'!$D$2:$F$49,3, FALSE) -> La saisie d'une occurrence de congés/absences est interdite (date de fin réelle) | BZ44: POS_C_121 | CA44: =VLOOKUP(BZ44,'Axe 2 Règles de gestion'!$D$2:$F$49,3, FALSE) -> La saisie d'une occurrence de congés/absences est interdite (date de fin prévisionnelle)
A45: 22.10.00 | B45: A | C45: 44970.656 | D45: D0004 | E45: Position | F45: S0166 | G45: Congé pour convenances personnelles (militaire) | H45: E0919 | I45: Congé pour convenances personnelles pour élever un enfant militaire | J45: La position saisie est 'Congé pour convenances personnelles pour élever un enfant' | K45: A_POS_POSIAD [Saisi] = 'NAM30' | L45: T2245 | M45: Congé pour convenances personnelles pour élever un enfant (militaire) - Fin | N45: Modification | O45: Indicateur de renouvellement saisi identique à Indicateur de renouvellement avant saisi | P45: A_POS_INDREN [Saisi] = A_POS_INDREN [Valeur avant saisie] | Q45: Militaire sous contrat | R45: P0145 | S45: Particulier | T45: Passant | U45: 44126 | W45: CCP_I_006 ET CCP_I_007 ET CCP_D_004 ET CCP_D_001 ET CCP_D_008 ET CCP_D_009 ET CCP_D_005 ET CCP_D_002 ET CCP_D_003 ET POS_C_004 ET POS_C_007 ET POS_C_010 ET POS_C_012 ET POS_C_050 ET POS_C_051 ET POS_C_055 ET POS_C_056 ET POS_C_111 ET POS_C_120 ET POS_C_121 | X45: CCP_I_006 | Y45: =VLOOKUP(X45,'Axe 2 Règles de gestion'!$D$2:$F$49,3, FALSE) -> Le militaire peut demander la réintégration dans son corps d'origine, laquelle est de droit, 3 mois avant l'expiration du congé. | Z45: CCP_I_007 | AA45: =VLOOKUP(Z45,'Axe 2 Règles de gestion'!$D$2:$F$49,3, FALSE) -> Le militaire qui a formulé avant l'expiration du congé une demande de réintégration est maintenu dans cette situation jusqu'à ce qu'il puisse être affecté dans un emploi correspondant à son grade. | AN45: CCP_D_004 | AO45: =VLOOKUP(AN45,'Axe 2 Règles de gestion'!$D$2:$F$49,3, FALSE) -> La durée prévisionnelle du congé ne peut pas excéder 2 ans pour chaque période. | AP45: CCP_D_001 | AQ45: =VLOOKUP(AP45,'Axe 2 Règles de gestion'!$D$2:$F$49,3, FALSE) -> La durée réelle du congé ne peut pas excéder 2 ans pour chaque période. | AR45: CCP_D_008 | AS45: =VLOOKUP(AR45,'Axe 2 Règles de gestion'!$D$2:$F$49,3, FALSE) -> La date de fin prévisionnelle de chaque période ne peut pas excéder les 12 ans de l'enfant élevé. | AT45: CCP_D_009 | AU45: =VLOOKUP(AT45,'Axe 2 Règles de gestion'!$D$2:$F$49,3, FALSE) -> La date de fin réelle de chaque période ne peut pas excéder les 12 ans de l'enfant élevé. | AV45: CCP_D_005 | AW45: =VLOOKUP(AV45,'Axe 2 Règles de gestion'!$D$2:$F$49,3, FALSE) -> La durée cumulée de l'ensemble des congés pour convenances personnelles ne doit pas excéder 10 ans. | AX45: CCP_D_002 | AY45: =VLOOKUP(AX45,'Axe 2 Règles de gestion'!$D$2:$F$49,3, FALSE) -> La date de fin réelle du congé doit être antérieure ou égale à la date limite de fin réelle ou prévisionnelle du lien juridique. Le militaire ne voit pas son contrat prorogé jusqu'à la date de fin du congé. | AZ45: CCP_D_003 | BA45: =VLOOKUP(AZ45,'Axe 2 Règles de gestion'!$D$2:$F$49,3, FALSE) -> La date de fin prévisionnelle du congé doit être antérieure ou égale à la date limite de fin réelle ou prévisionnelle du lien juridique. Le militaire ne voit pas son contrat prorogé jusqu'à la date de fin du congé. | BB45: POS_C_004 | BC45: =VLOOKUP(BB45,'Axe 2 Règles de gestion'!$D$2:$F$49,3, FALSE) -> La date de début de position doit être antérieure ou égale à la date de fin prévisionnelle de position. | BD45: POS_C_007 | BE45: =VLOOKUP(BD45,'Axe 2 Règles de gestion'!$D$2:$F$49,3, FALSE) -> La date de fin réelle de la position doit être antérieure à la date limite de départ à la retraite. | BF45: POS_C_010 | BG45: =VLOOKUP(BF45,'Axe 2 Règles de gestion'!$D$2:$F$49,3, FALSE) -> La date de début de position doit être antérieure ou égale à la date de fin réelle de position. | BH45: POS_C_012 | BI45: =VLOOKUP(BH45,'Axe 2 Règles de gestion'!$D$2:$F$49,3, FALSE) -> La date de fin prévisionnelle de la position doit être antérieure à la date limite de départ à la retraite. | BJ45: POS_C_050 | BK45: =VLOOKUP(BJ45,'Axe 2 Règles de gestion'!$D$2:$F$49,3, FALSE) -> Le lien vers l'enfant doit être renseigné. | BL45: POS_C_051 | BM45: =VLOOKUP(BL45,'Axe 2 Règles de gestion'!$D$2:$F$49,3, FALSE) -> La date de naissance de l'enfant doit être renseignée. | BN45: POS_C_055 | BO45: =VLOOKUP(BN45,'Axe 2 Règles de gestion'!$D$2:$F$49,3, FALSE) -> La date de fin réelle de la position doit être antérieure ou égale à la date de décès de l'enfant. | BP45: POS_C_056 | BQ45: =VLOOKUP(BP45,'Axe 2 Règles de gestion'!$D$2:$F$49,3, FALSE) -> La date de fin prévisionnelle de la position doit être antérieure ou égale à la date de décès de l'enfant. | BR45: POS_C_111 | BS45: =VLOOKUP(BR45,'Axe 2 Règles de gestion'!$D$2:$F$49,3, FALSE) -> La date de fin ou la date de fin prévisionnelle doit être saisie. | BT45: POS_C_120 | BU45: =VLOOKUP(BT45,'Axe 2 Règles de gestion'!$D$2:$F$49,3, FALSE) -> La saisie d'une occurrence de congés/absences est interdite (date de fin réelle) | BV45: POS_C_121 | BW45: =VLOOKUP(BV45,'Axe 2 Règles de gestion'!$D$2:$F$49,3, FALSE) -> La saisie d'une occurrence de congés/absences est interdite (date de fin prévisionnelle)
A46: 22.10.00 | B46: A | C46: 44970.644 | D46: D0004 | E46: Position | F46: S0166 | G46: Congé pour convenances personnelles (militaire) | H46: E0919 | I46: Congé pour convenances personnelles pour élever un enfant militaire | J46: La position saisie est 'Congé pour convenances personnelles pour élever un enfant' | K46: A_POS_POSIAD [Saisi] = 'NAM30' | L46: T2243 | M46: Congé pour convenances personnelles pour élever un enfant (militaire) - Demande | N46: Création Modification | O46: Indicateur de renouvellement saisi = Non ET (Indicateur de renouvellement saisi différent d'Indicateur de renouvellement avant saisi) | P46: A_POS_INDREN [Saisi] = '0' ET (A_POS_INDREN [Saisi] <> A_POS_INDREN [Valeur avant saisie]) | Q46: Militaire de carrière | R46: P0189 | S46: Particulier | T46: Passant | U46: 43831 | V46: 44125 | W46: CCP_I_001 ET CCP_I_002 ET CCP_I_004 ET CCP_I_014 ET CCP_I_008 ET CCP_I_009 ET CCP_I_010 ET CCP_D_004 ET CCP_D_001 ET CCP_D_006 ET CCP_D_007 ET CCP_D_005 ET POS_C_004 ET POS_C_005 ET POS_C_007 ET POS_C_010 ET POS_C_012 ET POS_C_022 ET POS_C_050 ET POS_C_055 ET POS_C_056 ET POS_C_111 ET POS_C_120 ET POS_C_121 ET POS_C_051 | X46: CCP_I_001 | Y46: =VLOOKUP(X46,'Axe 2 Règles de gestion'!$D$2:$F$49,3, FALSE) -> Le militaire doit présenter une demande. | Z46: CCP_I_002 | AA46: =VLOOKUP(Z46,'Axe 2 Règles de gestion'!$D$2:$F$49,3, FALSE) -> Le militaire est placé en congé par décision du ministre compétent. | AB46: CCP_I_004 | AC46: =VLOOKUP(AB46,'Axe 2 Règles de gestion'!$D$2:$F$49,3, FALSE) -> Le militaire officier qui demande à être placé dans ce congé, est tenu d'informer sans délai par écrit le ministre compétent de la nature de l'activité privée lucrative qu'il se propose d'exercer. | AD46: CCP_I_014 | AE46: =VLOOKUP(AD46,'Axe 2 Règles de gestion'!$D$2:$F$49,3, FALSE) -> Le militaire officier est tenu d'informer sans délai par écrit le ministre compétent de tout changement d'activité privée lucrative. | AF46: CCP_I_008 | AG46: =VLOOKUP(AF46,'Axe 2 Règles de gestion'!$D$2:$F$49,3, FALSE) -> Le militaire peut demander à souscrire un engagement à servir dans la réserve opérationnelle s'il est placé dans ce congé pour élever un enfant de moins de 8 ans. | AH46: CCP_I_009 | AI46: =VLOOKUP(AH46,'Axe 2 Règles de gestion'!$D$2:$F$49,3, FALSE) -> La durée des activités à exercer au titre d'un engagement à servir dans la réserve opérationnelle est limitée à 90 jours par année civile. | AJ46: CCP_I_010 | AK46: =VLOOKUP(AJ46,'Axe 2 Règles de gestion'!$D$2:$F$49,3, FALSE) -> En cas de nécessité liée à l'emploi des forces, la durée des activités à exercer au titre d'un engagement à servir dans la réserve opérationnelle peut être portée à 150 jours par année civile à la demande de l'administration, après accord du militaire. | AN46: CCP_D_004 | AO46: =VLOOKUP(AN46,'Axe 2 Règles de gestion'!$D$2:$F$49,3, FALSE) -> La durée prévisionnelle du congé ne peut pas excéder 2 ans pour chaque période. | AP46: CCP_D_001 | AQ46: =VLOOKUP(AP46,'Axe 2 Règles de gestion'!$D$2:$F$49,3, FALSE) -> La durée réelle du congé ne peut pas excéder 2 ans pour chaque période. | AR46: CCP_D_006 | AS46: =VLOOKUP(AR46,'Axe 2 Règles de gestion'!$D$2:$F$49,3, FALSE) -> La date de fin prévisionnelle de chaque période ne peut pas excéder les 8 ans de l'enfant élevé. | AT46: CCP_D_007 | AU46: =VLOOKUP(AT46,'Axe 2 Règles de gestion'!$D$2:$F$49,3, FALSE) -> La date de fin réelle de chaque période ne peut pas excéder les 8 ans de l'enfant élevé. | AV46: CCP_D_005 | AW46: =VLOOKUP(AV46,'Axe 2 Règles de gestion'!$D$2:$F$49,3, FALSE) -> La durée cumulée de l'ensemble des congés pour convenances personnelles ne doit pas excéder 10 ans. | BB46: POS_C_004 | BC46: =VLOOKUP(BB46,'Axe 2 Règles de gestion'!$D$2:$F$49,3, FALSE) -> La date de début de position doit être antérieure ou égale à la date de fin prévisionnelle de position. | BD46: POS_C_005 | BE46: =VLOOKUP(BD46,'Axe 2 Règles de gestion'!$D$2:$F$49,3, FALSE) -> La date de début de la position doit être postérieure ou égale à la date d'entrée dans la FPE ou dans la carrière militaire. | BF46: POS_C_007 | BG46: =VLOOKUP(BF46,'Axe 2 Règles de gestion'!$D$2:$F$49,3, FALSE) -> La date de fin réelle de la position doit être antérieure à la date limite de départ à la retraite. | BH46: POS_C_010 | BI46: =VLOOKUP(BH46,'Axe 2 Règles de gestion'!$D$2:$F$49,3, FALSE) -> La date de début de position doit être antérieure ou égale à la date de fin réelle de position. | BJ46: POS_C_012 | BK46: =VLOOKUP(BJ46,'Axe 2 Règles de gestion'!$D$2:$F$49,3, FALSE) -> La date de fin prévisionnelle de la position doit être antérieure à la date limite de départ à la retraite. | BL46: POS_C_022 | BM46: =VLOOKUP(BL46,'Axe 2 Règles de gestion'!$D$2:$F$49,3, FALSE) -> La date de début de position est à J+1 de la date de fin de position de l'occurrence précédente. | BN46: POS_C_050 | BO46: =VLOOKUP(BN46,'Axe 2 Règles de gestion'!$D$2:$F$49,3, FALSE) -> Le lien vers l'enfant doit être renseigné. | BP46: POS_C_055 | BQ46: =VLOOKUP(BP46,'Axe 2 Règles de gestion'!$D$2:$F$49,3, FALSE) -> La date de fin réelle de la position doit être antérieure ou égale à la date de décès de l'enfant. | BR46: POS_C_056 | BS46: =VLOOKUP(BR46,'Axe 2 Règles de gestion'!$D$2:$F$49,3, FALSE) -> La date de fin prévisionnelle de la position doit être antérieure ou égale à la date de décès de l'enfant. | BT46: POS_C_111 | BU46: =VLOOKUP(BT46,'Axe 2 Règles de gestion'!$D$2:$F$49,3, FALSE) -> La date de fin ou la date de fin prévisionnelle doit être saisie. | BV46: POS_C_120 | BW46: =VLOOKUP(BV46,'Axe 2 Règles de gestion'!$D$2:$F$49,3, FALSE) -> La saisie d'une occurrence de congés/absences est interdite (date de fin réelle) | BX46: POS_C_121 | BY46: =VLOOKUP(BX46,'Axe 2 Règles de gestion'!$D$2:$F$49,3, FALSE) -> La saisie d'une occurrence de congés/absences est interdite (date de fin prévisionnelle) | BZ46: POS_C_051 | CA46: =VLOOKUP(BZ46,'Axe 2 Règles de gestion'!$D$2:$F$49,3, FALSE) -> La date de naissance de l'enfant doit être renseignée.
A47: 22.10.00 | B47: A | C47: 44970.671 | D47: D0004 | E47: Position | F47: S0166 | G47: Congé pour convenances personnelles (militaire) | H47: E0919 | I47: Congé pour convenances personnelles pour élever un enfant militaire | J47: La position saisie est 'Congé pour convenances personnelles pour élever un enfant' | K47: A_POS_POSIAD [Saisi] = 'NAM30' | L47: T2243 | M47: Congé pour convenances personnelles pour élever un enfant (militaire) - Demande | N47: Création Modification | O47: Indicateur de renouvellement saisi = Non ET (Indicateur de renouvellement saisi différent d'Indicateur de renouvellement avant saisi) | P47: A_POS_INDREN [Saisi] = '0' ET (A_POS_INDREN [Saisi] <> A_POS_INDREN [Valeur avant saisie]) | Q47: Militaire de carrière | R47: P0189 | S47: Particulier | T47: Passant | U47: 44126 | W47: CCP_I_001 ET CCP_I_002 ET CCP_I_004 ET CCP_I_014 ET CCP_I_008 ET CCP_I_009 ET CCP_I_010 ET CCP_D_004 ET CCP_D_001 ET CCP_D_008 ET CCP_D_009 ET CCP_D_005 ET POS_C_004 ET POS_C_005 ET POS_C_007 ET POS_C_010 ET POS_C_012 ET POS_C_022 ET POS_C_050 ET POS_C_055 ET POS_C_056 ET POS_C_111 ET POS_C_120 ET POS_C_121 ET POS_C_051 | X47: CCP_I_001 | Y47: =VLOOKUP(X47,'Axe 2 Règles de gestion'!$D$2:$F$49,3, FALSE) -> Le militaire doit présenter une demande. | Z47: CCP_I_002 | AA47: =VLOOKUP(Z47,'Axe 2 Règles de gestion'!$D$2:$F$49,3, FALSE) -> Le militaire est placé en congé par décision du ministre compétent. | AB47: CCP_I_004 | AC47: =VLOOKUP(AB47,'Axe 2 Règles de gestion'!$D$2:$F$49,3, FALSE) -> Le militaire officier qui demande à être placé dans ce congé, est tenu d'informer sans délai par écrit le ministre compétent de la nature de l'activité privée lucrative qu'il se propose d'exercer. | AD47: CCP_I_014 | AE47: =VLOOKUP(AD47,'Axe 2 Règles de gestion'!$D$2:$F$49,3, FALSE) -> Le militaire officier est tenu d'informer sans délai par écrit le ministre compétent de tout changement d'activité privée lucrative. | AF47: CCP_I_008 | AG47: =VLOOKUP(AF47,'Axe 2 Règles de gestion'!$D$2:$F$49,3, FALSE) -> Le militaire peut demander à souscrire un engagement à servir dans la réserve opérationnelle s'il est placé dans ce congé pour élever un enfant de moins de 8 ans. | AH47: CCP_I_009 | AI47: =VLOOKUP(AH47,'Axe 2 Règles de gestion'!$D$2:$F$49,3, FALSE) -> La durée des activités à exercer au titre d'un engagement à servir dans la réserve opérationnelle est limitée à 90 jours par année civile. | AJ47: CCP_I_010 | AK47: =VLOOKUP(AJ47,'Axe 2 Règles de gestion'!$D$2:$F$49,3, FALSE) -> En cas de nécessité liée à l'emploi des forces, la durée des activités à exercer au titre d'un engagement à servir dans la réserve opérationnelle peut être portée à 150 jours par année civile à la demande de l'administration, après accord du militaire. | AN47: CCP_D_004 | AO47: =VLOOKUP(AN47,'Axe 2 Règles de gestion'!$D$2:$F$49,3, FALSE) -> La durée prévisionnelle du congé ne peut pas excéder 2 ans pour chaque période. | AP47: CCP_D_001 | AQ47: =VLOOKUP(AP47,'Axe 2 Règles de gestion'!$D$2:$F$49,3, FALSE) -> La durée réelle du congé ne peut pas excéder 2 ans pour chaque période. | AR47: CCP_D_008 | AS47: =VLOOKUP(AR47,'Axe 2 Règles de gestion'!$D$2:$F$49,3, FALSE) -> La date de fin prévisionnelle de chaque période ne peut pas excéder les 12 ans de l'enfant élevé. | AT47: CCP_D_009 | AU47: =VLOOKUP(AT47,'Axe 2 Règles de gestion'!$D$2:$F$49,3, FALSE) -> La date de fin réelle de chaque période ne peut pas excéder les 12 ans de l'enfant élevé. | AV47: CCP_D_005 | AW47: =VLOOKUP(AV47,'Axe 2 Règles de gestion'!$D$2:$F$49,3, FALSE) -> La durée cumulée de l'ensemble des congés pour convenances personnelles ne doit pas excéder 10 ans. | BB47: POS_C_004 | BC47: =VLOOKUP(BB47,'Axe 2 Règles de gestion'!$D$2:$F$49,3, FALSE) -> La date de début de position doit être antérieure ou égale à la date de fin prévisionnelle de position. | BD47: POS_C_005 | BE47: =VLOOKUP(BD47,'Axe 2 Règles de gestion'!$D$2:$F$49,3, FALSE) -> La date de début de la position doit être postérieure ou égale à la date d'entrée dans la FPE ou dans la carrière militaire. | BF47: POS_C_007 | BG47: =VLOOKUP(BF47,'Axe 2 Règles de gestion'!$D$2:$F$49,3, FALSE) -> La date de fin réelle de la position doit être antérieure à la date limite de départ à la retraite. | BH47: POS_C_010 | BI47: =VLOOKUP(BH47,'Axe 2 Règles de gestion'!$D$2:$F$49,3, FALSE) -> La date de début de position doit être antérieure ou égale à la date de fin réelle de position. | BJ47: POS_C_012 | BK47: =VLOOKUP(BJ47,'Axe 2 Règles de gestion'!$D$2:$F$49,3, FALSE) -> La date de fin prévisionnelle de la position doit être antérieure à la date limite de départ à la retraite. | BL47: POS_C_022 | BM47: =VLOOKUP(BL47,'Axe 2 Règles de gestion'!$D$2:$F$49,3, FALSE) -> La date de début de position est à J+1 de la date de fin de position de l'occurrence précédente. | BN47: POS_C_050 | BO47: =VLOOKUP(BN47,'Axe 2 Règles de gestion'!$D$2:$F$49,3, FALSE) -> Le lien vers l'enfant doit être renseigné. | BP47: POS_C_055 | BQ47: =VLOOKUP(BP47,'Axe 2 Règles de gestion'!$D$2:$F$49,3, FALSE) -> La date de fin réelle de la position doit être antérieure ou égale à la date de décès de l'enfant. | BR47: POS_C_056 | BS47: =VLOOKUP(BR47,'Axe 2 Règles de gestion'!$D$2:$F$49,3, FALSE) -> La date de fin prévisionnelle de la position doit être antérieure ou égale à la date de décès de l'enfant. | BT47: POS_C_111 | BU47: =VLOOKUP(BT47,'Axe 2 Règles de gestion'!$D$2:$F$49,3, FALSE) -> La date de fin ou la date de fin prévisionnelle doit être saisie. | BV47: POS_C_120 | BW47: =VLOOKUP(BV47,'Axe 2 Règles de gestion'!$D$2:$F$49,3, FALSE) -> La saisie d'une occurrence de congés/absences est interdite (date de fin réelle) | BX47: POS_C_121 | BY47: =VLOOKUP(BX47,'Axe 2 Règles de gestion'!$D$2:$F$49,3, FALSE) -> La saisie d'une occurrence de congés/absences est interdite (date de fin prévisionnelle) | BZ47: POS_C_051 | CA47: =VLOOKUP(BZ47,'Axe 2 Règles de gestion'!$D$2:$F$49,3, FALSE) -> La date de naissance de l'enfant doit être renseignée.
A48: 22.10.00 | B48: A | C48: 44970.646 | D48: D0004 | E48: Position | F48: S0166 | G48: Congé pour convenances personnelles (militaire) | H48: E0919 | I48: Congé pour convenances personnelles pour élever un enfant militaire | J48: La position saisie est 'Congé pour convenances personnelles pour élever un enfant' | K48: A_POS_POSIAD [Saisi] = 'NAM30' | L48: T2244 | M48: Congé pour convenances personnelles pour élever un enfant (militaire) - Renouvellement | N48: Création Modification | O48: Indicateur de renouvellement saisi = Oui ET (Indicateur de renouvellement saisi différent d'Indicateur de renouvellement avant saisi) | P48: A_POS_INDREN [Saisi] = '1' ET (A_POS_INDREN [Saisi] <> A_POS_INDREN [Valeur avant saisie] | Q48: Militaire de carrière | R48: P0189 | S48: Particulier | T48: Passant | U48: 43831 | V48: 44125 | W48: CCP_I_005 ET CCP_I_001 ET CCP_I_002 ET CCP_I_004 ET CCP_I_014 ET CCP_I_008 ET CCP_I_009 ET CCP_I_010 ET CCP_D_004 ET CCP_D_001 ET CCP_D_006 ET CCP_D_007 ET CCP_D_005 ET POS_C_004 ET POS_C_007 ET POS_C_010 ET POS_C_012 ET POS_C_050 ET POS_C_055 ET POS_C_056 ET POS_C_111 ET POS_C_120 ET POS_C_121 ET POS_C_051 | X48: CCP_I_005 | Y48: =VLOOKUP(X48,'Axe 2 Règles de gestion'!$D$2:$F$49,3, FALSE) -> Le militaire peut demander le renouvellement du congé 3 mois avant l'expiration du congé. | Z48: CCP_I_001 | AA48: =VLOOKUP(Z48,'Axe 2 Règles de gestion'!$D$2:$F$49,3, FALSE) -> Le militaire doit présenter une demande. | AB48: CCP_I_002 | AC48: =VLOOKUP(AB48,'Axe 2 Règles de gestion'!$D$2:$F$49,3, FALSE) -> Le militaire est placé en congé par décision du ministre compétent. | AD48: CCP_I_004 | AE48: =VLOOKUP(AD48,'Axe 2 Règles de gestion'!$D$2:$F$49,3, FALSE) -> Le militaire officier qui demande à être placé dans ce congé, est tenu d'informer sans délai par écrit le ministre compétent de la nature de l'activité privée lucrative qu'il se propose d'exercer. | AF48: CCP_I_014 | AG48: =VLOOKUP(AF48,'Axe 2 Règles de gestion'!$D$2:$F$49,3, FALSE) -> Le militaire officier est tenu d'informer sans délai par écrit le ministre compétent de tout changement d'activité privée lucrative. | AH48: CCP_I_008 | AI48: =VLOOKUP(AH48,'Axe 2 Règles de gestion'!$D$2:$F$49,3, FALSE) -> Le militaire peut demander à souscrire un engagement à servir dans la réserve opérationnelle s'il est placé dans ce congé pour élever un enfant de moins de 8 ans. | AJ48: CCP_I_009 | AK48: =VLOOKUP(AJ48,'Axe 2 Règles de gestion'!$D$2:$F$49,3, FALSE) -> La durée des activités à exercer au titre d'un engagement à servir dans la réserve opérationnelle est limitée à 90 jours par année civile. | AL48: CCP_I_010 | AM48: =VLOOKUP(AL48,'Axe 2 Règles de gestion'!$D$2:$F$49,3, FALSE) -> En cas de nécessité liée à l'emploi des forces, la durée des activités à exercer au titre d'un engagement à servir dans la réserve opérationnelle peut être portée à 150 jours par année civile à la demande de l'administration, après accord du militaire. | AN48: CCP_D_004 | AO48: =VLOOKUP(AN48,'Axe 2 Règles de gestion'!$D$2:$F$49,3, FALSE) -> La durée prévisionnelle du congé ne peut pas excéder 2 ans pour chaque période. | AP48: CCP_D_001 | AQ48: =VLOOKUP(AP48,'Axe 2 Règles de gestion'!$D$2:$F$49,3, FALSE) -> La durée réelle du congé ne peut pas excéder 2 ans pour chaque période. | AR48: CCP_D_006 | AS48: =VLOOKUP(AR48,'Axe 2 Règles de gestion'!$D$2:$F$49,3, FALSE) -> La date de fin prévisionnelle de chaque période ne peut pas excéder les 8 ans de l'enfant élevé. | AT48: CCP_D_007 | AU48: =VLOOKUP(AT48,'Axe 2 Règles de gestion'!$D$2:$F$49,3, FALSE) -> La date de fin réelle de chaque période ne peut pas excéder les 8 ans de l'enfant élevé. | AV48: CCP_D_005 | AW48: =VLOOKUP(AV48,'Axe 2 Règles de gestion'!$D$2:$F$49,3, FALSE) -> La durée cumulée de l'ensemble des congés pour convenances personnelles ne doit pas excéder 10 ans. | BB48: POS_C_004 | BC48: =VLOOKUP(BB48,'Axe 2 Règles de gestion'!$D$2:$F$49,3, FALSE) -> La date de début de position doit être antérieure ou égale à la date de fin prévisionnelle de position. | BD48: POS_C_007 | BE48: =VLOOKUP(BD48,'Axe 2 Règles de gestion'!$D$2:$F$49,3, FALSE) -> La date de fin réelle de la position doit être antérieure à la date limite de départ à la retraite. | BF48: POS_C_010 | BG48: =VLOOKUP(BF48,'Axe 2 Règles de gestion'!$D$2:$F$49,3, FALSE) -> La date de début de position doit être antérieure ou égale à la date de fin réelle de position. | BH48: POS_C_012 | BI48: =VLOOKUP(BH48,'Axe 2 Règles de gestion'!$D$2:$F$49,3, FALSE) -> La date de fin prévisionnelle de la position doit être antérieure à la date limite de départ à la retraite. | BJ48: POS_C_050 | BK48: =VLOOKUP(BJ48,'Axe 2 Règles de gestion'!$D$2:$F$49,3, FALSE) -> Le lien vers l'enfant doit être renseigné. | BL48: POS_C_055 | BM48: =VLOOKUP(BL48,'Axe 2 Règles de gestion'!$D$2:$F$49,3, FALSE) -> La date de fin réelle de la position doit être antérieure ou égale à la date de décès de l'enfant. | BN48: POS_C_056 | BO48: =VLOOKUP(BN48,'Axe 2 Règles de gestion'!$D$2:$F$49,3, FALSE) -> La date de fin prévisionnelle de la position doit être antérieure ou égale à la date de décès de l'enfant. | BP48: POS_C_111 | BQ48: =VLOOKUP(BP48,'Axe 2 Règles de gestion'!$D$2:$F$49,3, FALSE) -> La date de fin ou la date de fin prévisionnelle doit être saisie. | BR48: POS_C_120 | BS48: =VLOOKUP(BR48,'Axe 2 Règles de gestion'!$D$2:$F$49,3, FALSE) -> La saisie d'une occurrence de congés/absences est interdite (date de fin réelle) | BT48: POS_C_121 | BU48: =VLOOKUP(BT48,'Axe 2 Règles de gestion'!$D$2:$F$49,3, FALSE) -> La saisie d'une occurrence de congés/absences est interdite (date de fin prévisionnelle) | BV48: POS_C_051 | BW48: =VLOOKUP(BV48,'Axe 2 Règles de gestion'!$D$2:$F$49,3, FALSE) -> La date de naissance de l'enfant doit être renseignée.
A49: 22.10.00 | B49: A | C49: 44970.672 | D49: D0004 | E49: Position | F49: S0166 | G49: Congé pour convenances personnelles (militaire) | H49: E0919 | I49: Congé pour convenances personnelles pour élever un enfant militaire | J49: La position saisie est 'Congé pour convenances personnelles pour élever un enfant' | K49: A_POS_POSIAD [Saisi] = 'NAM30' | L49: T2244 | M49: Congé pour convenances personnelles pour élever un enfant (militaire) - Renouvellement | N49: Création Modification | O49: Indicateur de renouvellement saisi = Oui ET (Indicateur de renouvellement saisi différent d'Indicateur de renouvellement avant saisi) | P49: A_POS_INDREN [Saisi] = '1' ET (A_POS_INDREN [Saisi] <> A_POS_INDREN [Valeur avant saisie] | Q49: Militaire de carrière | R49: P0189 | S49: Particulier | T49: Passant | U49: 44126 | W49: CCP_I_005 ET CCP_I_001 ET CCP_I_002 ET CCP_I_004 ET CCP_I_014 ET CCP_I_008 ET CCP_I_009 ET CCP_I_010 ET CCP_D_004 ET CCP_D_001 ET CCP_D_008 ET CCP_D_009 ET CCP_D_005 ET POS_C_004 ET POS_C_005 ET POS_C_007 ET POS_C_010 ET POS_C_012 ET POS_C_022 ET POS_C_050 ET POS_C_055 ET POS_C_056 ET POS_C_111 ET POS_C_120 ET POS_C_121 ET POS_C_051 | X49: CCP_I_005 | Y49: =VLOOKUP(X49,'Axe 2 Règles de gestion'!$D$2:$F$49,3, FALSE) -> Le militaire peut demander le renouvellement du congé 3 mois avant l'expiration du congé. | Z49: CCP_I_001 | AA49: =VLOOKUP(Z49,'Axe 2 Règles de gestion'!$D$2:$F$49,3, FALSE) -> Le militaire doit présenter une demande. | AB49: CCP_I_002 | AC49: =VLOOKUP(AB49,'Axe 2 Règles de gestion'!$D$2:$F$49,3, FALSE) -> Le militaire est placé en congé par décision du ministre compétent. | AD49: CCP_I_004 | AE49: =VLOOKUP(AD49,'Axe 2 Règles de gestion'!$D$2:$F$49,3, FALSE) -> Le militaire officier qui demande à être placé dans ce congé, est tenu d'informer sans délai par écrit le ministre compétent de la nature de l'activité privée lucrative qu'il se propose d'exercer. | AF49: CCP_I_014 | AG49: =VLOOKUP(AF49,'Axe 2 Règles de gestion'!$D$2:$F$49,3, FALSE) -> Le militaire officier est tenu d'informer sans délai par écrit le ministre compétent de tout changement d'activité privée lucrative. | AH49: CCP_I_008 | AI49: =VLOOKUP(AH49,'Axe 2 Règles de gestion'!$D$2:$F$49,3, FALSE) -> Le militaire peut demander à souscrire un engagement à servir dans la réserve opérationnelle s'il est placé dans ce congé pour élever un enfant de moins de 8 ans. | AJ49: CCP_I_009 | AK49: =VLOOKUP(AJ49,'Axe 2 Règles de gestion'!$D$2:$F$49,3, FALSE) -> La durée des activités à exercer au titre d'un engagement à servir dans la réserve opérationnelle est limitée à 90 jours par année civile. | AL49: CCP_I_010 | AM49: =VLOOKUP(AL49,'Axe 2 Règles de gestion'!$D$2:$F$49,3, FALSE) -> En cas de nécessité liée à l'emploi des forces, la durée des activités à exercer au titre d'un engagement à servir dans la réserve opérationnelle peut être portée à 150 jours par année civile à la demande de l'administration, après accord du militaire. | AN49: CCP_D_004 | AO49: =VLOOKUP(AN49,'Axe 2 Règles de gestion'!$D$2:$F$49,3, FALSE) -> La durée prévisionnelle du congé ne peut pas excéder 2 ans pour chaque période. | AP49: CCP_D_001 | AQ49: =VLOOKUP(AP49,'Axe 2 Règles de gestion'!$D$2:$F$49,3, FALSE) -> La durée réelle du congé ne peut pas excéder 2 ans pour chaque période. | AR49: CCP_D_008 | AS49: =VLOOKUP(AR49,'Axe 2 Règles de gestion'!$D$2:$F$49,3, FALSE) -> La date de fin prévisionnelle de chaque période ne peut pas excéder les 12 ans de l'enfant élevé. | AT49: CCP_D_009 | AU49: =VLOOKUP(AT49,'Axe 2 Règles de gestion'!$D$2:$F$49,3, FALSE) -> La date de fin réelle de chaque période ne peut pas excéder les 12 ans de l'enfant élevé. | AV49: CCP_D_005 | AW49: =VLOOKUP(AV49,'Axe 2 Règles de gestion'!$D$2:$F$49,3, FALSE) -> La durée cumulée de l'ensemble des congés pour convenances personnelles ne doit pas excéder 10 ans. | BB49: POS_C_004 | BC49: =VLOOKUP(BB49,'Axe 2 Règles de gestion'!$D$2:$F$49,3, FALSE) -> La date de début de position doit être antérieure ou égale à la date de fin prévisionnelle de position. | BD49: POS_C_005 | BE49: =VLOOKUP(BD49,'Axe 2 Règles de gestion'!$D$2:$F$49,3, FALSE) -> La date de début de la position doit être postérieure ou égale à la date d'entrée dans la FPE ou dans la carrière militaire. | BF49: POS_C_007 | BG49: =VLOOKUP(BF49,'Axe 2 Règles de gestion'!$D$2:$F$49,3, FALSE) -> La date de fin réelle de la position doit être antérieure à la date limite de départ à la retraite. | BH49: POS_C_010 | BI49: =VLOOKUP(BH49,'Axe 2 Règles de gestion'!$D$2:$F$49,3, FALSE) -> La date de début de position doit être antérieure ou égale à la date de fin réelle de position. | BJ49: POS_C_012 | BK49: =VLOOKUP(BJ49,'Axe 2 Règles de gestion'!$D$2:$F$49,3, FALSE) -> La date de fin prévisionnelle de la position doit être antérieure à la date limite de départ à la retraite. | BL49: POS_C_022 | BM49: =VLOOKUP(BL49,'Axe 2 Règles de gestion'!$D$2:$F$49,3, FALSE) -> La date de début de position est à J+1 de la date de fin de position de l'occurrence précédente. | BN49: POS_C_050 | BO49: =VLOOKUP(BN49,'Axe 2 Règles de gestion'!$D$2:$F$49,3, FALSE) -> Le lien vers l'enfant doit être renseigné. | BP49: POS_C_055 | BQ49: =VLOOKUP(BP49,'Axe 2 Règles de gestion'!$D$2:$F$49,3, FALSE) -> La date de fin réelle de la position doit être antérieure ou égale à la date de décès de l'enfant. | BR49: POS_C_056 | BS49: =VLOOKUP(BR49,'Axe 2 Règles de gestion'!$D$2:$F$49,3, FALSE) -> La date de fin prévisionnelle de la position doit être antérieure ou égale à la date de décès de l'enfant. | BT49: POS_C_111 | BU49: =VLOOKUP(BT49,'Axe 2 Règles de gestion'!$D$2:$F$49,3, FALSE) -> La date de fin ou la date de fin prévisionnelle doit être saisie. | BV49: POS_C_120 | BW49: =VLOOKUP(BV49,'Axe 2 Règles de gestion'!$D$2:$F$49,3, FALSE) -> La saisie d'une occurrence de congés/absences est interdite (date de fin réelle) | BX49: POS_C_121 | BY49: =VLOOKUP(BX49,'Axe 2 Règles de gestion'!$D$2:$F$49,3, FALSE) -> La saisie d'une occurrence de congés/absences est interdite (date de fin prévisionnelle) | BZ49: POS_C_051 | CA49: =VLOOKUP(BZ49,'Axe 2 Règles de gestion'!$D$2:$F$49,3, FALSE) -> La date de naissance de l'enfant doit être renseignée.
A50: 22.10.00 | B50: A | C50: 44970.656 | D50: D0004 | E50: Position | F50: S0166 | G50: Congé pour convenances personnelles (militaire) | H50: E0919 | I50: Congé pour convenances personnelles pour élever un enfant militaire | J50: La position saisie est 'Congé pour convenances personnelles pour élever un enfant' | K50: A_POS_POSIAD [Saisi] = 'NAM30' | L50: T2245 | M50: Congé pour convenances personnelles pour élever un enfant (militaire) - Fin | N50: Modification | O50: Indicateur de renouvellement saisi identique à Indicateur de renouvellement avant saisi | P50: A_POS_INDREN [Saisi] = A_POS_INDREN [Valeur avant saisie] | Q50: Militaire de carrière | R50: P0189 | S50: Particulier | T50: Passant | U50: 43831 | V50: 44125 | W50: CCP_I_006 ET CCP_I_007 ET CCP_D_004 ET CCP_D_001 ET CCP_D_006 ET CCP_D_007 ET CCP_D_005 ET POS_C_004 ET POS_C_005 ET POS_C_007 ET POS_C_010 ET POS_C_012 ET POS_C_022 ET POS_C_050 ET POS_C_055 ET POS_C_056 ET POS_C_111 ET POS_C_120 ET POS_C_121 ET POS_C_051 | X50: CCP_I_006 | Y50: =VLOOKUP(X50,'Axe 2 Règles de gestion'!$D$2:$F$49,3, FALSE) -> Le militaire peut demander la réintégration dans son corps d'origine, laquelle est de droit, 3 mois avant l'expiration du congé. | Z50: CCP_I_007 | AA50: =VLOOKUP(Z50,'Axe 2 Règles de gestion'!$D$2:$F$49,3, FALSE) -> Le militaire qui a formulé avant l'expiration du congé une demande de réintégration est maintenu dans cette situation jusqu'à ce qu'il puisse être affecté dans un emploi correspondant à son grade. | AN50: CCP_D_004 | AO50: =VLOOKUP(AN50,'Axe 2 Règles de gestion'!$D$2:$F$49,3, FALSE) -> La durée prévisionnelle du congé ne peut pas excéder 2 ans pour chaque période. | AP50: CCP_D_001 | AQ50: =VLOOKUP(AP50,'Axe 2 Règles de gestion'!$D$2:$F$49,3, FALSE) -> La durée réelle du congé ne peut pas excéder 2 ans pour chaque période. | AR50: CCP_D_006 | AS50: =VLOOKUP(AR50,'Axe 2 Règles de gestion'!$D$2:$F$49,3, FALSE) -> La date de fin prévisionnelle de chaque période ne peut pas excéder les 8 ans de l'enfant élevé. | AT50: CCP_D_007 | AU50: =VLOOKUP(AT50,'Axe 2 Règles de gestion'!$D$2:$F$49,3, FALSE) -> La date de fin réelle de chaque période ne peut pas excéder les 8 ans de l'enfant élevé. | AV50: CCP_D_005 | AW50: =VLOOKUP(AV50,'Axe 2 Règles de gestion'!$D$2:$F$49,3, FALSE) -> La durée cumulée de l'ensemble des congés pour convenances personnelles ne doit pas excéder 10 ans. | BB50: POS_C_004 | BC50: =VLOOKUP(BB50,'Axe 2 Règles de gestion'!$D$2:$F$49,3, FALSE) -> La date de début de position doit être antérieure ou égale à la date de fin prévisionnelle de position. | BD50: POS_C_005 | BE50: =VLOOKUP(BD50,'Axe 2 Règles de gestion'!$D$2:$F$49,3, FALSE) -> La date de début de la position doit être postérieure ou égale à la date d'entrée dans la FPE ou dans la carrière militaire. | BF50: POS_C_007 | BG50: =VLOOKUP(BF50,'Axe 2 Règles de gestion'!$D$2:$F$49,3, FALSE) -> La date de fin réelle de la position doit être antérieure à la date limite de départ à la retraite. | BH50: POS_C_010 | BI50: =VLOOKUP(BH50,'Axe 2 Règles de gestion'!$D$2:$F$49,3, FALSE) -> La date de début de position doit être antérieure ou égale à la date de fin réelle de position. | BJ50: POS_C_012 | BK50: =VLOOKUP(BJ50,'Axe 2 Règles de gestion'!$D$2:$F$49,3, FALSE) -> La date de fin prévisionnelle de la position doit être antérieure à la date limite de départ à la retraite. | BL50: POS_C_022 | BM50: =VLOOKUP(BL50,'Axe 2 Règles de gestion'!$D$2:$F$49,3, FALSE) -> La date de début de position est à J+1 de la date de fin de position de l'occurrence précédente. | BN50: POS_C_050 | BO50: =VLOOKUP(BN50,'Axe 2 Règles de gestion'!$D$2:$F$49,3, FALSE) -> Le lien vers l'enfant doit être renseigné. | BP50: POS_C_055 | BQ50: =VLOOKUP(BP50,'Axe 2 Règles de gestion'!$D$2:$F$49,3, FALSE) -> La date de fin réelle de la position doit être antérieure ou égale à la date de décès de l'enfant. | BR50: POS_C_056 | BS50: =VLOOKUP(BR50,'Axe 2 Règles de gestion'!$D$2:$F$49,3, FALSE) -> La date de fin prévisionnelle de la position doit être antérieure ou égale à la date de décès de l'enfant. | BT50: POS_C_111 | BU50: =VLOOKUP(BT50,'Axe 2 Règles de gestion'!$D$2:$F$49,3, FALSE) -> La date de fin ou la date de fin prévisionnelle doit être saisie. | BV50: POS_C_120 | BW50: =VLOOKUP(BV50,'Axe 2 Règles de gestion'!$D$2:$F$49,3, FALSE) -> La saisie d'une occurrence de congés/absences est interdite (date de fin réelle) | BX50: POS_C_121 | BY50: =VLOOKUP(BX50,'Axe 2 Règles de gestion'!$D$2:$F$49,3, FALSE) -> La saisie d'une occurrence de congés/absences est interdite (date de fin prévisionnelle) | BZ50: POS_C_051 | CA50: =VLOOKUP(BZ50,'Axe 2 Règles de gestion'!$D$2:$F$49,3, FALSE) -> La date de naissance de l'enfant doit être renseignée.
A51: 22.10.00 | B51: A | C51: 44970.656 | D51: D0004 | E51: Position | F51: S0166 | G51: Congé pour convenances personnelles (militaire) | H51: E0919 | I51: Congé pour convenances personnelles pour élever un enfant militaire | J51: La position saisie est 'Congé pour convenances personnelles pour élever un enfant' | K51: A_POS_POSIAD [Saisi] = 'NAM30' | L51: T2245 | M51: Congé pour convenances personnelles pour élever un enfant (militaire) - Fin | N51: Modification | O51: Indicateur de renouvellement saisi identique à Indicateur de renouvellement avant saisi | P51: A_POS_INDREN [Saisi] = A_POS_INDREN [Valeur avant saisie] | Q51: Militaire de carrière | R51: P0189 | S51: Particulier | T51: Passant | U51: 44126 | W51: CCP_I_006 ET CCP_I_007 ET CCP_D_004 ET CCP_D_001 ET CCP_D_008 ET CCP_D_009 ET CCP_D_005 ET POS_C_004 ET POS_C_007 ET POS_C_010 ET POS_C_012 ET POS_C_050 ET POS_C_055 ET POS_C_056 ET POS_C_111 ET POS_C_120 ET POS_C_121 ET POS_C_051 | X51: CCP_I_006 | Y51: =VLOOKUP(X51,'Axe 2 Règles de gestion'!$D$2:$F$49,3, FALSE) -> Le militaire peut demander la réintégration dans son corps d'origine, laquelle est de droit, 3 mois avant l'expiration du congé. | Z51: CCP_I_007 | AA51: =VLOOKUP(Z51,'Axe 2 Règles de gestion'!$D$2:$F$49,3, FALSE) -> Le militaire qui a formulé avant l'expiration du congé une demande de réintégration est maintenu dans cette situation jusqu'à ce qu'il puisse être affecté dans un emploi correspondant à son grade. | AN51: CCP_D_004 | AO51: =VLOOKUP(AN51,'Axe 2 Règles de gestion'!$D$2:$F$49,3, FALSE) -> La durée prévisionnelle du congé ne peut pas excéder 2 ans pour chaque période. | AP51: CCP_D_001 | AQ51: =VLOOKUP(AP51,'Axe 2 Règles de gestion'!$D$2:$F$49,3, FALSE) -> La durée réelle du congé ne peut pas excéder 2 ans pour chaque période. | AR51: CCP_D_008 | AS51: =VLOOKUP(AR51,'Axe 2 Règles de gestion'!$D$2:$F$49,3, FALSE) -> La date de fin prévisionnelle de chaque période ne peut pas excéder les 12 ans de l'enfant élevé. | AT51: CCP_D_009 | AU51: =VLOOKUP(AT51,'Axe 2 Règles de gestion'!$D$2:$F$49,3, FALSE) -> La date de fin réelle de chaque période ne peut pas excéder les 12 ans de l'enfant élevé. | AV51: CCP_D_005 | AW51: =VLOOKUP(AV51,'Axe 2 Règles de gestion'!$D$2:$F$49,3, FALSE) -> La durée cumulée de l'ensemble des congés pour convenances personnelles ne doit pas excéder 10 ans. | BB51: POS_C_004 | BC51: =VLOOKUP(BB51,'Axe 2 Règles de gestion'!$D$2:$F$49,3, FALSE) -> La date de début de position doit être antérieure ou égale à la date de fin prévisionnelle de position. | BD51: POS_C_007 | BE51: =VLOOKUP(BD51,'Axe 2 Règles de gestion'!$D$2:$F$49,3, FALSE) -> La date de fin réelle de la position doit être antérieure à la date limite de départ à la retraite. | BF51: POS_C_010 | BG51: =VLOOKUP(BF51,'Axe 2 Règles de gestion'!$D$2:$F$49,3, FALSE) -> La date de début de position doit être antérieure ou égale à la date de fin réelle de position. | BH51: POS_C_012 | BI51: =VLOOKUP(BH51,'Axe 2 Règles de gestion'!$D$2:$F$49,3, FALSE) -> La date de fin prévisionnelle de la position doit être antérieure à la date limite de départ à la retraite. | BJ51: POS_C_050 | BK51: =VLOOKUP(BJ51,'Axe 2 Règles de gestion'!$D$2:$F$49,3, FALSE) -> Le lien vers l'enfant doit être renseigné. | BL51: POS_C_055 | BM51: =VLOOKUP(BL51,'Axe 2 Règles de gestion'!$D$2:$F$49,3, FALSE) -> La date de fin réelle de la position doit être antérieure ou égale à la date de décès de l'enfant. | BN51: POS_C_056 | BO51: =VLOOKUP(BN51,'Axe 2 Règles de gestion'!$D$2:$F$49,3, FALSE) -> La date de fin prévisionnelle de la position doit être antérieure ou égale à la date de décès de l'enfant. | BP51: POS_C_111 | BQ51: =VLOOKUP(BP51,'Axe 2 Règles de gestion'!$D$2:$F$49,3, FALSE) -> La date de fin ou la date de fin prévisionnelle doit être saisie. | BR51: POS_C_120 | BS51: =VLOOKUP(BR51,'Axe 2 Règles de gestion'!$D$2:$F$49,3, FALSE) -> La saisie d'une occurrence de congés/absences est interdite (date de fin réelle) | BT51: POS_C_121 | BU51: =VLOOKUP(BT51,'Axe 2 Règles de gestion'!$D$2:$F$49,3, FALSE) -> La saisie d'une occurrence de congés/absences est interdite (date de fin prévisionnelle) | BV51: POS_C_051 | BW51: =VLOOKUP(BV51,'Axe 2 Règles de gestion'!$D$2:$F$49,3, FALSE) -> La date de naissance de l'enfant doit être renseignée.
A52: 24.00.00 | B52: A | C52: 45428.46 | D52: D0004 | E52: Position | F52: S0166 | G52: Congé pour convenances personnelles (militaire) | H52: E0957 | I52: Congé pour convenances personnelles pour suivre son conjoint militaire ou un militaire auquel il est lié par un PACS | J52: La position saisie est 'Congé pour convenances personnelles pour suivre son conjoint militaire ou un militaire auquel il est lié par un PACS' | K52: A_POS_POSIAD [Saisi] = 'NAM32' | L52: T2324 | M52: Congé pour convenances personnelles pour suivre son conjoint militaire ou un militaire auquel il est lié par un PACS - Demande | N52: Création Modification | O52: Indicateur de renouvellement saisi = Non ET (Indicateur de renouvellement saisi différent d'Indicateur de renouvellement avant saisi) | P52: A_POS_INDREN [Saisi] = '0' ET (A_POS_INDREN [Saisi] <> A_POS_INDREN [Valeur avant saisie]) | Q52: Titulaire ou magistrat | R52: P0001 | S52: Général | T52: Exclu | U52: 45124
A53: 24.00.00 | B53: A | C53: 45428.467 | D53: D0004 | E53: Position | F53: S0166 | G53: Congé pour convenances personnelles (militaire) | H53: E0957 | I53: Congé pour convenances personnelles pour suivre son conjoint militaire ou un militaire auquel il est lié par un PACS | J53: La position saisie est 'Congé pour convenances personnelles pour suivre son conjoint militaire ou un militaire auquel il est lié par un PACS' | K53: A_POS_POSIAD [Saisi] = 'NAM32' | L53: T2325 | M53: Congé pour convenances personnelles pour suivre son conjoint militaire ou un militaire auquel il est lié par un PACS - Renouvellement | N53: Création Modification | O53: Indicateur de renouvellement saisi = Oui ET (Indicateur de renouvellement saisi différent d'Indicateur de renouvellement avant saisi) | P53: A_POS_INDREN [Saisi] = '1' ET (A_POS_INDREN [Saisi] <> A_POS_INDREN [Valeur avant saisie] | Q53: Titulaire ou magistrat | R53: P0001 | S53: Général | T53: Exclu | U53: 45124
A54: 24.00.00 | B54: A | C54: 45428.468 | D54: D0004 | E54: Position | F54: S0166 | G54: Congé pour convenances personnelles (militaire) | H54: E0957 | I54: Congé pour convenances personnelles pour suivre son conjoint militaire ou un militaire auquel il est lié par un PACS | J54: La position saisie est 'Congé pour convenances personnelles pour suivre son conjoint militaire ou un militaire auquel il est lié par un PACS' | K54: A_POS_POSIAD [Saisi] = 'NAM32' | L54: T2326 | M54: Congé pour convenances personnelles pour suivre son conjoint militaire ou un militaire auquel il est lié par un PACS - Fin | N54: Modification | O54: Indicateur de renouvellement saisi identique à Indicateur de renouvellement avant saisi | P54: A_POS_INDREN [Saisi] = A_POS_INDREN [Valeur avant saisie] | Q54: Titulaire ou magistrat | R54: P0001 | S54: Général | T54: Exclu | U54: 45124
A55: 24.00.00 | B55: A | C55: 45428.467 | D55: D0004 | E55: Position | F55: S0166 | G55: Congé pour convenances personnelles (militaire) | H55: E0957 | I55: Congé pour convenances personnelles pour suivre son conjoint militaire ou un militaire auquel il est lié par un PACS | J55: La position saisie est 'Congé pour convenances personnelles pour suivre son conjoint militaire ou un militaire auquel il est lié par un PACS' | K55: A_POS_POSIAD [Saisi] = 'NAM32' | L55: T2324 | M55: Congé pour convenances personnelles pour suivre son conjoint militaire ou un militaire auquel il est lié par un PACS - Demande | N55: Création Modification | O55: Indicateur de renouvellement saisi = Non ET (Indicateur de renouvellement saisi différent d'Indicateur de renouvellement avant saisi) | P55: A_POS_INDREN [Saisi] = '0' ET (A_POS_INDREN [Saisi] <> A_POS_INDREN [Valeur avant saisie]) | Q55: Militaire | R55: P0002 | S55: Général | T55: Exclu | U55: 45124
A56: 24.00.00 | B56: A | C56: 45428.468 | D56: D0004 | E56: Position | F56: S0166 | G56: Congé pour convenances personnelles (militaire) | H56: E0957 | I56: Congé pour convenances personnelles pour suivre son conjoint militaire ou un militaire auquel il est lié par un PACS | J56: La position saisie est 'Congé pour convenances personnelles pour suivre son conjoint militaire ou un militaire auquel il est lié par un PACS' | K56: A_POS_POSIAD [Saisi] = 'NAM32' | L56: T2325 | M56: Congé pour convenances personnelles pour suivre son conjoint militaire ou un militaire auquel il est lié par un PACS - Renouvellement | N56: Création Modification | O56: Indicateur de renouvellement saisi = Oui ET (Indicateur de renouvellement saisi différent d'Indicateur de renouvellement avant saisi) | P56: A_POS_INDREN [Saisi] = '1' ET (A_POS_INDREN [Saisi] <> A_POS_INDREN [Valeur avant saisie] | Q56: Militaire | R56: P0002 | S56: Général | T56: Exclu | U56: 45124
A57: 24.00.00 | B57: A | C57: 45428.469 | D57: D0004 | E57: Position | F57: S0166 | G57: Congé pour convenances personnelles (militaire) | H57: E0957 | I57: Congé pour convenances personnelles pour suivre son conjoint militaire ou un militaire auquel il est lié par un PACS | J57: La position saisie est 'Congé pour convenances personnelles pour suivre son conjoint militaire ou un militaire auquel il est lié par un PACS' | K57: A_POS_POSIAD [Saisi] = 'NAM32' | L57: T2326 | M57: Congé pour convenances personnelles pour suivre son conjoint militaire ou un militaire auquel il est lié par un PACS - Fin | N57: Modification | O57: Indicateur de renouvellement saisi identique à Indicateur de renouvellement avant saisi | P57: A_POS_INDREN [Saisi] = A_POS_INDREN [Valeur avant saisie] | Q57: Militaire | R57: P0002 | S57: Général | T57: Exclu | U57: 45124
A58: 24.00.00 | B58: A | C58: 45428.465 | D58: D0004 | E58: Position | F58: S0166 | G58: Congé pour convenances personnelles (militaire) | H58: E0957 | I58: Congé pour convenances personnelles pour suivre son conjoint militaire ou un militaire auquel il est lié par un PACS | J58: La position saisie est 'Congé pour convenances personnelles pour suivre son conjoint militaire ou un militaire auquel il est lié par un PACS' | K58: A_POS_POSIAD [Saisi] = 'NAM32' | L58: T2324 | M58: Congé pour convenances personnelles pour suivre son conjoint militaire ou un militaire auquel il est lié par un PACS - Demande | N58: Création Modification | O58: Indicateur de renouvellement saisi = Non ET (Indicateur de renouvellement saisi différent d'Indicateur de renouvellement avant saisi) | P58: A_POS_INDREN [Saisi] = '0' ET (A_POS_INDREN [Saisi] <> A_POS_INDREN [Valeur avant saisie]) | Q58: Contractuel | R58: P0003 | S58: Général | T58: Exclu | U58: 45124
A59: 24.00.00 | B59: A | C59: 45428.467 | D59: D0004 | E59: Position | F59: S0166 | G59: Congé pour convenances personnelles (militaire) | H59: E0957 | I59: Congé pour convenances personnelles pour suivre son conjoint militaire ou un militaire auquel il est lié par un PACS | J59: La position saisie est 'Congé pour convenances personnelles pour suivre son conjoint militaire ou un militaire auquel il est lié par un PACS' | K59: A_POS_POSIAD [Saisi] = 'NAM32' | L59: T2325 | M59: Congé pour convenances personnelles pour suivre son conjoint militaire ou un militaire auquel il est lié par un PACS - Renouvellement | N59: Création Modification | O59: Indicateur de renouvellement saisi = Oui ET (Indicateur de renouvellement saisi différent d'Indicateur de renouvellement avant saisi) | P59: A_POS_INDREN [Saisi] = '1' ET (A_POS_INDREN [Saisi] <> A_POS_INDREN [Valeur avant saisie] | Q59: Contractuel | R59: P0003 | S59: Général | T59: Exclu | U59: 45124
A60: 24.00.00 | B60: A | C60: 45428.468 | D60: D0004 | E60: Position | F60: S0166 | G60: Congé pour convenances personnelles (militaire) | H60: E0957 | I60: Congé pour convenances personnelles pour suivre son conjoint militaire ou un militaire auquel il est lié par un PACS | J60: La position saisie est 'Congé pour convenances personnelles pour suivre son conjoint militaire ou un militaire auquel il est lié par un PACS' | K60: A_POS_POSIAD [Saisi] = 'NAM32' | L60: T2326 | M60: Congé pour convenances personnelles pour suivre son conjoint militaire ou un militaire auquel il est lié par un PACS - Fin | N60: Modification | O60: Indicateur de renouvellement saisi identique à Indicateur de renouvellement avant saisi | P60: A_POS_INDREN [Saisi] = A_POS_INDREN [Valeur avant saisie] | Q60: Contractuel | R60: P0003 | S60: Général | T60: Exclu | U60: 45124
A61: 24.00.00 | B61: A | C61: 45428.465 | D61: D0004 | E61: Position | F61: S0166 | G61: Congé pour convenances personnelles (militaire) | H61: E0957 | I61: Congé pour convenances personnelles pour suivre son conjoint militaire ou un militaire auquel il est lié par un PACS | J61: La position saisie est 'Congé pour convenances personnelles pour suivre son conjoint militaire ou un militaire auquel il est lié par un PACS' | K61: A_POS_POSIAD [Saisi] = 'NAM32' | L61: T2324 | M61: Congé pour convenances personnelles pour suivre son conjoint militaire ou un militaire auquel il est lié par un PACS - Demande | N61: Création Modification | O61: Indicateur de renouvellement saisi = Non ET (Indicateur de renouvellement saisi différent d'Indicateur de renouvellement avant saisi) | P61: A_POS_INDREN [Saisi] = '0' ET (A_POS_INDREN [Saisi] <> A_POS_INDREN [Valeur avant saisie]) | Q61: Stagiaire ou auditeur ou élève | R61: P0004 | S61: Général | T61: Exclu | U61: 45124
A62: 24.00.00 | B62: A | C62: 45428.467 | D62: D0004 | E62: Position | F62: S0166 | G62: Congé pour convenances personnelles (militaire) | H62: E0957 | I62: Congé pour convenances personnelles pour suivre son conjoint militaire ou un militaire auquel il est lié par un PACS | J62: La position saisie est 'Congé pour convenances personnelles pour suivre son conjoint militaire ou un militaire auquel il est lié par un PACS' | K62: A_POS_POSIAD [Saisi] = 'NAM32' | L62: T2325 | M62: Congé pour convenances personnelles pour suivre son conjoint militaire ou un militaire auquel il est lié par un PACS - Renouvellement | N62: Création Modification | O62: Indicateur de renouvellement saisi = Oui ET (Indicateur de renouvellement saisi différent d'Indicateur de renouvellement avant saisi) | P62: A_POS_INDREN [Saisi] = '1' ET (A_POS_INDREN [Saisi] <> A_POS_INDREN [Valeur avant saisie] | Q62: Stagiaire ou auditeur ou élève | R62: P0004 | S62: Général | T62: Exclu | U62: 45124
A63: 24.00.00 | B63: A | C63: 45428.468 | D63: D0004 | E63: Position | F63: S0166 | G63: Congé pour convenances personnelles (militaire) | H63: E0957 | I63: Congé pour convenances personnelles pour suivre son conjoint militaire ou un militaire auquel il est lié par un PACS | J63: La position saisie est 'Congé pour convenances personnelles pour suivre son conjoint militaire ou un militaire auquel il est lié par un PACS' | K63: A_POS_POSIAD [Saisi] = 'NAM32' | L63: T2326 | M63: Congé pour convenances personnelles pour suivre son conjoint militaire ou un militaire auquel il est lié par un PACS - Fin | N63: Modification | O63: Indicateur de renouvellement saisi identique à Indicateur de renouvellement avant saisi | P63: A_POS_INDREN [Saisi] = A_POS_INDREN [Valeur avant saisie] | Q63: Stagiaire ou auditeur ou élève | R63: P0004 | S63: Général | T63: Exclu | U63: 45124
... A66: 24.00.00 | B66: A | C66: 45428.469 | D66: D0004 | E66: Position | F66: S0166 | G66: Congé pour convenances personnelles (militaire) | H66: E0957 | I66: Congé pour convenances personnelles pour suivre son conjoint militaire ou un militaire auquel il est lié par un PACS | J66: La position saisie est 'Congé pour convenances personnelles pour suivre son conjoint militaire ou un militaire auquel il est lié par un PACS' | K66: A_POS_POSIAD [Saisi] = 'NAM32' | L66: T2326 | M66: Congé pour convenances personnelles pour suivre son conjoint militaire ou un militaire auquel il est lié par un PACS - Fin | N66: Modification | O66: Indicateur de renouvellement saisi identique à Indicateur de renouvellement avant saisi | P66: A_POS_INDREN [Saisi] = A_POS_INDREN [Valeur avant saisie] | Q66: Ouvrier d'état | R66: P0005 | S66: Général | T66: Exclu | U66: 45124
A67: 24.00.00 | B67: A | C67: 45428.456 | D67: D0004 | E67: Position | F67: S0166 | G67: Congé pour convenances personnelles (militaire) | H67: E0957 | I67: Congé pour convenances personnelles pour suivre son conjoint militaire ou un militaire auquel il est lié par un PACS | J67: La position saisie est 'Congé pour convenances personnelles pour suivre son conjoint militaire ou un militaire auquel il est lié par un PACS' | K67: A_POS_POSIAD [Saisi] = 'NAM32' | L67: T2324 | M67: Congé pour convenances personnelles pour suivre son conjoint militaire ou un militaire auquel il est lié par un PACS - Demande | N67: Création Modification | O67: Indicateur de renouvellement saisi = Non ET (Indicateur de renouvellement saisi différent d'Indicateur de renouvellement avant saisi) | P67: A_POS_INDREN [Saisi] = '0' ET (A_POS_INDREN [Saisi] <> A_POS_INDREN [Valeur avant saisie]) | Q67: Militaire sous contrat | R67: P0145 | S67: Particulier | T67: Passant | U67: 45124 | W67: CCP_I_001 ET CCP_I_002 ET CCP_I_004 ET CCP_I_014 ET CCP_D_004 ET CCP_D_001 ET CCP_D_005 ET CCP_D_002 ET CCP_D_003 ET POS_C_004 ET POS_C_007 ET POS_C_009 ET POS_C_010 ET POS_C_012 ET POS_C_022 ET POS_C_111 ET POS_C_120 ET POS_C_121 | X67: CCP_I_001 | Y67: =VLOOKUP(X67,'Axe 2 Règles de gestion'!$D$2:$F$49,3, FALSE) -> Le militaire doit présenter une demande. | Z67: CCP_I_002 | AA67: =VLOOKUP(Z67,'Axe 2 Règles de gestion'!$D$2:$F$49,3, FALSE) -> Le militaire est placé en congé par décision du ministre compétent. | AB67: CCP_I_004 | AC67: =VLOOKUP(AB67,'Axe 2 Règles de gestion'!$D$2:$F$49,3, FALSE) -> Le militaire officier qui demande à être placé dans ce congé, est tenu d'informer sans délai par écrit le ministre compétent de la nature de l'activité privée lucrative qu'il se propose d'exercer. | AD67: CCP_I_014 | AE67: =VLOOKUP(AD67,'Axe 2 Règles de gestion'!$D$2:$F$49,3, FALSE) -> Le militaire officier est tenu d'informer sans délai par écrit le ministre compétent de tout changement d'activité privée lucrative. | AN67: CCP_D_004 | AO67: =VLOOKUP(AN67,'Axe 2 Règles de gestion'!$D$2:$F$49,3, FALSE) -> La durée prévisionnelle du congé ne peut pas excéder 2 ans pour chaque période. | AP67: CCP_D_001 | AQ67: =VLOOKUP(AP67,'Axe 2 Règles de gestion'!$D$2:$F$49,3, FALSE) -> La durée réelle du congé ne peut pas excéder 2 ans pour chaque période. | AR67: CCP_D_005 | AS67: =VLOOKUP(AR67,'Axe 2 Règles de gestion'!$D$2:$F$49,3, FALSE) -> La durée cumulée de l'ensemble des congés pour convenances personnelles ne doit pas excéder 10 ans. | AT67: CCP_D_002 | AU67: =VLOOKUP(AT67,'Axe 2 Règles de gestion'!$D$2:$F$49,3, FALSE) -> La date de fin réelle du congé doit être antérieure ou égale à la date limite de fin réelle ou prévisionnelle du lien juridique. Le militaire ne voit pas son contrat prorogé jusqu'à la date de fin du congé. | AV67: CCP_D_003 | AW67: =VLOOKUP(AV67,'Axe 2 Règles de gestion'!$D$2:$F$49,3, FALSE) -> La date de fin prévisionnelle du congé doit être antérieure ou égale à la date limite de fin réelle ou prévisionnelle du lien juridique. Le militaire ne voit pas son contrat prorogé jusqu'à la date de fin du congé. | BB67: POS_C_004 | BC67: =VLOOKUP(BB67,'Axe 2 Règles de gestion'!$D$2:$F$49,3, FALSE) -> La date de début de position doit être antérieure ou égale à la date de fin prévisionnelle de position. | BD67: POS_C_007 | BE67: =VLOOKUP(BD67,'Axe 2 Règles de gestion'!$D$2:$F$49,3, FALSE) -> La date de fin réelle de la position doit être antérieure à la date limite de départ à la retraite. | BF67: POS_C_009 | BG67: =VLOOKUP(BF67,'Axe 2 Règles de gestion'!$D$2:$F$49,3, FALSE) -> La date de début de la position doit être postérieure ou égale à la date de début du lien juridique. | BH67: POS_C_010 | BI67: =VLOOKUP(BH67,'Axe 2 Règles de gestion'!$D$2:$F$49,3, FALSE) -> La date de début de position doit être antérieure ou égale à la date de fin réelle de position. | BJ67: POS_C_012 | BK67: =VLOOKUP(BJ67,'Axe 2 Règles de gestion'!$D$2:$F$49,3, FALSE) -> La date de fin prévisionnelle de la position doit être antérieure à la date limite de départ à la retraite. | BL67: POS_C_022 | BM67: =VLOOKUP(BL67,'Axe 2 Règles de gestion'!$D$2:$F$49,3, FALSE) -> La date de début de position est à J+1 de la date de fin de position de l'occurrence précédente. | BN67: POS_C_111 | BO67: =VLOOKUP(BN67,'Axe 2 Règles de gestion'!$D$2:$F$49,3, FALSE) -> La date de fin ou la date de fin prévisionnelle doit être saisie. | BP67: POS_C_120 | BQ67: =VLOOKUP(BP67,'Axe 2 Règles de gestion'!$D$2:$F$49,3, FALSE) -> La saisie d'une occurrence de congés/absences est interdite (date de fin réelle) | BR67: POS_C_121 | BS67: =VLOOKUP(BR67,'Axe 2 Règles de gestion'!$D$2:$F$49,3, FALSE) -> La saisie d'une occurrence de congés/absences est interdite (date de fin prévisionnelle)
A68: 24.00.00 | B68: A | C68: 45428.49 | D68: D0004 | E68: Position | F68: S0166 | G68: Congé pour convenances personnelles (militaire) | H68: E0957 | I68: Congé pour convenances personnelles pour suivre son conjoint militaire ou un militaire auquel il est lié par un PACS | J68: La position saisie est 'Congé pour convenances personnelles pour suivre son conjoint militaire ou un militaire auquel il est lié par un PACS' | K68: A_POS_POSIAD [Saisi] = 'NAM32' | L68: T2325 | M68: Congé pour convenances personnelles pour suivre son conjoint militaire ou un militaire auquel il est lié par un PACS - Renouvellement | N68: Création Modification | O68: Indicateur de renouvellement saisi = Oui ET (Indicateur de renouvellement saisi différent d'Indicateur de renouvellement avant saisi) | P68: A_POS_INDREN [Saisi] = '1' ET (A_POS_INDREN [Saisi] <> A_POS_INDREN [Valeur avant saisie] | Q68: Militaire sous contrat | R68: P0145 | S68: Particulier | T68: Passant | U68: 45124 | W68: CCP_I_005 ET CCP_I_001 ET CCP_I_002 ET CCP_I_004 ET CCP_I_014 ET CCP_D_004 ET CCP_D_001 ET CCP_D_005 ET CCP_D_002 ET CCP_D_003 ET POS_C_004 ET POS_C_007 ET POS_C_009 ET POS_C_010 ET POS_C_012 ET POS_C_022 ET POS_C_111 ET POS_C_120 ET POS_C_121 | X68: CCP_I_005 | Y68: =VLOOKUP(X68,'Axe 2 Règles de gestion'!$D$2:$F$49,3, FALSE) -> Le militaire peut demander le renouvellement du congé 3 mois avant l'expiration du congé. | Z68: CCP_I_001 | AA68: =VLOOKUP(Z68,'Axe 2 Règles de gestion'!$D$2:$F$49,3, FALSE) -> Le militaire doit présenter une demande. | AB68: CCP_I_002 | AC68: =VLOOKUP(AB68,'Axe 2 Règles de gestion'!$D$2:$F$49,3, FALSE) -> Le militaire est placé en congé par décision du ministre compétent. | AD68: CCP_I_004 | AE68: =VLOOKUP(AD68,'Axe 2 Règles de gestion'!$D$2:$F$49,3, FALSE) -> Le militaire officier qui demande à être placé dans ce congé, est tenu d'informer sans délai par écrit le ministre compétent de la nature de l'activité privée lucrative qu'il se propose d'exercer. | AF68: CCP_I_014 | AG68: =VLOOKUP(AF68,'Axe 2 Règles de gestion'!$D$2:$F$49,3, FALSE) -> Le militaire officier est tenu d'informer sans délai par écrit le ministre compétent de tout changement d'activité privée lucrative. | AN68: CCP_D_004 | AO68: =VLOOKUP(AN68,'Axe 2 Règles de gestion'!$D$2:$F$49,3, FALSE) -> La durée prévisionnelle du congé ne peut pas excéder 2 ans pour chaque période. | AP68: CCP_D_001 | AQ68: =VLOOKUP(AP68,'Axe 2 Règles de gestion'!$D$2:$F$49,3, FALSE) -> La durée réelle du congé ne peut pas excéder 2 ans pour chaque période. | AR68: CCP_D_005 | AS68: =VLOOKUP(AR68,'Axe 2 Règles de gestion'!$D$2:$F$49,3, FALSE) -> La durée cumulée de l'ensemble des congés pour convenances personnelles ne doit pas excéder 10 ans. | AT68: CCP_D_002 | AU68: =VLOOKUP(AT68,'Axe 2 Règles de gestion'!$D$2:$F$49,3, FALSE) -> La date de fin réelle du congé doit être antérieure ou égale à la date limite de fin réelle ou prévisionnelle du lien juridique. Le militaire ne voit pas son contrat prorogé jusqu'à la date de fin du congé. | AV68: CCP_D_003 | AW68: =VLOOKUP(AV68,'Axe 2 Règles de gestion'!$D$2:$F$49,3, FALSE) -> La date de fin prévisionnelle du congé doit être antérieure ou égale à la date limite de fin réelle ou prévisionnelle du lien juridique. Le militaire ne voit pas son contrat prorogé jusqu'à la date de fin du congé. | BB68: POS_C_004 | BC68: =VLOOKUP(BB68,'Axe 2 Règles de gestion'!$D$2:$F$49,3, FALSE) -> La date de début de position doit être antérieure ou égale à la date de fin prévisionnelle de position. | BD68: POS_C_007 | BE68: =VLOOKUP(BD68,'Axe 2 Règles de gestion'!$D$2:$F$49,3, FALSE) -> La date de fin réelle de la position doit être antérieure à la date limite de départ à la retraite. | BF68: POS_C_009 | BG68: =VLOOKUP(BF68,'Axe 2 Règles de gestion'!$D$2:$F$49,3, FALSE) -> La date de début de la position doit être postérieure ou égale à la date de début du lien juridique. | BH68: POS_C_010 | BI68: =VLOOKUP(BH68,'Axe 2 Règles de gestion'!$D$2:$F$49,3, FALSE) -> La date de début de position doit être antérieure ou égale à la date de fin réelle de position. | BJ68: POS_C_012 | BK68: =VLOOKUP(BJ68,'Axe 2 Règles de gestion'!$D$2:$F$49,3, FALSE) -> La date de fin prévisionnelle de la position doit être antérieure à la date limite de départ à la retraite. | BL68: POS_C_022 | BM68: =VLOOKUP(BL68,'Axe 2 Règles de gestion'!$D$2:$F$49,3, FALSE) -> La date de début de position est à J+1 de la date de fin de position de l'occurrence précédente. | BN68: POS_C_111 | BO68: =VLOOKUP(BN68,'Axe 2 Règles de gestion'!$D$2:$F$49,3, FALSE) -> La date de fin ou la date de fin prévisionnelle doit être saisie. | BP68: POS_C_120 | BQ68: =VLOOKUP(BP68,'Axe 2 Règles de gestion'!$D$2:$F$49,3, FALSE) -> La saisie d'une occurrence de congés/absences est interdite (date de fin réelle) | BR68: POS_C_121 | BS68: =VLOOKUP(BR68,'Axe 2 Règles de gestion'!$D$2:$F$49,3, FALSE) -> La saisie d'une occurrence de congés/absences est interdite (date de fin prévisionnelle)
A69: 24.00.00 | B69: A | C69: 45428.489 | D69: D0004 | E69: Position | F69: S0166 | G69: Congé pour convenances personnelles (militaire) | H69: E0957 | I69: Congé pour convenances personnelles pour suivre son conjoint militaire ou un militaire auquel il est lié par un PACS | J69: La position saisie est 'Congé pour convenances personnelles pour suivre son conjoint militaire ou un militaire auquel il est lié par un PACS' | K69: A_POS_POSIAD [Saisi] = 'NAM32' | L69: T2326 | M69: Congé pour convenances personnelles pour suivre son conjoint militaire ou un militaire auquel il est lié par un PACS - Fin | N69: Modification | O69: Indicateur de renouvellement saisi identique à Indicateur de renouvellement avant saisi | P69: A_POS_INDREN [Saisi] = A_POS_INDREN [Valeur avant saisie] | Q69: Militaire sous contrat | R69: P0145 | S69: Particulier | T69: Passant | U69: 45124 | W69: CCP_I_006 ET CCP_I_007 ET CCP_D_004 ET CCP_D_001 ET CCP_D_005 ET CCP_D_002 ET CCP_D_003 ET POS_C_004 ET POS_C_007 ET POS_C_010 ET POS_C_012 ET POS_C_111 ET POS_C_120 ET POS_C_121 | X69: CCP_I_006 | Y69: =VLOOKUP(X69,'Axe 2 Règles de gestion'!$D$2:$F$49,3, FALSE) -> Le militaire peut demander la réintégration dans son corps d'origine, laquelle est de droit, 3 mois avant l'expiration du congé. | Z69: CCP_I_007 | AA69: =VLOOKUP(Z69,'Axe 2 Règles de gestion'!$D$2:$F$49,3, FALSE) -> Le militaire qui a formulé avant l'expiration du congé une demande de réintégration est maintenu dans cette situation jusqu'à ce qu'il puisse être affecté dans un emploi correspondant à son grade. | AN69: CCP_D_004 | AO69: =VLOOKUP(AN69,'Axe 2 Règles de gestion'!$D$2:$F$49,3, FALSE) -> La durée prévisionnelle du congé ne peut pas excéder 2 ans pour chaque période. | AP69: CCP_D_001 | AQ69: =VLOOKUP(AP69,'Axe 2 Règles de gestion'!$D$2:$F$49,3, FALSE) -> La durée réelle du congé ne peut pas excéder 2 ans pour chaque période. | AR69: CCP_D_005 | AS69: =VLOOKUP(AR69,'Axe 2 Règles de gestion'!$D$2:$F$49,3, FALSE) -> La durée cumulée de l'ensemble des congés pour convenances personnelles ne doit pas excéder 10 ans. | AT69: CCP_D_002 | AU69: =VLOOKUP(AT69,'Axe 2 Règles de gestion'!$D$2:$F$49,3, FALSE) -> La date de fin réelle du congé doit être antérieure ou égale à la date limite de fin réelle ou prévisionnelle du lien juridique. Le militaire ne voit pas son contrat prorogé jusqu'à la date de fin du congé. | AV69: CCP_D_003 | AW69: =VLOOKUP(AV69,'Axe 2 Règles de gestion'!$D$2:$F$49,3, FALSE) -> La date de fin prévisionnelle du congé doit être antérieure ou égale à la date limite de fin réelle ou prévisionnelle du lien juridique. Le militaire ne voit pas son contrat prorogé jusqu'à la date de fin du congé. | BB69: POS_C_004 | BC69: =VLOOKUP(BB69,'Axe 2 Règles de gestion'!$D$2:$F$49,3, FALSE) -> La date de début de position doit être antérieure ou égale à la date de fin prévisionnelle de position. | BD69: POS_C_007 | BE69: =VLOOKUP(BD69,'Axe 2 Règles de gestion'!$D$2:$F$49,3, FALSE) -> La date de fin réelle de la position doit être antérieure à la date limite de départ à la retraite. | BF69: POS_C_010 | BG69: =VLOOKUP(BF69,'Axe 2 Règles de gestion'!$D$2:$F$49,3, FALSE) -> La date de début de position doit être antérieure ou égale à la date de fin réelle de position. | BH69: POS_C_012 | BI69: =VLOOKUP(BH69,'Axe 2 Règles de gestion'!$D$2:$F$49,3, FALSE) -> La date de fin prévisionnelle de la position doit être antérieure à la date limite de départ à la retraite. | BJ69: POS_C_111 | BK69: =VLOOKUP(BJ69,'Axe 2 Règles de gestion'!$D$2:$F$49,3, FALSE) -> La date de fin ou la date de fin prévisionnelle doit être saisie. | BL69: POS_C_120 | BM69: =VLOOKUP(BL69,'Axe 2 Règles de gestion'!$D$2:$F$49,3, FALSE) -> La saisie d'une occurrence de congés/absences est interdite (date de fin réelle) | BN69: POS_C_121 | BO69: =VLOOKUP(BN69,'Axe 2 Règles de gestion'!$D$2:$F$49,3, FALSE) -> La saisie d'une occurrence de congés/absences est interdite (date de fin prévisionnelle)
A70: 24.00.00 | B70: A | C70: 45428.458 | D70: D0004 | E70: Position | F70: S0166 | G70: Congé pour convenances personnelles (militaire) | H70: E0957 | I70: Congé pour convenances personnelles pour suivre son conjoint militaire ou un militaire auquel il est lié par un PACS | J70: La position saisie est 'Congé pour convenances personnelles pour suivre son conjoint militaire ou un militaire auquel il est lié par un PACS' | K70: A_POS_POSIAD [Saisi] = 'NAM32' | L70: T2324 | M70: Congé pour convenances personnelles pour suivre son conjoint militaire ou un militaire auquel il est lié par un PACS - Demande | N70: Création Modification | O70: Indicateur de renouvellement saisi = Non ET (Indicateur de renouvellement saisi différent d'Indicateur de renouvellement avant saisi) | P70: A_POS_INDREN [Saisi] = '0' ET (A_POS_INDREN [Saisi] <> A_POS_INDREN [Valeur avant saisie]) | Q70: Militaire de carrière | R70: P0189 | S70: Particulier | T70: Passant | U70: 45124 | W70: CCP_I_001 ET CCP_I_002 ET CCP_I_004 ET CCP_I_014 ET CCP_D_004 ET CCP_D_001 ET CCP_D_005 ET POS_C_004 ET POS_C_005 ET POS_C_007 ET POS_C_010 ET POS_C_012 ET POS_C_022 ET POS_C_055 ET POS_C_056 ET POS_C_111 ET POS_C_120 ET POS_C_121 | X70: CCP_I_001 | Y70: =VLOOKUP(X70,'Axe 2 Règles de gestion'!$D$2:$F$49,3, FALSE) -> Le militaire doit présenter une demande. | Z70: CCP_I_002 | AA70: =VLOOKUP(Z70,'Axe 2 Règles de gestion'!$D$2:$F$49,3, FALSE) -> Le militaire est placé en congé par décision du ministre compétent. | AB70: CCP_I_004 | AC70: =VLOOKUP(AB70,'Axe 2 Règles de gestion'!$D$2:$F$49,3, FALSE) -> Le militaire officier qui demande à être placé dans ce congé, est tenu d'informer sans délai par écrit le ministre compétent de la nature de l'activité privée lucrative qu'il se propose d'exercer. | AD70: CCP_I_014 | AE70: =VLOOKUP(AD70,'Axe 2 Règles de gestion'!$D$2:$F$49,3, FALSE) -> Le militaire officier est tenu d'informer sans délai par écrit le ministre compétent de tout changement d'activité privée lucrative. | AN70: CCP_D_004 | AO70: =VLOOKUP(AN70,'Axe 2 Règles de gestion'!$D$2:$F$49,3, FALSE) -> La durée prévisionnelle du congé ne peut pas excéder 2 ans pour chaque période. | AP70: CCP_D_001 | AQ70: =VLOOKUP(AP70,'Axe 2 Règles de gestion'!$D$2:$F$49,3, FALSE) -> La durée réelle du congé ne peut pas excéder 2 ans pour chaque période. | AR70: CCP_D_005 | AS70: =VLOOKUP(AR70,'Axe 2 Règles de gestion'!$D$2:$F$49,3, FALSE) -> La durée cumulée de l'ensemble des congés pour convenances personnelles ne doit pas excéder 10 ans. | BB70: POS_C_004 | BC70: =VLOOKUP(BB70,'Axe 2 Règles de gestion'!$D$2:$F$49,3, FALSE) -> La date de début de position doit être antérieure ou égale à la date de fin prévisionnelle de position. | BD70: POS_C_005 | BE70: =VLOOKUP(BD70,'Axe 2 Règles de gestion'!$D$2:$F$49,3, FALSE) -> La date de début de la position doit être postérieure ou égale à la date d'entrée dans la FPE ou dans la carrière militaire. | BF70: POS_C_007 | BG70: =VLOOKUP(BF70,'Axe 2 Règles de gestion'!$D$2:$F$49,3, FALSE) -> La date de fin réelle de la position doit être antérieure à la date limite de départ à la retraite. | BH70: POS_C_010 | BI70: =VLOOKUP(BH70,'Axe 2 Règles de gestion'!$D$2:$F$49,3, FALSE) -> La date de début de position doit être antérieure ou égale à la date de fin réelle de position. | BJ70: POS_C_012 | BK70: =VLOOKUP(BJ70,'Axe 2 Règles de gestion'!$D$2:$F$49,3, FALSE) -> La date de fin prévisionnelle de la position doit être antérieure à la date limite de départ à la retraite. | BL70: POS_C_022 | BM70: =VLOOKUP(BL70,'Axe 2 Règles de gestion'!$D$2:$F$49,3, FALSE) -> La date de début de position est à J+1 de la date de fin de position de l'occurrence précédente. | BN70: POS_C_055 | BO70: =VLOOKUP(BN70,'Axe 2 Règles de gestion'!$D$2:$F$49,3, FALSE) -> La date de fin réelle de la position doit être antérieure ou égale à la date de décès de l'enfant. | BP70: POS_C_056 | BQ70: =VLOOKUP(BP70,'Axe 2 Règles de gestion'!$D$2:$F$49,3, FALSE) -> La date de fin prévisionnelle de la position doit être antérieure ou égale à la date de décès de l'enfant. | BR70: POS_C_111 | BS70: =VLOOKUP(BR70,'Axe 2 Règles de gestion'!$D$2:$F$49,3, FALSE) -> La date de fin ou la date de fin prévisionnelle doit être saisie. | BT70: POS_C_120 | BU70: =VLOOKUP(BT70,'Axe 2 Règles de gestion'!$D$2:$F$49,3, FALSE) -> La saisie d'une occurrence de congés/absences est interdite (date de fin réelle) | BV70: POS_C_121 | BW70: =VLOOKUP(BV70,'Axe 2 Règles de gestion'!$D$2:$F$49,3, FALSE) -> La saisie d'une occurrence de congés/absences est interdite (date de fin prévisionnelle)
A71: 24.00.00 | B71: A | C71: 45428.459 | D71: D0004 | E71: Position | F71: S0166 | G71: Congé pour convenances personnelles (militaire) | H71: E0957 | I71: Congé pour convenances personnelles pour suivre son conjoint militaire ou un militaire auquel il est lié par un PACS | J71: La position saisie est 'Congé pour convenances personnelles pour suivre son conjoint militaire ou un militaire auquel il est lié par un PACS' | K71: A_POS_POSIAD [Saisi] = 'NAM32' | L71: T2325 | M71: Congé pour convenances personnelles pour suivre son conjoint militaire ou un militaire auquel il est lié par un PACS - Renouvellement | N71: Création Modification | O71: Indicateur de renouvellement saisi = Oui ET (Indicateur de renouvellement saisi différent d'Indicateur de renouvellement avant saisi) | P71: A_POS_INDREN [Saisi] = '1' ET (A_POS_INDREN [Saisi] <> A_POS_INDREN [Valeur avant saisie] | Q71: Militaire de carrière | R71: P0189 | S71: Particulier | T71: Passant | U71: 45124 | W71: CCP_I_005 ET CCP_I_001 ET CCP_I_002 ET CCP_I_004 ET CCP_I_014 ET CCP_D_004 ET CCP_D_001 ET CCP_D_005 ET POS_C_004 ET POS_C_005 ET POS_C_007 ET POS_C_010 ET POS_C_012 ET POS_C_022 ET POS_C_055 ET POS_C_056 ET POS_C_111 ET POS_C_120 ET POS_C_121 | X71: CCP_I_005 | Y71: =VLOOKUP(X71,'Axe 2 Règles de gestion'!$D$2:$F$49,3, FALSE) -> Le militaire peut demander le renouvellement du congé 3 mois avant l'expiration du congé. | Z71: CCP_I_001 | AA71: =VLOOKUP(Z71,'Axe 2 Règles de gestion'!$D$2:$F$49,3, FALSE) -> Le militaire doit présenter une demande. | AB71: CCP_I_002 | AC71: =VLOOKUP(AB71,'Axe 2 Règles de gestion'!$D$2:$F$49,3, FALSE) -> Le militaire est placé en congé par décision du ministre compétent. | AD71: CCP_I_004 | AE71: =VLOOKUP(AD71,'Axe 2 Règles de gestion'!$D$2:$F$49,3, FALSE) -> Le militaire officier qui demande à être placé dans ce congé, est tenu d'informer sans délai par écrit le ministre compétent de la nature de l'activité privée lucrative qu'il se propose d'exercer. | AF71: CCP_I_014 | AG71: =VLOOKUP(AF71,'Axe 2 Règles de gestion'!$D$2:$F$49,3, FALSE) -> Le militaire officier est tenu d'informer sans délai par écrit le ministre compétent de tout changement d'activité privée lucrative. | AN71: CCP_D_004 | AO71: =VLOOKUP(AN71,'Axe 2 Règles de gestion'!$D$2:$F$49,3, FALSE) -> La durée prévisionnelle du congé ne peut pas excéder 2 ans pour chaque période. | AP71: CCP_D_001 | AQ71: =VLOOKUP(AP71,'Axe 2 Règles de gestion'!$D$2:$F$49,3, FALSE) -> La durée réelle du congé ne peut pas excéder 2 ans pour chaque période. | AR71: CCP_D_005 | AS71: =VLOOKUP(AR71,'Axe 2 Règles de gestion'!$D$2:$F$49,3, FALSE) -> La durée cumulée de l'ensemble des congés pour convenances personnelles ne doit pas excéder 10 ans. | BB71: POS_C_004 | BC71: =VLOOKUP(BB71,'Axe 2 Règles de gestion'!$D$2:$F$49,3, FALSE) -> La date de début de position doit être antérieure ou égale à la date de fin prévisionnelle de position. | BD71: POS_C_005 | BE71: =VLOOKUP(BD71,'Axe 2 Règles de gestion'!$D$2:$F$49,3, FALSE) -> La date de début de la position doit être postérieure ou égale à la date d'entrée dans la FPE ou dans la carrière militaire. | BF71: POS_C_007 | BG71: =VLOOKUP(BF71,'Axe 2 Règles de gestion'!$D$2:$F$49,3, FALSE) -> La date de fin réelle de la position doit être antérieure à la date limite de départ à la retraite. | BH71: POS_C_010 | BI71: =VLOOKUP(BH71,'Axe 2 Règles de gestion'!$D$2:$F$49,3, FALSE) -> La date de début de position doit être antérieure ou égale à la date de fin réelle de position. | BJ71: POS_C_012 | BK71: =VLOOKUP(BJ71,'Axe 2 Règles de gestion'!$D$2:$F$49,3, FALSE) -> La date de fin prévisionnelle de la position doit être antérieure à la date limite de départ à la retraite. | BL71: POS_C_022 | BM71: =VLOOKUP(BL71,'Axe 2 Règles de gestion'!$D$2:$F$49,3, FALSE) -> La date de début de position est à J+1 de la date de fin de position de l'occurrence précédente. | BN71: POS_C_055 | BO71: =VLOOKUP(BN71,'Axe 2 Règles de gestion'!$D$2:$F$49,3, FALSE) -> La date de fin réelle de la position doit être antérieure ou égale à la date de décès de l'enfant. | BP71: POS_C_056 | BQ71: =VLOOKUP(BP71,'Axe 2 Règles de gestion'!$D$2:$F$49,3, FALSE) -> La date de fin prévisionnelle de la position doit être antérieure ou égale à la date de décès de l'enfant. | BR71: POS_C_111 | BS71: =VLOOKUP(BR71,'Axe 2 Règles de gestion'!$D$2:$F$49,3, FALSE) -> La date de fin ou la date de fin prévisionnelle doit être saisie. | BT71: POS_C_120 | BU71: =VLOOKUP(BT71,'Axe 2 Règles de gestion'!$D$2:$F$49,3, FALSE) -> La saisie d'une occurrence de congés/absences est interdite (date de fin réelle) | BV71: POS_C_121 | BW71: =VLOOKUP(BV71,'Axe 2 Règles de gestion'!$D$2:$F$49,3, FALSE) -> La saisie d'une occurrence de congés/absences est interdite (date de fin prévisionnelle)
A72: 24.00.00 | B72: A | C72: 45428.489 | D72: D0004 | E72: Position | F72: S0166 | G72: Congé pour convenances personnelles (militaire) | H72: E0957 | I72: Congé pour convenances personnelles pour suivre son conjoint militaire ou un militaire auquel il est lié par un PACS | J72: La position saisie est 'Congé pour convenances personnelles pour suivre son conjoint militaire ou un militaire auquel il est lié par un PACS' | K72: A_POS_POSIAD [Saisi] = 'NAM32' | L72: T2326 | M72: Congé pour convenances personnelles pour suivre son conjoint militaire ou un militaire auquel il est lié par un PACS - Fin | N72: Modification | O72: Indicateur de renouvellement saisi identique à Indicateur de renouvellement avant saisi | P72: A_POS_INDREN [Saisi] = A_POS_INDREN [Valeur avant saisie] | Q72: Militaire de carrière | R72: P0189 | S72: Particulier | T72: Passant | U72: 45124 | W72: CCP_I_006 ET CCP_I_007 ET CCP_D_004 ET CCP_D_001 ET CCP_D_005 ET POS_C_004 ET POS_C_007 ET POS_C_010 ET POS_C_012 ET POS_C_055 ET POS_C_056 ET POS_C_111 ET POS_C_120 ET POS_C_121 | X72: CCP_I_006 | Y72: =VLOOKUP(X72,'Axe 2 Règles de gestion'!$D$2:$F$49,3, FALSE) -> Le militaire peut demander la réintégration dans son corps d'origine, laquelle est de droit, 3 mois avant l'expiration du congé. | Z72: CCP_I_007 | AA72: =VLOOKUP(Z72,'Axe 2 Règles de gestion'!$D$2:$F$49,3, FALSE) -> Le militaire qui a formulé avant l'expiration du congé une demande de réintégration est maintenu dans cette situation jusqu'à ce qu'il puisse être affecté dans un emploi correspondant à son grade. | AN72: CCP_D_004 | AO72: =VLOOKUP(AN72,'Axe 2 Règles de gestion'!$D$2:$F$49,3, FALSE) -> La durée prévisionnelle du congé ne peut pas excéder 2 ans pour chaque période. | AP72: CCP_D_001 | AQ72: =VLOOKUP(AP72,'Axe 2 Règles de gestion'!$D$2:$F$49,3, FALSE) -> La durée réelle du congé ne peut pas excéder 2 ans pour chaque période. | AR72: CCP_D_005 | AS72: =VLOOKUP(AR72,'Axe 2 Règles de gestion'!$D$2:$F$49,3, FALSE) -> La durée cumulée de l'ensemble des congés pour convenances personnelles ne doit pas excéder 10 ans. | BB72: POS_C_004 | BC72: =VLOOKUP(BB72,'Axe 2 Règles de gestion'!$D$2:$F$49,3, FALSE) -> La date de début de position doit être antérieure ou égale à la date de fin prévisionnelle de position. | BD72: POS_C_007 | BE72: =VLOOKUP(BD72,'Axe 2 Règles de gestion'!$D$2:$F$49,3, FALSE) -> La date de fin réelle de la position doit être antérieure à la date limite de départ à la retraite. | BF72: POS_C_010 | BG72: =VLOOKUP(BF72,'Axe 2 Règles de gestion'!$D$2:$F$49,3, FALSE) -> La date de début de position doit être antérieure ou égale à la date de fin réelle de position. | BH72: POS_C_012 | BI72: =VLOOKUP(BH72,'Axe 2 Règles de gestion'!$D$2:$F$49,3, FALSE) -> La date de fin prévisionnelle de la position doit être antérieure à la date limite de départ à la retraite. | BJ72: POS_C_055 | BK72: =VLOOKUP(BJ72,'Axe 2 Règles de gestion'!$D$2:$F$49,3, FALSE) -> La date de fin réelle de la position doit être antérieure ou égale à la date de décès de l'enfant. | BL72: POS_C_056 | BM72: =VLOOKUP(BL72,'Axe 2 Règles de gestion'!$D$2:$F$49,3, FALSE) -> La date de fin prévisionnelle de la position doit être antérieure ou égale à la date de décès de l'enfant. | BN72: POS_C_111 | BO72: =VLOOKUP(BN72,'Axe 2 Règles de gestion'!$D$2:$F$49,3, FALSE) -> La date de fin ou la date de fin prévisionnelle doit être saisie. | BP72: POS_C_120 | BQ72: =VLOOKUP(BP72,'Axe 2 Règles de gestion'!$D$2:$F$49,3, FALSE) -> La saisie d'une occurrence de congés/absences est interdite (date de fin réelle) | BR72: POS_C_121 | BS72: =VLOOKUP(BR72,'Axe 2 Règles de gestion'!$D$2:$F$49,3, FALSE) -> La saisie d'une occurrence de congés/absences est interdite (date de fin prévisionnelle)

Sheet Axe 1 Enchaînement RG Impact
A1: Version | B1: Type de mise à jour | C1: Date de mise à jour | D1: Identifiant Domaine | E1: Libellé du Domaine | F1: Identifiant Sous-domaine | G1: Libellé du Sous-domaine | H1: Identifiant Evénement | I1: Libellé de l'évènement | J1: Libellé condition déclenchement Evènement | K1: Condition déclenchement Evènement | L1: Identifiant type d'évènement | M1: Libellé type d'évènement | N1: Type de mise à jour | O1: Libellé condition déclenchement Type Evènement | P1: Condition déclenchement Type Evènement | Q1: Libellé Population | R1: Codification Population | S1: Général / Particulier | T1: Passant / Exclu | U1: Date de début | V1: Date de fin | W1: Impacts | X1: Identifiant Impacts 1 | Y1: Libellé Impacts 1 | Z1: Identifiant Impacts 2 | AA1: Libellé Impacts 2 | AB1: Identifiant Impacts 3 | AC1: Libellé Impacts 3 | AD1: Identifiant Impacts 4 | AE1: Libellé Impacts 4 | AF1: Identifiant Impacts 5 | AG1: Libellé Impacts 5 | AH1: Identifiant Impacts 6 | AI1: Libellé Impacts 6 | AJ1: Identifiant Impacts 7 | AK1: Libellé Impacts 7 | AL1: Identifiant Impacts 8 | AM1: Libellé Impacts 8 | AN1: FIME | AO1: Statut de travail
A2: 22.10.00 | B2: A | C2: 44970.484 | D2: D0004 | E2: Position | F2: S0166 | G2: Congé pour convenances personnelles (militaire) | H2: E0918 | I2: Congé pour convenances personnelles militaire | J2: La position saisie est 'Congé pour convenances personnelles militaire' | K2: A_POS_POSIAD [Saisi] = 'NAM25' | L2: T2240 | M2: Congé pour convenances personnelles (militaire) - Demande | N2: Création Modification | O2: Indicateur de renouvellement saisi = Non ET (Indicateur de renouvellement saisi différent d'Indicateur de renouvellement avant saisi) | P2: A_POS_INDREN [Saisi] = '0' ET (A_POS_INDREN [Saisi] <> A_POS_INDREN [Valeur avant saisie]) | Q2: Titulaire ou magistrat | R2: P0001 | S2: Général | T2: Exclu | U2: 43831
A3: 22.10.00 | B3: A | C3: 44970.486 | D3: D0004 | E3: Position | F3: S0166 | G3: Congé pour convenances personnelles (militaire) | H3: E0918 | I3: Congé pour convenances personnelles militaire | J3: La position saisie est 'Congé pour convenances personnelles militaire' | K3: A_POS_POSIAD [Saisi] = 'NAM25' | L3: T2241 | M3: Congé pour convenances personnelles (militaire) - Renouvellement | N3: Création Modification | O3: Indicateur de renouvellement saisi = Oui ET (Indicateur de renouvellement saisi différent d'Indicateur de renouvellement avant saisi) | P3: A_POS_INDREN [Saisi] = '1' ET (A_POS_INDREN [Saisi] <> A_POS_INDREN [Valeur avant saisie] | Q3: Titulaire ou magistrat | R3: P0001 | S3: Général | T3: Exclu | U3: 43831
A4: 22.10.00 | B4: A | C4: 44970.493 | D4: D0004 | E4: Position | F4: S0166 | G4: Congé pour convenances personnelles (militaire) | H4: E0918 | I4: Congé pour convenances personnelles militaire | J4: La position saisie est 'Congé pour convenances personnelles militaire' | K4: A_POS_POSIAD [Saisi] = 'NAM25' | L4: T2242 | M4: Congé pour convenances personnelles (militaire) - Fin | N4: Modification | O4: Indicateur de renouvellement saisi identique à Indicateur de renouvellement avant saisi | P4: A_POS_INDREN [Saisi] = A_POS_INDREN [Valeur avant saisie] | Q4: Titulaire ou magistrat | R4: P0001 | S4: Général | T4: Exclu | U4: 43831
A5: 22.10.00 | B5: A | C5: 44970.485 | D5: D0004 | E5: Position | F5: S0166 | G5: Congé pour convenances personnelles (militaire) | H5: E0918 | I5: Congé pour convenances personnelles militaire | J5: La position saisie est 'Congé pour convenances personnelles militaire' | K5: A_POS_POSIAD [Saisi] = 'NAM25' | L5: T2240 | M5: Congé pour convenances personnelles (militaire) - Demande | N5: Création Modification | O5: Indicateur de renouvellement saisi = Non ET (Indicateur de renouvellement saisi différent d'Indicateur de renouvellement avant saisi) | P5: A_POS_INDREN [Saisi] = '0' ET (A_POS_INDREN [Saisi] <> A_POS_INDREN [Valeur avant saisie]) | Q5: Militaire | R5: P0002 | S5: Général | T5: Exclu | U5: 43831
A6: 22.10.00 | B6: A | C6: 44970.487 | D6: D0004 | E6: Position | F6: S0166 | G6: Congé pour convenances personnelles (militaire) | H6: E0918 | I6: Congé pour convenances personnelles militaire | J6: La position saisie est 'Congé pour convenances personnelles militaire' | K6: A_POS_POSIAD [Saisi] = 'NAM25' | L6: T2241 | M6: Congé pour convenances personnelles (militaire) - Renouvellement | N6: Création Modification | O6: Indicateur de renouvellement saisi = Oui ET (Indicateur de renouvellement saisi différent d'Indicateur de renouvellement avant saisi) | P6: A_POS_INDREN [Saisi] = '1' ET (A_POS_INDREN [Saisi] <> A_POS_INDREN [Valeur avant saisie] | Q6: Militaire | R6: P0002 | S6: Général | T6: Exclu | U6: 43831
A7: 22.10.00 | B7: A | C7: 44970.493 | D7: D0004 | E7: Position | F7: S0166 | G7: Congé pour convenances personnelles (militaire) | H7: E0918 | I7: Congé pour convenances personnelles militaire | J7: La position saisie est 'Congé pour convenances personnelles militaire' | K7: A_POS_POSIAD [Saisi] = 'NAM25' | L7: T2242 | M7: Congé pour convenances personnelles (militaire) - Fin | N7: Modification | O7: Indicateur de renouvellement saisi identique à Indicateur de renouvellement avant saisi | P7: A_POS_INDREN [Saisi] = A_POS_INDREN [Valeur avant saisie] | Q7: Militaire | R7: P0002 | S7: Général | T7: Exclu | U7: 43831
A8: 22.10.00 | B8: A | C8: 44970.485 | D8: D0004 | E8: Position | F8: S0166 | G8: Congé pour convenances personnelles (militaire) | H8: E0918 | I8: Congé pour convenances personnelles militaire | J8: La position saisie est 'Congé pour convenances personnelles militaire' | K8: A_POS_POSIAD [Saisi] = 'NAM25' | L8: T2240 | M8: Congé pour convenances personnelles (militaire) - Demande | N8: Création Modification | O8: Indicateur de renouvellement saisi = Non ET (Indicateur de renouvellement saisi différent d'Indicateur de renouvellement avant saisi) | P8: A_POS_INDREN [Saisi] = '0' ET (A_POS_INDREN [Saisi] <> A_POS_INDREN [Valeur avant saisie]) | Q8: Contractuel | R8: P0003 | S8: Général | T8: Exclu | U8: 43831
A9: 22.10.00 | B9: A | C9: 44970.488 | D9: D0004 | E9: Position | F9: S0166 | G9: Congé pour convenances personnelles (militaire) | H9: E0918 | I9: Congé pour convenances personnelles militaire | J9: La position saisie est 'Congé pour convenances personnelles militaire' | K9: A_POS_POSIAD [Saisi] = 'NAM25' | L9: T2241 | M9: Congé pour convenances personnelles (militaire) - Renouvellement | N9: Création Modification | O9: Indicateur de renouvellement saisi = Oui ET (Indicateur de renouvellement saisi différent d'Indicateur de renouvellement avant saisi) | P9: A_POS_INDREN [Saisi] = '1' ET (A_POS_INDREN [Saisi] <> A_POS_INDREN [Valeur avant saisie] | Q9: Contractuel | R9: P0003 | S9: Général | T9: Exclu | U9: 43831
A10: 22.10.00 | B10: A | C10: 44970.493 | D10: D0004 | E10: Position | F10: S0166 | G10: Congé pour convenances personnelles (militaire) | H10: E0918 | I10: Congé pour convenances personnelles militaire | J10: La position saisie est 'Congé pour convenances personnelles militaire' | K10: A_POS_POSIAD [Saisi] = 'NAM25' | L10: T2242 | M10: Congé pour convenances personnelles (militaire) - Fin | N10: Modification | O10: Indicateur de renouvellement saisi identique à Indicateur de renouvellement avant saisi | P10: A_POS_INDREN [Saisi] = A_POS_INDREN [Valeur avant saisie] | Q10: Contractuel | R10: P0003 | S10: Général | T10: Exclu | U10: 43831
A11: 22.10.00 | B11: A | C11: 44970.486 | D11: D0004 | E11: Position | F11: S0166 | G11: Congé pour convenances personnelles (militaire) | H11: E0918 | I11: Congé pour convenances personnelles militaire | J11: La position saisie est 'Congé pour convenances personnelles militaire' | K11: A_POS_POSIAD [Saisi] = 'NAM25' | L11: T2240 | M11: Congé pour convenances personnelles (militaire) - Demande | N11: Création Modification | O11: Indicateur de renouvellement saisi = Non ET (Indicateur de renouvellement saisi différent d'Indicateur de renouvellement avant saisi) | P11: A_POS_INDREN [Saisi] = '0' ET (A_POS_INDREN [Saisi] <> A_POS_INDREN [Valeur avant saisie]) | Q11: Stagiaire ou auditeur ou élève | R11: P0004 | S11: Général | T11: Exclu | U11: 43831
A12: 22.10.00 | B12: A | C12: 44974.546 | D12: D0004 | E12: Position | F12: S0166 | G12: Congé pour convenances personnelles (militaire) | H12: E0918 | I12: Congé pour convenances personnelles militaire | J12: La position saisie est 'Congé pour convenances personnelles militaire' | K12: A_POS_POSIAD [Saisi] = 'NAM25' | L12: T2241 | M12: Congé pour convenances personnelles (militaire) - Renouvellement | N12: Création Modification | O12: Indicateur de renouvellement saisi = Oui ET (Indicateur de renouvellement saisi différent d'Indicateur de renouvellement avant saisi) | P12: A_POS_INDREN [Saisi] = '1' ET (A_POS_INDREN [Saisi] <> A_POS_INDREN [Valeur avant saisie] | Q12: Stagiaire ou auditeur ou élève | R12: P0004 | S12: Général | T12: Exclu | U12: 43832
A13: 22.10.00 | B13: A | C13: 44974.552 | D13: D0004 | E13: Position | F13: S0166 | G13: Congé pour convenances personnelles (militaire) | H13: E0918 | I13: Congé pour convenances personnelles militaire | J13: La position saisie est 'Congé pour convenances personnelles militaire' | K13: A_POS_POSIAD [Saisi] = 'NAM25' | L13: T2242 | M13: Congé pour convenances personnelles (militaire) - Fin | N13: Modification | O13: Indicateur de renouvellement saisi identique à Indicateur de renouvellement avant saisi | P13: A_POS_INDREN [Saisi] = A_POS_INDREN [Valeur avant saisie] | Q13: Stagiaire ou auditeur ou élève | R13: P0004 | S13: Général | T13: Exclu | U13: 43832
... A16: 22.10.00 | B16: A | C16: 44970.494 | D16: D0004 | E16: Position | F16: S0166 | G16: Congé pour convenances personnelles (militaire) | H16: E0918 | I16: Congé pour convenances personnelles militaire | J16: La position saisie est 'Congé pour convenances personnelles militaire' | K16: A_POS_POSIAD [Saisi] = 'NAM25' | L16: T2242 | M16: Congé pour convenances personnelles (militaire) - Fin | N16: Modification | O16: Indicateur de renouvellement saisi identique à Indicateur de renouvellement avant saisi | P16: A_POS_INDREN [Saisi] = A_POS_INDREN [Valeur avant saisie] | Q16: Ouvrier d'état | R16: P0005 | S16: Général | T16: Exclu | U16: 43831
A17: 24.00.00 | B17: M | C17: 45428.472 | D17: D0004 | E17: Position | F17: S0166 | G17: Congé pour convenances personnelles (militaire) | H17: E0918 | I17: Congé pour convenances personnelles militaire | J17: La position saisie est 'Congé pour convenances personnelles militaire' | K17: A_POS_POSIAD [Saisi] = 'NAM25' | L17: T2240 | M17: Congé pour convenances personnelles (militaire) - Demande | N17: Création Modification | O17: Indicateur de renouvellement saisi = Non ET (Indicateur de renouvellement saisi différent d'Indicateur de renouvellement avant saisi) | P17: A_POS_INDREN [Saisi] = '0' ET (A_POS_INDREN [Saisi] <> A_POS_INDREN [Valeur avant saisie]) | Q17: Militaire sous contrat | R17: P0145 | S17: Particulier | T17: Passant | U17: 43831 | V17: 45123 | W17: CCP_P_001 ET CCP_P_003 ET CCP_P_004 ET CCP_P_005 | X17: CCP_P_001 | Y17: =VLOOKUP(X17,'Axe 2 Règles de gestion'!$D$2:$F$49,3, FALSE) -> Rémunération : Le militaire ne perçoit pas sa rémunération. | Z17: CCP_P_003 | AA17: =VLOOKUP(Z17,'Axe 2 Règles de gestion'!$D$2:$F$49,3, FALSE) -> Carrière : La durée du congé est prise en compte dans la durée totale de service du militaire servant en vertu d'un contrat. | AB17: CCP_P_004 | AC17: =VLOOKUP(AB17,'Axe 2 Règles de gestion'!$D$2:$F$49,3, FALSE) -> Retraite : La durée du congé ne compte pas pour les droits à pension. | AD17: CCP_P_005 | AE17: =VLOOKUP(AD17,'Axe 2 Règles de gestion'!$D$2:$F$49,3, FALSE) -> Acte : un acte administratif doit être produit.
A18: 24.00.00 | B18: A | C18: 45428.472 | D18: D0004 | E18: Position | F18: S0166 | G18: Congé pour convenances personnelles (militaire) | H18: E0918 | I18: Congé pour convenances personnelles militaire | J18: La position saisie est 'Congé pour convenances personnelles militaire' | K18: A_POS_POSIAD [Saisi] = 'NAM25' | L18: T2240 | M18: Congé pour convenances personnelles (militaire) - Demande | N18: Création Modification | O18: Indicateur de renouvellement saisi = Non ET (Indicateur de renouvellement saisi différent d'Indicateur de renouvellement avant saisi) | P18: A_POS_INDREN [Saisi] = '0' ET (A_POS_INDREN [Saisi] <> A_POS_INDREN [Valeur avant saisie]) | Q18: Militaire sous contrat | R18: P0145 | S18: Particulier | T18: Passant | U18: 45124 | W18: CCP_P_001 ET CCP_P_003 ET CCP_P_004 ET CCP_P_005 | X18: CCP_P_001 | Y18: =VLOOKUP(X18,'Axe 2 Règles de gestion'!$D$2:$F$49,3, FALSE) -> Rémunération : Le militaire ne perçoit pas sa rémunération. | Z18: CCP_P_003 | AA18: =VLOOKUP(Z18,'Axe 2 Règles de gestion'!$D$2:$F$49,3, FALSE) -> Carrière : La durée du congé est prise en compte dans la durée totale de service du militaire servant en vertu d'un contrat. | AB18: CCP_P_004 | AC18: =VLOOKUP(AB18,'Axe 2 Règles de gestion'!$D$2:$F$49,3, FALSE) -> Retraite : La durée du congé ne compte pas pour les droits à pension. | AD18: CCP_P_005 | AE18: =VLOOKUP(AD18,'Axe 2 Règles de gestion'!$D$2:$F$49,3, FALSE) -> Acte : un acte administratif doit être produit.
A19: 22.10.00 | B19: A | C19: 44970.658 | D19: D0004 | E19: Position | F19: S0166 | G19: Congé pour convenances personnelles (militaire) | H19: E0918 | I19: Congé pour convenances personnelles militaire | J19: La position saisie est 'Congé pour convenances personnelles militaire' | K19: A_POS_POSIAD [Saisi] = 'NAM25' | L19: T2241 | M19: Congé pour convenances personnelles (militaire) - Renouvellement | N19: Création Modification | O19: Indicateur de renouvellement saisi = Oui ET (Indicateur de renouvellement saisi différent d'Indicateur de renouvellement avant saisi) | P19: A_POS_INDREN [Saisi] = '1' ET (A_POS_INDREN [Saisi] <> A_POS_INDREN [Valeur avant saisie] | Q19: Militaire sous contrat | R19: P0145 | S19: Particulier | T19: Passant | U19: 43831 | W19: CCP_P_001 ET CCP_P_003 ET CCP_P_004 ET CCP_P_005 | X19: CCP_P_001 | Y19: =VLOOKUP(X19,'Axe 2 Règles de gestion'!$D$2:$F$49,3, FALSE) -> Rémunération : Le militaire ne perçoit pas sa rémunération. | Z19: CCP_P_003 | AA19: =VLOOKUP(Z19,'Axe 2 Règles de gestion'!$D$2:$F$49,3, FALSE) -> Carrière : La durée du congé est prise en compte dans la durée totale de service du militaire servant en vertu d'un contrat. | AB19: CCP_P_004 | AC19: =VLOOKUP(AB19,'Axe 2 Règles de gestion'!$D$2:$F$49,3, FALSE) -> Retraite : La durée du congé ne compte pas pour les droits à pension. | AD19: CCP_P_005 | AE19: =VLOOKUP(AD19,'Axe 2 Règles de gestion'!$D$2:$F$49,3, FALSE) -> Acte : un acte administratif doit être produit.
A20: 22.10.00 | B20: A | C20: 44970.503 | D20: D0004 | E20: Position | F20: S0166 | G20: Congé pour convenances personnelles (militaire) | H20: E0918 | I20: Congé pour convenances personnelles militaire | J20: La position saisie est 'Congé pour convenances personnelles militaire' | K20: A_POS_POSIAD [Saisi] = 'NAM25' | L20: T2242 | M20: Congé pour convenances personnelles (militaire) - Fin | N20: Modification | O20: Indicateur de renouvellement saisi identique à Indicateur de renouvellement avant saisi | P20: A_POS_INDREN [Saisi] = A_POS_INDREN [Valeur avant saisie] | Q20: Militaire sous contrat | R20: P0145 | S20: Particulier | T20: Passant | U20: 43831
A21: 24.00.00 | B21: M | C21: 45428.473 | D21: D0004 | E21: Position | F21: S0166 | G21: Congé pour convenances personnelles (militaire) | H21: E0918 | I21: Congé pour convenances personnelles militaire | J21: La position saisie est 'Congé pour convenances personnelles militaire' | K21: A_POS_POSIAD [Saisi] = 'NAM25' | L21: T2240 | M21: Congé pour convenances personnelles (militaire) - Demande | N21: Création Modification | O21: Indicateur de renouvellement saisi = Non ET (Indicateur de renouvellement saisi différent d'Indicateur de renouvellement avant saisi) | P21: A_POS_INDREN [Saisi] = '0' ET (A_POS_INDREN [Saisi] <> A_POS_INDREN [Valeur avant saisie]) | Q21: Militaire de carrière | R21: P0189 | S21: Particulier | T21: Passant | U21: 43831 | V21: 45123 | W21: CCP_P_001 ET CCP_P_002 ET CCP_P_004 ET CCP_P_005 | X21: CCP_P_001 | Y21: =VLOOKUP(X21,'Axe 2 Règles de gestion'!$D$2:$F$49,3, FALSE) -> Rémunération : Le militaire ne perçoit pas sa rémunération. | Z21: CCP_P_002 | AA21: =VLOOKUP(Z21,'Axe 2 Règles de gestion'!$D$2:$F$49,3, FALSE) -> Carrière : La durée du congé ne compte pas pour l'avancement. | AB21: CCP_P_004 | AC21: =VLOOKUP(AB21,'Axe 2 Règles de gestion'!$D$2:$F$49,3, FALSE) -> Retraite : La durée du congé ne compte pas pour les droits à pension. | AD21: CCP_P_005 | AE21: =VLOOKUP(AD21,'Axe 2 Règles de gestion'!$D$2:$F$49,3, FALSE) -> Acte : un acte administratif doit être produit.
A22: 24.00.00 | B22: A | C22: 45428.473 | D22: D0004 | E22: Position | F22: S0166 | G22: Congé pour convenances personnelles (militaire) | H22: E0918 | I22: Congé pour convenances personnelles militaire | J22: La position saisie est 'Congé pour convenances personnelles militaire' | K22: A_POS_POSIAD [Saisi] = 'NAM25' | L22: T2240 | M22: Congé pour convenances personnelles (militaire) - Demande | N22: Création Modification | O22: Indicateur de renouvellement saisi = Non ET (Indicateur de renouvellement saisi différent d'Indicateur de renouvellement avant saisi) | P22: A_POS_INDREN [Saisi] = '0' ET (A_POS_INDREN [Saisi] <> A_POS_INDREN [Valeur avant saisie]) | Q22: Militaire de carrière | R22: P0189 | S22: Particulier | T22: Passant | U22: 45124 | W22: CCP_P_001 ET CCP_P_002 ET CCP_P_004 ET CCP_P_005 | X22: CCP_P_001 | Y22: =VLOOKUP(X22,'Axe 2 Règles de gestion'!$D$2:$F$49,3, FALSE) -> Rémunération : Le militaire ne perçoit pas sa rémunération. | Z22: CCP_P_002 | AA22: =VLOOKUP(Z22,'Axe 2 Règles de gestion'!$D$2:$F$49,3, FALSE) -> Carrière : La durée du congé ne compte pas pour l'avancement. | AB22: CCP_P_004 | AC22: =VLOOKUP(AB22,'Axe 2 Règles de gestion'!$D$2:$F$49,3, FALSE) -> Retraite : La durée du congé ne compte pas pour les droits à pension. | AD22: CCP_P_005 | AE22: =VLOOKUP(AD22,'Axe 2 Règles de gestion'!$D$2:$F$49,3, FALSE) -> Acte : un acte administratif doit être produit.
A23: 22.10.00 | B23: A | C23: 44970.67 | D23: D0004 | E23: Position | F23: S0166 | G23: Congé pour convenances personnelles (militaire) | H23: E0918 | I23: Congé pour convenances personnelles militaire | J23: La position saisie est 'Congé pour convenances personnelles militaire' | K23: A_POS_POSIAD [Saisi] = 'NAM25' | L23: T2241 | M23: Congé pour convenances personnelles (militaire) - Renouvellement | N23: Création Modification | O23: Indicateur de renouvellement saisi = Oui ET (Indicateur de renouvellement saisi différent d'Indicateur de renouvellement avant saisi) | P23: A_POS_INDREN [Saisi] = '1' ET (A_POS_INDREN [Saisi] <> A_POS_INDREN [Valeur avant saisie] | Q23: Militaire de carrière | R23: P0189 | S23: Particulier | T23: Passant | U23: 43831 | W23: CCP_P_001 ET CCP_P_002 ET CCP_P_004 ET CCP_P_005 | X23: CCP_P_001 | Y23: =VLOOKUP(X23,'Axe 2 Règles de gestion'!$D$2:$F$49,3, FALSE) -> Rémunération : Le militaire ne perçoit pas sa rémunération. | Z23: CCP_P_002 | AA23: =VLOOKUP(Z23,'Axe 2 Règles de gestion'!$D$2:$F$49,3, FALSE) -> Carrière : La durée du congé ne compte pas pour l'avancement. | AB23: CCP_P_004 | AC23: =VLOOKUP(AB23,'Axe 2 Règles de gestion'!$D$2:$F$49,3, FALSE) -> Retraite : La durée du congé ne compte pas pour les droits à pension. | AD23: CCP_P_005 | AE23: =VLOOKUP(AD23,'Axe 2 Règles de gestion'!$D$2:$F$49,3, FALSE) -> Acte : un acte administratif doit être produit.
A24: 22.10.00 | B24: A | C24: 44970.506 | D24: D0004 | E24: Position | F24: S0166 | G24: Congé pour convenances personnelles (militaire) | H24: E0918 | I24: Congé pour convenances personnelles militaire | J24: La position saisie est 'Congé pour convenances personnelles militaire' | K24: A_POS_POSIAD [Saisi] = 'NAM25' | L24: T2242 | M24: Congé pour convenances personnelles (militaire) - Fin | N24: Modification | O24: Indicateur de renouvellement saisi identique à Indicateur de renouvellement avant saisi | P24: A_POS_INDREN [Saisi] = A_POS_INDREN [Valeur avant saisie] | Q24: Militaire de carrière | R24: P0189 | S24: Particulier | T24: Passant | U24: 43831
A25: 22.10.00 | B25: A | C25: 44970.494 | D25: D0004 | E25: Position | F25: S0166 | G25: Congé pour convenances personnelles (militaire) | H25: E0919 | I25: Congé pour convenances personnelles pour élever un enfant militaire | J25: La position saisie est 'Congé pour convenances personnelles pour élever un enfant' | K25: A_POS_POSIAD [Saisi] = 'NAM30' | L25: T2243 | M25: Congé pour convenances personnelles pour élever un enfant (militaire) - Demande | N25: Création Modification | O25: Indicateur de renouvellement saisi = Non ET (Indicateur de renouvellement saisi différent d'Indicateur de renouvellement avant saisi) | P25: A_POS_INDREN [Saisi] = '0' ET (A_POS_INDREN [Saisi] <> A_POS_INDREN [Valeur avant saisie]) | Q25: Titulaire ou magistrat | R25: P0001 | S25: Général | T25: Exclu | U25: 43831
A26: 22.10.00 | B26: A | C26: 44970.5 | D26: D0004 | E26: Position | F26: S0166 | G26: Congé pour convenances personnelles (militaire) | H26: E0919 | I26: Congé pour convenances personnelles pour élever un enfant militaire | J26: La position saisie est 'Congé pour convenances personnelles pour élever un enfant' | K26: A_POS_POSIAD [Saisi] = 'NAM30' | L26: T2244 | M26: Congé pour convenances personnelles pour élever un enfant (militaire) - Renouvellement | N26: Création Modification | O26: Indicateur de renouvellement saisi = Oui ET (Indicateur de renouvellement saisi différent d'Indicateur de renouvellement avant saisi) | P26: A_POS_INDREN [Saisi] = '1' ET (A_POS_INDREN [Saisi] <> A_POS_INDREN [Valeur avant saisie] | Q26: Titulaire ou magistrat | R26: P0001 | S26: Général | T26: Exclu | U26: 43831
A27: 22.10.00 | B27: A | C27: 44970.496 | D27: D0004 | E27: Position | F27: S0166 | G27: Congé pour convenances personnelles (militaire) | H27: E0919 | I27: Congé pour convenances personnelles pour élever un enfant militaire | J27: La position saisie est 'Congé pour convenances personnelles pour élever un enfant' | K27: A_POS_POSIAD [Saisi] = 'NAM30' | L27: T2245 | M27: Congé pour convenances personnelles pour élever un enfant (militaire) - Fin | N27: Modification | O27: Indicateur de renouvellement saisi identique à Indicateur de renouvellement avant saisi | P27: A_POS_INDREN [Saisi] = A_POS_INDREN [Valeur avant saisie] | Q27: Titulaire ou magistrat | R27: P0001 | S27: Général | T27: Exclu | U27: 43831
A28: 22.10.00 | B28: A | C28: 44970.495 | D28: D0004 | E28: Position | F28: S0166 | G28: Congé pour convenances personnelles (militaire) | H28: E0919 | I28: Congé pour convenances personnelles pour élever un enfant militaire | J28: La position saisie est 'Congé pour convenances personnelles pour élever un enfant' | K28: A_POS_POSIAD [Saisi] = 'NAM30' | L28: T2243 | M28: Congé pour convenances personnelles pour élever un enfant (militaire) - Demande | N28: Création Modification | O28: Indicateur de renouvellement saisi = Non ET (Indicateur de renouvellement saisi différent d'Indicateur de renouvellement avant saisi) | P28: A_POS_INDREN [Saisi] = '0' ET (A_POS_INDREN [Saisi] <> A_POS_INDREN [Valeur avant saisie]) | Q28: Militaire | R28: P0002 | S28: Général | T28: Exclu | U28: 43831
A29: 22.10.00 | B29: A | C29: 44970.499 | D29: D0004 | E29: Position | F29: S0166 | G29: Congé pour convenances personnelles (militaire) | H29: E0919 | I29: Congé pour convenances personnelles pour élever un enfant militaire | J29: La position saisie est 'Congé pour convenances personnelles pour élever un enfant' | K29: A_POS_POSIAD [Saisi] = 'NAM30' | L29: T2244 | M29: Congé pour convenances personnelles pour élever un enfant (militaire) - Renouvellement | N29: Création Modification | O29: Indicateur de renouvellement saisi = Oui ET (Indicateur de renouvellement saisi différent d'Indicateur de renouvellement avant saisi) | P29: A_POS_INDREN [Saisi] = '1' ET (A_POS_INDREN [Saisi] <> A_POS_INDREN [Valeur avant saisie] | Q29: Militaire | R29: P0002 | S29: Général | T29: Exclu | U29: 43831
A30: 22.10.00 | B30: A | C30: 44970.496 | D30: D0004 | E30: Position | F30: S0166 | G30: Congé pour convenances personnelles (militaire) | H30: E0919 | I30: Congé pour convenances personnelles pour élever un enfant militaire | J30: La position saisie est 'Congé pour convenances personnelles pour élever un enfant' | K30: A_POS_POSIAD [Saisi] = 'NAM30' | L30: T2245 | M30: Congé pour convenances personnelles pour élever un enfant (militaire) - Fin | N30: Modification | O30: Indicateur de renouvellement saisi identique à Indicateur de renouvellement avant saisi | P30: A_POS_INDREN [Saisi] = A_POS_INDREN [Valeur avant saisie] | Q30: Militaire | R30: P0002 | S30: Général | T30: Exclu | U30: 43831
A31: 22.10.00 | B31: A | C31: 44970.495 | D31: D0004 | E31: Position | F31: S0166 | G31: Congé pour convenances personnelles (militaire) | H31: E0919 | I31: Congé pour convenances personnelles pour élever un enfant militaire | J31: La position saisie est 'Congé pour convenances personnelles pour élever un enfant' | K31: A_POS_POSIAD [Saisi] = 'NAM30' | L31: T2243 | M31: Congé pour convenances personnelles pour élever un enfant (militaire) - Demande | N31: Création Modification | O31: Indicateur de renouvellement saisi = Non ET (Indicateur de renouvellement saisi différent d'Indicateur de renouvellement avant saisi) | P31: A_POS_INDREN [Saisi] = '0' ET (A_POS_INDREN [Saisi] <> A_POS_INDREN [Valeur avant saisie]) | Q31: Contractuel | R31: P0003 | S31: Général | T31: Exclu | U31: 43831
A32: 22.10.00 | B32: A | C32: 44970.499 | D32: D0004 | E32: Position | F32: S0166 | G32: Congé pour convenances personnelles (militaire) | H32: E0919 | I32: Congé pour convenances personnelles pour élever un enfant militaire | J32: La position saisie est 'Congé pour convenances personnelles pour élever un enfant' | K32: A_POS_POSIAD [Saisi] = 'NAM30' | L32: T2244 | M32: Congé pour convenances personnelles pour élever un enfant (militaire) - Renouvellement | N32: Création Modification | O32: Indicateur de renouvellement saisi = Oui ET (Indicateur de renouvellement saisi différent d'Indicateur de renouvellement avant saisi) | P32: A_POS_INDREN [Saisi] = '1' ET (A_POS_INDREN [Saisi] <> A_POS_INDREN [Valeur avant saisie] | Q32: Contractuel | R32: P0003 | S32: Général | T32: Exclu | U32: 43831
A33: 22.10.00 | B33: A | C33: 44970.496 | D33: D0004 | E33: Position | F33: S0166 | G33: Congé pour convenances personnelles (militaire) | H33: E0919 | I33: Congé pour convenances personnelles pour élever un enfant militaire | J33: La position saisie est 'Congé pour convenances personnelles pour élever un enfant' | K33: A_POS_POSIAD [Saisi] = 'NAM30' | L33: T2245 | M33: Congé pour convenances personnelles pour élever un enfant (militaire) - Fin | N33: Modification | O33: Indicateur de renouvellement saisi identique à Indicateur de renouvellement avant saisi | P33: A_POS_INDREN [Saisi] = A_POS_INDREN [Valeur avant saisie] | Q33: Contractuel | R33: P0003 | S33: Général | T33: Exclu | U33: 43831
A34: 22.10.00 | B34: A | C34: 44970.495 | D34: D0004 | E34: Position | F34: S0166 | G34: Congé pour convenances personnelles (militaire) | H34: E0919 | I34: Congé pour convenances personnelles pour élever un enfant militaire | J34: La position saisie est 'Congé pour convenances personnelles pour élever un enfant' | K34: A_POS_POSIAD [Saisi] = 'NAM30' | L34: T2243 | M34: Congé pour convenances personnelles pour élever un enfant (militaire) - Demande | N34: Création Modification | O34: Indicateur de renouvellement saisi = Non ET (Indicateur de renouvellement saisi différent d'Indicateur de renouvellement avant saisi) | P34: A_POS_INDREN [Saisi] = '0' ET (A_POS_INDREN [Saisi] <> A_POS_INDREN [Valeur avant saisie]) | Q34: Stagiaire ou auditeur ou élève | R34: P0004 | S34: Général | T34: Exclu | U34: 43831
A35: 22.10.00 | B35: A | C35: 44974.558 | D35: D0004 | E35: Position | F35: S0166 | G35: Congé pour convenances personnelles (militaire) | H35: E0919 | I35: Congé pour convenances personnelles pour élever un enfant militaire | J35: La position saisie est 'Congé pour convenances personnelles pour élever un enfant' | K35: A_POS_POSIAD [Saisi] = 'NAM30' | L35: T2244 | M35: Congé pour convenances personnelles pour élever un enfant (militaire) - Renouvellement | N35: Création Modification | O35: Indicateur de renouvellement saisi = Oui ET (Indicateur de renouvellement saisi différent d'Indicateur de renouvellement avant saisi) | P35: A_POS_INDREN [Saisi] = '1' ET (A_POS_INDREN [Saisi] <> A_POS_INDREN [Valeur avant saisie] | Q35: Stagiaire ou auditeur ou élève | R35: P0004 | S35: Général | T35: Exclu | U35: 43832
... A39: 22.10.00 | B39: A | C39: 44970.498 | D39: D0004 | E39: Position | F39: S0166 | G39: Congé pour convenances personnelles (militaire) | H39: E0919 | I39: Congé pour convenances personnelles pour élever un enfant militaire | J39: La position saisie est 'Congé pour convenances personnelles pour élever un enfant' | K39: A_POS_POSIAD [Saisi] = 'NAM30' | L39: T2245 | M39: Congé pour convenances personnelles pour élever un enfant (militaire) - Fin | N39: Modification | O39: Indicateur de renouvellement saisi identique à Indicateur de renouvellement avant saisi | P39: A_POS_INDREN [Saisi] = A_POS_INDREN [Valeur avant saisie] | Q39: Ouvrier d'état | R39: P0005 | S39: Général | T39: Exclu | U39: 43831
A40: 22.10.00 | B40: A | C40: 44970.54 | D40: D0004 | E40: Position | F40: S0166 | G40: Congé pour convenances personnelles (militaire) | H40: E0919 | I40: Congé pour convenances personnelles pour élever un enfant militaire | J40: La position saisie est 'Congé pour convenances personnelles pour élever un enfant' | K40: A_POS_POSIAD [Saisi] = 'NAM30' | L40: T2243 | M40: Congé pour convenances personnelles pour élever un enfant (militaire) - Demande | N40: Création Modification | O40: Indicateur de renouvellement saisi = Non ET (Indicateur de renouvellement saisi différent d'Indicateur de renouvellement avant saisi) | P40: A_POS_INDREN [Saisi] = '0' ET (A_POS_INDREN [Saisi] <> A_POS_INDREN [Valeur avant saisie]) | Q40: Militaire sous contrat | R40: P0145 | S40: Particulier | T40: Passant | U40: 43831 | V40: 44125
