Workbook
Name date_DIADC: 'Mode opératoire'!#REF!
Name notice_DIADC: 'Mode opératoire'!#REF!
Name notice_ENCHN: 'Mode opératoire'!$B$1:$B$4
Name notice_ICA: 'Mode opératoire'!#REF!

Sheet Mode opératoire
B1: MODE OPERATOIRE
B2: La transaction s'effectue au niveau de la sous rubrique "Position statutaire/situation administrative".

Sheet Axe 1 Enchainement des RG
A1: Version | B1: Type de mise à jour | C1: Date de mise à jour | D1: Identifiant Domaine | E1: Libellé du Domaine | F1: Identifiant Sous-domaine | G1: Libellé du Sous-domaine | H1: Identifiant Evénement | I1: Libellé de l'évènement | J1: Libellé condition déclenchement Evènement | K1: Condition déclenchement Evènement | L1: Identifiant type d'évènement | M1: Libellé type d'évènement | N1: Type de mise à jour | O1: Libellé condition déclenchement Type Evènement | P1: Condition déclenchement Type Evènement | Q1: Libellé Population | R1: Codification Population | S1: Typologie de population | T1: Général / Particulier | U1: Passant / Exclu | V1: Date de début | W1: Date de fin | X1: Règles mobilisées | Y1: Identifiant Règle de contrôle intellectuel 1 | Z1: Libellé Règle de contrôle intellectuel 1 | AA1: Identifiant Règle de contrôle intellectuel 2 | AB1: Libellé Règle de contrôle intellectuel 2 | AC1: Identifiant Règle de contrôle intellectuel 3 | AD1: Libellé Règle de contrôle intellectuel 3 | AE1: Identifiant Règle de contrôle intellectuel 4 | AF1: Libellé Règle de contrôle intellectuel 4 | AG1: Identifiant Règle de condition 1 | AH1: Libellé Règle de condition 1 | AI1: Identifiant Règle de condition 2 | AJ1: Libellé Règle de condition 2 | AK1: Identifiant Règle de condition 3 | AL1: Libellé Règle de condition 3 | AM1: Identifiant Règle de condition 4 | AN1: Libellé Règle de condition 4 | AO1: Identifiant Règle de condition 5 | AP1: Libellé Règle de condition 5 | AQ1: Identifiant Règle de contrôle 1 | AR1: Libellé Règle de contrôle 1 | AS1: Identifiant Règle de contrôle 2 | AT1: Libellé Règle de contrôle 2 | AU1: Identifiant Règle de contrôle 3 | AV1: Libellé Règle de contrôle 3 | AW1: Identifiant Règle de contrôle 4 | AX1: Libellé Règle de contrôle 4 | AY1: Identifiant Règle de contrôle 5 | AZ1: Libellé Règle de contrôle 5 | BA1: Identifiant Règle de contrôle 6 | BB1: Libellé Règle de contrôle 6 | BC1: Identifiant Règle de contrôle 7 | BD1: Libellé Règle de contrôle 7 | BE1: Identifiant Règle de contrôle 8 | BF1: Libellé Règle de contrôle 8 | BG1: Identifiant Règle de contrôle 9 | BH1: Libellé Règle de contrôle 9 | BI1: Identifiant Règle de contrôle 10 | BJ1: Libellé Règle de contrôle 10 | BK1: Identifiant Règle de contrôle 11 | BL1: Libellé Règle de contrôle 11 | BM1: Identifiant Règle de contrôle 12 | BN1: Libellé Règle de contrôle 12 | BO1: Identifiant Règle de contrôle 13 | BP1: Libellé Règle de contrôle 13 | BQ1: Identifiant Règle de contrôle 14 | BR1: Libellé Règle de contrôle 14 | BS1: Identifiant Règle de contrôle 15 | BT1: Libellé Règle de contrôle 15 | BU1: Identifiant Règle de contrôle 16 | BV1: Libellé Règle de contrôle 16 | BW1: FIME | BX1: Statut de travail
A2: 17.10.00 | B2: A | C2: 43152.5 | D2: D0004 | E2: Position | F2: S0028 | G2: Congé sans traitement | H2: E0312 | I2: Congé sans traitement pour élever enfant | J2: Position saisie égale à 'Congé sans traitement pour élever enfant' | K2: A_POS_POSIAD [Saisi] = 'NAC43' | L2: T0907 | M2: Congé sans traitement pour élever un enfant - Demande | N2: Création Modification | O2: Indicateur de renouvellement saisi = Non ET l'indicateur de renouvellement saisi est différent de l'indicateur de renouvellement avant saisie | P2: A_POS_INDREN [Saisi] = '0' ET A_POS_INDREN [Saisi] <> A_POS_INDREN [Valeur avant saisie] | Q2: Titulaire ou magistrat | R2: P0001 | S2: T | T2: Général | U2: Exclu | V2: 40725
A3: 17.10.00 | B3: A | C3: 43152.5 | D3: D0004 | E3: Position | F3: S0028 | G3: Congé sans traitement | H3: E0312 | I3: Congé sans traitement pour élever enfant | J3: Position saisie égale à 'Congé sans traitement pour élever enfant' | K3: A_POS_POSIAD [Saisi] = 'NAC43' | L3: T0908 | M3: Congé sans traitement pour élever un enfant - Renouvellement | N3: Création Modification | O3: Indicateur de renouvellement saisi = Oui ET l'indicateur de renouvellement saisi est différent de l'indicateur de renouvellement avant saisie | P3: A_POS_INDREN [Saisi] = '1' ET A_POS_INDREN [Saisi] <> A_POS_INDREN [Valeur avant saisie] | Q3: Titulaire ou magistrat | R3: P0001 | S3: T | T3: Général | U3: Exclu | V3: 40725
A4: 17.10.00 | B4: A | C4: 43152.5 | D4: D0004 | E4: Position | F4: S0028 | G4: Congé sans traitement | H4: E0312 | I4: Congé sans traitement pour élever enfant | J4: Position saisie égale à 'Congé sans traitement pour élever enfant' | K4: A_POS_POSIAD [Saisi] = 'NAC43' | L4: T0909 | M4: Congé sans traitement pour élever un enfant - Modification/Fin | N4: Modification | O4: L'indicateur de renouvellement saisi est égal à l'indicateur de renouvellement avant saisie | P4: A_POS_INDREN [Saisi] = A_POS_INDREN [Valeur avant saisie] | Q4: Titulaire ou magistrat | R4: P0001 | S4: T | T4: Général | U4: Exclu | V4: 40725
A5: 17.10.00 | B5: A | C5: 43152.5 | D5: D0004 | E5: Position | F5: S0028 | G5: Congé sans traitement | H5: E0312 | I5: Congé sans traitement pour élever enfant | J5: Position saisie égale à 'Congé sans traitement pour élever enfant' | K5: A_POS_POSIAD [Saisi] = 'NAC43' | L5: T0907 | M5: Congé sans traitement pour élever un enfant - Demande | N5: Création Modification | O5: Indicateur de renouvellement saisi = Non ET l'indicateur de renouvellement saisi est différent de l'indicateur de renouvellement avant saisie | P5: A_POS_INDREN [Saisi] = '0' ET A_POS_INDREN [Saisi] <> A_POS_INDREN [Valeur avant saisie] | Q5: Militaire | R5: P0002 | S5: M | T5: Général | U5: Exclu | V5: 40725
A6: 17.10.00 | B6: A | C6: 43152.5 | D6: D0004 | E6: Position | F6: S0028 | G6: Congé sans traitement | H6: E0312 | I6: Congé sans traitement pour élever enfant | J6: Position saisie égale à 'Congé sans traitement pour élever enfant' | K6: A_POS_POSIAD [Saisi] = 'NAC43' | L6: T0908 | M6: Congé sans traitement pour élever un enfant - Renouvellement | N6: Création Modification | O6: Indicateur de renouvellement saisi = Oui ET l'indicateur de renouvellement saisi est différent de l'indicateur de renouvellement avant saisie | P6: A_POS_INDREN [Saisi] = '1' ET A_POS_INDREN [Saisi] <> A_POS_INDREN [Valeur avant saisie] | Q6: Militaire | R6: P0002 | S6: M | T6: Général | U6: Exclu | V6: 40725
A7: 17.10.00 | B7: A | C7: 43152.5 | D7: D0004 | E7: Position | F7: S0028 | G7: Congé sans traitement | H7: E0312 | I7: Congé sans traitement pour élever enfant | J7: Position saisie égale à 'Congé sans traitement pour élever enfant' | K7: A_POS_POSIAD [Saisi] = 'NAC43' | L7: T0909 | M7: Congé sans traitement pour élever un enfant - Modification/Fin | N7: Modification | O7: L'indicateur de renouvellement saisi est égal à l'indicateur de renouvellement avant saisie | P7: A_POS_INDREN [Saisi] = A_POS_INDREN [Valeur avant saisie] | Q7: Militaire | R7: P0002 | S7: M | T7: Général | U7: Exclu | V7: 40725
A8: 17.10.00 | B8: A | C8: 43152.5 | D8: D0004 | E8: Position | F8: S0028 | G8: Congé sans traitement | H8: E0312 | I8: Congé sans traitement pour élever enfant | J8: Position saisie égale à 'Congé sans traitement pour élever enfant' | K8: A_POS_POSIAD [Saisi] = 'NAC43' | L8: T0907 | M8: Congé sans traitement pour élever un enfant - Demande | N8: Création Modification | O8: Indicateur de renouvellement saisi = Non ET l'indicateur de renouvellement saisi est différent de l'indicateur de renouvellement avant saisie | P8: A_POS_INDREN [Saisi] = '0' ET A_POS_INDREN [Saisi] <> A_POS_INDREN [Valeur avant saisie] | Q8: Contractuel | R8: P0003 | S8: N | T8: Général | U8: Exclu | V8: 40725
A9: 17.10.00 | B9: A | C9: 43152.5 | D9: D0004 | E9: Position | F9: S0028 | G9: Congé sans traitement | H9: E0312 | I9: Congé sans traitement pour élever enfant | J9: Position saisie égale à 'Congé sans traitement pour élever enfant' | K9: A_POS_POSIAD [Saisi] = 'NAC43' | L9: T0908 | M9: Congé sans traitement pour élever un enfant - Renouvellement | N9: Création Modification | O9: Indicateur de renouvellement saisi = Oui ET l'indicateur de renouvellement saisi est différent de l'indicateur de renouvellement avant saisie | P9: A_POS_INDREN [Saisi] = '1' ET A_POS_INDREN [Saisi] <> A_POS_INDREN [Valeur avant saisie] | Q9: Contractuel | R9: P0003 | S9: N | T9: Général | U9: Exclu | V9: 40725
A10: 17.10.00 | B10: A | C10: 43152.5 | D10: D0004 | E10: Position | F10: S0028 | G10: Congé sans traitement | H10: E0312 | I10: Congé sans traitement pour élever enfant | J10: Position saisie égale à 'Congé sans traitement pour élever enfant' | K10: A_POS_POSIAD [Saisi] = 'NAC43' | L10: T0909 | M10: Congé sans traitement pour élever un enfant - Modification/Fin | N10: Modification | O10: L'indicateur de renouvellement saisi est égal à l'indicateur de renouvellement avant saisie | P10: A_POS_INDREN [Saisi] = A_POS_INDREN [Valeur avant saisie] | Q10: Contractuel | R10: P0003 | S10: N | T10: Général | U10: Exclu | V10: 40725
A11: 25.00.00 | B11: M | C11: 45805.657 | D11: D0004 | E11: Position | F11: S0028 | G11: Congé sans traitement | H11: E0312 | I11: Congé sans traitement pour élever enfant | J11: Position saisie égale à 'Congé sans traitement pour élever enfant' | K11: A_POS_POSIAD [Saisi] = 'NAC43' | L11: T0907 | M11: Congé sans traitement pour élever un enfant - Demande | N11: Création Modification | O11: Indicateur de renouvellement saisi = Non ET l'indicateur de renouvellement saisi est différent de l'indicateur de renouvellement avant saisie | P11: A_POS_INDREN [Saisi] = '0' ET A_POS_INDREN [Saisi] <> A_POS_INDREN [Valeur avant saisie] | Q11: Stagiaire ou auditeur ou élève | R11: P0004 | S11: S | T11: Général | U11: Passant | V11: 40725 | W11: 45781 | X11: CST_I_001 ET CST_I_002 ET CST_D_003 ET CST_D_200 ET CST_D_004 ET CST_D_005 ET CST_D_202 ET POS_C_100 ET POS_C_005 ET POS_C_022 ET POS_C_004 ET POS_C_010 ET POS_C_012 ET POS_C_007 ET POS_C_111 ET POS_C_050 ET POS_C_051 ET POS_C_055 ET POS_C_056 ET POS_C_120 ET POS_C_121 | Y11: CST_I_001 | Z11: =VLOOKUP(Y11,'Axe 2 Règles de gestion'!$D$2:$F$146,3, FALSE) -> L'agent doit présenter une demande de congé sans traitement. | AA11: CST_I_002 | AB11: =VLOOKUP(AA11,'Axe 2 Règles de gestion'!$D$2:$F$146,3, FALSE) -> La demande est accordée de droit par le supérieur hiérarchique. | AG11: CST_D_003 | AH11: =VLOOKUP(AG11,'Axe 2 Règles de gestion'!$D$2:$F$146,3, FALSE) -> La durée prévisionnelle maximale de chaque période est de un an. | AI11: CST_D_200 | AJ11: =VLOOKUP(AI11,'Axe 2 Règles de gestion'!$D$2:$F$146,3, FALSE) -> La durée réelle maximale de chaque période est de un an. | AK11: CST_D_004 | AL11: =VLOOKUP(AK11,'Axe 2 Règles de gestion'!$D$2:$F$146,3, FALSE) -> L'agent ne peut pas bénéficier de plus de 3 ans cumulés de congé sans traitement quels que soient les motifs de congés sans traitement : pour raisons personnelles ou familiales. | AM11: CST_D_005 | AN11: =VLOOKUP(AM11,'Axe 2 Règles de gestion'!$D$2:$F$146,3, FALSE) -> L'agent doit avoir un enfant lié à cette position et l'enfant doit être âgé de moins de huit ans (date de fin prévisionnelle du congé sans traitement). | AO11: CST_D_202 | AP11: =VLOOKUP(AO11,'Axe 2 Règles de gestion'!$D$2:$F$146,3, FALSE) -> L'agent doit avoir un enfant lié à cette position et l'enfant doit être âgé de moins de huit ans (date de fin réelle du congé sans traitement). | AQ11: POS_C_100 | AR11: =VLOOKUP(AQ11,'Axe 2 Règles de gestion'!$D$2:$F$146,3, FALSE) -> Lors de la demande initiale, l'agent doit être en activité. | AS11: POS_C_005 | AT11: =VLOOKUP(AS11,'Axe 2 Règles de gestion'!$D$2:$F$146,3, FALSE) -> La date de début de la position doit être postérieure ou égale à la date d'entrée dans la FPE ou dans la carrière militaire. | AU11: POS_C_022 | AV11: =VLOOKUP(AU11,'Axe 2 Règles de gestion'!$D$2:$F$146,3, FALSE) -> La date de début de position est à J+1 de la date de fin de position de l'occurrence précédente. | AW11: POS_C_004 | AX11: =VLOOKUP(AW11,'Axe 2 Règles de gestion'!$D$2:$F$146,3, FALSE) -> La date de début de position doit être antérieure ou égale à la date de fin prévisionnelle de position. | AY11: POS_C_010 | AZ11: =VLOOKUP(AY11,'Axe 2 Règles de gestion'!$D$2:$F$146,3, FALSE) -> La date de début de position doit être antérieure ou égale à la date de fin réelle de position. | BA11: POS_C_012 | BB11: =VLOOKUP(BA11,'Axe 2 Règles de gestion'!$D$2:$F$146,3, FALSE) -> La date de fin prévisionnelle de la position doit être antérieure à la date limite de départ à la retraite. | BC11: POS_C_007 | BD11: =VLOOKUP(BC11,'Axe 2 Règles de gestion'!$D$2:$F$146,3, FALSE) -> La date de fin réelle de la position doit être antérieure à la date limite de départ à la retraite. | BE11: POS_C_111 | BF11: =VLOOKUP(BE11,'Axe 2 Règles de gestion'!$D$2:$F$146,3, FALSE) -> La date de fin ou la date de fin prévisionnelle doit être saisie. | BG11: POS_C_050 | BH11: =VLOOKUP(BG11,'Axe 2 Règles de gestion'!$D$2:$F$146,3, FALSE) -> Le lien vers l'enfant doit être renseigné. | BI11: POS_C_051 | BJ11: =VLOOKUP(BI11,'Axe 2 Règles de gestion'!$D$2:$F$146,3, FALSE) -> La date de naissance de l'enfant doit être renseignée. | BK11: POS_C_055 | BL11: =VLOOKUP(BK11,'Axe 2 Règles de gestion'!$D$2:$F$146,3, FALSE) -> La date de fin réelle de la position doit être antérieure ou égale à la date de décès de l'enfant. | BM11: POS_C_056 | BN11: =VLOOKUP(BM11,'Axe 2 Règles de gestion'!$D$2:$F$146,3, FALSE) -> La date de fin prévisionnelle de la position doit être antérieure ou égale à la date de décès de l'enfant. | BO11: POS_C_120 | BP11: =VLOOKUP(BO11,'Axe 2 Règles de gestion'!$D$2:$F$146,3, FALSE) -> La saisie d'une occurrence de congés/absences est interdite (date de fin réelle) | BQ11: POS_C_121 | BR11: =VLOOKUP(BQ11,'Axe 2 Règles de gestion'!$D$2:$F$146,3, FALSE) -> La saisie d'une occurrence de congés/absences est interdite (date de fin prévisionnelle)
A12: 25.00.00 | B12: A | C12: 45805.658 | D12: D0004 | E12: Position | F12: S0028 | G12: Congé sans traitement | H12: E0312 | I12: Congé sans traitement pour élever enfant | J12: Position saisie égale à 'Congé sans traitement pour élever enfant' | K12: A_POS_POSIAD [Saisi] = 'NAC43' | L12: T0907 | M12: Congé sans traitement pour élever un enfant - Demande | N12: Création Modification | O12: Indicateur de renouvellement saisi = Non ET l'indicateur de renouvellement saisi est différent de l'indicateur de renouvellement avant saisie | P12: A_POS_INDREN [Saisi] = '0' ET A_POS_INDREN [Saisi] <> A_POS_INDREN [Valeur avant saisie] | Q12: Stagiaire ou auditeur ou élève | R12: P0004 | S12: S | T12: Général | U12: Passant | V12: 45782 | X12: CST_I_001 ET CST_I_002 ET CST_D_003 ET CST_D_200 ET CST_D_004 ET CST_D_250 ET CST_D_253 ET POS_C_100 ET POS_C_005 ET POS_C_022 ET POS_C_004 ET POS_C_010 ET POS_C_012 ET POS_C_007 ET POS_C_111 ET POS_C_050 ET POS_C_051 ET POS_C_055 ET POS_C_056 ET POS_C_120 ET POS_C_121 | Y12: CST_I_001 | Z12: =VLOOKUP(Y12,'Axe 2 Règles de gestion'!$D$2:$F$146,3, FALSE) -> L'agent doit présenter une demande de congé sans traitement. | AA12: CST_I_002 | AB12: =VLOOKUP(AA12,'Axe 2 Règles de gestion'!$D$2:$F$146,3, FALSE) -> La demande est accordée de droit par le supérieur hiérarchique. | AG12: CST_D_003 | AH12: =VLOOKUP(AG12,'Axe 2 Règles de gestion'!$D$2:$F$146,3, FALSE) -> La durée prévisionnelle maximale de chaque période est de un an. | AI12: CST_D_200 | AJ12: =VLOOKUP(AI12,'Axe 2 Règles de gestion'!$D$2:$F$146,3, FALSE) -> La durée réelle maximale de chaque période est de un an. | AK12: CST_D_004 | AL12: =VLOOKUP(AK12,'Axe 2 Règles de gestion'!$D$2:$F$146,3, FALSE) -> L'agent ne peut pas bénéficier de plus de 3 ans cumulés de congé sans traitement quels que soient les motifs de congés sans traitement : pour raisons personnelles ou familiales. | AM12: CST_D_250 | AN12: =VLOOKUP(AM12,'Axe 2 Règles de gestion'!$D$2:$F$146,3, FALSE) -> L'agent doit avoir un enfant lié à cette position et l'enfant doit être âgé de moins de 12 ans (date de fin prévisionnelle du congé sans traitement). | AO12: CST_D_253 | AP12: =VLOOKUP(AO12,'Axe 2 Règles de gestion'!$D$2:$F$146,3, FALSE) -> L'agent doit avoir un enfant lié à cette position et l'enfant doit être âgé de moins de 12 ans (date de fin réelle du congé sans traitement). | AQ12: POS_C_100 | AR12: =VLOOKUP(AQ12,'Axe 2 Règles de gestion'!$D$2:$F$146,3, FALSE) -> Lors de la demande initiale, l'agent doit être en activité. | AS12: POS_C_005 | AT12: =VLOOKUP(AS12,'Axe 2 Règles de gestion'!$D$2:$F$146,3, FALSE) -> La date de début de la position doit être postérieure ou égale à la date d'entrée dans la FPE ou dans la carrière militaire. | AU12: POS_C_022 | AV12: =VLOOKUP(AU12,'Axe 2 Règles de gestion'!$D$2:$F$146,3, FALSE) -> La date de début de position est à J+1 de la date de fin de position de l'occurrence précédente. | AW12: POS_C_004 | AX12: =VLOOKUP(AW12,'Axe 2 Règles de gestion'!$D$2:$F$146,3, FALSE) -> La date de début de position doit être antérieure ou égale à la date de fin prévisionnelle de position. | AY12: POS_C_010 | AZ12: =VLOOKUP(AY12,'Axe 2 Règles de gestion'!$D$2:$F$146,3, FALSE) -> La date de début de position doit être antérieure ou égale à la date de fin réelle de position. | BA12: POS_C_012 | BB12: =VLOOKUP(BA12,'Axe 2 Règles de gestion'!$D$2:$F$146,3, FALSE) -> La date de fin prévisionnelle de la position doit être antérieure à la date limite de départ à la retraite. | BC12: POS_C_007 | BD12: =VLOOKUP(BC12,'Axe 2 Règles de gestion'!$D$2:$F$146,3, FALSE) -> La date de fin réelle de la position doit être antérieure à la date limite de départ à la retraite. | BE12: POS_C_111 | BF12: =VLOOKUP(BE12,'Axe 2 Règles de gestion'!$D$2:$F$146,3, FALSE) -> La date de fin ou la date de fin prévisionnelle doit être saisie. | BG12: POS_C_050 | BH12: =VLOOKUP(BG12,'Axe 2 Règles de gestion'!$D$2:$F$146,3, FALSE) -> Le lien vers l'enfant doit être renseigné. | BI12: POS_C_051 | BJ12: =VLOOKUP(BI12,'Axe 2 Règles de gestion'!$D$2:$F$146,3, FALSE) -> La date de naissance de l'enfant doit être renseignée. | BK12: POS_C_055 | BL12: =VLOOKUP(BK12,'Axe 2 Règles de gestion'!$D$2:$F$146,3, FALSE) -> La date de fin réelle de la position doit être antérieure ou égale à la date de décès de l'enfant. | BM12: POS_C_056 | BN12: =VLOOKUP(BM12,'Axe 2 Règles de gestion'!$D$2:$F$146,3, FALSE) -> La date de fin prévisionnelle de la position doit être antérieure ou égale à la date de décès de l'enfant. | BO12: POS_C_120 | BP12: =VLOOKUP(BO12,'Axe 2 Règles de gestion'!$D$2:$F$146,3, FALSE) -> La saisie d'une occurrence de congés/absences est interdite (date de fin réelle) | BQ12: POS_C_121 | BR12: =VLOOKUP(BQ12,'Axe 2 Règles de gestion'!$D$2:$F$146,3, FALSE) -> La saisie d'une occurrence de congés/absences est interdite (date de fin prévisionnelle)
A13: 25.00.00 | B13: M | C13: 45805.66 | D13: D0004 | E13: Position | F13: S0028 | G13: Congé sans traitement | H13: E0312 | I13: Congé sans traitement pour élever enfant | J13: Position saisie égale à 'Congé sans traitement pour élever enfant' | K13: A_POS_POSIAD [Saisi] = 'NAC43' | L13: T0908 | M13: Congé sans traitement pour élever un enfant - Renouvellement | N13: Création Modification | O13: Indicateur de renouvellement saisi = Oui ET l'indicateur de renouvellement saisi est différent de l'indicateur de renouvellement avant saisie | P13: A_POS_INDREN [Saisi] = '1' ET A_POS_INDREN [Saisi] <> A_POS_INDREN [Valeur avant saisie] | Q13: Stagiaire ou auditeur ou élève | R13: P0004 | S13: S | T13: Général | U13: Passant | V13: 40725 | W13: 45781 | X13: CST_I_003 ET CST_D_003 ET CST_D_200 ET CST_D_004 ET CST_D_005 ET CST_D_202 ET POS_C_005 ET POS_C_022 ET POS_C_004 ET POS_C_010 ET POS_C_012 ET POS_C_007 ET POS_C_111 ET POS_C_050 ET POS_C_051 ET POS_C_055 ET POS_C_056 ET POS_C_120 ET POS_C_121 | Y13: CST_I_003 | Z13: =VLOOKUP(Y13,'Axe 2 Règles de gestion'!$D$2:$F$146,3, FALSE) -> L'agent peut renouveler le congé sans traitement 2 fois. | AG13: CST_D_003 | AH13: =VLOOKUP(AG13,'Axe 2 Règles de gestion'!$D$2:$F$146,3, FALSE) -> La durée prévisionnelle maximale de chaque période est de un an. | AI13: CST_D_200 | AJ13: =VLOOKUP(AI13,'Axe 2 Règles de gestion'!$D$2:$F$146,3, FALSE) -> La durée réelle maximale de chaque période est de un an. | AK13: CST_D_004 | AL13: =VLOOKUP(AK13,'Axe 2 Règles de gestion'!$D$2:$F$146,3, FALSE) -> L'agent ne peut pas bénéficier de plus de 3 ans cumulés de congé sans traitement quels que soient les motifs de congés sans traitement : pour raisons personnelles ou familiales. | AM13: CST_D_005 | AN13: =VLOOKUP(AM13,'Axe 2 Règles de gestion'!$D$2:$F$146,3, FALSE) -> L'agent doit avoir un enfant lié à cette position et l'enfant doit être âgé de moins de huit ans (date de fin prévisionnelle du congé sans traitement). | AO13: CST_D_202 | AP13: =VLOOKUP(AO13,'Axe 2 Règles de gestion'!$D$2:$F$146,3, FALSE) -> L'agent doit avoir un enfant lié à cette position et l'enfant doit être âgé de moins de huit ans (date de fin réelle du congé sans traitement). | AQ13: POS_C_005 | AR13: =VLOOKUP(AQ13,'Axe 2 Règles de gestion'!$D$2:$F$146,3, FALSE) -> La date de début de la position doit être postérieure ou égale à la date d'entrée dans la FPE ou dans la carrière militaire. | AS13: POS_C_022 | AT13: =VLOOKUP(AS13,'Axe 2 Règles de gestion'!$D$2:$F$146,3, FALSE) -> La date de début de position est à J+1 de la date de fin de position de l'occurrence précédente. | AU13: POS_C_004 | AV13: =VLOOKUP(AU13,'Axe 2 Règles de gestion'!$D$2:$F$146,3, FALSE) -> La date de début de position doit être antérieure ou égale à la date de fin prévisionnelle de position. | AW13: POS_C_010 | AX13: =VLOOKUP(AW13,'Axe 2 Règles de gestion'!$D$2:$F$146,3, FALSE) -> La date de début de position doit être antérieure ou égale à la date de fin réelle de position. | AY13: POS_C_012 | AZ13: =VLOOKUP(AY13,'Axe 2 Règles de gestion'!$D$2:$F$146,3, FALSE) -> La date de fin prévisionnelle de la position doit être antérieure à la date limite de départ à la retraite. | BA13: POS_C_007 | BB13: =VLOOKUP(BA13,'Axe 2 Règles de gestion'!$D$2:$F$146,3, FALSE) -> La date de fin réelle de la position doit être antérieure à la date limite de départ à la retraite. | BC13: POS_C_111 | BD13: =VLOOKUP(BC13,'Axe 2 Règles de gestion'!$D$2:$F$146,3, FALSE) -> La date de fin ou la date de fin prévisionnelle doit être saisie. | BE13: POS_C_050 | BF13: =VLOOKUP(BE13,'Axe 2 Règles de gestion'!$D$2:$F$146,3, FALSE) -> Le lien vers l'enfant doit être renseigné. | BG13: POS_C_051 | BH13: =VLOOKUP(BG13,'Axe 2 Règles de gestion'!$D$2:$F$146,3, FALSE) -> La date de naissance de l'enfant doit être renseignée. | BI13: POS_C_055 | BJ13: =VLOOKUP(BI13,'Axe 2 Règles de gestion'!$D$2:$F$146,3, FALSE) -> La date de fin réelle de la position doit être antérieure ou égale à la date de décès de l'enfant. | BK13: POS_C_056 | BL13: =VLOOKUP(BK13,'Axe 2 Règles de gestion'!$D$2:$F$146,3, FALSE) -> La date de fin prévisionnelle de la position doit être antérieure ou égale à la date de décès de l'enfant. | BM13: POS_C_120 | BN13: =VLOOKUP(BM13,'Axe 2 Règles de gestion'!$D$2:$F$146,3, FALSE) -> La saisie d'une occurrence de congés/absences est interdite (date de fin réelle) | BO13: POS_C_121 | BP13: =VLOOKUP(BO13,'Axe 2 Règles de gestion'!$D$2:$F$146,3, FALSE) -> La saisie d'une occurrence de congés/absences est interdite (date de fin prévisionnelle)
A14: 25.00.00 | B14: A | C14: 45805.66 | D14: D0004 | E14: Position | F14: S0028 | G14: Congé sans traitement | H14: E0312 | I14: Congé sans traitement pour élever enfant | J14: Position saisie égale à 'Congé sans traitement pour élever enfant' | K14: A_POS_POSIAD [Saisi] = 'NAC43' | L14: T0908 | M14: Congé sans traitement pour élever un enfant - Renouvellement | N14: Création Modification | O14: Indicateur de renouvellement saisi = Oui ET l'indicateur de renouvellement saisi est différent de l'indicateur de renouvellement avant saisie | P14: A_POS_INDREN [Saisi] = '1' ET A_POS_INDREN [Saisi] <> A_POS_INDREN [Valeur avant saisie] | Q14: Stagiaire ou auditeur ou élève | R14: P0004 | S14: S | T14: Général | U14: Passant | V14: 45782 | X14: CST_I_003 ET CST_D_003 ET CST_D_200 ET CST_D_004 ET CST_D_250 ET CST_D_253 ET POS_C_005 ET POS_C_022 ET POS_C_004 ET POS_C_010 ET POS_C_012 ET POS_C_007 ET POS_C_111 ET POS_C_050 ET POS_C_051 ET POS_C_055 ET POS_C_056 ET POS_C_120 ET POS_C_121 | Y14: CST_I_003 | Z14: =VLOOKUP(Y14,'Axe 2 Règles de gestion'!$D$2:$F$146,3, FALSE) -> L'agent peut renouveler le congé sans traitement 2 fois. | AG14: CST_D_003 | AH14: =VLOOKUP(AG14,'Axe 2 Règles de gestion'!$D$2:$F$146,3, FALSE) -> La durée prévisionnelle maximale de chaque période est de un an. | AI14: CST_D_200 | AJ14: =VLOOKUP(AI14,'Axe 2 Règles de gestion'!$D$2:$F$146,3, FALSE) -> La durée réelle maximale de chaque période est de un an. | AK14: CST_D_004 | AL14: =VLOOKUP(AK14,'Axe 2 Règles de gestion'!$D$2:$F$146,3, FALSE) -> L'agent ne peut pas bénéficier de plus de 3 ans cumulés de congé sans traitement quels que soient les motifs de congés sans traitement : pour raisons personnelles ou familiales. | AM14: CST_D_250 | AN14: =VLOOKUP(AM14,'Axe 2 Règles de gestion'!$D$2:$F$146,3, FALSE) -> L'agent doit avoir un enfant lié à cette position et l'enfant doit être âgé de moins de 12 ans (date de fin prévisionnelle du congé sans traitement). | AO14: CST_D_253 | AP14: =VLOOKUP(AO14,'Axe 2 Règles de gestion'!$D$2:$F$146,3, FALSE) -> L'agent doit avoir un enfant lié à cette position et l'enfant doit être âgé de moins de 12 ans (date de fin réelle du congé sans traitement). | AQ14: POS_C_005 | AR14: =VLOOKUP(AQ14,'Axe 2 Règles de gestion'!$D$2:$F$146,3, FALSE) -> La date de début de la position doit être postérieure ou égale à la date d'entrée dans la FPE ou dans la carrière militaire. | AS14: POS_C_022 | AT14: =VLOOKUP(AS14,'Axe 2 Règles de gestion'!$D$2:$F$146,3, FALSE) -> La date de début de position est à J+1 de la date de fin de position de l'occurrence précédente. | AU14: POS_C_004 | AV14: =VLOOKUP(AU14,'Axe 2 Règles de gestion'!$D$2:$F$146,3, FALSE) -> La date de début de position doit être antérieure ou égale à la date de fin prévisionnelle de position. | AW14: POS_C_010 | AX14: =VLOOKUP(AW14,'Axe 2 Règles de gestion'!$D$2:$F$146,3, FALSE) -> La date de début de position doit être antérieure ou égale à la date de fin réelle de position. | AY14: POS_C_012 | AZ14: =VLOOKUP(AY14,'Axe 2 Règles de gestion'!$D$2:$F$146,3, FALSE) -> La date de fin prévisionnelle de la position doit être antérieure à la date limite de départ à la retraite. | BA14: POS_C_007 | BB14: =VLOOKUP(BA14,'Axe 2 Règles de gestion'!$D$2:$F$146,3, FALSE) -> La date de fin réelle de la position doit être antérieure à la date limite de départ à la retraite. | BC14: POS_C_111 | BD14: =VLOOKUP(BC14,'Axe 2 Règles de gestion'!$D$2:$F$146,3, FALSE) -> La date de fin ou la date de fin prévisionnelle doit être saisie. | BE14: POS_C_050 | BF14: =VLOOKUP(BE14,'Axe 2 Règles de gestion'!$D$2:$F$146,3, FALSE) -> Le lien vers l'enfant doit être renseigné. | BG14: POS_C_051 | BH14: =VLOOKUP(BG14,'Axe 2 Règles de gestion'!$D$2:$F$146,3, FALSE) -> La date de naissance de l'enfant doit être renseignée. | BI14: POS_C_055 | BJ14: =VLOOKUP(BI14,'Axe 2 Règles de gestion'!$D$2:$F$146,3, FALSE) -> La date de fin réelle de la position doit être antérieure ou égale à la date de décès de l'enfant. | BK14: POS_C_056 | BL14: =VLOOKUP(BK14,'Axe 2 Règles de gestion'!$D$2:$F$146,3, FALSE) -> La date de fin prévisionnelle de la position doit être antérieure ou égale à la date de décès de l'enfant. | BM14: POS_C_120 | BN14: =VLOOKUP(BM14,'Axe 2 Règles de gestion'!$D$2:$F$146,3, FALSE) -> La saisie d'une occurrence de congés/absences est interdite (date de fin réelle) | BO14: POS_C_121 | BP14: =VLOOKUP(BO14,'Axe 2 Règles de gestion'!$D$2:$F$146,3, FALSE) -> La saisie d'une occurrence de congés/absences est interdite (date de fin prévisionnelle)
A15: 22.00.00 | B15: M | C15: 44714.707 | D15: D0004 | E15: Position | F15: S0028 | G15: Congé sans traitement | H15: E0312 | I15: Congé sans traitement pour élever enfant | J15: Position saisie égale à 'Congé sans traitement pour élever enfant' | K15: A_POS_POSIAD [Saisi] = 'NAC43' | L15: T0909 | M15: Congé sans traitement pour élever un enfant - Modification/Fin | N15: Modification | O15: L'indicateur de renouvellement saisi est égal à l'indicateur de renouvellement avant saisie | P15: A_POS_INDREN [Saisi] = A_POS_INDREN [Valeur avant saisie] | Q15: Stagiaire ou auditeur ou élève | R15: P0004 | S15: S | T15: Général | U15: Passant | V15: 40725 | W15: 44633 | X15: CST_I_013 ET CST_I_014 ET CST_D_003 ET CST_D_200 ET CST_D_004 ET CST_D_005 ET CST_D_202 ET POS_C_004 ET POS_C_010 ET POS_C_012 ET POS_C_007 ET POS_C_111 ET POS_C_050 ET POS_C_051 ET POS_C_055 ET POS_C_056 ET POS_C_120 ET POS_C_121 | Y15: CST_I_013 | Z15: =VLOOKUP(Y15,'Axe 2 Règles de gestion'!$D$2:$F$146,3, FALSE) -> L'agent doit demander à reprendre ses fonctions au moins 2 mois avant l'expiration du congé en cours. | AA15: CST_I_014 | AB15: =VLOOKUP(AA15,'Axe 2 Règles de gestion'!$D$2:$F$146,3, FALSE) -> Si l'interruption du stage est d'au moins 1 an, la reprise des fonctions est subordonnée à une vérification de l'aptitude physique à l'exercice des fonctions par un médecin agréé et, éventuellement, par le comité médical compétent. | AG15: CST_D_003 | AH15: =VLOOKUP(AG15,'Axe 2 Règles de gestion'!$D$2:$F$146,3, FALSE) -> La durée prévisionnelle maximale de chaque période est de un an. | AI15: CST_D_200 | AJ15: =VLOOKUP(AI15,'Axe 2 Règles de gestion'!$D$2:$F$146,3, FALSE) -> La durée réelle maximale de chaque période est de un an. | AK15: CST_D_004 | AL15: =VLOOKUP(AK15,'Axe 2 Règles de gestion'!$D$2:$F$146,3, FALSE) -> L'agent ne peut pas bénéficier de plus de 3 ans cumulés de congé sans traitement quels que soient les motifs de congés sans traitement : pour raisons personnelles ou familiales. | AM15: CST_D_005 | AN15: =VLOOKUP(AM15,'Axe 2 Règles de gestion'!$D$2:$F$146,3, FALSE) -> L'agent doit avoir un enfant lié à cette position et l'enfant doit être âgé de moins de huit ans (date de fin prévisionnelle du congé sans traitement). | AO15: CST_D_202 | AP15: =VLOOKUP(AO15,'Axe 2 Règles de gestion'!$D$2:$F$146,3, FALSE) -> L'agent doit avoir un enfant lié à cette position et l'enfant doit être âgé de moins de huit ans (date de fin réelle du congé sans traitement). | AQ15: POS_C_004 | AR15: =VLOOKUP(AQ15,'Axe 2 Règles de gestion'!$D$2:$F$146,3, FALSE) -> La date de début de position doit être antérieure ou égale à la date de fin prévisionnelle de position. | AS15: POS_C_010 | AT15: =VLOOKUP(AS15,'Axe 2 Règles de gestion'!$D$2:$F$146,3, FALSE) -> La date de début de position doit être antérieure ou égale à la date de fin réelle de position. | AU15: POS_C_012 | AV15: =VLOOKUP(AU15,'Axe 2 Règles de gestion'!$D$2:$F$146,3, FALSE) -> La date de fin prévisionnelle de la position doit être antérieure à la date limite de départ à la retraite. | AW15: POS_C_007 | AX15: =VLOOKUP(AW15,'Axe 2 Règles de gestion'!$D$2:$F$146,3, FALSE) -> La date de fin réelle de la position doit être antérieure à la date limite de départ à la retraite. | AY15: POS_C_111 | AZ15: =VLOOKUP(AY15,'Axe 2 Règles de gestion'!$D$2:$F$146,3, FALSE) -> La date de fin ou la date de fin prévisionnelle doit être saisie. | BA15: POS_C_050 | BB15: =VLOOKUP(BA15,'Axe 2 Règles de gestion'!$D$2:$F$146,3, FALSE) -> Le lien vers l'enfant doit être renseigné. | BC15: POS_C_051 | BD15: =VLOOKUP(BC15,'Axe 2 Règles de gestion'!$D$2:$F$146,3, FALSE) -> La date de naissance de l'enfant doit être renseignée. | BE15: POS_C_055 | BF15: =VLOOKUP(BE15,'Axe 2 Règles de gestion'!$D$2:$F$146,3, FALSE) -> La date de fin réelle de la position doit être antérieure ou égale à la date de décès de l'enfant. | BG15: POS_C_056 | BH15: =VLOOKUP(BG15,'Axe 2 Règles de gestion'!$D$2:$F$146,3, FALSE) -> La date de fin prévisionnelle de la position doit être antérieure ou égale à la date de décès de l'enfant. | BI15: POS_C_120 | BJ15: =VLOOKUP(BI15,'Axe 2 Règles de gestion'!$D$2:$F$146,3, FALSE) -> La saisie d'une occurrence de congés/absences est interdite (date de fin réelle) | BK15: POS_C_121 | BL15: =VLOOKUP(BK15,'Axe 2 Règles de gestion'!$D$2:$F$146,3, FALSE) -> La saisie d'une occurrence de congés/absences est interdite (date de fin prévisionnelle)
A16: 25.00.00 | B16: M | C16: 45805.663 | D16: D0004 | E16: Position | F16: S0028 | G16: Congé sans traitement | H16: E0312 | I16: Congé sans traitement pour élever enfant | J16: Position saisie égale à 'Congé sans traitement pour élever enfant' | K16: A_POS_POSIAD [Saisi] = 'NAC43' | L16: T0909 | M16: Congé sans traitement pour élever un enfant - Modification/Fin | N16: Modification | O16: L'indicateur de renouvellement saisi est égal à l'indicateur de renouvellement avant saisie | P16: A_POS_INDREN [Saisi] = A_POS_INDREN [Valeur avant saisie] | Q16: Stagiaire ou auditeur ou élève | R16: P0004 | S16: S | T16: Général | U16: Passant | V16: 44634 | W16: 45781 | X16: CST_I_013 ET CST_I_049 ET CST_D_003 ET CST_D_200 ET CST_D_004 ET CST_D_005 ET CST_D_202 ET POS_C_004 ET POS_C_010 ET POS_C_012 ET POS_C_007 ET POS_C_111 ET POS_C_050 ET POS_C_051 ET POS_C_055 ET POS_C_056 ET POS_C_120 ET POS_C_121 | Y16: CST_I_013 | Z16: =VLOOKUP(Y16,'Axe 2 Règles de gestion'!$D$2:$F$146,3, FALSE) -> L'agent doit demander à reprendre ses fonctions au moins 2 mois avant l'expiration du congé en cours. | AA16: CST_I_049 | AB16: =VLOOKUP(AA16,'Axe 2 Règles de gestion'!$D$2:$F$146,3, FALSE) -> Si l'interruption du stage est d'au moins 1 an, la reprise des fonctions est subordonnée à une vérification des conditions de santé particulières exigées pour l'exercice de certaines fonctions par un médecin agréé et/ou par le conseil médical compétent. | AG16: CST_D_003 | AH16: =VLOOKUP(AG16,'Axe 2 Règles de gestion'!$D$2:$F$146,3, FALSE) -> La durée prévisionnelle maximale de chaque période est de un an. | AI16: CST_D_200 | AJ16: =VLOOKUP(AI16,'Axe 2 Règles de gestion'!$D$2:$F$146,3, FALSE) -> La durée réelle maximale de chaque période est de un an. | AK16: CST_D_004 | AL16: =VLOOKUP(AK16,'Axe 2 Règles de gestion'!$D$2:$F$146,3, FALSE) -> L'agent ne peut pas bénéficier de plus de 3 ans cumulés de congé sans traitement quels que soient les motifs de congés sans traitement : pour raisons personnelles ou familiales. | AM16: CST_D_005 | AN16: =VLOOKUP(AM16,'Axe 2 Règles de gestion'!$D$2:$F$146,3, FALSE) -> L'agent doit avoir un enfant lié à cette position et l'enfant doit être âgé de moins de huit ans (date de fin prévisionnelle du congé sans traitement). | AO16: CST_D_202 | AP16: =VLOOKUP(AO16,'Axe 2 Règles de gestion'!$D$2:$F$146,3, FALSE) -> L'agent doit avoir un enfant lié à cette position et l'enfant doit être âgé de moins de huit ans (date de fin réelle du congé sans traitement). | AQ16: POS_C_004 | AR16: =VLOOKUP(AQ16,'Axe 2 Règles de gestion'!$D$2:$F$146,3, FALSE) -> La date de début de position doit être antérieure ou égale à la date de fin prévisionnelle de position. | AS16: POS_C_010 | AT16: =VLOOKUP(AS16,'Axe 2 Règles de gestion'!$D$2:$F$146,3, FALSE) -> La date de début de position doit être antérieure ou égale à la date de fin réelle de position. | AU16: POS_C_012 | AV16: =VLOOKUP(AU16,'Axe 2 Règles de gestion'!$D$2:$F$146,3, FALSE) -> La date de fin prévisionnelle de la position doit être antérieure à la date limite de départ à la retraite. | AW16: POS_C_007 | AX16: =VLOOKUP(AW16,'Axe 2 Règles de gestion'!$D$2:$F$146,3, FALSE) -> La date de fin réelle de la position doit être antérieure à la date limite de départ à la retraite. | AY16: POS_C_111 | AZ16: =VLOOKUP(AY16,'Axe 2 Règles de gestion'!$D$2:$F$146,3, FALSE) -> La date de fin ou la date de fin prévisionnelle doit être saisie. | BA16: POS_C_050 | BB16: =VLOOKUP(BA16,'Axe 2 Règles de gestion'!$D$2:$F$146,3, FALSE) -> Le lien vers l'enfant doit être renseigné. | BC16: POS_C_051 | BD16: =VLOOKUP(BC16,'Axe 2 Règles de gestion'!$D$2:$F$146,3, FALSE) -> La date de naissance de l'enfant doit être renseignée. | BE16: POS_C_055 | BF16: =VLOOKUP(BE16,'Axe 2 Règles de gestion'!$D$2:$F$146,3, FALSE) -> La date de fin réelle de la position doit être antérieure ou égale à la date de décès de l'enfant. | BG16: POS_C_056 | BH16: =VLOOKUP(BG16,'Axe 2 Règles de gestion'!$D$2:$F$146,3, FALSE) -> La date de fin prévisionnelle de la position doit être antérieure ou égale à la date de décès de l'enfant. | BI16: POS_C_120 | BJ16: =VLOOKUP(BI16,'Axe 2 Règles de gestion'!$D$2:$F$146,3, FALSE) -> La saisie d'une occurrence de congés/absences est interdite (date de fin réelle) | BK16: POS_C_121 | BL16: =VLOOKUP(BK16,'Axe 2 Règles de gestion'!$D$2:$F$146,3, FALSE) -> La saisie d'une occurrence de congés/absences est interdite (date de fin prévisionnelle)
A17: 25.00.00 | B17: A | C17: 45805.663 | D17: D0004 | E17: Position | F17: S0028 | G17: Congé sans traitement | H17: E0312 | I17: Congé sans traitement pour élever enfant | J17: Position saisie égale à 'Congé sans traitement pour élever enfant' | K17: A_POS_POSIAD [Saisi] = 'NAC43' | L17: T0909 | M17: Congé sans traitement pour élever un enfant - Modification/Fin | N17: Modification | O17: L'indicateur de renouvellement saisi est égal à l'indicateur de renouvellement avant saisie | P17: A_POS_INDREN [Saisi] = A_POS_INDREN [Valeur avant saisie] | Q17: Stagiaire ou auditeur ou élève | R17: P0004 | S17: S | T17: Général | U17: Passant | V17: 45782 | X17: CST_I_013 ET CST_I_049 ET CST_D_003 ET CST_D_200 ET CST_D_004 ET CST_D_250 ET CST_D_253 ET POS_C_004 ET POS_C_010 ET POS_C_012 ET POS_C_007 ET POS_C_111 ET POS_C_050 ET POS_C_051 ET POS_C_055 ET POS_C_056 ET POS_C_120 ET POS_C_121 | Y17: CST_I_013 | Z17: =VLOOKUP(Y17,'Axe 2 Règles de gestion'!$D$2:$F$146,3, FALSE) -> L'agent doit demander à reprendre ses fonctions au moins 2 mois avant l'expiration du congé en cours. | AA17: CST_I_049 | AB17: =VLOOKUP(AA17,'Axe 2 Règles de gestion'!$D$2:$F$146,3, FALSE) -> Si l'interruption du stage est d'au moins 1 an, la reprise des fonctions est subordonnée à une vérification des conditions de santé particulières exigées pour l'exercice de certaines fonctions par un médecin agréé et/ou par le conseil médical compétent. | AG17: CST_D_003 | AH17: =VLOOKUP(AG17,'Axe 2 Règles de gestion'!$D$2:$F$146,3, FALSE) -> La durée prévisionnelle maximale de chaque période est de un an. | AI17: CST_D_200 | AJ17: =VLOOKUP(AI17,'Axe 2 Règles de gestion'!$D$2:$F$146,3, FALSE) -> La durée réelle maximale de chaque période est de un an. | AK17: CST_D_004 | AL17: =VLOOKUP(AK17,'Axe 2 Règles de gestion'!$D$2:$F$146,3, FALSE) -> L'agent ne peut pas bénéficier de plus de 3 ans cumulés de congé sans traitement quels que soient les motifs de congés sans traitement : pour raisons personnelles ou familiales. | AM17: CST_D_250 | AN17: =VLOOKUP(AM17,'Axe 2 Règles de gestion'!$D$2:$F$146,3, FALSE) -> L'agent doit avoir un enfant lié à cette position et l'enfant doit être âgé de moins de 12 ans (date de fin prévisionnelle du congé sans traitement). | AO17: CST_D_253 | AP17: =VLOOKUP(AO17,'Axe 2 Règles de gestion'!$D$2:$F$146,3, FALSE) -> L'agent doit avoir un enfant lié à cette position et l'enfant doit être âgé de moins de 12 ans (date de fin réelle du congé sans traitement). | AQ17: POS_C_004 | AR17: =VLOOKUP(AQ17,'Axe 2 Règles de gestion'!$D$2:$F$146,3, FALSE) -> La date de début de position doit être antérieure ou égale à la date de fin prévisionnelle de position. | AS17: POS_C_010 | AT17: =VLOOKUP(AS17,'Axe 2 Règles de gestion'!$D$2:$F$146,3, FALSE) -> La date de début de position doit être antérieure ou égale à la date de fin réelle de position. | AU17: POS_C_012 | AV17: =VLOOKUP(AU17,'Axe 2 Règles de gestion'!$D$2:$F$146,3, FALSE) -> La date de fin prévisionnelle de la position doit être antérieure à la date limite de départ à la retraite. | AW17: POS_C_007 | AX17: =VLOOKUP(AW17,'Axe 2 Règles de gestion'!$D$2:$F$146,3, FALSE) -> La date de fin réelle de la position doit être antérieure à la date limite de départ à la retraite. | AY17: POS_C_111 | AZ17: =VLOOKUP(AY17,'Axe 2 Règles de gestion'!$D$2:$F$146,3, FALSE) -> La date de fin ou la date de fin prévisionnelle doit être saisie. | BA17: POS_C_050 | BB17: =VLOOKUP(BA17,'Axe 2 Règles de gestion'!$D$2:$F$146,3, FALSE) -> Le lien vers l'enfant doit être renseigné. | BC17: POS_C_051 | BD17: =VLOOKUP(BC17,'Axe 2 Règles de gestion'!$D$2:$F$146,3, FALSE) -> La date de naissance de l'enfant doit être renseignée. | BE17: POS_C_055 | BF17: =VLOOKUP(BE17,'Axe 2 Règles de gestion'!$D$2:$F$146,3, FALSE) -> La date de fin réelle de la position doit être antérieure ou égale à la date de décès de l'enfant. | BG17: POS_C_056 | BH17: =VLOOKUP(BG17,'Axe 2 Règles de gestion'!$D$2:$F$146,3, FALSE) -> La date de fin prévisionnelle de la position doit être antérieure ou égale à la date de décès de l'enfant. | BI17: POS_C_120 | BJ17: =VLOOKUP(BI17,'Axe 2 Règles de gestion'!$D$2:$F$146,3, FALSE) -> La saisie d'une occurrence de congés/absences est interdite (date de fin réelle) | BK17: POS_C_121 | BL17: =VLOOKUP(BK17,'Axe 2 Règles de gestion'!$D$2:$F$146,3, FALSE) -> La saisie d'une occurrence de congés/absences est interdite (date de fin prévisionnelle)
A18: 17.10.00 | B18: A | C18: 43152.5 | D18: D0004 | E18: Position | F18: S0028 | G18: Congé sans traitement | H18: E0312 | I18: Congé sans traitement pour élever enfant | J18: Position saisie égale à 'Congé sans traitement pour élever enfant' | K18: A_POS_POSIAD [Saisi] = 'NAC43' | L18: T0907 | M18: Congé sans traitement pour élever un enfant - Demande | N18: Création Modification | O18: Indicateur de renouvellement saisi = Non ET l'indicateur de renouvellement saisi est différent de l'indicateur de renouvellement avant saisie | P18: A_POS_INDREN [Saisi] = '0' ET A_POS_INDREN [Saisi] <> A_POS_INDREN [Valeur avant saisie] | Q18: Ouvrier d'état | R18: P0005 | S18: O | T18: Général | U18: Exclu | V18: 40725
A19: 17.10.00 | B19: A | C19: 43152.5 | D19: D0004 | E19: Position | F19: S0028 | G19: Congé sans traitement | H19: E0312 | I19: Congé sans traitement pour élever enfant | J19: Position saisie égale à 'Congé sans traitement pour élever enfant' | K19: A_POS_POSIAD [Saisi] = 'NAC43' | L19: T0908 | M19: Congé sans traitement pour élever un enfant - Renouvellement | N19: Création Modification | O19: Indicateur de renouvellement saisi = Oui ET l'indicateur de renouvellement saisi est différent de l'indicateur de renouvellement avant saisie | P19: A_POS_INDREN [Saisi] = '1' ET A_POS_INDREN [Saisi] <> A_POS_INDREN [Valeur avant saisie] | Q19: Ouvrier d'état | R19: P0005 | S19: O | T19: Général | U19: Exclu | V19: 40725
A20: 17.10.00 | B20: A | C20: 43152.5 | D20: D0004 | E20: Position | F20: S0028 | G20: Congé sans traitement | H20: E0312 | I20: Congé sans traitement pour élever enfant | J20: Position saisie égale à 'Congé sans traitement pour élever enfant' | K20: A_POS_POSIAD [Saisi] = 'NAC43' | L20: T0909 | M20: Congé sans traitement pour élever un enfant - Modification/Fin | N20: Modification | O20: L'indicateur de renouvellement saisi est égal à l'indicateur de renouvellement avant saisie | P20: A_POS_INDREN [Saisi] = A_POS_INDREN [Valeur avant saisie] | Q20: Ouvrier d'état | R20: P0005 | S20: O | T20: Général | U20: Exclu | V20: 40725
A21: 25.00.00 | B21: M | C21: 45805.675 | D21: D0004 | E21: Position | F21: S0028 | G21: Congé sans traitement | H21: E0312 | I21: Congé sans traitement pour élever enfant | J21: Position saisie égale à 'Congé sans traitement pour élever enfant' | K21: A_POS_POSIAD [Saisi] = 'NAC43' | L21: T0907 | M21: Congé sans traitement pour élever un enfant - Demande | N21: Création Modification | O21: Indicateur de renouvellement saisi = Non ET l'indicateur de renouvellement saisi est différent de l'indicateur de renouvellement avant saisie | P21: A_POS_INDREN [Saisi] = '0' ET A_POS_INDREN [Saisi] <> A_POS_INDREN [Valeur avant saisie] | Q21: Auditeur de justice | R21: P0009 | S21: S | T21: Particulier | U21: Passant | V21: 40725 | W21: 45781 | X21: CST_I_022 ET CST_I_023 ET CST_D_157 ET CST_D_210 ET CST_D_185 ET CST_D_158 ET CST_D_212 ET POS_C_100 ET POS_C_005 ET POS_C_022 ET POS_C_004 ET POS_C_010 ET POS_C_012 ET POS_C_007 ET POS_C_111 ET POS_C_050 ET POS_C_051 ET POS_C_055 ET POS_C_056 ET POS_C_120 ET POS_C_121 | Y21: CST_I_022 | Z21: =VLOOKUP(Y21,'Axe 2 Règles de gestion'!$D$2:$F$146,3, FALSE) -> L'agent doit présenter une demande de congé sans traitement. | AA21: CST_I_023 | AB21: =VLOOKUP(AA21,'Axe 2 Règles de gestion'!$D$2:$F$146,3, FALSE) -> La demande est accordée de droit par le supérieur hiérarchique. | AG21: CST_D_157 | AH21: =VLOOKUP(AG21,'Axe 2 Règles de gestion'!$D$2:$F$146,3, FALSE) -> La durée prévisionnelle maximale de chaque période est de un an. | AI21: CST_D_210 | AJ21: =VLOOKUP(AI21,'Axe 2 Règles de gestion'!$D$2:$F$146,3, FALSE) -> La durée réelle maximale de chaque période est de un an. | AK21: CST_D_185 | AL21: =VLOOKUP(AK21,'Axe 2 Règles de gestion'!$D$2:$F$146,3, FALSE) -> L'agent ne peut pas bénéficier de plus de 3 ans cumulés de congé sans traitement quels que soient les motifs de congés sans traitement : pour raisons personnelles ou familiales. | AM21: CST_D_158 | AN21: =VLOOKUP(AM21,'Axe 2 Règles de gestion'!$D$2:$F$146,3, FALSE) -> L'agent doit avoir un enfant lié à cette position et l'enfant doit être âgé de moins de huit ans (date de fin prévisionnelle du congé sans traitement). | AO21: CST_D_212 | AP21: =VLOOKUP(AO21,'Axe 2 Règles de gestion'!$D$2:$F$146,3, FALSE) -> L'agent doit avoir un enfant lié à cette position et l'enfant doit être âgé de moins de huit ans (date de fin réelle du congé sans traitement). | AQ21: POS_C_100 | AR21: =VLOOKUP(AQ21,'Axe 2 Règles de gestion'!$D$2:$F$146,3, FALSE) -> Lors de la demande initiale, l'agent doit être en activité. | AS21: POS_C_005 | AT21: =VLOOKUP(AS21,'Axe 2 Règles de gestion'!$D$2:$F$146,3, FALSE) -> La date de début de la position doit être postérieure ou égale à la date d'entrée dans la FPE ou dans la carrière militaire. | AU21: POS_C_022 | AV21: =VLOOKUP(AU21,'Axe 2 Règles de gestion'!$D$2:$F$146,3, FALSE) -> La date de début de position est à J+1 de la date de fin de position de l'occurrence précédente. | AW21: POS_C_004 | AX21: =VLOOKUP(AW21,'Axe 2 Règles de gestion'!$D$2:$F$146,3, FALSE) -> La date de début de position doit être antérieure ou égale à la date de fin prévisionnelle de position. | AY21: POS_C_010 | AZ21: =VLOOKUP(AY21,'Axe 2 Règles de gestion'!$D$2:$F$146,3, FALSE) -> La date de début de position doit être antérieure ou égale à la date de fin réelle de position. | BA21: POS_C_012 | BB21: =VLOOKUP(BA21,'Axe 2 Règles de gestion'!$D$2:$F$146,3, FALSE) -> La date de fin prévisionnelle de la position doit être antérieure à la date limite de départ à la retraite. | BC21: POS_C_007 | BD21: =VLOOKUP(BC21,'Axe 2 Règles de gestion'!$D$2:$F$146,3, FALSE) -> La date de fin réelle de la position doit être antérieure à la date limite de départ à la retraite. | BE21: POS_C_111 | BF21: =VLOOKUP(BE21,'Axe 2 Règles de gestion'!$D$2:$F$146,3, FALSE) -> La date de fin ou la date de fin prévisionnelle doit être saisie. | BG21: POS_C_050 | BH21: =VLOOKUP(BG21,'Axe 2 Règles de gestion'!$D$2:$F$146,3, FALSE) -> Le lien vers l'enfant doit être renseigné. | BI21: POS_C_051 | BJ21: =VLOOKUP(BI21,'Axe 2 Règles de gestion'!$D$2:$F$146,3, FALSE) -> La date de naissance de l'enfant doit être renseignée. | BK21: POS_C_055 | BL21: =VLOOKUP(BK21,'Axe 2 Règles de gestion'!$D$2:$F$146,3, FALSE) -> La date de fin réelle de la position doit être antérieure ou égale à la date de décès de l'enfant. | BM21: POS_C_056 | BN21: =VLOOKUP(BM21,'Axe 2 Règles de gestion'!$D$2:$F$146,3, FALSE) -> La date de fin prévisionnelle de la position doit être antérieure ou égale à la date de décès de l'enfant. | BO21: POS_C_120 | BP21: =VLOOKUP(BO21,'Axe 2 Règles de gestion'!$D$2:$F$146,3, FALSE) -> La saisie d'une occurrence de congés/absences est interdite (date de fin réelle) | BQ21: POS_C_121 | BR21: =VLOOKUP(BQ21,'Axe 2 Règles de gestion'!$D$2:$F$146,3, FALSE) -> La saisie d'une occurrence de congés/absences est interdite (date de fin prévisionnelle)
A22: 25.00.00 | B22: A | C22: 45805.675 | D22: D0004 | E22: Position | F22: S0028 | G22: Congé sans traitement | H22: E0312 | I22: Congé sans traitement pour élever enfant | J22: Position saisie égale à 'Congé sans traitement pour élever enfant' | K22: A_POS_POSIAD [Saisi] = 'NAC43' | L22: T0907 | M22: Congé sans traitement pour élever un enfant - Demande | N22: Création Modification | O22: Indicateur de renouvellement saisi = Non ET l'indicateur de renouvellement saisi est différent de l'indicateur de renouvellement avant saisie | P22: A_POS_INDREN [Saisi] = '0' ET A_POS_INDREN [Saisi] <> A_POS_INDREN [Valeur avant saisie] | Q22: Auditeur de justice | R22: P0009 | S22: S | T22: Particulier | U22: Passant | V22: 45782 | X22: CST_I_059 ET CST_I_001 ET CST_I_002 ET CST_D_003 ET CST_D_200 ET CST_D_004 ET CST_D_250 ET CST_D_253 ET POS_C_100 ET POS_C_005 ET POS_C_022 ET POS_C_004 ET POS_C_010 ET POS_C_012 ET POS_C_007 ET POS_C_111 ET POS_C_050 ET POS_C_051 ET POS_C_055 ET POS_C_056 ET POS_C_120 ET POS_C_121 | Y22: CST_I_059 | Z22: =VLOOKUP(Y22,'Axe 2 Règles de gestion'!$D$2:$F$146,3, FALSE) -> L'agent bénéficie des dispositions applicables aux agents stagiaires. | AA22: CST_I_001 | AB22: =VLOOKUP(AA22,'Axe 2 Règles de gestion'!$D$2:$F$146,3, FALSE) -> L'agent doit présenter une demande de congé sans traitement. | AC22: CST_I_002 | AD22: =VLOOKUP(AC22,'Axe 2 Règles de gestion'!$D$2:$F$146,3, FALSE) -> La demande est accordée de droit par le supérieur hiérarchique. | AG22: CST_D_003 | AH22: =VLOOKUP(AG22,'Axe 2 Règles de gestion'!$D$2:$F$146,3, FALSE) -> La durée prévisionnelle maximale de chaque période est de un an. | AI22: CST_D_200 | AJ22: =VLOOKUP(AI22,'Axe 2 Règles de gestion'!$D$2:$F$146,3, FALSE) -> La durée réelle maximale de chaque période est de un an. | AK22: CST_D_004 | AL22: =VLOOKUP(AK22,'Axe 2 Règles de gestion'!$D$2:$F$146,3, FALSE) -> L'agent ne peut pas bénéficier de plus de 3 ans cumulés de congé sans traitement quels que soient les motifs de congés sans traitement : pour raisons personnelles ou familiales. | AM22: CST_D_250 | AN22: =VLOOKUP(AM22,'Axe 2 Règles de gestion'!$D$2:$F$146,3, FALSE) -> L'agent doit avoir un enfant lié à cette position et l'enfant doit être âgé de moins de 12 ans (date de fin prévisionnelle du congé sans traitement). | AO22: CST_D_253 | AP22: =VLOOKUP(AO22,'Axe 2 Règles de gestion'!$D$2:$F$146,3, FALSE) -> L'agent doit avoir un enfant lié à cette position et l'enfant doit être âgé de moins de 12 ans (date de fin réelle du congé sans traitement). | AQ22: POS_C_100 | AR22: =VLOOKUP(AQ22,'Axe 2 Règles de gestion'!$D$2:$F$146,3, FALSE) -> Lors de la demande initiale, l'agent doit être en activité. | AS22: POS_C_005 | AT22: =VLOOKUP(AS22,'Axe 2 Règles de gestion'!$D$2:$F$146,3, FALSE) -> La date de début de la position doit être postérieure ou égale à la date d'entrée dans la FPE ou dans la carrière militaire. | AU22: POS_C_022 | AV22: =VLOOKUP(AU22,'Axe 2 Règles de gestion'!$D$2:$F$146,3, FALSE) -> La date de début de position est à J+1 de la date de fin de position de l'occurrence précédente. | AW22: POS_C_004 | AX22: =VLOOKUP(AW22,'Axe 2 Règles de gestion'!$D$2:$F$146,3, FALSE) -> La date de début de position doit être antérieure ou égale à la date de fin prévisionnelle de position. | AY22: POS_C_010 | AZ22: =VLOOKUP(AY22,'Axe 2 Règles de gestion'!$D$2:$F$146,3, FALSE) -> La date de début de position doit être antérieure ou égale à la date de fin réelle de position. | BA22: POS_C_012 | BB22: =VLOOKUP(BA22,'Axe 2 Règles de gestion'!$D$2:$F$146,3, FALSE) -> La date de fin prévisionnelle de la position doit être antérieure à la date limite de départ à la retraite. | BC22: POS_C_007 | BD22: =VLOOKUP(BC22,'Axe 2 Règles de gestion'!$D$2:$F$146,3, FALSE) -> La date de fin réelle de la position doit être antérieure à la date limite de départ à la retraite. | BE22: POS_C_111 | BF22: =VLOOKUP(BE22,'Axe 2 Règles de gestion'!$D$2:$F$146,3, FALSE) -> La date de fin ou la date de fin prévisionnelle doit être saisie. | BG22: POS_C_050 | BH22: =VLOOKUP(BG22,'Axe 2 Règles de gestion'!$D$2:$F$146,3, FALSE) -> Le lien vers l'enfant doit être renseigné. | BI22: POS_C_051 | BJ22: =VLOOKUP(BI22,'Axe 2 Règles de gestion'!$D$2:$F$146,3, FALSE) -> La date de naissance de l'enfant doit être renseignée. | BK22: POS_C_055 | BL22: =VLOOKUP(BK22,'Axe 2 Règles de gestion'!$D$2:$F$146,3, FALSE) -> La date de fin réelle de la position doit être antérieure ou égale à la date de décès de l'enfant. | BM22: POS_C_056 | BN22: =VLOOKUP(BM22,'Axe 2 Règles de gestion'!$D$2:$F$146,3, FALSE) -> La date de fin prévisionnelle de la position doit être antérieure ou égale à la date de décès de l'enfant. | BO22: POS_C_120 | BP22: =VLOOKUP(BO22,'Axe 2 Règles de gestion'!$D$2:$F$146,3, FALSE) -> La saisie d'une occurrence de congés/absences est interdite (date de fin réelle) | BQ22: POS_C_121 | BR22: =VLOOKUP(BQ22,'Axe 2 Règles de gestion'!$D$2:$F$146,3, FALSE) -> La saisie d'une occurrence de congés/absences est interdite (date de fin prévisionnelle)
A23: 25.00.00 | B23: M | C23: 45805.677 | D23: D0004 | E23: Position | F23: S0028 | G23: Congé sans traitement | H23: E0312 | I23: Congé sans traitement pour élever enfant | J23: Position saisie égale à 'Congé sans traitement pour élever enfant' | K23: A_POS_POSIAD [Saisi] = 'NAC43' | L23: T0908 | M23: Congé sans traitement pour élever un enfant - Renouvellement | N23: Création Modification | O23: Indicateur de renouvellement saisi = Oui ET l'indicateur de renouvellement saisi est différent de l'indicateur de renouvellement avant saisie | P23: A_POS_INDREN [Saisi] = '1' ET A_POS_INDREN [Saisi] <> A_POS_INDREN [Valeur avant saisie] | Q23: Auditeur de justice | R23: P0009 | S23: S | T23: Particulier | U23: Passant | V23: 40725 | W23: 45781 | X23: CST_I_024 ET CST_D_157 ET CST_D_210 ET CST_D_185 ET CST_D_158 ET CST_D_212 ET POS_C_005 ET POS_C_022 ET POS_C_004 ET POS_C_010 ET POS_C_012 ET POS_C_007 ET POS_C_111 ET POS_C_050 ET POS_C_051 ET POS_C_055 ET POS_C_056 ET POS_C_120 ET POS_C_121 | Y23: CST_I_024 | Z23: =VLOOKUP(Y23,'Axe 2 Règles de gestion'!$D$2:$F$146,3, FALSE) -> L'agent peut renouveler le congé sans traitement 2 fois. | AG23: CST_D_157 | AH23: =VLOOKUP(AG23,'Axe 2 Règles de gestion'!$D$2:$F$146,3, FALSE) -> La durée prévisionnelle maximale de chaque période est de un an. | AI23: CST_D_210 | AJ23: =VLOOKUP(AI23,'Axe 2 Règles de gestion'!$D$2:$F$146,3, FALSE) -> La durée réelle maximale de chaque période est de un an. | AK23: CST_D_185 | AL23: =VLOOKUP(AK23,'Axe 2 Règles de gestion'!$D$2:$F$146,3, FALSE) -> L'agent ne peut pas bénéficier de plus de 3 ans cumulés de congé sans traitement quels que soient les motifs de congés sans traitement : pour raisons personnelles ou familiales. | AM23: CST_D_158 | AN23: =VLOOKUP(AM23,'Axe 2 Règles de gestion'!$D$2:$F$146,3, FALSE) -> L'agent doit avoir un enfant lié à cette position et l'enfant doit être âgé de moins de huit ans (date de fin prévisionnelle du congé sans traitement). | AO23: CST_D_212 | AP23: =VLOOKUP(AO23,'Axe 2 Règles de gestion'!$D$2:$F$146,3, FALSE) -> L'agent doit avoir un enfant lié à cette position et l'enfant doit être âgé de moins de huit ans (date de fin réelle du congé sans traitement). | AQ23: POS_C_005 | AR23: =VLOOKUP(AQ23,'Axe 2 Règles de gestion'!$D$2:$F$146,3, FALSE) -> La date de début de la position doit être postérieure ou égale à la date d'entrée dans la FPE ou dans la carrière militaire. | AS23: POS_C_022 | AT23: =VLOOKUP(AS23,'Axe 2 Règles de gestion'!$D$2:$F$146,3, FALSE) -> La date de début de position est à J+1 de la date de fin de position de l'occurrence précédente. | AU23: POS_C_004 | AV23: =VLOOKUP(AU23,'Axe 2 Règles de gestion'!$D$2:$F$146,3, FALSE) -> La date de début de position doit être antérieure ou égale à la date de fin prévisionnelle de position. | AW23: POS_C_010 | AX23: =VLOOKUP(AW23,'Axe 2 Règles de gestion'!$D$2:$F$146,3, FALSE) -> La date de début de position doit être antérieure ou égale à la date de fin réelle de position. | AY23: POS_C_012 | AZ23: =VLOOKUP(AY23,'Axe 2 Règles de gestion'!$D$2:$F$146,3, FALSE) -> La date de fin prévisionnelle de la position doit être antérieure à la date limite de départ à la retraite. | BA23: POS_C_007 | BB23: =VLOOKUP(BA23,'Axe 2 Règles de gestion'!$D$2:$F$146,3, FALSE) -> La date de fin réelle de la position doit être antérieure à la date limite de départ à la retraite. | BC23: POS_C_111 | BD23: =VLOOKUP(BC23,'Axe 2 Règles de gestion'!$D$2:$F$146,3, FALSE) -> La date de fin ou la date de fin prévisionnelle doit être saisie. | BE23: POS_C_050 | BF23: =VLOOKUP(BE23,'Axe 2 Règles de gestion'!$D$2:$F$146,3, FALSE) -> Le lien vers l'enfant doit être renseigné. | BG23: POS_C_051 | BH23: =VLOOKUP(BG23,'Axe 2 Règles de gestion'!$D$2:$F$146,3, FALSE) -> La date de naissance de l'enfant doit être renseignée. | BI23: POS_C_055 | BJ23: =VLOOKUP(BI23,'Axe 2 Règles de gestion'!$D$2:$F$146,3, FALSE) -> La date de fin réelle de la position doit être antérieure ou égale à la date de décès de l'enfant. | BK23: POS_C_056 | BL23: =VLOOKUP(BK23,'Axe 2 Règles de gestion'!$D$2:$F$146,3, FALSE) -> La date de fin prévisionnelle de la position doit être antérieure ou égale à la date de décès de l'enfant. | BM23: POS_C_120 | BN23: =VLOOKUP(BM23,'Axe 2 Règles de gestion'!$D$2:$F$146,3, FALSE) -> La saisie d'une occurrence de congés/absences est interdite (date de fin réelle) | BO23: POS_C_121 | BP23: =VLOOKUP(BO23,'Axe 2 Règles de gestion'!$D$2:$F$146,3, FALSE) -> La saisie d'une occurrence de congés/absences est interdite (date de fin prévisionnelle)
A24: 25.00.00 | B24: A | C24: 45805.677 | D24: D0004 | E24: Position | F24: S0028 | G24: Congé sans traitement | H24: E0312 | I24: Congé sans traitement pour élever enfant | J24: Position saisie égale à 'Congé sans traitement pour élever enfant' | K24: A_POS_POSIAD [Saisi] = 'NAC43' | L24: T0908 | M24: Congé sans traitement pour élever un enfant - Renouvellement | N24: Création Modification | O24: Indicateur de renouvellement saisi = Oui ET l'indicateur de renouvellement saisi est différent de l'indicateur de renouvellement avant saisie | P24: A_POS_INDREN [Saisi] = '1' ET A_POS_INDREN [Saisi] <> A_POS_INDREN [Valeur avant saisie] | Q24: Auditeur de justice | R24: P0009 | S24: S | T24: Particulier | U24: Passant | V24: 45782 | X24: CST_I_059 ET CST_I_003 ET CST_D_003 ET CST_D_200 ET CST_D_004 ET CST_D_250 ET CST_D_253 ET POS_C_005 ET POS_C_022 ET POS_C_004 ET POS_C_010 ET POS_C_012 ET POS_C_007 ET POS_C_111 ET POS_C_050 ET POS_C_051 ET POS_C_055 ET POS_C_056 ET POS_C_120 ET POS_C_121 | Y24: CST_I_059 | Z24: =VLOOKUP(Y24,'Axe 2 Règles de gestion'!$D$2:$F$146,3, FALSE) -> L'agent bénéficie des dispositions applicables aux agents stagiaires. | AA24: CST_I_003 | AB24: =VLOOKUP(AA24,'Axe 2 Règles de gestion'!$D$2:$F$146,3, FALSE) -> L'agent peut renouveler le congé sans traitement 2 fois. | AG24: CST_D_003 | AH24: =VLOOKUP(AG24,'Axe 2 Règles de gestion'!$D$2:$F$146,3, FALSE) -> La durée prévisionnelle maximale de chaque période est de un an. | AI24: CST_D_200 | AJ24: =VLOOKUP(AI24,'Axe 2 Règles de gestion'!$D$2:$F$146,3, FALSE) -> La durée réelle maximale de chaque période est de un an. | AK24: CST_D_004 | AL24: =VLOOKUP(AK24,'Axe 2 Règles de gestion'!$D$2:$F$146,3, FALSE) -> L'agent ne peut pas bénéficier de plus de 3 ans cumulés de congé sans traitement quels que soient les motifs de congés sans traitement : pour raisons personnelles ou familiales. | AM24: CST_D_250 | AN24: =VLOOKUP(AM24,'Axe 2 Règles de gestion'!$D$2:$F$146,3, FALSE) -> L'agent doit avoir un enfant lié à cette position et l'enfant doit être âgé de moins de 12 ans (date de fin prévisionnelle du congé sans traitement). | AO24: CST_D_253 | AP24: =VLOOKUP(AO24,'Axe 2 Règles de gestion'!$D$2:$F$146,3, FALSE) -> L'agent doit avoir un enfant lié à cette position et l'enfant doit être âgé de moins de 12 ans (date de fin réelle du congé sans traitement). | AQ24: POS_C_005 | AR24: =VLOOKUP(AQ24,'Axe 2 Règles de gestion'!$D$2:$F$146,3, FALSE) -> La date de début de la position doit être postérieure ou égale à la date d'entrée dans la FPE ou dans la carrière militaire. | AS24: POS_C_022 | AT24: =VLOOKUP(AS24,'Axe 2 Règles de gestion'!$D$2:$F$146,3, FALSE) -> La date de début de position est à J+1 de la date de fin de position de l'occurrence précédente. | AU24: POS_C_004 | AV24: =VLOOKUP(AU24,'Axe 2 Règles de gestion'!$D$2:$F$146,3, FALSE) -> La date de début de position doit être antérieure ou égale à la date de fin prévisionnelle de position. | AW24: POS_C_010 | AX24: =VLOOKUP(AW24,'Axe 2 Règles de gestion'!$D$2:$F$146,3, FALSE) -> La date de début de position doit être antérieure ou égale à la date de fin réelle de position. | AY24: POS_C_012 | AZ24: =VLOOKUP(AY24,'Axe 2 Règles de gestion'!$D$2:$F$146,3, FALSE) -> La date de fin prévisionnelle de la position doit être antérieure à la date limite de départ à la retraite. | BA24: POS_C_007 | BB24: =VLOOKUP(BA24,'Axe 2 Règles de gestion'!$D$2:$F$146,3, FALSE) -> La date de fin réelle de la position doit être antérieure à la date limite de départ à la retraite. | BC24: POS_C_111 | BD24: =VLOOKUP(BC24,'Axe 2 Règles de gestion'!$D$2:$F$146,3, FALSE) -> La date de fin ou la date de fin prévisionnelle doit être saisie. | BE24: POS_C_050 | BF24: =VLOOKUP(BE24,'Axe 2 Règles de gestion'!$D$2:$F$146,3, FALSE) -> Le lien vers l'enfant doit être renseigné. | BG24: POS_C_051 | BH24: =VLOOKUP(BG24,'Axe 2 Règles de gestion'!$D$2:$F$146,3, FALSE) -> La date de naissance de l'enfant doit être renseignée. | BI24: POS_C_055 | BJ24: =VLOOKUP(BI24,'Axe 2 Règles de gestion'!$D$2:$F$146,3, FALSE) -> La date de fin réelle de la position doit être antérieure ou égale à la date de décès de l'enfant. | BK24: POS_C_056 | BL24: =VLOOKUP(BK24,'Axe 2 Règles de gestion'!$D$2:$F$146,3, FALSE) -> La date de fin prévisionnelle de la position doit être antérieure ou égale à la date de décès de l'enfant. | BM24: POS_C_120 | BN24: =VLOOKUP(BM24,'Axe 2 Règles de gestion'!$D$2:$F$146,3, FALSE) -> La saisie d'une occurrence de congés/absences est interdite (date de fin réelle) | BO24: POS_C_121 | BP24: =VLOOKUP(BO24,'Axe 2 Règles de gestion'!$D$2:$F$146,3, FALSE) -> La saisie d'une occurrence de congés/absences est interdite (date de fin prévisionnelle)
A25: 22.00.00 | B25: M | C25: 44714.712 | D25: D0004 | E25: Position | F25: S0028 | G25: Congé sans traitement | H25: E0312 | I25: Congé sans traitement pour élever enfant | J25: Position saisie égale à 'Congé sans traitement pour élever enfant' | K25: A_POS_POSIAD [Saisi] = 'NAC43' | L25: T0909 | M25: Congé sans traitement pour élever un enfant - Modification/Fin | N25: Modification | O25: L'indicateur de renouvellement saisi est égal à l'indicateur de renouvellement avant saisie | P25: A_POS_INDREN [Saisi] = A_POS_INDREN [Valeur avant saisie] | Q25: Auditeur de justice | R25: P0009 | S25: S | T25: Particulier | U25: Passant | V25: 40725 | W25: 44633 | X25: CST_I_027 ET CST_I_028 ET CST_D_157 ET CST_D_210 ET CST_D_185 ET CST_D_158 ET CST_D_212 ET POS_C_004 ET POS_C_010 ET POS_C_012 ET POS_C_007 ET POS_C_111 ET POS_C_050 ET POS_C_051 ET POS_C_055 ET POS_C_056 ET POS_C_120 ET POS_C_121 | Y25: CST_I_027 | Z25: =VLOOKUP(Y25,'Axe 2 Règles de gestion'!$D$2:$F$146,3, FALSE) -> L'agent doit demander à reprendre ses fonctions 2 mois au moins avant l'expiration du congé en cours. | AA25: CST_I_028 | AB25: =VLOOKUP(AA25,'Axe 2 Règles de gestion'!$D$2:$F$146,3, FALSE) -> Si l'interruption du stage est d'au moins 1 an, la reprise des fonctions est subordonnée à une vérification de l'aptitude physique à l'exercice des fonctions par un médecin agréé et, éventuellement, par le comité médical compétent. | AG25: CST_D_157 | AH25: =VLOOKUP(AG25,'Axe 2 Règles de gestion'!$D$2:$F$146,3, FALSE) -> La durée prévisionnelle maximale de chaque période est de un an. | AI25: CST_D_210 | AJ25: =VLOOKUP(AI25,'Axe 2 Règles de gestion'!$D$2:$F$146,3, FALSE) -> La durée réelle maximale de chaque période est de un an. | AK25: CST_D_185 | AL25: =VLOOKUP(AK25,'Axe 2 Règles de gestion'!$D$2:$F$146,3, FALSE) -> L'agent ne peut pas bénéficier de plus de 3 ans cumulés de congé sans traitement quels que soient les motifs de congés sans traitement : pour raisons personnelles ou familiales. | AM25: CST_D_158 | AN25: =VLOOKUP(AM25,'Axe 2 Règles de gestion'!$D$2:$F$146,3, FALSE) -> L'agent doit avoir un enfant lié à cette position et l'enfant doit être âgé de moins de huit ans (date de fin prévisionnelle du congé sans traitement). | AO25: CST_D_212 | AP25: =VLOOKUP(AO25,'Axe 2 Règles de gestion'!$D$2:$F$146,3, FALSE) -> L'agent doit avoir un enfant lié à cette position et l'enfant doit être âgé de moins de huit ans (date de fin réelle du congé sans traitement). | AQ25: POS_C_004 | AR25: =VLOOKUP(AQ25,'Axe 2 Règles de gestion'!$D$2:$F$146,3, FALSE) -> La date de début de position doit être antérieure ou égale à la date de fin prévisionnelle de position. | AS25: POS_C_010 | AT25: =VLOOKUP(AS25,'Axe 2 Règles de gestion'!$D$2:$F$146,3, FALSE) -> La date de début de position doit être antérieure ou égale à la date de fin réelle de position. | AU25: POS_C_012 | AV25: =VLOOKUP(AU25,'Axe 2 Règles de gestion'!$D$2:$F$146,3, FALSE) -> La date de fin prévisionnelle de la position doit être antérieure à la date limite de départ à la retraite. | AW25: POS_C_007 | AX25: =VLOOKUP(AW25,'Axe 2 Règles de gestion'!$D$2:$F$146,3, FALSE) -> La date de fin réelle de la position doit être antérieure à la date limite de départ à la retraite. | AY25: POS_C_111 | AZ25: =VLOOKUP(AY25,'Axe 2 Règles de gestion'!$D$2:$F$146,3, FALSE) -> La date de fin ou la date de fin prévisionnelle doit être saisie. | BA25: POS_C_050 | BB25: =VLOOKUP(BA25,'Axe 2 Règles de gestion'!$D$2:$F$146,3, FALSE) -> Le lien vers l'enfant doit être renseigné. | BC25: POS_C_051 | BD25: =VLOOKUP(BC25,'Axe 2 Règles de gestion'!$D$2:$F$146,3, FALSE) -> La date de naissance de l'enfant doit être renseignée. | BE25: POS_C_055 | BF25: =VLOOKUP(BE25,'Axe 2 Règles de gestion'!$D$2:$F$146,3, FALSE) -> La date de fin réelle de la position doit être antérieure ou égale à la date de décès de l'enfant. | BG25: POS_C_056 | BH25: =VLOOKUP(BG25,'Axe 2 Règles de gestion'!$D$2:$F$146,3, FALSE) -> La date de fin prévisionnelle de la position doit être antérieure ou égale à la date de décès de l'enfant. | BI25: POS_C_120 | BJ25: =VLOOKUP(BI25,'Axe 2 Règles de gestion'!$D$2:$F$146,3, FALSE) -> La saisie d'une occurrence de congés/absences est interdite (date de fin réelle) | BK25: POS_C_121 | BL25: =VLOOKUP(BK25,'Axe 2 Règles de gestion'!$D$2:$F$146,3, FALSE) -> La saisie d'une occurrence de congés/absences est interdite (date de fin prévisionnelle)
A26: 25.00.00 | B26: M | C26: 45805.681 | D26: D0004 | E26: Position | F26: S0028 | G26: Congé sans traitement | H26: E0312 | I26: Congé sans traitement pour élever enfant | J26: Position saisie égale à 'Congé sans traitement pour élever enfant' | K26: A_POS_POSIAD [Saisi] = 'NAC43' | L26: T0909 | M26: Congé sans traitement pour élever un enfant - Modification/Fin | N26: Modification | O26: L'indicateur de renouvellement saisi est égal à l'indicateur de renouvellement avant saisie | P26: A_POS_INDREN [Saisi] = A_POS_INDREN [Valeur avant saisie] | Q26: Auditeur de justice | R26: P0009 | S26: S | T26: Particulier | U26: Passant | V26: 44634 | W26: 45781 | X26: CST_I_027 ET CST_I_051 ET CST_D_157 ET CST_D_210 ET CST_D_185 ET CST_D_158 ET CST_D_212 ET POS_C_004 ET POS_C_010 ET POS_C_012 ET POS_C_007 ET POS_C_111 ET POS_C_050 ET POS_C_051 ET POS_C_055 ET POS_C_056 ET POS_C_120 ET POS_C_121 | Y26: CST_I_027 | Z26: =VLOOKUP(Y26,'Axe 2 Règles de gestion'!$D$2:$F$146,3, FALSE) -> L'agent doit demander à reprendre ses fonctions 2 mois au moins avant l'expiration du congé en cours. | AA26: CST_I_051 | AB26: =VLOOKUP(AA26,'Axe 2 Règles de gestion'!$D$2:$F$146,3, FALSE) -> Si l'interruption du stage est d'au moins 1 an, la reprise des fonctions est subordonnée à une vérification des conditions de santé particulières exigées pour l'exercice de certaines fonctions par un médecin agréé et/ou par le conseil médical compétent. | AG26: CST_D_157 | AH26: =VLOOKUP(AG26,'Axe 2 Règles de gestion'!$D$2:$F$146,3, FALSE) -> La durée prévisionnelle maximale de chaque période est de un an. | AI26: CST_D_210 | AJ26: =VLOOKUP(AI26,'Axe 2 Règles de gestion'!$D$2:$F$146,3, FALSE) -> La durée réelle maximale de chaque période est de un an. | AK26: CST_D_185 | AL26: =VLOOKUP(AK26,'Axe 2 Règles de gestion'!$D$2:$F$146,3, FALSE) -> L'agent ne peut pas bénéficier de plus de 3 ans cumulés de congé sans traitement quels que soient les motifs de congés sans traitement : pour raisons personnelles ou familiales. | AM26: CST_D_158 | AN26: =VLOOKUP(AM26,'Axe 2 Règles de gestion'!$D$2:$F$146,3, FALSE) -> L'agent doit avoir un enfant lié à cette position et l'enfant doit être âgé de moins de huit ans (date de fin prévisionnelle du congé sans traitement). | AO26: CST_D_212 | AP26: =VLOOKUP(AO26,'Axe 2 Règles de gestion'!$D$2:$F$146,3, FALSE) -> L'agent doit avoir un enfant lié à cette position et l'enfant doit être âgé de moins de huit ans (date de fin réelle du congé sans traitement). | AQ26: POS_C_004 | AR26: =VLOOKUP(AQ26,'Axe 2 Règles de gestion'!$D$2:$F$146,3, FALSE) -> La date de début de position doit être antérieure ou égale à la date de fin prévisionnelle de position. | AS26: POS_C_010 | AT26: =VLOOKUP(AS26,'Axe 2 Règles de gestion'!$D$2:$F$146,3, FALSE) -> La date de début de position doit être antérieure ou égale à la date de fin réelle de position. | AU26: POS_C_012 | AV26: =VLOOKUP(AU26,'Axe 2 Règles de gestion'!$D$2:$F$146,3, FALSE) -> La date de fin prévisionnelle de la position doit être antérieure à la date limite de départ à la retraite. | AW26: POS_C_007 | AX26: =VLOOKUP(AW26,'Axe 2 Règles de gestion'!$D$2:$F$146,3, FALSE) -> La date de fin réelle de la position doit être antérieure à la date limite de départ à la retraite. | AY26: POS_C_111 | AZ26: =VLOOKUP(AY26,'Axe 2 Règles de gestion'!$D$2:$F$146,3, FALSE) -> La date de fin ou la date de fin prévisionnelle doit être saisie. | BA26: POS_C_050 | BB26: =VLOOKUP(BA26,'Axe 2 Règles de gestion'!$D$2:$F$146,3, FALSE) -> Le lien vers l'enfant doit être renseigné. | BC26: POS_C_051 | BD26: =VLOOKUP(BC26,'Axe 2 Règles de gestion'!$D$2:$F$146,3, FALSE) -> La date de naissance de l'enfant doit être renseignée. | BE26: POS_C_055 | BF26: =VLOOKUP(BE26,'Axe 2 Règles de gestion'!$D$2:$F$146,3, FALSE) -> La date de fin réelle de la position doit être antérieure ou égale à la date de décès de l'enfant. | BG26: POS_C_056 | BH26: =VLOOKUP(BG26,'Axe 2 Règles de gestion'!$D$2:$F$146,3, FALSE) -> La date de fin prévisionnelle de la position doit être antérieure ou égale à la date de décès de l'enfant. | BI26: POS_C_120 | BJ26: =VLOOKUP(BI26,'Axe 2 Règles de gestion'!$D$2:$F$146,3, FALSE) -> La saisie d'une occurrence de congés/absences est interdite (date de fin réelle) | BK26: POS_C_121 | BL26: =VLOOKUP(BK26,'Axe 2 Règles de gestion'!$D$2:$F$146,3, FALSE) -> La saisie d'une occurrence de congés/absences est interdite (date de fin prévisionnelle)
A27: 25.00.00 | B27: A | C27: 45805.681 | D27: D0004 | E27: Position | F27: S0028 | G27: Congé sans traitement | H27: E0312 | I27: Congé sans traitement pour élever enfant | J27: Position saisie égale à 'Congé sans traitement pour élever enfant' | K27: A_POS_POSIAD [Saisi] = 'NAC43' | L27: T0909 | M27: Congé sans traitement pour élever un enfant - Modification/Fin | N27: Modification | O27: L'indicateur de renouvellement saisi est égal à l'indicateur de renouvellement avant saisie | P27: A_POS_INDREN [Saisi] = A_POS_INDREN [Valeur avant saisie] | Q27: Auditeur de justice | R27: P0009 | S27: S | T27: Particulier | U27: Passant | V27: 45782 | X27: CST_I_059 ET CST_I_013 ET CST_I_049 ET CST_D_003 ET CST_D_200 ET CST_D_004 ET CST_D_250 ET CST_D_253 ET POS_C_004 ET POS_C_010 ET POS_C_012 ET POS_C_007 ET POS_C_111 ET POS_C_050 ET POS_C_051 ET POS_C_055 ET POS_C_056 ET POS_C_120 ET POS_C_121 | Y27: CST_I_059 | Z27: =VLOOKUP(Y27,'Axe 2 Règles de gestion'!$D$2:$F$146,3, FALSE) -> L'agent bénéficie des dispositions applicables aux agents stagiaires. | AA27: CST_I_013 | AB27: =VLOOKUP(AA27,'Axe 2 Règles de gestion'!$D$2:$F$146,3, FALSE) -> L'agent doit demander à reprendre ses fonctions au moins 2 mois avant l'expiration du congé en cours. | AC27: CST_I_049 | AD27: =VLOOKUP(AC27,'Axe 2 Règles de gestion'!$D$2:$F$146,3, FALSE) -> Si l'interruption du stage est d'au moins 1 an, la reprise des fonctions est subordonnée à une vérification des conditions de santé particulières exigées pour l'exercice de certaines fonctions par un médecin agréé et/ou par le conseil médical compétent. | AG27: CST_D_003 | AH27: =VLOOKUP(AG27,'Axe 2 Règles de gestion'!$D$2:$F$146,3, FALSE) -> La durée prévisionnelle maximale de chaque période est de un an. | AI27: CST_D_200 | AJ27: =VLOOKUP(AI27,'Axe 2 Règles de gestion'!$D$2:$F$146,3, FALSE) -> La durée réelle maximale de chaque période est de un an. | AK27: CST_D_004 | AL27: =VLOOKUP(AK27,'Axe 2 Règles de gestion'!$D$2:$F$146,3, FALSE) -> L'agent ne peut pas bénéficier de plus de 3 ans cumulés de congé sans traitement quels que soient les motifs de congés sans traitement : pour raisons personnelles ou familiales. | AM27: CST_D_250 | AN27: =VLOOKUP(AM27,'Axe 2 Règles de gestion'!$D$2:$F$146,3, FALSE) -> L'agent doit avoir un enfant lié à cette position et l'enfant doit être âgé de moins de 12 ans (date de fin prévisionnelle du congé sans traitement). | AO27: CST_D_253 | AP27: =VLOOKUP(AO27,'Axe 2 Règles de gestion'!$D$2:$F$146,3, FALSE) -> L'agent doit avoir un enfant lié à cette position et l'enfant doit être âgé de moins de 12 ans (date de fin réelle du congé sans traitement). | AQ27: POS_C_004 | AR27: =VLOOKUP(AQ27,'Axe 2 Règles de gestion'!$D$2:$F$146,3, FALSE) -> La date de début de position doit être antérieure ou égale à la date de fin prévisionnelle de position. | AS27: POS_C_010 | AT27: =VLOOKUP(AS27,'Axe 2 Règles de gestion'!$D$2:$F$146,3, FALSE) -> La date de début de position doit être antérieure ou égale à la date de fin réelle de position. | AU27: POS_C_012 | AV27: =VLOOKUP(AU27,'Axe 2 Règles de gestion'!$D$2:$F$146,3, FALSE) -> La date de fin prévisionnelle de la position doit être antérieure à la date limite de départ à la retraite. | AW27: POS_C_007 | AX27: =VLOOKUP(AW27,'Axe 2 Règles de gestion'!$D$2:$F$146,3, FALSE) -> La date de fin réelle de la position doit être antérieure à la date limite de départ à la retraite. | AY27: POS_C_111 | AZ27: =VLOOKUP(AY27,'Axe 2 Règles de gestion'!$D$2:$F$146,3, FALSE) -> La date de fin ou la date de fin prévisionnelle doit être saisie. | BA27: POS_C_050 | BB27: =VLOOKUP(BA27,'Axe 2 Règles de gestion'!$D$2:$F$146,3, FALSE) -> Le lien vers l'enfant doit être renseigné. | BC27: POS_C_051 | BD27: =VLOOKUP(BC27,'Axe 2 Règles de gestion'!$D$2:$F$146,3, FALSE) -> La date de naissance de l'enfant doit être renseignée. | BE27: POS_C_055 | BF27: =VLOOKUP(BE27,'Axe 2 Règles de gestion'!$D$2:$F$146,3, FALSE) -> La date de fin réelle de la position doit être antérieure ou égale à la date de décès de l'enfant. | BG27: POS_C_056 | BH27: =VLOOKUP(BG27,'Axe 2 Règles de gestion'!$D$2:$F$146,3, FALSE) -> La date de fin prévisionnelle de la position doit être antérieure ou égale à la date de décès de l'enfant. | BI27: POS_C_120 | BJ27: =VLOOKUP(BI27,'Axe 2 Règles de gestion'!$D$2:$F$146,3, FALSE) -> La saisie d'une occurrence de congés/absences est interdite (date de fin réelle) | BK27: POS_C_121 | BL27: =VLOOKUP(BK27,'Axe 2 Règles de gestion'!$D$2:$F$146,3, FALSE) -> La saisie d'une occurrence de congés/absences est interdite (date de fin prévisionnelle)
A28: 25.00.00 | B28: M | C28: 45805.676 | D28: D0004 | E28: Position | F28: S0028 | G28: Congé sans traitement | H28: E0312 | I28: Congé sans traitement pour élever enfant | J28: Position saisie égale à 'Congé sans traitement pour élever enfant' | K28: A_POS_POSIAD [Saisi] = 'NAC43' | L28: T0907 | M28: Congé sans traitement pour élever un enfant - Demande | N28: Création Modification | O28: Indicateur de renouvellement saisi = Non ET l'indicateur de renouvellement saisi est différent de l'indicateur de renouvellement avant saisie | P28: A_POS_INDREN [Saisi] = '0' ET A_POS_INDREN [Saisi] <> A_POS_INDREN [Valeur avant saisie] | Q28: Enseignant contractuel de l'enseignement agricole privé sous contrat non définitif - Agriculture | R28: P0078 | S28: N | T28: Particulier | U28: Passant | V28: 40725 | W28: 45781 | X28: CST_I_047 ET CST_I_048 ET CST_D_091 ET CST_D_217 ET CST_D_092 ET CST_D_093 ET CST_D_219 ET POS_C_100 ET POS_C_022 ET POS_C_004 ET POS_C_010 ET POS_C_012 ET POS_C_007 ET POS_C_111 ET POS_C_050 ET POS_C_051 ET POS_C_009 ET POS_C_006 ET POS_C_106 ET POS_C_055 ET POS_C_056 ET POS_C_120 ET POS_C_121 | Y28: CST_I_047 | Z28: =VLOOKUP(Y28,'Axe 2 Règles de gestion'!$D$2:$F$146,3, FALSE) -> L'agent doit présenter une demande de congé sans traitement. | AA28: CST_I_048 | AB28: =VLOOKUP(AA28,'Axe 2 Règles de gestion'!$D$2:$F$146,3, FALSE) -> La demande est accordée de droit par le supérieur hiérarchique. | AG28: CST_D_091 | AH28: =VLOOKUP(AG28,'Axe 2 Règles de gestion'!$D$2:$F$146,3, FALSE) -> La durée prévisionnelle maximale de chaque période est de un an. | AI28: CST_D_217 | AJ28: =VLOOKUP(AI28,'Axe 2 Règles de gestion'!$D$2:$F$146,3, FALSE) -> La durée réelle maximale de chaque période est de un an. | AK28: CST_D_092 | AL28: =VLOOKUP(AK28,'Axe 2 Règles de gestion'!$D$2:$F$146,3, FALSE) -> L'agent ne peut pas bénéficier de plus de 3 ans cumulés de congé sans traitement quels que soient les motifs de congés sans traitement : pour raisons personnelles ou familiales. | AM28: CST_D_093 | AN28: =VLOOKUP(AM28,'Axe 2 Règles de gestion'!$D$2:$F$146,3, FALSE) -> L'agent doit avoir un enfant lié à cette position et l'enfant doit être âgé de moins de huit ans (date de fin prévisionnelle du congé sans traitement). | AO28: CST_D_219 | AP28: =VLOOKUP(AO28,'Axe 2 Règles de gestion'!$D$2:$F$146,3, FALSE) -> L'agent doit avoir un enfant lié à cette position et l'enfant doit être âgé de moins de huit ans (date de fin réelle du congé sans traitement). | AQ28: POS_C_100 | AR28: =VLOOKUP(AQ28,'Axe 2 Règles de gestion'!$D$2:$F$146,3, FALSE) -> Lors de la demande initiale, l'agent doit être en activité. | AS28: POS_C_022 | AT28: =VLOOKUP(AS28,'Axe 2 Règles de gestion'!$D$2:$F$146,3, FALSE) -> La date de début de position est à J+1 de la date de fin de position de l'occurrence précédente. | AU28: POS_C_004 | AV28: =VLOOKUP(AU28,'Axe 2 Règles de gestion'!$D$2:$F$146,3, FALSE) -> La date de début de position doit être antérieure ou égale à la date de fin prévisionnelle de position. | AW28: POS_C_010 | AX28: =VLOOKUP(AW28,'Axe 2 Règles de gestion'!$D$2:$F$146,3, FALSE) -> La date de début de position doit être antérieure ou égale à la date de fin réelle de position. | AY28: POS_C_012 | AZ28: =VLOOKUP(AY28,'Axe 2 Règles de gestion'!$D$2:$F$146,3, FALSE) -> La date de fin prévisionnelle de la position doit être antérieure à la date limite de départ à la retraite. | BA28: POS_C_007 | BB28: =VLOOKUP(BA28,'Axe 2 Règles de gestion'!$D$2:$F$146,3, FALSE) -> La date de fin réelle de la position doit être antérieure à la date limite de départ à la retraite. | BC28: POS_C_111 | BD28: =VLOOKUP(BC28,'Axe 2 Règles de gestion'!$D$2:$F$146,3, FALSE) -> La date de fin ou la date de fin prévisionnelle doit être saisie. | BE28: POS_C_050 | BF28: =VLOOKUP(BE28,'Axe 2 Règles de gestion'!$D$2:$F$146,3, FALSE) -> Le lien vers l'enfant doit être renseigné. | BG28: POS_C_051 | BH28: =VLOOKUP(BG28,'Axe 2 Règles de gestion'!$D$2:$F$146,3, FALSE) -> La date de naissance de l'enfant doit être renseignée. | BI28: POS_C_009 | BJ28: =VLOOKUP(BI28,'Axe 2 Règles de gestion'!$D$2:$F$146,3, FALSE) -> La date de début de la position doit être postérieure ou égale à la date de début du lien juridique. | BK28: POS_C_006 | BL28: =VLOOKUP(BK28,'Axe 2 Règles de gestion'!$D$2:$F$146,3, FALSE) -> La date de fin réelle de la position doit être antérieure ou égale à la date de fin réelle ou prévisionnelle du lien juridique. | BM28: POS_C_106 | BN28: =VLOOKUP(BM28,'Axe 2 Règles de gestion'!$D$2:$F$146,3, FALSE) -> La date de fin prévisionnelle de la position doit être antérieure ou égale à la date de fin réelle ou prévisionnelle du lien juridique. | BO28: POS_C_055 | BP28: =VLOOKUP(BO28,'Axe 2 Règles de gestion'!$D$2:$F$146,3, FALSE) -> La date de fin réelle de la position doit être antérieure ou égale à la date de décès de l'enfant. | BQ28: POS_C_056 | BR28: =VLOOKUP(BQ28,'Axe 2 Règles de gestion'!$D$2:$F$146,3, FALSE) -> La date de fin prévisionnelle de la position doit être antérieure ou égale à la date de décès de l'enfant. | BS28: POS_C_120 | BT28: =VLOOKUP(BS28,'Axe 2 Règles de gestion'!$D$2:$F$146,3, FALSE) -> La saisie d'une occurrence de congés/absences est interdite (date de fin réelle) | BU28: POS_C_121 | BV28: =VLOOKUP(BU28,'Axe 2 Règles de gestion'!$D$2:$F$146,3, FALSE) -> La saisie d'une occurrence de congés/absences est interdite (date de fin prévisionnelle)
A29: 25.00.00 | B29: A | C29: 45805.676 | D29: D0004 | E29: Position | F29: S0028 | G29: Congé sans traitement | H29: E0312 | I29: Congé sans traitement pour élever enfant | J29: Position saisie égale à 'Congé sans traitement pour élever enfant' | K29: A_POS_POSIAD [Saisi] = 'NAC43' | L29: T0907 | M29: Congé sans traitement pour élever un enfant - Demande | N29: Création Modification | O29: Indicateur de renouvellement saisi = Non ET l'indicateur de renouvellement saisi est différent de l'indicateur de renouvellement avant saisie | P29: A_POS_INDREN [Saisi] = '0' ET A_POS_INDREN [Saisi] <> A_POS_INDREN [Valeur avant saisie] | Q29: Enseignant contractuel de l'enseignement agricole privé sous contrat non définitif - Agriculture | R29: P0078 | S29: N | T29: Particulier | U29: Passant | V29: 45782 | X29: CST_I_058 ET CST_I_001 ET CST_I_002 ET CST_D_003 ET CST_D_200 ET CST_D_004 ET CST_D_250 ET CST_D_253 ET POS_C_100 ET POS_C_005 ET POS_C_022 ET POS_C_004 ET POS_C_010 ET POS_C_012 ET POS_C_007 ET POS_C_111 ET POS_C_050 ET POS_C_051 ET POS_C_055 ET POS_C_056 ET POS_C_120 ET POS_C_121 | Y29: CST_I_058 | Z29: =VLOOKUP(Y29,'Axe 2 Règles de gestion'!$D$2:$F$146,3, FALSE) -> L'agent bénéficie des dispositions applicables aux agents stagiaires. | AA29: CST_I_001 | AB29: =VLOOKUP(AA29,'Axe 2 Règles de gestion'!$D$2:$F$146,3, FALSE) -> L'agent doit présenter une demande de congé sans traitement. | AC29: CST_I_002 | AD29: =VLOOKUP(AC29,'Axe 2 Règles de gestion'!$D$2:$F$146,3, FALSE) -> La demande est accordée de droit par le supérieur hiérarchique. | AG29: CST_D_003 | AH29: =VLOOKUP(AG29,'Axe 2 Règles de gestion'!$D$2:$F$146,3, FALSE) -> La durée prévisionnelle maximale de chaque période est de un an. | AI29: CST_D_200 | AJ29: =VLOOKUP(AI29,'Axe 2 Règles de gestion'!$D$2:$F$146,3, FALSE) -> La durée réelle maximale de chaque période est de un an. | AK29: CST_D_004 | AL29: =VLOOKUP(AK29,'Axe 2 Règles de gestion'!$D$2:$F$146,3, FALSE) -> L'agent ne peut pas bénéficier de plus de 3 ans cumulés de congé sans traitement quels que soient les motifs de congés sans traitement : pour raisons personnelles ou familiales. | AM29: CST_D_250 | AN29: =VLOOKUP(AM29,'Axe 2 Règles de gestion'!$D$2:$F$146,3, FALSE) -> L'agent doit avoir un enfant lié à cette position et l'enfant doit être âgé de moins de 12 ans (date de fin prévisionnelle du congé sans traitement). | AO29: CST_D_253 | AP29: =VLOOKUP(AO29,'Axe 2 Règles de gestion'!$D$2:$F$146,3, FALSE) -> L'agent doit avoir un enfant lié à cette position et l'enfant doit être âgé de moins de 12 ans (date de fin réelle du congé sans traitement). | AQ29: POS_C_100 | AR29: =VLOOKUP(AQ29,'Axe 2 Règles de gestion'!$D$2:$F$146,3, FALSE) -> Lors de la demande initiale, l'agent doit être en activité. | AS29: POS_C_005 | AT29: =VLOOKUP(AS29,'Axe 2 Règles de gestion'!$D$2:$F$146,3, FALSE) -> La date de début de la position doit être postérieure ou égale à la date d'entrée dans la FPE ou dans la carrière militaire. | AU29: POS_C_022 | AV29: =VLOOKUP(AU29,'Axe 2 Règles de gestion'!$D$2:$F$146,3, FALSE) -> La date de début de position est à J+1 de la date de fin de position de l'occurrence précédente. | AW29: POS_C_004 | AX29: =VLOOKUP(AW29,'Axe 2 Règles de gestion'!$D$2:$F$146,3, FALSE) -> La date de début de position doit être antérieure ou égale à la date de fin prévisionnelle de position. | AY29: POS_C_010 | AZ29: =VLOOKUP(AY29,'Axe 2 Règles de gestion'!$D$2:$F$146,3, FALSE) -> La date de début de position doit être antérieure ou égale à la date de fin réelle de position. | BA29: POS_C_012 | BB29: =VLOOKUP(BA29,'Axe 2 Règles de gestion'!$D$2:$F$146,3, FALSE) -> La date de fin prévisionnelle de la position doit être antérieure à la date limite de départ à la retraite. | BC29: POS_C_007 | BD29: =VLOOKUP(BC29,'Axe 2 Règles de gestion'!$D$2:$F$146,3, FALSE) -> La date de fin réelle de la position doit être antérieure à la date limite de départ à la retraite. | BE29: POS_C_111 | BF29: =VLOOKUP(BE29,'Axe 2 Règles de gestion'!$D$2:$F$146,3, FALSE) -> La date de fin ou la date de fin prévisionnelle doit être saisie. | BG29: POS_C_050 | BH29: =VLOOKUP(BG29,'Axe 2 Règles de gestion'!$D$2:$F$146,3, FALSE) -> Le lien vers l'enfant doit être renseigné. | BI29: POS_C_051 | BJ29: =VLOOKUP(BI29,'Axe 2 Règles de gestion'!$D$2:$F$146,3, FALSE) -> La date de naissance de l'enfant doit être renseignée. | BK29: POS_C_055 | BL29: =VLOOKUP(BK29,'Axe 2 Règles de gestion'!$D$2:$F$146,3, FALSE) -> La date de fin réelle de la position doit être antérieure ou égale à la date de décès de l'enfant. | BM29: POS_C_056 | BN29: =VLOOKUP(BM29,'Axe 2 Règles de gestion'!$D$2:$F$146,3, FALSE) -> La date de fin prévisionnelle de la position doit être antérieure ou égale à la date de décès de l'enfant. | BO29: POS_C_120 | BP29: =VLOOKUP(BO29,'Axe 2 Règles de gestion'!$D$2:$F$146,3, FALSE) -> La saisie d'une occurrence de congés/absences est interdite (date de fin réelle) | BQ29: POS_C_121 | BR29: =VLOOKUP(BQ29,'Axe 2 Règles de gestion'!$D$2:$F$146,3, FALSE) -> La saisie d'une occurrence de congés/absences est interdite (date de fin prévisionnelle)
A30: 25.00.00 | B30: M | C30: 45805.678 | D30: D0004 | E30: Position | F30: S0028 | G30: Congé sans traitement | H30: E0312 | I30: Congé sans traitement pour élever enfant | J30: Position saisie égale à 'Congé sans traitement pour élever enfant' | K30: A_POS_POSIAD [Saisi] = 'NAC43' | L30: T0908 | M30: Congé sans traitement pour élever un enfant - Renouvellement | N30: Création Modification | O30: Indicateur de renouvellement saisi = Oui ET l'indicateur de renouvellement saisi est différent de l'indicateur de renouvellement avant saisie | P30: A_POS_INDREN [Saisi] = '1' ET A_POS_INDREN [Saisi] <> A_POS_INDREN [Valeur avant saisie] | Q30: Enseignant contractuel de l'enseignement agricole privé sous contrat non définitif - Agriculture | R30: P0078 | S30: N | T30: Particulier | U30: Passant | V30: 40725 | W30: 45781 | X30: CST_I_034 ET CST_D_091 ET CST_D_217 ET CST_D_092 ET CST_D_093 ET CST_D_219 ET POS_C_022 ET POS_C_004 ET POS_C_010 ET POS_C_012 ET POS_C_007 ET POS_C_111 ET POS_C_050 ET POS_C_051 ET POS_C_009 ET POS_C_006 ET POS_C_106 ET POS_C_055 ET POS_C_056 ET POS_C_120 ET POS_C_121 | Y30: CST_I_034 | Z30: =VLOOKUP(Y30,'Axe 2 Règles de gestion'!$D$2:$F$146,3, FALSE) -> L'agent peut renouveler le congé sans traitement 2 fois. | AG30: CST_D_091 | AH30: =VLOOKUP(AG30,'Axe 2 Règles de gestion'!$D$2:$F$146,3, FALSE) -> La durée prévisionnelle maximale de chaque période est de un an. | AI30: CST_D_217 | AJ30: =VLOOKUP(AI30,'Axe 2 Règles de gestion'!$D$2:$F$146,3, FALSE) -> La durée réelle maximale de chaque période est de un an. | AK30: CST_D_092 | AL30: =VLOOKUP(AK30,'Axe 2 Règles de gestion'!$D$2:$F$146,3, FALSE) -> L'agent ne peut pas bénéficier de plus de 3 ans cumulés de congé sans traitement quels que soient les motifs de congés sans traitement : pour raisons personnelles ou familiales. | AM30: CST_D_093 | AN30: =VLOOKUP(AM30,'Axe 2 Règles de gestion'!$D$2:$F$146,3, FALSE) -> L'agent doit avoir un enfant lié à cette position et l'enfant doit être âgé de moins de huit ans (date de fin prévisionnelle du congé sans traitement). | AO30: CST_D_219 | AP30: =VLOOKUP(AO30,'Axe 2 Règles de gestion'!$D$2:$F$146,3, FALSE) -> L'agent doit avoir un enfant lié à cette position et l'enfant doit être âgé de moins de huit ans (date de fin réelle du congé sans traitement). | AQ30: POS_C_022 | AR30: =VLOOKUP(AQ30,'Axe 2 Règles de gestion'!$D$2:$F$146,3, FALSE) -> La date de début de position est à J+1 de la date de fin de position de l'occurrence précédente. | AS30: POS_C_004 | AT30: =VLOOKUP(AS30,'Axe 2 Règles de gestion'!$D$2:$F$146,3, FALSE) -> La date de début de position doit être antérieure ou égale à la date de fin prévisionnelle de position. | AU30: POS_C_010 | AV30: =VLOOKUP(AU30,'Axe 2 Règles de gestion'!$D$2:$F$146,3, FALSE) -> La date de début de position doit être antérieure ou égale à la date de fin réelle de position. | AW30: POS_C_012 | AX30: =VLOOKUP(AW30,'Axe 2 Règles de gestion'!$D$2:$F$146,3, FALSE) -> La date de fin prévisionnelle de la position doit être antérieure à la date limite de départ à la retraite. | AY30: POS_C_007 | AZ30: =VLOOKUP(AY30,'Axe 2 Règles de gestion'!$D$2:$F$146,3, FALSE) -> La date de fin réelle de la position doit être antérieure à la date limite de départ à la retraite. | BA30: POS_C_111 | BB30: =VLOOKUP(BA30,'Axe 2 Règles de gestion'!$D$2:$F$146,3, FALSE) -> La date de fin ou la date de fin prévisionnelle doit être saisie. | BC30: POS_C_050 | BD30: =VLOOKUP(BC30,'Axe 2 Règles de gestion'!$D$2:$F$146,3, FALSE) -> Le lien vers l'enfant doit être renseigné. | BE30: POS_C_051 | BF30: =VLOOKUP(BE30,'Axe 2 Règles de gestion'!$D$2:$F$146,3, FALSE) -> La date de naissance de l'enfant doit être renseignée. | BG30: POS_C_009 | BH30: =VLOOKUP(BG30,'Axe 2 Règles de gestion'!$D$2:$F$146,3, FALSE) -> La date de début de la position doit être postérieure ou égale à la date de début du lien juridique. | BI30: POS_C_006 | BJ30: =VLOOKUP(BI30,'Axe 2 Règles de gestion'!$D$2:$F$146,3, FALSE) -> La date de fin réelle de la position doit être antérieure ou égale à la date de fin réelle ou prévisionnelle du lien juridique. | BK30: POS_C_106 | BL30: =VLOOKUP(BK30,'Axe 2 Règles de gestion'!$D$2:$F$146,3, FALSE) -> La date de fin prévisionnelle de la position doit être antérieure ou égale à la date de fin réelle ou prévisionnelle du lien juridique. | BM30: POS_C_055 | BN30: =VLOOKUP(BM30,'Axe 2 Règles de gestion'!$D$2:$F$146,3, FALSE) -> La date de fin réelle de la position doit être antérieure ou égale à la date de décès de l'enfant. | BO30: POS_C_056 | BP30: =VLOOKUP(BO30,'Axe 2 Règles de gestion'!$D$2:$F$146,3, FALSE) -> La date de fin prévisionnelle de la position doit être antérieure ou égale à la date de décès de l'enfant. | BQ30: POS_C_120 | BR30: =VLOOKUP(BQ30,'Axe 2 Règles de gestion'!$D$2:$F$146,3, FALSE) -> La saisie d'une occurrence de congés/absences est interdite (date de fin réelle) | BS30: POS_C_121 | BT30: =VLOOKUP(BS30,'Axe 2 Règles de gestion'!$D$2:$F$146,3, FALSE) -> La saisie d'une occurrence de congés/absences est interdite (date de fin prévisionnelle)
A31: 25.00.00 | B31: A | C31: 45805.678 | D31: D0004 | E31: Position | F31: S0028 | G31: Congé sans traitement | H31: E0312 | I31: Congé sans traitement pour élever enfant | J31: Position saisie égale à 'Congé sans traitement pour élever enfant' | K31: A_POS_POSIAD [Saisi] = 'NAC43' | L31: T0908 | M31: Congé sans traitement pour élever un enfant - Renouvellement | N31: Création Modification | O31: Indicateur de renouvellement saisi = Oui ET l'indicateur de renouvellement saisi est différent de l'indicateur de renouvellement avant saisie | P31: A_POS_INDREN [Saisi] = '1' ET A_POS_INDREN [Saisi] <> A_POS_INDREN [Valeur avant saisie] | Q31: Enseignant contractuel de l'enseignement agricole privé sous contrat non définitif - Agriculture | R31: P0078 | S31: N | T31: Particulier | U31: Passant | V31: 45782 | X31: CST_I_058 ET CST_I_003 ET CST_D_003 ET CST_D_200 ET CST_D_004 ET CST_D_250 ET CST_D_253 ET POS_C_005 ET POS_C_022 ET POS_C_004 ET POS_C_010 ET POS_C_012 ET POS_C_007 ET POS_C_111 ET POS_C_050 ET POS_C_051 ET POS_C_055 ET POS_C_056 ET POS_C_120 ET POS_C_121 | Y31: CST_I_058 | Z31: =VLOOKUP(Y31,'Axe 2 Règles de gestion'!$D$2:$F$146,3, FALSE) -> L'agent bénéficie des dispositions applicables aux agents stagiaires. | AA31: CST_I_003 | AB31: =VLOOKUP(AA31,'Axe 2 Règles de gestion'!$D$2:$F$146,3, FALSE) -> L'agent peut renouveler le congé sans traitement 2 fois. | AG31: CST_D_003 | AH31: =VLOOKUP(AG31,'Axe 2 Règles de gestion'!$D$2:$F$146,3, FALSE) -> La durée prévisionnelle maximale de chaque période est de un an. | AI31: CST_D_200 | AJ31: =VLOOKUP(AI31,'Axe 2 Règles de gestion'!$D$2:$F$146,3, FALSE) -> La durée réelle maximale de chaque période est de un an. | AK31: CST_D_004 | AL31: =VLOOKUP(AK31,'Axe 2 Règles de gestion'!$D$2:$F$146,3, FALSE) -> L'agent ne peut pas bénéficier de plus de 3 ans cumulés de congé sans traitement quels que soient les motifs de congés sans traitement : pour raisons personnelles ou familiales. | AM31: CST_D_250 | AN31: =VLOOKUP(AM31,'Axe 2 Règles de gestion'!$D$2:$F$146,3, FALSE) -> L'agent doit avoir un enfant lié à cette position et l'enfant doit être âgé de moins de 12 ans (date de fin prévisionnelle du congé sans traitement). | AO31: CST_D_253 | AP31: =VLOOKUP(AO31,'Axe 2 Règles de gestion'!$D$2:$F$146,3, FALSE) -> L'agent doit avoir un enfant lié à cette position et l'enfant doit être âgé de moins de 12 ans (date de fin réelle du congé sans traitement). | AQ31: POS_C_005 | AR31: =VLOOKUP(AQ31,'Axe 2 Règles de gestion'!$D$2:$F$146,3, FALSE) -> La date de début de la position doit être postérieure ou égale à la date d'entrée dans la FPE ou dans la carrière militaire. | AS31: POS_C_022 | AT31: =VLOOKUP(AS31,'Axe 2 Règles de gestion'!$D$2:$F$146,3, FALSE) -> La date de début de position est à J+1 de la date de fin de position de l'occurrence précédente. | AU31: POS_C_004 | AV31: =VLOOKUP(AU31,'Axe 2 Règles de gestion'!$D$2:$F$146,3, FALSE) -> La date de début de position doit être antérieure ou égale à la date de fin prévisionnelle de position. | AW31: POS_C_010 | AX31: =VLOOKUP(AW31,'Axe 2 Règles de gestion'!$D$2:$F$146,3, FALSE) -> La date de début de position doit être antérieure ou égale à la date de fin réelle de position. | AY31: POS_C_012 | AZ31: =VLOOKUP(AY31,'Axe 2 Règles de gestion'!$D$2:$F$146,3, FALSE) -> La date de fin prévisionnelle de la position doit être antérieure à la date limite de départ à la retraite. | BA31: POS_C_007 | BB31: =VLOOKUP(BA31,'Axe 2 Règles de gestion'!$D$2:$F$146,3, FALSE) -> La date de fin réelle de la position doit être antérieure à la date limite de départ à la retraite. | BC31: POS_C_111 | BD31: =VLOOKUP(BC31,'Axe 2 Règles de gestion'!$D$2:$F$146,3, FALSE) -> La date de fin ou la date de fin prévisionnelle doit être saisie. | BE31: POS_C_050 | BF31: =VLOOKUP(BE31,'Axe 2 Règles de gestion'!$D$2:$F$146,3, FALSE) -> Le lien vers l'enfant doit être renseigné. | BG31: POS_C_051 | BH31: =VLOOKUP(BG31,'Axe 2 Règles de gestion'!$D$2:$F$146,3, FALSE) -> La date de naissance de l'enfant doit être renseignée. | BI31: POS_C_055 | BJ31: =VLOOKUP(BI31,'Axe 2 Règles de gestion'!$D$2:$F$146,3, FALSE) -> La date de fin réelle de la position doit être antérieure ou égale à la date de décès de l'enfant. | BK31: POS_C_056 | BL31: =VLOOKUP(BK31,'Axe 2 Règles de gestion'!$D$2:$F$146,3, FALSE) -> La date de fin prévisionnelle de la position doit être antérieure ou égale à la date de décès de l'enfant. | BM31: POS_C_120 | BN31: =VLOOKUP(BM31,'Axe 2 Règles de gestion'!$D$2:$F$146,3, FALSE) -> La saisie d'une occurrence de congés/absences est interdite (date de fin réelle) | BO31: POS_C_121 | BP31: =VLOOKUP(BO31,'Axe 2 Règles de gestion'!$D$2:$F$146,3, FALSE) -> La saisie d'une occurrence de congés/absences est interdite (date de fin prévisionnelle)
A32: 22.00.00 | B32: M | C32: 44714.711 | D32: D0004 | E32: Position | F32: S0028 | G32: Congé sans traitement | H32: E0312 | I32: Congé sans traitement pour élever enfant | J32: Position saisie égale à 'Congé sans traitement pour élever enfant' | K32: A_POS_POSIAD [Saisi] = 'NAC43' | L32: T0909 | M32: Congé sans traitement pour élever un enfant - Modification/Fin | N32: Modification | O32: L'indicateur de renouvellement saisi est égal à l'indicateur de renouvellement avant saisie | P32: A_POS_INDREN [Saisi] = A_POS_INDREN [Valeur avant saisie] | Q32: Enseignant contractuel de l'enseignement agricole privé sous contrat non définitif - Agriculture | R32: P0078 | S32: N | T32: Particulier | U32: Passant | V32: 40725 | W32: 44633 | X32: CST_I_039 ET CST_I_040 ET CST_D_091 ET CST_D_217 ET CST_D_092 ET CST_D_093 ET CST_D_219 ET POS_C_004 ET POS_C_010 ET POS_C_012 ET POS_C_007 ET POS_C_111 ET POS_C_050 ET POS_C_051 ET POS_C_006 ET POS_C_106 ET POS_C_055 ET POS_C_056 ET POS_C_120 ET POS_C_121 | Y32: CST_I_039 | Z32: =VLOOKUP(Y32,'Axe 2 Règles de gestion'!$D$2:$F$146,3, FALSE) -> L'agent doit demander à reprendre ses fonctions 2 mois au moins avant l'expiration du congé en cours. | AA32: CST_I_040 | AB32: =VLOOKUP(AA32,'Axe 2 Règles de gestion'!$D$2:$F$146,3, FALSE) -> Si l'interruption du stage est d'au moins 1 an, la reprise des fonctions est subordonnée à une vérification de l'aptitude physique à l'exercice des fonctions par un médecin agréé et, éventuellement, par le comité médical compétent. | AG32: CST_D_091 | AH32: =VLOOKUP(AG32,'Axe 2 Règles de gestion'!$D$2:$F$146,3, FALSE) -> La durée prévisionnelle maximale de chaque période est de un an. | AI32: CST_D_217 | AJ32: =VLOOKUP(AI32,'Axe 2 Règles de gestion'!$D$2:$F$146,3, FALSE) -> La durée réelle maximale de chaque période est de un an. | AK32: CST_D_092 | AL32: =VLOOKUP(AK32,'Axe 2 Règles de gestion'!$D$2:$F$146,3, FALSE) -> L'agent ne peut pas bénéficier de plus de 3 ans cumulés de congé sans traitement quels que soient les motifs de congés sans traitement : pour raisons personnelles ou familiales. | AM32: CST_D_093 | AN32: =VLOOKUP(AM32,'Axe 2 Règles de gestion'!$D$2:$F$146,3, FALSE) -> L'agent doit avoir un enfant lié à cette position et l'enfant doit être âgé de moins de huit ans (date de fin prévisionnelle du congé sans traitement). | AO32: CST_D_219 | AP32: =VLOOKUP(AO32,'Axe 2 Règles de gestion'!$D$2:$F$146,3, FALSE) -> L'agent doit avoir un enfant lié à cette position et l'enfant doit être âgé de moins de huit ans (date de fin réelle du congé sans traitement). | AQ32: POS_C_004 | AR32: =VLOOKUP(AQ32,'Axe 2 Règles de gestion'!$D$2:$F$146,3, FALSE) -> La date de début de position doit être antérieure ou égale à la date de fin prévisionnelle de position. | AS32: POS_C_010 | AT32: =VLOOKUP(AS32,'Axe 2 Règles de gestion'!$D$2:$F$146,3, FALSE) -> La date de début de position doit être antérieure ou égale à la date de fin réelle de position. | AU32: POS_C_012 | AV32: =VLOOKUP(AU32,'Axe 2 Règles de gestion'!$D$2:$F$146,3, FALSE) -> La date de fin prévisionnelle de la position doit être antérieure à la date limite de départ à la retraite. | AW32: POS_C_007 | AX32: =VLOOKUP(AW32,'Axe 2 Règles de gestion'!$D$2:$F$146,3, FALSE) -> La date de fin réelle de la position doit être antérieure à la date limite de départ à la retraite. | AY32: POS_C_111 | AZ32: =VLOOKUP(AY32,'Axe 2 Règles de gestion'!$D$2:$F$146,3, FALSE) -> La date de fin ou la date de fin prévisionnelle doit être saisie. | BA32: POS_C_050 | BB32: =VLOOKUP(BA32,'Axe 2 Règles de gestion'!$D$2:$F$146,3, FALSE) -> Le lien vers l'enfant doit être renseigné. | BC32: POS_C_051 | BD32: =VLOOKUP(BC32,'Axe 2 Règles de gestion'!$D$2:$F$146,3, FALSE) -> La date de naissance de l'enfant doit être renseignée. | BE32: POS_C_006 | BF32: =VLOOKUP(BE32,'Axe 2 Règles de gestion'!$D$2:$F$146,3, FALSE) -> La date de fin réelle de la position doit être antérieure ou égale à la date de fin réelle ou prévisionnelle du lien juridique. | BG32: POS_C_106 | BH32: =VLOOKUP(BG32,'Axe 2 Règles de gestion'!$D$2:$F$146,3, FALSE) -> La date de fin prévisionnelle de la position doit être antérieure ou égale à la date de fin réelle ou prévisionnelle du lien juridique. | BI32: POS_C_055 | BJ32: =VLOOKUP(BI32,'Axe 2 Règles de gestion'!$D$2:$F$146,3, FALSE) -> La date de fin réelle de la position doit être antérieure ou égale à la date de décès de l'enfant. | BK32: POS_C_056 | BL32: =VLOOKUP(BK32,'Axe 2 Règles de gestion'!$D$2:$F$146,3, FALSE) -> La date de fin prévisionnelle de la position doit être antérieure ou égale à la date de décès de l'enfant. | BM32: POS_C_120 | BN32: =VLOOKUP(BM32,'Axe 2 Règles de gestion'!$D$2:$F$146,3, FALSE) -> La saisie d'une occurrence de congés/absences est interdite (date de fin réelle) | BO32: POS_C_121 | BP32: =VLOOKUP(BO32,'Axe 2 Règles de gestion'!$D$2:$F$146,3, FALSE) -> La saisie d'une occurrence de congés/absences est interdite (date de fin prévisionnelle)
A33: 25.00.00 | B33: M | C33: 45805.683 | D33: D0004 | E33: Position | F33: S0028 | G33: Congé sans traitement | H33: E0312 | I33: Congé sans traitement pour élever enfant | J33: Position saisie égale à 'Congé sans traitement pour élever enfant' | K33: A_POS_POSIAD [Saisi] = 'NAC43' | L33: T0909 | M33: Congé sans traitement pour élever un enfant - Modification/Fin | N33: Modification | O33: L'indicateur de renouvellement saisi est égal à l'indicateur de renouvellement avant saisie | P33: A_POS_INDREN [Saisi] = A_POS_INDREN [Valeur avant saisie] | Q33: Enseignant contractuel de l'enseignement agricole privé sous contrat non définitif - Agriculture | R33: P0078 | S33: N | T33: Particulier | U33: Passant | V33: 44634 | W33: 45781 | X33: CST_I_039 ET CST_I_053 ET CST_D_091 ET CST_D_217 ET CST_D_092 ET CST_D_093 ET CST_D_219 ET POS_C_004 ET POS_C_010 ET POS_C_012 ET POS_C_007 ET POS_C_111 ET POS_C_050 ET POS_C_051 ET POS_C_006 ET POS_C_106 ET POS_C_055 ET POS_C_056 ET POS_C_120 ET POS_C_121 | Y33: CST_I_039 | Z33: =VLOOKUP(Y33,'Axe 2 Règles de gestion'!$D$2:$F$146,3, FALSE) -> L'agent doit demander à reprendre ses fonctions 2 mois au moins avant l'expiration du congé en cours. | AA33: CST_I_053 | AB33: =VLOOKUP(AA33,'Axe 2 Règles de gestion'!$D$2:$F$146,3, FALSE) -> Si l'interruption du stage est d'au moins 1 an, la reprise des fonctions est subordonnée à une vérification des conditions de santé particulières exigées pour l'exercice de certaines fonctions par un médecin agréé et/ou par le conseil médical compétent. | AG33: CST_D_091 | AH33: =VLOOKUP(AG33,'Axe 2 Règles de gestion'!$D$2:$F$146,3, FALSE) -> La durée prévisionnelle maximale de chaque période est de un an. | AI33: CST_D_217 | AJ33: =VLOOKUP(AI33,'Axe 2 Règles de gestion'!$D$2:$F$146,3, FALSE) -> La durée réelle maximale de chaque période est de un an. | AK33: CST_D_092 | AL33: =VLOOKUP(AK33,'Axe 2 Règles de gestion'!$D$2:$F$146,3, FALSE) -> L'agent ne peut pas bénéficier de plus de 3 ans cumulés de congé sans traitement quels que soient les motifs de congés sans traitement : pour raisons personnelles ou familiales. | AM33: CST_D_093 | AN33: =VLOOKUP(AM33,'Axe 2 Règles de gestion'!$D$2:$F$146,3, FALSE) -> L'agent doit avoir un enfant lié à cette position et l'enfant doit être âgé de moins de huit ans (date de fin prévisionnelle du congé sans traitement). | AO33: CST_D_219 | AP33: =VLOOKUP(AO33,'Axe 2 Règles de gestion'!$D$2:$F$146,3, FALSE) -> L'agent doit avoir un enfant lié à cette position et l'enfant doit être âgé de moins de huit ans (date de fin réelle du congé sans traitement). | AQ33: POS_C_004 | AR33: =VLOOKUP(AQ33,'Axe 2 Règles de gestion'!$D$2:$F$146,3, FALSE) -> La date de début de position doit être antérieure ou égale à la date de fin prévisionnelle de position. | AS33: POS_C_010 | AT33: =VLOOKUP(AS33,'Axe 2 Règles de gestion'!$D$2:$F$146,3, FALSE) -> La date de début de position doit être antérieure ou égale à la date de fin réelle de position. | AU33: POS_C_012 | AV33: =VLOOKUP(AU33,'Axe 2 Règles de gestion'!$D$2:$F$146,3, FALSE) -> La date de fin prévisionnelle de la position doit être antérieure à la date limite de départ à la retraite. | AW33: POS_C_007 | AX33: =VLOOKUP(AW33,'Axe 2 Règles de gestion'!$D$2:$F$146,3, FALSE) -> La date de fin réelle de la position doit être antérieure à la date limite de départ à la retraite. | AY33: POS_C_111 | AZ33: =VLOOKUP(AY33,'Axe 2 Règles de gestion'!$D$2:$F$146,3, FALSE) -> La date de fin ou la date de fin prévisionnelle doit être saisie. | BA33: POS_C_050 | BB33: =VLOOKUP(BA33,'Axe 2 Règles de gestion'!$D$2:$F$146,3, FALSE) -> Le lien vers l'enfant doit être renseigné. | BC33: POS_C_051 | BD33: =VLOOKUP(BC33,'Axe 2 Règles de gestion'!$D$2:$F$146,3, FALSE) -> La date de naissance de l'enfant doit être renseignée. | BE33: POS_C_006 | BF33: =VLOOKUP(BE33,'Axe 2 Règles de gestion'!$D$2:$F$146,3, FALSE) -> La date de fin réelle de la position doit être antérieure ou égale à la date de fin réelle ou prévisionnelle du lien juridique. | BG33: POS_C_106 | BH33: =VLOOKUP(BG33,'Axe 2 Règles de gestion'!$D$2:$F$146,3, FALSE) -> La date de fin prévisionnelle de la position doit être antérieure ou égale à la date de fin réelle ou prévisionnelle du lien juridique. | BI33: POS_C_055 | BJ33: =VLOOKUP(BI33,'Axe 2 Règles de gestion'!$D$2:$F$146,3, FALSE) -> La date de fin réelle de la position doit être antérieure ou égale à la date de décès de l'enfant. | BK33: POS_C_056 | BL33: =VLOOKUP(BK33,'Axe 2 Règles de gestion'!$D$2:$F$146,3, FALSE) -> La date de fin prévisionnelle de la position doit être antérieure ou égale à la date de décès de l'enfant. | BM33: POS_C_120 | BN33: =VLOOKUP(BM33,'Axe 2 Règles de gestion'!$D$2:$F$146,3, FALSE) -> La saisie d'une occurrence de congés/absences est interdite (date de fin réelle) | BO33: POS_C_121 | BP33: =VLOOKUP(BO33,'Axe 2 Règles de gestion'!$D$2:$F$146,3, FALSE) -> La saisie d'une occurrence de congés/absences est interdite (date de fin prévisionnelle)
A34: 25.00.00 | B34: A | C34: 45805.683 | D34: D0004 | E34: Position | F34: S0028 | G34: Congé sans traitement | H34: E0312 | I34: Congé sans traitement pour élever enfant | J34: Position saisie égale à 'Congé sans traitement pour élever enfant' | K34: A_POS_POSIAD [Saisi] = 'NAC43' | L34: T0909 | M34: Congé sans traitement pour élever un enfant - Modification/Fin | N34: Modification | O34: L'indicateur de renouvellement saisi est égal à l'indicateur de renouvellement avant saisie | P34: A_POS_INDREN [Saisi] = A_POS_INDREN [Valeur avant saisie] | Q34: Enseignant contractuel de l'enseignement agricole privé sous contrat non définitif - Agriculture | R34: P0078 | S34: N | T34: Particulier | U34: Passant | V34: 45782 | X34: CST_I_058 ET CST_I_013 ET CST_I_049 ET CST_D_003 ET CST_D_200 ET CST_D_004 ET CST_D_250 ET CST_D_253 ET POS_C_004 ET POS_C_010 ET POS_C_012 ET POS_C_007 ET POS_C_111 ET POS_C_050 ET POS_C_051 ET POS_C_055 ET POS_C_056 ET POS_C_120 ET POS_C_121 | Y34: CST_I_058 | Z34: =VLOOKUP(Y34,'Axe 2 Règles de gestion'!$D$2:$F$146,3, FALSE) -> L'agent bénéficie des dispositions applicables aux agents stagiaires. | AA34: CST_I_013 | AB34: =VLOOKUP(AA34,'Axe 2 Règles de gestion'!$D$2:$F$146,3, FALSE) -> L'agent doit demander à reprendre ses fonctions au moins 2 mois avant l'expiration du congé en cours. | AC34: CST_I_049 | AD34: =VLOOKUP(AC34,'Axe 2 Règles de gestion'!$D$2:$F$146,3, FALSE) -> Si l'interruption du stage est d'au moins 1 an, la reprise des fonctions est subordonnée à une vérification des conditions de santé particulières exigées pour l'exercice de certaines fonctions par un médecin agréé et/ou par le conseil médical compétent. | AG34: CST_D_003 | AH34: =VLOOKUP(AG34,'Axe 2 Règles de gestion'!$D$2:$F$146,3, FALSE) -> La durée prévisionnelle maximale de chaque période est de un an. | AI34: CST_D_200 | AJ34: =VLOOKUP(AI34,'Axe 2 Règles de gestion'!$D$2:$F$146,3, FALSE) -> La durée réelle maximale de chaque période est de un an. | AK34: CST_D_004 | AL34: =VLOOKUP(AK34,'Axe 2 Règles de gestion'!$D$2:$F$146,3, FALSE) -> L'agent ne peut pas bénéficier de plus de 3 ans cumulés de congé sans traitement quels que soient les motifs de congés sans traitement : pour raisons personnelles ou familiales. | AM34: CST_D_250 | AN34: =VLOOKUP(AM34,'Axe 2 Règles de gestion'!$D$2:$F$146,3, FALSE) -> L'agent doit avoir un enfant lié à cette position et l'enfant doit être âgé de moins de 12 ans (date de fin prévisionnelle du congé sans traitement). | AO34: CST_D_253 | AP34: =VLOOKUP(AO34,'Axe 2 Règles de gestion'!$D$2:$F$146,3, FALSE) -> L'agent doit avoir un enfant lié à cette position et l'enfant doit être âgé de moins de 12 ans (date de fin réelle du congé sans traitement). | AQ34: POS_C_004 | AR34: =VLOOKUP(AQ34,'Axe 2 Règles de gestion'!$D$2:$F$146,3, FALSE) -> La date de début de position doit être antérieure ou égale à la date de fin prévisionnelle de position. | AS34: POS_C_010 | AT34: =VLOOKUP(AS34,'Axe 2 Règles de gestion'!$D$2:$F$146,3, FALSE) -> La date de début de position doit être antérieure ou égale à la date de fin réelle de position. | AU34: POS_C_012 | AV34: =VLOOKUP(AU34,'Axe 2 Règles de gestion'!$D$2:$F$146,3, FALSE) -> La date de fin prévisionnelle de la position doit être antérieure à la date limite de départ à la retraite. | AW34: POS_C_007 | AX34: =VLOOKUP(AW34,'Axe 2 Règles de gestion'!$D$2:$F$146,3, FALSE) -> La date de fin réelle de la position doit être antérieure à la date limite de départ à la retraite. | AY34: POS_C_111 | AZ34: =VLOOKUP(AY34,'Axe 2 Règles de gestion'!$D$2:$F$146,3, FALSE) -> La date de fin ou la date de fin prévisionnelle doit être saisie. | BA34: POS_C_050 | BB34: =VLOOKUP(BA34,'Axe 2 Règles de gestion'!$D$2:$F$146,3, FALSE) -> Le lien vers l'enfant doit être renseigné. | BC34: POS_C_051 | BD34: =VLOOKUP(BC34,'Axe 2 Règles de gestion'!$D$2:$F$146,3, FALSE) -> La date de naissance de l'enfant doit être renseignée. | BE34: POS_C_055 | BF34: =VLOOKUP(BE34,'Axe 2 Règles de gestion'!$D$2:$F$146,3, FALSE) -> La date de fin réelle de la position doit être antérieure ou égale à la date de décès de l'enfant. | BG34: POS_C_056 | BH34: =VLOOKUP(BG34,'Axe 2 Règles de gestion'!$D$2:$F$146,3, FALSE) -> La date de fin prévisionnelle de la position doit être antérieure ou égale à la date de décès de l'enfant. | BI34: POS_C_120 | BJ34: =VLOOKUP(BI34,'Axe 2 Règles de gestion'!$D$2:$F$146,3, FALSE) -> La saisie d'une occurrence de congés/absences est interdite (date de fin réelle) | BK34: POS_C_121 | BL34: =VLOOKUP(BK34,'Axe 2 Règles de gestion'!$D$2:$F$146,3, FALSE) -> La saisie d'une occurrence de congés/absences est interdite (date de fin prévisionnelle)
A35: 17.10.00 | B35: A | C35: 43152.5 | D35: D0004 | E35: Position | F35: S0028 | G35: Congé sans traitement | H35: E0313 | I35: Congé sans traitement pour donner des soins au conjoint ou au partenaire pacsé suite à accident/maladie graves | J35: Position saisie égale à 'Congé sans traitement pour donner des soins au conjoint ou au partenaire pacsé suite à accident/maladie graves' | K35: A_POS_POSIAD [Saisi] = 'NAC39' | L35: T0910 | M35: Congé sans traitement pour donner des soins au conjoint ou au partenaire pacsé suite à accident/maladie graves - Demande | N35: Création Modification | O35: Indicateur de renouvellement saisi = Non ET l'indicateur de renouvellement saisi est différent de l'indicateur de renouvellement avant saisie | P35: A_POS_INDREN [Saisi] = '0' ET A_POS_INDREN [Saisi] <> A_POS_INDREN [Valeur avant saisie] | Q35: Titulaire ou magistrat | R35: P0001 | S35: T | T35: Général | U35: Exclu | V35: 40725
A36: 17.10.00 | B36: A | C36: 43152.5 | D36: D0004 | E36: Position | F36: S0028 | G36: Congé sans traitement | H36: E0313 | I36: Congé sans traitement pour donner des soins au conjoint ou au partenaire pacsé suite à accident/maladie graves | J36: Position saisie égale à 'Congé sans traitement pour donner des soins au conjoint ou au partenaire pacsé suite à accident/maladie graves' | K36: A_POS_POSIAD [Saisi] = 'NAC39' | L36: T0911 | M36: Congé sans traitement pour donner des soins au conjoint ou au partenaire pacsé suite à accident/maladie graves - Renouvellement | N36: Création Modification | O36: Indicateur de renouvellement saisi = Oui ET l'indicateur de renouvellement saisi est différent de l'indicateur de renouvellement avant saisie | P36: A_POS_INDREN [Saisi] = '1' ET A_POS_INDREN [Saisi] <> A_POS_INDREN [Valeur avant saisie] | Q36: Titulaire ou magistrat | R36: P0001 | S36: T | T36: Général | U36: Exclu | V36: 40725
A37: 17.10.00 | B37: A | C37: 43152.5 | D37: D0004 | E37: Position | F37: S0028 | G37: Congé sans traitement | H37: E0313 | I37: Congé sans traitement pour donner des soins au conjoint ou au partenaire pacsé suite à accident/maladie graves | J37: Position saisie égale à 'Congé sans traitement pour donner des soins au conjoint ou au partenaire pacsé suite à accident/maladie graves' | K37: A_POS_POSIAD [Saisi] = 'NAC39' | L37: T0912 | M37: Congé sans traitement pour donner des soins au conjoint ou au partenaire pacsé suite à accident/maladie graves - Modification/Fin | N37: Modification | O37: L'indicateur de renouvellement saisi est égal à l'indicateur de renouvellement avant saisie | P37: A_POS_INDREN [Saisi] = A_POS_INDREN [Valeur avant saisie] | Q37: Titulaire ou magistrat | R37: P0001 | S37: T | T37: Général | U37: Exclu | V37: 40725
A38: 17.10.00 | B38: A | C38: 43152.5 | D38: D0004 | E38: Position | F38: S0028 | G38: Congé sans traitement | H38: E0313 | I38: Congé sans traitement pour donner des soins au conjoint ou au partenaire pacsé suite à accident/maladie graves | J38: Position saisie égale à 'Congé sans traitement pour donner des soins au conjoint ou au partenaire pacsé suite à accident/maladie graves' | K38: A_POS_POSIAD [Saisi] = 'NAC39' | L38: T0910 | M38: Congé sans traitement pour donner des soins au conjoint ou au partenaire pacsé suite à accident/maladie graves - Demande | N38: Création Modification | O38: Indicateur de renouvellement saisi = Non ET l'indicateur de renouvellement saisi est différent de l'indicateur de renouvellement avant saisie | P38: A_POS_INDREN [Saisi] = '0' ET A_POS_INDREN [Saisi] <> A_POS_INDREN [Valeur avant saisie] | Q38: Militaire | R38: P0002 | S38: M | T38: Général | U38: Exclu | V38: 40725
A39: 17.10.00 | B39: A | C39: 43152.5 | D39: D0004 | E39: Position | F39: S0028 | G39: Congé sans traitement | H39: E0313 | I39: Congé sans traitement pour donner des soins au conjoint ou au partenaire pacsé suite à accident/maladie graves | J39: Position saisie égale à 'Congé sans traitement pour donner des soins au conjoint ou au partenaire pacsé suite à accident/maladie graves' | K39: A_POS_POSIAD [Saisi] = 'NAC39' | L39: T0911 | M39: Congé sans traitement pour donner des soins au conjoint ou au partenaire pacsé suite à accident/maladie graves - Renouvellement | N39: Création Modification | O39: Indicateur de renouvellement saisi = Oui ET l'indicateur de renouvellement saisi est différent de l'indicateur de renouvellement avant saisie | P39: A_POS_INDREN [Saisi] = '1' ET A_POS_INDREN [Saisi] <> A_POS_INDREN [Valeur avant saisie] | Q39: Militaire | R39: P0002 | S39: M | T39: Général | U39: Exclu | V39: 40725
A40: 17.10.00 | B40: A | C40: 43152.5 | D40: D0004 | E40: Position | F40: S0028 | G40: Congé sans traitement | H40: E0313 | I40: Congé sans traitement pour donner des soins au conjoint ou au partenaire pacsé suite à accident/maladie graves | J40: Position saisie égale à 'Congé sans traitement pour donner des soins au conjoint ou au partenaire pacsé suite à accident/maladie graves' | K40: A_POS_POSIAD [Saisi] = 'NAC39' | L40: T0912 | M40: Congé sans traitement pour donner des soins au conjoint ou au partenaire pacsé suite à accident/maladie graves - Modification/Fin | N40: Modification | O40: L'indicateur de renouvellement saisi est égal à l'indicateur de renouvellement avant saisie | P40: A_POS_INDREN [Saisi] = A_POS_INDREN [Valeur avant saisie] | Q40: Militaire | R40: P0002 | S40: M | T40: Général | U40: Exclu | V40: 40725
A41: 17.10.00 | B41: A | C41: 43152.5 | D41: D0004 | E41: Position | F41: S0028 | G41: Congé sans traitement | H41: E0313 | I41: Congé sans traitement pour donner des soins au conjoint ou au partenaire pacsé suite à accident/maladie graves | J41: Position saisie égale à 'Congé sans traitement pour donner des soins au conjoint ou au partenaire pacsé suite à accident/maladie graves' | K41: A_POS_POSIAD [Saisi] = 'NAC39' | L41: T0910 | M41: Congé sans traitement pour donner des soins au conjoint ou au partenaire pacsé suite à accident/maladie graves - Demande | N41: Création Modification | O41: Indicateur de renouvellement saisi = Non ET l'indicateur de renouvellement saisi est différent de l'indicateur de renouvellement avant saisie | P41: A_POS_INDREN [Saisi] = '0' ET A_POS_INDREN [Saisi] <> A_POS_INDREN [Valeur avant saisie] | Q41: Contractuel | R41: P0003 | S41: N | T41: Général | U41: Exclu | V41: 40725
A42: 17.10.00 | B42: A | C42: 43152.5 | D42: D0004 | E42: Position | F42: S0028 | G42: Congé sans traitement | H42: E0313 | I42: Congé sans traitement pour donner des soins au conjoint ou au partenaire pacsé suite à accident/maladie graves | J42: Position saisie égale à 'Congé sans traitement pour donner des soins au conjoint ou au partenaire pacsé suite à accident/maladie graves' | K42: A_POS_POSIAD [Saisi] = 'NAC39' | L42: T0911 | M42: Congé sans traitement pour donner des soins au conjoint ou au partenaire pacsé suite à accident/maladie graves - Renouvellement | N42: Création Modification | O42: Indicateur de renouvellement saisi = Oui ET l'indicateur de renouvellement saisi est différent de l'indicateur de renouvellement avant saisie | P42: A_POS_INDREN [Saisi] = '1' ET A_POS_INDREN [Saisi] <> A_POS_INDREN [Valeur avant saisie] | Q42: Contractuel | R42: P0003 | S42: N | T42: Général | U42: Exclu | V42: 40725
A43: 17.10.00 | B43: A | C43: 43152.5 | D43: D0004 | E43: Position | F43: S0028 | G43: Congé sans traitement | H43: E0313 | I43: Congé sans traitement pour donner des soins au conjoint ou au partenaire pacsé suite à accident/maladie graves | J43: Position saisie égale à 'Congé sans traitement pour donner des soins au conjoint ou au partenaire pacsé suite à accident/maladie graves' | K43: A_POS_POSIAD [Saisi] = 'NAC39' | L43: T0912 | M43: Congé sans traitement pour donner des soins au conjoint ou au partenaire pacsé suite à accident/maladie graves - Modification/Fin | N43: Modification | O43: L'indicateur de renouvellement saisi est égal à l'indicateur de renouvellement avant saisie | P43: A_POS_INDREN [Saisi] = A_POS_INDREN [Valeur avant saisie] | Q43: Contractuel | R43: P0003 | S43: N | T43: Général | U43: Exclu | V43: 40725
A44: 21.00.00 | B44: M | C44: 44368.708 | D44: D0004 | E44: Position | F44: S0028 | G44: Congé sans traitement | H44: E0313 | I44: Congé sans traitement pour donner des soins au conjoint ou au partenaire pacsé suite à accident/maladie graves | J44: Position saisie égale à 'Congé sans traitement pour donner des soins au conjoint ou au partenaire pacsé suite à accident/maladie graves' | K44: A_POS_POSIAD [Saisi] = 'NAC39' | L44: T0910 | M44: Congé sans traitement pour donner des soins au conjoint ou au partenaire pacsé suite à accident/maladie graves - Demande | N44: Création Modification | O44: Indicateur de renouvellement saisi = Non ET l'indicateur de renouvellement saisi est différent de l'indicateur de renouvellement avant saisie | P44: A_POS_INDREN [Saisi] = '0' ET A_POS_INDREN [Saisi] <> A_POS_INDREN [Valeur avant saisie] | Q44: Stagiaire ou auditeur ou élève | R44: P0004 | S44: S | T44: Général | U44: Passant | V44: 40725 | X44: CST_I_001 ET CST_I_002 ET CST_D_003 ET CST_D_200 ET CST_D_004 ET CST_D_011 ET POS_C_100 ET POS_C_005 ET POS_C_022 ET POS_C_004 ET POS_C_010 ET POS_C_012 ET POS_C_007 ET POS_C_111 ET POS_C_120 ET POS_C_121 | Y44: CST_I_001 | Z44: =VLOOKUP(Y44,'Axe 2 Règles de gestion'!$D$2:$F$146,3, FALSE) -> L'agent doit présenter une demande de congé sans traitement. | AA44: CST_I_002 | AB44: =VLOOKUP(AA44,'Axe 2 Règles de gestion'!$D$2:$F$146,3, FALSE) -> La demande est accordée de droit par le supérieur hiérarchique. | AG44: CST_D_003 | AH44: =VLOOKUP(AG44,'Axe 2 Règles de gestion'!$D$2:$F$146,3, FALSE) -> La durée prévisionnelle maximale de chaque période est de un an. | AI44: CST_D_200 | AJ44: =VLOOKUP(AI44,'Axe 2 Règles de gestion'!$D$2:$F$146,3, FALSE) -> La durée réelle maximale de chaque période est de un an. | AK44: CST_D_004 | AL44: =VLOOKUP(AK44,'Axe 2 Règles de gestion'!$D$2:$F$146,3, FALSE) -> L'agent ne peut pas bénéficier de plus de 3 ans cumulés de congé sans traitement quels que soient les motifs de congés sans traitement : pour raisons personnelles ou familiales. | AM44: CST_D_011 | AN44: =VLOOKUP(AM44,'Axe 2 Règles de gestion'!$D$2:$F$146,3, FALSE) -> Le type de situation de famille de l'agent doit être "marié(e)" ou "pacsé(e)". | AQ44: POS_C_100 | AR44: =VLOOKUP(AQ44,'Axe 2 Règles de gestion'!$D$2:$F$146,3, FALSE) -> Lors de la demande initiale, l'agent doit être en activité. | AS44: POS_C_005 | AT44: =VLOOKUP(AS44,'Axe 2 Règles de gestion'!$D$2:$F$146,3, FALSE) -> La date de début de la position doit être postérieure ou égale à la date d'entrée dans la FPE ou dans la carrière militaire. | AU44: POS_C_022 | AV44: =VLOOKUP(AU44,'Axe 2 Règles de gestion'!$D$2:$F$146,3, FALSE) -> La date de début de position est à J+1 de la date de fin de position de l'occurrence précédente. | AW44: POS_C_004 | AX44: =VLOOKUP(AW44,'Axe 2 Règles de gestion'!$D$2:$F$146,3, FALSE) -> La date de début de position doit être antérieure ou égale à la date de fin prévisionnelle de position. | AY44: POS_C_010 | AZ44: =VLOOKUP(AY44,'Axe 2 Règles de gestion'!$D$2:$F$146,3, FALSE) -> La date de début de position doit être antérieure ou égale à la date de fin réelle de position. | BA44: POS_C_012 | BB44: =VLOOKUP(BA44,'Axe 2 Règles de gestion'!$D$2:$F$146,3, FALSE) -> La date de fin prévisionnelle de la position doit être antérieure à la date limite de départ à la retraite. | BC44: POS_C_007 | BD44: =VLOOKUP(BC44,'Axe 2 Règles de gestion'!$D$2:$F$146,3, FALSE) -> La date de fin réelle de la position doit être antérieure à la date limite de départ à la retraite. | BE44: POS_C_111 | BF44: =VLOOKUP(BE44,'Axe 2 Règles de gestion'!$D$2:$F$146,3, FALSE) -> La date de fin ou la date de fin prévisionnelle doit être saisie. | BG44: POS_C_120 | BH44: =VLOOKUP(BG44,'Axe 2 Règles de gestion'!$D$2:$F$146,3, FALSE) -> La saisie d'une occurrence de congés/absences est interdite (date de fin réelle) | BI44: POS_C_121 | BJ44: =VLOOKUP(BI44,'Axe 2 Règles de gestion'!$D$2:$F$146,3, FALSE) -> La saisie d'une occurrence de congés/absences est interdite (date de fin prévisionnelle)
A45: 21.00.00 | B45: M | C45: 44368.708 | D45: D0004 | E45: Position | F45: S0028 | G45: Congé sans traitement | H45: E0313 | I45: Congé sans traitement pour donner des soins au conjoint ou au partenaire pacsé suite à accident/maladie graves | J45: Position saisie égale à 'Congé sans traitement pour donner des soins au conjoint ou au partenaire pacsé suite à accident/maladie graves' | K45: A_POS_POSIAD [Saisi] = 'NAC39' | L45: T0911 | M45: Congé sans traitement pour donner des soins au conjoint ou au partenaire pacsé suite à accident/maladie graves - Renouvellement | N45: Création Modification | O45: Indicateur de renouvellement saisi = Oui ET l'indicateur de renouvellement saisi est différent de l'indicateur de renouvellement avant saisie | P45: A_POS_INDREN [Saisi] = '1' ET A_POS_INDREN [Saisi] <> A_POS_INDREN [Valeur avant saisie] | Q45: Stagiaire ou auditeur ou élève | R45: P0004 | S45: S | T45: Général | U45: Passant | V45: 40725 | X45: CST_I_003 ET CST_D_003 ET CST_D_200 ET CST_D_004 ET CST_D_011 ET POS_C_005 ET POS_C_022 ET POS_C_004 ET POS_C_010 ET POS_C_012 ET POS_C_007 ET POS_C_111 ET POS_C_120 ET POS_C_121 | Y45: CST_I_003 | Z45: =VLOOKUP(Y45,'Axe 2 Règles de gestion'!$D$2:$F$146,3, FALSE) -> L'agent peut renouveler le congé sans traitement 2 fois. | AG45: CST_D_003 | AH45: =VLOOKUP(AG45,'Axe 2 Règles de gestion'!$D$2:$F$146,3, FALSE) -> La durée prévisionnelle maximale de chaque période est de un an. | AI45: CST_D_200 | AJ45: =VLOOKUP(AI45,'Axe 2 Règles de gestion'!$D$2:$F$146,3, FALSE) -> La durée réelle maximale de chaque période est de un an. | AK45: CST_D_004 | AL45: =VLOOKUP(AK45,'Axe 2 Règles de gestion'!$D$2:$F$146,3, FALSE) -> L'agent ne peut pas bénéficier de plus de 3 ans cumulés de congé sans traitement quels que soient les motifs de congés sans traitement : pour raisons personnelles ou familiales. | AM45: CST_D_011 | AN45: =VLOOKUP(AM45,'Axe 2 Règles de gestion'!$D$2:$F$146,3, FALSE) -> Le type de situation de famille de l'agent doit être "marié(e)" ou "pacsé(e)". | AQ45: POS_C_005 | AR45: =VLOOKUP(AQ45,'Axe 2 Règles de gestion'!$D$2:$F$146,3, FALSE) -> La date de début de la position doit être postérieure ou égale à la date d'entrée dans la FPE ou dans la carrière militaire. | AS45: POS_C_022 | AT45: =VLOOKUP(AS45,'Axe 2 Règles de gestion'!$D$2:$F$146,3, FALSE) -> La date de début de position est à J+1 de la date de fin de position de l'occurrence précédente. | AU45: POS_C_004 | AV45: =VLOOKUP(AU45,'Axe 2 Règles de gestion'!$D$2:$F$146,3, FALSE) -> La date de début de position doit être antérieure ou égale à la date de fin prévisionnelle de position. | AW45: POS_C_010 | AX45: =VLOOKUP(AW45,'Axe 2 Règles de gestion'!$D$2:$F$146,3, FALSE) -> La date de début de position doit être antérieure ou égale à la date de fin réelle de position. | AY45: POS_C_012 | AZ45: =VLOOKUP(AY45,'Axe 2 Règles de gestion'!$D$2:$F$146,3, FALSE) -> La date de fin prévisionnelle de la position doit être antérieure à la date limite de départ à la retraite. | BA45: POS_C_007 | BB45: =VLOOKUP(BA45,'Axe 2 Règles de gestion'!$D$2:$F$146,3, FALSE) -> La date de fin réelle de la position doit être antérieure à la date limite de départ à la retraite. | BC45: POS_C_111 | BD45: =VLOOKUP(BC45,'Axe 2 Règles de gestion'!$D$2:$F$146,3, FALSE) -> La date de fin ou la date de fin prévisionnelle doit être saisie. | BE45: POS_C_120 | BF45: =VLOOKUP(BE45,'Axe 2 Règles de gestion'!$D$2:$F$146,3, FALSE) -> La saisie d'une occurrence de congés/absences est interdite (date de fin réelle) | BG45: POS_C_121 | BH45: =VLOOKUP(BG45,'Axe 2 Règles de gestion'!$D$2:$F$146,3, FALSE) -> La saisie d'une occurrence de congés/absences est interdite (date de fin prévisionnelle)
A46: 22.00.00 | B46: M | C46: 44714.72 | D46: D0004 | E46: Position | F46: S0028 | G46: Congé sans traitement | H46: E0313 | I46: Congé sans traitement pour donner des soins au conjoint ou au partenaire pacsé suite à accident/maladie graves | J46: Position saisie égale à 'Congé sans traitement pour donner des soins au conjoint ou au partenaire pacsé suite à accident/maladie graves' | K46: A_POS_POSIAD [Saisi] = 'NAC39' | L46: T0912 | M46: Congé sans traitement pour donner des soins au conjoint ou au partenaire pacsé suite à accident/maladie graves - Modification/Fin | N46: Modification | O46: L'indicateur de renouvellement saisi est égal à l'indicateur de renouvellement avant saisie | P46: A_POS_INDREN [Saisi] = A_POS_INDREN [Valeur avant saisie] | Q46: Stagiaire ou auditeur ou élève | R46: P0004 | S46: S | T46: Général | U46: Passant | V46: 40725 | W46: 44633 | X46: CST_I_013 ET CST_I_014 ET CST_D_003 ET CST_D_200 ET CST_D_004 ET CST_D_011 ET POS_C_004 ET POS_C_010 ET POS_C_012 ET POS_C_007 ET POS_C_111 ET POS_C_120 ET POS_C_121 | Y46: CST_I_013 | Z46: =VLOOKUP(Y46,'Axe 2 Règles de gestion'!$D$2:$F$146,3, FALSE) -> L'agent doit demander à reprendre ses fonctions au moins 2 mois avant l'expiration du congé en cours. | AA46: CST_I_014 | AB46: =VLOOKUP(AA46,'Axe 2 Règles de gestion'!$D$2:$F$146,3, FALSE) -> Si l'interruption du stage est d'au moins 1 an, la reprise des fonctions est subordonnée à une vérification de l'aptitude physique à l'exercice des fonctions par un médecin agréé et, éventuellement, par le comité médical compétent. | AG46: CST_D_003 | AH46: =VLOOKUP(AG46,'Axe 2 Règles de gestion'!$D$2:$F$146,3, FALSE) -> La durée prévisionnelle maximale de chaque période est de un an. | AI46: CST_D_200 | AJ46: =VLOOKUP(AI46,'Axe 2 Règles de gestion'!$D$2:$F$146,3, FALSE) -> La durée réelle maximale de chaque période est de un an. | AK46: CST_D_004 | AL46: =VLOOKUP(AK46,'Axe 2 Règles de gestion'!$D$2:$F$146,3, FALSE) -> L'agent ne peut pas bénéficier de plus de 3 ans cumulés de congé sans traitement quels que soient les motifs de congés sans traitement : pour raisons personnelles ou familiales. | AM46: CST_D_011 | AN46: =VLOOKUP(AM46,'Axe 2 Règles de gestion'!$D$2:$F$146,3, FALSE) -> Le type de situation de famille de l'agent doit être "marié(e)" ou "pacsé(e)". | AQ46: POS_C_004 | AR46: =VLOOKUP(AQ46,'Axe 2 Règles de gestion'!$D$2:$F$146,3, FALSE) -> La date de début de position doit être antérieure ou égale à la date de fin prévisionnelle de position. | AS46: POS_C_010 | AT46: =VLOOKUP(AS46,'Axe 2 Règles de gestion'!$D$2:$F$146,3, FALSE) -> La date de début de position doit être antérieure ou égale à la date de fin réelle de position. | AU46: POS_C_012 | AV46: =VLOOKUP(AU46,'Axe 2 Règles de gestion'!$D$2:$F$146,3, FALSE) -> La date de fin prévisionnelle de la position doit être antérieure à la date limite de départ à la retraite. | AW46: POS_C_007 | AX46: =VLOOKUP(AW46,'Axe 2 Règles de gestion'!$D$2:$F$146,3, FALSE) -> La date de fin réelle de la position doit être antérieure à la date limite de départ à la retraite. | AY46: POS_C_111 | AZ46: =VLOOKUP(AY46,'Axe 2 Règles de gestion'!$D$2:$F$146,3, FALSE) -> La date de fin ou la date de fin prévisionnelle doit être saisie. | BA46: POS_C_120 | BB46: =VLOOKUP(BA46,'Axe 2 Règles de gestion'!$D$2:$F$146,3, FALSE) -> La saisie d'une occurrence de congés/absences est interdite (date de fin réelle) | BC46: POS_C_121 | BD46: =VLOOKUP(BC46,'Axe 2 Règles de gestion'!$D$2:$F$146,3, FALSE) -> La saisie d'une occurrence de congés/absences est interdite (date de fin prévisionnelle)
A47: 22.00.00 | B47: A | C47: 44714.728 | D47: D0004 | E47: Position | F47: S0028 | G47: Congé sans traitement | H47: E0313 | I47: Congé sans traitement pour donner des soins au conjoint ou au partenaire pacsé suite à accident/maladie graves | J47: Position saisie égale à 'Congé sans traitement pour donner des soins au conjoint ou au partenaire pacsé suite à accident/maladie graves' | K47: A_POS_POSIAD [Saisi] = 'NAC39' | L47: T0912 | M47: Congé sans traitement pour donner des soins au conjoint ou au partenaire pacsé suite à accident/maladie graves - Modification/Fin | N47: Modification | O47: L'indicateur de renouvellement saisi est égal à l'indicateur de renouvellement avant saisie | P47: A_POS_INDREN [Saisi] = A_POS_INDREN [Valeur avant saisie] | Q47: Stagiaire ou auditeur ou élève | R47: P0004 | S47: S | T47: Général | U47: Passant | V47: 44634 | X47: CST_I_013 ET CST_I_049 ET CST_D_003 ET CST_D_200 ET CST_D_004 ET CST_D_011 ET POS_C_004 ET POS_C_010 ET POS_C_012 ET POS_C_007 ET POS_C_111 ET POS_C_120 ET POS_C_121 | Y47: CST_I_013 | Z47: =VLOOKUP(Y47,'Axe 2 Règles de gestion'!$D$2:$F$146,3, FALSE) -> L'agent doit demander à reprendre ses fonctions au moins 2 mois avant l'expiration du congé en cours. | AA47: CST_I_049 | AB47: =VLOOKUP(AA47,'Axe 2 Règles de gestion'!$D$2:$F$146,3, FALSE) -> Si l'interruption du stage est d'au moins 1 an, la reprise des fonctions est subordonnée à une vérification des conditions de santé particulières exigées pour l'exercice de certaines fonctions par un médecin agréé et/ou par le conseil médical compétent. | AG47: CST_D_003 | AH47: =VLOOKUP(AG47,'Axe 2 Règles de gestion'!$D$2:$F$146,3, FALSE) -> La durée prévisionnelle maximale de chaque période est de un an. | AI47: CST_D_200 | AJ47: =VLOOKUP(AI47,'Axe 2 Règles de gestion'!$D$2:$F$146,3, FALSE) -> La durée réelle maximale de chaque période est de un an. | AK47: CST_D_004 | AL47: =VLOOKUP(AK47,'Axe 2 Règles de gestion'!$D$2:$F$146,3, FALSE) -> L'agent ne peut pas bénéficier de plus de 3 ans cumulés de congé sans traitement quels que soient les motifs de congés sans traitement : pour raisons personnelles ou familiales. | AM47: CST_D_011 | AN47: =VLOOKUP(AM47,'Axe 2 Règles de gestion'!$D$2:$F$146,3, FALSE) -> Le type de situation de famille de l'agent doit être "marié(e)" ou "pacsé(e)". | AQ47: POS_C_004 | AR47: =VLOOKUP(AQ47,'Axe 2 Règles de gestion'!$D$2:$F$146,3, FALSE) -> La date de début de position doit être antérieure ou égale à la date de fin prévisionnelle de position. | AS47: POS_C_010 | AT47: =VLOOKUP(AS47,'Axe 2 Règles de gestion'!$D$2:$F$146,3, FALSE) -> La date de début de position doit être antérieure ou égale à la date de fin réelle de position. | AU47: POS_C_012 | AV47: =VLOOKUP(AU47,'Axe 2 Règles de gestion'!$D$2:$F$146,3, FALSE) -> La date de fin prévisionnelle de la position doit être antérieure à la date limite de départ à la retraite. | AW47: POS_C_007 | AX47: =VLOOKUP(AW47,'Axe 2 Règles de gestion'!$D$2:$F$146,3, FALSE) -> La date de fin réelle de la position doit être antérieure à la date limite de départ à la retraite. | AY47: POS_C_111 | AZ47: =VLOOKUP(AY47,'Axe 2 Règles de gestion'!$D$2:$F$146,3, FALSE) -> La date de fin ou la date de fin prévisionnelle doit être saisie. | BA47: POS_C_120 | BB47: =VLOOKUP(BA47,'Axe 2 Règles de gestion'!$D$2:$F$146,3, FALSE) -> La saisie d'une occurrence de congés/absences est interdite (date de fin réelle) | BC47: POS_C_121 | BD47: =VLOOKUP(BC47,'Axe 2 Règles de gestion'!$D$2:$F$146,3, FALSE) -> La saisie d'une occurrence de congés/absences est interdite (date de fin prévisionnelle)
A48: 17.10.00 | B48: A | C48: 43152.5 | D48: D0004 | E48: Position | F48: S0028 | G48: Congé sans traitement | H48: E0313 | I48: Congé sans traitement pour donner des soins au conjoint ou au partenaire pacsé suite à accident/maladie graves | J48: Position saisie égale à 'Congé sans traitement pour donner des soins au conjoint ou au partenaire pacsé suite à accident/maladie graves' | K48: A_POS_POSIAD [Saisi] = 'NAC39' | L48: T0910 | M48: Congé sans traitement pour donner des soins au conjoint ou au partenaire pacsé suite à accident/maladie graves - Demande | N48: Création Modification | O48: Indicateur de renouvellement saisi = Non ET l'indicateur de renouvellement saisi est différent de l'indicateur de renouvellement avant saisie | P48: A_POS_INDREN [Saisi] = '0' ET A_POS_INDREN [Saisi] <> A_POS_INDREN [Valeur avant saisie] | Q48: Ouvrier d'état | R48: P0005 | S48: O | T48: Général | U48: Exclu | V48: 40725
A49: 17.10.00 | B49: A | C49: 43152.5 | D49: D0004 | E49: Position | F49: S0028 | G49: Congé sans traitement | H49: E0313 | I49: Congé sans traitement pour donner des soins au conjoint ou au partenaire pacsé suite à accident/maladie graves | J49: Position saisie égale à 'Congé sans traitement pour donner des soins au conjoint ou au partenaire pacsé suite à accident/maladie graves' | K49: A_POS_POSIAD [Saisi] = 'NAC39' | L49: T0911 | M49: Congé sans traitement pour donner des soins au conjoint ou au partenaire pacsé suite à accident/maladie graves - Renouvellement | N49: Création Modification | O49: Indicateur de renouvellement saisi = Oui ET l'indicateur de renouvellement saisi est différent de l'indicateur de renouvellement avant saisie | P49: A_POS_INDREN [Saisi] = '1' ET A_POS_INDREN [Saisi] <> A_POS_INDREN [Valeur avant saisie] | Q49: Ouvrier d'état | R49: P0005 | S49: O | T49: Général | U49: Exclu | V49: 40725
A50: 17.10.00 | B50: A | C50: 43152.5 | D50: D0004 | E50: Position | F50: S0028 | G50: Congé sans traitement | H50: E0313 | I50: Congé sans traitement pour donner des soins au conjoint ou au partenaire pacsé suite à accident/maladie graves | J50: Position saisie égale à 'Congé sans traitement pour donner des soins au conjoint ou au partenaire pacsé suite à accident/maladie graves' | K50: A_POS_POSIAD [Saisi] = 'NAC39' | L50: T0912 | M50: Congé sans traitement pour donner des soins au conjoint ou au partenaire pacsé suite à accident/maladie graves - Modification/Fin | N50: Modification | O50: L'indicateur de renouvellement saisi est égal à l'indicateur de renouvellement avant saisie | P50: A_POS_INDREN [Saisi] = A_POS_INDREN [Valeur avant saisie] | Q50: Ouvrier d'état | R50: P0005 | S50: O | T50: Général | U50: Exclu | V50: 40725
A51: 21.00.00 | B51: M | C51: 44368.708 | D51: D0004 | E51: Position | F51: S0028 | G51: Congé sans traitement | H51: E0313 | I51: Congé sans traitement pour donner des soins au conjoint ou au partenaire pacsé suite à accident/maladie graves | J51: Position saisie égale à 'Congé sans traitement pour donner des soins au conjoint ou au partenaire pacsé suite à accident/maladie graves' | K51: A_POS_POSIAD [Saisi] = 'NAC39' | L51: T0910 | M51: Congé sans traitement pour donner des soins au conjoint ou au partenaire pacsé suite à accident/maladie graves - Demande | N51: Création Modification | O51: Indicateur de renouvellement saisi = Non ET l'indicateur de renouvellement saisi est différent de l'indicateur de renouvellement avant saisie | P51: A_POS_INDREN [Saisi] = '0' ET A_POS_INDREN [Saisi] <> A_POS_INDREN [Valeur avant saisie] | Q51: Auditeur de justice | R51: P0009 | S51: S | T51: Particulier | U51: Passant | V51: 40725 | X51: CST_I_022 ET CST_I_023 ET CST_D_157 ET CST_D_210 ET CST_D_185 ET CST_D_164 ET POS_C_100 ET POS_C_005 ET POS_C_022 ET POS_C_004 ET POS_C_010 ET POS_C_012 ET POS_C_007 ET POS_C_111 ET POS_C_120 ET POS_C_121 | Y51: CST_I_022 | Z51: =VLOOKUP(Y51,'Axe 2 Règles de gestion'!$D$2:$F$146,3, FALSE) -> L'agent doit présenter une demande de congé sans traitement. | AA51: CST_I_023 | AB51: =VLOOKUP(AA51,'Axe 2 Règles de gestion'!$D$2:$F$146,3, FALSE) -> La demande est accordée de droit par le supérieur hiérarchique. | AG51: CST_D_157 | AH51: =VLOOKUP(AG51,'Axe 2 Règles de gestion'!$D$2:$F$146,3, FALSE) -> La durée prévisionnelle maximale de chaque période est de un an. | AI51: CST_D_210 | AJ51: =VLOOKUP(AI51,'Axe 2 Règles de gestion'!$D$2:$F$146,3, FALSE) -> La durée réelle maximale de chaque période est de un an. | AK51: CST_D_185 | AL51: =VLOOKUP(AK51,'Axe 2 Règles de gestion'!$D$2:$F$146,3, FALSE) -> L'agent ne peut pas bénéficier de plus de 3 ans cumulés de congé sans traitement quels que soient les motifs de congés sans traitement : pour raisons personnelles ou familiales. | AM51: CST_D_164 | AN51: =VLOOKUP(AM51,'Axe 2 Règles de gestion'!$D$2:$F$146,3, FALSE) -> Le type de situation de famille de l'agent doit être "marié(e)" ou "pacsé(e)". | AQ51: POS_C_100 | AR51: =VLOOKUP(AQ51,'Axe 2 Règles de gestion'!$D$2:$F$146,3, FALSE) -> Lors de la demande initiale, l'agent doit être en activité. | AS51: POS_C_005 | AT51: =VLOOKUP(AS51,'Axe 2 Règles de gestion'!$D$2:$F$146,3, FALSE) -> La date de début de la position doit être postérieure ou égale à la date d'entrée dans la FPE ou dans la carrière militaire. | AU51: POS_C_022 | AV51: =VLOOKUP(AU51,'Axe 2 Règles de gestion'!$D$2:$F$146,3, FALSE) -> La date de début de position est à J+1 de la date de fin de position de l'occurrence précédente. | AW51: POS_C_004 | AX51: =VLOOKUP(AW51,'Axe 2 Règles de gestion'!$D$2:$F$146,3, FALSE) -> La date de début de position doit être antérieure ou égale à la date de fin prévisionnelle de position. | AY51: POS_C_010 | AZ51: =VLOOKUP(AY51,'Axe 2 Règles de gestion'!$D$2:$F$146,3, FALSE) -> La date de début de position doit être antérieure ou égale à la date de fin réelle de position. | BA51: POS_C_012 | BB51: =VLOOKUP(BA51,'Axe 2 Règles de gestion'!$D$2:$F$146,3, FALSE) -> La date de fin prévisionnelle de la position doit être antérieure à la date limite de départ à la retraite. | BC51: POS_C_007 | BD51: =VLOOKUP(BC51,'Axe 2 Règles de gestion'!$D$2:$F$146,3, FALSE) -> La date de fin réelle de la position doit être antérieure à la date limite de départ à la retraite. | BE51: POS_C_111 | BF51: =VLOOKUP(BE51,'Axe 2 Règles de gestion'!$D$2:$F$146,3, FALSE) -> La date de fin ou la date de fin prévisionnelle doit être saisie. | BG51: POS_C_120 | BH51: =VLOOKUP(BG51,'Axe 2 Règles de gestion'!$D$2:$F$146,3, FALSE) -> La saisie d'une occurrence de congés/absences est interdite (date de fin réelle) | BI51: POS_C_121 | BJ51: =VLOOKUP(BI51,'Axe 2 Règles de gestion'!$D$2:$F$146,3, FALSE) -> La saisie d'une occurrence de congés/absences est interdite (date de fin prévisionnelle)
A52: 21.00.00 | B52: M | C52: 44368.708 | D52: D0004 | E52: Position | F52: S0028 | G52: Congé sans traitement | H52: E0313 | I52: Congé sans traitement pour donner des soins au conjoint ou au partenaire pacsé suite à accident/maladie graves | J52: Position saisie égale à 'Congé sans traitement pour donner des soins au conjoint ou au partenaire pacsé suite à accident/maladie graves' | K52: A_POS_POSIAD [Saisi] = 'NAC39' | L52: T0911 | M52: Congé sans traitement pour donner des soins au conjoint ou au partenaire pacsé suite à accident/maladie graves - Renouvellement | N52: Création Modification | O52: Indicateur de renouvellement saisi = Oui ET l'indicateur de renouvellement saisi est différent de l'indicateur de renouvellement avant saisie | P52: A_POS_INDREN [Saisi] = '1' ET A_POS_INDREN [Saisi] <> A_POS_INDREN [Valeur avant saisie] | Q52: Auditeur de justice | R52: P0009 | S52: S | T52: Particulier | U52: Passant | V52: 40725 | X52: CST_I_024 ET CST_D_157 ET CST_D_210 ET CST_D_185 ET CST_D_164 ET POS_C_005 ET POS_C_022 ET POS_C_004 ET POS_C_010 ET POS_C_012 ET POS_C_007 ET POS_C_111 ET POS_C_120 ET POS_C_121 | Y52: CST_I_024 | Z52: =VLOOKUP(Y52,'Axe 2 Règles de gestion'!$D$2:$F$146,3, FALSE) -> L'agent peut renouveler le congé sans traitement 2 fois. | AG52: CST_D_157 | AH52: =VLOOKUP(AG52,'Axe 2 Règles de gestion'!$D$2:$F$146,3, FALSE) -> La durée prévisionnelle maximale de chaque période est de un an. | AI52: CST_D_210 | AJ52: =VLOOKUP(AI52,'Axe 2 Règles de gestion'!$D$2:$F$146,3, FALSE) -> La durée réelle maximale de chaque période est de un an. | AK52: CST_D_185 | AL52: =VLOOKUP(AK52,'Axe 2 Règles de gestion'!$D$2:$F$146,3, FALSE) -> L'agent ne peut pas bénéficier de plus de 3 ans cumulés de congé sans traitement quels que soient les motifs de congés sans traitement : pour raisons personnelles ou familiales. | AM52: CST_D_164 | AN52: =VLOOKUP(AM52,'Axe 2 Règles de gestion'!$D$2:$F$146,3, FALSE) -> Le type de situation de famille de l'agent doit être "marié(e)" ou "pacsé(e)". | AQ52: POS_C_005 | AR52: =VLOOKUP(AQ52,'Axe 2 Règles de gestion'!$D$2:$F$146,3, FALSE) -> La date de début de la position doit être postérieure ou égale à la date d'entrée dans la FPE ou dans la carrière militaire. | AS52: POS_C_022 | AT52: =VLOOKUP(AS52,'Axe 2 Règles de gestion'!$D$2:$F$146,3, FALSE) -> La date de début de position est à J+1 de la date de fin de position de l'occurrence précédente. | AU52: POS_C_004 | AV52: =VLOOKUP(AU52,'Axe 2 Règles de gestion'!$D$2:$F$146,3, FALSE) -> La date de début de position doit être antérieure ou égale à la date de fin prévisionnelle de position. | AW52: POS_C_010 | AX52: =VLOOKUP(AW52,'Axe 2 Règles de gestion'!$D$2:$F$146,3, FALSE) -> La date de début de position doit être antérieure ou égale à la date de fin réelle de position. | AY52: POS_C_012 | AZ52: =VLOOKUP(AY52,'Axe 2 Règles de gestion'!$D$2:$F$146,3, FALSE) -> La date de fin prévisionnelle de la position doit être antérieure à la date limite de départ à la retraite. | BA52: POS_C_007 | BB52: =VLOOKUP(BA52,'Axe 2 Règles de gestion'!$D$2:$F$146,3, FALSE) -> La date de fin réelle de la position doit être antérieure à la date limite de départ à la retraite. | BC52: POS_C_111 | BD52: =VLOOKUP(BC52,'Axe 2 Règles de gestion'!$D$2:$F$146,3, FALSE) -> La date de fin ou la date de fin prévisionnelle doit être saisie. | BE52: POS_C_120 | BF52: =VLOOKUP(BE52,'Axe 2 Règles de gestion'!$D$2:$F$146,3, FALSE) -> La saisie d'une occurrence de congés/absences est interdite (date de fin réelle) | BG52: POS_C_121 | BH52: =VLOOKUP(BG52,'Axe 2 Règles de gestion'!$D$2:$F$146,3, FALSE) -> La saisie d'une occurrence de congés/absences est interdite (date de fin prévisionnelle)
A53: 22.00.00 | B53: M | C53: 44714.729 | D53: D0004 | E53: Position | F53: S0028 | G53: Congé sans traitement | H53: E0313 | I53: Congé sans traitement pour donner des soins au conjoint ou au partenaire pacsé suite à accident/maladie graves | J53: Position saisie égale à 'Congé sans traitement pour donner des soins au conjoint ou au partenaire pacsé suite à accident/maladie graves' | K53: A_POS_POSIAD [Saisi] = 'NAC39' | L53: T0912 | M53: Congé sans traitement pour donner des soins au conjoint ou au partenaire pacsé suite à accident/maladie graves - Modification/Fin | N53: Modification | O53: L'indicateur de renouvellement saisi est égal à l'indicateur de renouvellement avant saisie | P53: A_POS_INDREN [Saisi] = A_POS_INDREN [Valeur avant saisie] | Q53: Auditeur de justice | R53: P0009 | S53: S | T53: Particulier | U53: Passant | V53: 40725 | W53: 44633 | X53: CST_I_027 ET CST_I_028 ET CST_D_157 ET CST_D_210 ET CST_D_185 ET CST_D_164 ET POS_C_004 ET POS_C_010 ET POS_C_012 ET POS_C_007 ET POS_C_111 ET POS_C_120 ET POS_C_121 | Y53: CST_I_027 | Z53: =VLOOKUP(Y53,'Axe 2 Règles de gestion'!$D$2:$F$146,3, FALSE) -> L'agent doit demander à reprendre ses fonctions 2 mois au moins avant l'expiration du congé en cours. | AA53: CST_I_028 | AB53: =VLOOKUP(AA53,'Axe 2 Règles de gestion'!$D$2:$F$146,3, FALSE) -> Si l'interruption du stage est d'au moins 1 an, la reprise des fonctions est subordonnée à une vérification de l'aptitude physique à l'exercice des fonctions par un médecin agréé et, éventuellement, par le comité médical compétent. | AG53: CST_D_157 | AH53: =VLOOKUP(AG53,'Axe 2 Règles de gestion'!$D$2:$F$146,3, FALSE) -> La durée prévisionnelle maximale de chaque période est de un an. | AI53: CST_D_210 | AJ53: =VLOOKUP(AI53,'Axe 2 Règles de gestion'!$D$2:$F$146,3, FALSE) -> La durée réelle maximale de chaque période est de un an. | AK53: CST_D_185 | AL53: =VLOOKUP(AK53,'Axe 2 Règles de gestion'!$D$2:$F$146,3, FALSE) -> L'agent ne peut pas bénéficier de plus de 3 ans cumulés de congé sans traitement quels que soient les motifs de congés sans traitement : pour raisons personnelles ou familiales. | AM53: CST_D_164 | AN53: =VLOOKUP(AM53,'Axe 2 Règles de gestion'!$D$2:$F$146,3, FALSE) -> Le type de situation de famille de l'agent doit être "marié(e)" ou "pacsé(e)". | AQ53: POS_C_004 | AR53: =VLOOKUP(AQ53,'Axe 2 Règles de gestion'!$D$2:$F$146,3, FALSE) -> La date de début de position doit être antérieure ou égale à la date de fin prévisionnelle de position. | AS53: POS_C_010 | AT53: =VLOOKUP(AS53,'Axe 2 Règles de gestion'!$D$2:$F$146,3, FALSE) -> La date de début de position doit être antérieure ou égale à la date de fin réelle de position. | AU53: POS_C_012 | AV53: =VLOOKUP(AU53,'Axe 2 Règles de gestion'!$D$2:$F$146,3, FALSE) -> La date de fin prévisionnelle de la position doit être antérieure à la date limite de départ à la retraite. | AW53: POS_C_007 | AX53: =VLOOKUP(AW53,'Axe 2 Règles de gestion'!$D$2:$F$146,3, FALSE) -> La date de fin réelle de la position doit être antérieure à la date limite de départ à la retraite. | AY53: POS_C_111 | AZ53: =VLOOKUP(AY53,'Axe 2 Règles de gestion'!$D$2:$F$146,3, FALSE) -> La date de fin ou la date de fin prévisionnelle doit être saisie. | BA53: POS_C_120 | BB53: =VLOOKUP(BA53,'Axe 2 Règles de gestion'!$D$2:$F$146,3, FALSE) -> La saisie d'une occurrence de congés/absences est interdite (date de fin réelle) | BC53: POS_C_121 | BD53: =VLOOKUP(BC53,'Axe 2 Règles de gestion'!$D$2:$F$146,3, FALSE) -> La saisie d'une occurrence de congés/absences est interdite (date de fin prévisionnelle)
A54: 22.00.00 | B54: A | C54: 44714.731 | D54: D0004 | E54: Position | F54: S0028 | G54: Congé sans traitement | H54: E0313 | I54: Congé sans traitement pour donner des soins au conjoint ou au partenaire pacsé suite à accident/maladie graves | J54: Position saisie égale à 'Congé sans traitement pour donner des soins au conjoint ou au partenaire pacsé suite à accident/maladie graves' | K54: A_POS_POSIAD [Saisi] = 'NAC39' | L54: T0912 | M54: Congé sans traitement pour donner des soins au conjoint ou au partenaire pacsé suite à accident/maladie graves - Modification/Fin | N54: Modification | O54: L'indicateur de renouvellement saisi est égal à l'indicateur de renouvellement avant saisie | P54: A_POS_INDREN [Saisi] = A_POS_INDREN [Valeur avant saisie] | Q54: Auditeur de justice | R54: P0009 | S54: S | T54: Particulier | U54: Passant | V54: 44634 | X54: CST_I_027 ET CST_I_051 ET CST_D_157 ET CST_D_210 ET CST_D_185 ET CST_D_164 ET POS_C_004 ET POS_C_010 ET POS_C_012 ET POS_C_007 ET POS_C_111 ET POS_C_120 ET POS_C_121 | Y54: CST_I_027 | Z54: =VLOOKUP(Y54,'Axe 2 Règles de gestion'!$D$2:$F$146,3, FALSE) -> L'agent doit demander à reprendre ses fonctions 2 mois au moins avant l'expiration du congé en cours. | AA54: CST_I_051 | AB54: =VLOOKUP(AA54,'Axe 2 Règles de gestion'!$D$2:$F$146,3, FALSE) -> Si l'interruption du stage est d'au moins 1 an, la reprise des fonctions est subordonnée à une vérification des conditions de santé particulières exigées pour l'exercice de certaines fonctions par un médecin agréé et/ou par le conseil médical compétent. | AG54: CST_D_157 | AH54: =VLOOKUP(AG54,'Axe 2 Règles de gestion'!$D$2:$F$146,3, FALSE) -> La durée prévisionnelle maximale de chaque période est de un an. | AI54: CST_D_210 | AJ54: =VLOOKUP(AI54,'Axe 2 Règles de gestion'!$D$2:$F$146,3, FALSE) -> La durée réelle maximale de chaque période est de un an. | AK54: CST_D_185 | AL54: =VLOOKUP(AK54,'Axe 2 Règles de gestion'!$D$2:$F$146,3, FALSE) -> L'agent ne peut pas bénéficier de plus de 3 ans cumulés de congé sans traitement quels que soient les motifs de congés sans traitement : pour raisons personnelles ou familiales. | AM54: CST_D_164 | AN54: =VLOOKUP(AM54,'Axe 2 Règles de gestion'!$D$2:$F$146,3, FALSE) -> Le type de situation de famille de l'agent doit être "marié(e)" ou "pacsé(e)". | AQ54: POS_C_004 | AR54: =VLOOKUP(AQ54,'Axe 2 Règles de gestion'!$D$2:$F$146,3, FALSE) -> La date de début de position doit être antérieure ou égale à la date de fin prévisionnelle de position. | AS54: POS_C_010 | AT54: =VLOOKUP(AS54,'Axe 2 Règles de gestion'!$D$2:$F$146,3, FALSE) -> La date de début de position doit être antérieure ou égale à la date de fin réelle de position. | AU54: POS_C_012 | AV54: =VLOOKUP(AU54,'Axe 2 Règles de gestion'!$D$2:$F$146,3, FALSE) -> La date de fin prévisionnelle de la position doit être antérieure à la date limite de départ à la retraite. | AW54: POS_C_007 | AX54: =VLOOKUP(AW54,'Axe 2 Règles de gestion'!$D$2:$F$146,3, FALSE) -> La date de fin réelle de la position doit être antérieure à la date limite de départ à la retraite. | AY54: POS_C_111 | AZ54: =VLOOKUP(AY54,'Axe 2 Règles de gestion'!$D$2:$F$146,3, FALSE) -> La date de fin ou la date de fin prévisionnelle doit être saisie. | BA54: POS_C_120 | BB54: =VLOOKUP(BA54,'Axe 2 Règles de gestion'!$D$2:$F$146,3, FALSE) -> La saisie d'une occurrence de congés/absences est interdite (date de fin réelle) | BC54: POS_C_121 | BD54: =VLOOKUP(BC54,'Axe 2 Règles de gestion'!$D$2:$F$146,3, FALSE) -> La saisie d'une occurrence de congés/absences est interdite (date de fin prévisionnelle)
A55: 17.10.00 | B55: A | C55: 43152.5 | D55: D0004 | E55: Position | F55: S0028 | G55: Congé sans traitement | H55: E0315 | I55: Congé sans traitement pour donner des soins à ascendant suite à accident/maladie graves | J55: Position saisie égale à 'Congé sans traitement pour donner des soins à ascendant suite à accident/maladie graves' | K55: A_POS_POSIAD [Saisi] = 'NAC42' | L55: T0916 | M55: Congé sans traitement pour donner des soins à ascendant suite à accident/maladie graves - Demande | N55: Création Modification | O55: Indicateur de renouvellement saisi = Non ET l'indicateur de renouvellement saisi est différent de l'indicateur de renouvellement avant saisie | P55: A_POS_INDREN [Saisi] = '0' ET A_POS_INDREN [Saisi] <> A_POS_INDREN [Valeur avant saisie] | Q55: Titulaire ou magistrat | R55: P0001 | S55: T | T55: Général | U55: Exclu | V55: 40725
A56: 17.10.00 | B56: A | C56: 43152.5 | D56: D0004 | E56: Position | F56: S0028 | G56: Congé sans traitement | H56: E0315 | I56: Congé sans traitement pour donner des soins à ascendant suite à accident/maladie graves | J56: Position saisie égale à 'Congé sans traitement pour donner des soins à ascendant suite à accident/maladie graves' | K56: A_POS_POSIAD [Saisi] = 'NAC42' | L56: T0917 | M56: Congé sans traitement pour donner des soins à ascendant suite à accident/maladie graves - Renouvellement | N56: Création Modification | O56: Indicateur de renouvellement saisi = Oui ET l'indicateur de renouvellement saisi est différent de l'indicateur de renouvellement avant saisie | P56: A_POS_INDREN [Saisi] = '1' ET A_POS_INDREN [Saisi] <> A_POS_INDREN [Valeur avant saisie] | Q56: Titulaire ou magistrat | R56: P0001 | S56: T | T56: Général | U56: Exclu | V56: 40725
A57: 17.10.00 | B57: A | C57: 43152.5 | D57: D0004 | E57: Position | F57: S0028 | G57: Congé sans traitement | H57: E0315 | I57: Congé sans traitement pour donner des soins à ascendant suite à accident/maladie graves | J57: Position saisie égale à 'Congé sans traitement pour donner des soins à ascendant suite à accident/maladie graves' | K57: A_POS_POSIAD [Saisi] = 'NAC42' | L57: T0918 | M57: Congé sans traitement pour donner des soins à ascendant suite à accident/maladie graves - Modification/Fin | N57: Modification | O57: L'indicateur de renouvellement saisi est égal à l'indicateur de renouvellement avant saisie | P57: A_POS_INDREN [Saisi] = A_POS_INDREN [Valeur avant saisie] | Q57: Titulaire ou magistrat | R57: P0001 | S57: T | T57: Général | U57: Exclu | V57: 40725
A58: 17.10.00 | B58: A | C58: 43152.5 | D58: D0004 | E58: Position | F58: S0028 | G58: Congé sans traitement | H58: E0315 | I58: Congé sans traitement pour donner des soins à ascendant suite à accident/maladie graves | J58: Position saisie égale à 'Congé sans traitement pour donner des soins à ascendant suite à accident/maladie graves' | K58: A_POS_POSIAD [Saisi] = 'NAC42' | L58: T0916 | M58: Congé sans traitement pour donner des soins à ascendant suite à accident/maladie graves - Demande | N58: Création Modification | O58: Indicateur de renouvellement saisi = Non ET l'indicateur de renouvellement saisi est différent de l'indicateur de renouvellement avant saisie | P58: A_POS_INDREN [Saisi] = '0' ET A_POS_INDREN [Saisi] <> A_POS_INDREN [Valeur avant saisie] | Q58: Militaire | R58: P0002 | S58: M | T58: Général | U58: Exclu | V58: 40725
A59: 17.10.00 | B59: A | C59: 43152.5 | D59: D0004 | E59: Position | F59: S0028 | G59: Congé sans traitement | H59: E0315 | I59: Congé sans traitement pour donner des soins à ascendant suite à accident/maladie graves | J59: Position saisie égale à 'Congé sans traitement pour donner des soins à ascendant suite à accident/maladie graves' | K59: A_POS_POSIAD [Saisi] = 'NAC42' | L59: T0917 | M59: Congé sans traitement pour donner des soins à ascendant suite à accident/maladie graves - Renouvellement | N59: Création Modification | O59: Indicateur de renouvellement saisi = Oui ET l'indicateur de renouvellement saisi est différent de l'indicateur de renouvellement avant saisie | P59: A_POS_INDREN [Saisi] = '1' ET A_POS_INDREN [Saisi] <> A_POS_INDREN [Valeur avant saisie] | Q59: Militaire | R59: P0002 | S59: M | T59: Général | U59: Exclu | V59: 40725
A60: 17.10.00 | B60: A | C60: 43152.5 | D60: D0004 | E60: Position | F60: S0028 | G60: Congé sans traitement | H60: E0315 | I60: Congé sans traitement pour donner des soins à ascendant suite à accident/maladie graves | J60: Position saisie égale à 'Congé sans traitement pour donner des soins à ascendant suite à accident/maladie graves' | K60: A_POS_POSIAD [Saisi] = 'NAC42' | L60: T0918 | M60: Congé sans traitement pour donner des soins à ascendant suite à accident/maladie graves - Modification/Fin | N60: Modification | O60: L'indicateur de renouvellement saisi est égal à l'indicateur de renouvellement avant saisie | P60: A_POS_INDREN [Saisi] = A_POS_INDREN [Valeur avant saisie] | Q60: Militaire | R60: P0002 | S60: M | T60: Général | U60: Exclu | V60: 40725
A61: 17.10.00 | B61: A | C61: 43152.5 | D61: D0004 | E61: Position | F61: S0028 | G61: Congé sans traitement | H61: E0315 | I61: Congé sans traitement pour donner des soins à ascendant suite à accident/maladie graves | J61: Position saisie égale à 'Congé sans traitement pour donner des soins à ascendant suite à accident/maladie graves' | K61: A_POS_POSIAD [Saisi] = 'NAC42' | L61: T0916 | M61: Congé sans traitement pour donner des soins à ascendant suite à accident/maladie graves - Demande | N61: Création Modification | O61: Indicateur de renouvellement saisi = Non ET l'indicateur de renouvellement saisi est différent de l'indicateur de renouvellement avant saisie | P61: A_POS_INDREN [Saisi] = '0' ET A_POS_INDREN [Saisi] <> A_POS_INDREN [Valeur avant saisie] | Q61: Contractuel | R61: P0003 | S61: N | T61: Général | U61: Exclu | V61: 40725
A62: 17.10.00 | B62: A | C62: 43152.5 | D62: D0004 | E62: Position | F62: S0028 | G62: Congé sans traitement | H62: E0315 | I62: Congé sans traitement pour donner des soins à ascendant suite à accident/maladie graves | J62: Position saisie égale à 'Congé sans traitement pour donner des soins à ascendant suite à accident/maladie graves' | K62: A_POS_POSIAD [Saisi] = 'NAC42' | L62: T0917 | M62: Congé sans traitement pour donner des soins à ascendant suite à accident/maladie graves - Renouvellement | N62: Création Modification | O62: Indicateur de renouvellement saisi = Oui ET l'indicateur de renouvellement saisi est différent de l'indicateur de renouvellement avant saisie | P62: A_POS_INDREN [Saisi] = '1' ET A_POS_INDREN [Saisi] <> A_POS_INDREN [Valeur avant saisie] | Q62: Contractuel | R62: P0003 | S62: N | T62: Général | U62: Exclu | V62: 40725
A63: 17.10.00 | B63: A | C63: 43152.5 | D63: D0004 | E63: Position | F63: S0028 | G63: Congé sans traitement | H63: E0315 | I63: Congé sans traitement pour donner des soins à ascendant suite à accident/maladie graves | J63: Position saisie égale à 'Congé sans traitement pour donner des soins à ascendant suite à accident/maladie graves' | K63: A_POS_POSIAD [Saisi] = 'NAC42' | L63: T0918 | M63: Congé sans traitement pour donner des soins à ascendant suite à accident/maladie graves - Modification/Fin | N63: Modification | O63: L'indicateur de renouvellement saisi est égal à l'indicateur de renouvellement avant saisie | P63: A_POS_INDREN [Saisi] = A_POS_INDREN [Valeur avant saisie] | Q63: Contractuel | R63: P0003 | S63: N | T63: Général | U63: Exclu | V63: 40725
A64: 21.00.00 | B64: M | C64: 44368.708 | D64: D0004 | E64: Position | F64: S0028 | G64: Congé sans traitement | H64: E0315 | I64: Congé sans traitement pour donner des soins à ascendant suite à accident/maladie graves | J64: Position saisie égale à 'Congé sans traitement pour donner des soins à ascendant suite à accident/maladie graves' | K64: A_POS_POSIAD [Saisi] = 'NAC42' | L64: T0916 | M64: Congé sans traitement pour donner des soins à ascendant suite à accident/maladie graves - Demande | N64: Création Modification | O64: Indicateur de renouvellement saisi = Non ET l'indicateur de renouvellement saisi est différent de l'indicateur de renouvellement avant saisie | P64: A_POS_INDREN [Saisi] = '0' ET A_POS_INDREN [Saisi] <> A_POS_INDREN [Valeur avant saisie] | Q64: Stagiaire ou auditeur ou élève | R64: P0004 | S64: S | T64: Général | U64: Passant | V64: 40725 | X64: CST_I_001 ET CST_I_002 ET CST_D_003 ET CST_D_200 ET CST_D_004 ET POS_C_100 ET POS_C_005 ET POS_C_022 ET POS_C_004 ET POS_C_010 ET POS_C_012 ET POS_C_007 ET POS_C_111 ET POS_C_120 ET POS_C_121 | Y64: CST_I_001 | Z64: =VLOOKUP(Y64,'Axe 2 Règles de gestion'!$D$2:$F$146,3, FALSE) -> L'agent doit présenter une demande de congé sans traitement. | AA64: CST_I_002 | AB64: =VLOOKUP(AA64,'Axe 2 Règles de gestion'!$D$2:$F$146,3, FALSE) -> La demande est accordée de droit par le supérieur hiérarchique. | AG64: CST_D_003 | AH64: =VLOOKUP(AG64,'Axe 2 Règles de gestion'!$D$2:$F$146,3, FALSE) -> La durée prévisionnelle maximale de chaque période est de un an. | AI64: CST_D_200 | AJ64: =VLOOKUP(AI64,'Axe 2 Règles de gestion'!$D$2:$F$146,3, FALSE) -> La durée réelle maximale de chaque période est de un an. | AK64: CST_D_004 | AL64: =VLOOKUP(AK64,'Axe 2 Règles de gestion'!$D$2:$F$146,3, FALSE) -> L'agent ne peut pas bénéficier de plus de 3 ans cumulés de congé sans traitement quels que soient les motifs de congés sans traitement : pour raisons personnelles ou familiales. | AQ64: POS_C_100 | AR64: =VLOOKUP(AQ64,'Axe 2 Règles de gestion'!$D$2:$F$146,3, FALSE) -> Lors de la demande initiale, l'agent doit être en activité. | AS64: POS_C_005 | AT64: =VLOOKUP(AS64,'Axe 2 Règles de gestion'!$D$2:$F$146,3, FALSE) -> La date de début de la position doit être postérieure ou égale à la date d'entrée dans la FPE ou dans la carrière militaire. | AU64: POS_C_022 | AV64: =VLOOKUP(AU64,'Axe 2 Règles de gestion'!$D$2:$F$146,3, FALSE) -> La date de début de position est à J+1 de la date de fin de position de l'occurrence précédente. | AW64: POS_C_004 | AX64: =VLOOKUP(AW64,'Axe 2 Règles de gestion'!$D$2:$F$146,3, FALSE) -> La date de début de position doit être antérieure ou égale à la date de fin prévisionnelle de position. | AY64: POS_C_010 | AZ64: =VLOOKUP(AY64,'Axe 2 Règles de gestion'!$D$2:$F$146,3, FALSE) -> La date de début de position doit être antérieure ou égale à la date de fin réelle de position. | BA64: POS_C_012 | BB64: =VLOOKUP(BA64,'Axe 2 Règles de gestion'!$D$2:$F$146,3, FALSE) -> La date de fin prévisionnelle de la position doit être antérieure à la date limite de départ à la retraite. | BC64: POS_C_007 | BD64: =VLOOKUP(BC64,'Axe 2 Règles de gestion'!$D$2:$F$146,3, FALSE) -> La date de fin réelle de la position doit être antérieure à la date limite de départ à la retraite. | BE64: POS_C_111 | BF64: =VLOOKUP(BE64,'Axe 2 Règles de gestion'!$D$2:$F$146,3, FALSE) -> La date de fin ou la date de fin prévisionnelle doit être saisie. | BG64: POS_C_120 | BH64: =VLOOKUP(BG64,'Axe 2 Règles de gestion'!$D$2:$F$146,3, FALSE) -> La saisie d'une occurrence de congés/absences est interdite (date de fin réelle) | BI64: POS_C_121 | BJ64: =VLOOKUP(BI64,'Axe 2 Règles de gestion'!$D$2:$F$146,3, FALSE) -> La saisie d'une occurrence de congés/absences est interdite (date de fin prévisionnelle)
A65: 21.00.00 | B65: M | C65: 44368.708 | D65: D0004 | E65: Position | F65: S0028 | G65: Congé sans traitement | H65: E0315 | I65: Congé sans traitement pour donner des soins à ascendant suite à accident/maladie graves | J65: Position saisie égale à 'Congé sans traitement pour donner des soins à ascendant suite à accident/maladie graves' | K65: A_POS_POSIAD [Saisi] = 'NAC42' | L65: T0917 | M65: Congé sans traitement pour donner des soins à ascendant suite à accident/maladie graves - Renouvellement | N65: Création Modification | O65: Indicateur de renouvellement saisi = Oui ET l'indicateur de renouvellement saisi est différent de l'indicateur de renouvellement avant saisie | P65: A_POS_INDREN [Saisi] = '1' ET A_POS_INDREN [Saisi] <> A_POS_INDREN [Valeur avant saisie] | Q65: Stagiaire ou auditeur ou élève | R65: P0004 | S65: S | T65: Général | U65: Passant | V65: 40725 | X65: CST_I_003 ET CST_D_003 ET CST_D_200 ET CST_D_004 ET POS_C_005 ET POS_C_022 ET POS_C_004 ET POS_C_010 ET POS_C_012 ET POS_C_007 ET POS_C_111 ET POS_C_120 ET POS_C_121 | Y65: CST_I_003 | Z65: =VLOOKUP(Y65,'Axe 2 Règles de gestion'!$D$2:$F$146,3, FALSE) -> L'agent peut renouveler le congé sans traitement 2 fois. | AG65: CST_D_003 | AH65: =VLOOKUP(AG65,'Axe 2 Règles de gestion'!$D$2:$F$146,3, FALSE) -> La durée prévisionnelle maximale de chaque période est de un an. | AI65: CST_D_200 | AJ65: =VLOOKUP(AI65,'Axe 2 Règles de gestion'!$D$2:$F$146,3, FALSE) -> La durée réelle maximale de chaque période est de un an. | AK65: CST_D_004 | AL65: =VLOOKUP(AK65,'Axe 2 Règles de gestion'!$D$2:$F$146,3, FALSE) -> L'agent ne peut pas bénéficier de plus de 3 ans cumulés de congé sans traitement quels que soient les motifs de congés sans traitement : pour raisons personnelles ou familiales. | AQ65: POS_C_005 | AR65: =VLOOKUP(AQ65,'Axe 2 Règles de gestion'!$D$2:$F$146,3, FALSE) -> La date de début de la position doit être postérieure ou égale à la date d'entrée dans la FPE ou dans la carrière militaire. | AS65: POS_C_022 | AT65: =VLOOKUP(AS65,'Axe 2 Règles de gestion'!$D$2:$F$146,3, FALSE) -> La date de début de position est à J+1 de la date de fin de position de l'occurrence précédente. | AU65: POS_C_004 | AV65: =VLOOKUP(AU65,'Axe 2 Règles de gestion'!$D$2:$F$146,3, FALSE) -> La date de début de position doit être antérieure ou égale à la date de fin prévisionnelle de position. | AW65: POS_C_010 | AX65: =VLOOKUP(AW65,'Axe 2 Règles de gestion'!$D$2:$F$146,3, FALSE) -> La date de début de position doit être antérieure ou égale à la date de fin réelle de position. | AY65: POS_C_012 | AZ65: =VLOOKUP(AY65,'Axe 2 Règles de gestion'!$D$2:$F$146,3, FALSE) -> La date de fin prévisionnelle de la position doit être antérieure à la date limite de départ à la retraite. | BA65: POS_C_007 | BB65: =VLOOKUP(BA65,'Axe 2 Règles de gestion'!$D$2:$F$146,3, FALSE) -> La date de fin réelle de la position doit être antérieure à la date limite de départ à la retraite. | BC65: POS_C_111 | BD65: =VLOOKUP(BC65,'Axe 2 Règles de gestion'!$D$2:$F$146,3, FALSE) -> La date de fin ou la date de fin prévisionnelle doit être saisie. | BE65: POS_C_120 | BF65: =VLOOKUP(BE65,'Axe 2 Règles de gestion'!$D$2:$F$146,3, FALSE) -> La saisie d'une occurrence de congés/absences est interdite (date de fin réelle) | BG65: POS_C_121 | BH65: =VLOOKUP(BG65,'Axe 2 Règles de gestion'!$D$2:$F$146,3, FALSE) -> La saisie d'une occurrence de congés/absences est interdite (date de fin prévisionnelle)
A66: 22.00.00 | B66: M | C66: 44715.398 | D66: D0004 | E66: Position | F66: S0028 | G66: Congé sans traitement | H66: E0315 | I66: Congé sans traitement pour donner des soins à ascendant suite à accident/maladie graves | J66: Position saisie égale à 'Congé sans traitement pour donner des soins à ascendant suite à accident/maladie graves' | K66: A_POS_POSIAD [Saisi] = 'NAC42' | L66: T0918 | M66: Congé sans traitement pour donner des soins à ascendant suite à accident/maladie graves - Modification/Fin | N66: Modification | O66: L'indicateur de renouvellement saisi est égal à l'indicateur de renouvellement avant saisie | P66: A_POS_INDREN [Saisi] = A_POS_INDREN [Valeur avant saisie] | Q66: Stagiaire ou auditeur ou élève | R66: P0004 | S66: S | T66: Général | U66: Passant | V66: 40725 | W66: 44633 | X66: CST_I_013 ET CST_I_014 ET CST_D_003 ET CST_D_200 ET CST_D_004 ET POS_C_004 ET POS_C_010 ET POS_C_012 ET POS_C_007 ET POS_C_111 ET POS_C_120 ET POS_C_121 | Y66: CST_I_013 | Z66: =VLOOKUP(Y66,'Axe 2 Règles de gestion'!$D$2:$F$146,3, FALSE) -> L'agent doit demander à reprendre ses fonctions au moins 2 mois avant l'expiration du congé en cours. | AA66: CST_I_014 | AB66: =VLOOKUP(AA66,'Axe 2 Règles de gestion'!$D$2:$F$146,3, FALSE) -> Si l'interruption du stage est d'au moins 1 an, la reprise des fonctions est subordonnée à une vérification de l'aptitude physique à l'exercice des fonctions par un médecin agréé et, éventuellement, par le comité médical compétent. | AG66: CST_D_003 | AH66: =VLOOKUP(AG66,'Axe 2 Règles de gestion'!$D$2:$F$146,3, FALSE) -> La durée prévisionnelle maximale de chaque période est de un an. | AI66: CST_D_200 | AJ66: =VLOOKUP(AI66,'Axe 2 Règles de gestion'!$D$2:$F$146,3, FALSE) -> La durée réelle maximale de chaque période est de un an. | AK66: CST_D_004 | AL66: =VLOOKUP(AK66,'Axe 2 Règles de gestion'!$D$2:$F$146,3, FALSE) -> L'agent ne peut pas bénéficier de plus de 3 ans cumulés de congé sans traitement quels que soient les motifs de congés sans traitement : pour raisons personnelles ou familiales. | AQ66: POS_C_004 | AR66: =VLOOKUP(AQ66,'Axe 2 Règles de gestion'!$D$2:$F$146,3, FALSE) -> La date de début de position doit être antérieure ou égale à la date de fin prévisionnelle de position. | AS66: POS_C_010 | AT66: =VLOOKUP(AS66,'Axe 2 Règles de gestion'!$D$2:$F$146,3, FALSE) -> La date de début de position doit être antérieure ou égale à la date de fin réelle de position. | AU66: POS_C_012 | AV66: =VLOOKUP(AU66,'Axe 2 Règles de gestion'!$D$2:$F$146,3, FALSE) -> La date de fin prévisionnelle de la position doit être antérieure à la date limite de départ à la retraite. | AW66: POS_C_007 | AX66: =VLOOKUP(AW66,'Axe 2 Règles de gestion'!$D$2:$F$146,3, FALSE) -> La date de fin réelle de la position doit être antérieure à la date limite de départ à la retraite. | AY66: POS_C_111 | AZ66: =VLOOKUP(AY66,'Axe 2 Règles de gestion'!$D$2:$F$146,3, FALSE) -> La date de fin ou la date de fin prévisionnelle doit être saisie. | BA66: POS_C_120 | BB66: =VLOOKUP(BA66,'Axe 2 Règles de gestion'!$D$2:$F$146,3, FALSE) -> La saisie d'une occurrence de congés/absences est interdite (date de fin réelle) | BC66: POS_C_121 | BD66: =VLOOKUP(BC66,'Axe 2 Règles de gestion'!$D$2:$F$146,3, FALSE) -> La saisie d'une occurrence de congés/absences est interdite (date de fin prévisionnelle)
A67: 22.00.00 | B67: A | C67: 44715.399 | D67: D0004 | E67: Position | F67: S0028 | G67: Congé sans traitement | H67: E0315 | I67: Congé sans traitement pour donner des soins à ascendant suite à accident/maladie graves | J67: Position saisie égale à 'Congé sans traitement pour donner des soins à ascendant suite à accident/maladie graves' | K67: A_POS_POSIAD [Saisi] = 'NAC42' | L67: T0918 | M67: Congé sans traitement pour donner des soins à ascendant suite à accident/maladie graves - Modification/Fin | N67: Modification | O67: L'indicateur de renouvellement saisi est égal à l'indicateur de renouvellement avant saisie | P67: A_POS_INDREN [Saisi] = A_POS_INDREN [Valeur avant saisie] | Q67: Stagiaire ou auditeur ou élève | R67: P0004 | S67: S | T67: Général | U67: Passant | V67: 44634 | X67: CST_I_013 ET CST_I_049 ET CST_D_003 ET CST_D_200 ET CST_D_004 ET POS_C_004 ET POS_C_010 ET POS_C_012 ET POS_C_007 ET POS_C_111 ET POS_C_120 ET POS_C_121 | Y67: CST_I_013 | Z67: =VLOOKUP(Y67,'Axe 2 Règles de gestion'!$D$2:$F$146,3, FALSE) -> L'agent doit demander à reprendre ses fonctions au moins 2 mois avant l'expiration du congé en cours. | AA67: CST_I_049 | AB67: =VLOOKUP(AA67,'Axe 2 Règles de gestion'!$D$2:$F$146,3, FALSE) -> Si l'interruption du stage est d'au moins 1 an, la reprise des fonctions est subordonnée à une vérification des conditions de santé particulières exigées pour l'exercice de certaines fonctions par un médecin agréé et/ou par le conseil médical compétent. | AG67: CST_D_003 | AH67: =VLOOKUP(AG67,'Axe 2 Règles de gestion'!$D$2:$F$146,3, FALSE) -> La durée prévisionnelle maximale de chaque période est de un an. | AI67: CST_D_200 | AJ67: =VLOOKUP(AI67,'Axe 2 Règles de gestion'!$D$2:$F$146,3, FALSE) -> La durée réelle maximale de chaque période est de un an. | AK67: CST_D_004 | AL67: =VLOOKUP(AK67,'Axe 2 Règles de gestion'!$D$2:$F$146,3, FALSE) -> L'agent ne peut pas bénéficier de plus de 3 ans cumulés de congé sans traitement quels que soient les motifs de congés sans traitement : pour raisons personnelles ou familiales. | AQ67: POS_C_004 | AR67: =VLOOKUP(AQ67,'Axe 2 Règles de gestion'!$D$2:$F$146,3, FALSE) -> La date de début de position doit être antérieure ou égale à la date de fin prévisionnelle de position. | AS67: POS_C_010 | AT67: =VLOOKUP(AS67,'Axe 2 Règles de gestion'!$D$2:$F$146,3, FALSE) -> La date de début de position doit être antérieure ou égale à la date de fin réelle de position. | AU67: POS_C_012 | AV67: =VLOOKUP(AU67,'Axe 2 Règles de gestion'!$D$2:$F$146,3, FALSE) -> La date de fin prévisionnelle de la position doit être antérieure à la date limite de départ à la retraite. | AW67: POS_C_007 | AX67: =VLOOKUP(AW67,'Axe 2 Règles de gestion'!$D$2:$F$146,3, FALSE) -> La date de fin réelle de la position doit être antérieure à la date limite de départ à la retraite. | AY67: POS_C_111 | AZ67: =VLOOKUP(AY67,'Axe 2 Règles de gestion'!$D$2:$F$146,3, FALSE) -> La date de fin ou la date de fin prévisionnelle doit être saisie. | BA67: POS_C_120 | BB67: =VLOOKUP(BA67,'Axe 2 Règles de gestion'!$D$2:$F$146,3, FALSE) -> La saisie d'une occurrence de congés/absences est interdite (date de fin réelle) | BC67: POS_C_121 | BD67: =VLOOKUP(BC67,'Axe 2 Règles de gestion'!$D$2:$F$146,3, FALSE) -> La saisie d'une occurrence de congés/absences est interdite (date de fin prévisionnelle)
A68: 17.10.00 | B68: A | C68: 43152.5 | D68: D0004 | E68: Position | F68: S0028 | G68: Congé sans traitement | H68: E0315 | I68: Congé sans traitement pour donner des soins à ascendant suite à accident/maladie graves | J68: Position saisie égale à 'Congé sans traitement pour donner des soins à ascendant suite à accident/maladie graves' | K68: A_POS_POSIAD [Saisi] = 'NAC42' | L68: T0916 | M68: Congé sans traitement pour donner des soins à ascendant suite à accident/maladie graves - Demande | N68: Création Modification | O68: Indicateur de renouvellement saisi = Non ET l'indicateur de renouvellement saisi est différent de l'indicateur de renouvellement avant saisie | P68: A_POS_INDREN [Saisi] = '0' ET A_POS_INDREN [Saisi] <> A_POS_INDREN [Valeur avant saisie] | Q68: Ouvrier d'état | R68: P0005 | S68: O | T68: Général | U68: Exclu | V68: 40725
A69: 17.10.00 | B69: A | C69: 43152.5 | D69: D0004 | E69: Position | F69: S0028 | G69: Congé sans traitement | H69: E0315 | I69: Congé sans traitement pour donner des soins à ascendant suite à accident/maladie graves | J69: Position saisie égale à 'Congé sans traitement pour donner des soins à ascendant suite à accident/maladie graves' | K69: A_POS_POSIAD [Saisi] = 'NAC42' | L69: T0917 | M69: Congé sans traitement pour donner des soins à ascendant suite à accident/maladie graves - Renouvellement | N69: Création Modification | O69: Indicateur de renouvellement saisi = Oui ET l'indicateur de renouvellement saisi est différent de l'indicateur de renouvellement avant saisie | P69: A_POS_INDREN [Saisi] = '1' ET A_POS_INDREN [Saisi] <> A_POS_INDREN [Valeur avant saisie] | Q69: Ouvrier d'état | R69: P0005 | S69: O | T69: Général | U69: Exclu | V69: 40725
A70: 17.10.00 | B70: A | C70: 43152.5 | D70: D0004 | E70: Position | F70: S0028 | G70: Congé sans traitement | H70: E0315 | I70: Congé sans traitement pour donner des soins à ascendant suite à accident/maladie graves | J70: Position saisie égale à 'Congé sans traitement pour donner des soins à ascendant suite à accident/maladie graves' | K70: A_POS_POSIAD [Saisi] = 'NAC42' | L70: T0918 | M70: Congé sans traitement pour donner des soins à ascendant suite à accident/maladie graves - Modification/Fin | N70: Modification | O70: L'indicateur de renouvellement saisi est égal à l'indicateur de renouvellement avant saisie | P70: A_POS_INDREN [Saisi] = A_POS_INDREN [Valeur avant saisie] | Q70: Ouvrier d'état | R70: P0005 | S70: O | T70: Général | U70: Exclu | V70: 40725
A71: 21.00.00 | B71: M | C71: 44368.708 | D71: D0004 | E71: Position | F71: S0028 | G71: Congé sans traitement | H71: E0315 | I71: Congé sans traitement pour donner des soins à ascendant suite à accident/maladie graves | J71: Position saisie égale à 'Congé sans traitement pour donner des soins à ascendant suite à accident/maladie graves' | K71: A_POS_POSIAD [Saisi] = 'NAC42' | L71: T0916 | M71: Congé sans traitement pour donner des soins à ascendant suite à accident/maladie graves - Demande | N71: Création Modification | O71: Indicateur de renouvellement saisi = Non ET l'indicateur de renouvellement saisi est différent de l'indicateur de renouvellement avant saisie | P71: A_POS_INDREN [Saisi] = '0' ET A_POS_INDREN [Saisi] <> A_POS_INDREN [Valeur avant saisie] | Q71: Auditeur de justice | R71: P0009 | S71: S | T71: Particulier | U71: Passant | V71: 40725 | X71: CST_I_022 ET CST_I_023 ET CST_D_157 ET CST_D_210 ET CST_D_185 ET POS_C_100 ET POS_C_005 ET POS_C_022 ET POS_C_004 ET POS_C_010 ET POS_C_012 ET POS_C_007 ET POS_C_111 ET POS_C_120 ET POS_C_121 | Y71: CST_I_022 | Z71: =VLOOKUP(Y71,'Axe 2 Règles de gestion'!$D$2:$F$146,3, FALSE) -> L'agent doit présenter une demande de congé sans traitement. | AA71: CST_I_023 | AB71: =VLOOKUP(AA71,'Axe 2 Règles de gestion'!$D$2:$F$146,3, FALSE) -> La demande est accordée de droit par le supérieur hiérarchique. | AG71: CST_D_157 | AH71: =VLOOKUP(AG71,'Axe 2 Règles de gestion'!$D$2:$F$146,3, FALSE) -> La durée prévisionnelle maximale de chaque période est de un an. | AI71: CST_D_210 | AJ71: =VLOOKUP(AI71,'Axe 2 Règles de gestion'!$D$2:$F$146,3, FALSE) -> La durée réelle maximale de chaque période est de un an. | AK71: CST_D_185 | AL71: =VLOOKUP(AK71,'Axe 2 Règles de gestion'!$D$2:$F$146,3, FALSE) -> L'agent ne peut pas bénéficier de plus de 3 ans cumulés de congé sans traitement quels que soient les motifs de congés sans traitement : pour raisons personnelles ou familiales. | AQ71: POS_C_100 | AR71: =VLOOKUP(AQ71,'Axe 2 Règles de gestion'!$D$2:$F$146,3, FALSE) -> Lors de la demande initiale, l'agent doit être en activité. | AS71: POS_C_005 | AT71: =VLOOKUP(AS71,'Axe 2 Règles de gestion'!$D$2:$F$146,3, FALSE) -> La date de début de la position doit être postérieure ou égale à la date d'entrée dans la FPE ou dans la carrière militaire. | AU71: POS_C_022 | AV71: =VLOOKUP(AU71,'Axe 2 Règles de gestion'!$D$2:$F$146,3, FALSE) -> La date de début de position est à J+1 de la date de fin de position de l'occurrence précédente. | AW71: POS_C_004 | AX71: =VLOOKUP(AW71,'Axe 2 Règles de gestion'!$D$2:$F$146,3, FALSE) -> La date de début de position doit être antérieure ou égale à la date de fin prévisionnelle de position. | AY71: POS_C_010 | AZ71: =VLOOKUP(AY71,'Axe 2 Règles de gestion'!$D$2:$F$146,3, FALSE) -> La date de début de position doit être antérieure ou égale à la date de fin réelle de position. | BA71: POS_C_012 | BB71: =VLOOKUP(BA71,'Axe 2 Règles de gestion'!$D$2:$F$146,3, FALSE) -> La date de fin prévisionnelle de la position doit être antérieure à la date limite de départ à la retraite. | BC71: POS_C_007 | BD71: =VLOOKUP(BC71,'Axe 2 Règles de gestion'!$D$2:$F$146,3, FALSE) -> La date de fin réelle de la position doit être antérieure à la date limite de départ à la retraite. | BE71: POS_C_111 | BF71: =VLOOKUP(BE71,'Axe 2 Règles de gestion'!$D$2:$F$146,3, FALSE) -> La date de fin ou la date de fin prévisionnelle doit être saisie. | BG71: POS_C_120 | BH71: =VLOOKUP(BG71,'Axe 2 Règles de gestion'!$D$2:$F$146,3, FALSE) -> La saisie d'une occurrence de congés/absences est interdite (date de fin réelle) | BI71: POS_C_121 | BJ71: =VLOOKUP(BI71,'Axe 2 Règles de gestion'!$D$2:$F$146,3, FALSE) -> La saisie d'une occurrence de congés/absences est interdite (date de fin prévisionnelle)
A72: 21.00.00 | B72: M | C72: 44368.708 | D72: D0004 | E72: Position | F72: S0028 | G72: Congé sans traitement | H72: E0315 | I72: Congé sans traitement pour donner des soins à ascendant suite à accident/maladie graves | J72: Position saisie égale à 'Congé sans traitement pour donner des soins à ascendant suite à accident/maladie graves' | K72: A_POS_POSIAD [Saisi] = 'NAC42' | L72: T0917 | M72: Congé sans traitement pour donner des soins à ascendant suite à accident/maladie graves - Renouvellement | N72: Création Modification | O72: Indicateur de renouvellement saisi = Oui ET l'indicateur de renouvellement saisi est différent de l'indicateur de renouvellement avant saisie | P72: A_POS_INDREN [Saisi] = '1' ET A_POS_INDREN [Saisi] <> A_POS_INDREN [Valeur avant saisie] | Q72: Auditeur de justice | R72: P0009 | S72: S | T72: Particulier | U72: Passant | V72: 40725 | X72: CST_I_024 ET CST_D_157 ET CST_D_210 ET CST_D_185 ET POS_C_005 ET POS_C_022 ET POS_C_004 ET POS_C_010 ET POS_C_012 ET POS_C_007 ET POS_C_111 ET POS_C_120 ET POS_C_121 | Y72: CST_I_024 | Z72: =VLOOKUP(Y72,'Axe 2 Règles de gestion'!$D$2:$F$146,3, FALSE) -> L'agent peut renouveler le congé sans traitement 2 fois. | AG72: CST_D_157 | AH72: =VLOOKUP(AG72,'Axe 2 Règles de gestion'!$D$2:$F$146,3, FALSE) -> La durée prévisionnelle maximale de chaque période est de un an. | AI72: CST_D_210 | AJ72: =VLOOKUP(AI72,'Axe 2 Règles de gestion'!$D$2:$F$146,3, FALSE) -> La durée réelle maximale de chaque période est de un an. | AK72: CST_D_185 | AL72: =VLOOKUP(AK72,'Axe 2 Règles de gestion'!$D$2:$F$146,3, FALSE) -> L'agent ne peut pas bénéficier de plus de 3 ans cumulés de congé sans traitement quels que soient les motifs de congés sans traitement : pour raisons personnelles ou familiales. | AQ72: POS_C_005 | AR72: =VLOOKUP(AQ72,'Axe 2 Règles de gestion'!$D$2:$F$146,3, FALSE) -> La date de début de la position doit être postérieure ou égale à la date d'entrée dans la FPE ou dans la carrière militaire. | AS72: POS_C_022 | AT72: =VLOOKUP(AS72,'Axe 2 Règles de gestion'!$D$2:$F$146,3, FALSE) -> La date de début de position est à J+1 de la date de fin de position de l'occurrence précédente. | AU72: POS_C_004 | AV72: =VLOOKUP(AU72,'Axe 2 Règles de gestion'!$D$2:$F$146,3, FALSE) -> La date de début de position doit être antérieure ou égale à la date de fin prévisionnelle de position. | AW72: POS_C_010 | AX72: =VLOOKUP(AW72,'Axe 2 Règles de gestion'!$D$2:$F$146,3, FALSE) -> La date de début de position doit être antérieure ou égale à la date de fin réelle de position. | AY72: POS_C_012 | AZ72: =VLOOKUP(AY72,'Axe 2 Règles de gestion'!$D$2:$F$146,3, FALSE) -> La date de fin prévisionnelle de la position doit être antérieure à la date limite de départ à la retraite. | BA72: POS_C_007 | BB72: =VLOOKUP(BA72,'Axe 2 Règles de gestion'!$D$2:$F$146,3, FALSE) -> La date de fin réelle de la position doit être antérieure à la date limite de départ à la retraite. | BC72: POS_C_111 | BD72: =VLOOKUP(BC72,'Axe 2 Règles de gestion'!$D$2:$F$146,3, FALSE) -> La date de fin ou la date de fin prévisionnelle doit être saisie. | BE72: POS_C_120 | BF72: =VLOOKUP(BE72,'Axe 2 Règles de gestion'!$D$2:$F$146,3, FALSE) -> La saisie d'une occurrence de congés/absences est interdite (date de fin réelle) | BG72: POS_C_121 | BH72: =VLOOKUP(BG72,'Axe 2 Règles de gestion'!$D$2:$F$146,3, FALSE) -> La saisie d'une occurrence de congés/absences est interdite (date de fin prévisionnelle)
A73: 22.00.00 | B73: M | C73: 44715.4 | D73: D0004 | E73: Position | F73: S0028 | G73: Congé sans traitement | H73: E0315 | I73: Congé sans traitement pour donner des soins à ascendant suite à accident/maladie graves | J73: Position saisie égale à 'Congé sans traitement pour donner des soins à ascendant suite à accident/maladie graves' | K73: A_POS_POSIAD [Saisi] = 'NAC42' | L73: T0918 | M73: Congé sans traitement pour donner des soins à ascendant suite à accident/maladie graves - Modification/Fin | N73: Modification | O73: L'indicateur de renouvellement saisi est égal à l'indicateur de renouvellement avant saisie | P73: A_POS_INDREN [Saisi] = A_POS_INDREN [Valeur avant saisie] | Q73: Auditeur de justice | R73: P0009 | S73: S | T73: Particulier | U73: Passant | V73: 40725 | W73: 44633 | X73: CST_I_027 ET CST_I_028 ET CST_D_157 ET CST_D_210 ET CST_D_185 ET POS_C_004 ET POS_C_010 ET POS_C_012 ET POS_C_007 ET POS_C_111 ET POS_C_120 ET POS_C_121 | Y73: CST_I_027 | Z73: =VLOOKUP(Y73,'Axe 2 Règles de gestion'!$D$2:$F$146,3, FALSE) -> L'agent doit demander à reprendre ses fonctions 2 mois au moins avant l'expiration du congé en cours. | AA73: CST_I_028 | AB73: =VLOOKUP(AA73,'Axe 2 Règles de gestion'!$D$2:$F$146,3, FALSE) -> Si l'interruption du stage est d'au moins 1 an, la reprise des fonctions est subordonnée à une vérification de l'aptitude physique à l'exercice des fonctions par un médecin agréé et, éventuellement, par le comité médical compétent. | AG73: CST_D_157 | AH73: =VLOOKUP(AG73,'Axe 2 Règles de gestion'!$D$2:$F$146,3, FALSE) -> La durée prévisionnelle maximale de chaque période est de un an. | AI73: CST_D_210 | AJ73: =VLOOKUP(AI73,'Axe 2 Règles de gestion'!$D$2:$F$146,3, FALSE) -> La durée réelle maximale de chaque période est de un an. | AK73: CST_D_185 | AL73: =VLOOKUP(AK73,'Axe 2 Règles de gestion'!$D$2:$F$146,3, FALSE) -> L'agent ne peut pas bénéficier de plus de 3 ans cumulés de congé sans traitement quels que soient les motifs de congés sans traitement : pour raisons personnelles ou familiales. | AQ73: POS_C_004 | AR73: =VLOOKUP(AQ73,'Axe 2 Règles de gestion'!$D$2:$F$146,3, FALSE) -> La date de début de position doit être antérieure ou égale à la date de fin prévisionnelle de position. | AS73: POS_C_010 | AT73: =VLOOKUP(AS73,'Axe 2 Règles de gestion'!$D$2:$F$146,3, FALSE) -> La date de début de position doit être antérieure ou égale à la date de fin réelle de position. | AU73: POS_C_012 | AV73: =VLOOKUP(AU73,'Axe 2 Règles de gestion'!$D$2:$F$146,3, FALSE) -> La date de fin prévisionnelle de la position doit être antérieure à la date limite de départ à la retraite. | AW73: POS_C_007 | AX73: =VLOOKUP(AW73,'Axe 2 Règles de gestion'!$D$2:$F$146,3, FALSE) -> La date de fin réelle de la position doit être antérieure à la date limite de départ à la retraite. | AY73: POS_C_111 | AZ73: =VLOOKUP(AY73,'Axe 2 Règles de gestion'!$D$2:$F$146,3, FALSE) -> La date de fin ou la date de fin prévisionnelle doit être saisie. | BA73: POS_C_120 | BB73: =VLOOKUP(BA73,'Axe 2 Règles de gestion'!$D$2:$F$146,3, FALSE) -> La saisie d'une occurrence de congés/absences est interdite (date de fin réelle) | BC73: POS_C_121 | BD73: =VLOOKUP(BC73,'Axe 2 Règles de gestion'!$D$2:$F$146,3, FALSE) -> La saisie d'une occurrence de congés/absences est interdite (date de fin prévisionnelle)
A74: 22.00.00 | B74: A | C74: 44715.401 | D74: D0004 | E74: Position | F74: S0028 | G74: Congé sans traitement | H74: E0315 | I74: Congé sans traitement pour donner des soins à ascendant suite à accident/maladie graves | J74: Position saisie égale à 'Congé sans traitement pour donner des soins à ascendant suite à accident/maladie graves' | K74: A_POS_POSIAD [Saisi] = 'NAC42' | L74: T0918 | M74: Congé sans traitement pour donner des soins à ascendant suite à accident/maladie graves - Modification/Fin | N74: Modification | O74: L'indicateur de renouvellement saisi est égal à l'indicateur de renouvellement avant saisie | P74: A_POS_INDREN [Saisi] = A_POS_INDREN [Valeur avant saisie] | Q74: Auditeur de justice | R74: P0009 | S74: S | T74: Particulier | U74: Passant | V74: 44634 | X74: CST_I_027 ET CST_I_051 ET CST_D_157 ET CST_D_210 ET CST_D_185 ET POS_C_004 ET POS_C_010 ET POS_C_012 ET POS_C_007 ET POS_C_111 ET POS_C_120 ET POS_C_121 | Y74: CST_I_027 | Z74: =VLOOKUP(Y74,'Axe 2 Règles de gestion'!$D$2:$F$146,3, FALSE) -> L'agent doit demander à reprendre ses fonctions 2 mois au moins avant l'expiration du congé en cours. | AA74: CST_I_051 | AB74: =VLOOKUP(AA74,'Axe 2 Règles de gestion'!$D$2:$F$146,3, FALSE) -> Si l'interruption du stage est d'au moins 1 an, la reprise des fonctions est subordonnée à une vérification des conditions de santé particulières exigées pour l'exercice de certaines fonctions par un médecin agréé et/ou par le conseil médical compétent. | AG74: CST_D_157 | AH74: =VLOOKUP(AG74,'Axe 2 Règles de gestion'!$D$2:$F$146,3, FALSE) -> La durée prévisionnelle maximale de chaque période est de un an. | AI74: CST_D_210 | AJ74: =VLOOKUP(AI74,'Axe 2 Règles de gestion'!$D$2:$F$146,3, FALSE) -> La durée réelle maximale de chaque période est de un an. | AK74: CST_D_185 | AL74: =VLOOKUP(AK74,'Axe 2 Règles de gestion'!$D$2:$F$146,3, FALSE) -> L'agent ne peut pas bénéficier de plus de 3 ans cumulés de congé sans traitement quels que soient les motifs de congés sans traitement : pour raisons personnelles ou familiales. | AQ74: POS_C_004 | AR74: =VLOOKUP(AQ74,'Axe 2 Règles de gestion'!$D$2:$F$146,3, FALSE) -> La date de début de position doit être antérieure ou égale à la date de fin prévisionnelle de position. | AS74: POS_C_010 | AT74: =VLOOKUP(AS74,'Axe 2 Règles de gestion'!$D$2:$F$146,3, FALSE) -> La date de début de position doit être antérieure ou égale à la date de fin réelle de position. | AU74: POS_C_012 | AV74: =VLOOKUP(AU74,'Axe 2 Règles de gestion'!$D$2:$F$146,3, FALSE) -> La date de fin prévisionnelle de la position doit être antérieure à la date limite de départ à la retraite. | AW74: POS_C_007 | AX74: =VLOOKUP(AW74,'Axe 2 Règles de gestion'!$D$2:$F$146,3, FALSE) -> La date de fin réelle de la position doit être antérieure à la date limite de départ à la retraite. | AY74: POS_C_111 | AZ74: =VLOOKUP(AY74,'Axe 2 Règles de gestion'!$D$2:$F$146,3, FALSE) -> La date de fin ou la date de fin prévisionnelle doit être saisie. | BA74: POS_C_120 | BB74: =VLOOKUP(BA74,'Axe 2 Règles de gestion'!$D$2:$F$146,3, FALSE) -> La saisie d'une occurrence de congés/absences est interdite (date de fin réelle) | BC74: POS_C_121 | BD74: =VLOOKUP(BC74,'Axe 2 Règles de gestion'!$D$2:$F$146,3, FALSE) -> La saisie d'une occurrence de congés/absences est interdite (date de fin prévisionnelle)
A75: 17.10.00 | B75: A | C75: 43152.5 | D75: D0004 | E75: Position | F75: S0028 | G75: Congé sans traitement | H75: E0316 | I75: Congé sans traitement pour donner des soins à enfant suite à accident/maladie graves | J75: Position saisie égale à 'Congé sans traitement pour donner des soins à enfant suite à accident/maladie graves' | K75: A_POS_POSIAD [Saisi] = 'NAC41' | L75: T0919 | M75: Congé sans traitement pour donner des soins à enfant suite à accident/maladie graves - Demande | N75: Création Modification | O75: Indicateur de renouvellement saisi = Non ET l'indicateur de renouvellement saisi est différent de l'indicateur de renouvellement avant saisie | P75: A_POS_INDREN [Saisi] = '0' ET A_POS_INDREN [Saisi] <> A_POS_INDREN [Valeur avant saisie] | Q75: Titulaire ou magistrat | R75: P0001 | S75: T | T75: Général | U75: Exclu | V75: 40725
A76: 17.10.00 | B76: A | C76: 43152.5 | D76: D0004 | E76: Position | F76: S0028 | G76: Congé sans traitement | H76: E0316 | I76: Congé sans traitement pour donner des soins à enfant suite à accident/maladie graves | J76: Position saisie égale à 'Congé sans traitement pour donner des soins à enfant suite à accident/maladie graves' | K76: A_POS_POSIAD [Saisi] = 'NAC41' | L76: T0920 | M76: Congé sans traitement pour donner des soins à enfant suite à accident/maladie graves - Renouvellement | N76: Création Modification | O76: Indicateur de renouvellement saisi = Oui ET l'indicateur de renouvellement saisi est différent de l'indicateur de renouvellement avant saisie | P76: A_POS_INDREN [Saisi] = '1' ET A_POS_INDREN [Saisi] <> A_POS_INDREN [Valeur avant saisie] | Q76: Titulaire ou magistrat | R76: P0001 | S76: T | T76: Général | U76: Exclu | V76: 40725
A77: 17.10.00 | B77: A | C77: 43152.5 | D77: D0004 | E77: Position | F77: S0028 | G77: Congé sans traitement | H77: E0316 | I77: Congé sans traitement pour donner des soins à enfant suite à accident/maladie graves | J77: Position saisie égale à 'Congé sans traitement pour donner des soins à enfant suite à accident/maladie graves' | K77: A_POS_POSIAD [Saisi] = 'NAC41' | L77: T0921 | M77: Congé sans traitement pour donner des soins à enfant suite à accident/maladie graves - Modification/Fin | N77: Modification | O77: L'indicateur de renouvellement saisi est égal à l'indicateur de renouvellement avant saisie | P77: A_POS_INDREN [Saisi] = A_POS_INDREN [Valeur avant saisie] | Q77: Titulaire ou magistrat | R77: P0001 | S77: T | T77: Général | U77: Exclu | V77: 40725
A78: 17.10.00 | B78: A | C78: 43152.5 | D78: D0004 | E78: Position | F78: S0028 | G78: Congé sans traitement | H78: E0316 | I78: Congé sans traitement pour donner des soins à enfant suite à accident/maladie graves | J78: Position saisie égale à 'Congé sans traitement pour donner des soins à enfant suite à accident/maladie graves' | K78: A_POS_POSIAD [Saisi] = 'NAC41' | L78: T0919 | M78: Congé sans traitement pour donner des soins à enfant suite à accident/maladie graves - Demande | N78: Création Modification | O78: Indicateur de renouvellement saisi = Non ET l'indicateur de renouvellement saisi est différent de l'indicateur de renouvellement avant saisie | P78: A_POS_INDREN [Saisi] = '0' ET A_POS_INDREN [Saisi] <> A_POS_INDREN [Valeur avant saisie] | Q78: Militaire | R78: P0002 | S78: M | T78: Général | U78: Exclu | V78: 40725
A79: 17.10.00 | B79: A | C79: 43152.5 | D79: D0004 | E79: Position | F79: S0028 | G79: Congé sans traitement | H79: E0316 | I79: Congé sans traitement pour donner des soins à enfant suite à accident/maladie graves | J79: Position saisie égale à 'Congé sans traitement pour donner des soins à enfant suite à accident/maladie graves' | K79: A_POS_POSIAD [Saisi] = 'NAC41' | L79: T0920 | M79: Congé sans traitement pour donner des soins à enfant suite à accident/maladie graves - Renouvellement | N79: Création Modification | O79: Indicateur de renouvellement saisi = Oui ET l'indicateur de renouvellement saisi est différent de l'indicateur de renouvellement avant saisie | P79: A_POS_INDREN [Saisi] = '1' ET A_POS_INDREN [Saisi] <> A_POS_INDREN [Valeur avant saisie] | Q79: Militaire | R79: P0002 | S79: M | T79: Général | U79: Exclu | V79: 40725
A80: 17.10.00 | B80: A | C80: 43152.5 | D80: D0004 | E80: Position | F80: S0028 | G80: Congé sans traitement | H80: E0316 | I80: Congé sans traitement pour donner des soins à enfant suite à accident/maladie graves | J80: Position saisie égale à 'Congé sans traitement pour donner des soins à enfant suite à accident/maladie graves' | K80: A_POS_POSIAD [Saisi] = 'NAC41' | L80: T0921 | M80: Congé sans traitement pour donner des soins à enfant suite à accident/maladie graves - Modification/Fin | N80: Modification | O80: L'indicateur de renouvellement saisi est égal à l'indicateur de renouvellement avant saisie | P80: A_POS_INDREN [Saisi] = A_POS_INDREN [Valeur avant saisie] | Q80: Militaire | R80: P0002 | S80: M | T80: Général | U80: Exclu | V80: 40725
A81: 17.10.00 | B81: A | C81: 43152.5 | D81: D0004 | E81: Position | F81: S0028 | G81: Congé sans traitement | H81: E0316 | I81: Congé sans traitement pour donner des soins à enfant suite à accident/maladie graves | J81: Position saisie égale à 'Congé sans traitement pour donner des soins à enfant suite à accident/maladie graves' | K81: A_POS_POSIAD [Saisi] = 'NAC41' | L81: T0919 | M81: Congé sans traitement pour donner des soins à enfant suite à accident/maladie graves - Demande | N81: Création Modification | O81: Indicateur de renouvellement saisi = Non ET l'indicateur de renouvellement saisi est différent de l'indicateur de renouvellement avant saisie | P81: A_POS_INDREN [Saisi] = '0' ET A_POS_INDREN [Saisi] <> A_POS_INDREN [Valeur avant saisie] | Q81: Contractuel | R81: P0003 | S81: N | T81: Général | U81: Exclu | V81: 40725
A82: 17.10.00 | B82: A | C82: 43152.5 | D82: D0004 | E82: Position | F82: S0028 | G82: Congé sans traitement | H82: E0316 | I82: Congé sans traitement pour donner des soins à enfant suite à accident/maladie graves | J82: Position saisie égale à 'Congé sans traitement pour donner des soins à enfant suite à accident/maladie graves' | K82: A_POS_POSIAD [Saisi] = 'NAC41' | L82: T0920 | M82: Congé sans traitement pour donner des soins à enfant suite à accident/maladie graves - Renouvellement | N82: Création Modification | O82: Indicateur de renouvellement saisi = Oui ET l'indicateur de renouvellement saisi est différent de l'indicateur de renouvellement avant saisie | P82: A_POS_INDREN [Saisi] = '1' ET A_POS_INDREN [Saisi] <> A_POS_INDREN [Valeur avant saisie] | Q82: Contractuel | R82: P0003 | S82: N | T82: Général | U82: Exclu | V82: 40725
A83: 17.10.00 | B83: A | C83: 43152.5 | D83: D0004 | E83: Position | F83: S0028 | G83: Congé sans traitement | H83: E0316 | I83: Congé sans traitement pour donner des soins à enfant suite à accident/maladie graves | J83: Position saisie égale à 'Congé sans traitement pour donner des soins à enfant suite à accident/maladie graves' | K83: A_POS_POSIAD [Saisi] = 'NAC41' | L83: T0921 | M83: Congé sans traitement pour donner des soins à enfant suite à accident/maladie graves - Modification/Fin | N83: Modification | O83: L'indicateur de renouvellement saisi est égal à l'indicateur de renouvellement avant saisie | P83: A_POS_INDREN [Saisi] = A_POS_INDREN [Valeur avant saisie] | Q83: Contractuel | R83: P0003 | S83: N | T83: Général | U83: Exclu | V83: 40725
