Workbook

Sheet Mode opératoire
B1: MODE OPERATOIRE
B2: La transaction s'effectue au niveau des sous rubrique "Position statutaire/situation administrative" et "Compteurs de périodes de positions/situations".

Sheet Axe 1 Enchainement des RG
A1: Version | B1: Type de mise à jour | C1: Date de mise à jour | D1: Identifiant Domaine | E1: Libellé du Domaine | F1: Identifiant Sous-domaine | G1: Libellé du Sous-domaine | H1: Identifiant Evénement | I1: Libellé de l'évènement | J1: Libellé condition déclenchement Evènement | K1: Condition déclenchement Evènement | L1: Identifiant type d'évènement | M1: Libellé type d'évènement | N1: Type de mise à jour | O1: Libellé condition déclenchement Type Evènement | P1: Condition déclenchement Type Evènement | Q1: Libellé Population | R1: Codification Population | S1: Général / Particulier | T1: Passant / Exclu | U1: Date de début | V1: Date de fin | W1: Règles mobilisées | X1: Identifiant Règle de contrôle intellectuel 1 | Y1: Libellé Règle de contrôle intellectuel 1 | Z1: Identifiant Règle de contrôle intellectuel 2 | AA1: Libellé Règle de contrôle intellectuel 2 | AB1: Identifiant Règle de contrôle intellectuel 3 | AC1: Libellé Règle de contrôle intellectuel 3 | AD1: Identifiant Règle de contrôle intellectuel 4 | AE1: Libellé Règle de contrôle intellectuel 4 | AF1: Identifiant Règle de contrôle intellectuel 5 | AG1: Libellé Règle de contrôle intellectuel 5 | AH1: Identifiant Règle de contrôle intellectuel 6 | AI1: Libellé Règle de contrôle intellectuel 6 | AJ1: Identifiant Règle de contrôle intellectuel 7 | AK1: Libellé Règle de contrôle intellectuel 7 | AL1: Identifiant Règle de contrôle intellectuel 8 | AM1: Libellé Règle de contrôle intellectuel 8 | AN1: Identifiant Règle de contrôle intellectuel 9 | AO1: Libellé Règle de contrôle intellectuel 9 | AP1: Identifiant Règle de condition 1 | AQ1: Libellé Règle de condition 1 | AR1: Identifiant Règle de condition 2 | AS1: Libellé Règle de condition 2 | AT1: Identifiant Règle de condition 3 | AU1: Libellé Règle de condition 3 | AV1: Identifiant Règle de condition 4 | AW1: Libellé Règle de condition 4 | AX1: Identifiant Règle de condition 5 | AY1: Libellé Règle de condition 5 | AZ1: Identifiant Règle de condition 6 | BA1: Libellé Règle de condition 6 | BB1: Identifiant Règle de condition 7 | BC1: Libellé Règle de condition 7 | BD1: Identifiant Règle de condition 8 | BE1: Libellé Règle de condition 8 | BF1: Identifiant Règle de condition 9 | BG1: Libellé Règle de condition 9 | BH1: Identifiant Règle de condition 10 | BI1: Libellé Règle de condition 10 | BJ1: Identifiant Règle de condition 11 | BK1: Libellé Règle de condition 11 | BL1: Identifiant Règle de condition 12 | BM1: Libellé Règle de condition 12 | BN1: Identifiant Règle de contrôle 1 | BO1: Libellé Règle de contrôle 1 | BP1: Identifiant Règle de contrôle 2 | BQ1: Libellé Règle de contrôle 2 | BR1: Identifiant Règle de contrôle 3 | BS1: Libellé Règle de contrôle 3 | BT1: Identifiant Règle de contrôle 4 | BU1: Libellé Règle de contrôle 4 | BV1: Identifiant Règle de contrôle 5 | BW1: Libellé Règle de contrôle 5 | BX1: Identifiant Règle de contrôle 6 | BY1: Libellé Règle de contrôle 6 | BZ1: Identifiant Règle de contrôle 7 | CA1: Libellé Règle de contrôle 7 | CB1: Identifiant Règle de contrôle 8 | CC1: Libellé Règle de contrôle 8 | CD1: Identifiant Règle de contrôle 9 | CE1: Libellé Règle de contrôle 9 | CF1: Identifiant Règle de contrôle 10 | CG1: Libellé Règle de contrôle 10 | CH1: Identifiant Règle de contrôle 11 | CI1: Libellé Règle de contrôle 11 | CJ1: Identifiant Règle de contrôle 12 | CK1: Libellé Règle de contrôle 12 | CL1: Identifiant Règle de contrôle 13 | CM1: Libellé Règle de contrôle 13 | CN1: Identifiant Règle de contrôle 14 | CO1: Libellé Règle de contrôle 14 | CP1: FIME | CQ1: Statut de travail
A2: 20.10.00 | B2: M | C2: 43699.601 | D2: D0004 | E2: Position | F2: S0012 | G2: Disponibilité | H2: E0161 | I2: Disponibilité sur demande pour donner des soins au conjoint ou au partenaire pacsé suite à accident/maladie grave | J2: Position saisie égale à 'Disponibilité sur demande pour donner des soins au conjoint ou au partenaire pacsé suite à accident/maladie grave' ET Indicateur de maintien saisi = Non | K2: A_POS_POSIAD [Saisi] = 'DSP36' ET A_POS_INDMAI [Saisi] = '0' | L2: T0471 | M2: Disponibilité sur demande pour donner des soins au conjoint ou au partenaire pacsé suite à accident/maladie grave - Demande | N2: Création Modification | O2: Indicateur de renouvellement saisi = Non ET (Indicateur de renouvellement saisi différent d'Indicateur de renouvellement avant saisi OU Indicateur de maintien saisi différent de Indicateur de maintien avant saisi) | P2: A_POS_INDREN [Saisi] = '0' ET (A_POS_INDREN [Saisi] <> A_POS_INDREN [Valeur avant saisie] OU A_POS_INDMAI [Saisi] <> A_POS_INDMAI [Valeur avant saisie]) | Q2: Titulaire ou magistrat | R2: P0001 | S2: Général | T2: Passant | U2: 40725 | V2: 43349 | W2: DIS_I_005 ET DIS_I_006 ET DIS_D_011 ET DIS_D_400 ET DIS_D_379 ET DIS_D_506 ET POS_C_004 ET POS_C_005 ET POS_C_007 ET POS_C_010 ET POS_C_012 ET POS_C_022 ET POS_C_111 | X2: DIS_I_005 | Y2: =VLOOKUP(X2,'Axe 2 Règles de gestion'!$D$2:$F$408,3, FALSE) -> L'agent doit effectuer une demande. | Z2: DIS_I_006 | AA2: =VLOOKUP(Z2,'Axe 2 Règles de gestion'!$D$2:$F$408,3, FALSE) -> La demande est accordée de droit. | AP2: DIS_D_011 | AQ2: =VLOOKUP(AP2,'Axe 2 Règles de gestion'!$D$2:$F$408,3, FALSE) -> La durée prévisionnelle de la disponibilité ne peut pas excéder 3 ans pour chaque période. | AR2: DIS_D_400 | AS2: =VLOOKUP(AR2,'Axe 2 Règles de gestion'!$D$2:$F$408,3, FALSE) -> La durée réelle de la disponibilité ne peut pas excéder 3 ans pour chaque période. | AT2: DIS_D_379 | AU2: =VLOOKUP(AT2,'Axe 2 Règles de gestion'!$D$2:$F$408,3, FALSE) -> L'agent doit être en activité. | AV2: DIS_D_506 | AW2: =VLOOKUP(AV2,'Axe 2 Règles de gestion'!$D$2:$F$408,3, FALSE) -> Le type de situation de famille de l'agent doit être "marié(e)" ou "pacsé(e)". | BN2: POS_C_004 | BO2: =VLOOKUP(BN2,'Axe 2 Règles de gestion'!$D$2:$F$408,3, FALSE) -> La date de début de position doit être antérieure ou égale à la date de fin prévisionnelle de position. | BP2: POS_C_005 | BQ2: =VLOOKUP(BP2,'Axe 2 Règles de gestion'!$D$2:$F$408,3, FALSE) -> La date de début de la position doit être postérieure ou égale à la date d'entrée dans la FPE ou dans la carrière militaire. | BR2: POS_C_007 | BS2: =VLOOKUP(BR2,'Axe 2 Règles de gestion'!$D$2:$F$408,3, FALSE) -> La date de fin réelle de la position doit être antérieure à la date limite de départ à la retraite. | BT2: POS_C_010 | BU2: =VLOOKUP(BT2,'Axe 2 Règles de gestion'!$D$2:$F$408,3, FALSE) -> La date de début de position doit être antérieure ou égale à la date de fin réelle de position. | BV2: POS_C_012 | BW2: =VLOOKUP(BV2,'Axe 2 Règles de gestion'!$D$2:$F$408,3, FALSE) -> La date de fin prévisionnelle de la position doit être antérieure à la date limite de départ à la retraite. | BX2: POS_C_022 | BY2: =VLOOKUP(BX2,'Axe 2 Règles de gestion'!$D$2:$F$408,3, FALSE) -> La date de début de position est à J+1 de la date de fin de position de l'occurrence précédente. | BZ2: POS_C_111 | CA2: =VLOOKUP(BZ2,'Axe 2 Règles de gestion'!$D$2:$F$408,3, FALSE) -> La date de fin ou la date de fin prévisionnelle doit être saisie.
A3: 25.00.00 | B3: M | C3: 45803.683 | D3: D0004 | E3: Position | F3: S0012 | G3: Disponibilité | H3: E0161 | I3: Disponibilité sur demande pour donner des soins au conjoint ou au partenaire pacsé suite à accident/maladie grave | J3: Position saisie égale à 'Disponibilité sur demande pour donner des soins au conjoint ou au partenaire pacsé suite à accident/maladie grave' ET Indicateur de maintien saisi = Non | K3: A_POS_POSIAD [Saisi] = 'DSP36' ET A_POS_INDMAI [Saisi] = '0' | L3: T0471 | M3: Disponibilité sur demande pour donner des soins au conjoint ou au partenaire pacsé suite à accident/maladie grave - Demande | N3: Création Modification | O3: Indicateur de renouvellement saisi = Non ET (Indicateur de renouvellement saisi différent d'Indicateur de renouvellement avant saisi OU Indicateur de maintien saisi différent de Indicateur de maintien avant saisi) | P3: A_POS_INDREN [Saisi] = '0' ET (A_POS_INDREN [Saisi] <> A_POS_INDREN [Valeur avant saisie] OU A_POS_INDMAI [Saisi] <> A_POS_INDMAI [Valeur avant saisie]) | Q3: Titulaire ou magistrat | R3: P0001 | S3: Général | T3: Passant | U3: 43350 | W3: DIS_I_005 ET DIS_I_006 ET DIS_I_178 ET DIS_D_011 ET DIS_D_400 ET DIS_D_506 ET DIS_D_613 ET DIS_D_616 ET POS_C_004 ET POS_C_005 ET POS_C_007 ET POS_C_010 ET POS_C_012 ET POS_C_022 ET POS_C_111 ET POS_C_120 ET POS_C_121 | X3: DIS_I_005 | Y3: =VLOOKUP(X3,'Axe 2 Règles de gestion'!$D$2:$F$408,3, FALSE) -> L'agent doit effectuer une demande. | Z3: DIS_I_006 | AA3: =VLOOKUP(Z3,'Axe 2 Règles de gestion'!$D$2:$F$408,3, FALSE) -> La demande est accordée de droit. | AB3: DIS_I_178 | AC3: =VLOOKUP(AB3,'Axe 2 Règles de gestion'!$D$2:$F$408,3, FALSE) -> L'administration fait procéder aux enquêtes nécessaires en vue de s'assurer que l'activité de l'agent mis en disponibilité correspond réellement aux motifs pour lesquels il a été placé en cette position. | AP3: DIS_D_011 | AQ3: =VLOOKUP(AP3,'Axe 2 Règles de gestion'!$D$2:$F$408,3, FALSE) -> La durée prévisionnelle de la disponibilité ne peut pas excéder 3 ans pour chaque période. | AR3: DIS_D_400 | AS3: =VLOOKUP(AR3,'Axe 2 Règles de gestion'!$D$2:$F$408,3, FALSE) -> La durée réelle de la disponibilité ne peut pas excéder 3 ans pour chaque période. | AT3: DIS_D_506 | AU3: =VLOOKUP(AT3,'Axe 2 Règles de gestion'!$D$2:$F$408,3, FALSE) -> Le type de situation de famille de l'agent doit être "marié(e)" ou "pacsé(e)". | AV3: DIS_D_613 | AW3: =VLOOKUP(AV3,'Axe 2 Règles de gestion'!$D$2:$F$408,3, FALSE) -> L'agent a épuisé ses droits à ancienneté relatifs à la disponibilité. En effet, l'agent en disponibilité pour études ou recherches, convenances personnelles, créer ou reprendre une entreprise, donner des soins, suivre son conjoint ou partenaire de PACS conserve ses droits à l'avancement (échelon et grade) dans la limite de 5 ans s'il exerce une activité professionnelle. | AX3: DIS_D_616 | AY3: =VLOOKUP(AX3,'Axe 2 Règles de gestion'!$D$2:$F$408,3, FALSE) -> Si le champ « Situation particulière » est saisi, alors seule la valeur « Période de disponibilité donnant droit à avancement » peut être sélectionnée. | BN3: POS_C_004 | BO3: =VLOOKUP(BN3,'Axe 2 Règles de gestion'!$D$2:$F$408,3, FALSE) -> La date de début de position doit être antérieure ou égale à la date de fin prévisionnelle de position. | BP3: POS_C_005 | BQ3: =VLOOKUP(BP3,'Axe 2 Règles de gestion'!$D$2:$F$408,3, FALSE) -> La date de début de la position doit être postérieure ou égale à la date d'entrée dans la FPE ou dans la carrière militaire. | BR3: POS_C_007 | BS3: =VLOOKUP(BR3,'Axe 2 Règles de gestion'!$D$2:$F$408,3, FALSE) -> La date de fin réelle de la position doit être antérieure à la date limite de départ à la retraite. | BT3: POS_C_010 | BU3: =VLOOKUP(BT3,'Axe 2 Règles de gestion'!$D$2:$F$408,3, FALSE) -> La date de début de position doit être antérieure ou égale à la date de fin réelle de position. | BV3: POS_C_012 | BW3: =VLOOKUP(BV3,'Axe 2 Règles de gestion'!$D$2:$F$408,3, FALSE) -> La date de fin prévisionnelle de la position doit être antérieure à la date limite de départ à la retraite. | BX3: POS_C_022 | BY3: =VLOOKUP(BX3,'Axe 2 Règles de gestion'!$D$2:$F$408,3, FALSE) -> La date de début de position est à J+1 de la date de fin de position de l'occurrence précédente. | BZ3: POS_C_111 | CA3: =VLOOKUP(BZ3,'Axe 2 Règles de gestion'!$D$2:$F$408,3, FALSE) -> La date de fin ou la date de fin prévisionnelle doit être saisie. | CB3: POS_C_120 | CC3: =VLOOKUP(CB3,'Axe 2 Règles de gestion'!$D$2:$F$408,3, FALSE) -> La saisie d'une occurrence de congés/absences est interdite (date de fin réelle) | CD3: POS_C_121 | CE3: =VLOOKUP(CD3,'Axe 2 Règles de gestion'!$D$2:$F$408,3, FALSE) -> La saisie d'une occurrence de congés/absences est interdite (date de fin prévisionnelle)
A4: 20.10.00 | B4: M | C4: 43699.602 | D4: D0004 | E4: Position | F4: S0012 | G4: Disponibilité | H4: E0161 | I4: Disponibilité sur demande pour donner des soins au conjoint ou au partenaire pacsé suite à accident/maladie grave | J4: Position saisie égale à 'Disponibilité sur demande pour donner des soins au conjoint ou au partenaire pacsé suite à accident/maladie grave' ET Indicateur de maintien saisi = Non | K4: A_POS_POSIAD [Saisi] = 'DSP36' ET A_POS_INDMAI [Saisi] = '0' | L4: T0472 | M4: Disponibilité sur demande pour donner des soins au conjoint ou au partenaire pacsé suite à accident/maladie grave - Renouvellement | N4: Création Modification | O4: Indicateur de renouvellement saisi = Oui ET (Indicateur de renouvellement saisi différent d'Indicateur de renouvellement avant saisi OU Indicateur de maintien saisi différent de Indicateur de maintien avant saisi) | P4: A_POS_INDREN [Saisi] = '1' ET (A_POS_INDREN [Saisi] <> A_POS_INDREN [Valeur avant saisie] OU A_POS_INDMAI [Saisi] <> A_POS_INDMAI [Valeur avant saisie]) | Q4: Titulaire ou magistrat | R4: P0001 | S4: Général | T4: Passant | U4: 40725 | V4: 43349 | W4: DIS_I_034 ET DIS_D_011 ET DIS_D_400 ET DIS_D_506 ET POS_C_004 ET POS_C_005 ET POS_C_007 ET POS_C_010 ET POS_C_012 ET POS_C_022 ET POS_C_111 | X4: DIS_I_034 | Y4: =VLOOKUP(X4,'Axe 2 Règles de gestion'!$D$2:$F$408,3, FALSE) -> L'agent doit informer son administration d'origine de sa décision de solliciter le renouvellement de sa disponibilité ou de réintégrer son corps d'origine 3 mois au moins avant l'expiration de la disponibilité. | AP4: DIS_D_011 | AQ4: =VLOOKUP(AP4,'Axe 2 Règles de gestion'!$D$2:$F$408,3, FALSE) -> La durée prévisionnelle de la disponibilité ne peut pas excéder 3 ans pour chaque période. | AR4: DIS_D_400 | AS4: =VLOOKUP(AR4,'Axe 2 Règles de gestion'!$D$2:$F$408,3, FALSE) -> La durée réelle de la disponibilité ne peut pas excéder 3 ans pour chaque période. | AT4: DIS_D_506 | AU4: =VLOOKUP(AT4,'Axe 2 Règles de gestion'!$D$2:$F$408,3, FALSE) -> Le type de situation de famille de l'agent doit être "marié(e)" ou "pacsé(e)". | BN4: POS_C_004 | BO4: =VLOOKUP(BN4,'Axe 2 Règles de gestion'!$D$2:$F$408,3, FALSE) -> La date de début de position doit être antérieure ou égale à la date de fin prévisionnelle de position. | BP4: POS_C_005 | BQ4: =VLOOKUP(BP4,'Axe 2 Règles de gestion'!$D$2:$F$408,3, FALSE) -> La date de début de la position doit être postérieure ou égale à la date d'entrée dans la FPE ou dans la carrière militaire. | BR4: POS_C_007 | BS4: =VLOOKUP(BR4,'Axe 2 Règles de gestion'!$D$2:$F$408,3, FALSE) -> La date de fin réelle de la position doit être antérieure à la date limite de départ à la retraite. | BT4: POS_C_010 | BU4: =VLOOKUP(BT4,'Axe 2 Règles de gestion'!$D$2:$F$408,3, FALSE) -> La date de début de position doit être antérieure ou égale à la date de fin réelle de position. | BV4: POS_C_012 | BW4: =VLOOKUP(BV4,'Axe 2 Règles de gestion'!$D$2:$F$408,3, FALSE) -> La date de fin prévisionnelle de la position doit être antérieure à la date limite de départ à la retraite. | BX4: POS_C_022 | BY4: =VLOOKUP(BX4,'Axe 2 Règles de gestion'!$D$2:$F$408,3, FALSE) -> La date de début de position est à J+1 de la date de fin de position de l'occurrence précédente. | BZ4: POS_C_111 | CA4: =VLOOKUP(BZ4,'Axe 2 Règles de gestion'!$D$2:$F$408,3, FALSE) -> La date de fin ou la date de fin prévisionnelle doit être saisie.
A5: 25.00.00 | B5: M | C5: 45803.683 | D5: D0004 | E5: Position | F5: S0012 | G5: Disponibilité | H5: E0161 | I5: Disponibilité sur demande pour donner des soins au conjoint ou au partenaire pacsé suite à accident/maladie grave | J5: Position saisie égale à 'Disponibilité sur demande pour donner des soins au conjoint ou au partenaire pacsé suite à accident/maladie grave' ET Indicateur de maintien saisi = Non | K5: A_POS_POSIAD [Saisi] = 'DSP36' ET A_POS_INDMAI [Saisi] = '0' | L5: T0472 | M5: Disponibilité sur demande pour donner des soins au conjoint ou au partenaire pacsé suite à accident/maladie grave - Renouvellement | N5: Création Modification | O5: Indicateur de renouvellement saisi = Oui ET (Indicateur de renouvellement saisi différent d'Indicateur de renouvellement avant saisi OU Indicateur de maintien saisi différent de Indicateur de maintien avant saisi) | P5: A_POS_INDREN [Saisi] = '1' ET (A_POS_INDREN [Saisi] <> A_POS_INDREN [Valeur avant saisie] OU A_POS_INDMAI [Saisi] <> A_POS_INDMAI [Valeur avant saisie]) | Q5: Titulaire ou magistrat | R5: P0001 | S5: Général | T5: Passant | U5: 43350 | W5: DIS_I_171 ET DIS_I_178 ET DIS_D_011 ET DIS_D_400 ET DIS_D_506 ET DIS_D_613 ET DIS_D_616 ET POS_C_004 ET POS_C_005 ET POS_C_007 ET POS_C_010 ET POS_C_012 ET POS_C_022 ET POS_C_111 ET POS_C_120 ET POS_C_121 | X5: DIS_I_171 | Y5: =VLOOKUP(X5,'Axe 2 Règles de gestion'!$D$2:$F$408,3, FALSE) -> L'agent doit informer son administration d'origine de sa décision de solliciter le renouvellement de sa disponibilité 3 mois au moins avant l'expiration de la disponibilité. | Z5: DIS_I_178 | AA5: =VLOOKUP(Z5,'Axe 2 Règles de gestion'!$D$2:$F$408,3, FALSE) -> L'administration fait procéder aux enquêtes nécessaires en vue de s'assurer que l'activité de l'agent mis en disponibilité correspond réellement aux motifs pour lesquels il a été placé en cette position. | AP5: DIS_D_011 | AQ5: =VLOOKUP(AP5,'Axe 2 Règles de gestion'!$D$2:$F$408,3, FALSE) -> La durée prévisionnelle de la disponibilité ne peut pas excéder 3 ans pour chaque période. | AR5: DIS_D_400 | AS5: =VLOOKUP(AR5,'Axe 2 Règles de gestion'!$D$2:$F$408,3, FALSE) -> La durée réelle de la disponibilité ne peut pas excéder 3 ans pour chaque période. | AT5: DIS_D_506 | AU5: =VLOOKUP(AT5,'Axe 2 Règles de gestion'!$D$2:$F$408,3, FALSE) -> Le type de situation de famille de l'agent doit être "marié(e)" ou "pacsé(e)". | AV5: DIS_D_613 | AW5: =VLOOKUP(AV5,'Axe 2 Règles de gestion'!$D$2:$F$408,3, FALSE) -> L'agent a épuisé ses droits à ancienneté relatifs à la disponibilité. En effet, l'agent en disponibilité pour études ou recherches, convenances personnelles, créer ou reprendre une entreprise, donner des soins, suivre son conjoint ou partenaire de PACS conserve ses droits à l'avancement (échelon et grade) dans la limite de 5 ans s'il exerce une activité professionnelle. | AX5: DIS_D_616 | AY5: =VLOOKUP(AX5,'Axe 2 Règles de gestion'!$D$2:$F$408,3, FALSE) -> Si le champ « Situation particulière » est saisi, alors seule la valeur « Période de disponibilité donnant droit à avancement » peut être sélectionnée. | BN5: POS_C_004 | BO5: =VLOOKUP(BN5,'Axe 2 Règles de gestion'!$D$2:$F$408,3, FALSE) -> La date de début de position doit être antérieure ou égale à la date de fin prévisionnelle de position. | BP5: POS_C_005 | BQ5: =VLOOKUP(BP5,'Axe 2 Règles de gestion'!$D$2:$F$408,3, FALSE) -> La date de début de la position doit être postérieure ou égale à la date d'entrée dans la FPE ou dans la carrière militaire. | BR5: POS_C_007 | BS5: =VLOOKUP(BR5,'Axe 2 Règles de gestion'!$D$2:$F$408,3, FALSE) -> La date de fin réelle de la position doit être antérieure à la date limite de départ à la retraite. | BT5: POS_C_010 | BU5: =VLOOKUP(BT5,'Axe 2 Règles de gestion'!$D$2:$F$408,3, FALSE) -> La date de début de position doit être antérieure ou égale à la date de fin réelle de position. | BV5: POS_C_012 | BW5: =VLOOKUP(BV5,'Axe 2 Règles de gestion'!$D$2:$F$408,3, FALSE) -> La date de fin prévisionnelle de la position doit être antérieure à la date limite de départ à la retraite. | BX5: POS_C_022 | BY5: =VLOOKUP(BX5,'Axe 2 Règles de gestion'!$D$2:$F$408,3, FALSE) -> La date de début de position est à J+1 de la date de fin de position de l'occurrence précédente. | BZ5: POS_C_111 | CA5: =VLOOKUP(BZ5,'Axe 2 Règles de gestion'!$D$2:$F$408,3, FALSE) -> La date de fin ou la date de fin prévisionnelle doit être saisie. | CB5: POS_C_120 | CC5: =VLOOKUP(CB5,'Axe 2 Règles de gestion'!$D$2:$F$408,3, FALSE) -> La saisie d'une occurrence de congés/absences est interdite (date de fin réelle) | CD5: POS_C_121 | CE5: =VLOOKUP(CD5,'Axe 2 Règles de gestion'!$D$2:$F$408,3, FALSE) -> La saisie d'une occurrence de congés/absences est interdite (date de fin prévisionnelle)
A6: 20.10.00 | B6: M | C6: 43152.5 | D6: D0004 | E6: Position | F6: S0012 | G6: Disponibilité | H6: E0161 | I6: Disponibilité sur demande pour donner des soins au conjoint ou au partenaire pacsé suite à accident/maladie grave | J6: Position saisie égale à 'Disponibilité sur demande pour donner des soins au conjoint ou au partenaire pacsé suite à accident/maladie grave' ET Indicateur de maintien saisi = Non | K6: A_POS_POSIAD [Saisi] = 'DSP36' ET A_POS_INDMAI [Saisi] = '0' | L6: T0473 | M6: Disponibilité sur demande pour donner des soins au conjoint ou au partenaire pacsé suite à accident/maladie grave - Réintégration | N6: Modification | O6: Indicateur de renouvellement saisi identique à Indicateur de renouvellement avant saisi ET Indicateur de maintien saisi identique à Indicateur de maintien avant saisi | P6: A_POS_INDREN [Saisi] = A_POS_INDREN [Valeur avant saisie] ET A_POS_INDMAI [Saisi] = A_POS_INDMAI [Valeur avant saisie] | Q6: Titulaire ou magistrat | R6: P0001 | S6: Général | T6: Passant | U6: 40725 | V6: 43349 | W6: DIS_I_034 ET DIS_I_036 ET DIS_I_037 ET DIS_D_011 ET DIS_D_400 ET DIS_D_506 ET POS_C_004 ET POS_C_007 ET POS_C_010 ET POS_C_012 ET POS_C_111 | X6: DIS_I_034 | Y6: =VLOOKUP(X6,'Axe 2 Règles de gestion'!$D$2:$F$408,3, FALSE) -> L'agent doit informer son administration d'origine de sa décision de solliciter le renouvellement de sa disponibilité ou de réintégrer son corps d'origine 3 mois au moins avant l'expiration de la disponibilité. | Z6: DIS_I_036 | AA6: =VLOOKUP(Z6,'Axe 2 Règles de gestion'!$D$2:$F$408,3, FALSE) -> La réintégration est subordonnée à la vérification par un médecin agréé et, éventuellement, par le comité médical compétent, de l'aptitude physique de l'agent à l'exercice des fonctions afférentes à son grade. | AB6: DIS_I_037 | AC6: =VLOOKUP(AB6,'Axe 2 Règles de gestion'!$D$2:$F$408,3, FALSE) -> L'agent qui ne peut être réintégré pour cause d'inaptitude physique est soit reclassé, soit mis en disponibilité d'office. En cas d'inaptitude définitive à l'exercice de ses fonctions, l'agent est admis à la retraite ou licencié. | AP6: DIS_D_011 | AQ6: =VLOOKUP(AP6,'Axe 2 Règles de gestion'!$D$2:$F$408,3, FALSE) -> La durée prévisionnelle de la disponibilité ne peut pas excéder 3 ans pour chaque période. | AR6: DIS_D_400 | AS6: =VLOOKUP(AR6,'Axe 2 Règles de gestion'!$D$2:$F$408,3, FALSE) -> La durée réelle de la disponibilité ne peut pas excéder 3 ans pour chaque période. | AT6: DIS_D_506 | AU6: =VLOOKUP(AT6,'Axe 2 Règles de gestion'!$D$2:$F$408,3, FALSE) -> Le type de situation de famille de l'agent doit être "marié(e)" ou "pacsé(e)". | BN6: POS_C_004 | BO6: =VLOOKUP(BN6,'Axe 2 Règles de gestion'!$D$2:$F$408,3, FALSE) -> La date de début de position doit être antérieure ou égale à la date de fin prévisionnelle de position. | BP6: POS_C_007 | BQ6: =VLOOKUP(BP6,'Axe 2 Règles de gestion'!$D$2:$F$408,3, FALSE) -> La date de fin réelle de la position doit être antérieure à la date limite de départ à la retraite. | BR6: POS_C_010 | BS6: =VLOOKUP(BR6,'Axe 2 Règles de gestion'!$D$2:$F$408,3, FALSE) -> La date de début de position doit être antérieure ou égale à la date de fin réelle de position. | BT6: POS_C_012 | BU6: =VLOOKUP(BT6,'Axe 2 Règles de gestion'!$D$2:$F$408,3, FALSE) -> La date de fin prévisionnelle de la position doit être antérieure à la date limite de départ à la retraite. | BV6: POS_C_111 | BW6: =VLOOKUP(BV6,'Axe 2 Règles de gestion'!$D$2:$F$408,3, FALSE) -> La date de fin ou la date de fin prévisionnelle doit être saisie.
A7: 22.00.00 | B7: M | C7: 44713.814 | D7: D0004 | E7: Position | F7: S0012 | G7: Disponibilité | H7: E0161 | I7: Disponibilité sur demande pour donner des soins au conjoint ou au partenaire pacsé suite à accident/maladie grave | J7: Position saisie égale à 'Disponibilité sur demande pour donner des soins au conjoint ou au partenaire pacsé suite à accident/maladie grave' ET Indicateur de maintien saisi = Non | K7: A_POS_POSIAD [Saisi] = 'DSP36' ET A_POS_INDMAI [Saisi] = '0' | L7: T0473 | M7: Disponibilité sur demande pour donner des soins au conjoint ou au partenaire pacsé suite à accident/maladie grave - Réintégration | N7: Modification | O7: Indicateur de renouvellement saisi identique à Indicateur de renouvellement avant saisi ET Indicateur de maintien saisi identique à Indicateur de maintien avant saisi | P7: A_POS_INDREN [Saisi] = A_POS_INDREN [Valeur avant saisie] ET A_POS_INDMAI [Saisi] = A_POS_INDMAI [Valeur avant saisie] | Q7: Titulaire ou magistrat | R7: P0001 | S7: Général | T7: Passant | U7: 43350 | V7: 44633 | W7: DIS_I_034 ET DIS_I_036 ET DIS_I_037 ET DIS_D_011 ET DIS_D_400 ET DIS_D_506 ET DIS_D_613 ET DIS_D_616 ET POS_C_004 ET POS_C_007 ET POS_C_010 ET POS_C_012 ET POS_C_111 ET POS_C_120 ET POS_C_121 | X7: DIS_I_034 | Y7: =VLOOKUP(X7,'Axe 2 Règles de gestion'!$D$2:$F$408,3, FALSE) -> L'agent doit informer son administration d'origine de sa décision de solliciter le renouvellement de sa disponibilité ou de réintégrer son corps d'origine 3 mois au moins avant l'expiration de la disponibilité. | Z7: DIS_I_036 | AA7: =VLOOKUP(Z7,'Axe 2 Règles de gestion'!$D$2:$F$408,3, FALSE) -> La réintégration est subordonnée à la vérification par un médecin agréé et, éventuellement, par le comité médical compétent, de l'aptitude physique de l'agent à l'exercice des fonctions afférentes à son grade. | AB7: DIS_I_037 | AC7: =VLOOKUP(AB7,'Axe 2 Règles de gestion'!$D$2:$F$408,3, FALSE) -> L'agent qui ne peut être réintégré pour cause d'inaptitude physique est soit reclassé, soit mis en disponibilité d'office. En cas d'inaptitude définitive à l'exercice de ses fonctions, l'agent est admis à la retraite ou licencié. | AP7: DIS_D_011 | AQ7: =VLOOKUP(AP7,'Axe 2 Règles de gestion'!$D$2:$F$408,3, FALSE) -> La durée prévisionnelle de la disponibilité ne peut pas excéder 3 ans pour chaque période. | AR7: DIS_D_400 | AS7: =VLOOKUP(AR7,'Axe 2 Règles de gestion'!$D$2:$F$408,3, FALSE) -> La durée réelle de la disponibilité ne peut pas excéder 3 ans pour chaque période. | AT7: DIS_D_506 | AU7: =VLOOKUP(AT7,'Axe 2 Règles de gestion'!$D$2:$F$408,3, FALSE) -> Le type de situation de famille de l'agent doit être "marié(e)" ou "pacsé(e)". | AV7: DIS_D_613 | AW7: =VLOOKUP(AV7,'Axe 2 Règles de gestion'!$D$2:$F$408,3, FALSE) -> L'agent a épuisé ses droits à ancienneté relatifs à la disponibilité. En effet, l'agent en disponibilité pour études ou recherches, convenances personnelles, créer ou reprendre une entreprise, donner des soins, suivre son conjoint ou partenaire de PACS conserve ses droits à l'avancement (échelon et grade) dans la limite de 5 ans s'il exerce une activité professionnelle. | AX7: DIS_D_616 | AY7: =VLOOKUP(AX7,'Axe 2 Règles de gestion'!$D$2:$F$408,3, FALSE) -> Si le champ « Situation particulière » est saisi, alors seule la valeur « Période de disponibilité donnant droit à avancement » peut être sélectionnée. | BN7: POS_C_004 | BO7: =VLOOKUP(BN7,'Axe 2 Règles de gestion'!$D$2:$F$408,3, FALSE) -> La date de début de position doit être antérieure ou égale à la date de fin prévisionnelle de position. | BP7: POS_C_007 | BQ7: =VLOOKUP(BP7,'Axe 2 Règles de gestion'!$D$2:$F$408,3, FALSE) -> La date de fin réelle de la position doit être antérieure à la date limite de départ à la retraite. | BR7: POS_C_010 | BS7: =VLOOKUP(BR7,'Axe 2 Règles de gestion'!$D$2:$F$408,3, FALSE) -> La date de début de position doit être antérieure ou égale à la date de fin réelle de position. | BT7: POS_C_012 | BU7: =VLOOKUP(BT7,'Axe 2 Règles de gestion'!$D$2:$F$408,3, FALSE) -> La date de fin prévisionnelle de la position doit être antérieure à la date limite de départ à la retraite. | BV7: POS_C_111 | BW7: =VLOOKUP(BV7,'Axe 2 Règles de gestion'!$D$2:$F$408,3, FALSE) -> La date de fin ou la date de fin prévisionnelle doit être saisie. | BX7: POS_C_120 | BY7: =VLOOKUP(BX7,'Axe 2 Règles de gestion'!$D$2:$F$408,3, FALSE) -> La saisie d'une occurrence de congés/absences est interdite (date de fin réelle) | BZ7: POS_C_121 | CA7: =VLOOKUP(BZ7,'Axe 2 Règles de gestion'!$D$2:$F$408,3, FALSE) -> La saisie d'une occurrence de congés/absences est interdite (date de fin prévisionnelle)
A8: 25.00.00 | B8: M | C8: 45803.684 | D8: D0004 | E8: Position | F8: S0012 | G8: Disponibilité | H8: E0161 | I8: Disponibilité sur demande pour donner des soins au conjoint ou au partenaire pacsé suite à accident/maladie grave | J8: Position saisie égale à 'Disponibilité sur demande pour donner des soins au conjoint ou au partenaire pacsé suite à accident/maladie grave' ET Indicateur de maintien saisi = Non | K8: A_POS_POSIAD [Saisi] = 'DSP36' ET A_POS_INDMAI [Saisi] = '0' | L8: T0473 | M8: Disponibilité sur demande pour donner des soins au conjoint ou au partenaire pacsé suite à accident/maladie grave - Réintégration | N8: Modification | O8: Indicateur de renouvellement saisi identique à Indicateur de renouvellement avant saisi ET Indicateur de maintien saisi identique à Indicateur de maintien avant saisi | P8: A_POS_INDREN [Saisi] = A_POS_INDREN [Valeur avant saisie] ET A_POS_INDMAI [Saisi] = A_POS_INDMAI [Valeur avant saisie] | Q8: Titulaire ou magistrat | R8: P0001 | S8: Général | T8: Passant | U8: 44634 | W8: DIS_I_172 ET DIS_I_149 ET DIS_I_037 ET DIS_I_173 ET DIS_I_176 ET DIS_I_177 ET DIS_D_011 ET DIS_D_400 ET DIS_D_506 ET DIS_D_613 ET DIS_D_616 ET POS_C_004 ET POS_C_007 ET POS_C_010 ET POS_C_012 ET POS_C_111 ET POS_C_120 ET POS_C_121 | X8: DIS_I_172 | Y8: =VLOOKUP(X8,'Axe 2 Règles de gestion'!$D$2:$F$408,3, FALSE) -> L'agent doit informer son administration d'origine de sa décision de réintégrer son corps d'origine 3 mois au moins avant l'expiration de la disponibilité. | Z8: DIS_I_149 | AA8: =VLOOKUP(Z8,'Axe 2 Règles de gestion'!$D$2:$F$408,3, FALSE) -> Lorsque les fonctions requièrent des conditions de santé particulières, la réintégration est subordonnée à la vérification du respect de ces conditions par un médecin agréé et, éventuellement, par le conseil médical compétent. | AB8: DIS_I_037 | AC8: =VLOOKUP(AB8,'Axe 2 Règles de gestion'!$D$2:$F$408,3, FALSE) -> L'agent qui ne peut être réintégré pour cause d'inaptitude physique est soit reclassé, soit mis en disponibilité d'office. En cas d'inaptitude définitive à l'exercice de ses fonctions, l'agent est admis à la retraite ou licencié. | AD8: DIS_I_173 | AE8: =VLOOKUP(AD8,'Axe 2 Règles de gestion'!$D$2:$F$408,3, FALSE) -> L'agent qui a formulé avant l'expiration de la période de mise en disponibilité une demande de réintégration est maintenu en disponibilité jusqu'à ce qu'un poste lui soit proposé. | AF8: DIS_I_176 | AG8: =VLOOKUP(AF8,'Axe 2 Règles de gestion'!$D$2:$F$408,3, FALSE) -> A l'issue de sa disponibilité ou avant cette date, s'il sollicite sa réintégration anticipée, l'agent est obligatoirement réintégré à la première vacance dans son corps d'origine et affecté à un emploi correspondant à son grade. | AH8: DIS_I_177 | AI8: =VLOOKUP(AH8,'Axe 2 Règles de gestion'!$D$2:$F$408,3, FALSE) -> S'il refuse le poste, il peut être licencié après avis de la commission administrative paritaire. | AP8: DIS_D_011 | AQ8: =VLOOKUP(AP8,'Axe 2 Règles de gestion'!$D$2:$F$408,3, FALSE) -> La durée prévisionnelle de la disponibilité ne peut pas excéder 3 ans pour chaque période. | AR8: DIS_D_400 | AS8: =VLOOKUP(AR8,'Axe 2 Règles de gestion'!$D$2:$F$408,3, FALSE) -> La durée réelle de la disponibilité ne peut pas excéder 3 ans pour chaque période. | AT8: DIS_D_506 | AU8: =VLOOKUP(AT8,'Axe 2 Règles de gestion'!$D$2:$F$408,3, FALSE) -> Le type de situation de famille de l'agent doit être "marié(e)" ou "pacsé(e)". | AV8: DIS_D_613 | AW8: =VLOOKUP(AV8,'Axe 2 Règles de gestion'!$D$2:$F$408,3, FALSE) -> L'agent a épuisé ses droits à ancienneté relatifs à la disponibilité. En effet, l'agent en disponibilité pour études ou recherches, convenances personnelles, créer ou reprendre une entreprise, donner des soins, suivre son conjoint ou partenaire de PACS conserve ses droits à l'avancement (échelon et grade) dans la limite de 5 ans s'il exerce une activité professionnelle. | AX8: DIS_D_616 | AY8: =VLOOKUP(AX8,'Axe 2 Règles de gestion'!$D$2:$F$408,3, FALSE) -> Si le champ « Situation particulière » est saisi, alors seule la valeur « Période de disponibilité donnant droit à avancement » peut être sélectionnée. | BN8: POS_C_004 | BO8: =VLOOKUP(BN8,'Axe 2 Règles de gestion'!$D$2:$F$408,3, FALSE) -> La date de début de position doit être antérieure ou égale à la date de fin prévisionnelle de position. | BP8: POS_C_007 | BQ8: =VLOOKUP(BP8,'Axe 2 Règles de gestion'!$D$2:$F$408,3, FALSE) -> La date de fin réelle de la position doit être antérieure à la date limite de départ à la retraite. | BR8: POS_C_010 | BS8: =VLOOKUP(BR8,'Axe 2 Règles de gestion'!$D$2:$F$408,3, FALSE) -> La date de début de position doit être antérieure ou égale à la date de fin réelle de position. | BT8: POS_C_012 | BU8: =VLOOKUP(BT8,'Axe 2 Règles de gestion'!$D$2:$F$408,3, FALSE) -> La date de fin prévisionnelle de la position doit être antérieure à la date limite de départ à la retraite. | BV8: POS_C_111 | BW8: =VLOOKUP(BV8,'Axe 2 Règles de gestion'!$D$2:$F$408,3, FALSE) -> La date de fin ou la date de fin prévisionnelle doit être saisie. | BX8: POS_C_120 | BY8: =VLOOKUP(BX8,'Axe 2 Règles de gestion'!$D$2:$F$408,3, FALSE) -> La saisie d'une occurrence de congés/absences est interdite (date de fin réelle) | BZ8: POS_C_121 | CA8: =VLOOKUP(BZ8,'Axe 2 Règles de gestion'!$D$2:$F$408,3, FALSE) -> La saisie d'une occurrence de congés/absences est interdite (date de fin prévisionnelle)
A9: 17.10.00 | B9: A | C9: 43152.5 | D9: D0004 | E9: Position | F9: S0012 | G9: Disponibilité | H9: E0161 | I9: Disponibilité sur demande pour donner des soins au conjoint ou au partenaire pacsé suite à accident/maladie grave | J9: Position saisie égale à 'Disponibilité sur demande pour donner des soins au conjoint ou au partenaire pacsé suite à accident/maladie grave' ET Indicateur de maintien saisi = Non | K9: A_POS_POSIAD [Saisi] = 'DSP36' ET A_POS_INDMAI [Saisi] = '0' | L9: T0471 | M9: Disponibilité sur demande pour donner des soins au conjoint ou au partenaire pacsé suite à accident/maladie grave - Demande | N9: Création Modification | O9: Indicateur de renouvellement saisi = Non ET (Indicateur de renouvellement saisi différent d'Indicateur de renouvellement avant saisi OU Indicateur de maintien saisi différent de Indicateur de maintien avant saisi) | P9: A_POS_INDREN [Saisi] = '0' ET (A_POS_INDREN [Saisi] <> A_POS_INDREN [Valeur avant saisie] OU A_POS_INDMAI [Saisi] <> A_POS_INDMAI [Valeur avant saisie]) | Q9: Militaire | R9: P0002 | S9: Général | T9: Exclu | U9: 40725
A10: 17.10.00 | B10: M | C10: 43152.5 | D10: D0004 | E10: Position | F10: S0012 | G10: Disponibilité | H10: E0161 | I10: Disponibilité sur demande pour donner des soins au conjoint ou au partenaire pacsé suite à accident/maladie grave | J10: Position saisie égale à 'Disponibilité sur demande pour donner des soins au conjoint ou au partenaire pacsé suite à accident/maladie grave' ET Indicateur de maintien saisi = Non | K10: A_POS_POSIAD [Saisi] = 'DSP36' ET A_POS_INDMAI [Saisi] = '0' | L10: T0472 | M10: Disponibilité sur demande pour donner des soins au conjoint ou au partenaire pacsé suite à accident/maladie grave - Renouvellement | N10: Création Modification | O10: Indicateur de renouvellement saisi = Oui ET (Indicateur de renouvellement saisi différent d'Indicateur de renouvellement avant saisi OU Indicateur de maintien saisi différent de Indicateur de maintien avant saisi) | P10: A_POS_INDREN [Saisi] = '1' ET (A_POS_INDREN [Saisi] <> A_POS_INDREN [Valeur avant saisie] OU A_POS_INDMAI [Saisi] <> A_POS_INDMAI [Valeur avant saisie]) | Q10: Militaire | R10: P0002 | S10: Général | T10: Exclu | U10: 40725
A11: 17.10.00 | B11: A | C11: 43152.5 | D11: D0004 | E11: Position | F11: S0012 | G11: Disponibilité | H11: E0161 | I11: Disponibilité sur demande pour donner des soins au conjoint ou au partenaire pacsé suite à accident/maladie grave | J11: Position saisie égale à 'Disponibilité sur demande pour donner des soins au conjoint ou au partenaire pacsé suite à accident/maladie grave' ET Indicateur de maintien saisi = Non | K11: A_POS_POSIAD [Saisi] = 'DSP36' ET A_POS_INDMAI [Saisi] = '0' | L11: T0473 | M11: Disponibilité sur demande pour donner des soins au conjoint ou au partenaire pacsé suite à accident/maladie grave - Réintégration | N11: Modification | O11: Indicateur de renouvellement saisi identique à Indicateur de renouvellement avant saisi ET Indicateur de maintien saisi identique à Indicateur de maintien avant saisi | P11: A_POS_INDREN [Saisi] = A_POS_INDREN [Valeur avant saisie] ET A_POS_INDMAI [Saisi] = A_POS_INDMAI [Valeur avant saisie] | Q11: Militaire | R11: P0002 | S11: Général | T11: Exclu | U11: 40725
A12: 17.10.00 | B12: A | C12: 43152.5 | D12: D0004 | E12: Position | F12: S0012 | G12: Disponibilité | H12: E0161 | I12: Disponibilité sur demande pour donner des soins au conjoint ou au partenaire pacsé suite à accident/maladie grave | J12: Position saisie égale à 'Disponibilité sur demande pour donner des soins au conjoint ou au partenaire pacsé suite à accident/maladie grave' ET Indicateur de maintien saisi = Non | K12: A_POS_POSIAD [Saisi] = 'DSP36' ET A_POS_INDMAI [Saisi] = '0' | L12: T0471 | M12: Disponibilité sur demande pour donner des soins au conjoint ou au partenaire pacsé suite à accident/maladie grave - Demande | N12: Création Modification | O12: Indicateur de renouvellement saisi = Non ET (Indicateur de renouvellement saisi différent d'Indicateur de renouvellement avant saisi OU Indicateur de maintien saisi différent de Indicateur de maintien avant saisi) | P12: A_POS_INDREN [Saisi] = '0' ET (A_POS_INDREN [Saisi] <> A_POS_INDREN [Valeur avant saisie] OU A_POS_INDMAI [Saisi] <> A_POS_INDMAI [Valeur avant saisie]) | Q12: Contractuel | R12: P0003 | S12: Général | T12: Exclu | U12: 40725
A13: 17.10.00 | B13: A | C13: 43152.5 | D13: D0004 | E13: Position | F13: S0012 | G13: Disponibilité | H13: E0161 | I13: Disponibilité sur demande pour donner des soins au conjoint ou au partenaire pacsé suite à accident/maladie grave | J13: Position saisie égale à 'Disponibilité sur demande pour donner des soins au conjoint ou au partenaire pacsé suite à accident/maladie grave' ET Indicateur de maintien saisi = Non | K13: A_POS_POSIAD [Saisi] = 'DSP36' ET A_POS_INDMAI [Saisi] = '0' | L13: T0472 | M13: Disponibilité sur demande pour donner des soins au conjoint ou au partenaire pacsé suite à accident/maladie grave - Renouvellement | N13: Création Modification | O13: Indicateur de renouvellement saisi = Oui ET (Indicateur de renouvellement saisi différent d'Indicateur de renouvellement avant saisi OU Indicateur de maintien saisi différent de Indicateur de maintien avant saisi) | P13: A_POS_INDREN [Saisi] = '1' ET (A_POS_INDREN [Saisi] <> A_POS_INDREN [Valeur avant saisie] OU A_POS_INDMAI [Saisi] <> A_POS_INDMAI [Valeur avant saisie]) | Q13: Contractuel | R13: P0003 | S13: Général | T13: Exclu | U13: 40725
A14: 17.10.00 | B14: A | C14: 43152.5 | D14: D0004 | E14: Position | F14: S0012 | G14: Disponibilité | H14: E0161 | I14: Disponibilité sur demande pour donner des soins au conjoint ou au partenaire pacsé suite à accident/maladie grave | J14: Position saisie égale à 'Disponibilité sur demande pour donner des soins au conjoint ou au partenaire pacsé suite à accident/maladie grave' ET Indicateur de maintien saisi = Non | K14: A_POS_POSIAD [Saisi] = 'DSP36' ET A_POS_INDMAI [Saisi] = '0' | L14: T0473 | M14: Disponibilité sur demande pour donner des soins au conjoint ou au partenaire pacsé suite à accident/maladie grave - Réintégration | N14: Modification | O14: Indicateur de renouvellement saisi identique à Indicateur de renouvellement avant saisi ET Indicateur de maintien saisi identique à Indicateur de maintien avant saisi | P14: A_POS_INDREN [Saisi] = A_POS_INDREN [Valeur avant saisie] ET A_POS_INDMAI [Saisi] = A_POS_INDMAI [Valeur avant saisie] | Q14: Contractuel | R14: P0003 | S14: Général | T14: Exclu | U14: 40725
A15: 17.10.00 | B15: A | C15: 43152.5 | D15: D0004 | E15: Position | F15: S0012 | G15: Disponibilité | H15: E0161 | I15: Disponibilité sur demande pour donner des soins au conjoint ou au partenaire pacsé suite à accident/maladie grave | J15: Position saisie égale à 'Disponibilité sur demande pour donner des soins au conjoint ou au partenaire pacsé suite à accident/maladie grave' ET Indicateur de maintien saisi = Non | K15: A_POS_POSIAD [Saisi] = 'DSP36' ET A_POS_INDMAI [Saisi] = '0' | L15: T0471 | M15: Disponibilité sur demande pour donner des soins au conjoint ou au partenaire pacsé suite à accident/maladie grave - Demande | N15: Création Modification | O15: Indicateur de renouvellement saisi = Non ET (Indicateur de renouvellement saisi différent d'Indicateur de renouvellement avant saisi OU Indicateur de maintien saisi différent de Indicateur de maintien avant saisi) | P15: A_POS_INDREN [Saisi] = '0' ET (A_POS_INDREN [Saisi] <> A_POS_INDREN [Valeur avant saisie] OU A_POS_INDMAI [Saisi] <> A_POS_INDMAI [Valeur avant saisie]) | Q15: Stagiaire ou auditeur ou élève | R15: P0004 | S15: Général | T15: Exclu | U15: 40725
A16: 17.10.00 | B16: A | C16: 43152.5 | D16: D0004 | E16: Position | F16: S0012 | G16: Disponibilité | H16: E0161 | I16: Disponibilité sur demande pour donner des soins au conjoint ou au partenaire pacsé suite à accident/maladie grave | J16: Position saisie égale à 'Disponibilité sur demande pour donner des soins au conjoint ou au partenaire pacsé suite à accident/maladie grave' ET Indicateur de maintien saisi = Non | K16: A_POS_POSIAD [Saisi] = 'DSP36' ET A_POS_INDMAI [Saisi] = '0' | L16: T0472 | M16: Disponibilité sur demande pour donner des soins au conjoint ou au partenaire pacsé suite à accident/maladie grave - Renouvellement | N16: Création Modification | O16: Indicateur de renouvellement saisi = Oui ET (Indicateur de renouvellement saisi différent d'Indicateur de renouvellement avant saisi OU Indicateur de maintien saisi différent de Indicateur de maintien avant saisi) | P16: A_POS_INDREN [Saisi] = '1' ET (A_POS_INDREN [Saisi] <> A_POS_INDREN [Valeur avant saisie] OU A_POS_INDMAI [Saisi] <> A_POS_INDMAI [Valeur avant saisie]) | Q16: Stagiaire ou auditeur ou élève | R16: P0004 | S16: Général | T16: Exclu | U16: 40725
A17: 17.10.00 | B17: A | C17: 43152.5 | D17: D0004 | E17: Position | F17: S0012 | G17: Disponibilité | H17: E0161 | I17: Disponibilité sur demande pour donner des soins au conjoint ou au partenaire pacsé suite à accident/maladie grave | J17: Position saisie égale à 'Disponibilité sur demande pour donner des soins au conjoint ou au partenaire pacsé suite à accident/maladie grave' ET Indicateur de maintien saisi = Non | K17: A_POS_POSIAD [Saisi] = 'DSP36' ET A_POS_INDMAI [Saisi] = '0' | L17: T0473 | M17: Disponibilité sur demande pour donner des soins au conjoint ou au partenaire pacsé suite à accident/maladie grave - Réintégration | N17: Modification | O17: Indicateur de renouvellement saisi identique à Indicateur de renouvellement avant saisi ET Indicateur de maintien saisi identique à Indicateur de maintien avant saisi | P17: A_POS_INDREN [Saisi] = A_POS_INDREN [Valeur avant saisie] ET A_POS_INDMAI [Saisi] = A_POS_INDMAI [Valeur avant saisie] | Q17: Stagiaire ou auditeur ou élève | R17: P0004 | S17: Général | T17: Exclu | U17: 40725
A18: 17.10.00 | B18: A | C18: 43152.5 | D18: D0004 | E18: Position | F18: S0012 | G18: Disponibilité | H18: E0161 | I18: Disponibilité sur demande pour donner des soins au conjoint ou au partenaire pacsé suite à accident/maladie grave | J18: Position saisie égale à 'Disponibilité sur demande pour donner des soins au conjoint ou au partenaire pacsé suite à accident/maladie grave' ET Indicateur de maintien saisi = Non | K18: A_POS_POSIAD [Saisi] = 'DSP36' ET A_POS_INDMAI [Saisi] = '0' | L18: T0471 | M18: Disponibilité sur demande pour donner des soins au conjoint ou au partenaire pacsé suite à accident/maladie grave - Demande | N18: Création Modification | O18: Indicateur de renouvellement saisi = Non ET (Indicateur de renouvellement saisi différent d'Indicateur de renouvellement avant saisi OU Indicateur de maintien saisi différent de Indicateur de maintien avant saisi) | P18: A_POS_INDREN [Saisi] = '0' ET (A_POS_INDREN [Saisi] <> A_POS_INDREN [Valeur avant saisie] OU A_POS_INDMAI [Saisi] <> A_POS_INDMAI [Valeur avant saisie]) | Q18: Ouvrier d'état | R18: P0005 | S18: Général | T18: Exclu | U18: 40725
A19: 17.10.00 | B19: A | C19: 43152.5 | D19: D0004 | E19: Position | F19: S0012 | G19: Disponibilité | H19: E0161 | I19: Disponibilité sur demande pour donner des soins au conjoint ou au partenaire pacsé suite à accident/maladie grave | J19: Position saisie égale à 'Disponibilité sur demande pour donner des soins au conjoint ou au partenaire pacsé suite à accident/maladie grave' ET Indicateur de maintien saisi = Non | K19: A_POS_POSIAD [Saisi] = 'DSP36' ET A_POS_INDMAI [Saisi] = '0' | L19: T0472 | M19: Disponibilité sur demande pour donner des soins au conjoint ou au partenaire pacsé suite à accident/maladie grave - Renouvellement | N19: Création Modification | O19: Indicateur de renouvellement saisi = Oui ET (Indicateur de renouvellement saisi différent d'Indicateur de renouvellement avant saisi OU Indicateur de maintien saisi différent de Indicateur de maintien avant saisi) | P19: A_POS_INDREN [Saisi] = '1' ET (A_POS_INDREN [Saisi] <> A_POS_INDREN [Valeur avant saisie] OU A_POS_INDMAI [Saisi] <> A_POS_INDMAI [Valeur avant saisie]) | Q19: Ouvrier d'état | R19: P0005 | S19: Général | T19: Exclu | U19: 40725
A20: 17.10.00 | B20: A | C20: 43152.5 | D20: D0004 | E20: Position | F20: S0012 | G20: Disponibilité | H20: E0161 | I20: Disponibilité sur demande pour donner des soins au conjoint ou au partenaire pacsé suite à accident/maladie grave | J20: Position saisie égale à 'Disponibilité sur demande pour donner des soins au conjoint ou au partenaire pacsé suite à accident/maladie grave' ET Indicateur de maintien saisi = Non | K20: A_POS_POSIAD [Saisi] = 'DSP36' ET A_POS_INDMAI [Saisi] = '0' | L20: T0473 | M20: Disponibilité sur demande pour donner des soins au conjoint ou au partenaire pacsé suite à accident/maladie grave - Réintégration | N20: Modification | O20: Indicateur de renouvellement saisi identique à Indicateur de renouvellement avant saisi ET Indicateur de maintien saisi identique à Indicateur de maintien avant saisi | P20: A_POS_INDREN [Saisi] = A_POS_INDREN [Valeur avant saisie] ET A_POS_INDMAI [Saisi] = A_POS_INDMAI [Valeur avant saisie] | Q20: Ouvrier d'état | R20: P0005 | S20: Général | T20: Exclu | U20: 40725
A21: 20.10.00 | B21: M | C21: 43152.5 | D21: D0004 | E21: Position | F21: S0012 | G21: Disponibilité | H21: E0161 | I21: Disponibilité sur demande pour donner des soins au conjoint ou au partenaire pacsé suite à accident/maladie grave | J21: Position saisie égale à 'Disponibilité sur demande pour donner des soins au conjoint ou au partenaire pacsé suite à accident/maladie grave' ET Indicateur de maintien saisi = Non | K21: A_POS_POSIAD [Saisi] = 'DSP36' ET A_POS_INDMAI [Saisi] = '0' | L21: T0471 | M21: Disponibilité sur demande pour donner des soins au conjoint ou au partenaire pacsé suite à accident/maladie grave - Demande | N21: Création Modification | O21: Indicateur de renouvellement saisi = Non ET (Indicateur de renouvellement saisi différent d'Indicateur de renouvellement avant saisi OU Indicateur de maintien saisi différent de Indicateur de maintien avant saisi) | P21: A_POS_INDREN [Saisi] = '0' ET (A_POS_INDREN [Saisi] <> A_POS_INDREN [Valeur avant saisie] OU A_POS_INDMAI [Saisi] <> A_POS_INDMAI [Valeur avant saisie]) | Q21: Magistrat de l'ordre judiciaire | R21: P0007 | S21: Particulier | T21: Passant | U21: 40725 | V21: 43349 | W21: DIS_I_044 ET DIS_I_080 ET DIS_D_301 ET DIS_D_429 ET DIS_D_380 ET DIS_D_496 ET POS_C_004 ET POS_C_005 ET POS_C_007 ET POS_C_010 ET POS_C_012 ET POS_C_022 ET POS_C_111 | X21: DIS_I_044 | Y21: =VLOOKUP(X21,'Axe 2 Règles de gestion'!$D$2:$F$408,3, FALSE) -> L'agent doit effectuer une demande. | Z21: DIS_I_080 | AA21: =VLOOKUP(Z21,'Axe 2 Règles de gestion'!$D$2:$F$408,3, FALSE) -> La disponibilité est prononcée après avis de la formation compétente du Conseil supérieur de la magistrature. | AP21: DIS_D_301 | AQ21: =VLOOKUP(AP21,'Axe 2 Règles de gestion'!$D$2:$F$408,3, FALSE) -> La durée prévisionnelle de la disponibilité ne peut pas excéder 3 ans pour chaque période. | AR21: DIS_D_429 | AS21: =VLOOKUP(AR21,'Axe 2 Règles de gestion'!$D$2:$F$408,3, FALSE) -> La durée réelle de la disponibilité ne peut pas excéder 3 ans pour chaque période. | AT21: DIS_D_380 | AU21: =VLOOKUP(AT21,'Axe 2 Règles de gestion'!$D$2:$F$408,3, FALSE) -> L'agent doit être en activité. | AV21: DIS_D_496 | AW21: =VLOOKUP(AV21,'Axe 2 Règles de gestion'!$D$2:$F$408,3, FALSE) -> Le type de situation de famille de l'agent doit être "marié(e)" ou "pacsé(e)". | BN21: POS_C_004 | BO21: =VLOOKUP(BN21,'Axe 2 Règles de gestion'!$D$2:$F$408,3, FALSE) -> La date de début de position doit être antérieure ou égale à la date de fin prévisionnelle de position. | BP21: POS_C_005 | BQ21: =VLOOKUP(BP21,'Axe 2 Règles de gestion'!$D$2:$F$408,3, FALSE) -> La date de début de la position doit être postérieure ou égale à la date d'entrée dans la FPE ou dans la carrière militaire. | BR21: POS_C_007 | BS21: =VLOOKUP(BR21,'Axe 2 Règles de gestion'!$D$2:$F$408,3, FALSE) -> La date de fin réelle de la position doit être antérieure à la date limite de départ à la retraite. | BT21: POS_C_010 | BU21: =VLOOKUP(BT21,'Axe 2 Règles de gestion'!$D$2:$F$408,3, FALSE) -> La date de début de position doit être antérieure ou égale à la date de fin réelle de position. | BV21: POS_C_012 | BW21: =VLOOKUP(BV21,'Axe 2 Règles de gestion'!$D$2:$F$408,3, FALSE) -> La date de fin prévisionnelle de la position doit être antérieure à la date limite de départ à la retraite. | BX21: POS_C_022 | BY21: =VLOOKUP(BX21,'Axe 2 Règles de gestion'!$D$2:$F$408,3, FALSE) -> La date de début de position est à J+1 de la date de fin de position de l'occurrence précédente. | BZ21: POS_C_111 | CA21: =VLOOKUP(BZ21,'Axe 2 Règles de gestion'!$D$2:$F$408,3, FALSE) -> La date de fin ou la date de fin prévisionnelle doit être saisie.
A22: 21.00.00 | B22: M | C22: 44368.708 | D22: D0004 | E22: Position | F22: S0012 | G22: Disponibilité | H22: E0161 | I22: Disponibilité sur demande pour donner des soins au conjoint ou au partenaire pacsé suite à accident/maladie grave | J22: Position saisie égale à 'Disponibilité sur demande pour donner des soins au conjoint ou au partenaire pacsé suite à accident/maladie grave' ET Indicateur de maintien saisi = Non | K22: A_POS_POSIAD [Saisi] = 'DSP36' ET A_POS_INDMAI [Saisi] = '0' | L22: T0471 | M22: Disponibilité sur demande pour donner des soins au conjoint ou au partenaire pacsé suite à accident/maladie grave - Demande | N22: Création Modification | O22: Indicateur de renouvellement saisi = Non ET (Indicateur de renouvellement saisi différent d'Indicateur de renouvellement avant saisi OU Indicateur de maintien saisi différent de Indicateur de maintien avant saisi) | P22: A_POS_INDREN [Saisi] = '0' ET (A_POS_INDREN [Saisi] <> A_POS_INDREN [Valeur avant saisie] OU A_POS_INDMAI [Saisi] <> A_POS_INDMAI [Valeur avant saisie]) | Q22: Magistrat de l'ordre judiciaire | R22: P0007 | S22: Particulier | T22: Passant | U22: 43350 | W22: DIS_I_044 ET DIS_I_080 ET DIS_D_301 ET DIS_D_429 ET DIS_D_380 ET DIS_D_496 ET DIS_D_614 ET DIS_D_617 ET POS_C_004 ET POS_C_005 ET POS_C_007 ET POS_C_010 ET POS_C_012 ET POS_C_022 ET POS_C_111 ET POS_C_120 ET POS_C_121 | X22: DIS_I_044 | Y22: =VLOOKUP(X22,'Axe 2 Règles de gestion'!$D$2:$F$408,3, FALSE) -> L'agent doit effectuer une demande. | Z22: DIS_I_080 | AA22: =VLOOKUP(Z22,'Axe 2 Règles de gestion'!$D$2:$F$408,3, FALSE) -> La disponibilité est prononcée après avis de la formation compétente du Conseil supérieur de la magistrature. | AP22: DIS_D_301 | AQ22: =VLOOKUP(AP22,'Axe 2 Règles de gestion'!$D$2:$F$408,3, FALSE) -> La durée prévisionnelle de la disponibilité ne peut pas excéder 3 ans pour chaque période. | AR22: DIS_D_429 | AS22: =VLOOKUP(AR22,'Axe 2 Règles de gestion'!$D$2:$F$408,3, FALSE) -> La durée réelle de la disponibilité ne peut pas excéder 3 ans pour chaque période. | AT22: DIS_D_380 | AU22: =VLOOKUP(AT22,'Axe 2 Règles de gestion'!$D$2:$F$408,3, FALSE) -> L'agent doit être en activité. | AV22: DIS_D_496 | AW22: =VLOOKUP(AV22,'Axe 2 Règles de gestion'!$D$2:$F$408,3, FALSE) -> Le type de situation de famille de l'agent doit être "marié(e)" ou "pacsé(e)". | AX22: DIS_D_614 | AY22: =VLOOKUP(AX22,'Axe 2 Règles de gestion'!$D$2:$F$408,3, FALSE) -> L'agent a épuisé ses droits à ancienneté relatifs à la disponibilité. En effet, l'agent qui exerce une activité professionnelle durant la période de disponibilité conserve ses droits à l'avancement d'échelon et de grade dans la limite de 5 ans sur l'ensemble de sa carrière. | AZ22: DIS_D_617 | BA22: =VLOOKUP(AZ22,'Axe 2 Règles de gestion'!$D$2:$F$408,3, FALSE) -> Si le champ « Situation particulière » est saisi, alors seule la valeur « Période de disponibilité donnant droit à avancement » peut être sélectionnée. | BN22: POS_C_004 | BO22: =VLOOKUP(BN22,'Axe 2 Règles de gestion'!$D$2:$F$408,3, FALSE) -> La date de début de position doit être antérieure ou égale à la date de fin prévisionnelle de position. | BP22: POS_C_005 | BQ22: =VLOOKUP(BP22,'Axe 2 Règles de gestion'!$D$2:$F$408,3, FALSE) -> La date de début de la position doit être postérieure ou égale à la date d'entrée dans la FPE ou dans la carrière militaire. | BR22: POS_C_007 | BS22: =VLOOKUP(BR22,'Axe 2 Règles de gestion'!$D$2:$F$408,3, FALSE) -> La date de fin réelle de la position doit être antérieure à la date limite de départ à la retraite. | BT22: POS_C_010 | BU22: =VLOOKUP(BT22,'Axe 2 Règles de gestion'!$D$2:$F$408,3, FALSE) -> La date de début de position doit être antérieure ou égale à la date de fin réelle de position. | BV22: POS_C_012 | BW22: =VLOOKUP(BV22,'Axe 2 Règles de gestion'!$D$2:$F$408,3, FALSE) -> La date de fin prévisionnelle de la position doit être antérieure à la date limite de départ à la retraite. | BX22: POS_C_022 | BY22: =VLOOKUP(BX22,'Axe 2 Règles de gestion'!$D$2:$F$408,3, FALSE) -> La date de début de position est à J+1 de la date de fin de position de l'occurrence précédente. | BZ22: POS_C_111 | CA22: =VLOOKUP(BZ22,'Axe 2 Règles de gestion'!$D$2:$F$408,3, FALSE) -> La date de fin ou la date de fin prévisionnelle doit être saisie. | CB22: POS_C_120 | CC22: =VLOOKUP(CB22,'Axe 2 Règles de gestion'!$D$2:$F$408,3, FALSE) -> La saisie d'une occurrence de congés/absences est interdite (date de fin réelle) | CD22: POS_C_121 | CE22: =VLOOKUP(CD22,'Axe 2 Règles de gestion'!$D$2:$F$408,3, FALSE) -> La saisie d'une occurrence de congés/absences est interdite (date de fin prévisionnelle)
A23: 20.10.00 | B23: M | C23: 43152.5 | D23: D0004 | E23: Position | F23: S0012 | G23: Disponibilité | H23: E0161 | I23: Disponibilité sur demande pour donner des soins au conjoint ou au partenaire pacsé suite à accident/maladie grave | J23: Position saisie égale à 'Disponibilité sur demande pour donner des soins au conjoint ou au partenaire pacsé suite à accident/maladie grave' ET Indicateur de maintien saisi = Non | K23: A_POS_POSIAD [Saisi] = 'DSP36' ET A_POS_INDMAI [Saisi] = '0' | L23: T0472 | M23: Disponibilité sur demande pour donner des soins au conjoint ou au partenaire pacsé suite à accident/maladie grave - Renouvellement | N23: Création Modification | O23: Indicateur de renouvellement saisi = Oui ET (Indicateur de renouvellement saisi différent d'Indicateur de renouvellement avant saisi OU Indicateur de maintien saisi différent de Indicateur de maintien avant saisi) | P23: A_POS_INDREN [Saisi] = '1' ET (A_POS_INDREN [Saisi] <> A_POS_INDREN [Valeur avant saisie] OU A_POS_INDMAI [Saisi] <> A_POS_INDMAI [Valeur avant saisie]) | Q23: Magistrat de l'ordre judiciaire | R23: P0007 | S23: Particulier | T23: Passant | U23: 40725 | V23: 43349 | W23: DIS_I_077 ET DIS_D_301 ET DIS_D_429 ET DIS_D_496 ET POS_C_004 ET POS_C_005 ET POS_C_007 ET POS_C_010 ET POS_C_012 ET POS_C_022 ET POS_C_111 | X23: DIS_I_077 | Y23: =VLOOKUP(X23,'Axe 2 Règles de gestion'!$D$2:$F$408,3, FALSE) -> L'agent doit informer son administration d'origine de sa décision de solliciter le renouvellement de sa disponibilité ou de réintégrer son corps d'origine 3 mois au moins avant l'expiration de la disponibilité. | AP23: DIS_D_301 | AQ23: =VLOOKUP(AP23,'Axe 2 Règles de gestion'!$D$2:$F$408,3, FALSE) -> La durée prévisionnelle de la disponibilité ne peut pas excéder 3 ans pour chaque période. | AR23: DIS_D_429 | AS23: =VLOOKUP(AR23,'Axe 2 Règles de gestion'!$D$2:$F$408,3, FALSE) -> La durée réelle de la disponibilité ne peut pas excéder 3 ans pour chaque période. | AT23: DIS_D_496 | AU23: =VLOOKUP(AT23,'Axe 2 Règles de gestion'!$D$2:$F$408,3, FALSE) -> Le type de situation de famille de l'agent doit être "marié(e)" ou "pacsé(e)". | BN23: POS_C_004 | BO23: =VLOOKUP(BN23,'Axe 2 Règles de gestion'!$D$2:$F$408,3, FALSE) -> La date de début de position doit être antérieure ou égale à la date de fin prévisionnelle de position. | BP23: POS_C_005 | BQ23: =VLOOKUP(BP23,'Axe 2 Règles de gestion'!$D$2:$F$408,3, FALSE) -> La date de début de la position doit être postérieure ou égale à la date d'entrée dans la FPE ou dans la carrière militaire. | BR23: POS_C_007 | BS23: =VLOOKUP(BR23,'Axe 2 Règles de gestion'!$D$2:$F$408,3, FALSE) -> La date de fin réelle de la position doit être antérieure à la date limite de départ à la retraite. | BT23: POS_C_010 | BU23: =VLOOKUP(BT23,'Axe 2 Règles de gestion'!$D$2:$F$408,3, FALSE) -> La date de début de position doit être antérieure ou égale à la date de fin réelle de position. | BV23: POS_C_012 | BW23: =VLOOKUP(BV23,'Axe 2 Règles de gestion'!$D$2:$F$408,3, FALSE) -> La date de fin prévisionnelle de la position doit être antérieure à la date limite de départ à la retraite. | BX23: POS_C_022 | BY23: =VLOOKUP(BX23,'Axe 2 Règles de gestion'!$D$2:$F$408,3, FALSE) -> La date de début de position est à J+1 de la date de fin de position de l'occurrence précédente. | BZ23: POS_C_111 | CA23: =VLOOKUP(BZ23,'Axe 2 Règles de gestion'!$D$2:$F$408,3, FALSE) -> La date de fin ou la date de fin prévisionnelle doit être saisie.
A24: 21.00.00 | B24: M | C24: 44368.708 | D24: D0004 | E24: Position | F24: S0012 | G24: Disponibilité | H24: E0161 | I24: Disponibilité sur demande pour donner des soins au conjoint ou au partenaire pacsé suite à accident/maladie grave | J24: Position saisie égale à 'Disponibilité sur demande pour donner des soins au conjoint ou au partenaire pacsé suite à accident/maladie grave' ET Indicateur de maintien saisi = Non | K24: A_POS_POSIAD [Saisi] = 'DSP36' ET A_POS_INDMAI [Saisi] = '0' | L24: T0472 | M24: Disponibilité sur demande pour donner des soins au conjoint ou au partenaire pacsé suite à accident/maladie grave - Renouvellement | N24: Création Modification | O24: Indicateur de renouvellement saisi = Oui ET (Indicateur de renouvellement saisi différent d'Indicateur de renouvellement avant saisi OU Indicateur de maintien saisi différent de Indicateur de maintien avant saisi) | P24: A_POS_INDREN [Saisi] = '1' ET (A_POS_INDREN [Saisi] <> A_POS_INDREN [Valeur avant saisie] OU A_POS_INDMAI [Saisi] <> A_POS_INDMAI [Valeur avant saisie]) | Q24: Magistrat de l'ordre judiciaire | R24: P0007 | S24: Particulier | T24: Passant | U24: 43350 | W24: DIS_I_077 ET DIS_D_301 ET DIS_D_429 ET DIS_D_496 ET DIS_D_614 ET DIS_D_617 ET POS_C_004 ET POS_C_005 ET POS_C_007 ET POS_C_010 ET POS_C_012 ET POS_C_022 ET POS_C_111 ET POS_C_120 ET POS_C_121 | X24: DIS_I_077 | Y24: =VLOOKUP(X24,'Axe 2 Règles de gestion'!$D$2:$F$408,3, FALSE) -> L'agent doit informer son administration d'origine de sa décision de solliciter le renouvellement de sa disponibilité ou de réintégrer son corps d'origine 3 mois au moins avant l'expiration de la disponibilité. | AP24: DIS_D_301 | AQ24: =VLOOKUP(AP24,'Axe 2 Règles de gestion'!$D$2:$F$408,3, FALSE) -> La durée prévisionnelle de la disponibilité ne peut pas excéder 3 ans pour chaque période. | AR24: DIS_D_429 | AS24: =VLOOKUP(AR24,'Axe 2 Règles de gestion'!$D$2:$F$408,3, FALSE) -> La durée réelle de la disponibilité ne peut pas excéder 3 ans pour chaque période. | AT24: DIS_D_496 | AU24: =VLOOKUP(AT24,'Axe 2 Règles de gestion'!$D$2:$F$408,3, FALSE) -> Le type de situation de famille de l'agent doit être "marié(e)" ou "pacsé(e)". | AV24: DIS_D_614 | AW24: =VLOOKUP(AV24,'Axe 2 Règles de gestion'!$D$2:$F$408,3, FALSE) -> L'agent a épuisé ses droits à ancienneté relatifs à la disponibilité. En effet, l'agent qui exerce une activité professionnelle durant la période de disponibilité conserve ses droits à l'avancement d'échelon et de grade dans la limite de 5 ans sur l'ensemble de sa carrière. | AX24: DIS_D_617 | AY24: =VLOOKUP(AX24,'Axe 2 Règles de gestion'!$D$2:$F$408,3, FALSE) -> Si le champ « Situation particulière » est saisi, alors seule la valeur « Période de disponibilité donnant droit à avancement » peut être sélectionnée. | BN24: POS_C_004 | BO24: =VLOOKUP(BN24,'Axe 2 Règles de gestion'!$D$2:$F$408,3, FALSE) -> La date de début de position doit être antérieure ou égale à la date de fin prévisionnelle de position. | BP24: POS_C_005 | BQ24: =VLOOKUP(BP24,'Axe 2 Règles de gestion'!$D$2:$F$408,3, FALSE) -> La date de début de la position doit être postérieure ou égale à la date d'entrée dans la FPE ou dans la carrière militaire. | BR24: POS_C_007 | BS24: =VLOOKUP(BR24,'Axe 2 Règles de gestion'!$D$2:$F$408,3, FALSE) -> La date de fin réelle de la position doit être antérieure à la date limite de départ à la retraite. | BT24: POS_C_010 | BU24: =VLOOKUP(BT24,'Axe 2 Règles de gestion'!$D$2:$F$408,3, FALSE) -> La date de début de position doit être antérieure ou égale à la date de fin réelle de position. | BV24: POS_C_012 | BW24: =VLOOKUP(BV24,'Axe 2 Règles de gestion'!$D$2:$F$408,3, FALSE) -> La date de fin prévisionnelle de la position doit être antérieure à la date limite de départ à la retraite. | BX24: POS_C_022 | BY24: =VLOOKUP(BX24,'Axe 2 Règles de gestion'!$D$2:$F$408,3, FALSE) -> La date de début de position est à J+1 de la date de fin de position de l'occurrence précédente. | BZ24: POS_C_111 | CA24: =VLOOKUP(BZ24,'Axe 2 Règles de gestion'!$D$2:$F$408,3, FALSE) -> La date de fin ou la date de fin prévisionnelle doit être saisie. | CB24: POS_C_120 | CC24: =VLOOKUP(CB24,'Axe 2 Règles de gestion'!$D$2:$F$408,3, FALSE) -> La saisie d'une occurrence de congés/absences est interdite (date de fin réelle) | CD24: POS_C_121 | CE24: =VLOOKUP(CD24,'Axe 2 Règles de gestion'!$D$2:$F$408,3, FALSE) -> La saisie d'une occurrence de congés/absences est interdite (date de fin prévisionnelle)
A25: 20.10.00 | B25: M | C25: 43152.5 | D25: D0004 | E25: Position | F25: S0012 | G25: Disponibilité | H25: E0161 | I25: Disponibilité sur demande pour donner des soins au conjoint ou au partenaire pacsé suite à accident/maladie grave | J25: Position saisie égale à 'Disponibilité sur demande pour donner des soins au conjoint ou au partenaire pacsé suite à accident/maladie grave' ET Indicateur de maintien saisi = Non | K25: A_POS_POSIAD [Saisi] = 'DSP36' ET A_POS_INDMAI [Saisi] = '0' | L25: T0473 | M25: Disponibilité sur demande pour donner des soins au conjoint ou au partenaire pacsé suite à accident/maladie grave - Réintégration | N25: Modification | O25: Indicateur de renouvellement saisi identique à Indicateur de renouvellement avant saisi ET Indicateur de maintien saisi identique à Indicateur de maintien avant saisi | P25: A_POS_INDREN [Saisi] = A_POS_INDREN [Valeur avant saisie] ET A_POS_INDMAI [Saisi] = A_POS_INDMAI [Valeur avant saisie] | Q25: Magistrat de l'ordre judiciaire | R25: P0007 | S25: Particulier | T25: Passant | U25: 40725 | V25: 43349 | W25: DIS_I_077 ET DIS_I_078 ET DIS_I_079 ET DIS_D_301 ET DIS_D_429 ET DIS_D_496 ET POS_C_004 ET POS_C_007 ET POS_C_010 ET POS_C_012 ET POS_C_111 | X25: DIS_I_077 | Y25: =VLOOKUP(X25,'Axe 2 Règles de gestion'!$D$2:$F$408,3, FALSE) -> L'agent doit informer son administration d'origine de sa décision de solliciter le renouvellement de sa disponibilité ou de réintégrer son corps d'origine 3 mois au moins avant l'expiration de la disponibilité. | Z25: DIS_I_078 | AA25: =VLOOKUP(Z25,'Axe 2 Règles de gestion'!$D$2:$F$408,3, FALSE) -> La réintégration est subordonnée à la vérification par un médecin agréé et, éventuellement, par le comité médical compétent, de l'aptitude physique de l'agent à l'exercice des fonctions afférentes à son grade. | AB25: DIS_I_079 | AC25: =VLOOKUP(AB25,'Axe 2 Règles de gestion'!$D$2:$F$408,3, FALSE) -> Si l'agent ne présente pas l'aptitude physique requise pour l'exercice de ses fonctions, il peut être soit reclassé dans un autre emploi, soit mis en disponibilité d'office, soit radié des cadres. | AP25: DIS_D_301 | AQ25: =VLOOKUP(AP25,'Axe 2 Règles de gestion'!$D$2:$F$408,3, FALSE) -> La durée prévisionnelle de la disponibilité ne peut pas excéder 3 ans pour chaque période. | AR25: DIS_D_429 | AS25: =VLOOKUP(AR25,'Axe 2 Règles de gestion'!$D$2:$F$408,3, FALSE) -> La durée réelle de la disponibilité ne peut pas excéder 3 ans pour chaque période. | AT25: DIS_D_496 | AU25: =VLOOKUP(AT25,'Axe 2 Règles de gestion'!$D$2:$F$408,3, FALSE) -> Le type de situation de famille de l'agent doit être "marié(e)" ou "pacsé(e)". | BN25: POS_C_004 | BO25: =VLOOKUP(BN25,'Axe 2 Règles de gestion'!$D$2:$F$408,3, FALSE) -> La date de début de position doit être antérieure ou égale à la date de fin prévisionnelle de position. | BP25: POS_C_007 | BQ25: =VLOOKUP(BP25,'Axe 2 Règles de gestion'!$D$2:$F$408,3, FALSE) -> La date de fin réelle de la position doit être antérieure à la date limite de départ à la retraite. | BR25: POS_C_010 | BS25: =VLOOKUP(BR25,'Axe 2 Règles de gestion'!$D$2:$F$408,3, FALSE) -> La date de début de position doit être antérieure ou égale à la date de fin réelle de position. | BT25: POS_C_012 | BU25: =VLOOKUP(BT25,'Axe 2 Règles de gestion'!$D$2:$F$408,3, FALSE) -> La date de fin prévisionnelle de la position doit être antérieure à la date limite de départ à la retraite. | BV25: POS_C_111 | BW25: =VLOOKUP(BV25,'Axe 2 Règles de gestion'!$D$2:$F$408,3, FALSE) -> La date de fin ou la date de fin prévisionnelle doit être saisie.
A26: 22.00.00 | B26: M | C26: 44713.815 | D26: D0004 | E26: Position | F26: S0012 | G26: Disponibilité | H26: E0161 | I26: Disponibilité sur demande pour donner des soins au conjoint ou au partenaire pacsé suite à accident/maladie grave | J26: Position saisie égale à 'Disponibilité sur demande pour donner des soins au conjoint ou au partenaire pacsé suite à accident/maladie grave' ET Indicateur de maintien saisi = Non | K26: A_POS_POSIAD [Saisi] = 'DSP36' ET A_POS_INDMAI [Saisi] = '0' | L26: T0473 | M26: Disponibilité sur demande pour donner des soins au conjoint ou au partenaire pacsé suite à accident/maladie grave - Réintégration | N26: Modification | O26: Indicateur de renouvellement saisi identique à Indicateur de renouvellement avant saisi ET Indicateur de maintien saisi identique à Indicateur de maintien avant saisi | P26: A_POS_INDREN [Saisi] = A_POS_INDREN [Valeur avant saisie] ET A_POS_INDMAI [Saisi] = A_POS_INDMAI [Valeur avant saisie] | Q26: Magistrat de l'ordre judiciaire | R26: P0007 | S26: Particulier | T26: Passant | U26: 43350 | V26: 44633 | W26: DIS_I_077 ET DIS_I_078 ET DIS_I_079 ET DIS_D_301 ET DIS_D_429 ET DIS_D_496 ET DIS_D_614 ET DIS_D_617 ET POS_C_004 ET POS_C_007 ET POS_C_010 ET POS_C_012 ET POS_C_111 ET POS_C_120 ET POS_C_121 | X26: DIS_I_077 | Y26: =VLOOKUP(X26,'Axe 2 Règles de gestion'!$D$2:$F$408,3, FALSE) -> L'agent doit informer son administration d'origine de sa décision de solliciter le renouvellement de sa disponibilité ou de réintégrer son corps d'origine 3 mois au moins avant l'expiration de la disponibilité. | Z26: DIS_I_078 | AA26: =VLOOKUP(Z26,'Axe 2 Règles de gestion'!$D$2:$F$408,3, FALSE) -> La réintégration est subordonnée à la vérification par un médecin agréé et, éventuellement, par le comité médical compétent, de l'aptitude physique de l'agent à l'exercice des fonctions afférentes à son grade. | AB26: DIS_I_079 | AC26: =VLOOKUP(AB26,'Axe 2 Règles de gestion'!$D$2:$F$408,3, FALSE) -> Si l'agent ne présente pas l'aptitude physique requise pour l'exercice de ses fonctions, il peut être soit reclassé dans un autre emploi, soit mis en disponibilité d'office, soit radié des cadres. | AP26: DIS_D_301 | AQ26: =VLOOKUP(AP26,'Axe 2 Règles de gestion'!$D$2:$F$408,3, FALSE) -> La durée prévisionnelle de la disponibilité ne peut pas excéder 3 ans pour chaque période. | AR26: DIS_D_429 | AS26: =VLOOKUP(AR26,'Axe 2 Règles de gestion'!$D$2:$F$408,3, FALSE) -> La durée réelle de la disponibilité ne peut pas excéder 3 ans pour chaque période. | AT26: DIS_D_496 | AU26: =VLOOKUP(AT26,'Axe 2 Règles de gestion'!$D$2:$F$408,3, FALSE) -> Le type de situation de famille de l'agent doit être "marié(e)" ou "pacsé(e)". | AV26: DIS_D_614 | AW26: =VLOOKUP(AV26,'Axe 2 Règles de gestion'!$D$2:$F$408,3, FALSE) -> L'agent a épuisé ses droits à ancienneté relatifs à la disponibilité. En effet, l'agent qui exerce une activité professionnelle durant la période de disponibilité conserve ses droits à l'avancement d'échelon et de grade dans la limite de 5 ans sur l'ensemble de sa carrière. | AX26: DIS_D_617 | AY26: =VLOOKUP(AX26,'Axe 2 Règles de gestion'!$D$2:$F$408,3, FALSE) -> Si le champ « Situation particulière » est saisi, alors seule la valeur « Période de disponibilité donnant droit à avancement » peut être sélectionnée. | BN26: POS_C_004 | BO26: =VLOOKUP(BN26,'Axe 2 Règles de gestion'!$D$2:$F$408,3, FALSE) -> La date de début de position doit être antérieure ou égale à la date de fin prévisionnelle de position. | BP26: POS_C_007 | BQ26: =VLOOKUP(BP26,'Axe 2 Règles de gestion'!$D$2:$F$408,3, FALSE) -> La date de fin réelle de la position doit être antérieure à la date limite de départ à la retraite. | BR26: POS_C_010 | BS26: =VLOOKUP(BR26,'Axe 2 Règles de gestion'!$D$2:$F$408,3, FALSE) -> La date de début de position doit être antérieure ou égale à la date de fin réelle de position. | BT26: POS_C_012 | BU26: =VLOOKUP(BT26,'Axe 2 Règles de gestion'!$D$2:$F$408,3, FALSE) -> La date de fin prévisionnelle de la position doit être antérieure à la date limite de départ à la retraite. | BV26: POS_C_111 | BW26: =VLOOKUP(BV26,'Axe 2 Règles de gestion'!$D$2:$F$408,3, FALSE) -> La date de fin ou la date de fin prévisionnelle doit être saisie. | BX26: POS_C_120 | BY26: =VLOOKUP(BX26,'Axe 2 Règles de gestion'!$D$2:$F$408,3, FALSE) -> La saisie d'une occurrence de congés/absences est interdite (date de fin réelle) | BZ26: POS_C_121 | CA26: =VLOOKUP(BZ26,'Axe 2 Règles de gestion'!$D$2:$F$408,3, FALSE) -> La saisie d'une occurrence de congés/absences est interdite (date de fin prévisionnelle)
A27: 22.00.00 | B27: A | C27: 44713.816 | D27: D0004 | E27: Position | F27: S0012 | G27: Disponibilité | H27: E0161 | I27: Disponibilité sur demande pour donner des soins au conjoint ou au partenaire pacsé suite à accident/maladie grave | J27: Position saisie égale à 'Disponibilité sur demande pour donner des soins au conjoint ou au partenaire pacsé suite à accident/maladie grave' ET Indicateur de maintien saisi = Non | K27: A_POS_POSIAD [Saisi] = 'DSP36' ET A_POS_INDMAI [Saisi] = '0' | L27: T0473 | M27: Disponibilité sur demande pour donner des soins au conjoint ou au partenaire pacsé suite à accident/maladie grave - Réintégration | N27: Modification | O27: Indicateur de renouvellement saisi identique à Indicateur de renouvellement avant saisi ET Indicateur de maintien saisi identique à Indicateur de maintien avant saisi | P27: A_POS_INDREN [Saisi] = A_POS_INDREN [Valeur avant saisie] ET A_POS_INDMAI [Saisi] = A_POS_INDMAI [Valeur avant saisie] | Q27: Magistrat de l'ordre judiciaire | R27: P0007 | S27: Particulier | T27: Passant | U27: 44634 | W27: DIS_I_077 ET DIS_I_151 ET DIS_I_079 ET DIS_D_301 ET DIS_D_429 ET DIS_D_496 ET DIS_D_614 ET DIS_D_617 ET POS_C_004 ET POS_C_007 ET POS_C_010 ET POS_C_012 ET POS_C_111 ET POS_C_120 ET POS_C_121 | X27: DIS_I_077 | Y27: =VLOOKUP(X27,'Axe 2 Règles de gestion'!$D$2:$F$408,3, FALSE) -> L'agent doit informer son administration d'origine de sa décision de solliciter le renouvellement de sa disponibilité ou de réintégrer son corps d'origine 3 mois au moins avant l'expiration de la disponibilité. | Z27: DIS_I_151 | AA27: =VLOOKUP(Z27,'Axe 2 Règles de gestion'!$D$2:$F$408,3, FALSE) -> Lorsque les fonctions requièrent des conditions de santé particulières, la réintégration est subordonnée à la vérification par un médecin agréé et, éventuellement, par le conseil médical compétent. | AB27: DIS_I_079 | AC27: =VLOOKUP(AB27,'Axe 2 Règles de gestion'!$D$2:$F$408,3, FALSE) -> Si l'agent ne présente pas l'aptitude physique requise pour l'exercice de ses fonctions, il peut être soit reclassé dans un autre emploi, soit mis en disponibilité d'office, soit radié des cadres. | AP27: DIS_D_301 | AQ27: =VLOOKUP(AP27,'Axe 2 Règles de gestion'!$D$2:$F$408,3, FALSE) -> La durée prévisionnelle de la disponibilité ne peut pas excéder 3 ans pour chaque période. | AR27: DIS_D_429 | AS27: =VLOOKUP(AR27,'Axe 2 Règles de gestion'!$D$2:$F$408,3, FALSE) -> La durée réelle de la disponibilité ne peut pas excéder 3 ans pour chaque période. | AT27: DIS_D_496 | AU27: =VLOOKUP(AT27,'Axe 2 Règles de gestion'!$D$2:$F$408,3, FALSE) -> Le type de situation de famille de l'agent doit être "marié(e)" ou "pacsé(e)". | AV27: DIS_D_614 | AW27: =VLOOKUP(AV27,'Axe 2 Règles de gestion'!$D$2:$F$408,3, FALSE) -> L'agent a épuisé ses droits à ancienneté relatifs à la disponibilité. En effet, l'agent qui exerce une activité professionnelle durant la période de disponibilité conserve ses droits à l'avancement d'échelon et de grade dans la limite de 5 ans sur l'ensemble de sa carrière. | AX27: DIS_D_617 | AY27: =VLOOKUP(AX27,'Axe 2 Règles de gestion'!$D$2:$F$408,3, FALSE) -> Si le champ « Situation particulière » est saisi, alors seule la valeur « Période de disponibilité donnant droit à avancement » peut être sélectionnée. | BN27: POS_C_004 | BO27: =VLOOKUP(BN27,'Axe 2 Règles de gestion'!$D$2:$F$408,3, FALSE) -> La date de début de position doit être antérieure ou égale à la date de fin prévisionnelle de position. | BP27: POS_C_007 | BQ27: =VLOOKUP(BP27,'Axe 2 Règles de gestion'!$D$2:$F$408,3, FALSE) -> La date de fin réelle de la position doit être antérieure à la date limite de départ à la retraite. | BR27: POS_C_010 | BS27: =VLOOKUP(BR27,'Axe 2 Règles de gestion'!$D$2:$F$408,3, FALSE) -> La date de début de position doit être antérieure ou égale à la date de fin réelle de position. | BT27: POS_C_012 | BU27: =VLOOKUP(BT27,'Axe 2 Règles de gestion'!$D$2:$F$408,3, FALSE) -> La date de fin prévisionnelle de la position doit être antérieure à la date limite de départ à la retraite. | BV27: POS_C_111 | BW27: =VLOOKUP(BV27,'Axe 2 Règles de gestion'!$D$2:$F$408,3, FALSE) -> La date de fin ou la date de fin prévisionnelle doit être saisie. | BX27: POS_C_120 | BY27: =VLOOKUP(BX27,'Axe 2 Règles de gestion'!$D$2:$F$408,3, FALSE) -> La saisie d'une occurrence de congés/absences est interdite (date de fin réelle) | BZ27: POS_C_121 | CA27: =VLOOKUP(BZ27,'Axe 2 Règles de gestion'!$D$2:$F$408,3, FALSE) -> La saisie d'une occurrence de congés/absences est interdite (date de fin prévisionnelle)
A28: 21.00.00 | B28: M | C28: 44357.372 | D28: D0004 | E28: Position | F28: S0012 | G28: Disponibilité | H28: E0161 | I28: Disponibilité sur demande pour donner des soins au conjoint ou au partenaire pacsé suite à accident/maladie grave | J28: Position saisie égale à 'Disponibilité sur demande pour donner des soins au conjoint ou au partenaire pacsé suite à accident/maladie grave' ET Indicateur de maintien saisi = Non | K28: A_POS_POSIAD [Saisi] = 'DSP36' ET A_POS_INDMAI [Saisi] = '0' | L28: T0471 | M28: Disponibilité sur demande pour donner des soins au conjoint ou au partenaire pacsé suite à accident/maladie grave - Demande | N28: Création Modification | O28: Indicateur de renouvellement saisi = Non ET (Indicateur de renouvellement saisi différent d'Indicateur de renouvellement avant saisi OU Indicateur de maintien saisi différent de Indicateur de maintien avant saisi) | P28: A_POS_INDREN [Saisi] = '0' ET (A_POS_INDREN [Saisi] <> A_POS_INDREN [Valeur avant saisie] OU A_POS_INDMAI [Saisi] <> A_POS_INDMAI [Valeur avant saisie]) | Q28: Enseignant contractuel de l'enseignement agricole privé sous contrat définitif - Agriculture | R28: P0079 | S28: Particulier | T28: Passant | U28: 43882 | W28: DIS_I_116 ET DIS_I_117 ET DIS_D_619 ET DIS_D_634 ET DIS_D_632 ET DIS_D_643 ET POS_C_004 ET POS_C_005 ET POS_C_007 ET POS_C_010 ET POS_C_012 ET POS_C_022 ET POS_C_111 ET POS_C_120 ET POS_C_121 | X28: DIS_I_116 | Y28: =VLOOKUP(X28,'Axe 2 Règles de gestion'!$D$2:$F$408,3, FALSE) -> L'agent doit effectuer une demande. | Z28: DIS_I_117 | AA28: =VLOOKUP(Z28,'Axe 2 Règles de gestion'!$D$2:$F$408,3, FALSE) -> La demande est accordée de droit. | AP28: DIS_D_619 | AQ28: =VLOOKUP(AP28,'Axe 2 Règles de gestion'!$D$2:$F$408,3, FALSE) -> La durée prévisionnelle de la disponibilité ne peut pas excéder 3 ans pour chaque période. | AR28: DIS_D_634 | AS28: =VLOOKUP(AR28,'Axe 2 Règles de gestion'!$D$2:$F$408,3, FALSE) -> La durée réelle de la disponibilité ne peut pas excéder 3 ans pour chaque période. | AT28: DIS_D_632 | AU28: =VLOOKUP(AT28,'Axe 2 Règles de gestion'!$D$2:$F$408,3, FALSE) -> L'agent doit être en activité. | AV28: DIS_D_643 | AW28: =VLOOKUP(AV28,'Axe 2 Règles de gestion'!$D$2:$F$408,3, FALSE) -> Le type de situation de famille de l'agent doit être "marié(e)" ou "pacsé(e)". | BN28: POS_C_004 | BO28: =VLOOKUP(BN28,'Axe 2 Règles de gestion'!$D$2:$F$408,3, FALSE) -> La date de début de position doit être antérieure ou égale à la date de fin prévisionnelle de position. | BP28: POS_C_005 | BQ28: =VLOOKUP(BP28,'Axe 2 Règles de gestion'!$D$2:$F$408,3, FALSE) -> La date de début de la position doit être postérieure ou égale à la date d'entrée dans la FPE ou dans la carrière militaire. | BR28: POS_C_007 | BS28: =VLOOKUP(BR28,'Axe 2 Règles de gestion'!$D$2:$F$408,3, FALSE) -> La date de fin réelle de la position doit être antérieure à la date limite de départ à la retraite. | BT28: POS_C_010 | BU28: =VLOOKUP(BT28,'Axe 2 Règles de gestion'!$D$2:$F$408,3, FALSE) -> La date de début de position doit être antérieure ou égale à la date de fin réelle de position. | BV28: POS_C_012 | BW28: =VLOOKUP(BV28,'Axe 2 Règles de gestion'!$D$2:$F$408,3, FALSE) -> La date de fin prévisionnelle de la position doit être antérieure à la date limite de départ à la retraite. | BX28: POS_C_022 | BY28: =VLOOKUP(BX28,'Axe 2 Règles de gestion'!$D$2:$F$408,3, FALSE) -> La date de début de position est à J+1 de la date de fin de position de l'occurrence précédente. | BZ28: POS_C_111 | CA28: =VLOOKUP(BZ28,'Axe 2 Règles de gestion'!$D$2:$F$408,3, FALSE) -> La date de fin ou la date de fin prévisionnelle doit être saisie. | CB28: POS_C_120 | CC28: =VLOOKUP(CB28,'Axe 2 Règles de gestion'!$D$2:$F$408,3, FALSE) -> La saisie d'une occurrence de congés/absences est interdite (date de fin réelle) | CD28: POS_C_121 | CE28: =VLOOKUP(CD28,'Axe 2 Règles de gestion'!$D$2:$F$408,3, FALSE) -> La saisie d'une occurrence de congés/absences est interdite (date de fin prévisionnelle)
A29: 21.00.00 | B29: M | C29: 44357.373 | D29: D0004 | E29: Position | F29: S0012 | G29: Disponibilité | H29: E0161 | I29: Disponibilité sur demande pour donner des soins au conjoint ou au partenaire pacsé suite à accident/maladie grave | J29: Position saisie égale à 'Disponibilité sur demande pour donner des soins au conjoint ou au partenaire pacsé suite à accident/maladie grave' ET Indicateur de maintien saisi = Non | K29: A_POS_POSIAD [Saisi] = 'DSP36' ET A_POS_INDMAI [Saisi] = '0' | L29: T0472 | M29: Disponibilité sur demande pour donner des soins au conjoint ou au partenaire pacsé suite à accident/maladie grave - Renouvellement | N29: Création Modification | O29: Indicateur de renouvellement saisi = Oui ET (Indicateur de renouvellement saisi différent d'Indicateur de renouvellement avant saisi OU Indicateur de maintien saisi différent de Indicateur de maintien avant saisi) | P29: A_POS_INDREN [Saisi] = '1' ET (A_POS_INDREN [Saisi] <> A_POS_INDREN [Valeur avant saisie] OU A_POS_INDMAI [Saisi] <> A_POS_INDMAI [Valeur avant saisie]) | Q29: Enseignant contractuel de l'enseignement agricole privé sous contrat définitif - Agriculture | R29: P0079 | S29: Particulier | T29: Passant | U29: 43882 | W29: DIS_I_127 ET DIS_D_619 ET DIS_D_634 ET DIS_D_643 ET POS_C_004 ET POS_C_005 ET POS_C_007 ET POS_C_010 ET POS_C_012 ET POS_C_022 ET POS_C_111 ET POS_C_120 ET POS_C_121 | X29: DIS_I_127 | Y29: =VLOOKUP(X29,'Axe 2 Règles de gestion'!$D$2:$F$408,3, FALSE) -> L'agent doit informer son administration d'origine de sa décision de solliciter le renouvellement de sa disponibilité ou de réintégrer son emploi d'origine 3 mois au moins avant l'expiration de la disponibilité. | AP29: DIS_D_619 | AQ29: =VLOOKUP(AP29,'Axe 2 Règles de gestion'!$D$2:$F$408,3, FALSE) -> La durée prévisionnelle de la disponibilité ne peut pas excéder 3 ans pour chaque période. | AR29: DIS_D_634 | AS29: =VLOOKUP(AR29,'Axe 2 Règles de gestion'!$D$2:$F$408,3, FALSE) -> La durée réelle de la disponibilité ne peut pas excéder 3 ans pour chaque période. | AT29: DIS_D_643 | AU29: =VLOOKUP(AT29,'Axe 2 Règles de gestion'!$D$2:$F$408,3, FALSE) -> Le type de situation de famille de l'agent doit être "marié(e)" ou "pacsé(e)". | BN29: POS_C_004 | BO29: =VLOOKUP(BN29,'Axe 2 Règles de gestion'!$D$2:$F$408,3, FALSE) -> La date de début de position doit être antérieure ou égale à la date de fin prévisionnelle de position. | BP29: POS_C_005 | BQ29: =VLOOKUP(BP29,'Axe 2 Règles de gestion'!$D$2:$F$408,3, FALSE) -> La date de début de la position doit être postérieure ou égale à la date d'entrée dans la FPE ou dans la carrière militaire. | BR29: POS_C_007 | BS29: =VLOOKUP(BR29,'Axe 2 Règles de gestion'!$D$2:$F$408,3, FALSE) -> La date de fin réelle de la position doit être antérieure à la date limite de départ à la retraite. | BT29: POS_C_010 | BU29: =VLOOKUP(BT29,'Axe 2 Règles de gestion'!$D$2:$F$408,3, FALSE) -> La date de début de position doit être antérieure ou égale à la date de fin réelle de position. | BV29: POS_C_012 | BW29: =VLOOKUP(BV29,'Axe 2 Règles de gestion'!$D$2:$F$408,3, FALSE) -> La date de fin prévisionnelle de la position doit être antérieure à la date limite de départ à la retraite. | BX29: POS_C_022 | BY29: =VLOOKUP(BX29,'Axe 2 Règles de gestion'!$D$2:$F$408,3, FALSE) -> La date de début de position est à J+1 de la date de fin de position de l'occurrence précédente. | BZ29: POS_C_111 | CA29: =VLOOKUP(BZ29,'Axe 2 Règles de gestion'!$D$2:$F$408,3, FALSE) -> La date de fin ou la date de fin prévisionnelle doit être saisie. | CB29: POS_C_120 | CC29: =VLOOKUP(CB29,'Axe 2 Règles de gestion'!$D$2:$F$408,3, FALSE) -> La saisie d'une occurrence de congés/absences est interdite (date de fin réelle) | CD29: POS_C_121 | CE29: =VLOOKUP(CD29,'Axe 2 Règles de gestion'!$D$2:$F$408,3, FALSE) -> La saisie d'une occurrence de congés/absences est interdite (date de fin prévisionnelle)
A30: 22.00.00 | B30: M | C30: 44713.817 | D30: D0004 | E30: Position | F30: S0012 | G30: Disponibilité | H30: E0161 | I30: Disponibilité sur demande pour donner des soins au conjoint ou au partenaire pacsé suite à accident/maladie grave | J30: Position saisie égale à 'Disponibilité sur demande pour donner des soins au conjoint ou au partenaire pacsé suite à accident/maladie grave' ET Indicateur de maintien saisi = Non | K30: A_POS_POSIAD [Saisi] = 'DSP36' ET A_POS_INDMAI [Saisi] = '0' | L30: T0473 | M30: Disponibilité sur demande pour donner des soins au conjoint ou au partenaire pacsé suite à accident/maladie grave - Réintégration | N30: Modification | O30: Indicateur de renouvellement saisi identique à Indicateur de renouvellement avant saisi ET Indicateur de maintien saisi identique à Indicateur de maintien avant saisi | P30: A_POS_INDREN [Saisi] = A_POS_INDREN [Valeur avant saisie] ET A_POS_INDMAI [Saisi] = A_POS_INDMAI [Valeur avant saisie] | Q30: Enseignant contractuel de l'enseignement agricole privé sous contrat définitif - Agriculture | R30: P0079 | S30: Particulier | T30: Passant | U30: 43882 | V30: 44633 | W30: DIS_I_127 ET DIS_I_129 ET DIS_I_130 ET DIS_D_619 ET DIS_D_634 ET DIS_D_643 ET POS_C_004 ET POS_C_007 ET POS_C_010 ET POS_C_012 ET POS_C_111 ET POS_C_120 ET POS_C_121 | X30: DIS_I_127 | Y30: =VLOOKUP(X30,'Axe 2 Règles de gestion'!$D$2:$F$408,3, FALSE) -> L'agent doit informer son administration d'origine de sa décision de solliciter le renouvellement de sa disponibilité ou de réintégrer son emploi d'origine 3 mois au moins avant l'expiration de la disponibilité. | Z30: DIS_I_129 | AA30: =VLOOKUP(Z30,'Axe 2 Règles de gestion'!$D$2:$F$408,3, FALSE) -> La réintégration est subordonnée à la vérification par un médecin agréé et, éventuellement, par le comité médical compétent, de l'aptitude physique de l'agent à l'exercice des fonctions afférentes à son emploi. | AB30: DIS_I_130 | AC30: =VLOOKUP(AB30,'Axe 2 Règles de gestion'!$D$2:$F$408,3, FALSE) -> Si l'agent ne présente pas l'aptitude physique requise pour l'exercice de ses fonctions, il peut être soit reclassé dans un autre emploi, soit mis en disponibilité d'office, soit radié des effectifs. | AP30: DIS_D_619 | AQ30: =VLOOKUP(AP30,'Axe 2 Règles de gestion'!$D$2:$F$408,3, FALSE) -> La durée prévisionnelle de la disponibilité ne peut pas excéder 3 ans pour chaque période. | AR30: DIS_D_634 | AS30: =VLOOKUP(AR30,'Axe 2 Règles de gestion'!$D$2:$F$408,3, FALSE) -> La durée réelle de la disponibilité ne peut pas excéder 3 ans pour chaque période. | AT30: DIS_D_643 | AU30: =VLOOKUP(AT30,'Axe 2 Règles de gestion'!$D$2:$F$408,3, FALSE) -> Le type de situation de famille de l'agent doit être "marié(e)" ou "pacsé(e)". | BN30: POS_C_004 | BO30: =VLOOKUP(BN30,'Axe 2 Règles de gestion'!$D$2:$F$408,3, FALSE) -> La date de début de position doit être antérieure ou égale à la date de fin prévisionnelle de position. | BP30: POS_C_007 | BQ30: =VLOOKUP(BP30,'Axe 2 Règles de gestion'!$D$2:$F$408,3, FALSE) -> La date de fin réelle de la position doit être antérieure à la date limite de départ à la retraite. | BR30: POS_C_010 | BS30: =VLOOKUP(BR30,'Axe 2 Règles de gestion'!$D$2:$F$408,3, FALSE) -> La date de début de position doit être antérieure ou égale à la date de fin réelle de position. | BT30: POS_C_012 | BU30: =VLOOKUP(BT30,'Axe 2 Règles de gestion'!$D$2:$F$408,3, FALSE) -> La date de fin prévisionnelle de la position doit être antérieure à la date limite de départ à la retraite. | BV30: POS_C_111 | BW30: =VLOOKUP(BV30,'Axe 2 Règles de gestion'!$D$2:$F$408,3, FALSE) -> La date de fin ou la date de fin prévisionnelle doit être saisie. | BX30: POS_C_120 | BY30: =VLOOKUP(BX30,'Axe 2 Règles de gestion'!$D$2:$F$408,3, FALSE) -> La saisie d'une occurrence de congés/absences est interdite (date de fin réelle) | BZ30: POS_C_121 | CA30: =VLOOKUP(BZ30,'Axe 2 Règles de gestion'!$D$2:$F$408,3, FALSE) -> La saisie d'une occurrence de congés/absences est interdite (date de fin prévisionnelle)
A31: 22.00.00 | B31: A | C31: 44713.817 | D31: D0004 | E31: Position | F31: S0012 | G31: Disponibilité | H31: E0161 | I31: Disponibilité sur demande pour donner des soins au conjoint ou au partenaire pacsé suite à accident/maladie grave | J31: Position saisie égale à 'Disponibilité sur demande pour donner des soins au conjoint ou au partenaire pacsé suite à accident/maladie grave' ET Indicateur de maintien saisi = Non | K31: A_POS_POSIAD [Saisi] = 'DSP36' ET A_POS_INDMAI [Saisi] = '0' | L31: T0473 | M31: Disponibilité sur demande pour donner des soins au conjoint ou au partenaire pacsé suite à accident/maladie grave - Réintégration | N31: Modification | O31: Indicateur de renouvellement saisi identique à Indicateur de renouvellement avant saisi ET Indicateur de maintien saisi identique à Indicateur de maintien avant saisi | P31: A_POS_INDREN [Saisi] = A_POS_INDREN [Valeur avant saisie] ET A_POS_INDMAI [Saisi] = A_POS_INDMAI [Valeur avant saisie] | Q31: Enseignant contractuel de l'enseignement agricole privé sous contrat définitif - Agriculture | R31: P0079 | S31: Particulier | T31: Passant | U31: 44634 | W31: DIS_I_127 ET DIS_I_150 ET DIS_I_130 ET DIS_D_619 ET DIS_D_634 ET DIS_D_643 ET POS_C_004 ET POS_C_007 ET POS_C_010 ET POS_C_012 ET POS_C_111 ET POS_C_120 ET POS_C_121 | X31: DIS_I_127 | Y31: =VLOOKUP(X31,'Axe 2 Règles de gestion'!$D$2:$F$408,3, FALSE) -> L'agent doit informer son administration d'origine de sa décision de solliciter le renouvellement de sa disponibilité ou de réintégrer son emploi d'origine 3 mois au moins avant l'expiration de la disponibilité. | Z31: DIS_I_150 | AA31: =VLOOKUP(Z31,'Axe 2 Règles de gestion'!$D$2:$F$408,3, FALSE) -> Lorsque les fonctions requièrent des conditions de santé particulières, la réintégration est subordonnée à la vérification par un médecin agréé et, éventuellement, par le conseil médical compétent. | AB31: DIS_I_130 | AC31: =VLOOKUP(AB31,'Axe 2 Règles de gestion'!$D$2:$F$408,3, FALSE) -> Si l'agent ne présente pas l'aptitude physique requise pour l'exercice de ses fonctions, il peut être soit reclassé dans un autre emploi, soit mis en disponibilité d'office, soit radié des effectifs. | AP31: DIS_D_619 | AQ31: =VLOOKUP(AP31,'Axe 2 Règles de gestion'!$D$2:$F$408,3, FALSE) -> La durée prévisionnelle de la disponibilité ne peut pas excéder 3 ans pour chaque période. | AR31: DIS_D_634 | AS31: =VLOOKUP(AR31,'Axe 2 Règles de gestion'!$D$2:$F$408,3, FALSE) -> La durée réelle de la disponibilité ne peut pas excéder 3 ans pour chaque période. | AT31: DIS_D_643 | AU31: =VLOOKUP(AT31,'Axe 2 Règles de gestion'!$D$2:$F$408,3, FALSE) -> Le type de situation de famille de l'agent doit être "marié(e)" ou "pacsé(e)". | BN31: POS_C_004 | BO31: =VLOOKUP(BN31,'Axe 2 Règles de gestion'!$D$2:$F$408,3, FALSE) -> La date de début de position doit être antérieure ou égale à la date de fin prévisionnelle de position. | BP31: POS_C_007 | BQ31: =VLOOKUP(BP31,'Axe 2 Règles de gestion'!$D$2:$F$408,3, FALSE) -> La date de fin réelle de la position doit être antérieure à la date limite de départ à la retraite. | BR31: POS_C_010 | BS31: =VLOOKUP(BR31,'Axe 2 Règles de gestion'!$D$2:$F$408,3, FALSE) -> La date de début de position doit être antérieure ou égale à la date de fin réelle de position. | BT31: POS_C_012 | BU31: =VLOOKUP(BT31,'Axe 2 Règles de gestion'!$D$2:$F$408,3, FALSE) -> La date de fin prévisionnelle de la position doit être antérieure à la date limite de départ à la retraite. | BV31: POS_C_111 | BW31: =VLOOKUP(BV31,'Axe 2 Règles de gestion'!$D$2:$F$408,3, FALSE) -> La date de fin ou la date de fin prévisionnelle doit être saisie. | BX31: POS_C_120 | BY31: =VLOOKUP(BX31,'Axe 2 Règles de gestion'!$D$2:$F$408,3, FALSE) -> La saisie d'une occurrence de congés/absences est interdite (date de fin réelle) | BZ31: POS_C_121 | CA31: =VLOOKUP(BZ31,'Axe 2 Règles de gestion'!$D$2:$F$408,3, FALSE) -> La saisie d'une occurrence de congés/absences est interdite (date de fin prévisionnelle)
A32: 20.10.00 | B32: M | C32: 43699.603 | D32: D0004 | E32: Position | F32: S0012 | G32: Disponibilité | H32: E0163 | I32: Disponibilité sur demande pour donner des soins à un enfant suite à accident/maladie grave | J32: Position saisie égale à 'Disponibilité sur demande pour donner des soins à un enfant suite à accident/maladie grave' ET Indicateur de maintien saisi = Non | K32: A_POS_POSIAD [Saisi] = 'DSP38' ET A_POS_INDMAI [Saisi] = '0' | L32: T0477 | M32: Disponibilité sur demande pour donner des soins à un enfant suite à accident/maladie grave - Demande | N32: Création Modification | O32: Indicateur de renouvellement saisi = Non ET (Indicateur de renouvellement saisi différent d'Indicateur de renouvellement avant saisi OU Indicateur de maintien saisi différent de Indicateur de maintien avant saisi) | P32: A_POS_INDREN [Saisi] = '0' ET (A_POS_INDREN [Saisi] <> A_POS_INDREN [Valeur avant saisie] OU A_POS_INDMAI [Saisi] <> A_POS_INDMAI [Valeur avant saisie]) | Q32: Titulaire ou magistrat | R32: P0001 | S32: Général | T32: Passant | U32: 40725 | V32: 43349 | W32: DIS_I_005 ET DIS_I_006 ET DIS_D_011 ET DIS_D_400 ET DIS_D_379 ET DIS_D_205 ET POS_C_004 ET POS_C_005 ET POS_C_007 ET POS_C_010 ET POS_C_012 ET POS_C_022 ET POS_C_050 ET POS_C_055 ET POS_C_056 ET POS_C_111 | X32: DIS_I_005 | Y32: =VLOOKUP(X32,'Axe 2 Règles de gestion'!$D$2:$F$408,3, FALSE) -> L'agent doit effectuer une demande. | Z32: DIS_I_006 | AA32: =VLOOKUP(Z32,'Axe 2 Règles de gestion'!$D$2:$F$408,3, FALSE) -> La demande est accordée de droit. | AP32: DIS_D_011 | AQ32: =VLOOKUP(AP32,'Axe 2 Règles de gestion'!$D$2:$F$408,3, FALSE) -> La durée prévisionnelle de la disponibilité ne peut pas excéder 3 ans pour chaque période. | AR32: DIS_D_400 | AS32: =VLOOKUP(AR32,'Axe 2 Règles de gestion'!$D$2:$F$408,3, FALSE) -> La durée réelle de la disponibilité ne peut pas excéder 3 ans pour chaque période. | AT32: DIS_D_379 | AU32: =VLOOKUP(AT32,'Axe 2 Règles de gestion'!$D$2:$F$408,3, FALSE) -> L'agent doit être en activité. | AV32: DIS_D_205 | AW32: =VLOOKUP(AV32,'Axe 2 Règles de gestion'!$D$2:$F$408,3, FALSE) -> L'agent doit avoir un enfant lié à cette position. | BN32: POS_C_004 | BO32: =VLOOKUP(BN32,'Axe 2 Règles de gestion'!$D$2:$F$408,3, FALSE) -> La date de début de position doit être antérieure ou égale à la date de fin prévisionnelle de position. | BP32: POS_C_005 | BQ32: =VLOOKUP(BP32,'Axe 2 Règles de gestion'!$D$2:$F$408,3, FALSE) -> La date de début de la position doit être postérieure ou égale à la date d'entrée dans la FPE ou dans la carrière militaire. | BR32: POS_C_007 | BS32: =VLOOKUP(BR32,'Axe 2 Règles de gestion'!$D$2:$F$408,3, FALSE) -> La date de fin réelle de la position doit être antérieure à la date limite de départ à la retraite. | BT32: POS_C_010 | BU32: =VLOOKUP(BT32,'Axe 2 Règles de gestion'!$D$2:$F$408,3, FALSE) -> La date de début de position doit être antérieure ou égale à la date de fin réelle de position. | BV32: POS_C_012 | BW32: =VLOOKUP(BV32,'Axe 2 Règles de gestion'!$D$2:$F$408,3, FALSE) -> La date de fin prévisionnelle de la position doit être antérieure à la date limite de départ à la retraite. | BX32: POS_C_022 | BY32: =VLOOKUP(BX32,'Axe 2 Règles de gestion'!$D$2:$F$408,3, FALSE) -> La date de début de position est à J+1 de la date de fin de position de l'occurrence précédente. | BZ32: POS_C_050 | CA32: =VLOOKUP(BZ32,'Axe 2 Règles de gestion'!$D$2:$F$408,3, FALSE) -> Le lien vers l'enfant doit être renseigné. | CB32: POS_C_055 | CC32: =VLOOKUP(CB32,'Axe 2 Règles de gestion'!$D$2:$F$408,3, FALSE) -> La date de fin réelle de la position doit être antérieure ou égale à la date de décès de l'enfant. | CD32: POS_C_056 | CE32: =VLOOKUP(CD32,'Axe 2 Règles de gestion'!$D$2:$F$408,3, FALSE) -> La date de fin prévisionnelle de la position doit être antérieure ou égale à la date de décès de l'enfant. | CF32: POS_C_111 | CG32: =VLOOKUP(CF32,'Axe 2 Règles de gestion'!$D$2:$F$408,3, FALSE) -> La date de fin ou la date de fin prévisionnelle doit être saisie.
A33: 25.00.00 | B33: M | C33: 45803.685 | D33: D0004 | E33: Position | F33: S0012 | G33: Disponibilité | H33: E0163 | I33: Disponibilité sur demande pour donner des soins à un enfant suite à accident/maladie grave | J33: Position saisie égale à 'Disponibilité sur demande pour donner des soins à un enfant suite à accident/maladie grave' ET Indicateur de maintien saisi = Non | K33: A_POS_POSIAD [Saisi] = 'DSP38' ET A_POS_INDMAI [Saisi] = '0' | L33: T0477 | M33: Disponibilité sur demande pour donner des soins à un enfant suite à accident/maladie grave - Demande | N33: Création Modification | O33: Indicateur de renouvellement saisi = Non ET (Indicateur de renouvellement saisi différent d'Indicateur de renouvellement avant saisi OU Indicateur de maintien saisi différent de Indicateur de maintien avant saisi) | P33: A_POS_INDREN [Saisi] = '0' ET (A_POS_INDREN [Saisi] <> A_POS_INDREN [Valeur avant saisie] OU A_POS_INDMAI [Saisi] <> A_POS_INDMAI [Valeur avant saisie]) | Q33: Titulaire ou magistrat | R33: P0001 | S33: Général | T33: Passant | U33: 43350 | W33: DIS_I_005 ET DIS_I_006 ET DIS_I_178 ET DIS_D_011 ET DIS_D_400 ET DIS_D_205 ET DIS_D_613 ET DIS_D_616 ET POS_C_004 ET POS_C_005 ET POS_C_007 ET POS_C_010 ET POS_C_012 ET POS_C_022 ET POS_C_050 ET POS_C_055 ET POS_C_056 ET POS_C_111 ET POS_C_120 ET POS_C_121 | X33: DIS_I_005 | Y33: =VLOOKUP(X33,'Axe 2 Règles de gestion'!$D$2:$F$408,3, FALSE) -> L'agent doit effectuer une demande. | Z33: DIS_I_006 | AA33: =VLOOKUP(Z33,'Axe 2 Règles de gestion'!$D$2:$F$408,3, FALSE) -> La demande est accordée de droit. | AB33: DIS_I_178 | AC33: =VLOOKUP(AB33,'Axe 2 Règles de gestion'!$D$2:$F$408,3, FALSE) -> L'administration fait procéder aux enquêtes nécessaires en vue de s'assurer que l'activité de l'agent mis en disponibilité correspond réellement aux motifs pour lesquels il a été placé en cette position. | AP33: DIS_D_011 | AQ33: =VLOOKUP(AP33,'Axe 2 Règles de gestion'!$D$2:$F$408,3, FALSE) -> La durée prévisionnelle de la disponibilité ne peut pas excéder 3 ans pour chaque période. | AR33: DIS_D_400 | AS33: =VLOOKUP(AR33,'Axe 2 Règles de gestion'!$D$2:$F$408,3, FALSE) -> La durée réelle de la disponibilité ne peut pas excéder 3 ans pour chaque période. | AT33: DIS_D_205 | AU33: =VLOOKUP(AT33,'Axe 2 Règles de gestion'!$D$2:$F$408,3, FALSE) -> L'agent doit avoir un enfant lié à cette position. | AV33: DIS_D_613 | AW33: =VLOOKUP(AV33,'Axe 2 Règles de gestion'!$D$2:$F$408,3, FALSE) -> L'agent a épuisé ses droits à ancienneté relatifs à la disponibilité. En effet, l'agent en disponibilité pour études ou recherches, convenances personnelles, créer ou reprendre une entreprise, donner des soins, suivre son conjoint ou partenaire de PACS conserve ses droits à l'avancement (échelon et grade) dans la limite de 5 ans s'il exerce une activité professionnelle. | AX33: DIS_D_616 | AY33: =VLOOKUP(AX33,'Axe 2 Règles de gestion'!$D$2:$F$408,3, FALSE) -> Si le champ « Situation particulière » est saisi, alors seule la valeur « Période de disponibilité donnant droit à avancement » peut être sélectionnée. | BN33: POS_C_004 | BO33: =VLOOKUP(BN33,'Axe 2 Règles de gestion'!$D$2:$F$408,3, FALSE) -> La date de début de position doit être antérieure ou égale à la date de fin prévisionnelle de position. | BP33: POS_C_005 | BQ33: =VLOOKUP(BP33,'Axe 2 Règles de gestion'!$D$2:$F$408,3, FALSE) -> La date de début de la position doit être postérieure ou égale à la date d'entrée dans la FPE ou dans la carrière militaire. | BR33: POS_C_007 | BS33: =VLOOKUP(BR33,'Axe 2 Règles de gestion'!$D$2:$F$408,3, FALSE) -> La date de fin réelle de la position doit être antérieure à la date limite de départ à la retraite. | BT33: POS_C_010 | BU33: =VLOOKUP(BT33,'Axe 2 Règles de gestion'!$D$2:$F$408,3, FALSE) -> La date de début de position doit être antérieure ou égale à la date de fin réelle de position. | BV33: POS_C_012 | BW33: =VLOOKUP(BV33,'Axe 2 Règles de gestion'!$D$2:$F$408,3, FALSE) -> La date de fin prévisionnelle de la position doit être antérieure à la date limite de départ à la retraite. | BX33: POS_C_022 | BY33: =VLOOKUP(BX33,'Axe 2 Règles de gestion'!$D$2:$F$408,3, FALSE) -> La date de début de position est à J+1 de la date de fin de position de l'occurrence précédente. | BZ33: POS_C_050 | CA33: =VLOOKUP(BZ33,'Axe 2 Règles de gestion'!$D$2:$F$408,3, FALSE) -> Le lien vers l'enfant doit être renseigné. | CB33: POS_C_055 | CC33: =VLOOKUP(CB33,'Axe 2 Règles de gestion'!$D$2:$F$408,3, FALSE) -> La date de fin réelle de la position doit être antérieure ou égale à la date de décès de l'enfant. | CD33: POS_C_056 | CE33: =VLOOKUP(CD33,'Axe 2 Règles de gestion'!$D$2:$F$408,3, FALSE) -> La date de fin prévisionnelle de la position doit être antérieure ou égale à la date de décès de l'enfant. | CF33: POS_C_111 | CG33: =VLOOKUP(CF33,'Axe 2 Règles de gestion'!$D$2:$F$408,3, FALSE) -> La date de fin ou la date de fin prévisionnelle doit être saisie. | CH33: POS_C_120 | CI33: =VLOOKUP(CH33,'Axe 2 Règles de gestion'!$D$2:$F$408,3, FALSE) -> La saisie d'une occurrence de congés/absences est interdite (date de fin réelle) | CJ33: POS_C_121 | CK33: =VLOOKUP(CJ33,'Axe 2 Règles de gestion'!$D$2:$F$408,3, FALSE) -> La saisie d'une occurrence de congés/absences est interdite (date de fin prévisionnelle)
A34: 20.10.00 | B34: M | C34: 43699.608 | D34: D0004 | E34: Position | F34: S0012 | G34: Disponibilité | H34: E0163 | I34: Disponibilité sur demande pour donner des soins à un enfant suite à accident/maladie grave | J34: Position saisie égale à 'Disponibilité sur demande pour donner des soins à un enfant suite à accident/maladie grave' ET Indicateur de maintien saisi = Non | K34: A_POS_POSIAD [Saisi] = 'DSP38' ET A_POS_INDMAI [Saisi] = '0' | L34: T0478 | M34: Disponibilité sur demande pour donner des soins à un enfant suite à accident/maladie grave - Renouvellement | N34: Création Modification | O34: Indicateur de renouvellement saisi = Oui ET (Indicateur de renouvellement saisi différent d'Indicateur de renouvellement avant saisi OU Indicateur de maintien saisi différent de Indicateur de maintien avant saisi) | P34: A_POS_INDREN [Saisi] = '1' ET (A_POS_INDREN [Saisi] <> A_POS_INDREN [Valeur avant saisie] OU A_POS_INDMAI [Saisi] <> A_POS_INDMAI [Valeur avant saisie]) | Q34: Titulaire ou magistrat | R34: P0001 | S34: Général | T34: Passant | U34: 40725 | V34: 43349 | W34: DIS_I_034 ET DIS_D_011 ET DIS_D_400 ET DIS_D_205 ET POS_C_004 ET POS_C_005 ET POS_C_007 ET POS_C_010 ET POS_C_012 ET POS_C_022 ET POS_C_050 ET POS_C_055 ET POS_C_056 ET POS_C_111 | X34: DIS_I_034 | Y34: =VLOOKUP(X34,'Axe 2 Règles de gestion'!$D$2:$F$408,3, FALSE) -> L'agent doit informer son administration d'origine de sa décision de solliciter le renouvellement de sa disponibilité ou de réintégrer son corps d'origine 3 mois au moins avant l'expiration de la disponibilité. | AP34: DIS_D_011 | AQ34: =VLOOKUP(AP34,'Axe 2 Règles de gestion'!$D$2:$F$408,3, FALSE) -> La durée prévisionnelle de la disponibilité ne peut pas excéder 3 ans pour chaque période. | AR34: DIS_D_400 | AS34: =VLOOKUP(AR34,'Axe 2 Règles de gestion'!$D$2:$F$408,3, FALSE) -> La durée réelle de la disponibilité ne peut pas excéder 3 ans pour chaque période. | AT34: DIS_D_205 | AU34: =VLOOKUP(AT34,'Axe 2 Règles de gestion'!$D$2:$F$408,3, FALSE) -> L'agent doit avoir un enfant lié à cette position. | BN34: POS_C_004 | BO34: =VLOOKUP(BN34,'Axe 2 Règles de gestion'!$D$2:$F$408,3, FALSE) -> La date de début de position doit être antérieure ou égale à la date de fin prévisionnelle de position. | BP34: POS_C_005 | BQ34: =VLOOKUP(BP34,'Axe 2 Règles de gestion'!$D$2:$F$408,3, FALSE) -> La date de début de la position doit être postérieure ou égale à la date d'entrée dans la FPE ou dans la carrière militaire. | BR34: POS_C_007 | BS34: =VLOOKUP(BR34,'Axe 2 Règles de gestion'!$D$2:$F$408,3, FALSE) -> La date de fin réelle de la position doit être antérieure à la date limite de départ à la retraite. | BT34: POS_C_010 | BU34: =VLOOKUP(BT34,'Axe 2 Règles de gestion'!$D$2:$F$408,3, FALSE) -> La date de début de position doit être antérieure ou égale à la date de fin réelle de position. | BV34: POS_C_012 | BW34: =VLOOKUP(BV34,'Axe 2 Règles de gestion'!$D$2:$F$408,3, FALSE) -> La date de fin prévisionnelle de la position doit être antérieure à la date limite de départ à la retraite. | BX34: POS_C_022 | BY34: =VLOOKUP(BX34,'Axe 2 Règles de gestion'!$D$2:$F$408,3, FALSE) -> La date de début de position est à J+1 de la date de fin de position de l'occurrence précédente. | BZ34: POS_C_050 | CA34: =VLOOKUP(BZ34,'Axe 2 Règles de gestion'!$D$2:$F$408,3, FALSE) -> Le lien vers l'enfant doit être renseigné. | CB34: POS_C_055 | CC34: =VLOOKUP(CB34,'Axe 2 Règles de gestion'!$D$2:$F$408,3, FALSE) -> La date de fin réelle de la position doit être antérieure ou égale à la date de décès de l'enfant. | CD34: POS_C_056 | CE34: =VLOOKUP(CD34,'Axe 2 Règles de gestion'!$D$2:$F$408,3, FALSE) -> La date de fin prévisionnelle de la position doit être antérieure ou égale à la date de décès de l'enfant. | CF34: POS_C_111 | CG34: =VLOOKUP(CF34,'Axe 2 Règles de gestion'!$D$2:$F$408,3, FALSE) -> La date de fin ou la date de fin prévisionnelle doit être saisie.
A35: 25.00.00 | B35: M | C35: 45803.685 | D35: D0004 | E35: Position | F35: S0012 | G35: Disponibilité | H35: E0163 | I35: Disponibilité sur demande pour donner des soins à un enfant suite à accident/maladie grave | J35: Position saisie égale à 'Disponibilité sur demande pour donner des soins à un enfant suite à accident/maladie grave' ET Indicateur de maintien saisi = Non | K35: A_POS_POSIAD [Saisi] = 'DSP38' ET A_POS_INDMAI [Saisi] = '0' | L35: T0478 | M35: Disponibilité sur demande pour donner des soins à un enfant suite à accident/maladie grave - Renouvellement | N35: Création Modification | O35: Indicateur de renouvellement saisi = Oui ET (Indicateur de renouvellement saisi différent d'Indicateur de renouvellement avant saisi OU Indicateur de maintien saisi différent de Indicateur de maintien avant saisi) | P35: A_POS_INDREN [Saisi] = '1' ET (A_POS_INDREN [Saisi] <> A_POS_INDREN [Valeur avant saisie] OU A_POS_INDMAI [Saisi] <> A_POS_INDMAI [Valeur avant saisie]) | Q35: Titulaire ou magistrat | R35: P0001 | S35: Général | T35: Passant | U35: 43350 | W35: DIS_I_171 ET DIS_I_178 ET DIS_D_011 ET DIS_D_400 ET DIS_D_205 ET DIS_D_613 ET DIS_D_616 ET POS_C_004 ET POS_C_005 ET POS_C_007 ET POS_C_010 ET POS_C_012 ET POS_C_022 ET POS_C_050 ET POS_C_055 ET POS_C_056 ET POS_C_111 ET POS_C_120 ET POS_C_121 | X35: DIS_I_171 | Y35: =VLOOKUP(X35,'Axe 2 Règles de gestion'!$D$2:$F$408,3, FALSE) -> L'agent doit informer son administration d'origine de sa décision de solliciter le renouvellement de sa disponibilité 3 mois au moins avant l'expiration de la disponibilité. | Z35: DIS_I_178 | AA35: =VLOOKUP(Z35,'Axe 2 Règles de gestion'!$D$2:$F$408,3, FALSE) -> L'administration fait procéder aux enquêtes nécessaires en vue de s'assurer que l'activité de l'agent mis en disponibilité correspond réellement aux motifs pour lesquels il a été placé en cette position. | AP35: DIS_D_011 | AQ35: =VLOOKUP(AP35,'Axe 2 Règles de gestion'!$D$2:$F$408,3, FALSE) -> La durée prévisionnelle de la disponibilité ne peut pas excéder 3 ans pour chaque période. | AR35: DIS_D_400 | AS35: =VLOOKUP(AR35,'Axe 2 Règles de gestion'!$D$2:$F$408,3, FALSE) -> La durée réelle de la disponibilité ne peut pas excéder 3 ans pour chaque période. | AT35: DIS_D_205 | AU35: =VLOOKUP(AT35,'Axe 2 Règles de gestion'!$D$2:$F$408,3, FALSE) -> L'agent doit avoir un enfant lié à cette position. | AV35: DIS_D_613 | AW35: =VLOOKUP(AV35,'Axe 2 Règles de gestion'!$D$2:$F$408,3, FALSE) -> L'agent a épuisé ses droits à ancienneté relatifs à la disponibilité. En effet, l'agent en disponibilité pour études ou recherches, convenances personnelles, créer ou reprendre une entreprise, donner des soins, suivre son conjoint ou partenaire de PACS conserve ses droits à l'avancement (échelon et grade) dans la limite de 5 ans s'il exerce une activité professionnelle. | AX35: DIS_D_616 | AY35: =VLOOKUP(AX35,'Axe 2 Règles de gestion'!$D$2:$F$408,3, FALSE) -> Si le champ « Situation particulière » est saisi, alors seule la valeur « Période de disponibilité donnant droit à avancement » peut être sélectionnée. | BN35: POS_C_004 | BO35: =VLOOKUP(BN35,'Axe 2 Règles de gestion'!$D$2:$F$408,3, FALSE) -> La date de début de position doit être antérieure ou égale à la date de fin prévisionnelle de position. | BP35: POS_C_005 | BQ35: =VLOOKUP(BP35,'Axe 2 Règles de gestion'!$D$2:$F$408,3, FALSE) -> La date de début de la position doit être postérieure ou égale à la date d'entrée dans la FPE ou dans la carrière militaire. | BR35: POS_C_007 | BS35: =VLOOKUP(BR35,'Axe 2 Règles de gestion'!$D$2:$F$408,3, FALSE) -> La date de fin réelle de la position doit être antérieure à la date limite de départ à la retraite. | BT35: POS_C_010 | BU35: =VLOOKUP(BT35,'Axe 2 Règles de gestion'!$D$2:$F$408,3, FALSE) -> La date de début de position doit être antérieure ou égale à la date de fin réelle de position. | BV35: POS_C_012 | BW35: =VLOOKUP(BV35,'Axe 2 Règles de gestion'!$D$2:$F$408,3, FALSE) -> La date de fin prévisionnelle de la position doit être antérieure à la date limite de départ à la retraite. | BX35: POS_C_022 | BY35: =VLOOKUP(BX35,'Axe 2 Règles de gestion'!$D$2:$F$408,3, FALSE) -> La date de début de position est à J+1 de la date de fin de position de l'occurrence précédente. | BZ35: POS_C_050 | CA35: =VLOOKUP(BZ35,'Axe 2 Règles de gestion'!$D$2:$F$408,3, FALSE) -> Le lien vers l'enfant doit être renseigné. | CB35: POS_C_055 | CC35: =VLOOKUP(CB35,'Axe 2 Règles de gestion'!$D$2:$F$408,3, FALSE) -> La date de fin réelle de la position doit être antérieure ou égale à la date de décès de l'enfant. | CD35: POS_C_056 | CE35: =VLOOKUP(CD35,'Axe 2 Règles de gestion'!$D$2:$F$408,3, FALSE) -> La date de fin prévisionnelle de la position doit être antérieure ou égale à la date de décès de l'enfant. | CF35: POS_C_111 | CG35: =VLOOKUP(CF35,'Axe 2 Règles de gestion'!$D$2:$F$408,3, FALSE) -> La date de fin ou la date de fin prévisionnelle doit être saisie. | CH35: POS_C_120 | CI35: =VLOOKUP(CH35,'Axe 2 Règles de gestion'!$D$2:$F$408,3, FALSE) -> La saisie d'une occurrence de congés/absences est interdite (date de fin réelle) | CJ35: POS_C_121 | CK35: =VLOOKUP(CJ35,'Axe 2 Règles de gestion'!$D$2:$F$408,3, FALSE) -> La saisie d'une occurrence de congés/absences est interdite (date de fin prévisionnelle)
A36: 20.10.00 | B36: M | C36: 43152.5 | D36: D0004 | E36: Position | F36: S0012 | G36: Disponibilité | H36: E0163 | I36: Disponibilité sur demande pour donner des soins à un enfant suite à accident/maladie grave | J36: Position saisie égale à 'Disponibilité sur demande pour donner des soins à un enfant suite à accident/maladie grave' ET Indicateur de maintien saisi = Non | K36: A_POS_POSIAD [Saisi] = 'DSP38' ET A_POS_INDMAI [Saisi] = '0' | L36: T0479 | M36: Disponibilité sur demande pour donner des soins à un enfant suite à accident/maladie grave - Réintégration | N36: Modification | O36: Indicateur de renouvellement saisi identique à Indicateur de renouvellement avant saisi ET Indicateur de maintien saisi identique à Indicateur de maintien avant saisi | P36: A_POS_INDREN [Saisi] = A_POS_INDREN [Valeur avant saisie] ET A_POS_INDMAI [Saisi] = A_POS_INDMAI [Valeur avant saisie] | Q36: Titulaire ou magistrat | R36: P0001 | S36: Général | T36: Passant | U36: 40725 | V36: 43349 | W36: DIS_I_034 ET DIS_I_036 ET DIS_I_037 ET DIS_D_011 ET DIS_D_400 ET DIS_D_205 ET POS_C_004 ET POS_C_007 ET POS_C_010 ET POS_C_012 ET POS_C_050 ET POS_C_055 ET POS_C_056 ET POS_C_111 | X36: DIS_I_034 | Y36: =VLOOKUP(X36,'Axe 2 Règles de gestion'!$D$2:$F$408,3, FALSE) -> L'agent doit informer son administration d'origine de sa décision de solliciter le renouvellement de sa disponibilité ou de réintégrer son corps d'origine 3 mois au moins avant l'expiration de la disponibilité. | Z36: DIS_I_036 | AA36: =VLOOKUP(Z36,'Axe 2 Règles de gestion'!$D$2:$F$408,3, FALSE) -> La réintégration est subordonnée à la vérification par un médecin agréé et, éventuellement, par le comité médical compétent, de l'aptitude physique de l'agent à l'exercice des fonctions afférentes à son grade. | AB36: DIS_I_037 | AC36: =VLOOKUP(AB36,'Axe 2 Règles de gestion'!$D$2:$F$408,3, FALSE) -> L'agent qui ne peut être réintégré pour cause d'inaptitude physique est soit reclassé, soit mis en disponibilité d'office. En cas d'inaptitude définitive à l'exercice de ses fonctions, l'agent est admis à la retraite ou licencié. | AP36: DIS_D_011 | AQ36: =VLOOKUP(AP36,'Axe 2 Règles de gestion'!$D$2:$F$408,3, FALSE) -> La durée prévisionnelle de la disponibilité ne peut pas excéder 3 ans pour chaque période. | AR36: DIS_D_400 | AS36: =VLOOKUP(AR36,'Axe 2 Règles de gestion'!$D$2:$F$408,3, FALSE) -> La durée réelle de la disponibilité ne peut pas excéder 3 ans pour chaque période. | AT36: DIS_D_205 | AU36: =VLOOKUP(AT36,'Axe 2 Règles de gestion'!$D$2:$F$408,3, FALSE) -> L'agent doit avoir un enfant lié à cette position. | BN36: POS_C_004 | BO36: =VLOOKUP(BN36,'Axe 2 Règles de gestion'!$D$2:$F$408,3, FALSE) -> La date de début de position doit être antérieure ou égale à la date de fin prévisionnelle de position. | BP36: POS_C_007 | BQ36: =VLOOKUP(BP36,'Axe 2 Règles de gestion'!$D$2:$F$408,3, FALSE) -> La date de fin réelle de la position doit être antérieure à la date limite de départ à la retraite. | BR36: POS_C_010 | BS36: =VLOOKUP(BR36,'Axe 2 Règles de gestion'!$D$2:$F$408,3, FALSE) -> La date de début de position doit être antérieure ou égale à la date de fin réelle de position. | BT36: POS_C_012 | BU36: =VLOOKUP(BT36,'Axe 2 Règles de gestion'!$D$2:$F$408,3, FALSE) -> La date de fin prévisionnelle de la position doit être antérieure à la date limite de départ à la retraite. | BV36: POS_C_050 | BW36: =VLOOKUP(BV36,'Axe 2 Règles de gestion'!$D$2:$F$408,3, FALSE) -> Le lien vers l'enfant doit être renseigné. | BX36: POS_C_055 | BY36: =VLOOKUP(BX36,'Axe 2 Règles de gestion'!$D$2:$F$408,3, FALSE) -> La date de fin réelle de la position doit être antérieure ou égale à la date de décès de l'enfant. | BZ36: POS_C_056 | CA36: =VLOOKUP(BZ36,'Axe 2 Règles de gestion'!$D$2:$F$408,3, FALSE) -> La date de fin prévisionnelle de la position doit être antérieure ou égale à la date de décès de l'enfant. | CB36: POS_C_111 | CC36: =VLOOKUP(CB36,'Axe 2 Règles de gestion'!$D$2:$F$408,3, FALSE) -> La date de fin ou la date de fin prévisionnelle doit être saisie.
A37: 22.00.00 | B37: M | C37: 44713.818 | D37: D0004 | E37: Position | F37: S0012 | G37: Disponibilité | H37: E0163 | I37: Disponibilité sur demande pour donner des soins à un enfant suite à accident/maladie grave | J37: Position saisie égale à 'Disponibilité sur demande pour donner des soins à un enfant suite à accident/maladie grave' ET Indicateur de maintien saisi = Non | K37: A_POS_POSIAD [Saisi] = 'DSP38' ET A_POS_INDMAI [Saisi] = '0' | L37: T0479 | M37: Disponibilité sur demande pour donner des soins à un enfant suite à accident/maladie grave - Réintégration | N37: Modification | O37: Indicateur de renouvellement saisi identique à Indicateur de renouvellement avant saisi ET Indicateur de maintien saisi identique à Indicateur de maintien avant saisi | P37: A_POS_INDREN [Saisi] = A_POS_INDREN [Valeur avant saisie] ET A_POS_INDMAI [Saisi] = A_POS_INDMAI [Valeur avant saisie] | Q37: Titulaire ou magistrat | R37: P0001 | S37: Général | T37: Passant | U37: 43350 | V37: 44633 | W37: DIS_I_034 ET DIS_I_036 ET DIS_I_037 ET DIS_D_011 ET DIS_D_400 ET DIS_D_205 ET DIS_D_613 ET DIS_D_616 ET POS_C_004 ET POS_C_007 ET POS_C_010 ET POS_C_012 ET POS_C_050 ET POS_C_055 ET POS_C_056 ET POS_C_111 ET POS_C_120 ET POS_C_121 | X37: DIS_I_034 | Y37: =VLOOKUP(X37,'Axe 2 Règles de gestion'!$D$2:$F$408,3, FALSE) -> L'agent doit informer son administration d'origine de sa décision de solliciter le renouvellement de sa disponibilité ou de réintégrer son corps d'origine 3 mois au moins avant l'expiration de la disponibilité. | Z37: DIS_I_036 | AA37: =VLOOKUP(Z37,'Axe 2 Règles de gestion'!$D$2:$F$408,3, FALSE) -> La réintégration est subordonnée à la vérification par un médecin agréé et, éventuellement, par le comité médical compétent, de l'aptitude physique de l'agent à l'exercice des fonctions afférentes à son grade. | AB37: DIS_I_037 | AC37: =VLOOKUP(AB37,'Axe 2 Règles de gestion'!$D$2:$F$408,3, FALSE) -> L'agent qui ne peut être réintégré pour cause d'inaptitude physique est soit reclassé, soit mis en disponibilité d'office. En cas d'inaptitude définitive à l'exercice de ses fonctions, l'agent est admis à la retraite ou licencié. | AP37: DIS_D_011 | AQ37: =VLOOKUP(AP37,'Axe 2 Règles de gestion'!$D$2:$F$408,3, FALSE) -> La durée prévisionnelle de la disponibilité ne peut pas excéder 3 ans pour chaque période. | AR37: DIS_D_400 | AS37: =VLOOKUP(AR37,'Axe 2 Règles de gestion'!$D$2:$F$408,3, FALSE) -> La durée réelle de la disponibilité ne peut pas excéder 3 ans pour chaque période. | AT37: DIS_D_205 | AU37: =VLOOKUP(AT37,'Axe 2 Règles de gestion'!$D$2:$F$408,3, FALSE) -> L'agent doit avoir un enfant lié à cette position. | AV37: DIS_D_613 | AW37: =VLOOKUP(AV37,'Axe 2 Règles de gestion'!$D$2:$F$408,3, FALSE) -> L'agent a épuisé ses droits à ancienneté relatifs à la disponibilité. En effet, l'agent en disponibilité pour études ou recherches, convenances personnelles, créer ou reprendre une entreprise, donner des soins, suivre son conjoint ou partenaire de PACS conserve ses droits à l'avancement (échelon et grade) dans la limite de 5 ans s'il exerce une activité professionnelle. | AX37: DIS_D_616 | AY37: =VLOOKUP(AX37,'Axe 2 Règles de gestion'!$D$2:$F$408,3, FALSE) -> Si le champ « Situation particulière » est saisi, alors seule la valeur « Période de disponibilité donnant droit à avancement » peut être sélectionnée. | BN37: POS_C_004 | BO37: =VLOOKUP(BN37,'Axe 2 Règles de gestion'!$D$2:$F$408,3, FALSE) -> La date de début de position doit être antérieure ou égale à la date de fin prévisionnelle de position. | BP37: POS_C_007 | BQ37: =VLOOKUP(BP37,'Axe 2 Règles de gestion'!$D$2:$F$408,3, FALSE) -> La date de fin réelle de la position doit être antérieure à la date limite de départ à la retraite. | BR37: POS_C_010 | BS37: =VLOOKUP(BR37,'Axe 2 Règles de gestion'!$D$2:$F$408,3, FALSE) -> La date de début de position doit être antérieure ou égale à la date de fin réelle de position. | BT37: POS_C_012 | BU37: =VLOOKUP(BT37,'Axe 2 Règles de gestion'!$D$2:$F$408,3, FALSE) -> La date de fin prévisionnelle de la position doit être antérieure à la date limite de départ à la retraite. | BV37: POS_C_050 | BW37: =VLOOKUP(BV37,'Axe 2 Règles de gestion'!$D$2:$F$408,3, FALSE) -> Le lien vers l'enfant doit être renseigné. | BX37: POS_C_055 | BY37: =VLOOKUP(BX37,'Axe 2 Règles de gestion'!$D$2:$F$408,3, FALSE) -> La date de fin réelle de la position doit être antérieure ou égale à la date de décès de l'enfant. | BZ37: POS_C_056 | CA37: =VLOOKUP(BZ37,'Axe 2 Règles de gestion'!$D$2:$F$408,3, FALSE) -> La date de fin prévisionnelle de la position doit être antérieure ou égale à la date de décès de l'enfant. | CB37: POS_C_111 | CC37: =VLOOKUP(CB37,'Axe 2 Règles de gestion'!$D$2:$F$408,3, FALSE) -> La date de fin ou la date de fin prévisionnelle doit être saisie. | CD37: POS_C_120 | CE37: =VLOOKUP(CD37,'Axe 2 Règles de gestion'!$D$2:$F$408,3, FALSE) -> La saisie d'une occurrence de congés/absences est interdite (date de fin réelle) | CF37: POS_C_121 | CG37: =VLOOKUP(CF37,'Axe 2 Règles de gestion'!$D$2:$F$408,3, FALSE) -> La saisie d'une occurrence de congés/absences est interdite (date de fin prévisionnelle)
A38: 25.00.00 | B38: M | C38: 45803.685 | D38: D0004 | E38: Position | F38: S0012 | G38: Disponibilité | H38: E0163 | I38: Disponibilité sur demande pour donner des soins à un enfant suite à accident/maladie grave | J38: Position saisie égale à 'Disponibilité sur demande pour donner des soins à un enfant suite à accident/maladie grave' ET Indicateur de maintien saisi = Non | K38: A_POS_POSIAD [Saisi] = 'DSP38' ET A_POS_INDMAI [Saisi] = '0' | L38: T0479 | M38: Disponibilité sur demande pour donner des soins à un enfant suite à accident/maladie grave - Réintégration | N38: Modification | O38: Indicateur de renouvellement saisi identique à Indicateur de renouvellement avant saisi ET Indicateur de maintien saisi identique à Indicateur de maintien avant saisi | P38: A_POS_INDREN [Saisi] = A_POS_INDREN [Valeur avant saisie] ET A_POS_INDMAI [Saisi] = A_POS_INDMAI [Valeur avant saisie] | Q38: Titulaire ou magistrat | R38: P0001 | S38: Général | T38: Passant | U38: 44634 | W38: DIS_I_172 ET DIS_I_149 ET DIS_I_037 ET DIS_I_173 ET DIS_I_176 ET DIS_I_177 ET DIS_D_011 ET DIS_D_400 ET DIS_D_205 ET DIS_D_613 ET DIS_D_616 ET POS_C_004 ET POS_C_007 ET POS_C_010 ET POS_C_012 ET POS_C_050 ET POS_C_055 ET POS_C_056 ET POS_C_111 ET POS_C_120 ET POS_C_121 | X38: DIS_I_172 | Y38: =VLOOKUP(X38,'Axe 2 Règles de gestion'!$D$2:$F$408,3, FALSE) -> L'agent doit informer son administration d'origine de sa décision de réintégrer son corps d'origine 3 mois au moins avant l'expiration de la disponibilité. | Z38: DIS_I_149 | AA38: =VLOOKUP(Z38,'Axe 2 Règles de gestion'!$D$2:$F$408,3, FALSE) -> Lorsque les fonctions requièrent des conditions de santé particulières, la réintégration est subordonnée à la vérification du respect de ces conditions par un médecin agréé et, éventuellement, par le conseil médical compétent. | AB38: DIS_I_037 | AC38: =VLOOKUP(AB38,'Axe 2 Règles de gestion'!$D$2:$F$408,3, FALSE) -> L'agent qui ne peut être réintégré pour cause d'inaptitude physique est soit reclassé, soit mis en disponibilité d'office. En cas d'inaptitude définitive à l'exercice de ses fonctions, l'agent est admis à la retraite ou licencié. | AD38: DIS_I_173 | AE38: =VLOOKUP(AD38,'Axe 2 Règles de gestion'!$D$2:$F$408,3, FALSE) -> L'agent qui a formulé avant l'expiration de la période de mise en disponibilité une demande de réintégration est maintenu en disponibilité jusqu'à ce qu'un poste lui soit proposé. | AF38: DIS_I_176 | AG38: =VLOOKUP(AF38,'Axe 2 Règles de gestion'!$D$2:$F$408,3, FALSE) -> A l'issue de sa disponibilité ou avant cette date, s'il sollicite sa réintégration anticipée, l'agent est obligatoirement réintégré à la première vacance dans son corps d'origine et affecté à un emploi correspondant à son grade. | AH38: DIS_I_177 | AI38: =VLOOKUP(AH38,'Axe 2 Règles de gestion'!$D$2:$F$408,3, FALSE) -> S'il refuse le poste, il peut être licencié après avis de la commission administrative paritaire. | AP38: DIS_D_011 | AQ38: =VLOOKUP(AP38,'Axe 2 Règles de gestion'!$D$2:$F$408,3, FALSE) -> La durée prévisionnelle de la disponibilité ne peut pas excéder 3 ans pour chaque période. | AR38: DIS_D_400 | AS38: =VLOOKUP(AR38,'Axe 2 Règles de gestion'!$D$2:$F$408,3, FALSE) -> La durée réelle de la disponibilité ne peut pas excéder 3 ans pour chaque période. | AT38: DIS_D_205 | AU38: =VLOOKUP(AT38,'Axe 2 Règles de gestion'!$D$2:$F$408,3, FALSE) -> L'agent doit avoir un enfant lié à cette position. | AV38: DIS_D_613 | AW38: =VLOOKUP(AV38,'Axe 2 Règles de gestion'!$D$2:$F$408,3, FALSE) -> L'agent a épuisé ses droits à ancienneté relatifs à la disponibilité. En effet, l'agent en disponibilité pour études ou recherches, convenances personnelles, créer ou reprendre une entreprise, donner des soins, suivre son conjoint ou partenaire de PACS conserve ses droits à l'avancement (échelon et grade) dans la limite de 5 ans s'il exerce une activité professionnelle. | AX38: DIS_D_616 | AY38: =VLOOKUP(AX38,'Axe 2 Règles de gestion'!$D$2:$F$408,3, FALSE) -> Si le champ « Situation particulière » est saisi, alors seule la valeur « Période de disponibilité donnant droit à avancement » peut être sélectionnée. | BN38: POS_C_004 | BO38: =VLOOKUP(BN38,'Axe 2 Règles de gestion'!$D$2:$F$408,3, FALSE) -> La date de début de position doit être antérieure ou égale à la date de fin prévisionnelle de position. | BP38: POS_C_007 | BQ38: =VLOOKUP(BP38,'Axe 2 Règles de gestion'!$D$2:$F$408,3, FALSE) -> La date de fin réelle de la position doit être antérieure à la date limite de départ à la retraite. | BR38: POS_C_010 | BS38: =VLOOKUP(BR38,'Axe 2 Règles de gestion'!$D$2:$F$408,3, FALSE) -> La date de début de position doit être antérieure ou égale à la date de fin réelle de position. | BT38: POS_C_012 | BU38: =VLOOKUP(BT38,'Axe 2 Règles de gestion'!$D$2:$F$408,3, FALSE) -> La date de fin prévisionnelle de la position doit être antérieure à la date limite de départ à la retraite. | BV38: POS_C_050 | BW38: =VLOOKUP(BV38,'Axe 2 Règles de gestion'!$D$2:$F$408,3, FALSE) -> Le lien vers l'enfant doit être renseigné. | BX38: POS_C_055 | BY38: =VLOOKUP(BX38,'Axe 2 Règles de gestion'!$D$2:$F$408,3, FALSE) -> La date de fin réelle de la position doit être antérieure ou égale à la date de décès de l'enfant. | BZ38: POS_C_056 | CA38: =VLOOKUP(BZ38,'Axe 2 Règles de gestion'!$D$2:$F$408,3, FALSE) -> La date de fin prévisionnelle de la position doit être antérieure ou égale à la date de décès de l'enfant. | CB38: POS_C_111 | CC38: =VLOOKUP(CB38,'Axe 2 Règles de gestion'!$D$2:$F$408,3, FALSE) -> La date de fin ou la date de fin prévisionnelle doit être saisie. | CD38: POS_C_120 | CE38: =VLOOKUP(CD38,'Axe 2 Règles de gestion'!$D$2:$F$408,3, FALSE) -> La saisie d'une occurrence de congés/absences est interdite (date de fin réelle) | CF38: POS_C_121 | CG38: =VLOOKUP(CF38,'Axe 2 Règles de gestion'!$D$2:$F$408,3, FALSE) -> La saisie d'une occurrence de congés/absences est interdite (date de fin prévisionnelle)
A39: 17.10.00 | B39: M | C39: 43152.5 | D39: D0004 | E39: Position | F39: S0012 | G39: Disponibilité | H39: E0163 | I39: Disponibilité sur demande pour donner des soins à un enfant suite à accident/maladie grave | J39: Position saisie égale à 'Disponibilité sur demande pour donner des soins à un enfant suite à accident/maladie grave' ET Indicateur de maintien saisi = Non | K39: A_POS_POSIAD [Saisi] = 'DSP38' ET A_POS_INDMAI [Saisi] = '0' | L39: T0477 | M39: Disponibilité sur demande pour donner des soins à un enfant suite à accident/maladie grave - Demande | N39: Création Modification | O39: Indicateur de renouvellement saisi = Non ET (Indicateur de renouvellement saisi différent d'Indicateur de renouvellement avant saisi OU Indicateur de maintien saisi différent de Indicateur de maintien avant saisi) | P39: A_POS_INDREN [Saisi] = '0' ET (A_POS_INDREN [Saisi] <> A_POS_INDREN [Valeur avant saisie] OU A_POS_INDMAI [Saisi] <> A_POS_INDMAI [Valeur avant saisie]) | Q39: Militaire | R39: P0002 | S39: Général | T39: Exclu | U39: 40725
A40: 17.10.00 | B40: M | C40: 43152.5 | D40: D0004 | E40: Position | F40: S0012 | G40: Disponibilité | H40: E0163 | I40: Disponibilité sur demande pour donner des soins à un enfant suite à accident/maladie grave | J40: Position saisie égale à 'Disponibilité sur demande pour donner des soins à un enfant suite à accident/maladie grave' ET Indicateur de maintien saisi = Non | K40: A_POS_POSIAD [Saisi] = 'DSP38' ET A_POS_INDMAI [Saisi] = '0' | L40: T0478 | M40: Disponibilité sur demande pour donner des soins à un enfant suite à accident/maladie grave - Renouvellement | N40: Création Modification | O40: Indicateur de renouvellement saisi = Oui ET (Indicateur de renouvellement saisi différent d'Indicateur de renouvellement avant saisi OU Indicateur de maintien saisi différent de Indicateur de maintien avant saisi) | P40: A_POS_INDREN [Saisi] = '1' ET (A_POS_INDREN [Saisi] <> A_POS_INDREN [Valeur avant saisie] OU A_POS_INDMAI [Saisi] <> A_POS_INDMAI [Valeur avant saisie]) | Q40: Militaire | R40: P0002 | S40: Général | T40: Exclu | U40: 40725
A41: 17.10.00 | B41: M | C41: 43152.5 | D41: D0004 | E41: Position | F41: S0012 | G41: Disponibilité | H41: E0163 | I41: Disponibilité sur demande pour donner des soins à un enfant suite à accident/maladie grave | J41: Position saisie égale à 'Disponibilité sur demande pour donner des soins à un enfant suite à accident/maladie grave' ET Indicateur de maintien saisi = Non | K41: A_POS_POSIAD [Saisi] = 'DSP38' ET A_POS_INDMAI [Saisi] = '0' | L41: T0479 | M41: Disponibilité sur demande pour donner des soins à un enfant suite à accident/maladie grave - Réintégration | N41: Modification | O41: Indicateur de renouvellement saisi identique à Indicateur de renouvellement avant saisi ET Indicateur de maintien saisi identique à Indicateur de maintien avant saisi | P41: A_POS_INDREN [Saisi] = A_POS_INDREN [Valeur avant saisie] ET A_POS_INDMAI [Saisi] = A_POS_INDMAI [Valeur avant saisie] | Q41: Militaire | R41: P0002 | S41: Général | T41: Exclu | U41: 40725
A42: 17.10.00 | B42: A | C42: 43152.5 | D42: D0004 | E42: Position | F42: S0012 | G42: Disponibilité | H42: E0163 | I42: Disponibilité sur demande pour donner des soins à un enfant suite à accident/maladie grave | J42: Position saisie égale à 'Disponibilité sur demande pour donner des soins à un enfant suite à accident/maladie grave' ET Indicateur de maintien saisi = Non | K42: A_POS_POSIAD [Saisi] = 'DSP38' ET A_POS_INDMAI [Saisi] = '0' | L42: T0477 | M42: Disponibilité sur demande pour donner des soins à un enfant suite à accident/maladie grave - Demande | N42: Création Modification | O42: Indicateur de renouvellement saisi = Non ET (Indicateur de renouvellement saisi différent d'Indicateur de renouvellement avant saisi OU Indicateur de maintien saisi différent de Indicateur de maintien avant saisi) | P42: A_POS_INDREN [Saisi] = '0' ET (A_POS_INDREN [Saisi] <> A_POS_INDREN [Valeur avant saisie] OU A_POS_INDMAI [Saisi] <> A_POS_INDMAI [Valeur avant saisie]) | Q42: Contractuel | R42: P0003 | S42: Général | T42: Exclu | U42: 40725
A43: 17.10.00 | B43: A | C43: 43152.5 | D43: D0004 | E43: Position | F43: S0012 | G43: Disponibilité | H43: E0163 | I43: Disponibilité sur demande pour donner des soins à un enfant suite à accident/maladie grave | J43: Position saisie égale à 'Disponibilité sur demande pour donner des soins à un enfant suite à accident/maladie grave' ET Indicateur de maintien saisi = Non | K43: A_POS_POSIAD [Saisi] = 'DSP38' ET A_POS_INDMAI [Saisi] = '0' | L43: T0478 | M43: Disponibilité sur demande pour donner des soins à un enfant suite à accident/maladie grave - Renouvellement | N43: Création Modification | O43: Indicateur de renouvellement saisi = Oui ET (Indicateur de renouvellement saisi différent d'Indicateur de renouvellement avant saisi OU Indicateur de maintien saisi différent de Indicateur de maintien avant saisi) | P43: A_POS_INDREN [Saisi] = '1' ET (A_POS_INDREN [Saisi] <> A_POS_INDREN [Valeur avant saisie] OU A_POS_INDMAI [Saisi] <> A_POS_INDMAI [Valeur avant saisie]) | Q43: Contractuel | R43: P0003 | S43: Général | T43: Exclu | U43: 40725
A44: 17.10.00 | B44: A | C44: 43152.5 | D44: D0004 | E44: Position | F44: S0012 | G44: Disponibilité | H44: E0163 | I44: Disponibilité sur demande pour donner des soins à un enfant suite à accident/maladie grave | J44: Position saisie égale à 'Disponibilité sur demande pour donner des soins à un enfant suite à accident/maladie grave' ET Indicateur de maintien saisi = Non | K44: A_POS_POSIAD [Saisi] = 'DSP38' ET A_POS_INDMAI [Saisi] = '0' | L44: T0479 | M44: Disponibilité sur demande pour donner des soins à un enfant suite à accident/maladie grave - Réintégration | N44: Modification | O44: Indicateur de renouvellement saisi identique à Indicateur de renouvellement avant saisi ET Indicateur de maintien saisi identique à Indicateur de maintien avant saisi | P44: A_POS_INDREN [Saisi] = A_POS_INDREN [Valeur avant saisie] ET A_POS_INDMAI [Saisi] = A_POS_INDMAI [Valeur avant saisie] | Q44: Contractuel | R44: P0003 | S44: Général | T44: Exclu | U44: 40725
A45: 17.10.00 | B45: A | C45: 43152.5 | D45: D0004 | E45: Position | F45: S0012 | G45: Disponibilité | H45: E0163 | I45: Disponibilité sur demande pour donner des soins à un enfant suite à accident/maladie grave | J45: Position saisie égale à 'Disponibilité sur demande pour donner des soins à un enfant suite à accident/maladie grave' ET Indicateur de maintien saisi = Non | K45: A_POS_POSIAD [Saisi] = 'DSP38' ET A_POS_INDMAI [Saisi] = '0' | L45: T0477 | M45: Disponibilité sur demande pour donner des soins à un enfant suite à accident/maladie grave - Demande | N45: Création Modification | O45: Indicateur de renouvellement saisi = Non ET (Indicateur de renouvellement saisi différent d'Indicateur de renouvellement avant saisi OU Indicateur de maintien saisi différent de Indicateur de maintien avant saisi) | P45: A_POS_INDREN [Saisi] = '0' ET (A_POS_INDREN [Saisi] <> A_POS_INDREN [Valeur avant saisie] OU A_POS_INDMAI [Saisi] <> A_POS_INDMAI [Valeur avant saisie]) | Q45: Stagiaire ou auditeur ou élève | R45: P0004 | S45: Général | T45: Exclu | U45: 40725
A46: 17.10.00 | B46: A | C46: 43152.5 | D46: D0004 | E46: Position | F46: S0012 | G46: Disponibilité | H46: E0163 | I46: Disponibilité sur demande pour donner des soins à un enfant suite à accident/maladie grave | J46: Position saisie égale à 'Disponibilité sur demande pour donner des soins à un enfant suite à accident/maladie grave' ET Indicateur de maintien saisi = Non | K46: A_POS_POSIAD [Saisi] = 'DSP38' ET A_POS_INDMAI [Saisi] = '0' | L46: T0478 | M46: Disponibilité sur demande pour donner des soins à un enfant suite à accident/maladie grave - Renouvellement | N46: Création Modification | O46: Indicateur de renouvellement saisi = Oui ET (Indicateur de renouvellement saisi différent d'Indicateur de renouvellement avant saisi OU Indicateur de maintien saisi différent de Indicateur de maintien avant saisi) | P46: A_POS_INDREN [Saisi] = '1' ET (A_POS_INDREN [Saisi] <> A_POS_INDREN [Valeur avant saisie] OU A_POS_INDMAI [Saisi] <> A_POS_INDMAI [Valeur avant saisie]) | Q46: Stagiaire ou auditeur ou élève | R46: P0004 | S46: Général | T46: Exclu | U46: 40725
A47: 17.10.00 | B47: A | C47: 43152.5 | D47: D0004 | E47: Position | F47: S0012 | G47: Disponibilité | H47: E0163 | I47: Disponibilité sur demande pour donner des soins à un enfant suite à accident/maladie grave | J47: Position saisie égale à 'Disponibilité sur demande pour donner des soins à un enfant suite à accident/maladie grave' ET Indicateur de maintien saisi = Non | K47: A_POS_POSIAD [Saisi] = 'DSP38' ET A_POS_INDMAI [Saisi] = '0' | L47: T0479 | M47: Disponibilité sur demande pour donner des soins à un enfant suite à accident/maladie grave - Réintégration | N47: Modification | O47: Indicateur de renouvellement saisi identique à Indicateur de renouvellement avant saisi ET Indicateur de maintien saisi identique à Indicateur de maintien avant saisi | P47: A_POS_INDREN [Saisi] = A_POS_INDREN [Valeur avant saisie] ET A_POS_INDMAI [Saisi] = A_POS_INDMAI [Valeur avant saisie] | Q47: Stagiaire ou auditeur ou élève | R47: P0004 | S47: Général | T47: Exclu | U47: 40725
A48: 17.10.00 | B48: A | C48: 43152.5 | D48: D0004 | E48: Position | F48: S0012 | G48: Disponibilité | H48: E0163 | I48: Disponibilité sur demande pour donner des soins à un enfant suite à accident/maladie grave | J48: Position saisie égale à 'Disponibilité sur demande pour donner des soins à un enfant suite à accident/maladie grave' ET Indicateur de maintien saisi = Non | K48: A_POS_POSIAD [Saisi] = 'DSP38' ET A_POS_INDMAI [Saisi] = '0' | L48: T0477 | M48: Disponibilité sur demande pour donner des soins à un enfant suite à accident/maladie grave - Demande | N48: Création Modification | O48: Indicateur de renouvellement saisi = Non ET (Indicateur de renouvellement saisi différent d'Indicateur de renouvellement avant saisi OU Indicateur de maintien saisi différent de Indicateur de maintien avant saisi) | P48: A_POS_INDREN [Saisi] = '0' ET (A_POS_INDREN [Saisi] <> A_POS_INDREN [Valeur avant saisie] OU A_POS_INDMAI [Saisi] <> A_POS_INDMAI [Valeur avant saisie]) | Q48: Ouvrier d'état | R48: P0005 | S48: Général | T48: Exclu | U48: 40725
A49: 17.10.00 | B49: A | C49: 43152.5 | D49: D0004 | E49: Position | F49: S0012 | G49: Disponibilité | H49: E0163 | I49: Disponibilité sur demande pour donner des soins à un enfant suite à accident/maladie grave | J49: Position saisie égale à 'Disponibilité sur demande pour donner des soins à un enfant suite à accident/maladie grave' ET Indicateur de maintien saisi = Non | K49: A_POS_POSIAD [Saisi] = 'DSP38' ET A_POS_INDMAI [Saisi] = '0' | L49: T0478 | M49: Disponibilité sur demande pour donner des soins à un enfant suite à accident/maladie grave - Renouvellement | N49: Création Modification | O49: Indicateur de renouvellement saisi = Oui ET (Indicateur de renouvellement saisi différent d'Indicateur de renouvellement avant saisi OU Indicateur de maintien saisi différent de Indicateur de maintien avant saisi) | P49: A_POS_INDREN [Saisi] = '1' ET (A_POS_INDREN [Saisi] <> A_POS_INDREN [Valeur avant saisie] OU A_POS_INDMAI [Saisi] <> A_POS_INDMAI [Valeur avant saisie]) | Q49: Ouvrier d'état | R49: P0005 | S49: Général | T49: Exclu | U49: 40725
A50: 17.10.00 | B50: A | C50: 43152.5 | D50: D0004 | E50: Position | F50: S0012 | G50: Disponibilité | H50: E0163 | I50: Disponibilité sur demande pour donner des soins à un enfant suite à accident/maladie grave | J50: Position saisie égale à 'Disponibilité sur demande pour donner des soins à un enfant suite à accident/maladie grave' ET Indicateur de maintien saisi = Non | K50: A_POS_POSIAD [Saisi] = 'DSP38' ET A_POS_INDMAI [Saisi] = '0' | L50: T0479 | M50: Disponibilité sur demande pour donner des soins à un enfant suite à accident/maladie grave - Réintégration | N50: Modification | O50: Indicateur de renouvellement saisi identique à Indicateur de renouvellement avant saisi ET Indicateur de maintien saisi identique à Indicateur de maintien avant saisi | P50: A_POS_INDREN [Saisi] = A_POS_INDREN [Valeur avant saisie] ET A_POS_INDMAI [Saisi] = A_POS_INDMAI [Valeur avant saisie] | Q50: Ouvrier d'état | R50: P0005 | S50: Général | T50: Exclu | U50: 40725
A51: 20.10.00 | B51: M | C51: 43152.5 | D51: D0004 | E51: Position | F51: S0012 | G51: Disponibilité | H51: E0163 | I51: Disponibilité sur demande pour donner des soins à un enfant suite à accident/maladie grave | J51: Position saisie égale à 'Disponibilité sur demande pour donner des soins à un enfant suite à accident/maladie grave' ET Indicateur de maintien saisi = Non | K51: A_POS_POSIAD [Saisi] = 'DSP38' ET A_POS_INDMAI [Saisi] = '0' | L51: T0477 | M51: Disponibilité sur demande pour donner des soins à un enfant suite à accident/maladie grave - Demande | N51: Création Modification | O51: Indicateur de renouvellement saisi = Non ET (Indicateur de renouvellement saisi différent d'Indicateur de renouvellement avant saisi OU Indicateur de maintien saisi différent de Indicateur de maintien avant saisi) | P51: A_POS_INDREN [Saisi] = '0' ET (A_POS_INDREN [Saisi] <> A_POS_INDREN [Valeur avant saisie] OU A_POS_INDMAI [Saisi] <> A_POS_INDMAI [Valeur avant saisie]) | Q51: Magistrat de l'ordre judiciaire | R51: P0007 | S51: Particulier | T51: Passant | U51: 40725 | V51: 43349 | W51: DIS_I_044 ET DIS_I_080 ET DIS_D_301 ET DIS_D_429 ET DIS_D_380 ET DIS_D_298 ET POS_C_004 ET POS_C_005 ET POS_C_007 ET POS_C_010 ET POS_C_012 ET POS_C_022 ET POS_C_050 ET POS_C_055 ET POS_C_056 ET POS_C_111 | X51: DIS_I_044 | Y51: =VLOOKUP(X51,'Axe 2 Règles de gestion'!$D$2:$F$408,3, FALSE) -> L'agent doit effectuer une demande. | Z51: DIS_I_080 | AA51: =VLOOKUP(Z51,'Axe 2 Règles de gestion'!$D$2:$F$408,3, FALSE) -> La disponibilité est prononcée après avis de la formation compétente du Conseil supérieur de la magistrature. | AP51: DIS_D_301 | AQ51: =VLOOKUP(AP51,'Axe 2 Règles de gestion'!$D$2:$F$408,3, FALSE) -> La durée prévisionnelle de la disponibilité ne peut pas excéder 3 ans pour chaque période. | AR51: DIS_D_429 | AS51: =VLOOKUP(AR51,'Axe 2 Règles de gestion'!$D$2:$F$408,3, FALSE) -> La durée réelle de la disponibilité ne peut pas excéder 3 ans pour chaque période. | AT51: DIS_D_380 | AU51: =VLOOKUP(AT51,'Axe 2 Règles de gestion'!$D$2:$F$408,3, FALSE) -> L'agent doit être en activité. | AV51: DIS_D_298 | AW51: =VLOOKUP(AV51,'Axe 2 Règles de gestion'!$D$2:$F$408,3, FALSE) -> L'agent doit avoir un enfant lié à cette position. | BN51: POS_C_004 | BO51: =VLOOKUP(BN51,'Axe 2 Règles de gestion'!$D$2:$F$408,3, FALSE) -> La date de début de position doit être antérieure ou égale à la date de fin prévisionnelle de position. | BP51: POS_C_005 | BQ51: =VLOOKUP(BP51,'Axe 2 Règles de gestion'!$D$2:$F$408,3, FALSE) -> La date de début de la position doit être postérieure ou égale à la date d'entrée dans la FPE ou dans la carrière militaire. | BR51: POS_C_007 | BS51: =VLOOKUP(BR51,'Axe 2 Règles de gestion'!$D$2:$F$408,3, FALSE) -> La date de fin réelle de la position doit être antérieure à la date limite de départ à la retraite. | BT51: POS_C_010 | BU51: =VLOOKUP(BT51,'Axe 2 Règles de gestion'!$D$2:$F$408,3, FALSE) -> La date de début de position doit être antérieure ou égale à la date de fin réelle de position. | BV51: POS_C_012 | BW51: =VLOOKUP(BV51,'Axe 2 Règles de gestion'!$D$2:$F$408,3, FALSE) -> La date de fin prévisionnelle de la position doit être antérieure à la date limite de départ à la retraite. | BX51: POS_C_022 | BY51: =VLOOKUP(BX51,'Axe 2 Règles de gestion'!$D$2:$F$408,3, FALSE) -> La date de début de position est à J+1 de la date de fin de position de l'occurrence précédente. | BZ51: POS_C_050 | CA51: =VLOOKUP(BZ51,'Axe 2 Règles de gestion'!$D$2:$F$408,3, FALSE) -> Le lien vers l'enfant doit être renseigné. | CB51: POS_C_055 | CC51: =VLOOKUP(CB51,'Axe 2 Règles de gestion'!$D$2:$F$408,3, FALSE) -> La date de fin réelle de la position doit être antérieure ou égale à la date de décès de l'enfant. | CD51: POS_C_056 | CE51: =VLOOKUP(CD51,'Axe 2 Règles de gestion'!$D$2:$F$408,3, FALSE) -> La date de fin prévisionnelle de la position doit être antérieure ou égale à la date de décès de l'enfant. | CF51: POS_C_111 | CG51: =VLOOKUP(CF51,'Axe 2 Règles de gestion'!$D$2:$F$408,3, FALSE) -> La date de fin ou la date de fin prévisionnelle doit être saisie.
A52: 21.00.00 | B52: M | C52: 44368.708 | D52: D0004 | E52: Position | F52: S0012 | G52: Disponibilité | H52: E0163 | I52: Disponibilité sur demande pour donner des soins à un enfant suite à accident/maladie grave | J52: Position saisie égale à 'Disponibilité sur demande pour donner des soins à un enfant suite à accident/maladie grave' ET Indicateur de maintien saisi = Non | K52: A_POS_POSIAD [Saisi] = 'DSP38' ET A_POS_INDMAI [Saisi] = '0' | L52: T0477 | M52: Disponibilité sur demande pour donner des soins à un enfant suite à accident/maladie grave - Demande | N52: Création Modification | O52: Indicateur de renouvellement saisi = Non ET (Indicateur de renouvellement saisi différent d'Indicateur de renouvellement avant saisi OU Indicateur de maintien saisi différent de Indicateur de maintien avant saisi) | P52: A_POS_INDREN [Saisi] = '0' ET (A_POS_INDREN [Saisi] <> A_POS_INDREN [Valeur avant saisie] OU A_POS_INDMAI [Saisi] <> A_POS_INDMAI [Valeur avant saisie]) | Q52: Magistrat de l'ordre judiciaire | R52: P0007 | S52: Particulier | T52: Passant | U52: 43350 | W52: DIS_I_044 ET DIS_I_080 ET DIS_D_301 ET DIS_D_429 ET DIS_D_380 ET DIS_D_298 ET DIS_D_614 ET DIS_D_617 ET POS_C_004 ET POS_C_005 ET POS_C_007 ET POS_C_010 ET POS_C_012 ET POS_C_022 ET POS_C_050 ET POS_C_055 ET POS_C_056 ET POS_C_111 ET POS_C_120 ET POS_C_121 | X52: DIS_I_044 | Y52: =VLOOKUP(X52,'Axe 2 Règles de gestion'!$D$2:$F$408,3, FALSE) -> L'agent doit effectuer une demande. | Z52: DIS_I_080 | AA52: =VLOOKUP(Z52,'Axe 2 Règles de gestion'!$D$2:$F$408,3, FALSE) -> La disponibilité est prononcée après avis de la formation compétente du Conseil supérieur de la magistrature. | AP52: DIS_D_301 | AQ52: =VLOOKUP(AP52,'Axe 2 Règles de gestion'!$D$2:$F$408,3, FALSE) -> La durée prévisionnelle de la disponibilité ne peut pas excéder 3 ans pour chaque période. | AR52: DIS_D_429 | AS52: =VLOOKUP(AR52,'Axe 2 Règles de gestion'!$D$2:$F$408,3, FALSE) -> La durée réelle de la disponibilité ne peut pas excéder 3 ans pour chaque période. | AT52: DIS_D_380 | AU52: =VLOOKUP(AT52,'Axe 2 Règles de gestion'!$D$2:$F$408,3, FALSE) -> L'agent doit être en activité. | AV52: DIS_D_298 | AW52: =VLOOKUP(AV52,'Axe 2 Règles de gestion'!$D$2:$F$408,3, FALSE) -> L'agent doit avoir un enfant lié à cette position. | AX52: DIS_D_614 | AY52: =VLOOKUP(AX52,'Axe 2 Règles de gestion'!$D$2:$F$408,3, FALSE) -> L'agent a épuisé ses droits à ancienneté relatifs à la disponibilité. En effet, l'agent qui exerce une activité professionnelle durant la période de disponibilité conserve ses droits à l'avancement d'échelon et de grade dans la limite de 5 ans sur l'ensemble de sa carrière. | AZ52: DIS_D_617 | BA52: =VLOOKUP(AZ52,'Axe 2 Règles de gestion'!$D$2:$F$408,3, FALSE) -> Si le champ « Situation particulière » est saisi, alors seule la valeur « Période de disponibilité donnant droit à avancement » peut être sélectionnée. | BN52: POS_C_004 | BO52: =VLOOKUP(BN52,'Axe 2 Règles de gestion'!$D$2:$F$408,3, FALSE) -> La date de début de position doit être antérieure ou égale à la date de fin prévisionnelle de position. | BP52: POS_C_005 | BQ52: =VLOOKUP(BP52,'Axe 2 Règles de gestion'!$D$2:$F$408,3, FALSE) -> La date de début de la position doit être postérieure ou égale à la date d'entrée dans la FPE ou dans la carrière militaire. | BR52: POS_C_007 | BS52: =VLOOKUP(BR52,'Axe 2 Règles de gestion'!$D$2:$F$408,3, FALSE) -> La date de fin réelle de la position doit être antérieure à la date limite de départ à la retraite. | BT52: POS_C_010 | BU52: =VLOOKUP(BT52,'Axe 2 Règles de gestion'!$D$2:$F$408,3, FALSE) -> La date de début de position doit être antérieure ou égale à la date de fin réelle de position. | BV52: POS_C_012 | BW52: =VLOOKUP(BV52,'Axe 2 Règles de gestion'!$D$2:$F$408,3, FALSE) -> La date de fin prévisionnelle de la position doit être antérieure à la date limite de départ à la retraite. | BX52: POS_C_022 | BY52: =VLOOKUP(BX52,'Axe 2 Règles de gestion'!$D$2:$F$408,3, FALSE) -> La date de début de position est à J+1 de la date de fin de position de l'occurrence précédente. | BZ52: POS_C_050 | CA52: =VLOOKUP(BZ52,'Axe 2 Règles de gestion'!$D$2:$F$408,3, FALSE) -> Le lien vers l'enfant doit être renseigné. | CB52: POS_C_055 | CC52: =VLOOKUP(CB52,'Axe 2 Règles de gestion'!$D$2:$F$408,3, FALSE) -> La date de fin réelle de la position doit être antérieure ou égale à la date de décès de l'enfant. | CD52: POS_C_056 | CE52: =VLOOKUP(CD52,'Axe 2 Règles de gestion'!$D$2:$F$408,3, FALSE) -> La date de fin prévisionnelle de la position doit être antérieure ou égale à la date de décès de l'enfant. | CF52: POS_C_111 | CG52: =VLOOKUP(CF52,'Axe 2 Règles de gestion'!$D$2:$F$408,3, FALSE) -> La date de fin ou la date de fin prévisionnelle doit être saisie. | CH52: POS_C_120 | CI52: =VLOOKUP(CH52,'Axe 2 Règles de gestion'!$D$2:$F$408,3, FALSE) -> La saisie d'une occurrence de congés/absences est interdite (date de fin réelle) | CJ52: POS_C_121 | CK52: =VLOOKUP(CJ52,'Axe 2 Règles de gestion'!$D$2:$F$408,3, FALSE) -> La saisie d'une occurrence de congés/absences est interdite (date de fin prévisionnelle)
A53: 20.10.00 | B53: M | C53: 43152.5 | D53: D0004 | E53: Position | F53: S0012 | G53: Disponibilité | H53: E0163 | I53: Disponibilité sur demande pour donner des soins à un enfant suite à accident/maladie grave | J53: Position saisie égale à 'Disponibilité sur demande pour donner des soins à un enfant suite à accident/maladie grave' ET Indicateur de maintien saisi = Non | K53: A_POS_POSIAD [Saisi] = 'DSP38' ET A_POS_INDMAI [Saisi] = '0' | L53: T0478 | M53: Disponibilité sur demande pour donner des soins à un enfant suite à accident/maladie grave - Renouvellement | N53: Création Modification | O53: Indicateur de renouvellement saisi = Oui ET (Indicateur de renouvellement saisi différent d'Indicateur de renouvellement avant saisi OU Indicateur de maintien saisi différent de Indicateur de maintien avant saisi) | P53: A_POS_INDREN [Saisi] = '1' ET (A_POS_INDREN [Saisi] <> A_POS_INDREN [Valeur avant saisie] OU A_POS_INDMAI [Saisi] <> A_POS_INDMAI [Valeur avant saisie]) | Q53: Magistrat de l'ordre judiciaire | R53: P0007 | S53: Particulier | T53: Passant | U53: 40725 | V53: 43349 | W53: DIS_I_077 ET DIS_D_301 ET DIS_D_429 ET DIS_D_298 ET POS_C_004 ET POS_C_005 ET POS_C_007 ET POS_C_010 ET POS_C_012 ET POS_C_022 ET POS_C_050 ET POS_C_055 ET POS_C_056 ET POS_C_111 | X53: DIS_I_077 | Y53: =VLOOKUP(X53,'Axe 2 Règles de gestion'!$D$2:$F$408,3, FALSE) -> L'agent doit informer son administration d'origine de sa décision de solliciter le renouvellement de sa disponibilité ou de réintégrer son corps d'origine 3 mois au moins avant l'expiration de la disponibilité. | AP53: DIS_D_301 | AQ53: =VLOOKUP(AP53,'Axe 2 Règles de gestion'!$D$2:$F$408,3, FALSE) -> La durée prévisionnelle de la disponibilité ne peut pas excéder 3 ans pour chaque période. | AR53: DIS_D_429 | AS53: =VLOOKUP(AR53,'Axe 2 Règles de gestion'!$D$2:$F$408,3, FALSE) -> La durée réelle de la disponibilité ne peut pas excéder 3 ans pour chaque période. | AT53: DIS_D_298 | AU53: =VLOOKUP(AT53,'Axe 2 Règles de gestion'!$D$2:$F$408,3, FALSE) -> L'agent doit avoir un enfant lié à cette position. | BN53: POS_C_004 | BO53: =VLOOKUP(BN53,'Axe 2 Règles de gestion'!$D$2:$F$408,3, FALSE) -> La date de début de position doit être antérieure ou égale à la date de fin prévisionnelle de position. | BP53: POS_C_005 | BQ53: =VLOOKUP(BP53,'Axe 2 Règles de gestion'!$D$2:$F$408,3, FALSE) -> La date de début de la position doit être postérieure ou égale à la date d'entrée dans la FPE ou dans la carrière militaire. | BR53: POS_C_007 | BS53: =VLOOKUP(BR53,'Axe 2 Règles de gestion'!$D$2:$F$408,3, FALSE) -> La date de fin réelle de la position doit être antérieure à la date limite de départ à la retraite. | BT53: POS_C_010 | BU53: =VLOOKUP(BT53,'Axe 2 Règles de gestion'!$D$2:$F$408,3, FALSE) -> La date de début de position doit être antérieure ou égale à la date de fin réelle de position. | BV53: POS_C_012 | BW53: =VLOOKUP(BV53,'Axe 2 Règles de gestion'!$D$2:$F$408,3, FALSE) -> La date de fin prévisionnelle de la position doit être antérieure à la date limite de départ à la retraite. | BX53: POS_C_022 | BY53: =VLOOKUP(BX53,'Axe 2 Règles de gestion'!$D$2:$F$408,3, FALSE) -> La date de début de position est à J+1 de la date de fin de position de l'occurrence précédente. | BZ53: POS_C_050 | CA53: =VLOOKUP(BZ53,'Axe 2 Règles de gestion'!$D$2:$F$408,3, FALSE) -> Le lien vers l'enfant doit être renseigné. | CB53: POS_C_055 | CC53: =VLOOKUP(CB53,'Axe 2 Règles de gestion'!$D$2:$F$408,3, FALSE) -> La date de fin réelle de la position doit être antérieure ou égale à la date de décès de l'enfant. | CD53: POS_C_056 | CE53: =VLOOKUP(CD53,'Axe 2 Règles de gestion'!$D$2:$F$408,3, FALSE) -> La date de fin prévisionnelle de la position doit être antérieure ou égale à la date de décès de l'enfant. | CF53: POS_C_111 | CG53: =VLOOKUP(CF53,'Axe 2 Règles de gestion'!$D$2:$F$408,3, FALSE) -> La date de fin ou la date de fin prévisionnelle doit être saisie.
A54: 21.00.00 | B54: M | C54: 44368.708 | D54: D0004 | E54: Position | F54: S0012 | G54: Disponibilité | H54: E0163 | I54: Disponibilité sur demande pour donner des soins à un enfant suite à accident/maladie grave | J54: Position saisie égale à 'Disponibilité sur demande pour donner des soins à un enfant suite à accident/maladie grave' ET Indicateur de maintien saisi = Non | K54: A_POS_POSIAD [Saisi] = 'DSP38' ET A_POS_INDMAI [Saisi] = '0' | L54: T0478 | M54: Disponibilité sur demande pour donner des soins à un enfant suite à accident/maladie grave - Renouvellement | N54: Création Modification | O54: Indicateur de renouvellement saisi = Oui ET (Indicateur de renouvellement saisi différent d'Indicateur de renouvellement avant saisi OU Indicateur de maintien saisi différent de Indicateur de maintien avant saisi) | P54: A_POS_INDREN [Saisi] = '1' ET (A_POS_INDREN [Saisi] <> A_POS_INDREN [Valeur avant saisie] OU A_POS_INDMAI [Saisi] <> A_POS_INDMAI [Valeur avant saisie]) | Q54: Magistrat de l'ordre judiciaire | R54: P0007 | S54: Particulier | T54: Passant | U54: 43350 | W54: DIS_I_077 ET DIS_D_301 ET DIS_D_429 ET DIS_D_298 ET DIS_D_614 ET DIS_D_617 ET POS_C_004 ET POS_C_005 ET POS_C_007 ET POS_C_010 ET POS_C_012 ET POS_C_022 ET POS_C_050 ET POS_C_055 ET POS_C_056 ET POS_C_111 ET POS_C_120 ET POS_C_121 | X54: DIS_I_077 | Y54: =VLOOKUP(X54,'Axe 2 Règles de gestion'!$D$2:$F$408,3, FALSE) -> L'agent doit informer son administration d'origine de sa décision de solliciter le renouvellement de sa disponibilité ou de réintégrer son corps d'origine 3 mois au moins avant l'expiration de la disponibilité. | AP54: DIS_D_301 | AQ54: =VLOOKUP(AP54,'Axe 2 Règles de gestion'!$D$2:$F$408,3, FALSE) -> La durée prévisionnelle de la disponibilité ne peut pas excéder 3 ans pour chaque période. | AR54: DIS_D_429 | AS54: =VLOOKUP(AR54,'Axe 2 Règles de gestion'!$D$2:$F$408,3, FALSE) -> La durée réelle de la disponibilité ne peut pas excéder 3 ans pour chaque période. | AT54: DIS_D_298 | AU54: =VLOOKUP(AT54,'Axe 2 Règles de gestion'!$D$2:$F$408,3, FALSE) -> L'agent doit avoir un enfant lié à cette position. | AV54: DIS_D_614 | AW54: =VLOOKUP(AV54,'Axe 2 Règles de gestion'!$D$2:$F$408,3, FALSE) -> L'agent a épuisé ses droits à ancienneté relatifs à la disponibilité. En effet, l'agent qui exerce une activité professionnelle durant la période de disponibilité conserve ses droits à l'avancement d'échelon et de grade dans la limite de 5 ans sur l'ensemble de sa carrière. | AX54: DIS_D_617 | AY54: =VLOOKUP(AX54,'Axe 2 Règles de gestion'!$D$2:$F$408,3, FALSE) -> Si le champ « Situation particulière » est saisi, alors seule la valeur « Période de disponibilité donnant droit à avancement » peut être sélectionnée. | BN54: POS_C_004 | BO54: =VLOOKUP(BN54,'Axe 2 Règles de gestion'!$D$2:$F$408,3, FALSE) -> La date de début de position doit être antérieure ou égale à la date de fin prévisionnelle de position. | BP54: POS_C_005 | BQ54: =VLOOKUP(BP54,'Axe 2 Règles de gestion'!$D$2:$F$408,3, FALSE) -> La date de début de la position doit être postérieure ou égale à la date d'entrée dans la FPE ou dans la carrière militaire. | BR54: POS_C_007 | BS54: =VLOOKUP(BR54,'Axe 2 Règles de gestion'!$D$2:$F$408,3, FALSE) -> La date de fin réelle de la position doit être antérieure à la date limite de départ à la retraite. | BT54: POS_C_010 | BU54: =VLOOKUP(BT54,'Axe 2 Règles de gestion'!$D$2:$F$408,3, FALSE) -> La date de début de position doit être antérieure ou égale à la date de fin réelle de position. | BV54: POS_C_012 | BW54: =VLOOKUP(BV54,'Axe 2 Règles de gestion'!$D$2:$F$408,3, FALSE) -> La date de fin prévisionnelle de la position doit être antérieure à la date limite de départ à la retraite. | BX54: POS_C_022 | BY54: =VLOOKUP(BX54,'Axe 2 Règles de gestion'!$D$2:$F$408,3, FALSE) -> La date de début de position est à J+1 de la date de fin de position de l'occurrence précédente. | BZ54: POS_C_050 | CA54: =VLOOKUP(BZ54,'Axe 2 Règles de gestion'!$D$2:$F$408,3, FALSE) -> Le lien vers l'enfant doit être renseigné. | CB54: POS_C_055 | CC54: =VLOOKUP(CB54,'Axe 2 Règles de gestion'!$D$2:$F$408,3, FALSE) -> La date de fin réelle de la position doit être antérieure ou égale à la date de décès de l'enfant. | CD54: POS_C_056 | CE54: =VLOOKUP(CD54,'Axe 2 Règles de gestion'!$D$2:$F$408,3, FALSE) -> La date de fin prévisionnelle de la position doit être antérieure ou égale à la date de décès de l'enfant. | CF54: POS_C_111 | CG54: =VLOOKUP(CF54,'Axe 2 Règles de gestion'!$D$2:$F$408,3, FALSE) -> La date de fin ou la date de fin prévisionnelle doit être saisie. | CH54: POS_C_120 | CI54: =VLOOKUP(CH54,'Axe 2 Règles de gestion'!$D$2:$F$408,3, FALSE) -> La saisie d'une occurrence de congés/absences est interdite (date de fin réelle) | CJ54: POS_C_121 | CK54: =VLOOKUP(CJ54,'Axe 2 Règles de gestion'!$D$2:$F$408,3, FALSE) -> La saisie d'une occurrence de congés/absences est interdite (date de fin prévisionnelle)
A55: 20.10.00 | B55: M | C55: 43152.5 | D55: D0004 | E55: Position | F55: S0012 | G55: Disponibilité | H55: E0163 | I55: Disponibilité sur demande pour donner des soins à un enfant suite à accident/maladie grave | J55: Position saisie égale à 'Disponibilité sur demande pour donner des soins à un enfant suite à accident/maladie grave' ET Indicateur de maintien saisi = Non | K55: A_POS_POSIAD [Saisi] = 'DSP38' ET A_POS_INDMAI [Saisi] = '0' | L55: T0479 | M55: Disponibilité sur demande pour donner des soins à un enfant suite à accident/maladie grave - Réintégration | N55: Modification | O55: Indicateur de renouvellement saisi identique à Indicateur de renouvellement avant saisi ET Indicateur de maintien saisi identique à Indicateur de maintien avant saisi | P55: A_POS_INDREN [Saisi] = A_POS_INDREN [Valeur avant saisie] ET A_POS_INDMAI [Saisi] = A_POS_INDMAI [Valeur avant saisie] | Q55: Magistrat de l'ordre judiciaire | R55: P0007 | S55: Particulier | T55: Passant | U55: 40725 | V55: 43349 | W55: DIS_I_077 ET DIS_I_078 ET DIS_I_079 ET DIS_D_301 ET DIS_D_429 ET DIS_D_298 ET POS_C_004 ET POS_C_007 ET POS_C_010 ET POS_C_012 ET POS_C_050 ET POS_C_055 ET POS_C_056 ET POS_C_111 | X55: DIS_I_077 | Y55: =VLOOKUP(X55,'Axe 2 Règles de gestion'!$D$2:$F$408,3, FALSE) -> L'agent doit informer son administration d'origine de sa décision de solliciter le renouvellement de sa disponibilité ou de réintégrer son corps d'origine 3 mois au moins avant l'expiration de la disponibilité. | Z55: DIS_I_078 | AA55: =VLOOKUP(Z55,'Axe 2 Règles de gestion'!$D$2:$F$408,3, FALSE) -> La réintégration est subordonnée à la vérification par un médecin agréé et, éventuellement, par le comité médical compétent, de l'aptitude physique de l'agent à l'exercice des fonctions afférentes à son grade. | AB55: DIS_I_079 | AC55: =VLOOKUP(AB55,'Axe 2 Règles de gestion'!$D$2:$F$408,3, FALSE) -> Si l'agent ne présente pas l'aptitude physique requise pour l'exercice de ses fonctions, il peut être soit reclassé dans un autre emploi, soit mis en disponibilité d'office, soit radié des cadres. | AP55: DIS_D_301 | AQ55: =VLOOKUP(AP55,'Axe 2 Règles de gestion'!$D$2:$F$408,3, FALSE) -> La durée prévisionnelle de la disponibilité ne peut pas excéder 3 ans pour chaque période. | AR55: DIS_D_429 | AS55: =VLOOKUP(AR55,'Axe 2 Règles de gestion'!$D$2:$F$408,3, FALSE) -> La durée réelle de la disponibilité ne peut pas excéder 3 ans pour chaque période. | AT55: DIS_D_298 | AU55: =VLOOKUP(AT55,'Axe 2 Règles de gestion'!$D$2:$F$408,3, FALSE) -> L'agent doit avoir un enfant lié à cette position. | BN55: POS_C_004 | BO55: =VLOOKUP(BN55,'Axe 2 Règles de gestion'!$D$2:$F$408,3, FALSE) -> La date de début de position doit être antérieure ou égale à la date de fin prévisionnelle de position. | BP55: POS_C_007 | BQ55: =VLOOKUP(BP55,'Axe 2 Règles de gestion'!$D$2:$F$408,3, FALSE) -> La date de fin réelle de la position doit être antérieure à la date limite de départ à la retraite. | BR55: POS_C_010 | BS55: =VLOOKUP(BR55,'Axe 2 Règles de gestion'!$D$2:$F$408,3, FALSE) -> La date de début de position doit être antérieure ou égale à la date de fin réelle de position. | BT55: POS_C_012 | BU55: =VLOOKUP(BT55,'Axe 2 Règles de gestion'!$D$2:$F$408,3, FALSE) -> La date de fin prévisionnelle de la position doit être antérieure à la date limite de départ à la retraite. | BV55: POS_C_050 | BW55: =VLOOKUP(BV55,'Axe 2 Règles de gestion'!$D$2:$F$408,3, FALSE) -> Le lien vers l'enfant doit être renseigné. | BX55: POS_C_055 | BY55: =VLOOKUP(BX55,'Axe 2 Règles de gestion'!$D$2:$F$408,3, FALSE) -> La date de fin réelle de la position doit être antérieure ou égale à la date de décès de l'enfant. | BZ55: POS_C_056 | CA55: =VLOOKUP(BZ55,'Axe 2 Règles de gestion'!$D$2:$F$408,3, FALSE) -> La date de fin prévisionnelle de la position doit être antérieure ou égale à la date de décès de l'enfant. | CB55: POS_C_111 | CC55: =VLOOKUP(CB55,'Axe 2 Règles de gestion'!$D$2:$F$408,3, FALSE) -> La date de fin ou la date de fin prévisionnelle doit être saisie.
A56: 22.00.00 | B56: M | C56: 44713.819 | D56: D0004 | E56: Position | F56: S0012 | G56: Disponibilité | H56: E0163 | I56: Disponibilité sur demande pour donner des soins à un enfant suite à accident/maladie grave | J56: Position saisie égale à 'Disponibilité sur demande pour donner des soins à un enfant suite à accident/maladie grave' ET Indicateur de maintien saisi = Non | K56: A_POS_POSIAD [Saisi] = 'DSP38' ET A_POS_INDMAI [Saisi] = '0' | L56: T0479 | M56: Disponibilité sur demande pour donner des soins à un enfant suite à accident/maladie grave - Réintégration | N56: Modification | O56: Indicateur de renouvellement saisi identique à Indicateur de renouvellement avant saisi ET Indicateur de maintien saisi identique à Indicateur de maintien avant saisi | P56: A_POS_INDREN [Saisi] = A_POS_INDREN [Valeur avant saisie] ET A_POS_INDMAI [Saisi] = A_POS_INDMAI [Valeur avant saisie] | Q56: Magistrat de l'ordre judiciaire | R56: P0007 | S56: Particulier | T56: Passant | U56: 43350 | V56: 44633 | W56: DIS_I_077 ET DIS_I_078 ET DIS_I_079 ET DIS_D_301 ET DIS_D_429 ET DIS_D_298 ET DIS_D_614 ET DIS_D_617 ET POS_C_004 ET POS_C_007 ET POS_C_010 ET POS_C_012 ET POS_C_050 ET POS_C_055 ET POS_C_056 ET POS_C_111 ET POS_C_120 ET POS_C_121 | X56: DIS_I_077 | Y56: =VLOOKUP(X56,'Axe 2 Règles de gestion'!$D$2:$F$408,3, FALSE) -> L'agent doit informer son administration d'origine de sa décision de solliciter le renouvellement de sa disponibilité ou de réintégrer son corps d'origine 3 mois au moins avant l'expiration de la disponibilité. | Z56: DIS_I_078 | AA56: =VLOOKUP(Z56,'Axe 2 Règles de gestion'!$D$2:$F$408,3, FALSE) -> La réintégration est subordonnée à la vérification par un médecin agréé et, éventuellement, par le comité médical compétent, de l'aptitude physique de l'agent à l'exercice des fonctions afférentes à son grade. | AB56: DIS_I_079 | AC56: =VLOOKUP(AB56,'Axe 2 Règles de gestion'!$D$2:$F$408,3, FALSE) -> Si l'agent ne présente pas l'aptitude physique requise pour l'exercice de ses fonctions, il peut être soit reclassé dans un autre emploi, soit mis en disponibilité d'office, soit radié des cadres. | AP56: DIS_D_301 | AQ56: =VLOOKUP(AP56,'Axe 2 Règles de gestion'!$D$2:$F$408,3, FALSE) -> La durée prévisionnelle de la disponibilité ne peut pas excéder 3 ans pour chaque période. | AR56: DIS_D_429 | AS56: =VLOOKUP(AR56,'Axe 2 Règles de gestion'!$D$2:$F$408,3, FALSE) -> La durée réelle de la disponibilité ne peut pas excéder 3 ans pour chaque période. | AT56: DIS_D_298 | AU56: =VLOOKUP(AT56,'Axe 2 Règles de gestion'!$D$2:$F$408,3, FALSE) -> L'agent doit avoir un enfant lié à cette position. | AV56: DIS_D_614 | AW56: =VLOOKUP(AV56,'Axe 2 Règles de gestion'!$D$2:$F$408,3, FALSE) -> L'agent a épuisé ses droits à ancienneté relatifs à la disponibilité. En effet, l'agent qui exerce une activité professionnelle durant la période de disponibilité conserve ses droits à l'avancement d'échelon et de grade dans la limite de 5 ans sur l'ensemble de sa carrière. | AX56: DIS_D_617 | AY56: =VLOOKUP(AX56,'Axe 2 Règles de gestion'!$D$2:$F$408,3, FALSE) -> Si le champ « Situation particulière » est saisi, alors seule la valeur « Période de disponibilité donnant droit à avancement » peut être sélectionnée. | BN56: POS_C_004 | BO56: =VLOOKUP(BN56,'Axe 2 Règles de gestion'!$D$2:$F$408,3, FALSE) -> La date de début de position doit être antérieure ou égale à la date de fin prévisionnelle de position. | BP56: POS_C_007 | BQ56: =VLOOKUP(BP56,'Axe 2 Règles de gestion'!$D$2:$F$408,3, FALSE) -> La date de fin réelle de la position doit être antérieure à la date limite de départ à la retraite. | BR56: POS_C_010 | BS56: =VLOOKUP(BR56,'Axe 2 Règles de gestion'!$D$2:$F$408,3, FALSE) -> La date de début de position doit être antérieure ou égale à la date de fin réelle de position. | BT56: POS_C_012 | BU56: =VLOOKUP(BT56,'Axe 2 Règles de gestion'!$D$2:$F$408,3, FALSE) -> La date de fin prévisionnelle de la position doit être antérieure à la date limite de départ à la retraite. | BV56: POS_C_050 | BW56: =VLOOKUP(BV56,'Axe 2 Règles de gestion'!$D$2:$F$408,3, FALSE) -> Le lien vers l'enfant doit être renseigné. | BX56: POS_C_055 | BY56: =VLOOKUP(BX56,'Axe 2 Règles de gestion'!$D$2:$F$408,3, FALSE) -> La date de fin réelle de la position doit être antérieure ou égale à la date de décès de l'enfant. | BZ56: POS_C_056 | CA56: =VLOOKUP(BZ56,'Axe 2 Règles de gestion'!$D$2:$F$408,3, FALSE) -> La date de fin prévisionnelle de la position doit être antérieure ou égale à la date de décès de l'enfant. | CB56: POS_C_111 | CC56: =VLOOKUP(CB56,'Axe 2 Règles de gestion'!$D$2:$F$408,3, FALSE) -> La date de fin ou la date de fin prévisionnelle doit être saisie. | CD56: POS_C_120 | CE56: =VLOOKUP(CD56,'Axe 2 Règles de gestion'!$D$2:$F$408,3, FALSE) -> La saisie d'une occurrence de congés/absences est interdite (date de fin réelle) | CF56: POS_C_121 | CG56: =VLOOKUP(CF56,'Axe 2 Règles de gestion'!$D$2:$F$408,3, FALSE) -> La saisie d'une occurrence de congés/absences est interdite (date de fin prévisionnelle)
A57: 22.00.00 | B57: A | C57: 44713.82 | D57: D0004 | E57: Position | F57: S0012 | G57: Disponibilité | H57: E0163 | I57: Disponibilité sur demande pour donner des soins à un enfant suite à accident/maladie grave | J57: Position saisie égale à 'Disponibilité sur demande pour donner des soins à un enfant suite à accident/maladie grave' ET Indicateur de maintien saisi = Non | K57: A_POS_POSIAD [Saisi] = 'DSP38' ET A_POS_INDMAI [Saisi] = '0' | L57: T0479 | M57: Disponibilité sur demande pour donner des soins à un enfant suite à accident/maladie grave - Réintégration | N57: Modification | O57: Indicateur de renouvellement saisi identique à Indicateur de renouvellement avant saisi ET Indicateur de maintien saisi identique à Indicateur de maintien avant saisi | P57: A_POS_INDREN [Saisi] = A_POS_INDREN [Valeur avant saisie] ET A_POS_INDMAI [Saisi] = A_POS_INDMAI [Valeur avant saisie] | Q57: Magistrat de l'ordre judiciaire | R57: P0007 | S57: Particulier | T57: Passant | U57: 44634 | W57: DIS_I_077 ET DIS_I_151 ET DIS_I_079 ET DIS_D_301 ET DIS_D_429 ET DIS_D_298 ET DIS_D_614 ET DIS_D_617 ET POS_C_004 ET POS_C_007 ET POS_C_010 ET POS_C_012 ET POS_C_050 ET POS_C_055 ET POS_C_056 ET POS_C_111 ET POS_C_120 ET POS_C_121 | X57: DIS_I_077 | Y57: =VLOOKUP(X57,'Axe 2 Règles de gestion'!$D$2:$F$408,3, FALSE) -> L'agent doit informer son administration d'origine de sa décision de solliciter le renouvellement de sa disponibilité ou de réintégrer son corps d'origine 3 mois au moins avant l'expiration de la disponibilité. | Z57: DIS_I_151 | AA57: =VLOOKUP(Z57,'Axe 2 Règles de gestion'!$D$2:$F$408,3, FALSE) -> Lorsque les fonctions requièrent des conditions de santé particulières, la réintégration est subordonnée à la vérification par un médecin agréé et, éventuellement, par le conseil médical compétent. | AB57: DIS_I_079 | AC57: =VLOOKUP(AB57,'Axe 2 Règles de gestion'!$D$2:$F$408,3, FALSE) -> Si l'agent ne présente pas l'aptitude physique requise pour l'exercice de ses fonctions, il peut être soit reclassé dans un autre emploi, soit mis en disponibilité d'office, soit radié des cadres. | AP57: DIS_D_301 | AQ57: =VLOOKUP(AP57,'Axe 2 Règles de gestion'!$D$2:$F$408,3, FALSE) -> La durée prévisionnelle de la disponibilité ne peut pas excéder 3 ans pour chaque période. | AR57: DIS_D_429 | AS57: =VLOOKUP(AR57,'Axe 2 Règles de gestion'!$D$2:$F$408,3, FALSE) -> La durée réelle de la disponibilité ne peut pas excéder 3 ans pour chaque période. | AT57: DIS_D_298 | AU57: =VLOOKUP(AT57,'Axe 2 Règles de gestion'!$D$2:$F$408,3, FALSE) -> L'agent doit avoir un enfant lié à cette position. | AV57: DIS_D_614 | AW57: =VLOOKUP(AV57,'Axe 2 Règles de gestion'!$D$2:$F$408,3, FALSE) -> L'agent a épuisé ses droits à ancienneté relatifs à la disponibilité. En effet, l'agent qui exerce une activité professionnelle durant la période de disponibilité conserve ses droits à l'avancement d'échelon et de grade dans la limite de 5 ans sur l'ensemble de sa carrière. | AX57: DIS_D_617 | AY57: =VLOOKUP(AX57,'Axe 2 Règles de gestion'!$D$2:$F$408,3, FALSE) -> Si le champ « Situation particulière » est saisi, alors seule la valeur « Période de disponibilité donnant droit à avancement » peut être sélectionnée. | BN57: POS_C_004 | BO57: =VLOOKUP(BN57,'Axe 2 Règles de gestion'!$D$2:$F$408,3, FALSE) -> La date de début de position doit être antérieure ou égale à la date de fin prévisionnelle de position. | BP57: POS_C_007 | BQ57: =VLOOKUP(BP57,'Axe 2 Règles de gestion'!$D$2:$F$408,3, FALSE) -> La date de fin réelle de la position doit être antérieure à la date limite de départ à la retraite. | BR57: POS_C_010 | BS57: =VLOOKUP(BR57,'Axe 2 Règles de gestion'!$D$2:$F$408,3, FALSE) -> La date de début de position doit être antérieure ou égale à la date de fin réelle de position. | BT57: POS_C_012 | BU57: =VLOOKUP(BT57,'Axe 2 Règles de gestion'!$D$2:$F$408,3, FALSE) -> La date de fin prévisionnelle de la position doit être antérieure à la date limite de départ à la retraite. | BV57: POS_C_050 | BW57: =VLOOKUP(BV57,'Axe 2 Règles de gestion'!$D$2:$F$408,3, FALSE) -> Le lien vers l'enfant doit être renseigné. | BX57: POS_C_055 | BY57: =VLOOKUP(BX57,'Axe 2 Règles de gestion'!$D$2:$F$408,3, FALSE) -> La date de fin réelle de la position doit être antérieure ou égale à la date de décès de l'enfant. | BZ57: POS_C_056 | CA57: =VLOOKUP(BZ57,'Axe 2 Règles de gestion'!$D$2:$F$408,3, FALSE) -> La date de fin prévisionnelle de la position doit être antérieure ou égale à la date de décès de l'enfant. | CB57: POS_C_111 | CC57: =VLOOKUP(CB57,'Axe 2 Règles de gestion'!$D$2:$F$408,3, FALSE) -> La date de fin ou la date de fin prévisionnelle doit être saisie. | CD57: POS_C_120 | CE57: =VLOOKUP(CD57,'Axe 2 Règles de gestion'!$D$2:$F$408,3, FALSE) -> La saisie d'une occurrence de congés/absences est interdite (date de fin réelle) | CF57: POS_C_121 | CG57: =VLOOKUP(CF57,'Axe 2 Règles de gestion'!$D$2:$F$408,3, FALSE) -> La saisie d'une occurrence de congés/absences est interdite (date de fin prévisionnelle)
A58: 21.00.00 | B58: M | C58: 44357.375 | D58: D0004 | E58: Position | F58: S0012 | G58: Disponibilité | H58: E0163 | I58: Disponibilité sur demande pour donner des soins à un enfant suite à accident/maladie grave | J58: Position saisie égale à 'Disponibilité sur demande pour donner des soins à un enfant suite à accident/maladie grave' ET Indicateur de maintien saisi = Non | K58: A_POS_POSIAD [Saisi] = 'DSP38' ET A_POS_INDMAI [Saisi] = '0' | L58: T0477 | M58: Disponibilité sur demande pour donner des soins à un enfant suite à accident/maladie grave - Demande | N58: Création Modification | O58: Indicateur de renouvellement saisi = Non ET (Indicateur de renouvellement saisi différent d'Indicateur de renouvellement avant saisi OU Indicateur de maintien saisi différent de Indicateur de maintien avant saisi) | P58: A_POS_INDREN [Saisi] = '0' ET (A_POS_INDREN [Saisi] <> A_POS_INDREN [Valeur avant saisie] OU A_POS_INDMAI [Saisi] <> A_POS_INDMAI [Valeur avant saisie]) | Q58: Enseignant contractuel de l'enseignement agricole privé sous contrat définitif - Agriculture | R58: P0079 | S58: Particulier | T58: Passant | U58: 43882 | W58: DIS_I_116 ET DIS_I_117 ET DIS_D_619 ET DIS_D_634 ET DIS_D_632 ET DIS_D_630 ET POS_C_004 ET POS_C_005 ET POS_C_007 ET POS_C_010 ET POS_C_012 ET POS_C_022 ET POS_C_050 ET POS_C_055 ET POS_C_056 ET POS_C_111 ET POS_C_120 ET POS_C_121 | X58: DIS_I_116 | Y58: =VLOOKUP(X58,'Axe 2 Règles de gestion'!$D$2:$F$408,3, FALSE) -> L'agent doit effectuer une demande. | Z58: DIS_I_117 | AA58: =VLOOKUP(Z58,'Axe 2 Règles de gestion'!$D$2:$F$408,3, FALSE) -> La demande est accordée de droit. | AP58: DIS_D_619 | AQ58: =VLOOKUP(AP58,'Axe 2 Règles de gestion'!$D$2:$F$408,3, FALSE) -> La durée prévisionnelle de la disponibilité ne peut pas excéder 3 ans pour chaque période. | AR58: DIS_D_634 | AS58: =VLOOKUP(AR58,'Axe 2 Règles de gestion'!$D$2:$F$408,3, FALSE) -> La durée réelle de la disponibilité ne peut pas excéder 3 ans pour chaque période. | AT58: DIS_D_632 | AU58: =VLOOKUP(AT58,'Axe 2 Règles de gestion'!$D$2:$F$408,3, FALSE) -> L'agent doit être en activité. | AV58: DIS_D_630 | AW58: =VLOOKUP(AV58,'Axe 2 Règles de gestion'!$D$2:$F$408,3, FALSE) -> L'agent doit avoir un enfant lié à cette position. | BN58: POS_C_004 | BO58: =VLOOKUP(BN58,'Axe 2 Règles de gestion'!$D$2:$F$408,3, FALSE) -> La date de début de position doit être antérieure ou égale à la date de fin prévisionnelle de position. | BP58: POS_C_005 | BQ58: =VLOOKUP(BP58,'Axe 2 Règles de gestion'!$D$2:$F$408,3, FALSE) -> La date de début de la position doit être postérieure ou égale à la date d'entrée dans la FPE ou dans la carrière militaire. | BR58: POS_C_007 | BS58: =VLOOKUP(BR58,'Axe 2 Règles de gestion'!$D$2:$F$408,3, FALSE) -> La date de fin réelle de la position doit être antérieure à la date limite de départ à la retraite. | BT58: POS_C_010 | BU58: =VLOOKUP(BT58,'Axe 2 Règles de gestion'!$D$2:$F$408,3, FALSE) -> La date de début de position doit être antérieure ou égale à la date de fin réelle de position. | BV58: POS_C_012 | BW58: =VLOOKUP(BV58,'Axe 2 Règles de gestion'!$D$2:$F$408,3, FALSE) -> La date de fin prévisionnelle de la position doit être antérieure à la date limite de départ à la retraite. | BX58: POS_C_022 | BY58: =VLOOKUP(BX58,'Axe 2 Règles de gestion'!$D$2:$F$408,3, FALSE) -> La date de début de position est à J+1 de la date de fin de position de l'occurrence précédente. | BZ58: POS_C_050 | CA58: =VLOOKUP(BZ58,'Axe 2 Règles de gestion'!$D$2:$F$408,3, FALSE) -> Le lien vers l'enfant doit être renseigné. | CB58: POS_C_055 | CC58: =VLOOKUP(CB58,'Axe 2 Règles de gestion'!$D$2:$F$408,3, FALSE) -> La date de fin réelle de la position doit être antérieure ou égale à la date de décès de l'enfant. | CD58: POS_C_056 | CE58: =VLOOKUP(CD58,'Axe 2 Règles de gestion'!$D$2:$F$408,3, FALSE) -> La date de fin prévisionnelle de la position doit être antérieure ou égale à la date de décès de l'enfant. | CF58: POS_C_111 | CG58: =VLOOKUP(CF58,'Axe 2 Règles de gestion'!$D$2:$F$408,3, FALSE) -> La date de fin ou la date de fin prévisionnelle doit être saisie. | CH58: POS_C_120 | CI58: =VLOOKUP(CH58,'Axe 2 Règles de gestion'!$D$2:$F$408,3, FALSE) -> La saisie d'une occurrence de congés/absences est interdite (date de fin réelle) | CJ58: POS_C_121 | CK58: =VLOOKUP(CJ58,'Axe 2 Règles de gestion'!$D$2:$F$408,3, FALSE) -> La saisie d'une occurrence de congés/absences est interdite (date de fin prévisionnelle)
A59: 21.00.00 | B59: M | C59: 44357.375 | D59: D0004 | E59: Position | F59: S0012 | G59: Disponibilité | H59: E0163 | I59: Disponibilité sur demande pour donner des soins à un enfant suite à accident/maladie grave | J59: Position saisie égale à 'Disponibilité sur demande pour donner des soins à un enfant suite à accident/maladie grave' ET Indicateur de maintien saisi = Non | K59: A_POS_POSIAD [Saisi] = 'DSP38' ET A_POS_INDMAI [Saisi] = '0' | L59: T0478 | M59: Disponibilité sur demande pour donner des soins à un enfant suite à accident/maladie grave - Renouvellement | N59: Création Modification | O59: Indicateur de renouvellement saisi = Oui ET (Indicateur de renouvellement saisi différent d'Indicateur de renouvellement avant saisi OU Indicateur de maintien saisi différent de Indicateur de maintien avant saisi) | P59: A_POS_INDREN [Saisi] = '1' ET (A_POS_INDREN [Saisi] <> A_POS_INDREN [Valeur avant saisie] OU A_POS_INDMAI [Saisi] <> A_POS_INDMAI [Valeur avant saisie]) | Q59: Enseignant contractuel de l'enseignement agricole privé sous contrat définitif - Agriculture | R59: P0079 | S59: Particulier | T59: Passant | U59: 43882 | W59: DIS_I_127 ET DIS_D_619 ET DIS_D_634 ET DIS_D_630 ET POS_C_004 ET POS_C_005 ET POS_C_007 ET POS_C_010 ET POS_C_012 ET POS_C_022 ET POS_C_050 ET POS_C_055 ET POS_C_056 ET POS_C_111 ET POS_C_120 ET POS_C_121 | X59: DIS_I_127 | Y59: =VLOOKUP(X59,'Axe 2 Règles de gestion'!$D$2:$F$408,3, FALSE) -> L'agent doit informer son administration d'origine de sa décision de solliciter le renouvellement de sa disponibilité ou de réintégrer son emploi d'origine 3 mois au moins avant l'expiration de la disponibilité. | AP59: DIS_D_619 | AQ59: =VLOOKUP(AP59,'Axe 2 Règles de gestion'!$D$2:$F$408,3, FALSE) -> La durée prévisionnelle de la disponibilité ne peut pas excéder 3 ans pour chaque période. | AR59: DIS_D_634 | AS59: =VLOOKUP(AR59,'Axe 2 Règles de gestion'!$D$2:$F$408,3, FALSE) -> La durée réelle de la disponibilité ne peut pas excéder 3 ans pour chaque période. | AT59: DIS_D_630 | AU59: =VLOOKUP(AT59,'Axe 2 Règles de gestion'!$D$2:$F$408,3, FALSE) -> L'agent doit avoir un enfant lié à cette position. | BN59: POS_C_004 | BO59: =VLOOKUP(BN59,'Axe 2 Règles de gestion'!$D$2:$F$408,3, FALSE) -> La date de début de position doit être antérieure ou égale à la date de fin prévisionnelle de position. | BP59: POS_C_005 | BQ59: =VLOOKUP(BP59,'Axe 2 Règles de gestion'!$D$2:$F$408,3, FALSE) -> La date de début de la position doit être postérieure ou égale à la date d'entrée dans la FPE ou dans la carrière militaire. | BR59: POS_C_007 | BS59: =VLOOKUP(BR59,'Axe 2 Règles de gestion'!$D$2:$F$408,3, FALSE) -> La date de fin réelle de la position doit être antérieure à la date limite de départ à la retraite. | BT59: POS_C_010 | BU59: =VLOOKUP(BT59,'Axe 2 Règles de gestion'!$D$2:$F$408,3, FALSE) -> La date de début de position doit être antérieure ou égale à la date de fin réelle de position. | BV59: POS_C_012 | BW59: =VLOOKUP(BV59,'Axe 2 Règles de gestion'!$D$2:$F$408,3, FALSE) -> La date de fin prévisionnelle de la position doit être antérieure à la date limite de départ à la retraite. | BX59: POS_C_022 | BY59: =VLOOKUP(BX59,'Axe 2 Règles de gestion'!$D$2:$F$408,3, FALSE) -> La date de début de position est à J+1 de la date de fin de position de l'occurrence précédente. | BZ59: POS_C_050 | CA59: =VLOOKUP(BZ59,'Axe 2 Règles de gestion'!$D$2:$F$408,3, FALSE) -> Le lien vers l'enfant doit être renseigné. | CB59: POS_C_055 | CC59: =VLOOKUP(CB59,'Axe 2 Règles de gestion'!$D$2:$F$408,3, FALSE) -> La date de fin réelle de la position doit être antérieure ou égale à la date de décès de l'enfant. | CD59: POS_C_056 | CE59: =VLOOKUP(CD59,'Axe 2 Règles de gestion'!$D$2:$F$408,3, FALSE) -> La date de fin prévisionnelle de la position doit être antérieure ou égale à la date de décès de l'enfant. | CF59: POS_C_111 | CG59: =VLOOKUP(CF59,'Axe 2 Règles de gestion'!$D$2:$F$408,3, FALSE) -> La date de fin ou la date de fin prévisionnelle doit être saisie. | CH59: POS_C_120 | CI59: =VLOOKUP(CH59,'Axe 2 Règles de gestion'!$D$2:$F$408,3, FALSE) -> La saisie d'une occurrence de congés/absences est interdite (date de fin réelle) | CJ59: POS_C_121 | CK59: =VLOOKUP(CJ59,'Axe 2 Règles de gestion'!$D$2:$F$408,3, FALSE) -> La saisie d'une occurrence de congés/absences est interdite (date de fin prévisionnelle)
A60: 22.00.00 | B60: M | C60: 44713.821 | D60: D0004 | E60: Position | F60: S0012 | G60: Disponibilité | H60: E0163 | I60: Disponibilité sur demande pour donner des soins à un enfant suite à accident/maladie grave | J60: Position saisie égale à 'Disponibilité sur demande pour donner des soins à un enfant suite à accident/maladie grave' ET Indicateur de maintien saisi = Non | K60: A_POS_POSIAD [Saisi] = 'DSP38' ET A_POS_INDMAI [Saisi] = '0' | L60: T0479 | M60: Disponibilité sur demande pour donner des soins à un enfant suite à accident/maladie grave - Réintégration | N60: Modification | O60: Indicateur de renouvellement saisi identique à Indicateur de renouvellement avant saisi ET Indicateur de maintien saisi identique à Indicateur de maintien avant saisi | P60: A_POS_INDREN [Saisi] = A_POS_INDREN [Valeur avant saisie] ET A_POS_INDMAI [Saisi] = A_POS_INDMAI [Valeur avant saisie] | Q60: Enseignant contractuel de l'enseignement agricole privé sous contrat définitif - Agriculture | R60: P0079 | S60: Particulier | T60: Passant | U60: 43882 | V60: 44633 | W60: DIS_I_127 ET DIS_I_129 ET DIS_I_130 ET DIS_D_619 ET DIS_D_634 ET DIS_D_630 ET POS_C_004 ET POS_C_007 ET POS_C_010 ET POS_C_012 ET POS_C_050 ET POS_C_055 ET POS_C_056 ET POS_C_111 ET POS_C_120 ET POS_C_121 | X60: DIS_I_127 | Y60: =VLOOKUP(X60,'Axe 2 Règles de gestion'!$D$2:$F$408,3, FALSE) -> L'agent doit informer son administration d'origine de sa décision de solliciter le renouvellement de sa disponibilité ou de réintégrer son emploi d'origine 3 mois au moins avant l'expiration de la disponibilité. | Z60: DIS_I_129 | AA60: =VLOOKUP(Z60,'Axe 2 Règles de gestion'!$D$2:$F$408,3, FALSE) -> La réintégration est subordonnée à la vérification par un médecin agréé et, éventuellement, par le comité médical compétent, de l'aptitude physique de l'agent à l'exercice des fonctions afférentes à son emploi. | AB60: DIS_I_130 | AC60: =VLOOKUP(AB60,'Axe 2 Règles de gestion'!$D$2:$F$408,3, FALSE) -> Si l'agent ne présente pas l'aptitude physique requise pour l'exercice de ses fonctions, il peut être soit reclassé dans un autre emploi, soit mis en disponibilité d'office, soit radié des effectifs. | AP60: DIS_D_619 | AQ60: =VLOOKUP(AP60,'Axe 2 Règles de gestion'!$D$2:$F$408,3, FALSE) -> La durée prévisionnelle de la disponibilité ne peut pas excéder 3 ans pour chaque période. | AR60: DIS_D_634 | AS60: =VLOOKUP(AR60,'Axe 2 Règles de gestion'!$D$2:$F$408,3, FALSE) -> La durée réelle de la disponibilité ne peut pas excéder 3 ans pour chaque période. | AT60: DIS_D_630 | AU60: =VLOOKUP(AT60,'Axe 2 Règles de gestion'!$D$2:$F$408,3, FALSE) -> L'agent doit avoir un enfant lié à cette position. | BN60: POS_C_004 | BO60: =VLOOKUP(BN60,'Axe 2 Règles de gestion'!$D$2:$F$408,3, FALSE) -> La date de début de position doit être antérieure ou égale à la date de fin prévisionnelle de position. | BP60: POS_C_007 | BQ60: =VLOOKUP(BP60,'Axe 2 Règles de gestion'!$D$2:$F$408,3, FALSE) -> La date de fin réelle de la position doit être antérieure à la date limite de départ à la retraite. | BR60: POS_C_010 | BS60: =VLOOKUP(BR60,'Axe 2 Règles de gestion'!$D$2:$F$408,3, FALSE) -> La date de début de position doit être antérieure ou égale à la date de fin réelle de position. | BT60: POS_C_012 | BU60: =VLOOKUP(BT60,'Axe 2 Règles de gestion'!$D$2:$F$408,3, FALSE) -> La date de fin prévisionnelle de la position doit être antérieure à la date limite de départ à la retraite. | BV60: POS_C_050 | BW60: =VLOOKUP(BV60,'Axe 2 Règles de gestion'!$D$2:$F$408,3, FALSE) -> Le lien vers l'enfant doit être renseigné. | BX60: POS_C_055 | BY60: =VLOOKUP(BX60,'Axe 2 Règles de gestion'!$D$2:$F$408,3, FALSE) -> La date de fin réelle de la position doit être antérieure ou égale à la date de décès de l'enfant. | BZ60: POS_C_056 | CA60: =VLOOKUP(BZ60,'Axe 2 Règles de gestion'!$D$2:$F$408,3, FALSE) -> La date de fin prévisionnelle de la position doit être antérieure ou égale à la date de décès de l'enfant. | CB60: POS_C_111 | CC60: =VLOOKUP(CB60,'Axe 2 Règles de gestion'!$D$2:$F$408,3, FALSE) -> La date de fin ou la date de fin prévisionnelle doit être saisie. | CD60: POS_C_120 | CE60: =VLOOKUP(CD60,'Axe 2 Règles de gestion'!$D$2:$F$408,3, FALSE) -> La saisie d'une occurrence de congés/absences est interdite (date de fin réelle) | CF60: POS_C_121 | CG60: =VLOOKUP(CF60,'Axe 2 Règles de gestion'!$D$2:$F$408,3, FALSE) -> La saisie d'une occurrence de congés/absences est interdite (date de fin prévisionnelle)
A61: 22.00.00 | B61: A | C61: 44713.821 | D61: D0004 | E61: Position | F61: S0012 | G61: Disponibilité | H61: E0163 | I61: Disponibilité sur demande pour donner des soins à un enfant suite à accident/maladie grave | J61: Position saisie égale à 'Disponibilité sur demande pour donner des soins à un enfant suite à accident/maladie grave' ET Indicateur de maintien saisi = Non | K61: A_POS_POSIAD [Saisi] = 'DSP38' ET A_POS_INDMAI [Saisi] = '0' | L61: T0479 | M61: Disponibilité sur demande pour donner des soins à un enfant suite à accident/maladie grave - Réintégration | N61: Modification | O61: Indicateur de renouvellement saisi identique à Indicateur de renouvellement avant saisi ET Indicateur de maintien saisi identique à Indicateur de maintien avant saisi | P61: A_POS_INDREN [Saisi] = A_POS_INDREN [Valeur avant saisie] ET A_POS_INDMAI [Saisi] = A_POS_INDMAI [Valeur avant saisie] | Q61: Enseignant contractuel de l'enseignement agricole privé sous contrat définitif - Agriculture | R61: P0079 | S61: Particulier | T61: Passant | U61: 44634 | W61: DIS_I_127 ET DIS_I_150 ET DIS_I_130 ET DIS_D_619 ET DIS_D_634 ET DIS_D_630 ET POS_C_004 ET POS_C_007 ET POS_C_010 ET POS_C_012 ET POS_C_050 ET POS_C_055 ET POS_C_056 ET POS_C_111 ET POS_C_120 ET POS_C_121 | X61: DIS_I_127 | Y61: =VLOOKUP(X61,'Axe 2 Règles de gestion'!$D$2:$F$408,3, FALSE) -> L'agent doit informer son administration d'origine de sa décision de solliciter le renouvellement de sa disponibilité ou de réintégrer son emploi d'origine 3 mois au moins avant l'expiration de la disponibilité. | Z61: DIS_I_150 | AA61: =VLOOKUP(Z61,'Axe 2 Règles de gestion'!$D$2:$F$408,3, FALSE) -> Lorsque les fonctions requièrent des conditions de santé particulières, la réintégration est subordonnée à la vérification par un médecin agréé et, éventuellement, par le conseil médical compétent. | AB61: DIS_I_130 | AC61: =VLOOKUP(AB61,'Axe 2 Règles de gestion'!$D$2:$F$408,3, FALSE) -> Si l'agent ne présente pas l'aptitude physique requise pour l'exercice de ses fonctions, il peut être soit reclassé dans un autre emploi, soit mis en disponibilité d'office, soit radié des effectifs. | AP61: DIS_D_619 | AQ61: =VLOOKUP(AP61,'Axe 2 Règles de gestion'!$D$2:$F$408,3, FALSE) -> La durée prévisionnelle de la disponibilité ne peut pas excéder 3 ans pour chaque période. | AR61: DIS_D_634 | AS61: =VLOOKUP(AR61,'Axe 2 Règles de gestion'!$D$2:$F$408,3, FALSE) -> La durée réelle de la disponibilité ne peut pas excéder 3 ans pour chaque période. | AT61: DIS_D_630 | AU61: =VLOOKUP(AT61,'Axe 2 Règles de gestion'!$D$2:$F$408,3, FALSE) -> L'agent doit avoir un enfant lié à cette position. | BN61: POS_C_004 | BO61: =VLOOKUP(BN61,'Axe 2 Règles de gestion'!$D$2:$F$408,3, FALSE) -> La date de début de position doit être antérieure ou égale à la date de fin prévisionnelle de position. | BP61: POS_C_007 | BQ61: =VLOOKUP(BP61,'Axe 2 Règles de gestion'!$D$2:$F$408,3, FALSE) -> La date de fin réelle de la position doit être antérieure à la date limite de départ à la retraite. | BR61: POS_C_010 | BS61: =VLOOKUP(BR61,'Axe 2 Règles de gestion'!$D$2:$F$408,3, FALSE) -> La date de début de position doit être antérieure ou égale à la date de fin réelle de position. | BT61: POS_C_012 | BU61: =VLOOKUP(BT61,'Axe 2 Règles de gestion'!$D$2:$F$408,3, FALSE) -> La date de fin prévisionnelle de la position doit être antérieure à la date limite de départ à la retraite. | BV61: POS_C_050 | BW61: =VLOOKUP(BV61,'Axe 2 Règles de gestion'!$D$2:$F$408,3, FALSE) -> Le lien vers l'enfant doit être renseigné. | BX61: POS_C_055 | BY61: =VLOOKUP(BX61,'Axe 2 Règles de gestion'!$D$2:$F$408,3, FALSE) -> La date de fin réelle de la position doit être antérieure ou égale à la date de décès de l'enfant. | BZ61: POS_C_056 | CA61: =VLOOKUP(BZ61,'Axe 2 Règles de gestion'!$D$2:$F$408,3, FALSE) -> La date de fin prévisionnelle de la position doit être antérieure ou égale à la date de décès de l'enfant. | CB61: POS_C_111 | CC61: =VLOOKUP(CB61,'Axe 2 Règles de gestion'!$D$2:$F$408,3, FALSE) -> La date de fin ou la date de fin prévisionnelle doit être saisie. | CD61: POS_C_120 | CE61: =VLOOKUP(CD61,'Axe 2 Règles de gestion'!$D$2:$F$408,3, FALSE) -> La saisie d'une occurrence de congés/absences est interdite (date de fin réelle) | CF61: POS_C_121 | CG61: =VLOOKUP(CF61,'Axe 2 Règles de gestion'!$D$2:$F$408,3, FALSE) -> La saisie d'une occurrence de congés/absences est interdite (date de fin prévisionnelle)
A62: 20.10.00 | B62: M | C62: 43699.608 | D62: D0004 | E62: Position | F62: S0012 | G62: Disponibilité | H62: E0164 | I62: Disponibilité sur demande pour donner des soins à un ascendant suite à accident/maladie grave | J62: Position saisie égale à 'Disponibilité sur demande pour donner des soins à un ascendant suite à accident/maladie grave' ET Indicateur de maintien saisi = Non | K62: A_POS_POSIAD [Saisi] = 'DSP39' ET A_POS_INDMAI [Saisi] = '0' | L62: T0480 | M62: Disponibilité sur demande pour donner des soins à un ascendant suite à accident/maladie grave - Demande | N62: Création Modification | O62: Indicateur de renouvellement saisi = Non ET (Indicateur de renouvellement saisi différent d'Indicateur de renouvellement avant saisi OU Indicateur de maintien saisi différent de Indicateur de maintien avant saisi) | P62: A_POS_INDREN [Saisi] = '0' ET (A_POS_INDREN [Saisi] <> A_POS_INDREN [Valeur avant saisie] OU A_POS_INDMAI [Saisi] <> A_POS_INDMAI [Valeur avant saisie]) | Q62: Titulaire ou magistrat | R62: P0001 | S62: Général | T62: Passant | U62: 40725 | V62: 43349 | W62: DIS_I_005 ET DIS_I_006 ET DIS_D_011 ET DIS_D_400 ET DIS_D_379 ET POS_C_004 ET POS_C_005 ET POS_C_007 ET POS_C_010 ET POS_C_012 ET POS_C_022 ET POS_C_111 | X62: DIS_I_005 | Y62: =VLOOKUP(X62,'Axe 2 Règles de gestion'!$D$2:$F$408,3, FALSE) -> L'agent doit effectuer une demande. | Z62: DIS_I_006 | AA62: =VLOOKUP(Z62,'Axe 2 Règles de gestion'!$D$2:$F$408,3, FALSE) -> La demande est accordée de droit. | AP62: DIS_D_011 | AQ62: =VLOOKUP(AP62,'Axe 2 Règles de gestion'!$D$2:$F$408,3, FALSE) -> La durée prévisionnelle de la disponibilité ne peut pas excéder 3 ans pour chaque période. | AR62: DIS_D_400 | AS62: =VLOOKUP(AR62,'Axe 2 Règles de gestion'!$D$2:$F$408,3, FALSE) -> La durée réelle de la disponibilité ne peut pas excéder 3 ans pour chaque période. | AT62: DIS_D_379 | AU62: =VLOOKUP(AT62,'Axe 2 Règles de gestion'!$D$2:$F$408,3, FALSE) -> L'agent doit être en activité. | BN62: POS_C_004 | BO62: =VLOOKUP(BN62,'Axe 2 Règles de gestion'!$D$2:$F$408,3, FALSE) -> La date de début de position doit être antérieure ou égale à la date de fin prévisionnelle de position. | BP62: POS_C_005 | BQ62: =VLOOKUP(BP62,'Axe 2 Règles de gestion'!$D$2:$F$408,3, FALSE) -> La date de début de la position doit être postérieure ou égale à la date d'entrée dans la FPE ou dans la carrière militaire. | BR62: POS_C_007 | BS62: =VLOOKUP(BR62,'Axe 2 Règles de gestion'!$D$2:$F$408,3, FALSE) -> La date de fin réelle de la position doit être antérieure à la date limite de départ à la retraite. | BT62: POS_C_010 | BU62: =VLOOKUP(BT62,'Axe 2 Règles de gestion'!$D$2:$F$408,3, FALSE) -> La date de début de position doit être antérieure ou égale à la date de fin réelle de position. | BV62: POS_C_012 | BW62: =VLOOKUP(BV62,'Axe 2 Règles de gestion'!$D$2:$F$408,3, FALSE) -> La date de fin prévisionnelle de la position doit être antérieure à la date limite de départ à la retraite. | BX62: POS_C_022 | BY62: =VLOOKUP(BX62,'Axe 2 Règles de gestion'!$D$2:$F$408,3, FALSE) -> La date de début de position est à J+1 de la date de fin de position de l'occurrence précédente. | BZ62: POS_C_111 | CA62: =VLOOKUP(BZ62,'Axe 2 Règles de gestion'!$D$2:$F$408,3, FALSE) -> La date de fin ou la date de fin prévisionnelle doit être saisie.
A63: 25.00.00 | B63: M | C63: 45804.395 | D63: D0004 | E63: Position | F63: S0012 | G63: Disponibilité | H63: E0164 | I63: Disponibilité sur demande pour donner des soins à un ascendant suite à accident/maladie grave | J63: Position saisie égale à 'Disponibilité sur demande pour donner des soins à un ascendant suite à accident/maladie grave' ET Indicateur de maintien saisi = Non | K63: A_POS_POSIAD [Saisi] = 'DSP39' ET A_POS_INDMAI [Saisi] = '0' | L63: T0480 | M63: Disponibilité sur demande pour donner des soins à un ascendant suite à accident/maladie grave - Demande | N63: Création Modification | O63: Indicateur de renouvellement saisi = Non ET (Indicateur de renouvellement saisi différent d'Indicateur de renouvellement avant saisi OU Indicateur de maintien saisi différent de Indicateur de maintien avant saisi) | P63: A_POS_INDREN [Saisi] = '0' ET (A_POS_INDREN [Saisi] <> A_POS_INDREN [Valeur avant saisie] OU A_POS_INDMAI [Saisi] <> A_POS_INDMAI [Valeur avant saisie]) | Q63: Titulaire ou magistrat | R63: P0001 | S63: Général | T63: Passant | U63: 43350 | W63: DIS_I_005 ET DIS_I_006 ET DIS_I_178 ET DIS_D_011 ET DIS_D_400 ET DIS_D_613 ET DIS_D_616 ET POS_C_004 ET POS_C_005 ET POS_C_007 ET POS_C_010 ET POS_C_012 ET POS_C_022 ET POS_C_111 ET POS_C_120 ET POS_C_121 | X63: DIS_I_005 | Y63: =VLOOKUP(X63,'Axe 2 Règles de gestion'!$D$2:$F$408,3, FALSE) -> L'agent doit effectuer une demande. | Z63: DIS_I_006 | AA63: =VLOOKUP(Z63,'Axe 2 Règles de gestion'!$D$2:$F$408,3, FALSE) -> La demande est accordée de droit. | AB63: DIS_I_178 | AC63: =VLOOKUP(AB63,'Axe 2 Règles de gestion'!$D$2:$F$408,3, FALSE) -> L'administration fait procéder aux enquêtes nécessaires en vue de s'assurer que l'activité de l'agent mis en disponibilité correspond réellement aux motifs pour lesquels il a été placé en cette position. | AP63: DIS_D_011 | AQ63: =VLOOKUP(AP63,'Axe 2 Règles de gestion'!$D$2:$F$408,3, FALSE) -> La durée prévisionnelle de la disponibilité ne peut pas excéder 3 ans pour chaque période. | AR63: DIS_D_400 | AS63: =VLOOKUP(AR63,'Axe 2 Règles de gestion'!$D$2:$F$408,3, FALSE) -> La durée réelle de la disponibilité ne peut pas excéder 3 ans pour chaque période. | AT63: DIS_D_613 | AU63: =VLOOKUP(AT63,'Axe 2 Règles de gestion'!$D$2:$F$408,3, FALSE) -> L'agent a épuisé ses droits à ancienneté relatifs à la disponibilité. En effet, l'agent en disponibilité pour études ou recherches, convenances personnelles, créer ou reprendre une entreprise, donner des soins, suivre son conjoint ou partenaire de PACS conserve ses droits à l'avancement (échelon et grade) dans la limite de 5 ans s'il exerce une activité professionnelle. | AV63: DIS_D_616 | AW63: =VLOOKUP(AV63,'Axe 2 Règles de gestion'!$D$2:$F$408,3, FALSE) -> Si le champ « Situation particulière » est saisi, alors seule la valeur « Période de disponibilité donnant droit à avancement » peut être sélectionnée. | BN63: POS_C_004 | BO63: =VLOOKUP(BN63,'Axe 2 Règles de gestion'!$D$2:$F$408,3, FALSE) -> La date de début de position doit être antérieure ou égale à la date de fin prévisionnelle de position. | BP63: POS_C_005 | BQ63: =VLOOKUP(BP63,'Axe 2 Règles de gestion'!$D$2:$F$408,3, FALSE) -> La date de début de la position doit être postérieure ou égale à la date d'entrée dans la FPE ou dans la carrière militaire. | BR63: POS_C_007 | BS63: =VLOOKUP(BR63,'Axe 2 Règles de gestion'!$D$2:$F$408,3, FALSE) -> La date de fin réelle de la position doit être antérieure à la date limite de départ à la retraite. | BT63: POS_C_010 | BU63: =VLOOKUP(BT63,'Axe 2 Règles de gestion'!$D$2:$F$408,3, FALSE) -> La date de début de position doit être antérieure ou égale à la date de fin réelle de position. | BV63: POS_C_012 | BW63: =VLOOKUP(BV63,'Axe 2 Règles de gestion'!$D$2:$F$408,3, FALSE) -> La date de fin prévisionnelle de la position doit être antérieure à la date limite de départ à la retraite. | BX63: POS_C_022 | BY63: =VLOOKUP(BX63,'Axe 2 Règles de gestion'!$D$2:$F$408,3, FALSE) -> La date de début de position est à J+1 de la date de fin de position de l'occurrence précédente. | BZ63: POS_C_111 | CA63: =VLOOKUP(BZ63,'Axe 2 Règles de gestion'!$D$2:$F$408,3, FALSE) -> La date de fin ou la date de fin prévisionnelle doit être saisie. | CB63: POS_C_120 | CC63: =VLOOKUP(CB63,'Axe 2 Règles de gestion'!$D$2:$F$408,3, FALSE) -> La saisie d'une occurrence de congés/absences est interdite (date de fin réelle) | CD63: POS_C_121 | CE63: =VLOOKUP(CD63,'Axe 2 Règles de gestion'!$D$2:$F$408,3, FALSE) -> La saisie d'une occurrence de congés/absences est interdite (date de fin prévisionnelle)
A64: 20.10.00 | B64: M | C64: 43699.608 | D64: D0004 | E64: Position | F64: S0012 | G64: Disponibilité | H64: E0164 | I64: Disponibilité sur demande pour donner des soins à un ascendant suite à accident/maladie grave | J64: Position saisie égale à 'Disponibilité sur demande pour donner des soins à un ascendant suite à accident/maladie grave' ET Indicateur de maintien saisi = Non | K64: A_POS_POSIAD [Saisi] = 'DSP39' ET A_POS_INDMAI [Saisi] = '0' | L64: T0481 | M64: Disponibilité sur demande pour donner des soins à un ascendant suite à accident/maladie grave - Renouvellement | N64: Création Modification | O64: Indicateur de renouvellement saisi = Oui ET (Indicateur de renouvellement saisi différent d'Indicateur de renouvellement avant saisi OU Indicateur de maintien saisi différent de Indicateur de maintien avant saisi) | P64: A_POS_INDREN [Saisi] = '1' ET (A_POS_INDREN [Saisi] <> A_POS_INDREN [Valeur avant saisie] OU A_POS_INDMAI [Saisi] <> A_POS_INDMAI [Valeur avant saisie]) | Q64: Titulaire ou magistrat | R64: P0001 | S64: Général | T64: Passant | U64: 40725 | V64: 43349 | W64: DIS_I_034 ET DIS_D_011 ET DIS_D_400 ET POS_C_004 ET POS_C_005 ET POS_C_007 ET POS_C_010 ET POS_C_012 ET POS_C_022 ET POS_C_111 | X64: DIS_I_034 | Y64: =VLOOKUP(X64,'Axe 2 Règles de gestion'!$D$2:$F$408,3, FALSE) -> L'agent doit informer son administration d'origine de sa décision de solliciter le renouvellement de sa disponibilité ou de réintégrer son corps d'origine 3 mois au moins avant l'expiration de la disponibilité. | AP64: DIS_D_011 | AQ64: =VLOOKUP(AP64,'Axe 2 Règles de gestion'!$D$2:$F$408,3, FALSE) -> La durée prévisionnelle de la disponibilité ne peut pas excéder 3 ans pour chaque période. | AR64: DIS_D_400 | AS64: =VLOOKUP(AR64,'Axe 2 Règles de gestion'!$D$2:$F$408,3, FALSE) -> La durée réelle de la disponibilité ne peut pas excéder 3 ans pour chaque période. | BN64: POS_C_004 | BO64: =VLOOKUP(BN64,'Axe 2 Règles de gestion'!$D$2:$F$408,3, FALSE) -> La date de début de position doit être antérieure ou égale à la date de fin prévisionnelle de position. | BP64: POS_C_005 | BQ64: =VLOOKUP(BP64,'Axe 2 Règles de gestion'!$D$2:$F$408,3, FALSE) -> La date de début de la position doit être postérieure ou égale à la date d'entrée dans la FPE ou dans la carrière militaire. | BR64: POS_C_007 | BS64: =VLOOKUP(BR64,'Axe 2 Règles de gestion'!$D$2:$F$408,3, FALSE) -> La date de fin réelle de la position doit être antérieure à la date limite de départ à la retraite. | BT64: POS_C_010 | BU64: =VLOOKUP(BT64,'Axe 2 Règles de gestion'!$D$2:$F$408,3, FALSE) -> La date de début de position doit être antérieure ou égale à la date de fin réelle de position. | BV64: POS_C_012 | BW64: =VLOOKUP(BV64,'Axe 2 Règles de gestion'!$D$2:$F$408,3, FALSE) -> La date de fin prévisionnelle de la position doit être antérieure à la date limite de départ à la retraite. | BX64: POS_C_022 | BY64: =VLOOKUP(BX64,'Axe 2 Règles de gestion'!$D$2:$F$408,3, FALSE) -> La date de début de position est à J+1 de la date de fin de position de l'occurrence précédente. | BZ64: POS_C_111 | CA64: =VLOOKUP(BZ64,'Axe 2 Règles de gestion'!$D$2:$F$408,3, FALSE) -> La date de fin ou la date de fin prévisionnelle doit être saisie.
