Workbook

Sheet Mode opératoire
B1: MODE OPERATOIRE
B2: La transaction s'effectue au niveau de la sous rubrique "Position statutaire/situation administrative"

Sheet Axe 1 Enchainement des RG
A1: Version | B1: Type de mise à jour | C1: Date de mise à jour | D1: Identifiant Domaine | E1: Libellé du Domaine | F1: Identifiant Sous-domaine | G1: Libellé du Sous-domaine | H1: Identifiant Evénement | I1: Libellé de l'évènement | J1: Libellé condition déclenchement Evènement | K1: Condition déclenchement Evènement | L1: Identifiant type d'évènement | M1: Libellé type d'évènement | N1: Type de mise à jour | O1: Libellé condition déclenchement Type Evènement | P1: Condition déclenchement Type Evènement | Q1: Libellé Population | R1: Codification Population | S1: Général / Particulier | T1: Passant / Exclu | U1: Date de début | V1: Date de fin | W1: Règles mobilisées | X1: Identifiant Règle de contrôle intellectuel 1 | Y1: Libellé Règle de contrôle intellectuel 1 | Z1: Identifiant Règle de contrôle intellectuel 2 | AA1: Libellé Règle de contrôle intellectuel 2 | AB1: Identifiant Règle de contrôle intellectuel 3 | AC1: Libellé Règle de contrôle intellectuel 3 | AD1: Identifiant Règle de contrôle intellectuel 4 | AE1: Libellé Règle de contrôle intellectuel 4 | AF1: Identifiant Règle de condition 1 | AG1: Libellé Règle de condition 1 | AH1: Identifiant Règle de condition 2 | AI1: Libellé Règle de condition 2 | AJ1: Identifiant Règle de condition 3 | AK1: Libellé Règle de condition 3 | AL1: Identifiant Règle de condition 4 | AM1: Libellé Règle de condition 4 | AN1: Identifiant Règle de contrôle 1 | AO1: Libellé Règle de contrôle 1 | AP1: Identifiant Règle de contrôle 2 | AQ1: Libellé Règle de contrôle 2 | AR1: Identifiant Règle de contrôle 3 | AS1: Libellé Règle de contrôle 3 | AT1: Identifiant Règle de contrôle 4 | AU1: Libellé Règle de contrôle 4 | AV1: Identifiant Règle de contrôle 5 | AW1: Libellé Règle de contrôle 5 | AX1: Identifiant Règle de contrôle 6 | AY1: Libellé Règle de contrôle 6 | AZ1: Identifiant Règle de contrôle 7 | BA1: Libellé Règle de contrôle 7 | BB1: Identifiant Règle de contrôle 8 | BC1: Libellé Règle de contrôle 8 | BD1: FIME | BE1: Statut de travail
A2: 24.00.00 | B2: A | C2: 45371.651 | D2: D0004 | E2: Position | F2: S0170 | G2: Position de mission temporaire | H2: E0954 | I2: Position de mission temporaire | J2: Position saisie est égale à 'Position de mission temporaire' | K2: A_POS_ POSIAD [Saisi] = 'ACI09' | L2: T2301 | M2: Position de mission temporaire - Demande | N2: Création | Q2: Titulaire ou magistrat | R2: P0001 | S2: Général | T2: Exclu | U2: 44546
A3: 24.00.00 | B3: A | C3: 45371.665 | D3: D0004 | E3: Position | F3: S0170 | G3: Position de mission temporaire | H3: E0954 | I3: Position de mission temporaire | J3: Position saisie est égale à 'Position de mission temporaire' | K3: A_POS_ POSIAD [Saisi] = 'ACI09' | L3: T2302 | M3: Position de mission temporaire - Fin | N3: Modification | Q3: Titulaire ou magistrat | R3: P0001 | S3: Général | T3: Exclu | U3: 44546
A4: 24.00.00 | B4: A | C4: 45372.409 | D4: D0004 | E4: Position | F4: S0170 | G4: Position de mission temporaire | H4: E0954 | I4: Position de mission temporaire | J4: Position saisie est égale à 'Position de mission temporaire' | K4: A_POS_ POSIAD [Saisi] = 'ACI09' | L4: T2301 | M4: Position de mission temporaire - Demande | N4: Création | Q4: Militaire | R4: P0002 | S4: Général | T4: Exclu | U4: 44546
A5: 24.00.00 | B5: A | C5: 45384.675 | D5: D0004 | E5: Position | F5: S0170 | G5: Position de mission temporaire | H5: E0954 | I5: Position de mission temporaire | J5: Position saisie est égale à 'Position de mission temporaire' | K5: A_POS_ POSIAD [Saisi] = 'ACI09' | L5: T2302 | M5: Position de mission temporaire - Fin | N5: Modification | Q5: Militaire | R5: P0002 | S5: Général | T5: Exclu | U5: 44546
A6: 24.00.00 | B6: A | C6: 45371.651 | D6: D0004 | E6: Position | F6: S0170 | G6: Position de mission temporaire | H6: E0954 | I6: Position de mission temporaire | J6: Position saisie est égale à 'Position de mission temporaire' | K6: A_POS_ POSIAD [Saisi] = 'ACI09' | L6: T2301 | M6: Position de mission temporaire - Demande | N6: Création | Q6: Contractuel | R6: P0003 | S6: Général | T6: Exclu | U6: 44546
A7: 24.00.00 | B7: A | C7: 45371.665 | D7: D0004 | E7: Position | F7: S0170 | G7: Position de mission temporaire | H7: E0954 | I7: Position de mission temporaire | J7: Position saisie est égale à 'Position de mission temporaire' | K7: A_POS_ POSIAD [Saisi] = 'ACI09' | L7: T2302 | M7: Position de mission temporaire - Fin | N7: Modification | Q7: Contractuel | R7: P0003 | S7: Général | T7: Exclu | U7: 44546
A8: 24.00.00 | B8: A | C8: 45371.651 | D8: D0004 | E8: Position | F8: S0170 | G8: Position de mission temporaire | H8: E0954 | I8: Position de mission temporaire | J8: Position saisie est égale à 'Position de mission temporaire' | K8: A_POS_ POSIAD [Saisi] = 'ACI09' | L8: T2301 | M8: Position de mission temporaire - Demande | N8: Création | Q8: Stagiaire ou auditeur ou élève | R8: P0004 | S8: Général | T8: Exclu | U8: 44546
A9: 24.00.00 | B9: A | C9: 45372.403 | D9: D0004 | E9: Position | F9: S0170 | G9: Position de mission temporaire | H9: E0954 | I9: Position de mission temporaire | J9: Position saisie est égale à 'Position de mission temporaire' | K9: A_POS_ POSIAD [Saisi] = 'ACI09' | L9: T2302 | M9: Position de mission temporaire - Fin | N9: Modification | Q9: Stagiaire ou auditeur ou élève | R9: P0004 | S9: Général | T9: Exclu | U9: 44546
A10: 24.00.00 | B10: A | C10: 45371.651 | D10: D0004 | E10: Position | F10: S0170 | G10: Position de mission temporaire | H10: E0954 | I10: Position de mission temporaire | J10: Position saisie est égale à 'Position de mission temporaire' | K10: A_POS_ POSIAD [Saisi] = 'ACI09' | L10: T2301 | M10: Position de mission temporaire - Demande | N10: Création | Q10: Ouvrier d'état | R10: P0005 | S10: Général | T10: Exclu | U10: 44546
A11: 24.00.00 | B11: A | C11: 45371.665 | D11: D0004 | E11: Position | F11: S0170 | G11: Position de mission temporaire | H11: E0954 | I11: Position de mission temporaire | J11: Position saisie est égale à 'Position de mission temporaire' | K11: A_POS_ POSIAD [Saisi] = 'ACI09' | L11: T2302 | M11: Position de mission temporaire - Fin | N11: Modification | Q11: Ouvrier d'état | R11: P0005 | S11: Général | T11: Exclu | U11: 44546
A12: 24.00.00 | B12: A | C12: 45461.682 | D12: D0004 | E12: Position | F12: S0170 | G12: Position de mission temporaire | H12: E0954 | I12: Position de mission temporaire | J12: Position saisie est égale à 'Position de mission temporaire' | K12: A_POS_ POSIAD [Saisi] = 'ACI09' | L12: T2301 | M12: Position de mission temporaire - Demande | N12: Création | Q12: Personnel hospitalo-universitaire titulaire (maître de conférences ou professeur des universités-praticien hospitalier) | R12: P0279 | S12: Particulier | T12: Passant | U12: 44546 | W12: MTE_I_001 ET MTE_I_002 ET MTE_I_003 ET MTE_I_004 ET MTE_D_001 ET MTE_D_002 ET MTE_D_003 ET MTE_D_004 ET POS_C_100 ET POS_C_004 ET POS_C_005 ET POS_C_007 ET POS_C_010 ET POS_C_012 ET POS_C_022 ET POS_C_111 | X12: MTE_I_001 | Y12: =VLOOKUP(X12,'Axe 2 Règles de gestion'!$D$2:$F$18,3, FALSE) -> L'agent doit présenter une demande auprès du directeur de l'unité de formation et de recherche. | Z12: MTE_I_002 | AA12: =VLOOKUP(Z12,'Axe 2 Règles de gestion'!$D$2:$F$18,3, FALSE) -> L'agent doit obtenir l'avis du directeur de l'unité de formation et de recherche. | AB12: MTE_I_003 | AC12: =VLOOKUP(AB12,'Axe 2 Règles de gestion'!$D$2:$F$18,3, FALSE) -> Une décision doit être rendue par le président de l'université et du directeur général du centre hospitalier universitaire. | AD12: MTE_I_004 | AE12: =VLOOKUP(AD12,'Axe 2 Règles de gestion'!$D$2:$F$18,3, FALSE) -> Le refus opposé à une demande doit être motivé. | AF12: MTE_D_001 | AG12: =VLOOKUP(AF12,'Axe 2 Règles de gestion'!$D$2:$F$18,3, FALSE) -> La durée réelle ne peut excéder 3 mois par période de 2 ans. | AH12: MTE_D_002 | AI12: =VLOOKUP(AH12,'Axe 2 Règles de gestion'!$D$2:$F$18,3, FALSE) -> La durée prévisionnelle ne peut excéder 3 mois par période de 2 ans. | AJ12: MTE_D_003 | AK12: =VLOOKUP(AJ12,'Axe 2 Règles de gestion'!$D$2:$F$18,3, FALSE) -> La durée prévisionnelle maximale peut aller jusqu'à 12 mois si l'agent n'a pas utilisé tout ou partie des périodes de mission temporaire. | AL12: MTE_D_004 | AM12: =VLOOKUP(AL12,'Axe 2 Règles de gestion'!$D$2:$F$18,3, FALSE) -> La durée réelle maximale peut aller jusqu'à 12 mois si l'agent n'a pas utilisé tout ou partie des périodes de mission temporaire. | AN12: POS_C_100 | AO12: =VLOOKUP(AN12,'Axe 2 Règles de gestion'!$D$2:$F$18,3, FALSE) -> Lors de la demande initiale, l'agent doit être en activité. | AP12: POS_C_004 | AQ12: =VLOOKUP(AP12,'Axe 2 Règles de gestion'!$D$2:$F$18,3, FALSE) -> La date de début de position doit être antérieure ou égale à la date de fin prévisionnelle de position. | AR12: POS_C_005 | AS12: =VLOOKUP(AR12,'Axe 2 Règles de gestion'!$D$2:$F$18,3, FALSE) -> La date de début de la position doit être postérieure ou égale à la date d'entrée dans la FPE ou dans la carrière militaire. | AT12: POS_C_007 | AU12: =VLOOKUP(AT12,'Axe 2 Règles de gestion'!$D$2:$F$18,3, FALSE) -> La date de fin réelle de la position doit être antérieure à la date limite de départ à la retraite. | AV12: POS_C_010 | AW12: =VLOOKUP(AV12,'Axe 2 Règles de gestion'!$D$2:$F$18,3, FALSE) -> La date de début de position doit être antérieure ou égale à la date de fin réelle de position. | AX12: POS_C_012 | AY12: =VLOOKUP(AX12,'Axe 2 Règles de gestion'!$D$2:$F$18,3, FALSE) -> La date de fin prévisionnelle de la position doit être antérieure à la date limite de départ à la retraite. | AZ12: POS_C_022 | BA12: =VLOOKUP(AZ12,'Axe 2 Règles de gestion'!$D$2:$F$18,3, FALSE) -> La date de début de position est à J+1 de la date de fin de position de l'occurrence précédente. | BB12: POS_C_111 | BC12: =VLOOKUP(BB12,'Axe 2 Règles de gestion'!$D$2:$F$18,3, FALSE) -> La date de fin ou la date de fin prévisionnelle doit être saisie.
A13: 24.00.00 | B13: A | C13: 45461.683 | D13: D0004 | E13: Position | F13: S0170 | G13: Position de mission temporaire | H13: E0954 | I13: Position de mission temporaire | J13: Position saisie est égale à 'Position de mission temporaire' | K13: A_POS_ POSIAD [Saisi] = 'ACI09' | L13: T2302 | M13: Position de mission temporaire - Fin | N13: Modification | Q13: Personnel hospitalo-universitaire titulaire (maître de conférences ou professeur des universités-praticien hospitalier) | R13: P0279 | S13: Particulier | T13: Passant | U13: 44546 | W13: MTE_D_001 ET MTE_D_002 ET MTE_D_003 ET MTE_D_004 ET POS_C_004 ET POS_C_007 ET POS_C_010 ET POS_C_012 ET POS_C_111 | AF13: MTE_D_001 | AG13: =VLOOKUP(AF13,'Axe 2 Règles de gestion'!$D$2:$F$18,3, FALSE) -> La durée réelle ne peut excéder 3 mois par période de 2 ans. | AH13: MTE_D_002 | AI13: =VLOOKUP(AH13,'Axe 2 Règles de gestion'!$D$2:$F$18,3, FALSE) -> La durée prévisionnelle ne peut excéder 3 mois par période de 2 ans. | AJ13: MTE_D_003 | AK13: =VLOOKUP(AJ13,'Axe 2 Règles de gestion'!$D$2:$F$18,3, FALSE) -> La durée prévisionnelle maximale peut aller jusqu'à 12 mois si l'agent n'a pas utilisé tout ou partie des périodes de mission temporaire. | AL13: MTE_D_004 | AM13: =VLOOKUP(AL13,'Axe 2 Règles de gestion'!$D$2:$F$18,3, FALSE) -> La durée réelle maximale peut aller jusqu'à 12 mois si l'agent n'a pas utilisé tout ou partie des périodes de mission temporaire. | AN13: POS_C_004 | AO13: =VLOOKUP(AN13,'Axe 2 Règles de gestion'!$D$2:$F$18,3, FALSE) -> La date de début de position doit être antérieure ou égale à la date de fin prévisionnelle de position. | AP13: POS_C_007 | AQ13: =VLOOKUP(AP13,'Axe 2 Règles de gestion'!$D$2:$F$18,3, FALSE) -> La date de fin réelle de la position doit être antérieure à la date limite de départ à la retraite. | AR13: POS_C_010 | AS13: =VLOOKUP(AR13,'Axe 2 Règles de gestion'!$D$2:$F$18,3, FALSE) -> La date de début de position doit être antérieure ou égale à la date de fin réelle de position. | AT13: POS_C_012 | AU13: =VLOOKUP(AT13,'Axe 2 Règles de gestion'!$D$2:$F$18,3, FALSE) -> La date de fin prévisionnelle de la position doit être antérieure à la date limite de départ à la retraite. | AV13: POS_C_111 | AW13: =VLOOKUP(AV13,'Axe 2 Règles de gestion'!$D$2:$F$18,3, FALSE) -> La date de fin ou la date de fin prévisionnelle doit être saisie.
A14: 24.00.00 | B14: A | C14: 45461.682 | D14: D0004 | E14: Position | F14: S0170 | G14: Position de mission temporaire | H14: E0954 | I14: Position de mission temporaire | J14: Position saisie est égale à 'Position de mission temporaire' | K14: A_POS_ POSIAD [Saisi] = 'ACI09' | L14: T2301 | M14: Position de mission temporaire - Demande | N14: Création | Q14: Maître de conférences des universités-praticien hospitalier stagiaire | R14: P0280 | S14: Particulier | T14: Passant | U14: 44546 | W14: MTE_I_001 ET MTE_I_002 ET MTE_I_003 ET MTE_I_004 ET MTE_D_001 ET MTE_D_002 ET MTE_D_003 ET MTE_D_004 ET POS_C_100 ET POS_C_004 ET POS_C_005 ET POS_C_007 ET POS_C_010 ET POS_C_012 ET POS_C_022 ET POS_C_111 | X14: MTE_I_001 | Y14: =VLOOKUP(X14,'Axe 2 Règles de gestion'!$D$2:$F$18,3, FALSE) -> L'agent doit présenter une demande auprès du directeur de l'unité de formation et de recherche. | Z14: MTE_I_002 | AA14: =VLOOKUP(Z14,'Axe 2 Règles de gestion'!$D$2:$F$18,3, FALSE) -> L'agent doit obtenir l'avis du directeur de l'unité de formation et de recherche. | AB14: MTE_I_003 | AC14: =VLOOKUP(AB14,'Axe 2 Règles de gestion'!$D$2:$F$18,3, FALSE) -> Une décision doit être rendue par le président de l'université et du directeur général du centre hospitalier universitaire. | AD14: MTE_I_004 | AE14: =VLOOKUP(AD14,'Axe 2 Règles de gestion'!$D$2:$F$18,3, FALSE) -> Le refus opposé à une demande doit être motivé. | AF14: MTE_D_001 | AG14: =VLOOKUP(AF14,'Axe 2 Règles de gestion'!$D$2:$F$18,3, FALSE) -> La durée réelle ne peut excéder 3 mois par période de 2 ans. | AH14: MTE_D_002 | AI14: =VLOOKUP(AH14,'Axe 2 Règles de gestion'!$D$2:$F$18,3, FALSE) -> La durée prévisionnelle ne peut excéder 3 mois par période de 2 ans. | AJ14: MTE_D_003 | AK14: =VLOOKUP(AJ14,'Axe 2 Règles de gestion'!$D$2:$F$18,3, FALSE) -> La durée prévisionnelle maximale peut aller jusqu'à 12 mois si l'agent n'a pas utilisé tout ou partie des périodes de mission temporaire. | AL14: MTE_D_004 | AM14: =VLOOKUP(AL14,'Axe 2 Règles de gestion'!$D$2:$F$18,3, FALSE) -> La durée réelle maximale peut aller jusqu'à 12 mois si l'agent n'a pas utilisé tout ou partie des périodes de mission temporaire. | AN14: POS_C_100 | AO14: =VLOOKUP(AN14,'Axe 2 Règles de gestion'!$D$2:$F$18,3, FALSE) -> Lors de la demande initiale, l'agent doit être en activité. | AP14: POS_C_004 | AQ14: =VLOOKUP(AP14,'Axe 2 Règles de gestion'!$D$2:$F$18,3, FALSE) -> La date de début de position doit être antérieure ou égale à la date de fin prévisionnelle de position. | AR14: POS_C_005 | AS14: =VLOOKUP(AR14,'Axe 2 Règles de gestion'!$D$2:$F$18,3, FALSE) -> La date de début de la position doit être postérieure ou égale à la date d'entrée dans la FPE ou dans la carrière militaire. | AT14: POS_C_007 | AU14: =VLOOKUP(AT14,'Axe 2 Règles de gestion'!$D$2:$F$18,3, FALSE) -> La date de fin réelle de la position doit être antérieure à la date limite de départ à la retraite. | AV14: POS_C_010 | AW14: =VLOOKUP(AV14,'Axe 2 Règles de gestion'!$D$2:$F$18,3, FALSE) -> La date de début de position doit être antérieure ou égale à la date de fin réelle de position. | AX14: POS_C_012 | AY14: =VLOOKUP(AX14,'Axe 2 Règles de gestion'!$D$2:$F$18,3, FALSE) -> La date de fin prévisionnelle de la position doit être antérieure à la date limite de départ à la retraite. | AZ14: POS_C_022 | BA14: =VLOOKUP(AZ14,'Axe 2 Règles de gestion'!$D$2:$F$18,3, FALSE) -> La date de début de position est à J+1 de la date de fin de position de l'occurrence précédente. | BB14: POS_C_111 | BC14: =VLOOKUP(BB14,'Axe 2 Règles de gestion'!$D$2:$F$18,3, FALSE) -> La date de fin ou la date de fin prévisionnelle doit être saisie.
A15: 24.00.00 | B15: A | C15: 45461.683 | D15: D0004 | E15: Position | F15: S0170 | G15: Position de mission temporaire | H15: E0954 | I15: Position de mission temporaire | J15: Position saisie est égale à 'Position de mission temporaire' | K15: A_POS_ POSIAD [Saisi] = 'ACI09' | L15: T2302 | M15: Position de mission temporaire - Fin | N15: Modification | Q15: Maître de conférences des universités-praticien hospitalier stagiaire | R15: P0280 | S15: Particulier | T15: Passant | U15: 44546 | W15: MTE_D_001 ET MTE_D_002 ET MTE_D_003 ET MTE_D_004 ET POS_C_004 ET POS_C_007 ET POS_C_010 ET POS_C_012 ET POS_C_111 | AF15: MTE_D_001 | AG15: =VLOOKUP(AF15,'Axe 2 Règles de gestion'!$D$2:$F$18,3, FALSE) -> La durée réelle ne peut excéder 3 mois par période de 2 ans. | AH15: MTE_D_002 | AI15: =VLOOKUP(AH15,'Axe 2 Règles de gestion'!$D$2:$F$18,3, FALSE) -> La durée prévisionnelle ne peut excéder 3 mois par période de 2 ans. | AJ15: MTE_D_003 | AK15: =VLOOKUP(AJ15,'Axe 2 Règles de gestion'!$D$2:$F$18,3, FALSE) -> La durée prévisionnelle maximale peut aller jusqu'à 12 mois si l'agent n'a pas utilisé tout ou partie des périodes de mission temporaire. | AL15: MTE_D_004 | AM15: =VLOOKUP(AL15,'Axe 2 Règles de gestion'!$D$2:$F$18,3, FALSE) -> La durée réelle maximale peut aller jusqu'à 12 mois si l'agent n'a pas utilisé tout ou partie des périodes de mission temporaire. | AN15: POS_C_004 | AO15: =VLOOKUP(AN15,'Axe 2 Règles de gestion'!$D$2:$F$18,3, FALSE) -> La date de début de position doit être antérieure ou égale à la date de fin prévisionnelle de position. | AP15: POS_C_007 | AQ15: =VLOOKUP(AP15,'Axe 2 Règles de gestion'!$D$2:$F$18,3, FALSE) -> La date de fin réelle de la position doit être antérieure à la date limite de départ à la retraite. | AR15: POS_C_010 | AS15: =VLOOKUP(AR15,'Axe 2 Règles de gestion'!$D$2:$F$18,3, FALSE) -> La date de début de position doit être antérieure ou égale à la date de fin réelle de position. | AT15: POS_C_012 | AU15: =VLOOKUP(AT15,'Axe 2 Règles de gestion'!$D$2:$F$18,3, FALSE) -> La date de fin prévisionnelle de la position doit être antérieure à la date limite de départ à la retraite. | AV15: POS_C_111 | AW15: =VLOOKUP(AV15,'Axe 2 Règles de gestion'!$D$2:$F$18,3, FALSE) -> La date de fin ou la date de fin prévisionnelle doit être saisie.

Sheet Axe 1 Enchaînement RG Impact
A1: Version | B1: Type de mise à jour | C1: Date de mise à jour | D1: Identifiant Domaine | E1: Libellé du Domaine | F1: Identifiant Sous-domaine | G1: Libellé du Sous-domaine | H1: Identifiant Evénement | I1: Libellé de l'évènement | J1: Libellé condition déclenchement Evènement | K1: Condition déclenchement Evènement | L1: Identifiant type d'évènement | M1: Libellé type d'évènement | N1: Type de mise à jour | O1: Libellé condition déclenchement Type Evènement | P1: Condition déclenchement Type Evènement | Q1: Libellé Population | R1: Codification Population | S1: Général / Particulier | T1: Passant / Exclu | U1: Date de début | V1: Date de fin | W1: Impacts | X1: Identifiant Impacts 1 | Y1: Libellé Impacts 1 | Z1: FIME | AA1: Statut de travail
A2: 24.00.00 | B2: A | C2: 45371.651 | D2: D0004 | E2: Position | F2: S0170 | G2: Position de mission temporaire | H2: E0954 | I2: Position de mission temporaire | J2: Position saisie est égale à 'Position de mission temporaire' | K2: A_POS_ POSIAD [Saisi] = 'ACI09' | L2: T2301 | M2: Position de mission temporaire - Demande | N2: Création | Q2: Titulaire ou magistrat | R2: P0001 | S2: Général | T2: Exclu | U2: 44546
A3: 24.00.00 | B3: A | C3: 45371.665 | D3: D0004 | E3: Position | F3: S0170 | G3: Position de mission temporaire | H3: E0954 | I3: Position de mission temporaire | J3: Position saisie est égale à 'Position de mission temporaire' | K3: A_POS_ POSIAD [Saisi] = 'ACI09' | L3: T2302 | M3: Position de mission temporaire - Fin | N3: Modification | Q3: Titulaire ou magistrat | R3: P0001 | S3: Général | T3: Exclu | U3: 44546
A4: 24.00.00 | B4: A | C4: 45372.409 | D4: D0004 | E4: Position | F4: S0170 | G4: Position de mission temporaire | H4: E0954 | I4: Position de mission temporaire | J4: Position saisie est égale à 'Position de mission temporaire' | K4: A_POS_ POSIAD [Saisi] = 'ACI09' | L4: T2301 | M4: Position de mission temporaire - Demande | N4: Création | Q4: Militaire | R4: P0002 | S4: Général | T4: Exclu | U4: 44546
A5: 24.00.00 | B5: A | C5: 45384.675 | D5: D0004 | E5: Position | F5: S0170 | G5: Position de mission temporaire | H5: E0954 | I5: Position de mission temporaire | J5: Position saisie est égale à 'Position de mission temporaire' | K5: A_POS_ POSIAD [Saisi] = 'ACI09' | L5: T2302 | M5: Position de mission temporaire - Fin | N5: Modification | Q5: Militaire | R5: P0002 | S5: Général | T5: Exclu | U5: 44546
A6: 24.00.00 | B6: A | C6: 45371.651 | D6: D0004 | E6: Position | F6: S0170 | G6: Position de mission temporaire | H6: E0954 | I6: Position de mission temporaire | J6: Position saisie est égale à 'Position de mission temporaire' | K6: A_POS_ POSIAD [Saisi] = 'ACI09' | L6: T2301 | M6: Position de mission temporaire - Demande | N6: Création | Q6: Contractuel | R6: P0003 | S6: Général | T6: Exclu | U6: 44546
A7: 24.00.00 | B7: A | C7: 45371.665 | D7: D0004 | E7: Position | F7: S0170 | G7: Position de mission temporaire | H7: E0954 | I7: Position de mission temporaire | J7: Position saisie est égale à 'Position de mission temporaire' | K7: A_POS_ POSIAD [Saisi] = 'ACI09' | L7: T2302 | M7: Position de mission temporaire - Fin | N7: Modification | Q7: Contractuel | R7: P0003 | S7: Général | T7: Exclu | U7: 44546
A8: 24.00.00 | B8: A | C8: 45371.651 | D8: D0004 | E8: Position | F8: S0170 | G8: Position de mission temporaire | H8: E0954 | I8: Position de mission temporaire | J8: Position saisie est égale à 'Position de mission temporaire' | K8: A_POS_ POSIAD [Saisi] = 'ACI09' | L8: T2301 | M8: Position de mission temporaire - Demande | N8: Création | Q8: Stagiaire ou auditeur ou élève | R8: P0004 | S8: Général | T8: Exclu | U8: 44546
A9: 24.00.00 | B9: A | C9: 45372.403 | D9: D0004 | E9: Position | F9: S0170 | G9: Position de mission temporaire | H9: E0954 | I9: Position de mission temporaire | J9: Position saisie est égale à 'Position de mission temporaire' | K9: A_POS_ POSIAD [Saisi] = 'ACI09' | L9: T2302 | M9: Position de mission temporaire - Fin | N9: Modification | Q9: Stagiaire ou auditeur ou élève | R9: P0004 | S9: Général | T9: Exclu | U9: 44546
A10: 24.00.00 | B10: A | C10: 45371.651 | D10: D0004 | E10: Position | F10: S0170 | G10: Position de mission temporaire | H10: E0954 | I10: Position de mission temporaire | J10: Position saisie est égale à 'Position de mission temporaire' | K10: A_POS_ POSIAD [Saisi] = 'ACI09' | L10: T2301 | M10: Position de mission temporaire - Demande | N10: Création | Q10: Ouvrier d'état | R10: P0005 | S10: Général | T10: Exclu | U10: 44546
A11: 24.00.00 | B11: A | C11: 45371.665 | D11: D0004 | E11: Position | F11: S0170 | G11: Position de mission temporaire | H11: E0954 | I11: Position de mission temporaire | J11: Position saisie est égale à 'Position de mission temporaire' | K11: A_POS_ POSIAD [Saisi] = 'ACI09' | L11: T2302 | M11: Position de mission temporaire - Fin | N11: Modification | Q11: Ouvrier d'état | R11: P0005 | S11: Général | T11: Exclu | U11: 44546
A12: 24.00.00 | B12: A | C12: 45461.682 | D12: D0004 | E12: Position | F12: S0170 | G12: Position de mission temporaire | H12: E0954 | I12: Position de mission temporaire | J12: Position saisie est égale à 'Position de mission temporaire' | K12: A_POS_ POSIAD [Saisi] = 'ACI09' | L12: T2301 | M12: Position de mission temporaire - Demande | N12: Création | Q12: Personnel hospitalo-universitaire titulaire (maître de conférences ou professeur des universités-praticien hospitalier) | R12: P0279 | S12: Particulier | T12: Passant | U12: 44546 | W12: MTE_P_001 | X12: MTE_P_001 | Y12: =VLOOKUP(X12,'Axe 2 Règles de gestion'!$D$2:$F$18,3, FALSE) -> Rémunération : L'agent conserve la totalité de sa rémunération universitaire et hospitalière.
A13: 24.00.00 | B13: A | C13: 45461.683 | D13: D0004 | E13: Position | F13: S0170 | G13: Position de mission temporaire | H13: E0954 | I13: Position de mission temporaire | J13: Position saisie est égale à 'Position de mission temporaire' | K13: A_POS_ POSIAD [Saisi] = 'ACI09' | L13: T2302 | M13: Position de mission temporaire - Fin | N13: Modification | Q13: Personnel hospitalo-universitaire titulaire (maître de conférences ou professeur des universités-praticien hospitalier) | R13: P0279 | S13: Particulier | T13: Passant | U13: 44546
A14: 24.00.00 | B14: A | C14: 45461.682 | D14: D0004 | E14: Position | F14: S0170 | G14: Position de mission temporaire | H14: E0954 | I14: Position de mission temporaire | J14: Position saisie est égale à 'Position de mission temporaire' | K14: A_POS_ POSIAD [Saisi] = 'ACI09' | L14: T2301 | M14: Position de mission temporaire - Demande | N14: Création | Q14: Maître de conférences des universités-praticien hospitalier stagiaire | R14: P0280 | S14: Particulier | T14: Passant | U14: 44546 | W14: MTE_P_001 | X14: MTE_P_001 | Y14: =VLOOKUP(X14,'Axe 2 Règles de gestion'!$D$2:$F$18,3, FALSE) -> Rémunération : L'agent conserve la totalité de sa rémunération universitaire et hospitalière.
A15: 24.00.00 | B15: A | C15: 45461.683 | D15: D0004 | E15: Position | F15: S0170 | G15: Position de mission temporaire | H15: E0954 | I15: Position de mission temporaire | J15: Position saisie est égale à 'Position de mission temporaire' | K15: A_POS_ POSIAD [Saisi] = 'ACI09' | L15: T2302 | M15: Position de mission temporaire - Fin | N15: Modification | Q15: Maître de conférences des universités-praticien hospitalier stagiaire | R15: P0280 | S15: Particulier | T15: Passant | U15: 44546

Sheet Axe 1 Rattachement des actes
A1: Version | B1: Type de mise à jour | C1: Date de mise à jour | D1: Identifiant Domaine | E1: Libellé du Domaine | F1: Identifiant Sous-domaine | G1: Libellé du Sous-domaine | H1: Identifiant Evénement | I1: Libellé de l'évènement | J1: Libellé condition déclenchement Evènement | K1: Condition déclenchement Evènement | L1: Identifiant type d'évènement | M1: Libellé type d'évènement | N1: Type de mise à jour | O1: Libellé condition déclenchement Type Evènement | P1: Condition déclenchement Type Evènement | Q1: Libellé Population | R1: Codification Population | S1: Général / Particulier | T1: Passant / Exclu | U1: Date de début | V1: Date de fin | W1: Libellé condition de déclenchement 1 | X1: Condition de déclenchement 1 | Y1: Code nature 1 | Z1: Libellé nature 1 | AA1: Libellé condition de déclenchement 2 | AB1: Condition de déclenchement 2 | AC1: Code nature 2 | AD1: Libellé nature 2 | AE1: Libellé condition de déclenchement 3 | AF1: Condition de déclenchement 3 | AG1: Code nature 3 | AH1: Libellé nature 3 | AI1: Libellé condition de déclenchement 4 | AJ1: Condition de déclenchement 4 | AK1: Code nature 4 | AL1: Libellé nature 4 | AM1: Commentaire | AN1: FIME | AO1: Statut de travail
A2: 24.00.00 | B2: A | C2: 45371.651 | D2: D0004 | E2: Position | F2: S0170 | G2: Position de mission temporaire | H2: E0954 | I2: Position de mission temporaire | J2: Position saisie est égale à 'Position de mission temporaire' | K2: A_POS_ POSIAD [Saisi] = 'ACI09' | L2: T2301 | M2: Position de mission temporaire - Demande | N2: Création | Q2: Titulaire ou magistrat | R2: P0001 | S2: Général | T2: Exclu | U2: 44546
A3: 24.00.00 | B3: A | C3: 45371.665 | D3: D0004 | E3: Position | F3: S0170 | G3: Position de mission temporaire | H3: E0954 | I3: Position de mission temporaire | J3: Position saisie est égale à 'Position de mission temporaire' | K3: A_POS_ POSIAD [Saisi] = 'ACI09' | L3: T2302 | M3: Position de mission temporaire - Fin | N3: Modification | Q3: Titulaire ou magistrat | R3: P0001 | S3: Général | T3: Exclu | U3: 44546
A4: 24.00.00 | B4: A | C4: 45372.409 | D4: D0004 | E4: Position | F4: S0170 | G4: Position de mission temporaire | H4: E0954 | I4: Position de mission temporaire | J4: Position saisie est égale à 'Position de mission temporaire' | K4: A_POS_ POSIAD [Saisi] = 'ACI09' | L4: T2301 | M4: Position de mission temporaire - Demande | N4: Création | Q4: Militaire | R4: P0002 | S4: Général | T4: Exclu | U4: 44546
A5: 24.00.00 | B5: A | C5: 45384.675 | D5: D0004 | E5: Position | F5: S0170 | G5: Position de mission temporaire | H5: E0954 | I5: Position de mission temporaire | J5: Position saisie est égale à 'Position de mission temporaire' | K5: A_POS_ POSIAD [Saisi] = 'ACI09' | L5: T2302 | M5: Position de mission temporaire - Fin | N5: Modification | Q5: Militaire | R5: P0002 | S5: Général | T5: Exclu | U5: 44546
A6: 24.00.00 | B6: A | C6: 45371.651 | D6: D0004 | E6: Position | F6: S0170 | G6: Position de mission temporaire | H6: E0954 | I6: Position de mission temporaire | J6: Position saisie est égale à 'Position de mission temporaire' | K6: A_POS_ POSIAD [Saisi] = 'ACI09' | L6: T2301 | M6: Position de mission temporaire - Demande | N6: Création | Q6: Contractuel | R6: P0003 | S6: Général | T6: Exclu | U6: 44546
A7: 24.00.00 | B7: A | C7: 45371.665 | D7: D0004 | E7: Position | F7: S0170 | G7: Position de mission temporaire | H7: E0954 | I7: Position de mission temporaire | J7: Position saisie est égale à 'Position de mission temporaire' | K7: A_POS_ POSIAD [Saisi] = 'ACI09' | L7: T2302 | M7: Position de mission temporaire - Fin | N7: Modification | Q7: Contractuel | R7: P0003 | S7: Général | T7: Exclu | U7: 44546
A8: 24.00.00 | B8: A | C8: 45371.651 | D8: D0004 | E8: Position | F8: S0170 | G8: Position de mission temporaire | H8: E0954 | I8: Position de mission temporaire | J8: Position saisie est égale à 'Position de mission temporaire' | K8: A_POS_ POSIAD [Saisi] = 'ACI09' | L8: T2301 | M8: Position de mission temporaire - Demande | N8: Création | Q8: Stagiaire ou auditeur ou élève | R8: P0004 | S8: Général | T8: Exclu | U8: 44546
A9: 24.00.00 | B9: A | C9: 45372.403 | D9: D0004 | E9: Position | F9: S0170 | G9: Position de mission temporaire | H9: E0954 | I9: Position de mission temporaire | J9: Position saisie est égale à 'Position de mission temporaire' | K9: A_POS_ POSIAD [Saisi] = 'ACI09' | L9: T2302 | M9: Position de mission temporaire - Fin | N9: Modification | Q9: Stagiaire ou auditeur ou élève | R9: P0004 | S9: Général | T9: Exclu | U9: 44546 | AE9: 0
A10: 24.00.00 | B10: A | C10: 45371.651 | D10: D0004 | E10: Position | F10: S0170 | G10: Position de mission temporaire | H10: E0954 | I10: Position de mission temporaire | J10: Position saisie est égale à 'Position de mission temporaire' | K10: A_POS_ POSIAD [Saisi] = 'ACI09' | L10: T2301 | M10: Position de mission temporaire - Demande | N10: Création | Q10: Ouvrier d'état | R10: P0005 | S10: Général | T10: Exclu | U10: 44546
A11: 24.00.00 | B11: A | C11: 45371.665 | D11: D0004 | E11: Position | F11: S0170 | G11: Position de mission temporaire | H11: E0954 | I11: Position de mission temporaire | J11: Position saisie est égale à 'Position de mission temporaire' | K11: A_POS_ POSIAD [Saisi] = 'ACI09' | L11: T2302 | M11: Position de mission temporaire - Fin | N11: Modification | Q11: Ouvrier d'état | R11: P0005 | S11: Général | T11: Exclu | U11: 44546
A12: 24.00.00 | B12: A | C12: 45461.682 | D12: D0004 | E12: Position | F12: S0170 | G12: Position de mission temporaire | H12: E0954 | I12: Position de mission temporaire | J12: Position saisie est égale à 'Position de mission temporaire' | K12: A_POS_ POSIAD [Saisi] = 'ACI09' | L12: T2301 | M12: Position de mission temporaire - Demande | N12: Création | Q12: Personnel hospitalo-universitaire titulaire (maître de conférences ou professeur des universités-praticien hospitalier) | R12: P0279 | S12: Particulier | T12: Passant | U12: 44546
A13: 24.00.00 | B13: A | C13: 45461.683 | D13: D0004 | E13: Position | F13: S0170 | G13: Position de mission temporaire | H13: E0954 | I13: Position de mission temporaire | J13: Position saisie est égale à 'Position de mission temporaire' | K13: A_POS_ POSIAD [Saisi] = 'ACI09' | L13: T2302 | M13: Position de mission temporaire - Fin | N13: Modification | Q13: Personnel hospitalo-universitaire titulaire (maître de conférences ou professeur des universités-praticien hospitalier) | R13: P0279 | S13: Particulier | T13: Passant | U13: 44546
A14: 24.00.00 | B14: A | C14: 45461.682 | D14: D0004 | E14: Position | F14: S0170 | G14: Position de mission temporaire | H14: E0954 | I14: Position de mission temporaire | J14: Position saisie est égale à 'Position de mission temporaire' | K14: A_POS_ POSIAD [Saisi] = 'ACI09' | L14: T2301 | M14: Position de mission temporaire - Demande | N14: Création | Q14: Maître de conférences des universités-praticien hospitalier stagiaire | R14: P0280 | S14: Particulier | T14: Passant | U14: 44546
A15: 24.00.00 | B15: A | C15: 45461.683 | D15: D0004 | E15: Position | F15: S0170 | G15: Position de mission temporaire | H15: E0954 | I15: Position de mission temporaire | J15: Position saisie est égale à 'Position de mission temporaire' | K15: A_POS_ POSIAD [Saisi] = 'ACI09' | L15: T2302 | M15: Position de mission temporaire - Fin | N15: Modification | Q15: Maître de conférences des universités-praticien hospitalier stagiaire | R15: P0280 | S15: Particulier | T15: Passant | U15: 44546

Sheet Axe 2 Règles de gestion
A1: Version | B1: Type de mise à jour | C1: Date de mise à jour | D1: Code de la règle | E1: Type de règle | F1: Règle littérale | G1: Références juridiques | H1: Date de début | I1: Date de fin | J1: Condition | K1: Articulation | L1: Type de contrôle | M1: Commentaire | N1: Typage RG condition | O1: Typage RG contrôle | P1: Typage RG intellectuel | Q1: Typage RG impact | R1: FIME | S1: Statut de travail | T1: Règle retenue | U1: Expression littérale
A2: 24.00.00 | B2: A | C2: 45455.397 | D2: MTE_D_001 | E2: Condition | F2: La durée réelle ne peut excéder 3 mois par période de 2 ans. | G2: Décret 2021-1645 A28 | H2: 44546 | J2: SI A_POS_DAFIPS [Saisi] <> Vide | K2: A_POS_DAFIPS [Saisi] - A_POS_DADEPS [Saisi] <= 3 MOIS | L2: Non Bloquant | M2: Un type de contrôle non bloquant car la durée dans certains cas peut dépasser exceptionnellement les 3 mois. | N2: P0279 / P0280 - E0954 - Demande - Fin
A3: 24.00.00 | B3: A | C3: 45457.518 | D3: MTE_D_002 | E3: Condition | F3: La durée prévisionnelle ne peut excéder 3 mois par période de 2 ans. | G3: Décret 2021-1645 A28 | H3: 44546 | J3: SI A_POS_DAFPRE [Saisi] <> Vide ET A_POS_DAFIPS [Saisi] = Vide | K3: A_POS_DAFPRE [Saisi] - A_POS_DADEPS [Saisi] <= 3 MOIS | L3: Non Bloquant | M3: Un type de contrôle non bloquant car la durée dans certains cas peut dépasser exceptionnellement les 3 mois. | N3: P0279 / P0280 - E0954 - Demande - Fin | T3: x | U3: La durée de cette mission ne peut excéder 3 mois par période de 2 ans.
A4: 24.00.00 | B4: A | C4: 45455.397 | D4: MTE_D_003 | E4: Condition | F4: La durée prévisionnelle maximale peut aller jusqu'à 12 mois si l'agent n'a pas utilisé tout ou partie des périodes de mission temporaire. | G4: Décret 2021-1645 A28 | H4: 44546 | J4: SI A_POS_DAFPRE [Saisi] <> Vide ET A_POS_DAFIPS [Saisi] = Vide | K4: A_POS_DAFPRE [Saisi] - A_POS_DADEPS [Saisi] <= 12 MOIS | L4: Bloquant | N4: P0279 / P0280 - E0954 - Demande | T4: x | U4: Après une période de 8 ans l'agent qui n'a pas utilisé tout ou partie des périodes de mission temporaire peut y être placé pour une durée égale au nombre de mois, semaines et jours non utilisés. L'agent devra présenter un projet et un rapport d'activité.
A5: 24.00.00 | B5: A | C5: 45457.515 | D5: MTE_D_004 | E5: Condition | F5: La durée réelle maximale peut aller jusqu'à 12 mois si l'agent n'a pas utilisé tout ou partie des périodes de mission temporaire. | G5: Décret 2021-1645 A28 | H5: 44546 | J5: SI A_POS_DAFIPS [Saisi] <> Vide | K5: A_POS_DAFIPS [Saisi] - A_POS_DADEPS [Saisi] <= 12 MOIS | L5: Bloquant | N5: P0279 / P0280 - E0954 - Demande - Fin
A6: 17.10.00 | B6: A | C6: 43662.665 | D6: POS_C_004 | E6: Contrôle | F6: La date de début de position doit être antérieure ou égale à la date de fin prévisionnelle de position. | H6: 40725 | J6: SI A_POS_DAFPRE [Saisi] <> Vide ET A_POS_DAFIPS [Saisi] = Vide | K6: A_POS_DADEPS [Saisi] <= A_POS_DAFPRE [Saisi] | L6: Bloquant | O6: P0007 / P0264 - P0001 / P0003 / P0004 / P0005 - E0873 / E0874 / E0976 / E0977 / E0978 / E0979 / E0980 / E0981 / E0982 / E0983 / E0984 / E0985 / E0986 / E0987 / E1052 - Dem - Fin
A7: 17.10.00 | B7: A | C7: 43662.666 | D7: POS_C_005 | E7: Contrôle | F7: La date de début de la position doit être postérieure ou égale à la date d'entrée dans la FPE ou dans la carrière militaire. | H7: 40725 | K7: A_POS_DADEPS [Saisi] >= A_SAP_DENFPE [Dossier] | L7: Bloquant | O7: P0007 / P0264 - P0001 / P0003 / P0004 / P0005 - E0873 / E0874 / E0976 / E0977 / E0978 / E0979 / E0980 / E0981 / E0982 / E0983 / E0984 / E0985 / E0986 / E0987 / E1052
A8: 17.10.00 | B8: A | C8: 44895.471 | D8: POS_C_007 | E8: Contrôle | F8: La date de fin réelle de la position doit être antérieure à la date limite de départ à la retraite. | H8: 40725 | J8: SI A_POS_DAFIPS [Saisi] <> Vide | K8: A_POS_DAFIPS [Saisi] < A_SAP_DLDPRE [Dossier] | L8: Non Bloquant | M8: . | O8: P0007 / P0264 - P0001 / P0003 / P0004 / P0005 - E0873 / E0874 / E0976 / E0977 / E0978 / E0979 / E0980 / E0981 / E0982 / E0983 / E0984 / E0985 / E0986 / E0987 / E1052
A9: 17.10.00 | B9: A | C9: 43662.667 | D9: POS_C_010 | E9: Contrôle | F9: La date de début de position doit être antérieure ou égale à la date de fin réelle de position. | H9: 40725 | J9: SI A_POS_DAFIPS [Saisi] <> Vide | K9: A_POS_DADEPS [Saisi] <= A_POS_DAFIPS [Saisi] | L9: Bloquant | O9: P0007 / P0264 - P0001 / P0003 / P0004 / P0005 - E0873 / E0874 / E0976 / E0977 / E0978 / E0979 / E0980 / E0981 / E0982 / E0983 / E0984 / E0985 / E0986 / E0987 / E1052
A10: 17.10.00 | B10: A | C10: 43662.674 | D10: POS_C_012 | E10: Contrôle | F10: La date de fin prévisionnelle de la position doit être antérieure à la date limite de départ à la retraite. | H10: 40725 | J10: SI A_POS_DAFPRE [Saisi] <> Vide ET A_POS_DAFIPS [Saisi] = Vide | K10: A_POS_DAFPRE [Saisi] < A_SAP_DLDPRE [Dossier] | L10: Non Bloquant | M10: . | O10: P0007 / P0264 - P0001 / P0003 / P0004 / P0005 - E0873 / E0874 / E0976 / E0977 / E0978 / E0979 / E0980 / E0981 / E0982 / E0983 / E0984 / E0985 / E0986 / E0987 / E1052
A11: 17.10.00 | B11: A | C11: 43152.5 | D11: POS_C_022 | E11: Contrôle | F11: La date de début de position est à J+1 de la date de fin de position de l'occurrence précédente. | H11: 40725 | J11: SI A_POS_DADEPS [Occurrence précédente] <> Vide | K11: A_POS_DADEPS [Saisi] - A_POS_DAFIPS [Occurrence précédente] = 1 JOUR | L11: Bloquant | M11: Ce contrôle ne doit pas être fait lors de la saisie de la 1ère occurrence de position/situation. | O11: P0007 / P0264 - P0001 / P0003 / P0004 / P0005 - E0873 / E0874 / E0976 / E0977 / E0978 / E0979 / E0980 / E0981 / E0982 / E0983 / E0984 / E0985 / E0986 / E0987 / E1052
A12: 18.00.00 | B12: M | C12: 43689.618 | D12: POS_C_100 | E12: Contrôle | F12: Lors de la demande initiale, l'agent doit être en activité. | H12: 40725 | K12: A_POS_POSIAD [Occurrence précédente] = POSITION_SITUATION.R_FOR_IDEN05 ET (POSITION_SITUATION.R_REL_PSSAG2 DANS ('ACI','HCA','MAD','DEL','MDE','MLD') OU (POSITION_SITUATION.R_REL_PSSAG1 DANS ('DEE00', 'DES00')) | L12: Non Bloquant | M12: Cette RG est non bloquante pour prendre en compte le cas de retour pour ordre | O12: P0003 / P0005 - E0873 | T12: x | U12: Lors de la demande initiale, l'agent doit être en activité.
A13: 17.10.00 | B13: A | C13: 43662.669 | D13: POS_C_111 | E13: Contrôle | F13: La date de fin ou la date de fin prévisionnelle doit être saisie. | H13: 40725 | K13: A_POS_DAFIPS [Saisi] <> Vide OU A_POS_DAFPRE [Saisi] <> Vide | L13: Bloquant | O13: P0007 / P0264 - P0001 / P0003 / P0005 - E0873 / E0874 / E0976 / E0977 / E0978 / E0979 / E0980 / E0981 / E0982 / E0983 / E0984 / E0985 / E0986 / E0987
A14: 24.00.00 | B14: A | C14: 45456.733 | D14: MTE_I_001 | E14: Intellectuel | F14: L'agent doit présenter une demande auprès du directeur de l'unité de formation et de recherche. | G14: Décret 2021-1645 A28 | H14: 44546 | L14: Non Bloquant | P14: P0280 / P0279 - E0954 - Demande | T14: x | U14: L'agent doit présenter une demande auprès du directeur de l'unité de formation et de recherche.
A15: 24.00.00 | B15: A | C15: 45455.406 | D15: MTE_I_002 | E15: Intellectuel | F15: L'agent doit obtenir l'avis du directeur de l'unité de formation et de recherche. | G15: Décret 2021-1645 A28 | H15: 44546 | L15: Non Bloquant | P15: P0279 / P0280 - E0954 - Demande | T15: x | U15: L'agent doit obtenir l'avis du directeur de l'unité de formation et de recherche.
A16: 24.00.00 | B16: A | C16: 45455.406 | D16: MTE_I_003 | E16: Intellectuel | F16: Une décision doit être rendue par le président de l'université et du directeur général du centre hospitalier universitaire. | G16: Décret 2021-1645 A28 | H16: 44546 | L16: Non Bloquant | P16: P0280 / P0279 - E0954 - Demande | T16: x | U16: Une décision doit être rendue par le président de l'université et du directeur général du centre hospitalier universitaire.
A17: 24.00.00 | B17: A | C17: 45455.406 | D17: MTE_I_004 | E17: Intellectuel | F17: Le refus opposé à une demande doit être motivé. | G17: Décret 2021-1645 A28 | H17: 44546 | L17: Non Bloquant | P17: P0279 / P0280 - E0954 - Demande | T17: x | U17: Le refus opposé à une demande doit être motivé.
A18: 24.00.00 | B18: A | C18: 45455.405 | D18: MTE_P_001 | E18: Impact | F18: Rémunération : L'agent conserve la totalité de sa rémunération universitaire et hospitalière. | G18: Décret 2021-1645 A28 | H18: 44546 | L18: Non Bloquant | Q18: P0280 / P0279 - E0954 - Demande | T18: x | U18: Rémunération : L'agent conserve la totalité de sa rémunération universitaire et hospitalière.
