Workbook
Name date_DIADC: 'Mode opératoire'!#REF!
Name notice_DIADC: 'Mode opératoire'!#REF!
Name notice_ENCHN: 'Mode opératoire'!$B$1:$B$4
Name notice_ICA: 'Mode opératoire'!#REF!

Sheet Mode opératoire
B1: MODE OPERATOIRE
B2: La transaction s'effectue au niveau du groupe de données "Sous-article BO - Bonifications de service" du dossier pension.

Sheet Axe 1 Enchainement des RG
A1: Version | B1: Type de mise à jour | C1: Date de mise à jour | D1: Identifiant Domaine | E1: Libellé du Domaine | F1: Identifiant Sous-domaine | G1: Libellé du Sous-domaine | H1: Identifiant Evénement | I1: Libellé de l'évènement | J1: Libellé condition déclenchement Evènement | K1: Condition déclenchement Evènement | L1: Identifiant type d'évènement | M1: Libellé type d'évènement | N1: Type de mise à jour | O1: Libellé condition déclenchement Type Evènement | P1: Condition déclenchement Type Evènement | Q1: Libellé Population | R1: Codification Population | S1: Typologie de population | T1: Général / Particulier | U1: Passant / Exclu | V1: Date de début | W1: Date de fin | X1: Règles mobilisées | Y1: Identifiant Règle de contrôle 1 | Z1: Libellé Règle de contrôle 1 | AA1: Identifiant Règle de contrôle 2 | AB1: Libellé Règle de contrôle 2 | AC1: Identifiant Règle de contrôle 3 | AD1: Libellé Règle de contrôle 3 | AE1: Identifiant Règle de contrôle 4 | AF1: Libellé Règle de contrôle 4 | AG1: Identifiant Règle de contrôle 5 | AH1: Libellé Règle de contrôle 5 | AI1: Identifiant Règle de contrôle 6 | AJ1: Libellé Règle de contrôle 6 | AK1: Identifiant Règle de contrôle 7 | AL1: Libellé Règle de contrôle 7 | AM1: Identifiant Règle de contrôle 8 | AN1: Libellé Règle de contrôle 8 | AO1: Identifiant Règle de contrôle 9 | AP1: Libellé Règle de contrôle 9 | AQ1: Identifiant Règle de contrôle 10 | AR1: Libellé Règle de contrôle 10 | AS1: Identifiant Règle de contrôle 11 | AT1: Libellé Règle de contrôle 11 | AU1: Identifiant Règle de contrôle 12 | AV1: Libellé Règle de contrôle 12 | AW1: FIME | AX1: Statut de travail
A2: 17.10.00 | B2: A | C2: 43152.5 | D2: D0005 | E2: Carrière | F2: S0040 | G2: Bonification retraite | H2: E0667 | I2: Bonification retraite | J2: La date de début des services est saisie | K2: A_BOR_DADESE [Saisi] <> Vide | L2: T1626 | M2: Bonification retraite - Demande | N2: Création | Q2: Titulaire ou magistrat | R2: P0001 | S2: T | T2: Général | U2: Passant | V2: 40725 | X2: BON_C_001 ET BON_C_003 ET BON_C_004 ET BON_C_011 ET BON_C_012 ET BON_C_014 ET BON_C_005 ET BON_C_007 ET BON_C_008 ET BON_C_009 ET BON_C_010 ET BON_C_013 | Y2: BON_C_001 | Z2: =VLOOKUP(Y2,'Axe 2 Règles de gestion'!$D$2:$F$13,3, FALSE) -> La date de début des services doit être postérieure ou égale à la date d'entrée dans la FPE ou dans la carrière militaire. | AA2: BON_C_003 | AB2: =VLOOKUP(AA2,'Axe 2 Règles de gestion'!$D$2:$F$13,3, FALSE) -> La date de fin des services doit être antérieure ou égale à la date limite de départ à la retraite. | AC2: BON_C_004 | AD2: =VLOOKUP(AC2,'Axe 2 Règles de gestion'!$D$2:$F$13,3, FALSE) -> La date de fin des services doit être postérieure ou égale à la date de début. | AE2: BON_C_011 | AF2: =VLOOKUP(AE2,'Axe 2 Règles de gestion'!$D$2:$F$13,3, FALSE) -> Si le pays ou territoire pour campagne est renseigné, alors le pays ou territoire hors d'Europe ne doit pas être renseigné. | AG2: BON_C_012 | AH2: =VLOOKUP(AG2,'Axe 2 Règles de gestion'!$D$2:$F$13,3, FALSE) -> Si le pays ou territoire hors d'Europe est renseigné, alors le pays ou territoire pour campagne ne doit pas être renseigné. | AI2: BON_C_014 | AJ2: =VLOOKUP(AI2,'Axe 2 Règles de gestion'!$D$2:$F$13,3, FALSE) -> Le pays ou territoire pour campagne ou le pays ou territoire hors d'Europe doit être saisi. | AK2: BON_C_005 | AL2: =VLOOKUP(AK2,'Axe 2 Règles de gestion'!$D$2:$F$13,3, FALSE) -> La date de début de congé rémunéré passé hors du territoire d'exercice doit être postérieure ou égale à la date d'entrée dans la FPE ou dans la carrière militaire. | AM2: BON_C_007 | AN2: =VLOOKUP(AM2,'Axe 2 Règles de gestion'!$D$2:$F$13,3, FALSE) -> La date de fin de congé rémunéré passé hors du territoire d'exercice doit être antérieure ou égale à la date limite de départ à la retraite. | AO2: BON_C_008 | AP2: =VLOOKUP(AO2,'Axe 2 Règles de gestion'!$D$2:$F$13,3, FALSE) -> La date de fin de congé rémunéré passé hors du territoire d'exercice doit être postérieure ou égale à la date de début. | AQ2: BON_C_009 | AR2: =VLOOKUP(AQ2,'Axe 2 Règles de gestion'!$D$2:$F$13,3, FALSE) -> La date de début de congé rémunéré passé hors du territoire d'exercice doit être postérieure ou égale à la date de début des services | AS2: BON_C_010 | AT2: =VLOOKUP(AS2,'Axe 2 Règles de gestion'!$D$2:$F$13,3, FALSE) -> La date de fin de congé rémunéré passé hors du territoire d'exercice doit être antérieure ou égale à la date de fin des services | AU2: BON_C_013 | AV2: =VLOOKUP(AU2,'Axe 2 Règles de gestion'!$D$2:$F$13,3, FALSE) -> L'agent exerce ses fonctions hors d'Europe.
A3: 17.10.00 | B3: A | C3: 43152.5 | D3: D0005 | E3: Carrière | F3: S0040 | G3: Bonification retraite | H3: E0667 | I3: Bonification retraite | J3: La date de début des services est saisie | K3: A_BOR_DADESE [Saisi] <> Vide | L3: T1627 | M3: Bonification retraite - Fin | N3: Modification | Q3: Titulaire ou magistrat | R3: P0001 | S3: T | T3: Général | U3: Passant | V3: 40725 | X3: BON_C_003 ET BON_C_004 ET BON_C_011 ET BON_C_012 ET BON_C_014 ET BON_C_007 ET BON_C_008 ET BON_C_010 ET BON_C_013 | Y3: BON_C_003 | Z3: =VLOOKUP(Y3,'Axe 2 Règles de gestion'!$D$2:$F$13,3, FALSE) -> La date de fin des services doit être antérieure ou égale à la date limite de départ à la retraite. | AA3: BON_C_004 | AB3: =VLOOKUP(AA3,'Axe 2 Règles de gestion'!$D$2:$F$13,3, FALSE) -> La date de fin des services doit être postérieure ou égale à la date de début. | AC3: BON_C_011 | AD3: =VLOOKUP(AC3,'Axe 2 Règles de gestion'!$D$2:$F$13,3, FALSE) -> Si le pays ou territoire pour campagne est renseigné, alors le pays ou territoire hors d'Europe ne doit pas être renseigné. | AE3: BON_C_012 | AF3: =VLOOKUP(AE3,'Axe 2 Règles de gestion'!$D$2:$F$13,3, FALSE) -> Si le pays ou territoire hors d'Europe est renseigné, alors le pays ou territoire pour campagne ne doit pas être renseigné. | AG3: BON_C_014 | AH3: =VLOOKUP(AG3,'Axe 2 Règles de gestion'!$D$2:$F$13,3, FALSE) -> Le pays ou territoire pour campagne ou le pays ou territoire hors d'Europe doit être saisi. | AI3: BON_C_007 | AJ3: =VLOOKUP(AI3,'Axe 2 Règles de gestion'!$D$2:$F$13,3, FALSE) -> La date de fin de congé rémunéré passé hors du territoire d'exercice doit être antérieure ou égale à la date limite de départ à la retraite. | AK3: BON_C_008 | AL3: =VLOOKUP(AK3,'Axe 2 Règles de gestion'!$D$2:$F$13,3, FALSE) -> La date de fin de congé rémunéré passé hors du territoire d'exercice doit être postérieure ou égale à la date de début. | AM3: BON_C_010 | AN3: =VLOOKUP(AM3,'Axe 2 Règles de gestion'!$D$2:$F$13,3, FALSE) -> La date de fin de congé rémunéré passé hors du territoire d'exercice doit être antérieure ou égale à la date de fin des services | AO3: BON_C_013 | AP3: =VLOOKUP(AO3,'Axe 2 Règles de gestion'!$D$2:$F$13,3, FALSE) -> L'agent exerce ses fonctions hors d'Europe.
A4: 17.10.00 | B4: A | C4: 43152.5 | D4: D0005 | E4: Carrière | F4: S0040 | G4: Bonification retraite | H4: E0667 | I4: Bonification retraite | J4: La date de début des services est saisie | K4: A_BOR_DADESE [Saisi] <> Vide | L4: T1626 | M4: Bonification retraite - Demande | N4: Création | Q4: Contractuel | R4: P0003 | S4: N | T4: Général | U4: Exclu | V4: 40725
A5: 17.10.00 | B5: A | C5: 43152.5 | D5: D0005 | E5: Carrière | F5: S0040 | G5: Bonification retraite | H5: E0667 | I5: Bonification retraite | J5: La date de début des services est saisie | K5: A_BOR_DADESE [Saisi] <> Vide | L5: T1627 | M5: Bonification retraite - Fin | N5: Modification | Q5: Contractuel | R5: P0003 | S5: N | T5: Général | U5: Exclu | V5: 40725
A6: 17.10.00 | B6: A | C6: 43152.5 | D6: D0005 | E6: Carrière | F6: S0040 | G6: Bonification retraite | H6: E0667 | I6: Bonification retraite | J6: La date de début des services est saisie | K6: A_BOR_DADESE [Saisi] <> Vide | L6: T1626 | M6: Bonification retraite - Demande | N6: Création | Q6: Stagiaire ou auditeur ou élève | R6: P0004 | S6: S | T6: Général | U6: Passant | V6: 40725 | X6: BON_C_001 ET BON_C_003 ET BON_C_004 ET BON_C_011 ET BON_C_012 ET BON_C_014 ET BON_C_005 ET BON_C_007 ET BON_C_008 ET BON_C_009 ET BON_C_010 ET BON_C_013 | Y6: BON_C_001 | Z6: =VLOOKUP(Y6,'Axe 2 Règles de gestion'!$D$2:$F$13,3, FALSE) -> La date de début des services doit être postérieure ou égale à la date d'entrée dans la FPE ou dans la carrière militaire. | AA6: BON_C_003 | AB6: =VLOOKUP(AA6,'Axe 2 Règles de gestion'!$D$2:$F$13,3, FALSE) -> La date de fin des services doit être antérieure ou égale à la date limite de départ à la retraite. | AC6: BON_C_004 | AD6: =VLOOKUP(AC6,'Axe 2 Règles de gestion'!$D$2:$F$13,3, FALSE) -> La date de fin des services doit être postérieure ou égale à la date de début. | AE6: BON_C_011 | AF6: =VLOOKUP(AE6,'Axe 2 Règles de gestion'!$D$2:$F$13,3, FALSE) -> Si le pays ou territoire pour campagne est renseigné, alors le pays ou territoire hors d'Europe ne doit pas être renseigné. | AG6: BON_C_012 | AH6: =VLOOKUP(AG6,'Axe 2 Règles de gestion'!$D$2:$F$13,3, FALSE) -> Si le pays ou territoire hors d'Europe est renseigné, alors le pays ou territoire pour campagne ne doit pas être renseigné. | AI6: BON_C_014 | AJ6: =VLOOKUP(AI6,'Axe 2 Règles de gestion'!$D$2:$F$13,3, FALSE) -> Le pays ou territoire pour campagne ou le pays ou territoire hors d'Europe doit être saisi. | AK6: BON_C_005 | AL6: =VLOOKUP(AK6,'Axe 2 Règles de gestion'!$D$2:$F$13,3, FALSE) -> La date de début de congé rémunéré passé hors du territoire d'exercice doit être postérieure ou égale à la date d'entrée dans la FPE ou dans la carrière militaire. | AM6: BON_C_007 | AN6: =VLOOKUP(AM6,'Axe 2 Règles de gestion'!$D$2:$F$13,3, FALSE) -> La date de fin de congé rémunéré passé hors du territoire d'exercice doit être antérieure ou égale à la date limite de départ à la retraite. | AO6: BON_C_008 | AP6: =VLOOKUP(AO6,'Axe 2 Règles de gestion'!$D$2:$F$13,3, FALSE) -> La date de fin de congé rémunéré passé hors du territoire d'exercice doit être postérieure ou égale à la date de début. | AQ6: BON_C_009 | AR6: =VLOOKUP(AQ6,'Axe 2 Règles de gestion'!$D$2:$F$13,3, FALSE) -> La date de début de congé rémunéré passé hors du territoire d'exercice doit être postérieure ou égale à la date de début des services | AS6: BON_C_010 | AT6: =VLOOKUP(AS6,'Axe 2 Règles de gestion'!$D$2:$F$13,3, FALSE) -> La date de fin de congé rémunéré passé hors du territoire d'exercice doit être antérieure ou égale à la date de fin des services | AU6: BON_C_013 | AV6: =VLOOKUP(AU6,'Axe 2 Règles de gestion'!$D$2:$F$13,3, FALSE) -> L'agent exerce ses fonctions hors d'Europe.
A7: 17.10.00 | B7: A | C7: 43152.5 | D7: D0005 | E7: Carrière | F7: S0040 | G7: Bonification retraite | H7: E0667 | I7: Bonification retraite | J7: La date de début des services est saisie | K7: A_BOR_DADESE [Saisi] <> Vide | L7: T1627 | M7: Bonification retraite - Fin | N7: Modification | Q7: Stagiaire ou auditeur ou élève | R7: P0004 | S7: S | T7: Général | U7: Passant | V7: 40725 | X7: BON_C_003 ET BON_C_004 ET BON_C_011 ET BON_C_012 ET BON_C_014 ET BON_C_007 ET BON_C_008 ET BON_C_010 ET BON_C_013 | Y7: BON_C_003 | Z7: =VLOOKUP(Y7,'Axe 2 Règles de gestion'!$D$2:$F$13,3, FALSE) -> La date de fin des services doit être antérieure ou égale à la date limite de départ à la retraite. | AA7: BON_C_004 | AB7: =VLOOKUP(AA7,'Axe 2 Règles de gestion'!$D$2:$F$13,3, FALSE) -> La date de fin des services doit être postérieure ou égale à la date de début. | AC7: BON_C_011 | AD7: =VLOOKUP(AC7,'Axe 2 Règles de gestion'!$D$2:$F$13,3, FALSE) -> Si le pays ou territoire pour campagne est renseigné, alors le pays ou territoire hors d'Europe ne doit pas être renseigné. | AE7: BON_C_012 | AF7: =VLOOKUP(AE7,'Axe 2 Règles de gestion'!$D$2:$F$13,3, FALSE) -> Si le pays ou territoire hors d'Europe est renseigné, alors le pays ou territoire pour campagne ne doit pas être renseigné. | AG7: BON_C_014 | AH7: =VLOOKUP(AG7,'Axe 2 Règles de gestion'!$D$2:$F$13,3, FALSE) -> Le pays ou territoire pour campagne ou le pays ou territoire hors d'Europe doit être saisi. | AI7: BON_C_007 | AJ7: =VLOOKUP(AI7,'Axe 2 Règles de gestion'!$D$2:$F$13,3, FALSE) -> La date de fin de congé rémunéré passé hors du territoire d'exercice doit être antérieure ou égale à la date limite de départ à la retraite. | AK7: BON_C_008 | AL7: =VLOOKUP(AK7,'Axe 2 Règles de gestion'!$D$2:$F$13,3, FALSE) -> La date de fin de congé rémunéré passé hors du territoire d'exercice doit être postérieure ou égale à la date de début. | AM7: BON_C_010 | AN7: =VLOOKUP(AM7,'Axe 2 Règles de gestion'!$D$2:$F$13,3, FALSE) -> La date de fin de congé rémunéré passé hors du territoire d'exercice doit être antérieure ou égale à la date de fin des services | AO7: BON_C_013 | AP7: =VLOOKUP(AO7,'Axe 2 Règles de gestion'!$D$2:$F$13,3, FALSE) -> L'agent exerce ses fonctions hors d'Europe.
A8: 17.10.00 | B8: A | C8: 43189.5 | D8: D0005 | E8: Carrière | F8: S0040 | G8: Bonification retraite | H8: E0667 | I8: Bonification retraite | J8: La date de début des services est saisie | K8: A_BOR_DADESE [Saisi] <> Vide | L8: T1626 | M8: Bonification retraite - Demande | N8: Création | Q8: Ouvrier d'état | R8: P0005 | S8: O | T8: Général | U8: Exclu | V8: 40725
A9: 17.10.00 | B9: A | C9: 43189.5 | D9: D0005 | E9: Carrière | F9: S0040 | G9: Bonification retraite | H9: E0667 | I9: Bonification retraite | J9: La date de début des services est saisie | K9: A_BOR_DADESE [Saisi] <> Vide | L9: T1627 | M9: Bonification retraite - Fin | N9: Modification | Q9: Ouvrier d'état | R9: P0005 | S9: O | T9: Général | U9: Exclu | V9: 40725

Sheet Axe 1 Enchaînement RG Impact
A1: Version | B1: Type de mise à jour | C1: Date de mise à jour | D1: Identifiant Domaine | E1: Libellé du Domaine | F1: Identifiant Sous-domaine | G1: Libellé du Sous-domaine | H1: Identifiant Evénement | I1: Libellé de l'évènement | J1: Libellé condition déclenchement Evènement | K1: Condition déclenchement Evènement | L1: Identifiant type d'évènement | M1: Libellé type d'évènement | N1: Type de mise à jour | O1: Libellé condition déclenchement Type Evènement | P1: Condition déclenchement Type Evènement | Q1: Libellé Population | R1: Codification Population | S1: Typologie de population | T1: Général / Particulier | U1: Passant / Exclu | V1: Date de début | W1: Date de fin | X1: Impacts | Y1: FIME | Z1: Statut de travail
A2: 17.10.00 | B2: A | C2: 43152.5 | D2: D0005 | E2: Carrière | F2: S0040 | G2: Bonification retraite | H2: E0667 | I2: Bonification retraite | J2: La date de début des services est saisie | K2: A_BOR_DADESE [Saisi] <> Vide | L2: T1626 | M2: Bonification retraite - Demande | N2: Création | Q2: Titulaire ou magistrat | R2: P0001 | S2: T | T2: Général | U2: Passant | V2: 40725
A3: 17.10.00 | B3: A | C3: 43152.5 | D3: D0005 | E3: Carrière | F3: S0040 | G3: Bonification retraite | H3: E0667 | I3: Bonification retraite | J3: La date de début des services est saisie | K3: A_BOR_DADESE [Saisi] <> Vide | L3: T1627 | M3: Bonification retraite - Fin | N3: Modification | Q3: Titulaire ou magistrat | R3: P0001 | S3: T | T3: Général | U3: Passant | V3: 40725
A4: 17.10.00 | B4: A | C4: 43152.5 | D4: D0005 | E4: Carrière | F4: S0040 | G4: Bonification retraite | H4: E0667 | I4: Bonification retraite | J4: La date de début des services est saisie | K4: A_BOR_DADESE [Saisi] <> Vide | L4: T1626 | M4: Bonification retraite - Demande | N4: Création | Q4: Contractuel | R4: P0003 | S4: N | T4: Général | U4: Exclu | V4: 40725
A5: 17.10.00 | B5: A | C5: 43152.5 | D5: D0005 | E5: Carrière | F5: S0040 | G5: Bonification retraite | H5: E0667 | I5: Bonification retraite | J5: La date de début des services est saisie | K5: A_BOR_DADESE [Saisi] <> Vide | L5: T1627 | M5: Bonification retraite - Fin | N5: Modification | Q5: Contractuel | R5: P0003 | S5: N | T5: Général | U5: Exclu | V5: 40725
A6: 17.10.00 | B6: A | C6: 43152.5 | D6: D0005 | E6: Carrière | F6: S0040 | G6: Bonification retraite | H6: E0667 | I6: Bonification retraite | J6: La date de début des services est saisie | K6: A_BOR_DADESE [Saisi] <> Vide | L6: T1626 | M6: Bonification retraite - Demande | N6: Création | Q6: Stagiaire ou auditeur ou élève | R6: P0004 | S6: S | T6: Général | U6: Passant | V6: 40725
A7: 17.10.00 | B7: A | C7: 43152.5 | D7: D0005 | E7: Carrière | F7: S0040 | G7: Bonification retraite | H7: E0667 | I7: Bonification retraite | J7: La date de début des services est saisie | K7: A_BOR_DADESE [Saisi] <> Vide | L7: T1627 | M7: Bonification retraite - Fin | N7: Modification | Q7: Stagiaire ou auditeur ou élève | R7: P0004 | S7: S | T7: Général | U7: Passant | V7: 40725
A8: 17.10.00 | B8: A | C8: 43189.5 | D8: D0005 | E8: Carrière | F8: S0040 | G8: Bonification retraite | H8: E0667 | I8: Bonification retraite | J8: La date de début des services est saisie | K8: A_BOR_DADESE [Saisi] <> Vide | L8: T1626 | M8: Bonification retraite - Demande | N8: Création | Q8: Ouvrier d'état | R8: P0005 | S8: O | T8: Général | U8: Exclu | V8: 40725
A9: 17.10.00 | B9: A | C9: 43189.5 | D9: D0005 | E9: Carrière | F9: S0040 | G9: Bonification retraite | H9: E0667 | I9: Bonification retraite | J9: La date de début des services est saisie | K9: A_BOR_DADESE [Saisi] <> Vide | L9: T1627 | M9: Bonification retraite - Fin | N9: Modification | Q9: Ouvrier d'état | R9: P0005 | S9: O | T9: Général | U9: Exclu | V9: 40725

Sheet Axe 1 Rattachement des actes
A1: Version | B1: Type de mise à jour | C1: Date de mise à jour | D1: Identifiant Domaine | E1: Libellé du Domaine | F1: Identifiant Sous-domaine | G1: Libellé du Sous-domaine | H1: Identifiant Evénement | I1: Libellé de l'évènement | J1: Libellé condition déclenchement Evènement | K1: Condition déclenchement Evènement | L1: Identifiant type d'évènement | M1: Libellé type d'évènement | N1: Type de mise à jour | O1: Libellé condition déclenchement Type Evènement | P1: Condition déclenchement Type Evènement | Q1: Libellé Population | R1: Codification Population | S1: Général / Particulier | T1: Passant / Exclu | U1: Date de début | V1: Date de fin | W1: Libellé condition de déclenchement 1 | X1: Condition de déclenchement 1 | Y1: Code nature 1 | Z1: Libellé nature 1 | AA1: Libellé condition de déclenchement 2 | AB1: Condition de déclenchement 2 | AC1: Code nature 2 | AD1: Libellé nature 2 | AE1: Libellé condition de déclenchement 3 | AF1: Condition de déclenchement 3 | AG1: Code nature 3 | AH1: Libellé nature 3 | AI1: Libellé condition de déclenchement 4 | AJ1: Condition de déclenchement 4 | AK1: Code nature 4 | AL1: Libellé nature 4 | AM1: Commentaire | AN1: FIME | AO1: Statut de travail
A2: 17.10.00 | B2: A | C2: 43152.5 | D2: D0005 | E2: Carrière | F2: S0040 | G2: Bonification retraite | H2: E0667 | I2: Bonification retraite | J2: La date de début des services est saisie | K2: A_BOR_DADESE [Saisi] <> Vide | L2: T1626 | M2: Bonification retraite - Demande | N2: Création | Q2: Titulaire ou magistrat | R2: P0001 | S2: Général | T2: Passant | U2: 40550
A3: 17.10.00 | B3: A | C3: 43152.5 | D3: D0005 | E3: Carrière | F3: S0040 | G3: Bonification retraite | H3: E0667 | I3: Bonification retraite | J3: La date de début des services est saisie | K3: A_BOR_DADESE [Saisi] <> Vide | L3: T1627 | M3: Bonification retraite - Fin | N3: Modification | Q3: Titulaire ou magistrat | R3: P0001 | S3: Général | T3: Passant | U3: 40550
A4: 17.10.00 | B4: A | C4: 43152.5 | D4: D0005 | E4: Carrière | F4: S0040 | G4: Bonification retraite | H4: E0667 | I4: Bonification retraite | J4: La date de début des services est saisie | K4: A_BOR_DADESE [Saisi] <> Vide | L4: T1626 | M4: Bonification retraite - Demande | N4: Création | Q4: Contractuel | R4: P0003 | S4: Général | T4: Exclu | U4: 40550
A5: 17.10.00 | B5: A | C5: 43152.5 | D5: D0005 | E5: Carrière | F5: S0040 | G5: Bonification retraite | H5: E0667 | I5: Bonification retraite | J5: La date de début des services est saisie | K5: A_BOR_DADESE [Saisi] <> Vide | L5: T1627 | M5: Bonification retraite - Fin | N5: Modification | Q5: Contractuel | R5: P0003 | S5: Général | T5: Exclu | U5: 40550
A6: 17.10.00 | B6: A | C6: 43152.5 | D6: D0005 | E6: Carrière | F6: S0040 | G6: Bonification retraite | H6: E0667 | I6: Bonification retraite | J6: La date de début des services est saisie | K6: A_BOR_DADESE [Saisi] <> Vide | L6: T1626 | M6: Bonification retraite - Demande | N6: Création | Q6: Stagiaire ou auditeur ou élève | R6: P0004 | S6: Général | T6: Passant | U6: 40550
A7: 17.10.00 | B7: A | C7: 43152.5 | D7: D0005 | E7: Carrière | F7: S0040 | G7: Bonification retraite | H7: E0667 | I7: Bonification retraite | J7: La date de début des services est saisie | K7: A_BOR_DADESE [Saisi] <> Vide | L7: T1627 | M7: Bonification retraite - Fin | N7: Modification | Q7: Stagiaire ou auditeur ou élève | R7: P0004 | S7: Général | T7: Passant | U7: 40550
A8: 17.10.00 | B8: A | C8: 43189.5 | D8: D0005 | E8: Carrière | F8: S0040 | G8: Bonification retraite | H8: E0667 | I8: Bonification retraite | J8: La date de début des services est saisie | K8: A_BOR_DADESE [Saisi] <> Vide | L8: T1626 | M8: Bonification retraite - Demande | N8: Création | Q8: Ouvrier d'état | R8: P0005 | S8: Général | T8: Exclu | U8: 40550
A9: 17.10.00 | B9: A | C9: 43189.5 | D9: D0005 | E9: Carrière | F9: S0040 | G9: Bonification retraite | H9: E0667 | I9: Bonification retraite | J9: La date de début des services est saisie | K9: A_BOR_DADESE [Saisi] <> Vide | L9: T1627 | M9: Bonification retraite - Fin | N9: Modification | Q9: Ouvrier d'état | R9: P0005 | S9: Général | T9: Exclu | U9: 40550

Sheet Axe 2 Règles de gestion
A1: Version | B1: Type de mise à jour | C1: Date de mise à jour | D1: Code de la règle | E1: Type de règle | F1: Règle littérale | G1: Références juridiques | H1: Date de début | I1: Date de fin | J1: Condition | K1: Articulation | L1: Type de contrôle | M1: Commentaire | N1: Typage RG exclusion | O1: Typage RG condition | P1: Typage RG contrôle | Q1: Typage RG intellectuel | R1: Typage RG impact | S1: FIME | T1: Statut de travail | U1: Règle retenue | V1: Expression littérale
A2: 17.10.00 | B2: A | C2: 43152.5 | D2: BON_C_001 | E2: Contrôle | F2: La date de début des services doit être postérieure ou égale à la date d'entrée dans la FPE ou dans la carrière militaire. | H2: 40725 | K2: A_BOR_DADESE [Saisi] >= A_SAP_DENFPE [Dossier] | L2: Bloquant
A3: 17.10.00 | B3: A | C3: 43152.5 | D3: BON_C_003 | E3: Contrôle | F3: La date de fin des services doit être antérieure ou égale à la date limite de départ à la retraite. | H3: 40725 | J3: SI A_BOR_DAFISE [Saisi] <> Vide | K3: A_BOR_DAFISE [Saisi] <= A_SAP_DLDPRE [Dossier] | L3: Non Bloquant
A4: 17.10.00 | B4: A | C4: 43152.5 | D4: BON_C_004 | E4: Contrôle | F4: La date de fin des services doit être postérieure ou égale à la date de début. | H4: 40725 | J4: SI A_BOR_DAFISE [Saisi] <> Vide | K4: A_BOR_DAFISE [Saisi] >= A_BOR_DADESE [Saisi] | L4: Bloquant
A5: 17.10.00 | B5: A | C5: 43152.5 | D5: BON_C_005 | E5: Contrôle | F5: La date de début de congé rémunéré passé hors du territoire d'exercice doit être postérieure ou égale à la date d'entrée dans la FPE ou dans la carrière militaire. | H5: 40725 | J5: SI A_BOR_DDECHT [Saisi] <> Vide | K5: A_BOR_DDECHT [Saisi] >= A_SAP_DENFPE [Dossier] | L5: Bloquant
A6: 17.10.00 | B6: A | C6: 43152.5 | D6: BON_C_007 | E6: Contrôle | F6: La date de fin de congé rémunéré passé hors du territoire d'exercice doit être antérieure ou égale à la date limite de départ à la retraite. | H6: 40725 | J6: SI A_BOR_DFICHT [Saisi] <> Vide | K6: A_BOR_DFICHT [Saisi] <= A_SAP_DLDPRE [Dossier] | L6: Non Bloquant
A7: 17.10.00 | B7: A | C7: 43152.5 | D7: BON_C_008 | E7: Contrôle | F7: La date de fin de congé rémunéré passé hors du territoire d'exercice doit être postérieure ou égale à la date de début. | H7: 40725 | J7: SI A_BOR_DDECHT [Saisi] <> Vide ET A_BOR_DFICHT [Saisi] <> Vide | K7: A_BOR_DFICHT [Saisi] >= A_BOR_DDECHT [Saisi] | L7: Bloquant
A8: 17.10.00 | B8: A | C8: 43152.5 | D8: BON_C_009 | E8: Contrôle | F8: La date de début de congé rémunéré passé hors du territoire d'exercice doit être postérieure ou égale à la date de début des services | H8: 40725 | J8: SI A_BOR_DDECHT [Saisi] <> Vide | K8: A_BOR_DDECHT [Saisi] >= A_BOR_DADESE [Saisi] | L8: Bloquant
A9: 17.10.00 | B9: A | C9: 43152.5 | D9: BON_C_010 | E9: Contrôle | F9: La date de fin de congé rémunéré passé hors du territoire d'exercice doit être antérieure ou égale à la date de fin des services | H9: 40725 | J9: SI A_BOR_DFICHT [Saisi] <> Vide ET A_BOR_DAFISE [Saisi] <> Vide | K9: A_BOR_DFICHT [Saisi] <= A_BOR_DAFISE [Saisi] | L9: Bloquant
A10: 17.10.00 | B10: A | C10: 43152.5 | D10: BON_C_011 | E10: Contrôle | F10: Si le pays ou territoire pour campagne est renseigné, alors le pays ou territoire hors d'Europe ne doit pas être renseigné. | H10: 40725 | J10: SI A_BOR_PATECA [Saisi] <> Vide | K10: A_BOR_PATEHE [Saisi] = Vide | L10: Bloquant
A11: 17.10.00 | B11: A | C11: 43152.5 | D11: BON_C_012 | E11: Contrôle | F11: Si le pays ou territoire hors d'Europe est renseigné, alors le pays ou territoire pour campagne ne doit pas être renseigné. | H11: 40725 | J11: SI A_BOR_PATEHE [Saisi] <> Vide | K11: A_BOR_PATECA [Saisi] = Vide | L11: Bloquant
A12: 17.10.00 | B12: A | C12: 43152.5 | D12: BON_C_013 | E12: Contrôle | F12: L'agent exerce ses fonctions hors d'Europe. | H12: 40725 | K12: A_BOR_PATEHE [Saisi] <> Vide | L12: Bloquant
A13: 17.10.00 | B13: A | C13: 43152.5 | D13: BON_C_014 | E13: Contrôle | F13: Le pays ou territoire pour campagne ou le pays ou territoire hors d'Europe doit être saisi. | H13: 40725 | K13: A_BOR_PATEHE [Saisi] <> Vide OU A_BOR_PATECA [Saisi] <> Vide | L13: Bloquant
