Workbook

Sheet Mode opératoire
B1: MODE OPERATOIRE
B2: La transaction s'effectue au niveau de la rubrique : Statut de l'agent. Remarque : le sous domaine "S0188 - Report de la nomination en qualité de stagiaire" n'existe que pour les besoins des connaissances de Rebecca. En effet, l'agent n'est pas encore stagiaire.

Sheet Axe 1 Enchainement des RG
A1: Version | B1: Type de mise à jour | C1: Date de mise à jour | D1: Identifiant Domaine | E1: Libellé du Domaine | F1: Identifiant Sous-domaine | G1: Libellé du Sous-domaine | H1: Identifiant Evénement | I1: Libellé de l'évènement | J1: Libellé condition déclenchement Evènement | K1: Condition déclenchement Evènement | L1: Identifiant type d'évènement | M1: Libellé type d'évènement | N1: Type de mise à jour | O1: Libellé condition déclenchement Type Evènement | P1: Condition déclenchement Type Evènement | Q1: Libellé Population | R1: Codification Population | S1: Général / Particulier | T1: Passant / Exclu | U1: Date de début | V1: Date de fin | W1: Règles mobilisées | X1: Identifiant Règle de contrôle intellectuel 1 | Y1: Libellé Règle de contrôle intellectuel 1 | Z1: Identifiant Règle de contrôle intellectuel 2 | AA1: Libellé Règle de contrôle intellectuel 2 | AB1: Identifiant Règle de contrôle intellectuel 3 | AC1: Libellé Règle de contrôle intellectuel 3 | AD1: Identifiant Règle de contrôle intellectuel 4 | AE1: Libellé Règle de contrôle intellectuel 4 | AF1: Identifiant Règle de contrôle intellectuel 5 | AG1: Libellé Règle de contrôle intellectuel 5 | AH1: Identifiant Règle de contrôle intellectuel 6 | AI1: Libellé Règle de contrôle intellectuel 6 | AJ1: Identifiant Règle de condition 1 | AK1: Libellé Règle de condition 1 | AL1: Identifiant Règle de condition 2 | AM1: Libellé Règle de condition 2 | AN1: Identifiant Règle de condition 3 | AO1: Libellé Règle de condition 3 | AP1: Identifiant Règle de contrôle 1 | AQ1: Libellé Règle de contrôle 1 | AR1: Identifiant Règle de contrôle 2 | AS1: Libellé Règle de contrôle 2 | AT1: Identifiant Règle de contrôle 3 | AU1: Libellé Règle de contrôle 3 | AV1: Identifiant Règle de contrôle 4 | AW1: Libellé Règle de contrôle 4 | AX1: FIME | AY1: Statut de travail
A2: 25.10.00 | B2: A | C2: 45982.411 | D2: D0005 | E2: Carrière | F2: S0187 | G2: Stage préalable à la titularisation ou à la confirmation | H2: E1030 | I2: Prolongation stage suite à résultats insuffisants | J2: Prolongation suite à résultats insuffisants | K2: A_CAR_MOREST [Saisi] = 'TS01' | L2: T2478 | M2: Prolongation stage suite à résultats insuffisants | N2: Création Modification | Q2: Titulaire ou magistrat | R2: P0001 | S2: Général | T2: Exclu | U2: 45931 | AX2: 2025-69
A3: 25.10.00 | B3: A | C3: 45982.411 | D3: D0005 | E3: Carrière | F3: S0187 | G3: Stage préalable à la titularisation ou à la confirmation | H3: E1030 | I3: Prolongation stage suite à résultats insuffisants | J3: Prolongation suite à résultats insuffisants | K3: A_CAR_MOREST [Saisi] = 'TS01' | L3: T2478 | M3: Prolongation stage suite à résultats insuffisants | N3: Création Modification | Q3: Militaire | R3: P0002 | S3: Général | T3: Exclu | U3: 45931 | AX3: 2025-69
A4: 25.10.00 | B4: A | C4: 45982.411 | D4: D0005 | E4: Carrière | F4: S0187 | G4: Stage préalable à la titularisation ou à la confirmation | H4: E1030 | I4: Prolongation stage suite à résultats insuffisants | J4: Prolongation suite à résultats insuffisants | K4: A_CAR_MOREST [Saisi] = 'TS01' | L4: T2478 | M4: Prolongation stage suite à résultats insuffisants | N4: Création Modification | Q4: Contractuel | R4: P0003 | S4: Général | T4: Exclu | U4: 45931 | AX4: 2025-69
A5: 25.10.00 | B5: A | C5: 45982.601 | D5: D0005 | E5: Carrière | F5: S0187 | G5: Stage préalable à la titularisation ou à la confirmation | H5: E1030 | I5: Prolongation stage suite à résultats insuffisants | J5: Prolongation suite à résultats insuffisants | K5: A_CAR_MOREST [Saisi] = 'TS01' | L5: T2478 | M5: Prolongation stage suite à résultats insuffisants | N5: Création Modification | Q5: Stagiaire ou auditeur ou élève | R5: P0004 | S5: Général | T5: Passant | U5: 45931 | W5: STA_I_088 ET STA_I_074 ET STA_I_037 ET STA_I_092 ET CAR_C_054 ET CAR_C_055 | X5: STA_I_088 | Y5: =VLOOKUP(X5,'Axe 2 Règles de gestion'!$D$2:$F$97,3, FALSE) -> La durée normale de stage peut être prolongée si les aptitudes professionnelles du stagiaire ne sont pas jugées suffisantes pour permettre sa titularisation à l'expiration de la durée normale du stage. | Z5: STA_I_074 | AA5: =VLOOKUP(Z5,'Axe 2 Règles de gestion'!$D$2:$F$97,3, FALSE) -> A l'issue de la formation dispensée dans un établissement de formation, si l'administration ne peut apprécier l'aptitude suite aux absences aux épreuves ou évaluations, l'agent est autorisé à suivre ultérieurement tout ou partie de la formation. | AB5: STA_I_037 | AC5: =VLOOKUP(AB5,'Axe 2 Règles de gestion'!$D$2:$F$97,3, FALSE) -> En cas d'interruption du stage pendant moins de 3 ans, l'agent doit avoir accompli la période complémentaire de stage qui est nécessaire pour atteindre la durée normale du stage pour être titularisé. | AD5: STA_I_092 | AE5: =VLOOKUP(AD5,'Axe 2 Règles de gestion'!$D$2:$F$97,3, FALSE) -> Pour les agents dont le stage se déroule dans un établissement de formation, l'autorité peut mettre fin au stage si les absences de l'agent dépassent une durée fixée réglementairement. | AP5: CAR_C_054 | AQ5: =VLOOKUP(AP5,'Axe 2 Règles de gestion'!$D$2:$F$97,3, FALSE) -> La date de fin réelle du stage doit être antérieure à la date limite de départ à la retraite. | AR5: CAR_C_055 | AS5: =VLOOKUP(AR5,'Axe 2 Règles de gestion'!$D$2:$F$97,3, FALSE) -> La date de fin prévisionnelle de stage doit être antérieure à la date limite de départ à la retraite. | AX5: 2025-69
A6: 25.10.00 | B6: A | C6: 45982.411 | D6: D0005 | E6: Carrière | F6: S0187 | G6: Stage préalable à la titularisation ou à la confirmation | H6: E1030 | I6: Prolongation stage suite à résultats insuffisants | J6: Prolongation suite à résultats insuffisants | K6: A_CAR_MOREST [Saisi] = 'TS01' | L6: T2478 | M6: Prolongation stage suite à résultats insuffisants | N6: Création Modification | Q6: Ouvrier d'état | R6: P0005 | S6: Général | T6: Exclu | U6: 45931 | AX6: 2025-69
A7: 25.10.00 | B7: A | C7: 45982.642 | D7: D0005 | E7: Carrière | F7: S0187 | G7: Stage préalable à la titularisation ou à la confirmation | H7: E1030 | I7: Prolongation stage suite à résultats insuffisants | J7: Prolongation suite à résultats insuffisants | K7: A_CAR_MOREST [Saisi] = 'TS01' | L7: T2478 | M7: Prolongation stage suite à résultats insuffisants | N7: Création Modification | Q7: Ouvrier de la défense auxiliaire non affilié ou temporaire non mensualisé | R7: P0182 | S7: Particulier | T7: Passant | U7: 45931 | W7: STA_D_102 ET STA_D_103 ET CAR_C_054 ET CAR_C_055 | AJ7: STA_D_102 | AK7: =VLOOKUP(AJ7,'Axe 2 Règles de gestion'!$D$2:$F$97,3, FALSE) -> La durée totale du stage (prolongation incluse) ne peut excéder 2 ans entre la date de début et la date de fin prévisionnelle. | AL7: STA_D_103 | AM7: =VLOOKUP(AL7,'Axe 2 Règles de gestion'!$D$2:$F$97,3, FALSE) -> La durée totale du stage (prolongation incluse) ne peut excéder 2 ans entre la date de début et la date de fin réelle. | AP7: CAR_C_054 | AQ7: =VLOOKUP(AP7,'Axe 2 Règles de gestion'!$D$2:$F$97,3, FALSE) -> La date de fin réelle du stage doit être antérieure à la date limite de départ à la retraite. | AR7: CAR_C_055 | AS7: =VLOOKUP(AR7,'Axe 2 Règles de gestion'!$D$2:$F$97,3, FALSE) -> La date de fin prévisionnelle de stage doit être antérieure à la date limite de départ à la retraite. | AX7: 2025-69
A8: 25.10.00 | B8: A | C8: 45982.653 | D8: D0005 | E8: Carrière | F8: S0187 | G8: Stage préalable à la titularisation ou à la confirmation | H8: E1030 | I8: Prolongation stage suite à résultats insuffisants | J8: Prolongation suite à résultats insuffisants | K8: A_CAR_MOREST [Saisi] = 'TS01' | L8: T2478 | M8: Prolongation stage suite à résultats insuffisants | N8: Création Modification | Q8: Ouvrier des parcs et ateliers stagiaire | R8: P0226 | S8: Particulier | T8: Passant | U8: 45931 | W8: STA_D_111 ET STA_D_115 ET CAR_C_054 ET CAR_C_055 | AJ8: STA_D_111 | AK8: =VLOOKUP(AJ8,'Axe 2 Règles de gestion'!$D$2:$F$97,3, FALSE) -> La durée totale du stage (prolongation incluse) ne peut excéder 2 ans entre la date de début et la date de fin prévisionnelle. | AL8: STA_D_115 | AM8: =VLOOKUP(AL8,'Axe 2 Règles de gestion'!$D$2:$F$97,3, FALSE) -> La durée totale du stage (prolongation incluse) ne peut excéder 2 ans entre la date de début et la date de fin réelle. | AP8: CAR_C_054 | AQ8: =VLOOKUP(AP8,'Axe 2 Règles de gestion'!$D$2:$F$97,3, FALSE) -> La date de fin réelle du stage doit être antérieure à la date limite de départ à la retraite. | AR8: CAR_C_055 | AS8: =VLOOKUP(AR8,'Axe 2 Règles de gestion'!$D$2:$F$97,3, FALSE) -> La date de fin prévisionnelle de stage doit être antérieure à la date limite de départ à la retraite. | AX8: 2025-69
A9: 25.10.00 | B9: A | C9: 45982.66 | D9: D0005 | E9: Carrière | F9: S0187 | G9: Stage préalable à la titularisation ou à la confirmation | H9: E1030 | I9: Prolongation stage suite à résultats insuffisants | J9: Prolongation suite à résultats insuffisants | K9: A_CAR_MOREST [Saisi] = 'TS01' | L9: T2478 | M9: Prolongation stage suite à résultats insuffisants | N9: Création Modification | Q9: Ouvrier de l'Institut Géographique National stagiaire | R9: P0294 | S9: Particulier | T9: Passant | U9: 45931 | W9: STA_D_116 ET STA_D_117 ET CAR_C_054 ET CAR_C_055 | AJ9: STA_D_116 | AK9: =VLOOKUP(AJ9,'Axe 2 Règles de gestion'!$D$2:$F$97,3, FALSE) -> La durée totale du stage (prolongation incluse) ne peut excéder 2 ans entre la date de début et la date de fin prévisionnelle. | AL9: STA_D_117 | AM9: =VLOOKUP(AL9,'Axe 2 Règles de gestion'!$D$2:$F$97,3, FALSE) -> La durée totale du stage (prolongation incluse) ne peut excéder 2 ans entre la date de début et la date de fin réelle. | AP9: CAR_C_054 | AQ9: =VLOOKUP(AP9,'Axe 2 Règles de gestion'!$D$2:$F$97,3, FALSE) -> La date de fin réelle du stage doit être antérieure à la date limite de départ à la retraite. | AR9: CAR_C_055 | AS9: =VLOOKUP(AR9,'Axe 2 Règles de gestion'!$D$2:$F$97,3, FALSE) -> La date de fin prévisionnelle de stage doit être antérieure à la date limite de départ à la retraite. | AX9: 2025-69
A10: 25.10.00 | B10: A | C10: 45982.412 | D10: D0005 | E10: Carrière | F10: S0187 | G10: Stage préalable à la titularisation ou à la confirmation | H10: E1031 | I10: Prolongation stage suite à temps partiel | J10: Le type de situation de stage est égal à 'Prolongation suite à temps partiel' | K10: A_CAR_MOREST [Saisi] = 'TS02' | L10: T2479 | M10: Prolongation stage suite à temps partiel | N10: Création Modification | Q10: Titulaire ou magistrat | R10: P0001 | S10: Général | T10: Exclu | U10: 45931 | AX10: 2025-69
A11: 25.10.00 | B11: A | C11: 45982.413 | D11: D0005 | E11: Carrière | F11: S0187 | G11: Stage préalable à la titularisation ou à la confirmation | H11: E1031 | I11: Prolongation stage suite à temps partiel | J11: Le type de situation de stage est égal à 'Prolongation suite à temps partiel' | K11: A_CAR_MOREST [Saisi] = 'TS02' | L11: T2479 | M11: Prolongation stage suite à temps partiel | N11: Création Modification | Q11: Militaire | R11: P0002 | S11: Général | T11: Exclu | U11: 45931 | AX11: 2025-69
A12: 25.10.00 | B12: A | C12: 45982.413 | D12: D0005 | E12: Carrière | F12: S0187 | G12: Stage préalable à la titularisation ou à la confirmation | H12: E1031 | I12: Prolongation stage suite à temps partiel | J12: Le type de situation de stage est égal à 'Prolongation suite à temps partiel' | K12: A_CAR_MOREST [Saisi] = 'TS02' | L12: T2479 | M12: Prolongation stage suite à temps partiel | N12: Création Modification | Q12: Contractuel | R12: P0003 | S12: Général | T12: Exclu | U12: 45931 | AX12: 2025-69
A13: 25.10.00 | B13: A | C13: 45982.602 | D13: D0005 | E13: Carrière | F13: S0187 | G13: Stage préalable à la titularisation ou à la confirmation | H13: E1031 | I13: Prolongation stage suite à temps partiel | J13: Le type de situation de stage est égal à 'Prolongation suite à temps partiel' | K13: A_CAR_MOREST [Saisi] = 'TS02' | L13: T2479 | M13: Prolongation stage suite à temps partiel | N13: Création Modification | Q13: Stagiaire ou auditeur ou élève | R13: P0004 | S13: Général | T13: Passant | U13: 45931 | W13: STA_I_046 ET STA_D_001 ET CAR_C_054 ET CAR_C_055 ET CAR_C_101 ET CAR_C_102 | X13: STA_I_046 | Y13: =VLOOKUP(X13,'Axe 2 Règles de gestion'!$D$2:$F$97,3, FALSE) -> La durée du stage est augmentée en proportion pour être équivalente à celle d'un agent travaillant à temps plein. | AJ13: STA_D_001 | AK13: =VLOOKUP(AJ13,'Axe 2 Règles de gestion'!$D$2:$F$97,3, FALSE) -> L'agent a été en temps partiel de droit ou sur autorisation pendant sa période de stage | AP13: CAR_C_054 | AQ13: =VLOOKUP(AP13,'Axe 2 Règles de gestion'!$D$2:$F$97,3, FALSE) -> La date de fin réelle du stage doit être antérieure à la date limite de départ à la retraite. | AR13: CAR_C_055 | AS13: =VLOOKUP(AR13,'Axe 2 Règles de gestion'!$D$2:$F$97,3, FALSE) -> La date de fin prévisionnelle de stage doit être antérieure à la date limite de départ à la retraite. | AT13: CAR_C_101 | AU13: =VLOOKUP(AT13,'Axe 2 Règles de gestion'!$D$2:$F$97,3, FALSE) -> La date de fin prévisionnelle du stage doit être postérieure à la date de fin réelle de la modalité de service liée à la prolongation | AV13: CAR_C_102 | AW13: =VLOOKUP(AV13,'Axe 2 Règles de gestion'!$D$2:$F$97,3, FALSE) -> La date de fin réelle du stage doit être postérieure à la date de fin réelle de la modalité de service liée à la prolongation | AX13: 2025-69
A14: 25.10.00 | B14: A | C14: 45982.413 | D14: D0005 | E14: Carrière | F14: S0187 | G14: Stage préalable à la titularisation ou à la confirmation | H14: E1031 | I14: Prolongation stage suite à temps partiel | J14: Le type de situation de stage est égal à 'Prolongation suite à temps partiel' | K14: A_CAR_MOREST [Saisi] = 'TS02' | L14: T2479 | M14: Prolongation stage suite à temps partiel | N14: Création Modification | Q14: Ouvrier d'état | R14: P0005 | S14: Général | T14: Exclu | U14: 45931 | AX14: 2025-69
A15: 25.10.00 | B15: M | C15: 46020.573 | D15: D0005 | E15: Carrière | F15: S0187 | G15: Stage préalable à la titularisation ou à la confirmation | H15: E1031 | I15: Prolongation stage suite à temps partiel | J15: Le type de situation de stage est égal à 'Prolongation suite à temps partiel' | K15: A_CAR_MOREST [Saisi] = 'TS02' | L15: T2479 | M15: Prolongation stage suite à temps partiel | N15: Création Modification | Q15: Ouvrier de l'Etat stagiaire | R15: P0293 | S15: Particulier | T15: Passant | U15: 45931 | W15: STA_I_101 ET STA_D_045 ET CAR_C_054 ET CAR_C_055 ET CAR_C_101 ET CAR_C_102 | X15: STA_I_101 | Y15: =VLOOKUP(X15,'Axe 2 Règles de gestion'!$D$2:$F$97,3, FALSE) -> La durée du stage pour un agent bénéficiant d'un temps partiel est augmentée en proportion pour être équivalente à celle d'un agent travaillant à temps plein. | AJ15: STA_D_045 | AK15: =VLOOKUP(AJ15,'Axe 2 Règles de gestion'!$D$2:$F$97,3, FALSE) -> L'agent a été en temps partiel de droit ou sur autorisation pendant sa période de stage. | AP15: CAR_C_054 | AQ15: =VLOOKUP(AP15,'Axe 2 Règles de gestion'!$D$2:$F$97,3, FALSE) -> La date de fin réelle du stage doit être antérieure à la date limite de départ à la retraite. | AR15: CAR_C_055 | AS15: =VLOOKUP(AR15,'Axe 2 Règles de gestion'!$D$2:$F$97,3, FALSE) -> La date de fin prévisionnelle de stage doit être antérieure à la date limite de départ à la retraite. | AT15: CAR_C_101 | AU15: =VLOOKUP(AT15,'Axe 2 Règles de gestion'!$D$2:$F$97,3, FALSE) -> La date de fin prévisionnelle du stage doit être postérieure à la date de fin réelle de la modalité de service liée à la prolongation | AV15: CAR_C_102 | AW15: =VLOOKUP(AV15,'Axe 2 Règles de gestion'!$D$2:$F$97,3, FALSE) -> La date de fin réelle du stage doit être postérieure à la date de fin réelle de la modalité de service liée à la prolongation | AX15: 2025-69
A16: 25.10.00 | B16: A | C16: 45982.446 | D16: D0005 | E16: Carrière | F16: S0187 | G16: Stage préalable à la titularisation ou à la confirmation | H16: E1032 | I16: Prolongation stage suite à congé de maternité, paternité, adoption | J16: Le type de situation de stage est égal à 'Prolongation suite à congé de maternité, paternité, adoption' | K16: A_CAR_MOREST [Saisi] = 'TS04' | L16: T2480 | M16: Prolongation stage suite à congé de maternité, paternité, adoption | N16: Création Modification | Q16: Titulaire ou magistrat | R16: P0001 | S16: Général | T16: Exclu | U16: 45931 | AX16: 2025-69
A17: 25.10.00 | B17: A | C17: 45982.447 | D17: D0005 | E17: Carrière | F17: S0187 | G17: Stage préalable à la titularisation ou à la confirmation | H17: E1032 | I17: Prolongation stage suite à congé de maternité, paternité, adoption | J17: Le type de situation de stage est égal à 'Prolongation suite à congé de maternité, paternité, adoption' | K17: A_CAR_MOREST [Saisi] = 'TS04' | L17: T2480 | M17: Prolongation stage suite à congé de maternité, paternité, adoption | N17: Création Modification | Q17: Militaire | R17: P0002 | S17: Général | T17: Exclu | U17: 45931 | AX17: 2025-69
A18: 25.10.00 | B18: A | C18: 45982.446 | D18: D0005 | E18: Carrière | F18: S0187 | G18: Stage préalable à la titularisation ou à la confirmation | H18: E1032 | I18: Prolongation stage suite à congé de maternité, paternité, adoption | J18: Le type de situation de stage est égal à 'Prolongation suite à congé de maternité, paternité, adoption' | K18: A_CAR_MOREST [Saisi] = 'TS04' | L18: T2480 | M18: Prolongation stage suite à congé de maternité, paternité, adoption | N18: Création Modification | Q18: Contractuel | R18: P0003 | S18: Général | T18: Exclu | U18: 45931 | AX18: 2025-69
A19: 25.10.00 | B19: M | C19: 46020.452 | D19: D0005 | E19: Carrière | F19: S0187 | G19: Stage préalable à la titularisation ou à la confirmation | H19: E1032 | I19: Prolongation stage suite à congé de maternité, paternité, adoption | J19: Le type de situation de stage est égal à 'Prolongation suite à congé de maternité, paternité, adoption' | K19: A_CAR_MOREST [Saisi] = 'TS04' | L19: T2480 | M19: Prolongation stage suite à congé de maternité, paternité, adoption | N19: Création Modification | Q19: Stagiaire ou auditeur ou élève | R19: P0004 | S19: Général | T19: Passant | U19: 45931 | W19: STA_I_048 ET STA_I_037 ET STA_I_092 ET STA_D_003 ET CAR_C_054 ET CAR_C_055 ET CAR_C_097 ET CAR_C_098 | X19: STA_I_048 | Y19: =VLOOKUP(X19,'Axe 2 Règles de gestion'!$D$2:$F$97,3, FALSE) -> La période de prolongation est égale à la durée totale de ces congés qui excède 1/10ème de la durée statutaire du stage. | Z19: STA_I_037 | AA19: =VLOOKUP(Z19,'Axe 2 Règles de gestion'!$D$2:$F$97,3, FALSE) -> En cas d'interruption du stage pendant moins de 3 ans, l'agent doit avoir accompli la période complémentaire de stage qui est nécessaire pour atteindre la durée normale du stage pour être titularisé. | AB19: STA_I_092 | AC19: =VLOOKUP(AB19,'Axe 2 Règles de gestion'!$D$2:$F$97,3, FALSE) -> Pour les agents dont le stage se déroule dans un établissement de formation, l'autorité peut mettre fin au stage si les absences de l'agent dépassent une durée fixée réglementairement. | AJ19: STA_D_003 | AK19: =VLOOKUP(AJ19,'Axe 2 Règles de gestion'!$D$2:$F$97,3, FALSE) -> L'agent a été en congés annuels, maternité, paternité ou adoption pendant sa période de stage. | AP19: CAR_C_054 | AQ19: =VLOOKUP(AP19,'Axe 2 Règles de gestion'!$D$2:$F$97,3, FALSE) -> La date de fin réelle du stage doit être antérieure à la date limite de départ à la retraite. | AR19: CAR_C_055 | AS19: =VLOOKUP(AR19,'Axe 2 Règles de gestion'!$D$2:$F$97,3, FALSE) -> La date de fin prévisionnelle de stage doit être antérieure à la date limite de départ à la retraite. | AT19: CAR_C_097 | AU19: =VLOOKUP(AT19,'Axe 2 Règles de gestion'!$D$2:$F$97,3, FALSE) -> La date de fin réelle du stage doit être postérieure à la date de fin réelle du congé liée à la prolongation | AV19: CAR_C_098 | AW19: =VLOOKUP(AV19,'Axe 2 Règles de gestion'!$D$2:$F$97,3, FALSE) -> La date de fin prévisionnelle du stage doit être postérieure à la date de fin réelle du congé liée à la prolongation | AX19: 2025-69
A20: 25.10.00 | B20: A | C20: 45982.447 | D20: D0005 | E20: Carrière | F20: S0187 | G20: Stage préalable à la titularisation ou à la confirmation | H20: E1032 | I20: Prolongation stage suite à congé de maternité, paternité, adoption | J20: Le type de situation de stage est égal à 'Prolongation suite à congé de maternité, paternité, adoption' | K20: A_CAR_MOREST [Saisi] = 'TS04' | L20: T2480 | M20: Prolongation stage suite à congé de maternité, paternité, adoption | N20: Création Modification | Q20: Ouvrier d'état | R20: P0005 | S20: Général | T20: Exclu | U20: 45931 | AX20: 2025-69
A21: 25.10.00 | B21: A | C21: 45982.644 | D21: D0005 | E21: Carrière | F21: S0187 | G21: Stage préalable à la titularisation ou à la confirmation | H21: E1032 | I21: Prolongation stage suite à congé de maternité, paternité, adoption | J21: Le type de situation de stage est égal à 'Prolongation suite à congé de maternité, paternité, adoption' | K21: A_CAR_MOREST [Saisi] = 'TS04' | L21: T2480 | M21: Prolongation stage suite à congé de maternité, paternité, adoption | N21: Création Modification | Q21: Ouvrier de la défense auxiliaire non affilié ou temporaire non mensualisé | R21: P0182 | S21: Particulier | T21: Passant | U21: 45931 | W21: STA_D_102 ET STA_D_103 ET CAR_C_054 ET CAR_C_055 ET CAR_C_097 ET CAR_C_098 | AJ21: STA_D_102 | AK21: =VLOOKUP(AJ21,'Axe 2 Règles de gestion'!$D$2:$F$97,3, FALSE) -> La durée totale du stage (prolongation incluse) ne peut excéder 2 ans entre la date de début et la date de fin prévisionnelle. | AL21: STA_D_103 | AM21: =VLOOKUP(AL21,'Axe 2 Règles de gestion'!$D$2:$F$97,3, FALSE) -> La durée totale du stage (prolongation incluse) ne peut excéder 2 ans entre la date de début et la date de fin réelle. | AP21: CAR_C_054 | AQ21: =VLOOKUP(AP21,'Axe 2 Règles de gestion'!$D$2:$F$97,3, FALSE) -> La date de fin réelle du stage doit être antérieure à la date limite de départ à la retraite. | AR21: CAR_C_055 | AS21: =VLOOKUP(AR21,'Axe 2 Règles de gestion'!$D$2:$F$97,3, FALSE) -> La date de fin prévisionnelle de stage doit être antérieure à la date limite de départ à la retraite. | AT21: CAR_C_097 | AU21: =VLOOKUP(AT21,'Axe 2 Règles de gestion'!$D$2:$F$97,3, FALSE) -> La date de fin réelle du stage doit être postérieure à la date de fin réelle du congé liée à la prolongation | AV21: CAR_C_098 | AW21: =VLOOKUP(AV21,'Axe 2 Règles de gestion'!$D$2:$F$97,3, FALSE) -> La date de fin prévisionnelle du stage doit être postérieure à la date de fin réelle du congé liée à la prolongation | AX21: 2025-69
A22: 25.10.00 | B22: M | C22: 46020.454 | D22: D0005 | E22: Carrière | F22: S0187 | G22: Stage préalable à la titularisation ou à la confirmation | H22: E1032 | I22: Prolongation stage suite à congé de maternité, paternité, adoption | J22: Le type de situation de stage est égal à 'Prolongation suite à congé de maternité, paternité, adoption' | K22: A_CAR_MOREST [Saisi] = 'TS04' | L22: T2480 | M22: Prolongation stage suite à congé de maternité, paternité, adoption | N22: Création Modification | Q22: Ouvrier de l'Etat stagiaire | R22: P0293 | S22: Particulier | T22: Passant | U22: 45931 | W22: STA_D_114 ET CAR_C_054 ET CAR_C_055 ET CAR_C_097 ET CAR_C_098 | AJ22: STA_D_114 | AK22: =VLOOKUP(AJ22,'Axe 2 Règles de gestion'!$D$2:$F$97,3, FALSE) -> L'agent a été en congés maternité, paternité ou adoption pendant sa période de stage. | AP22: CAR_C_054 | AQ22: =VLOOKUP(AP22,'Axe 2 Règles de gestion'!$D$2:$F$97,3, FALSE) -> La date de fin réelle du stage doit être antérieure à la date limite de départ à la retraite. | AR22: CAR_C_055 | AS22: =VLOOKUP(AR22,'Axe 2 Règles de gestion'!$D$2:$F$97,3, FALSE) -> La date de fin prévisionnelle de stage doit être antérieure à la date limite de départ à la retraite. | AT22: CAR_C_097 | AU22: =VLOOKUP(AT22,'Axe 2 Règles de gestion'!$D$2:$F$97,3, FALSE) -> La date de fin réelle du stage doit être postérieure à la date de fin réelle du congé liée à la prolongation | AV22: CAR_C_098 | AW22: =VLOOKUP(AV22,'Axe 2 Règles de gestion'!$D$2:$F$97,3, FALSE) -> La date de fin prévisionnelle du stage doit être postérieure à la date de fin réelle du congé liée à la prolongation | AX22: 2025-69
A23: 25.10.00 | B23: A | C23: 45982.448 | D23: D0005 | E23: Carrière | F23: S0187 | G23: Stage préalable à la titularisation ou à la confirmation | H23: E1033 | I23: Prolongation stage suite à congés rémunérés de toute nature hors congés annuel, maternité, paternité, adoption | J23: Le type de situation de stage est égal à 'Prolongation suite à congés rémunérés de toute nature hors congés annuel, maternité, paternité, adoption' | K23: A_CAR_MOREST [Saisi] = 'TS05' | L23: T2481 | M23: Prolongation stage suite à congés rémunérés de toute nature hors congés annuel, maternité, paternité, adoption | N23: Création Modification | Q23: Titulaire ou magistrat | R23: P0001 | S23: Général | T23: Exclu | U23: 45931 | AX23: 2025-69
A24: 25.10.00 | B24: A | C24: 45982.449 | D24: D0005 | E24: Carrière | F24: S0187 | G24: Stage préalable à la titularisation ou à la confirmation | H24: E1033 | I24: Prolongation stage suite à congés rémunérés de toute nature hors congés annuel, maternité, paternité, adoption | J24: Le type de situation de stage est égal à 'Prolongation suite à congés rémunérés de toute nature hors congés annuel, maternité, paternité, adoption' | K24: A_CAR_MOREST [Saisi] = 'TS05' | L24: T2481 | M24: Prolongation stage suite à congés rémunérés de toute nature hors congés annuel, maternité, paternité, adoption | N24: Création Modification | Q24: Militaire | R24: P0002 | S24: Général | T24: Exclu | U24: 45931 | AX24: 2025-69
A25: 25.10.00 | B25: A | C25: 45982.448 | D25: D0005 | E25: Carrière | F25: S0187 | G25: Stage préalable à la titularisation ou à la confirmation | H25: E1033 | I25: Prolongation stage suite à congés rémunérés de toute nature hors congés annuel, maternité, paternité, adoption | J25: Le type de situation de stage est égal à 'Prolongation suite à congés rémunérés de toute nature hors congés annuel, maternité, paternité, adoption' | K25: A_CAR_MOREST [Saisi] = 'TS05' | L25: T2481 | M25: Prolongation stage suite à congés rémunérés de toute nature hors congés annuel, maternité, paternité, adoption | N25: Création Modification | Q25: Contractuel | R25: P0003 | S25: Général | T25: Exclu | U25: 45931 | AX25: 2025-69
A26: 25.10.00 | B26: M | C26: 45982.624 | D26: D0005 | E26: Carrière | F26: S0187 | G26: Stage préalable à la titularisation ou à la confirmation | H26: E1033 | I26: Prolongation stage suite à congés rémunérés de toute nature hors congés annuel, maternité, paternité, adoption | J26: Le type de situation de stage est égal à 'Prolongation suite à congés rémunérés de toute nature hors congés annuel, maternité, paternité, adoption' | K26: A_CAR_MOREST [Saisi] = 'TS05' | L26: T2481 | M26: Prolongation stage suite à congés rémunérés de toute nature hors congés annuel, maternité, paternité, adoption | N26: Création Modification | Q26: Stagiaire ou auditeur ou élève | R26: P0004 | S26: Général | T26: Passant | U26: 45931 | W26: STA_I_048 ET STA_I_037 ET STA_I_092 ET STA_D_004 ET CAR_C_054 ET CAR_C_055 ET CAR_C_097 ET CAR_C_098 | X26: STA_I_048 | Y26: =VLOOKUP(X26,'Axe 2 Règles de gestion'!$D$2:$F$97,3, FALSE) -> La période de prolongation est égale à la durée totale de ces congés qui excède 1/10ème de la durée statutaire du stage. | Z26: STA_I_037 | AA26: =VLOOKUP(Z26,'Axe 2 Règles de gestion'!$D$2:$F$97,3, FALSE) -> En cas d'interruption du stage pendant moins de 3 ans, l'agent doit avoir accompli la période complémentaire de stage qui est nécessaire pour atteindre la durée normale du stage pour être titularisé. | AB26: STA_I_092 | AC26: =VLOOKUP(AB26,'Axe 2 Règles de gestion'!$D$2:$F$97,3, FALSE) -> Pour les agents dont le stage se déroule dans un établissement de formation, l'autorité peut mettre fin au stage si les absences de l'agent dépassent une durée fixée réglementairement. | AJ26: STA_D_004 | AK26: =VLOOKUP(AJ26,'Axe 2 Règles de gestion'!$D$2:$F$97,3, FALSE) -> L'agent a été en congés rémunérés hors congés annuels, maternité, paternité ou adoption pendant sa période de stage | AP26: CAR_C_054 | AQ26: =VLOOKUP(AP26,'Axe 2 Règles de gestion'!$D$2:$F$97,3, FALSE) -> La date de fin réelle du stage doit être antérieure à la date limite de départ à la retraite. | AR26: CAR_C_055 | AS26: =VLOOKUP(AR26,'Axe 2 Règles de gestion'!$D$2:$F$97,3, FALSE) -> La date de fin prévisionnelle de stage doit être antérieure à la date limite de départ à la retraite. | AT26: CAR_C_097 | AU26: =VLOOKUP(AT26,'Axe 2 Règles de gestion'!$D$2:$F$97,3, FALSE) -> La date de fin réelle du stage doit être postérieure à la date de fin réelle du congé liée à la prolongation | AV26: CAR_C_098 | AW26: =VLOOKUP(AV26,'Axe 2 Règles de gestion'!$D$2:$F$97,3, FALSE) -> La date de fin prévisionnelle du stage doit être postérieure à la date de fin réelle du congé liée à la prolongation | AX26: 2025-69
A27: 25.10.00 | B27: A | C27: 45982.449 | D27: D0005 | E27: Carrière | F27: S0187 | G27: Stage préalable à la titularisation ou à la confirmation | H27: E1033 | I27: Prolongation stage suite à congés rémunérés de toute nature hors congés annuel, maternité, paternité, adoption | J27: Le type de situation de stage est égal à 'Prolongation suite à congés rémunérés de toute nature hors congés annuel, maternité, paternité, adoption' | K27: A_CAR_MOREST [Saisi] = 'TS05' | L27: T2481 | M27: Prolongation stage suite à congés rémunérés de toute nature hors congés annuel, maternité, paternité, adoption | N27: Création Modification | Q27: Ouvrier d'état | R27: P0005 | S27: Général | T27: Exclu | U27: 45931 | AX27: 2025-69
A28: 25.10.00 | B28: A | C28: 45982.645 | D28: D0005 | E28: Carrière | F28: S0187 | G28: Stage préalable à la titularisation ou à la confirmation | H28: E1033 | I28: Prolongation stage suite à congés rémunérés de toute nature hors congés annuel, maternité, paternité, adoption | J28: Le type de situation de stage est égal à 'Prolongation suite à congés rémunérés de toute nature hors congés annuel, maternité, paternité, adoption' | K28: A_CAR_MOREST [Saisi] = 'TS05' | L28: T2481 | M28: Prolongation stage suite à congés rémunérés de toute nature hors congés annuel, maternité, paternité, adoption | N28: Création Modification | Q28: Ouvrier de la défense auxiliaire non affilié ou temporaire non mensualisé | R28: P0182 | S28: Particulier | T28: Passant | U28: 45931 | W28: STA_D_102 ET STA_D_103 ET CAR_C_054 ET CAR_C_055 ET CAR_C_097 ET CAR_C_098 | AJ28: STA_D_102 | AK28: =VLOOKUP(AJ28,'Axe 2 Règles de gestion'!$D$2:$F$97,3, FALSE) -> La durée totale du stage (prolongation incluse) ne peut excéder 2 ans entre la date de début et la date de fin prévisionnelle. | AL28: STA_D_103 | AM28: =VLOOKUP(AL28,'Axe 2 Règles de gestion'!$D$2:$F$97,3, FALSE) -> La durée totale du stage (prolongation incluse) ne peut excéder 2 ans entre la date de début et la date de fin réelle. | AP28: CAR_C_054 | AQ28: =VLOOKUP(AP28,'Axe 2 Règles de gestion'!$D$2:$F$97,3, FALSE) -> La date de fin réelle du stage doit être antérieure à la date limite de départ à la retraite. | AR28: CAR_C_055 | AS28: =VLOOKUP(AR28,'Axe 2 Règles de gestion'!$D$2:$F$97,3, FALSE) -> La date de fin prévisionnelle de stage doit être antérieure à la date limite de départ à la retraite. | AT28: CAR_C_097 | AU28: =VLOOKUP(AT28,'Axe 2 Règles de gestion'!$D$2:$F$97,3, FALSE) -> La date de fin réelle du stage doit être postérieure à la date de fin réelle du congé liée à la prolongation | AV28: CAR_C_098 | AW28: =VLOOKUP(AV28,'Axe 2 Règles de gestion'!$D$2:$F$97,3, FALSE) -> La date de fin prévisionnelle du stage doit être postérieure à la date de fin réelle du congé liée à la prolongation | AX28: 2025-69
A29: 25.10.00 | B29: M | C29: 46020.578 | D29: D0005 | E29: Carrière | F29: S0187 | G29: Stage préalable à la titularisation ou à la confirmation | H29: E1033 | I29: Prolongation stage suite à congés rémunérés de toute nature hors congés annuel, maternité, paternité, adoption | J29: Le type de situation de stage est égal à 'Prolongation suite à congés rémunérés de toute nature hors congés annuel, maternité, paternité, adoption' | K29: A_CAR_MOREST [Saisi] = 'TS05' | L29: T2481 | M29: Prolongation stage suite à congés rémunérés de toute nature hors congés annuel, maternité, paternité, adoption | N29: Création Modification | Q29: Ouvrier de l'Etat stagiaire | R29: P0293 | S29: Particulier | T29: Passant | U29: 45931 | W29: STA_I_103 ET STA_D_105 ET CAR_C_054 ET CAR_C_055 ET CAR_C_097 ET CAR_C_098 | X29: STA_I_103 | Y29: =VLOOKUP(X29,'Axe 2 Règles de gestion'!$D$2:$F$97,3, FALSE) -> L'agent bénéficie d'une prise en compte de la durée passée dans un congé de maladie, de longue maladie, de longue durée, d'accident du travail, de maladie professionnelle ou d'un congé sans salaire à concurrence du 1/10 de la durée du contrat. | AJ29: STA_D_105 | AK29: =VLOOKUP(AJ29,'Axe 2 Règles de gestion'!$D$2:$F$97,3, FALSE) -> L'agent a été en congés rémunérés hors congés annuels, maternité, paternité ou adoption pendant sa période de stage. | AP29: CAR_C_054 | AQ29: =VLOOKUP(AP29,'Axe 2 Règles de gestion'!$D$2:$F$97,3, FALSE) -> La date de fin réelle du stage doit être antérieure à la date limite de départ à la retraite. | AR29: CAR_C_055 | AS29: =VLOOKUP(AR29,'Axe 2 Règles de gestion'!$D$2:$F$97,3, FALSE) -> La date de fin prévisionnelle de stage doit être antérieure à la date limite de départ à la retraite. | AT29: CAR_C_097 | AU29: =VLOOKUP(AT29,'Axe 2 Règles de gestion'!$D$2:$F$97,3, FALSE) -> La date de fin réelle du stage doit être postérieure à la date de fin réelle du congé liée à la prolongation | AV29: CAR_C_098 | AW29: =VLOOKUP(AV29,'Axe 2 Règles de gestion'!$D$2:$F$97,3, FALSE) -> La date de fin prévisionnelle du stage doit être postérieure à la date de fin réelle du congé liée à la prolongation | AX29: 2025-69
A30: 25.10.00 | B30: A | C30: 45982.465 | D30: D0005 | E30: Carrière | F30: S0187 | G30: Stage préalable à la titularisation ou à la confirmation | H30: E1034 | I30: Prolongation stage suite à période d'instruction militaire obligatoire ou congé sans traitement pour service national | J30: Le type de situation de stage est égal à 'Prolongation suite à période d'instruction militaire obligatoire ou congé sans traitement pour service national' | K30: A_CAR_MOREST [Saisi] = 'TS06' | L30: T2482 | M30: Prolongation stage suite à période d'instruction militaire obligatoire ou congé sans traitement pour service national | N30: Création Modification | Q30: Titulaire ou magistrat | R30: P0001 | S30: Général | T30: Exclu | U30: 45931 | AX30: 2025-69
A31: 25.10.00 | B31: A | C31: 45982.465 | D31: D0005 | E31: Carrière | F31: S0187 | G31: Stage préalable à la titularisation ou à la confirmation | H31: E1034 | I31: Prolongation stage suite à période d'instruction militaire obligatoire ou congé sans traitement pour service national | J31: Le type de situation de stage est égal à 'Prolongation suite à période d'instruction militaire obligatoire ou congé sans traitement pour service national' | K31: A_CAR_MOREST [Saisi] = 'TS06' | L31: T2482 | M31: Prolongation stage suite à période d'instruction militaire obligatoire ou congé sans traitement pour service national | N31: Création Modification | Q31: Militaire | R31: P0002 | S31: Général | T31: Exclu | U31: 45931 | AX31: 2025-69
A32: 25.10.00 | B32: A | C32: 45982.465 | D32: D0005 | E32: Carrière | F32: S0187 | G32: Stage préalable à la titularisation ou à la confirmation | H32: E1034 | I32: Prolongation stage suite à période d'instruction militaire obligatoire ou congé sans traitement pour service national | J32: Le type de situation de stage est égal à 'Prolongation suite à période d'instruction militaire obligatoire ou congé sans traitement pour service national' | K32: A_CAR_MOREST [Saisi] = 'TS06' | L32: T2482 | M32: Prolongation stage suite à période d'instruction militaire obligatoire ou congé sans traitement pour service national | N32: Création Modification | Q32: Contractuel | R32: P0003 | S32: Général | T32: Exclu | U32: 45931 | AX32: 2025-69
A33: 25.10.00 | B33: A | C33: 45982.626 | D33: D0005 | E33: Carrière | F33: S0187 | G33: Stage préalable à la titularisation ou à la confirmation | H33: E1034 | I33: Prolongation stage suite à période d'instruction militaire obligatoire ou congé sans traitement pour service national | J33: Le type de situation de stage est égal à 'Prolongation suite à période d'instruction militaire obligatoire ou congé sans traitement pour service national' | K33: A_CAR_MOREST [Saisi] = 'TS06' | L33: T2482 | M33: Prolongation stage suite à période d'instruction militaire obligatoire ou congé sans traitement pour service national | N33: Création Modification | Q33: Stagiaire ou auditeur ou élève | R33: P0004 | S33: Général | T33: Passant | U33: 45931 | W33: STA_I_048 ET STA_I_037 ET STA_I_092 ET STA_D_104 ET CAR_C_054 ET CAR_C_055 ET CAR_C_099 ET CAR_C_100 | X33: STA_I_048 | Y33: =VLOOKUP(X33,'Axe 2 Règles de gestion'!$D$2:$F$97,3, FALSE) -> La période de prolongation est égale à la durée totale de ces congés qui excède 1/10ème de la durée statutaire du stage. | Z33: STA_I_037 | AA33: =VLOOKUP(Z33,'Axe 2 Règles de gestion'!$D$2:$F$97,3, FALSE) -> En cas d'interruption du stage pendant moins de 3 ans, l'agent doit avoir accompli la période complémentaire de stage qui est nécessaire pour atteindre la durée normale du stage pour être titularisé. | AB33: STA_I_092 | AC33: =VLOOKUP(AB33,'Axe 2 Règles de gestion'!$D$2:$F$97,3, FALSE) -> Pour les agents dont le stage se déroule dans un établissement de formation, l'autorité peut mettre fin au stage si les absences de l'agent dépassent une durée fixée réglementairement. | AJ33: STA_D_104 | AK33: =VLOOKUP(AJ33,'Axe 2 Règles de gestion'!$D$2:$F$97,3, FALSE) -> L'agent a été en période d'instruction militaire obligatoire ou en congé sans traitement pour service national pendant sa période de stage. | AP33: CAR_C_054 | AQ33: =VLOOKUP(AP33,'Axe 2 Règles de gestion'!$D$2:$F$97,3, FALSE) -> La date de fin réelle du stage doit être antérieure à la date limite de départ à la retraite. | AR33: CAR_C_055 | AS33: =VLOOKUP(AR33,'Axe 2 Règles de gestion'!$D$2:$F$97,3, FALSE) -> La date de fin prévisionnelle de stage doit être antérieure à la date limite de départ à la retraite. | AT33: CAR_C_099 | AU33: =VLOOKUP(AT33,'Axe 2 Règles de gestion'!$D$2:$F$97,3, FALSE) -> La date de fin réelle du stage doit être postérieure à la date de fin réelle de la position liée à la prolongation | AV33: CAR_C_100 | AW33: =VLOOKUP(AV33,'Axe 2 Règles de gestion'!$D$2:$F$97,3, FALSE) -> La date de fin prévisionnelle du stage doit être postérieure à la date de fin réelle de la position liée à la prolongation | AX33: 2025-69
A34: 25.10.00 | B34: A | C34: 45982.465 | D34: D0005 | E34: Carrière | F34: S0187 | G34: Stage préalable à la titularisation ou à la confirmation | H34: E1034 | I34: Prolongation stage suite à période d'instruction militaire obligatoire ou congé sans traitement pour service national | J34: Le type de situation de stage est égal à 'Prolongation suite à période d'instruction militaire obligatoire ou congé sans traitement pour service national' | K34: A_CAR_MOREST [Saisi] = 'TS06' | L34: T2482 | M34: Prolongation stage suite à période d'instruction militaire obligatoire ou congé sans traitement pour service national | N34: Création Modification | Q34: Ouvrier d'état | R34: P0005 | S34: Général | T34: Exclu | U34: 45931 | AX34: 2025-69
A35: 25.10.00 | B35: A | C35: 45982.466 | D35: D0005 | E35: Carrière | F35: S0187 | G35: Stage préalable à la titularisation ou à la confirmation | H35: E1035 | I35: Prolongation stage suite à congé de solidarité familiale ou à congé de proche aidant | J35: Le type de situation de stage est égal à 'Prolongation suite à congé de solidarité familiale ou à congé de proche aidant' | K35: A_CAR_MOREST [Saisi] = 'TS07' | L35: T2483 | M35: Prolongation stage suite à congé de solidarité familiale ou à congé de proche aidant | N35: Création Modification | Q35: Titulaire ou magistrat | R35: P0001 | S35: Général | T35: Exclu | U35: 45931 | AX35: 2025-69
A36: 25.10.00 | B36: A | C36: 45982.466 | D36: D0005 | E36: Carrière | F36: S0187 | G36: Stage préalable à la titularisation ou à la confirmation | H36: E1035 | I36: Prolongation stage suite à congé de solidarité familiale ou à congé de proche aidant | J36: Le type de situation de stage est égal à 'Prolongation suite à congé de solidarité familiale ou à congé de proche aidant' | K36: A_CAR_MOREST [Saisi] = 'TS07' | L36: T2483 | M36: Prolongation stage suite à congé de solidarité familiale ou à congé de proche aidant | N36: Création Modification | Q36: Militaire | R36: P0002 | S36: Général | T36: Exclu | U36: 45931 | AX36: 2025-69
A37: 25.10.00 | B37: A | C37: 45982.466 | D37: D0005 | E37: Carrière | F37: S0187 | G37: Stage préalable à la titularisation ou à la confirmation | H37: E1035 | I37: Prolongation stage suite à congé de solidarité familiale ou à congé de proche aidant | J37: Le type de situation de stage est égal à 'Prolongation suite à congé de solidarité familiale ou à congé de proche aidant' | K37: A_CAR_MOREST [Saisi] = 'TS07' | L37: T2483 | M37: Prolongation stage suite à congé de solidarité familiale ou à congé de proche aidant | N37: Création Modification | Q37: Contractuel | R37: P0003 | S37: Général | T37: Exclu | U37: 45931 | AX37: 2025-69
A38: 25.10.00 | B38: A | C38: 45982.628 | D38: D0005 | E38: Carrière | F38: S0187 | G38: Stage préalable à la titularisation ou à la confirmation | H38: E1035 | I38: Prolongation stage suite à congé de solidarité familiale ou à congé de proche aidant | J38: Le type de situation de stage est égal à 'Prolongation suite à congé de solidarité familiale ou à congé de proche aidant' | K38: A_CAR_MOREST [Saisi] = 'TS07' | L38: T2483 | M38: Prolongation stage suite à congé de solidarité familiale ou à congé de proche aidant | N38: Création Modification | Q38: Stagiaire ou auditeur ou élève | R38: P0004 | S38: Général | T38: Passant | U38: 45931 | W38: STA_I_047 ET STA_I_037 ET STA_I_092 ET STA_D_006 ET CAR_C_054 ET CAR_C_055 ET CAR_C_097 ET CAR_C_098 | X38: STA_I_047 | Y38: =VLOOKUP(X38,'Axe 2 Règles de gestion'!$D$2:$F$97,3, FALSE) -> La date de fin de stage est reportée pour le temps passé dans ces congés. | Z38: STA_I_037 | AA38: =VLOOKUP(Z38,'Axe 2 Règles de gestion'!$D$2:$F$97,3, FALSE) -> En cas d'interruption du stage pendant moins de 3 ans, l'agent doit avoir accompli la période complémentaire de stage qui est nécessaire pour atteindre la durée normale du stage pour être titularisé. | AB38: STA_I_092 | AC38: =VLOOKUP(AB38,'Axe 2 Règles de gestion'!$D$2:$F$97,3, FALSE) -> Pour les agents dont le stage se déroule dans un établissement de formation, l'autorité peut mettre fin au stage si les absences de l'agent dépassent une durée fixée réglementairement. | AJ38: STA_D_006 | AK38: =VLOOKUP(AJ38,'Axe 2 Règles de gestion'!$D$2:$F$97,3, FALSE) -> L'agent a été en congé de solidarité familiale ou en congé de proche aidant pendant sa période de stage. | AP38: CAR_C_054 | AQ38: =VLOOKUP(AP38,'Axe 2 Règles de gestion'!$D$2:$F$97,3, FALSE) -> La date de fin réelle du stage doit être antérieure à la date limite de départ à la retraite. | AR38: CAR_C_055 | AS38: =VLOOKUP(AR38,'Axe 2 Règles de gestion'!$D$2:$F$97,3, FALSE) -> La date de fin prévisionnelle de stage doit être antérieure à la date limite de départ à la retraite. | AT38: CAR_C_097 | AU38: =VLOOKUP(AT38,'Axe 2 Règles de gestion'!$D$2:$F$97,3, FALSE) -> La date de fin réelle du stage doit être postérieure à la date de fin réelle du congé liée à la prolongation | AV38: CAR_C_098 | AW38: =VLOOKUP(AV38,'Axe 2 Règles de gestion'!$D$2:$F$97,3, FALSE) -> La date de fin prévisionnelle du stage doit être postérieure à la date de fin réelle du congé liée à la prolongation | AX38: 2025-69
A39: 25.10.00 | B39: A | C39: 45982.467 | D39: D0005 | E39: Carrière | F39: S0187 | G39: Stage préalable à la titularisation ou à la confirmation | H39: E1035 | I39: Prolongation stage suite à congé de solidarité familiale ou à congé de proche aidant | J39: Le type de situation de stage est égal à 'Prolongation suite à congé de solidarité familiale ou à congé de proche aidant' | K39: A_CAR_MOREST [Saisi] = 'TS07' | L39: T2483 | M39: Prolongation stage suite à congé de solidarité familiale ou à congé de proche aidant | N39: Création Modification | Q39: Ouvrier d'état | R39: P0005 | S39: Général | T39: Exclu | U39: 45931 | AX39: 2025-69
A40: 25.10.00 | B40: A | C40: 45982.646 | D40: D0005 | E40: Carrière | F40: S0187 | G40: Stage préalable à la titularisation ou à la confirmation | H40: E1035 | I40: Prolongation stage suite à congé de solidarité familiale ou à congé de proche aidant | J40: Le type de situation de stage est égal à 'Prolongation suite à congé de solidarité familiale ou à congé de proche aidant' | K40: A_CAR_MOREST [Saisi] = 'TS07' | L40: T2483 | M40: Prolongation stage suite à congé de solidarité familiale ou à congé de proche aidant | N40: Création Modification | Q40: Ouvrier de la défense auxiliaire non affilié ou temporaire non mensualisé | R40: P0182 | S40: Particulier | T40: Passant | U40: 45931 | W40: STA_D_102 ET STA_D_103 ET CAR_C_054 ET CAR_C_055 ET CAR_C_097 ET CAR_C_098 | AJ40: STA_D_102 | AK40: =VLOOKUP(AJ40,'Axe 2 Règles de gestion'!$D$2:$F$97,3, FALSE) -> La durée totale du stage (prolongation incluse) ne peut excéder 2 ans entre la date de début et la date de fin prévisionnelle. | AL40: STA_D_103 | AM40: =VLOOKUP(AL40,'Axe 2 Règles de gestion'!$D$2:$F$97,3, FALSE) -> La durée totale du stage (prolongation incluse) ne peut excéder 2 ans entre la date de début et la date de fin réelle. | AP40: CAR_C_054 | AQ40: =VLOOKUP(AP40,'Axe 2 Règles de gestion'!$D$2:$F$97,3, FALSE) -> La date de fin réelle du stage doit être antérieure à la date limite de départ à la retraite. | AR40: CAR_C_055 | AS40: =VLOOKUP(AR40,'Axe 2 Règles de gestion'!$D$2:$F$97,3, FALSE) -> La date de fin prévisionnelle de stage doit être antérieure à la date limite de départ à la retraite. | AT40: CAR_C_097 | AU40: =VLOOKUP(AT40,'Axe 2 Règles de gestion'!$D$2:$F$97,3, FALSE) -> La date de fin réelle du stage doit être postérieure à la date de fin réelle du congé liée à la prolongation | AV40: CAR_C_098 | AW40: =VLOOKUP(AV40,'Axe 2 Règles de gestion'!$D$2:$F$97,3, FALSE) -> La date de fin prévisionnelle du stage doit être postérieure à la date de fin réelle du congé liée à la prolongation | AX40: 2025-69
A41: 25.10.00 | B41: A | C41: 45982.658 | D41: D0005 | E41: Carrière | F41: S0187 | G41: Stage préalable à la titularisation ou à la confirmation | H41: E1035 | I41: Prolongation stage suite à congé de solidarité familiale ou à congé de proche aidant | J41: Le type de situation de stage est égal à 'Prolongation suite à congé de solidarité familiale ou à congé de proche aidant' | K41: A_CAR_MOREST [Saisi] = 'TS07' | L41: T2483 | M41: Prolongation stage suite à congé de solidarité familiale ou à congé de proche aidant | N41: Création Modification | Q41: Ouvrier de l'Etat stagiaire | R41: P0293 | S41: Particulier | T41: Passant | U41: 45931 | W41: STA_I_102 ET STA_D_106 ET CAR_C_054 ET CAR_C_055 ET CAR_C_097 ET CAR_C_098 | X41: STA_I_102 | Y41: =VLOOKUP(X41,'Axe 2 Règles de gestion'!$D$2:$F$97,3, FALSE) -> La date de fin de stage est reportée d'un nombre de jours ouvrés égal au nombre de jours et, le cas échéant, de demi-journées de congé que l'agent a utilisés. | AJ41: STA_D_106 | AK41: =VLOOKUP(AJ41,'Axe 2 Règles de gestion'!$D$2:$F$97,3, FALSE) -> L'agent a été en congé de solidarité familiale ou en congé de proche aidant pendant sa période de stage. | AP41: CAR_C_054 | AQ41: =VLOOKUP(AP41,'Axe 2 Règles de gestion'!$D$2:$F$97,3, FALSE) -> La date de fin réelle du stage doit être antérieure à la date limite de départ à la retraite. | AR41: CAR_C_055 | AS41: =VLOOKUP(AR41,'Axe 2 Règles de gestion'!$D$2:$F$97,3, FALSE) -> La date de fin prévisionnelle de stage doit être antérieure à la date limite de départ à la retraite. | AT41: CAR_C_097 | AU41: =VLOOKUP(AT41,'Axe 2 Règles de gestion'!$D$2:$F$97,3, FALSE) -> La date de fin réelle du stage doit être postérieure à la date de fin réelle du congé liée à la prolongation | AV41: CAR_C_098 | AW41: =VLOOKUP(AV41,'Axe 2 Règles de gestion'!$D$2:$F$97,3, FALSE) -> La date de fin prévisionnelle du stage doit être postérieure à la date de fin réelle du congé liée à la prolongation | AX41: 2025-69
A42: 25.10.00 | B42: A | C42: 45982.47 | D42: D0005 | E42: Carrière | F42: S0187 | G42: Stage préalable à la titularisation ou à la confirmation | H42: E1036 | I42: Prolongation stage suite à congé de présence parentale | J42: Le type de situation de stage est égal à 'Prolongation suite à congé de présence parentale' | K42: A_CAR_MOREST [Saisi] = 'TS08' | L42: T2484 | M42: Prolongation stage suite à congé de présence parentale | N42: Création Modification | Q42: Titulaire ou magistrat | R42: P0001 | S42: Général | T42: Exclu | U42: 45931 | AX42: 2025-69
A43: 25.10.00 | B43: A | C43: 45982.472 | D43: D0005 | E43: Carrière | F43: S0187 | G43: Stage préalable à la titularisation ou à la confirmation | H43: E1036 | I43: Prolongation stage suite à congé de présence parentale | J43: Le type de situation de stage est égal à 'Prolongation suite à congé de présence parentale' | K43: A_CAR_MOREST [Saisi] = 'TS08' | L43: T2484 | M43: Prolongation stage suite à congé de présence parentale | N43: Création Modification | Q43: Militaire | R43: P0002 | S43: Général | T43: Exclu | U43: 45931 | AX43: 2025-69
A44: 25.10.00 | B44: A | C44: 45982.472 | D44: D0005 | E44: Carrière | F44: S0187 | G44: Stage préalable à la titularisation ou à la confirmation | H44: E1036 | I44: Prolongation stage suite à congé de présence parentale | J44: Le type de situation de stage est égal à 'Prolongation suite à congé de présence parentale' | K44: A_CAR_MOREST [Saisi] = 'TS08' | L44: T2484 | M44: Prolongation stage suite à congé de présence parentale | N44: Création Modification | Q44: Contractuel | R44: P0003 | S44: Général | T44: Exclu | U44: 45931 | AX44: 2025-69
A45: 25.10.00 | B45: A | C45: 45982.629 | D45: D0005 | E45: Carrière | F45: S0187 | G45: Stage préalable à la titularisation ou à la confirmation | H45: E1036 | I45: Prolongation stage suite à congé de présence parentale | J45: Le type de situation de stage est égal à 'Prolongation suite à congé de présence parentale' | K45: A_CAR_MOREST [Saisi] = 'TS08' | L45: T2484 | M45: Prolongation stage suite à congé de présence parentale | N45: Création Modification | Q45: Stagiaire ou auditeur ou élève | R45: P0004 | S45: Général | T45: Passant | U45: 45931 | W45: STA_I_047 ET STA_I_037 ET STA_I_092 ET STA_D_007 ET CAR_C_054 ET CAR_C_055 ET CAR_C_097 ET CAR_C_098 | X45: STA_I_047 | Y45: =VLOOKUP(X45,'Axe 2 Règles de gestion'!$D$2:$F$97,3, FALSE) -> La date de fin de stage est reportée pour le temps passé dans ces congés. | Z45: STA_I_037 | AA45: =VLOOKUP(Z45,'Axe 2 Règles de gestion'!$D$2:$F$97,3, FALSE) -> En cas d'interruption du stage pendant moins de 3 ans, l'agent doit avoir accompli la période complémentaire de stage qui est nécessaire pour atteindre la durée normale du stage pour être titularisé. | AB45: STA_I_092 | AC45: =VLOOKUP(AB45,'Axe 2 Règles de gestion'!$D$2:$F$97,3, FALSE) -> Pour les agents dont le stage se déroule dans un établissement de formation, l'autorité peut mettre fin au stage si les absences de l'agent dépassent une durée fixée réglementairement. | AJ45: STA_D_007 | AK45: =VLOOKUP(AJ45,'Axe 2 Règles de gestion'!$D$2:$F$97,3, FALSE) -> L'agent a été en congé de présence parentale pendant sa période de stage | AP45: CAR_C_054 | AQ45: =VLOOKUP(AP45,'Axe 2 Règles de gestion'!$D$2:$F$97,3, FALSE) -> La date de fin réelle du stage doit être antérieure à la date limite de départ à la retraite. | AR45: CAR_C_055 | AS45: =VLOOKUP(AR45,'Axe 2 Règles de gestion'!$D$2:$F$97,3, FALSE) -> La date de fin prévisionnelle de stage doit être antérieure à la date limite de départ à la retraite. | AT45: CAR_C_097 | AU45: =VLOOKUP(AT45,'Axe 2 Règles de gestion'!$D$2:$F$97,3, FALSE) -> La date de fin réelle du stage doit être postérieure à la date de fin réelle du congé liée à la prolongation | AV45: CAR_C_098 | AW45: =VLOOKUP(AV45,'Axe 2 Règles de gestion'!$D$2:$F$97,3, FALSE) -> La date de fin prévisionnelle du stage doit être postérieure à la date de fin réelle du congé liée à la prolongation | AX45: 2025-69
A46: 25.10.00 | B46: A | C46: 45982.472 | D46: D0005 | E46: Carrière | F46: S0187 | G46: Stage préalable à la titularisation ou à la confirmation | H46: E1036 | I46: Prolongation stage suite à congé de présence parentale | J46: Le type de situation de stage est égal à 'Prolongation suite à congé de présence parentale' | K46: A_CAR_MOREST [Saisi] = 'TS08' | L46: T2484 | M46: Prolongation stage suite à congé de présence parentale | N46: Création Modification | Q46: Ouvrier d'état | R46: P0005 | S46: Général | T46: Exclu | U46: 45931 | AX46: 2025-69
A47: 25.10.00 | B47: A | C47: 45982.647 | D47: D0005 | E47: Carrière | F47: S0187 | G47: Stage préalable à la titularisation ou à la confirmation | H47: E1036 | I47: Prolongation stage suite à congé de présence parentale | J47: Le type de situation de stage est égal à 'Prolongation suite à congé de présence parentale' | K47: A_CAR_MOREST [Saisi] = 'TS08' | L47: T2484 | M47: Prolongation stage suite à congé de présence parentale | N47: Création Modification | Q47: Ouvrier de la défense auxiliaire non affilié ou temporaire non mensualisé | R47: P0182 | S47: Particulier | T47: Passant | U47: 45931 | W47: STA_D_102 ET STA_D_103 ET CAR_C_054 ET CAR_C_055 ET CAR_C_097 ET CAR_C_098 | AJ47: STA_D_102 | AK47: =VLOOKUP(AJ47,'Axe 2 Règles de gestion'!$D$2:$F$97,3, FALSE) -> La durée totale du stage (prolongation incluse) ne peut excéder 2 ans entre la date de début et la date de fin prévisionnelle. | AL47: STA_D_103 | AM47: =VLOOKUP(AL47,'Axe 2 Règles de gestion'!$D$2:$F$97,3, FALSE) -> La durée totale du stage (prolongation incluse) ne peut excéder 2 ans entre la date de début et la date de fin réelle. | AP47: CAR_C_054 | AQ47: =VLOOKUP(AP47,'Axe 2 Règles de gestion'!$D$2:$F$97,3, FALSE) -> La date de fin réelle du stage doit être antérieure à la date limite de départ à la retraite. | AR47: CAR_C_055 | AS47: =VLOOKUP(AR47,'Axe 2 Règles de gestion'!$D$2:$F$97,3, FALSE) -> La date de fin prévisionnelle de stage doit être antérieure à la date limite de départ à la retraite. | AT47: CAR_C_097 | AU47: =VLOOKUP(AT47,'Axe 2 Règles de gestion'!$D$2:$F$97,3, FALSE) -> La date de fin réelle du stage doit être postérieure à la date de fin réelle du congé liée à la prolongation | AV47: CAR_C_098 | AW47: =VLOOKUP(AV47,'Axe 2 Règles de gestion'!$D$2:$F$97,3, FALSE) -> La date de fin prévisionnelle du stage doit être postérieure à la date de fin réelle du congé liée à la prolongation | AX47: 2025-69
A48: 25.10.00 | B48: A | C48: 45982.658 | D48: D0005 | E48: Carrière | F48: S0187 | G48: Stage préalable à la titularisation ou à la confirmation | H48: E1036 | I48: Prolongation stage suite à congé de présence parentale | J48: Le type de situation de stage est égal à 'Prolongation suite à congé de présence parentale' | K48: A_CAR_MOREST [Saisi] = 'TS08' | L48: T2484 | M48: Prolongation stage suite à congé de présence parentale | N48: Création Modification | Q48: Ouvrier de l'Etat stagiaire | R48: P0293 | S48: Particulier | T48: Passant | U48: 45931 | W48: STA_I_102 ET STA_D_107 ET CAR_C_054 ET CAR_C_055 ET CAR_C_097 ET CAR_C_098 | X48: STA_I_102 | Y48: =VLOOKUP(X48,'Axe 2 Règles de gestion'!$D$2:$F$97,3, FALSE) -> La date de fin de stage est reportée d'un nombre de jours ouvrés égal au nombre de jours et, le cas échéant, de demi-journées de congé que l'agent a utilisés. | AJ48: STA_D_107 | AK48: =VLOOKUP(AJ48,'Axe 2 Règles de gestion'!$D$2:$F$97,3, FALSE) -> L'agent a été en congé de présence parentale pendant sa période de stage. | AP48: CAR_C_054 | AQ48: =VLOOKUP(AP48,'Axe 2 Règles de gestion'!$D$2:$F$97,3, FALSE) -> La date de fin réelle du stage doit être antérieure à la date limite de départ à la retraite. | AR48: CAR_C_055 | AS48: =VLOOKUP(AR48,'Axe 2 Règles de gestion'!$D$2:$F$97,3, FALSE) -> La date de fin prévisionnelle de stage doit être antérieure à la date limite de départ à la retraite. | AT48: CAR_C_097 | AU48: =VLOOKUP(AT48,'Axe 2 Règles de gestion'!$D$2:$F$97,3, FALSE) -> La date de fin réelle du stage doit être postérieure à la date de fin réelle du congé liée à la prolongation | AV48: CAR_C_098 | AW48: =VLOOKUP(AV48,'Axe 2 Règles de gestion'!$D$2:$F$97,3, FALSE) -> La date de fin prévisionnelle du stage doit être postérieure à la date de fin réelle du congé liée à la prolongation | AX48: 2025-69
A49: 25.10.00 | B49: A | C49: 45982.473 | D49: D0005 | E49: Carrière | F49: S0187 | G49: Stage préalable à la titularisation ou à la confirmation | H49: E1037 | I49: Prolongation stage suite à congé sans traitement pour raisons familiales | J49: Le type de situation de stage est égal à 'Prolongation suite à congé sans traitement pour raisons familiales' | K49: A_CAR_MOREST [Saisi] = 'TS09' | L49: T2485 | M49: Prolongation stage suite à congé sans traitement pour raisons familiales | N49: Création Modification | Q49: Titulaire ou magistrat | R49: P0001 | S49: Général | T49: Exclu | U49: 45931 | AX49: 2025-69
A50: 25.10.00 | B50: A | C50: 45982.473 | D50: D0005 | E50: Carrière | F50: S0187 | G50: Stage préalable à la titularisation ou à la confirmation | H50: E1037 | I50: Prolongation stage suite à congé sans traitement pour raisons familiales | J50: Le type de situation de stage est égal à 'Prolongation suite à congé sans traitement pour raisons familiales' | K50: A_CAR_MOREST [Saisi] = 'TS09' | L50: T2485 | M50: Prolongation stage suite à congé sans traitement pour raisons familiales | N50: Création Modification | Q50: Militaire | R50: P0002 | S50: Général | T50: Exclu | U50: 45931 | AX50: 2025-69
A51: 25.10.00 | B51: A | C51: 45982.473 | D51: D0005 | E51: Carrière | F51: S0187 | G51: Stage préalable à la titularisation ou à la confirmation | H51: E1037 | I51: Prolongation stage suite à congé sans traitement pour raisons familiales | J51: Le type de situation de stage est égal à 'Prolongation suite à congé sans traitement pour raisons familiales' | K51: A_CAR_MOREST [Saisi] = 'TS09' | L51: T2485 | M51: Prolongation stage suite à congé sans traitement pour raisons familiales | N51: Création Modification | Q51: Contractuel | R51: P0003 | S51: Général | T51: Exclu | U51: 45931 | AX51: 2025-69
A52: 25.10.00 | B52: A | C52: 45982.631 | D52: D0005 | E52: Carrière | F52: S0187 | G52: Stage préalable à la titularisation ou à la confirmation | H52: E1037 | I52: Prolongation stage suite à congé sans traitement pour raisons familiales | J52: Le type de situation de stage est égal à 'Prolongation suite à congé sans traitement pour raisons familiales' | K52: A_CAR_MOREST [Saisi] = 'TS09' | L52: T2485 | M52: Prolongation stage suite à congé sans traitement pour raisons familiales | N52: Création Modification | Q52: Stagiaire ou auditeur ou élève | R52: P0004 | S52: Général | T52: Passant | U52: 45931 | W52: STA_I_093 ET STA_I_037 ET STA_I_092 ET STA_D_008 ET CAR_C_054 ET CAR_C_055 ET CAR_C_099 ET CAR_C_100 | X52: STA_I_093 | Y52: =VLOOKUP(X52,'Axe 2 Règles de gestion'!$D$2:$F$97,3, FALSE) -> Lorsque l'interruption du stage a duré 1 an au moins, la reprise des fonctions est subordonnée à une vérification des conditions de santé par un médecin agréé et, éventuellement, par le conseil médical compétent. | Z52: STA_I_037 | AA52: =VLOOKUP(Z52,'Axe 2 Règles de gestion'!$D$2:$F$97,3, FALSE) -> En cas d'interruption du stage pendant moins de 3 ans, l'agent doit avoir accompli la période complémentaire de stage qui est nécessaire pour atteindre la durée normale du stage pour être titularisé. | AB52: STA_I_092 | AC52: =VLOOKUP(AB52,'Axe 2 Règles de gestion'!$D$2:$F$97,3, FALSE) -> Pour les agents dont le stage se déroule dans un établissement de formation, l'autorité peut mettre fin au stage si les absences de l'agent dépassent une durée fixée réglementairement. | AJ52: STA_D_008 | AK52: =VLOOKUP(AJ52,'Axe 2 Règles de gestion'!$D$2:$F$97,3, FALSE) -> L'agent a été en congé sans traitement pour raisons familiales pendant sa période de stage | AP52: CAR_C_054 | AQ52: =VLOOKUP(AP52,'Axe 2 Règles de gestion'!$D$2:$F$97,3, FALSE) -> La date de fin réelle du stage doit être antérieure à la date limite de départ à la retraite. | AR52: CAR_C_055 | AS52: =VLOOKUP(AR52,'Axe 2 Règles de gestion'!$D$2:$F$97,3, FALSE) -> La date de fin prévisionnelle de stage doit être antérieure à la date limite de départ à la retraite. | AT52: CAR_C_099 | AU52: =VLOOKUP(AT52,'Axe 2 Règles de gestion'!$D$2:$F$97,3, FALSE) -> La date de fin réelle du stage doit être postérieure à la date de fin réelle de la position liée à la prolongation | AV52: CAR_C_100 | AW52: =VLOOKUP(AV52,'Axe 2 Règles de gestion'!$D$2:$F$97,3, FALSE) -> La date de fin prévisionnelle du stage doit être postérieure à la date de fin réelle de la position liée à la prolongation | AX52: 2025-69
A53: 25.10.00 | B53: A | C53: 45982.477 | D53: D0005 | E53: Carrière | F53: S0187 | G53: Stage préalable à la titularisation ou à la confirmation | H53: E1037 | I53: Prolongation stage suite à congé sans traitement pour raisons familiales | J53: Le type de situation de stage est égal à 'Prolongation suite à congé sans traitement pour raisons familiales' | K53: A_CAR_MOREST [Saisi] = 'TS09' | L53: T2485 | M53: Prolongation stage suite à congé sans traitement pour raisons familiales | N53: Création Modification | Q53: Ouvrier d'état | R53: P0005 | S53: Général | T53: Exclu | U53: 45931 | AX53: 2025-69
A54: 25.10.00 | B54: A | C54: 45982.496 | D54: D0005 | E54: Carrière | F54: S0187 | G54: Stage préalable à la titularisation ou à la confirmation | H54: E1038 | I54: Prolongation stage suite à congé sans traitement pour suivre un cycle préparatoire à un concours | J54: Le type de situation de stage est égal à 'Prolongation suite à congé sans traitement pour suivre un cycle préparatoire à un concours' | K54: A_CAR_MOREST [Saisi] = 'TS10' | L54: T2486 | M54: Prolongation stage suite à congé sans traitement pour suivre un cycle préparatoire à un concours | N54: Création Modification | Q54: Titulaire ou magistrat | R54: P0001 | S54: Général | T54: Exclu | U54: 45931 | AX54: 2025-69
A55: 25.10.00 | B55: A | C55: 45982.496 | D55: D0005 | E55: Carrière | F55: S0187 | G55: Stage préalable à la titularisation ou à la confirmation | H55: E1038 | I55: Prolongation stage suite à congé sans traitement pour suivre un cycle préparatoire à un concours | J55: Le type de situation de stage est égal à 'Prolongation suite à congé sans traitement pour suivre un cycle préparatoire à un concours' | K55: A_CAR_MOREST [Saisi] = 'TS10' | L55: T2486 | M55: Prolongation stage suite à congé sans traitement pour suivre un cycle préparatoire à un concours | N55: Création Modification | Q55: Militaire | R55: P0002 | S55: Général | T55: Exclu | U55: 45931 | AX55: 2025-69
A56: 25.10.00 | B56: A | C56: 45982.496 | D56: D0005 | E56: Carrière | F56: S0187 | G56: Stage préalable à la titularisation ou à la confirmation | H56: E1038 | I56: Prolongation stage suite à congé sans traitement pour suivre un cycle préparatoire à un concours | J56: Le type de situation de stage est égal à 'Prolongation suite à congé sans traitement pour suivre un cycle préparatoire à un concours' | K56: A_CAR_MOREST [Saisi] = 'TS10' | L56: T2486 | M56: Prolongation stage suite à congé sans traitement pour suivre un cycle préparatoire à un concours | N56: Création Modification | Q56: Contractuel | R56: P0003 | S56: Général | T56: Exclu | U56: 45931 | AX56: 2025-69
A57: 25.10.00 | B57: A | C57: 45982.631 | D57: D0005 | E57: Carrière | F57: S0187 | G57: Stage préalable à la titularisation ou à la confirmation | H57: E1038 | I57: Prolongation stage suite à congé sans traitement pour suivre un cycle préparatoire à un concours | J57: Le type de situation de stage est égal à 'Prolongation suite à congé sans traitement pour suivre un cycle préparatoire à un concours' | K57: A_CAR_MOREST [Saisi] = 'TS10' | L57: T2486 | M57: Prolongation stage suite à congé sans traitement pour suivre un cycle préparatoire à un concours | N57: Création Modification | Q57: Stagiaire ou auditeur ou élève | R57: P0004 | S57: Général | T57: Passant | U57: 45931 | W57: STA_I_037 ET STA_I_092 ET STA_D_009 ET CAR_C_054 ET CAR_C_055 ET CAR_C_099 ET CAR_C_100 | X57: STA_I_037 | Y57: =VLOOKUP(X57,'Axe 2 Règles de gestion'!$D$2:$F$97,3, FALSE) -> En cas d'interruption du stage pendant moins de 3 ans, l'agent doit avoir accompli la période complémentaire de stage qui est nécessaire pour atteindre la durée normale du stage pour être titularisé. | Z57: STA_I_092 | AA57: =VLOOKUP(Z57,'Axe 2 Règles de gestion'!$D$2:$F$97,3, FALSE) -> Pour les agents dont le stage se déroule dans un établissement de formation, l'autorité peut mettre fin au stage si les absences de l'agent dépassent une durée fixée réglementairement. | AJ57: STA_D_009 | AK57: =VLOOKUP(AJ57,'Axe 2 Règles de gestion'!$D$2:$F$97,3, FALSE) -> L'agent a été en congé sans traitement pour suivre un cycle préparatoire à un concours pendant sa période de stage | AP57: CAR_C_054 | AQ57: =VLOOKUP(AP57,'Axe 2 Règles de gestion'!$D$2:$F$97,3, FALSE) -> La date de fin réelle du stage doit être antérieure à la date limite de départ à la retraite. | AR57: CAR_C_055 | AS57: =VLOOKUP(AR57,'Axe 2 Règles de gestion'!$D$2:$F$97,3, FALSE) -> La date de fin prévisionnelle de stage doit être antérieure à la date limite de départ à la retraite. | AT57: CAR_C_099 | AU57: =VLOOKUP(AT57,'Axe 2 Règles de gestion'!$D$2:$F$97,3, FALSE) -> La date de fin réelle du stage doit être postérieure à la date de fin réelle de la position liée à la prolongation | AV57: CAR_C_100 | AW57: =VLOOKUP(AV57,'Axe 2 Règles de gestion'!$D$2:$F$97,3, FALSE) -> La date de fin prévisionnelle du stage doit être postérieure à la date de fin réelle de la position liée à la prolongation | AX57: 2025-69
A58: 25.10.00 | B58: A | C58: 45982.497 | D58: D0005 | E58: Carrière | F58: S0187 | G58: Stage préalable à la titularisation ou à la confirmation | H58: E1038 | I58: Prolongation stage suite à congé sans traitement pour suivre un cycle préparatoire à un concours | J58: Le type de situation de stage est égal à 'Prolongation suite à congé sans traitement pour suivre un cycle préparatoire à un concours' | K58: A_CAR_MOREST [Saisi] = 'TS10' | L58: T2486 | M58: Prolongation stage suite à congé sans traitement pour suivre un cycle préparatoire à un concours | N58: Création Modification | Q58: Ouvrier d'état | R58: P0005 | S58: Général | T58: Exclu | U58: 45931 | AX58: 2025-69
A59: 25.10.00 | B59: A | C59: 45982.653 | D59: D0005 | E59: Carrière | F59: S0187 | G59: Stage préalable à la titularisation ou à la confirmation | H59: E1038 | I59: Prolongation stage suite à congé sans traitement pour suivre un cycle préparatoire à un concours | J59: Le type de situation de stage est égal à 'Prolongation suite à congé sans traitement pour suivre un cycle préparatoire à un concours' | K59: A_CAR_MOREST [Saisi] = 'TS10' | L59: T2486 | M59: Prolongation stage suite à congé sans traitement pour suivre un cycle préparatoire à un concours | N59: Création Modification | Q59: Ouvrier des parcs et ateliers stagiaire | R59: P0226 | S59: Particulier | T59: Passant | U59: 45931 | W59: STA_D_118 ET CAR_C_054 ET CAR_C_055 ET CAR_C_099 ET CAR_C_100 | AJ59: STA_D_118 | AK59: =VLOOKUP(AJ59,'Axe 2 Règles de gestion'!$D$2:$F$97,3, FALSE) -> L'agent a été en congé sans traitement pour suivre un cycle préparatoire à un concours pendant sa période de stage. | AP59: CAR_C_054 | AQ59: =VLOOKUP(AP59,'Axe 2 Règles de gestion'!$D$2:$F$97,3, FALSE) -> La date de fin réelle du stage doit être antérieure à la date limite de départ à la retraite. | AR59: CAR_C_055 | AS59: =VLOOKUP(AR59,'Axe 2 Règles de gestion'!$D$2:$F$97,3, FALSE) -> La date de fin prévisionnelle de stage doit être antérieure à la date limite de départ à la retraite. | AT59: CAR_C_099 | AU59: =VLOOKUP(AT59,'Axe 2 Règles de gestion'!$D$2:$F$97,3, FALSE) -> La date de fin réelle du stage doit être postérieure à la date de fin réelle de la position liée à la prolongation | AV59: CAR_C_100 | AW59: =VLOOKUP(AV59,'Axe 2 Règles de gestion'!$D$2:$F$97,3, FALSE) -> La date de fin prévisionnelle du stage doit être postérieure à la date de fin réelle de la position liée à la prolongation | AX59: 2025-69
A60: 25.10.00 | B60: A | C60: 45982.577 | D60: D0005 | E60: Carrière | F60: S0187 | G60: Stage préalable à la titularisation ou à la confirmation | H60: E1039 | I60: Prolongation stage suite à congé sans traitement pour convenances personnelles | J60: Le type de situation de stage est égal à 'Prolongation suite à congé sans traitement pour convenances personnelles' | K60: A_CAR_MOREST [Saisi] = 'TS11' | L60: T2487 | M60: Prolongation stage suite à congé sans traitement pour convenances personnelles | N60: Création Modification | Q60: Titulaire ou magistrat | R60: P0001 | S60: Général | T60: Exclu | U60: 45931 | AX60: 2025-69
A61: 25.10.00 | B61: A | C61: 45982.578 | D61: D0005 | E61: Carrière | F61: S0187 | G61: Stage préalable à la titularisation ou à la confirmation | H61: E1039 | I61: Prolongation stage suite à congé sans traitement pour convenances personnelles | J61: Le type de situation de stage est égal à 'Prolongation suite à congé sans traitement pour convenances personnelles' | K61: A_CAR_MOREST [Saisi] = 'TS11' | L61: T2487 | M61: Prolongation stage suite à congé sans traitement pour convenances personnelles | N61: Création Modification | Q61: Militaire | R61: P0002 | S61: Général | T61: Exclu | U61: 45931 | AX61: 2025-69
A62: 25.10.00 | B62: A | C62: 45982.578 | D62: D0005 | E62: Carrière | F62: S0187 | G62: Stage préalable à la titularisation ou à la confirmation | H62: E1039 | I62: Prolongation stage suite à congé sans traitement pour convenances personnelles | J62: Le type de situation de stage est égal à 'Prolongation suite à congé sans traitement pour convenances personnelles' | K62: A_CAR_MOREST [Saisi] = 'TS11' | L62: T2487 | M62: Prolongation stage suite à congé sans traitement pour convenances personnelles | N62: Création Modification | Q62: Contractuel | R62: P0003 | S62: Général | T62: Exclu | U62: 45931 | AX62: 2025-69
A63: 25.10.00 | B63: A | C63: 45982.632 | D63: D0005 | E63: Carrière | F63: S0187 | G63: Stage préalable à la titularisation ou à la confirmation | H63: E1039 | I63: Prolongation stage suite à congé sans traitement pour convenances personnelles | J63: Le type de situation de stage est égal à 'Prolongation suite à congé sans traitement pour convenances personnelles' | K63: A_CAR_MOREST [Saisi] = 'TS11' | L63: T2487 | M63: Prolongation stage suite à congé sans traitement pour convenances personnelles | N63: Création Modification | Q63: Stagiaire ou auditeur ou élève | R63: P0004 | S63: Général | T63: Passant | U63: 45931 | W63: STA_I_037 ET STA_I_092 ET STA_D_010 ET CAR_C_054 ET CAR_C_055 ET CAR_C_099 ET CAR_C_100 | X63: STA_I_037 | Y63: =VLOOKUP(X63,'Axe 2 Règles de gestion'!$D$2:$F$97,3, FALSE) -> En cas d'interruption du stage pendant moins de 3 ans, l'agent doit avoir accompli la période complémentaire de stage qui est nécessaire pour atteindre la durée normale du stage pour être titularisé. | Z63: STA_I_092 | AA63: =VLOOKUP(Z63,'Axe 2 Règles de gestion'!$D$2:$F$97,3, FALSE) -> Pour les agents dont le stage se déroule dans un établissement de formation, l'autorité peut mettre fin au stage si les absences de l'agent dépassent une durée fixée réglementairement. | AJ63: STA_D_010 | AK63: =VLOOKUP(AJ63,'Axe 2 Règles de gestion'!$D$2:$F$97,3, FALSE) -> L'agent a été en congé sans traitement pour convenances personnelles pendant sa période de stage | AP63: CAR_C_054 | AQ63: =VLOOKUP(AP63,'Axe 2 Règles de gestion'!$D$2:$F$97,3, FALSE) -> La date de fin réelle du stage doit être antérieure à la date limite de départ à la retraite. | AR63: CAR_C_055 | AS63: =VLOOKUP(AR63,'Axe 2 Règles de gestion'!$D$2:$F$97,3, FALSE) -> La date de fin prévisionnelle de stage doit être antérieure à la date limite de départ à la retraite. | AT63: CAR_C_099 | AU63: =VLOOKUP(AT63,'Axe 2 Règles de gestion'!$D$2:$F$97,3, FALSE) -> La date de fin réelle du stage doit être postérieure à la date de fin réelle de la position liée à la prolongation | AV63: CAR_C_100 | AW63: =VLOOKUP(AV63,'Axe 2 Règles de gestion'!$D$2:$F$97,3, FALSE) -> La date de fin prévisionnelle du stage doit être postérieure à la date de fin réelle de la position liée à la prolongation | AX63: 2025-69
A64: 25.10.00 | B64: A | C64: 45982.578 | D64: D0005 | E64: Carrière | F64: S0187 | G64: Stage préalable à la titularisation ou à la confirmation | H64: E1039 | I64: Prolongation stage suite à congé sans traitement pour convenances personnelles | J64: Le type de situation de stage est égal à 'Prolongation suite à congé sans traitement pour convenances personnelles' | K64: A_CAR_MOREST [Saisi] = 'TS11' | L64: T2487 | M64: Prolongation stage suite à congé sans traitement pour convenances personnelles | N64: Création Modification | Q64: Ouvrier d'état | R64: P0005 | S64: Général | T64: Exclu | U64: 45931 | AX64: 2025-69
A65: 25.10.00 | B65: A | C65: 45982.578 | D65: D0005 | E65: Carrière | F65: S0187 | G65: Stage préalable à la titularisation ou à la confirmation | H65: E1040 | I65: Prolongation stage suite à congé sans traitement à l'expiration d'un congé pour raison de santé | J65: Le type de situation de stage est égal à 'Prolongation suite à congé sans traitement à l'expiration d'un congé pour raison de santé' | K65: A_CAR_MOREST [Saisi] = 'TS12' | L65: T2488 | M65: Prolongation stage suite à congé sans traitement à l'expiration d'un congé pour raison de santé | N65: Création Modification | Q65: Titulaire ou magistrat | R65: P0001 | S65: Général | T65: Exclu | U65: 45931 | AX65: 2025-69
A66: 25.10.00 | B66: A | C66: 45982.579 | D66: D0005 | E66: Carrière | F66: S0187 | G66: Stage préalable à la titularisation ou à la confirmation | H66: E1040 | I66: Prolongation stage suite à congé sans traitement à l'expiration d'un congé pour raison de santé | J66: Le type de situation de stage est égal à 'Prolongation suite à congé sans traitement à l'expiration d'un congé pour raison de santé' | K66: A_CAR_MOREST [Saisi] = 'TS12' | L66: T2488 | M66: Prolongation stage suite à congé sans traitement à l'expiration d'un congé pour raison de santé | N66: Création Modification | Q66: Militaire | R66: P0002 | S66: Général | T66: Exclu | U66: 45931 | AX66: 2025-69
A67: 25.10.00 | B67: A | C67: 45982.578 | D67: D0005 | E67: Carrière | F67: S0187 | G67: Stage préalable à la titularisation ou à la confirmation | H67: E1040 | I67: Prolongation stage suite à congé sans traitement à l'expiration d'un congé pour raison de santé | J67: Le type de situation de stage est égal à 'Prolongation suite à congé sans traitement à l'expiration d'un congé pour raison de santé' | K67: A_CAR_MOREST [Saisi] = 'TS12' | L67: T2488 | M67: Prolongation stage suite à congé sans traitement à l'expiration d'un congé pour raison de santé | N67: Création Modification | Q67: Contractuel | R67: P0003 | S67: Général | T67: Exclu | U67: 45931 | AX67: 2025-69
A68: 25.10.00 | B68: A | C68: 45982.633 | D68: D0005 | E68: Carrière | F68: S0187 | G68: Stage préalable à la titularisation ou à la confirmation | H68: E1040 | I68: Prolongation stage suite à congé sans traitement à l'expiration d'un congé pour raison de santé | J68: Le type de situation de stage est égal à 'Prolongation suite à congé sans traitement à l'expiration d'un congé pour raison de santé' | K68: A_CAR_MOREST [Saisi] = 'TS12' | L68: T2488 | M68: Prolongation stage suite à congé sans traitement à l'expiration d'un congé pour raison de santé | N68: Création Modification | Q68: Stagiaire ou auditeur ou élève | R68: P0004 | S68: Général | T68: Passant | U68: 45931 | W68: STA_I_037 ET STA_I_092 ET STA_D_011 ET CAR_C_054 ET CAR_C_055 ET CAR_C_099 ET CAR_C_100 | X68: STA_I_037 | Y68: =VLOOKUP(X68,'Axe 2 Règles de gestion'!$D$2:$F$97,3, FALSE) -> En cas d'interruption du stage pendant moins de 3 ans, l'agent doit avoir accompli la période complémentaire de stage qui est nécessaire pour atteindre la durée normale du stage pour être titularisé. | Z68: STA_I_092 | AA68: =VLOOKUP(Z68,'Axe 2 Règles de gestion'!$D$2:$F$97,3, FALSE) -> Pour les agents dont le stage se déroule dans un établissement de formation, l'autorité peut mettre fin au stage si les absences de l'agent dépassent une durée fixée réglementairement. | AJ68: STA_D_011 | AK68: =VLOOKUP(AJ68,'Axe 2 Règles de gestion'!$D$2:$F$97,3, FALSE) -> L'agent a été en congé sans traitement pour raisons de santé pendant sa période de stage | AP68: CAR_C_054 | AQ68: =VLOOKUP(AP68,'Axe 2 Règles de gestion'!$D$2:$F$97,3, FALSE) -> La date de fin réelle du stage doit être antérieure à la date limite de départ à la retraite. | AR68: CAR_C_055 | AS68: =VLOOKUP(AR68,'Axe 2 Règles de gestion'!$D$2:$F$97,3, FALSE) -> La date de fin prévisionnelle de stage doit être antérieure à la date limite de départ à la retraite. | AT68: CAR_C_099 | AU68: =VLOOKUP(AT68,'Axe 2 Règles de gestion'!$D$2:$F$97,3, FALSE) -> La date de fin réelle du stage doit être postérieure à la date de fin réelle de la position liée à la prolongation | AV68: CAR_C_100 | AW68: =VLOOKUP(AV68,'Axe 2 Règles de gestion'!$D$2:$F$97,3, FALSE) -> La date de fin prévisionnelle du stage doit être postérieure à la date de fin réelle de la position liée à la prolongation | AX68: 2025-69
A69: 25.10.00 | B69: A | C69: 45982.579 | D69: D0005 | E69: Carrière | F69: S0187 | G69: Stage préalable à la titularisation ou à la confirmation | H69: E1040 | I69: Prolongation stage suite à congé sans traitement à l'expiration d'un congé pour raison de santé | J69: Le type de situation de stage est égal à 'Prolongation suite à congé sans traitement à l'expiration d'un congé pour raison de santé' | K69: A_CAR_MOREST [Saisi] = 'TS12' | L69: T2488 | M69: Prolongation stage suite à congé sans traitement à l'expiration d'un congé pour raison de santé | N69: Création Modification | Q69: Ouvrier d'état | R69: P0005 | S69: Général | T69: Exclu | U69: 45931 | AX69: 2025-69
A70: 25.10.00 | B70: A | C70: 45982.647 | D70: D0005 | E70: Carrière | F70: S0187 | G70: Stage préalable à la titularisation ou à la confirmation | H70: E1040 | I70: Prolongation stage suite à congé sans traitement à l'expiration d'un congé pour raison de santé | J70: Le type de situation de stage est égal à 'Prolongation suite à congé sans traitement à l'expiration d'un congé pour raison de santé' | K70: A_CAR_MOREST [Saisi] = 'TS12' | L70: T2488 | M70: Prolongation stage suite à congé sans traitement à l'expiration d'un congé pour raison de santé | N70: Création Modification | Q70: Ouvrier de la défense auxiliaire non affilié ou temporaire non mensualisé | R70: P0182 | S70: Particulier | T70: Passant | U70: 45931 | W70: STA_D_102 ET STA_D_103 ET CAR_C_054 ET CAR_C_055 ET CAR_C_097 ET CAR_C_098 | AJ70: STA_D_102 | AK70: =VLOOKUP(AJ70,'Axe 2 Règles de gestion'!$D$2:$F$97,3, FALSE) -> La durée totale du stage (prolongation incluse) ne peut excéder 2 ans entre la date de début et la date de fin prévisionnelle. | AL70: STA_D_103 | AM70: =VLOOKUP(AL70,'Axe 2 Règles de gestion'!$D$2:$F$97,3, FALSE) -> La durée totale du stage (prolongation incluse) ne peut excéder 2 ans entre la date de début et la date de fin réelle. | AP70: CAR_C_054 | AQ70: =VLOOKUP(AP70,'Axe 2 Règles de gestion'!$D$2:$F$97,3, FALSE) -> La date de fin réelle du stage doit être antérieure à la date limite de départ à la retraite. | AR70: CAR_C_055 | AS70: =VLOOKUP(AR70,'Axe 2 Règles de gestion'!$D$2:$F$97,3, FALSE) -> La date de fin prévisionnelle de stage doit être antérieure à la date limite de départ à la retraite. | AT70: CAR_C_097 | AU70: =VLOOKUP(AT70,'Axe 2 Règles de gestion'!$D$2:$F$97,3, FALSE) -> La date de fin réelle du stage doit être postérieure à la date de fin réelle du congé liée à la prolongation | AV70: CAR_C_098 | AW70: =VLOOKUP(AV70,'Axe 2 Règles de gestion'!$D$2:$F$97,3, FALSE) -> La date de fin prévisionnelle du stage doit être postérieure à la date de fin réelle du congé liée à la prolongation | AX70: 2025-69
A71: 25.10.00 | B71: A | C71: 45982.658 | D71: D0005 | E71: Carrière | F71: S0187 | G71: Stage préalable à la titularisation ou à la confirmation | H71: E1040 | I71: Prolongation stage suite à congé sans traitement à l'expiration d'un congé pour raison de santé | J71: Le type de situation de stage est égal à 'Prolongation suite à congé sans traitement à l'expiration d'un congé pour raison de santé' | K71: A_CAR_MOREST [Saisi] = 'TS12' | L71: T2488 | M71: Prolongation stage suite à congé sans traitement à l'expiration d'un congé pour raison de santé | N71: Création Modification | Q71: Ouvrier de l'Etat stagiaire | R71: P0293 | S71: Particulier | T71: Passant | U71: 45931 | W71: STA_I_103 ET STA_D_108 ET CAR_C_054 ET CAR_C_055 ET CAR_C_097 ET CAR_C_098 | X71: STA_I_103 | Y71: =VLOOKUP(X71,'Axe 2 Règles de gestion'!$D$2:$F$97,3, FALSE) -> L'agent bénéficie d'une prise en compte de la durée passée dans un congé de maladie, de longue maladie, de longue durée, d'accident du travail, de maladie professionnelle ou d'un congé sans salaire à concurrence du 1/10 de la durée du contrat. | AJ71: STA_D_108 | AK71: =VLOOKUP(AJ71,'Axe 2 Règles de gestion'!$D$2:$F$97,3, FALSE) -> L'agent a été en congé sans salaire pour raison de santé pendant sa période de stage. | AP71: CAR_C_054 | AQ71: =VLOOKUP(AP71,'Axe 2 Règles de gestion'!$D$2:$F$97,3, FALSE) -> La date de fin réelle du stage doit être antérieure à la date limite de départ à la retraite. | AR71: CAR_C_055 | AS71: =VLOOKUP(AR71,'Axe 2 Règles de gestion'!$D$2:$F$97,3, FALSE) -> La date de fin prévisionnelle de stage doit être antérieure à la date limite de départ à la retraite. | AT71: CAR_C_097 | AU71: =VLOOKUP(AT71,'Axe 2 Règles de gestion'!$D$2:$F$97,3, FALSE) -> La date de fin réelle du stage doit être postérieure à la date de fin réelle du congé liée à la prolongation | AV71: CAR_C_098 | AW71: =VLOOKUP(AV71,'Axe 2 Règles de gestion'!$D$2:$F$97,3, FALSE) -> La date de fin prévisionnelle du stage doit être postérieure à la date de fin réelle du congé liée à la prolongation | AX71: 2025-69
A72: 25.10.00 | B72: A | C72: 45982.58 | D72: D0005 | E72: Carrière | F72: S0187 | G72: Stage préalable à la titularisation ou à la confirmation | H72: E1041 | I72: Interruption d'au moins 3 ans | J72: Le type de situation de stage est égal à 'Interruption d'au moins 3 ans' | K72: A_CAR_MOREST [Saisi] = 'TS13' | L72: T2489 | M72: Interruption d'au moins 3 ans | N72: Création Modification | Q72: Titulaire ou magistrat | R72: P0001 | S72: Général | T72: Exclu | U72: 45931 | AX72: 2025-69
A73: 25.10.00 | B73: A | C73: 45982.581 | D73: D0005 | E73: Carrière | F73: S0187 | G73: Stage préalable à la titularisation ou à la confirmation | H73: E1041 | I73: Interruption d'au moins 3 ans | J73: Le type de situation de stage est égal à 'Interruption d'au moins 3 ans' | K73: A_CAR_MOREST [Saisi] = 'TS13' | L73: T2489 | M73: Interruption d'au moins 3 ans | N73: Création Modification | Q73: Militaire | R73: P0002 | S73: Général | T73: Exclu | U73: 45931 | AX73: 2025-69
A74: 25.10.00 | B74: A | C74: 45982.58 | D74: D0005 | E74: Carrière | F74: S0187 | G74: Stage préalable à la titularisation ou à la confirmation | H74: E1041 | I74: Interruption d'au moins 3 ans | J74: Le type de situation de stage est égal à 'Interruption d'au moins 3 ans' | K74: A_CAR_MOREST [Saisi] = 'TS13' | L74: T2489 | M74: Interruption d'au moins 3 ans | N74: Création Modification | Q74: Contractuel | R74: P0003 | S74: Général | T74: Exclu | U74: 45931 | AX74: 2025-69
A75: 25.10.00 | B75: A | C75: 45982.633 | D75: D0005 | E75: Carrière | F75: S0187 | G75: Stage préalable à la titularisation ou à la confirmation | H75: E1041 | I75: Interruption d'au moins 3 ans | J75: Le type de situation de stage est égal à 'Interruption d'au moins 3 ans' | K75: A_CAR_MOREST [Saisi] = 'TS13' | L75: T2489 | M75: Interruption d'au moins 3 ans | N75: Création Modification | Q75: Stagiaire ou auditeur ou élève | R75: P0004 | S75: Général | T75: Passant | U75: 45931 | W75: STA_I_036 ET STA_I_090 ET CAR_C_054 ET CAR_C_055 | X75: STA_I_036 | Y75: =VLOOKUP(X75,'Axe 2 Règles de gestion'!$D$2:$F$97,3, FALSE) -> En cas d'interruption du stage pendant au moins 3 ans, du fait de congés successifs de toute nature, autres que le congé annuel, l'agent doit, à l'issue du dernier congé, recommencer la totalité du stage. | Z75: STA_I_090 | AA75: =VLOOKUP(Z75,'Axe 2 Règles de gestion'!$D$2:$F$97,3, FALSE) -> Pour les agents dont le stage se déroule dans un établissement de formation, l'autorité peut mettre fin au stage si les absences de l'agent dépassent une durée fixée réglementairement. | AP75: CAR_C_054 | AQ75: =VLOOKUP(AP75,'Axe 2 Règles de gestion'!$D$2:$F$97,3, FALSE) -> La date de fin réelle du stage doit être antérieure à la date limite de départ à la retraite. | AR75: CAR_C_055 | AS75: =VLOOKUP(AR75,'Axe 2 Règles de gestion'!$D$2:$F$97,3, FALSE) -> La date de fin prévisionnelle de stage doit être antérieure à la date limite de départ à la retraite. | AX75: 2025-69
A76: 25.10.00 | B76: A | C76: 45982.581 | D76: D0005 | E76: Carrière | F76: S0187 | G76: Stage préalable à la titularisation ou à la confirmation | H76: E1041 | I76: Interruption d'au moins 3 ans | J76: Le type de situation de stage est égal à 'Interruption d'au moins 3 ans' | K76: A_CAR_MOREST [Saisi] = 'TS13' | L76: T2489 | M76: Interruption d'au moins 3 ans | N76: Création Modification | Q76: Ouvrier d'état | R76: P0005 | S76: Général | T76: Exclu | U76: 45931 | AX76: 2025-69
A77: 25.10.00 | B77: A | C77: 45982.581 | D77: D0005 | E77: Carrière | F77: S0187 | G77: Stage préalable à la titularisation ou à la confirmation | H77: E1042 | I77: Stage | J77: Le type de situation de stage est égal à 'initiale' | K77: A_CAR_MOREST [Saisi] = 'TS14' | L77: T2490 | M77: Pendant la période de stage | N77: Création | Q77: Titulaire ou magistrat | R77: P0001 | S77: Général | T77: Exclu | U77: 45931 | AX77: 2025-69
A78: 25.10.00 | B78: A | C78: 45982.583 | D78: D0005 | E78: Carrière | F78: S0187 | G78: Stage préalable à la titularisation ou à la confirmation | H78: E1042 | I78: Stage | J78: Le type de situation de stage est égal à 'initiale' | K78: A_CAR_MOREST [Saisi] = 'TS14' | L78: T2491 | M78: Fin de Stage | N78: Modification | Q78: Titulaire ou magistrat | R78: P0001 | S78: Général | T78: Exclu | U78: 45931 | AX78: 2025-69
A79: 25.10.00 | B79: A | C79: 45982.581 | D79: D0005 | E79: Carrière | F79: S0187 | G79: Stage préalable à la titularisation ou à la confirmation | H79: E1042 | I79: Stage | J79: Le type de situation de stage est égal à 'initiale' | K79: A_CAR_MOREST [Saisi] = 'TS14' | L79: T2490 | M79: Pendant la période de stage | N79: Création | Q79: Militaire | R79: P0002 | S79: Général | T79: Exclu | U79: 45931 | AX79: 2025-69
A80: 25.10.00 | B80: A | C80: 45982.583 | D80: D0005 | E80: Carrière | F80: S0187 | G80: Stage préalable à la titularisation ou à la confirmation | H80: E1042 | I80: Stage | J80: Le type de situation de stage est égal à 'initiale' | K80: A_CAR_MOREST [Saisi] = 'TS14' | L80: T2491 | M80: Fin de Stage | N80: Modification | Q80: Militaire | R80: P0002 | S80: Général | T80: Exclu | U80: 45931 | AX80: 2025-69
A81: 25.10.00 | B81: A | C81: 45982.581 | D81: D0005 | E81: Carrière | F81: S0187 | G81: Stage préalable à la titularisation ou à la confirmation | H81: E1042 | I81: Stage | J81: Le type de situation de stage est égal à 'initiale' | K81: A_CAR_MOREST [Saisi] = 'TS14' | L81: T2490 | M81: Pendant la période de stage | N81: Création | Q81: Contractuel | R81: P0003 | S81: Général | T81: Exclu | U81: 45931 | AX81: 2025-69
A82: 25.10.00 | B82: A | C82: 45982.583 | D82: D0005 | E82: Carrière | F82: S0187 | G82: Stage préalable à la titularisation ou à la confirmation | H82: E1042 | I82: Stage | J82: Le type de situation de stage est égal à 'initiale' | K82: A_CAR_MOREST [Saisi] = 'TS14' | L82: T2491 | M82: Fin de Stage | N82: Modification | Q82: Contractuel | R82: P0003 | S82: Général | T82: Exclu | U82: 45931 | AX82: 2025-69
A83: 25.10.00 | B83: A | C83: 45982.635 | D83: D0005 | E83: Carrière | F83: S0187 | G83: Stage préalable à la titularisation ou à la confirmation | H83: E1042 | I83: Stage | J83: Le type de situation de stage est égal à 'initiale' | K83: A_CAR_MOREST [Saisi] = 'TS14' | L83: T2490 | M83: Pendant la période de stage | N83: Création | Q83: Stagiaire ou auditeur ou élève | R83: P0004 | S83: Général | T83: Passant | U83: 45931 | W83: STA_I_050 ET STA_I_086 ET STA_I_087 ET STA_I_075 ET STA_I_094 ET STA_I_089 ET CAR_C_054 ET CAR_C_055 | X83: STA_I_050 | Y83: =VLOOKUP(X83,'Axe 2 Règles de gestion'!$D$2:$F$97,3, FALSE) -> L'agent effectue un stage d'une durée égale à celle prévue par le statut particulier du corps dans lequel il a vocation à être titularisé. | Z83: STA_I_086 | AA83: =VLOOKUP(Z83,'Axe 2 Règles de gestion'!$D$2:$F$97,3, FALSE) -> La durée normale du stage et les conditions dans lesquelles elle peut éventuellement être prolongée sont fixées par le statut particulier du corps dans lequel le fonctionnaire stagiaire a vocation à être titularisé. | AB83: STA_I_087 | AC83: =VLOOKUP(AB83,'Axe 2 Règles de gestion'!$D$2:$F$97,3, FALSE) -> Sauf dispositions contraires du statut particulier du corps ou du cadre d'emplois dans lequel l'agent a vocation à être titularisé, le stage ne peut être prolongé d'une durée excédant celle du stage normal. | AD83: STA_I_075 | AE83: =VLOOKUP(AD83,'Axe 2 Règles de gestion'!$D$2:$F$97,3, FALSE) -> L'agent informe l'établissement dans lequel elle suit une formation de son état de grossesse et l'établissement lui propose, après un entretien, des mesures d'aménagement compatibles avec la formation. | AF83: STA_I_094 | AG83: =VLOOKUP(AF83,'Axe 2 Règles de gestion'!$D$2:$F$97,3, FALSE) -> L'agent, dont le stage se déroule dans un établissement de formation, absent pour un motif sérieux à une épreuve notée est autorisé à se présenter à une autre épreuve. A défaut, sa note correspond à la moyenne ou à la médiane des notes des autres agents. | AH83: STA_I_089 | AI83: =VLOOKUP(AH83,'Axe 2 Règles de gestion'!$D$2:$F$97,3, FALSE) -> L'agent qui a la qualité de fonctionnaire dans un autre corps, cadre d'emplois ou emploi, de magistrat de l'ordre judiciaire ou de militaire est placé en position de détachement durant son stage selon les dispositions statutaires dont il relève. | AP83: CAR_C_054 | AQ83: =VLOOKUP(AP83,'Axe 2 Règles de gestion'!$D$2:$F$97,3, FALSE) -> La date de fin réelle du stage doit être antérieure à la date limite de départ à la retraite. | AR83: CAR_C_055 | AS83: =VLOOKUP(AR83,'Axe 2 Règles de gestion'!$D$2:$F$97,3, FALSE) -> La date de fin prévisionnelle de stage doit être antérieure à la date limite de départ à la retraite. | AX83: 2025-69
A84: 25.10.00 | B84: A | C84: 45982.636 | D84: D0005 | E84: Carrière | F84: S0187 | G84: Stage préalable à la titularisation ou à la confirmation | H84: E1042 | I84: Stage | J84: Le type de situation de stage est égal à 'initiale' | K84: A_CAR_MOREST [Saisi] = 'TS14' | L84: T2491 | M84: Fin de Stage | N84: Modification | Q84: Stagiaire ou auditeur ou élève | R84: P0004 | S84: Général | T84: Passant | U84: 45931 | W84: STA_I_030 ET STA_I_025 ET STA_I_038 ET CAR_C_054 ET CAR_C_055 | X84: STA_I_030 | Y84: =VLOOKUP(X84,'Axe 2 Règles de gestion'!$D$2:$F$97,3, FALSE) -> Le refus de titularisation intervient après avis de la commission administrative compétente. | Z84: STA_I_025 | AA84: =VLOOKUP(Z84,'Axe 2 Règles de gestion'!$D$2:$F$97,3, FALSE) -> La demande de démission écrite doit être adressée à l'autorité ayant le pouvoir de nomination 1 mois au moins avant la date prévue pour la cessation de fonctions. | AB84: STA_I_038 | AC84: =VLOOKUP(AB84,'Axe 2 Règles de gestion'!$D$2:$F$97,3, FALSE) -> L'agent peut être licencié pour insuffisance professionnelle lorsqu'il est en stage depuis un temps au moins égal à la moitié de la durée normale du stage. | AP84: CAR_C_054 | AQ84: =VLOOKUP(AP84,'Axe 2 Règles de gestion'!$D$2:$F$97,3, FALSE) -> La date de fin réelle du stage doit être antérieure à la date limite de départ à la retraite. | AR84: CAR_C_055 | AS84: =VLOOKUP(AR84,'Axe 2 Règles de gestion'!$D$2:$F$97,3, FALSE) -> La date de fin prévisionnelle de stage doit être antérieure à la date limite de départ à la retraite. | AX84: 2025-69
A85: 25.10.00 | B85: A | C85: 45982.582 | D85: D0005 | E85: Carrière | F85: S0187 | G85: Stage préalable à la titularisation ou à la confirmation | H85: E1042 | I85: Stage | J85: Le type de situation de stage est égal à 'initiale' | K85: A_CAR_MOREST [Saisi] = 'TS14' | L85: T2490 | M85: Pendant la période de stage | N85: Création | Q85: Ouvrier d'état | R85: P0005 | S85: Général | T85: Exclu | U85: 45931 | AX85: 2025-69
A86: 25.10.00 | B86: A | C86: 45982.583 | D86: D0005 | E86: Carrière | F86: S0187 | G86: Stage préalable à la titularisation ou à la confirmation | H86: E1042 | I86: Stage | J86: Le type de situation de stage est égal à 'initiale' | K86: A_CAR_MOREST [Saisi] = 'TS14' | L86: T2491 | M86: Fin de Stage | N86: Modification | Q86: Ouvrier d'état | R86: P0005 | S86: Général | T86: Exclu | U86: 45931 | AX86: 2025-69
A87: 25.10.00 | B87: A | C87: 45982.649 | D87: D0005 | E87: Carrière | F87: S0187 | G87: Stage préalable à la titularisation ou à la confirmation | H87: E1042 | I87: Stage | J87: Le type de situation de stage est égal à 'initiale' | K87: A_CAR_MOREST [Saisi] = 'TS14' | L87: T2490 | M87: Pendant la période de stage | N87: Création | Q87: Ouvrier de la défense auxiliaire non affilié ou temporaire non mensualisé | R87: P0182 | S87: Particulier | T87: Passant | U87: 45931 | W87: STA_I_104 ET STA_D_100 ET STA_D_101 ET CAR_C_054 ET CAR_C_055 | X87: STA_I_104 | Y87: =VLOOKUP(X87,'Axe 2 Règles de gestion'!$D$2:$F$97,3, FALSE) -> Le stage est d'une durée d'1 an, réduite de 6 mois si leur manière de servir le justifie. | AJ87: STA_D_100 | AK87: =VLOOKUP(AJ87,'Axe 2 Règles de gestion'!$D$2:$F$97,3, FALSE) -> La durée initiale du stage est égale à 1 an entre la date de début et la date de fin prévisionnelle. | AL87: STA_D_101 | AM87: =VLOOKUP(AL87,'Axe 2 Règles de gestion'!$D$2:$F$97,3, FALSE) -> La durée initiale du stage est égale à 1 an entre la date de début et la date de fin réelle. | AP87: CAR_C_054 | AQ87: =VLOOKUP(AP87,'Axe 2 Règles de gestion'!$D$2:$F$97,3, FALSE) -> La date de fin réelle du stage doit être antérieure à la date limite de départ à la retraite. | AR87: CAR_C_055 | AS87: =VLOOKUP(AR87,'Axe 2 Règles de gestion'!$D$2:$F$97,3, FALSE) -> La date de fin prévisionnelle de stage doit être antérieure à la date limite de départ à la retraite. | AX87: 2025-69
A88: 25.10.00 | B88: A | C88: 45982.65 | D88: D0005 | E88: Carrière | F88: S0187 | G88: Stage préalable à la titularisation ou à la confirmation | H88: E1042 | I88: Stage | J88: Le type de situation de stage est égal à 'initiale' | K88: A_CAR_MOREST [Saisi] = 'TS14' | L88: T2491 | M88: Fin de Stage | N88: Modification | Q88: Ouvrier de la défense auxiliaire non affilié ou temporaire non mensualisé | R88: P0182 | S88: Particulier | T88: Passant | U88: 45931 | W88: STA_I_112 ET STA_I_040 ET STA_D_100 ET STA_D_101 ET CAR_C_054 ET CAR_C_055 | X88: STA_I_112 | Y88: =VLOOKUP(X88,'Axe 2 Règles de gestion'!$D$2:$F$97,3, FALSE) -> A l'issue du stage, l'agent qui a donné satisfaction signe un contrat à durée indéterminée. | Z88: STA_I_040 | AA88: =VLOOKUP(Z88,'Axe 2 Règles de gestion'!$D$2:$F$97,3, FALSE) -> En l'absence de prolongation, l'agent qui n'a pas donné satisfaction est licencié ou réintégré dans son corps, cadre d'emplois ou emploi d'origine. | AJ88: STA_D_100 | AK88: =VLOOKUP(AJ88,'Axe 2 Règles de gestion'!$D$2:$F$97,3, FALSE) -> La durée initiale du stage est égale à 1 an entre la date de début et la date de fin prévisionnelle. | AL88: STA_D_101 | AM88: =VLOOKUP(AL88,'Axe 2 Règles de gestion'!$D$2:$F$97,3, FALSE) -> La durée initiale du stage est égale à 1 an entre la date de début et la date de fin réelle. | AP88: CAR_C_054 | AQ88: =VLOOKUP(AP88,'Axe 2 Règles de gestion'!$D$2:$F$97,3, FALSE) -> La date de fin réelle du stage doit être antérieure à la date limite de départ à la retraite. | AR88: CAR_C_055 | AS88: =VLOOKUP(AR88,'Axe 2 Règles de gestion'!$D$2:$F$97,3, FALSE) -> La date de fin prévisionnelle de stage doit être antérieure à la date limite de départ à la retraite. | AX88: 2025-69
A89: 25.10.00 | B89: M | C89: 46020.481 | D89: D0005 | E89: Carrière | F89: S0187 | G89: Stage préalable à la titularisation ou à la confirmation | H89: E1042 | I89: Stage | J89: Le type de situation de stage est égal à 'initiale' | K89: A_CAR_MOREST [Saisi] = 'TS14' | L89: T2490 | M89: Pendant la période de stage | N89: Création | Q89: Ouvrier des parcs et ateliers stagiaire | R89: P0226 | S89: Particulier | T89: Passant | U89: 45931 | W89: STA_D_109 ET STA_D_110 ET STA_D_111 ET CAR_C_054 ET CAR_C_055 ET CAR_C_097 ET CAR_C_098 | AJ89: STA_D_109 | AK89: =VLOOKUP(AJ89,'Axe 2 Règles de gestion'!$D$2:$F$97,3, FALSE) -> La durée initiale du stage est égale à 1 an entre la date de début et la date de fin prévisionnelle. | AL89: STA_D_110 | AM89: =VLOOKUP(AL89,'Axe 2 Règles de gestion'!$D$2:$F$97,3, FALSE) -> La durée initiale du stage est égale à 1 an entre la date de début et la date de fin réelle. | AN89: STA_D_111 | AO89: =VLOOKUP(AN89,'Axe 2 Règles de gestion'!$D$2:$F$97,3, FALSE) -> La durée totale du stage (prolongation incluse) ne peut excéder 2 ans entre la date de début et la date de fin prévisionnelle. | AP89: CAR_C_054 | AQ89: =VLOOKUP(AP89,'Axe 2 Règles de gestion'!$D$2:$F$97,3, FALSE) -> La date de fin réelle du stage doit être antérieure à la date limite de départ à la retraite. | AR89: CAR_C_055 | AS89: =VLOOKUP(AR89,'Axe 2 Règles de gestion'!$D$2:$F$97,3, FALSE) -> La date de fin prévisionnelle de stage doit être antérieure à la date limite de départ à la retraite. | AT89: CAR_C_097 | AU89: =VLOOKUP(AT89,'Axe 2 Règles de gestion'!$D$2:$F$97,3, FALSE) -> La date de fin réelle du stage doit être postérieure à la date de fin réelle du congé liée à la prolongation | AV89: CAR_C_098 | AW89: =VLOOKUP(AV89,'Axe 2 Règles de gestion'!$D$2:$F$97,3, FALSE) -> La date de fin prévisionnelle du stage doit être postérieure à la date de fin réelle du congé liée à la prolongation | AX89: 2025-69
A90: 25.10.00 | B90: A | C90: 45982.655 | D90: D0005 | E90: Carrière | F90: S0187 | G90: Stage préalable à la titularisation ou à la confirmation | H90: E1042 | I90: Stage | J90: Le type de situation de stage est égal à 'initiale' | K90: A_CAR_MOREST [Saisi] = 'TS14' | L90: T2491 | M90: Fin de Stage | N90: Modification | Q90: Ouvrier des parcs et ateliers stagiaire | R90: P0226 | S90: Particulier | T90: Passant | U90: 45931 | W90: STA_I_114 ET STA_I_113 ET STA_I_115 ET STA_D_109 ET STA_D_110 ET CAR_C_054 ET CAR_C_055 | X90: STA_I_114 | Y90: =VLOOKUP(X90,'Axe 2 Règles de gestion'!$D$2:$F$97,3, FALSE) -> L'agent est confirmé à la fin du stage. | Z90: STA_I_113 | AA90: =VLOOKUP(Z90,'Axe 2 Règles de gestion'!$D$2:$F$97,3, FALSE) -> La demande de démission écrite doit être adressée 2 mois avant la date prévue pour la cessation de fonctions. | AB90: STA_I_115 | AC90: =VLOOKUP(AB90,'Axe 2 Règles de gestion'!$D$2:$F$97,3, FALSE) -> L'agent peut être licencié après 6 mois de stage si la conduite, l'aptitude ou la manière de servir ne sont pas satisfaisantes. | AJ90: STA_D_109 | AK90: =VLOOKUP(AJ90,'Axe 2 Règles de gestion'!$D$2:$F$97,3, FALSE) -> La durée initiale du stage est égale à 1 an entre la date de début et la date de fin prévisionnelle. | AL90: STA_D_110 | AM90: =VLOOKUP(AL90,'Axe 2 Règles de gestion'!$D$2:$F$97,3, FALSE) -> La durée initiale du stage est égale à 1 an entre la date de début et la date de fin réelle. | AP90: CAR_C_054 | AQ90: =VLOOKUP(AP90,'Axe 2 Règles de gestion'!$D$2:$F$97,3, FALSE) -> La date de fin réelle du stage doit être antérieure à la date limite de départ à la retraite. | AR90: CAR_C_055 | AS90: =VLOOKUP(AR90,'Axe 2 Règles de gestion'!$D$2:$F$97,3, FALSE) -> La date de fin prévisionnelle de stage doit être antérieure à la date limite de départ à la retraite. | AX90: 2025-69
A91: 25.10.00 | B91: M | C91: 46020.481 | D91: D0005 | E91: Carrière | F91: S0187 | G91: Stage préalable à la titularisation ou à la confirmation | H91: E1042 | I91: Stage | J91: Le type de situation de stage est égal à 'initiale' | K91: A_CAR_MOREST [Saisi] = 'TS14' | L91: T2490 | M91: Pendant la période de stage | N91: Création | Q91: Ouvrier de l'Institut Géographique National stagiaire | R91: P0294 | S91: Particulier | T91: Passant | U91: 45931 | W91: STA_D_112 ET STA_D_113 ET CAR_C_054 ET CAR_C_055 | AJ91: STA_D_112 | AK91: =VLOOKUP(AJ91,'Axe 2 Règles de gestion'!$D$2:$F$97,3, FALSE) -> La durée initiale du stage est égale à 1 an entre la date de début et la date de fin prévisionnelle. | AL91: STA_D_113 | AM91: =VLOOKUP(AL91,'Axe 2 Règles de gestion'!$D$2:$F$97,3, FALSE) -> La durée initiale du stage est égale à 1 an entre la date de début et la date de fin réelle. | AP91: CAR_C_054 | AQ91: =VLOOKUP(AP91,'Axe 2 Règles de gestion'!$D$2:$F$97,3, FALSE) -> La date de fin réelle du stage doit être antérieure à la date limite de départ à la retraite. | AR91: CAR_C_055 | AS91: =VLOOKUP(AR91,'Axe 2 Règles de gestion'!$D$2:$F$97,3, FALSE) -> La date de fin prévisionnelle de stage doit être antérieure à la date limite de départ à la retraite. | AX91: 2025-69
A92: 25.10.00 | B92: M | C92: 46020.583 | D92: D0005 | E92: Carrière | F92: S0187 | G92: Stage préalable à la titularisation ou à la confirmation | H92: E1042 | I92: Stage | J92: Le type de situation de stage est égal à 'initiale' | K92: A_CAR_MOREST [Saisi] = 'TS14' | L92: T2491 | M92: Fin de Stage | N92: Modification | Q92: Ouvrier de l'Institut Géographique National stagiaire | R92: P0294 | S92: Particulier | T92: Passant | U92: 45931 | W92: STA_I_110 ET STA_I_109 ET STA_I_108 ET STA_D_112 ET STA_D_113 ET CAR_C_054 ET CAR_C_055 | X92: STA_I_110 | Y92: =VLOOKUP(X92,'Axe 2 Règles de gestion'!$D$2:$F$97,3, FALSE) -> L'agent est confirmé à la fin du stage. | Z92: STA_I_109 | AA92: =VLOOKUP(Z92,'Axe 2 Règles de gestion'!$D$2:$F$97,3, FALSE) -> La demande de démission écrite doit être adressée 8 jours avant la date prévue pour la cessation de fonctions. | AB92: STA_I_108 | AC92: =VLOOKUP(AB92,'Axe 2 Règles de gestion'!$D$2:$F$97,3, FALSE) -> En l'absence de prolongation, l'agent qui n'a pas donné satisfaction est licencié sans indemnité. | AJ92: STA_D_112 | AK92: =VLOOKUP(AJ92,'Axe 2 Règles de gestion'!$D$2:$F$97,3, FALSE) -> La durée initiale du stage est égale à 1 an entre la date de début et la date de fin prévisionnelle. | AL92: STA_D_113 | AM92: =VLOOKUP(AL92,'Axe 2 Règles de gestion'!$D$2:$F$97,3, FALSE) -> La durée initiale du stage est égale à 1 an entre la date de début et la date de fin réelle. | AP92: CAR_C_054 | AQ92: =VLOOKUP(AP92,'Axe 2 Règles de gestion'!$D$2:$F$97,3, FALSE) -> La date de fin réelle du stage doit être antérieure à la date limite de départ à la retraite. | AR92: CAR_C_055 | AS92: =VLOOKUP(AR92,'Axe 2 Règles de gestion'!$D$2:$F$97,3, FALSE) -> La date de fin prévisionnelle de stage doit être antérieure à la date limite de départ à la retraite. | AX92: 2025-69
A93: 25.10.00 | B93: A | C93: 45982.584 | D93: D0005 | E93: Carrière | F93: S0187 | G93: Stage préalable à la titularisation ou à la confirmation | H93: E1043 | I93: Prolongation stage suite à suspension | L93: T2492 | M93: Prolongation stage suite à suspension | N93: Création Modification | Q93: Titulaire ou magistrat | R93: P0001 | S93: Général | T93: Exclu | U93: 45931 | AX93: 2025-69
A94: 25.10.00 | B94: A | C94: 45982.585 | D94: D0005 | E94: Carrière | F94: S0187 | G94: Stage préalable à la titularisation ou à la confirmation | H94: E1043 | I94: Prolongation stage suite à suspension | L94: T2492 | M94: Prolongation stage suite à suspension | N94: Création Modification | Q94: Militaire | R94: P0002 | S94: Général | T94: Exclu | U94: 45931 | AX94: 2025-69
A95: 25.10.00 | B95: A | C95: 45982.584 | D95: D0005 | E95: Carrière | F95: S0187 | G95: Stage préalable à la titularisation ou à la confirmation | H95: E1043 | I95: Prolongation stage suite à suspension | L95: T2492 | M95: Prolongation stage suite à suspension | N95: Création Modification | Q95: Contractuel | R95: P0003 | S95: Général | T95: Exclu | U95: 45931 | AX95: 2025-69
A96: 25.10.00 | B96: A | C96: 45982.637 | D96: D0005 | E96: Carrière | F96: S0187 | G96: Stage préalable à la titularisation ou à la confirmation | H96: E1043 | I96: Prolongation stage suite à suspension | L96: T2492 | M96: Prolongation stage suite à suspension | N96: Création Modification | Q96: Stagiaire ou auditeur ou élève | R96: P0004 | S96: Général | T96: Passant | U96: 45931 | W96: STA_I_035 ET CAR_C_054 ET CAR_C_055 | X96: STA_I_035 | Y96: =VLOOKUP(X96,'Axe 2 Règles de gestion'!$D$2:$F$97,3, FALSE) -> Si l'agent est suspendu, la durée de la suspension n'entre pas en compte comme période de stage. | AP96: CAR_C_054 | AQ96: =VLOOKUP(AP96,'Axe 2 Règles de gestion'!$D$2:$F$97,3, FALSE) -> La date de fin réelle du stage doit être antérieure à la date limite de départ à la retraite. | AR96: CAR_C_055 | AS96: =VLOOKUP(AR96,'Axe 2 Règles de gestion'!$D$2:$F$97,3, FALSE) -> La date de fin prévisionnelle de stage doit être antérieure à la date limite de départ à la retraite. | AX96: 2025-69
A97: 25.10.00 | B97: A | C97: 45982.585 | D97: D0005 | E97: Carrière | F97: S0187 | G97: Stage préalable à la titularisation ou à la confirmation | H97: E1043 | I97: Prolongation stage suite à suspension | L97: T2492 | M97: Prolongation stage suite à suspension | N97: Création Modification | Q97: Ouvrier d'état | R97: P0005 | S97: Général | T97: Exclu | U97: 45931 | AX97: 2025-69
A98: 25.10.00 | B98: A | C98: 45982.586 | D98: D0005 | E98: Carrière | F98: S0187 | G98: Stage préalable à la titularisation ou à la confirmation | H98: E1044 | I98: Prolongation stage suite à exclusion | L98: T2493 | M98: Prolongation stage suite à exclusion | N98: Création Modification | Q98: Titulaire ou magistrat | R98: P0001 | S98: Général | T98: Exclu | U98: 45931 | AX98: 2025-69
A99: 25.10.00 | B99: A | C99: 45982.586 | D99: D0005 | E99: Carrière | F99: S0187 | G99: Stage préalable à la titularisation ou à la confirmation | H99: E1044 | I99: Prolongation stage suite à exclusion | L99: T2493 | M99: Prolongation stage suite à exclusion | N99: Création Modification | Q99: Militaire | R99: P0002 | S99: Général | T99: Exclu | U99: 45931 | AX99: 2025-69
A100: 25.10.00 | B100: A | C100: 45982.586 | D100: D0005 | E100: Carrière | F100: S0187 | G100: Stage préalable à la titularisation ou à la confirmation | H100: E1044 | I100: Prolongation stage suite à exclusion | L100: T2493 | M100: Prolongation stage suite à exclusion | N100: Création Modification | Q100: Contractuel | R100: P0003 | S100: Général | T100: Exclu | U100: 45931 | AX100: 2025-69
...

Sheet Axe 1 Enchaînement RG Impact
A1: Version | B1: Type de mise à jour | C1: Date de mise à jour | D1: Identifiant Domaine | E1: Libellé du Domaine | F1: Identifiant Sous-domaine | G1: Libellé du Sous-domaine | H1: Identifiant Evénement | I1: Libellé de l'évènement | J1: Libellé condition déclenchement Evènement | K1: Condition déclenchement Evènement | L1: Identifiant type d'évènement | M1: Libellé type d'évènement | N1: Type de mise à jour | O1: Libellé condition déclenchement Type Evènement | P1: Condition déclenchement Type Evènement | Q1: Libellé Population | R1: Codification Population | S1: Général / Particulier | T1: Passant / Exclu | U1: Date de début | V1: Date de fin | W1: Impacts | X1: Identifiant Impacts 1 | Y1: Libellé Impacts 1 | Z1: FIME | AA1: Statut de travail
A2: 25.10.00 | B2: A | C2: 45982.411 | D2: D0005 | E2: Carrière | F2: S0187 | G2: Stage préalable à la titularisation ou à la confirmation | H2: E1030 | I2: Prolongation stage suite à résultats insuffisants | J2: Prolongation suite à résultats insuffisants | K2: A_CAR_MOREST [Saisi] = 'TS01' | L2: T2478 | M2: Prolongation stage suite à résultats insuffisants | N2: Création Modification | Q2: Titulaire ou magistrat | R2: P0001 | S2: Général | T2: Exclu | U2: 45931 | Z2: 2025-69
A3: 25.10.00 | B3: A | C3: 45982.411 | D3: D0005 | E3: Carrière | F3: S0187 | G3: Stage préalable à la titularisation ou à la confirmation | H3: E1030 | I3: Prolongation stage suite à résultats insuffisants | J3: Prolongation suite à résultats insuffisants | K3: A_CAR_MOREST [Saisi] = 'TS01' | L3: T2478 | M3: Prolongation stage suite à résultats insuffisants | N3: Création Modification | Q3: Militaire | R3: P0002 | S3: Général | T3: Exclu | U3: 45931 | Z3: 2025-69
A4: 25.10.00 | B4: A | C4: 45982.411 | D4: D0005 | E4: Carrière | F4: S0187 | G4: Stage préalable à la titularisation ou à la confirmation | H4: E1030 | I4: Prolongation stage suite à résultats insuffisants | J4: Prolongation suite à résultats insuffisants | K4: A_CAR_MOREST [Saisi] = 'TS01' | L4: T2478 | M4: Prolongation stage suite à résultats insuffisants | N4: Création Modification | Q4: Contractuel | R4: P0003 | S4: Général | T4: Exclu | U4: 45931 | Z4: 2025-69
A5: 25.10.00 | B5: A | C5: 45982.601 | D5: D0005 | E5: Carrière | F5: S0187 | G5: Stage préalable à la titularisation ou à la confirmation | H5: E1030 | I5: Prolongation stage suite à résultats insuffisants | J5: Prolongation suite à résultats insuffisants | K5: A_CAR_MOREST [Saisi] = 'TS01' | L5: T2478 | M5: Prolongation stage suite à résultats insuffisants | N5: Création Modification | Q5: Stagiaire ou auditeur ou élève | R5: P0004 | S5: Général | T5: Passant | U5: 45931 | Z5: 2025-69
A6: 25.10.00 | B6: A | C6: 45982.411 | D6: D0005 | E6: Carrière | F6: S0187 | G6: Stage préalable à la titularisation ou à la confirmation | H6: E1030 | I6: Prolongation stage suite à résultats insuffisants | J6: Prolongation suite à résultats insuffisants | K6: A_CAR_MOREST [Saisi] = 'TS01' | L6: T2478 | M6: Prolongation stage suite à résultats insuffisants | N6: Création Modification | Q6: Ouvrier d'état | R6: P0005 | S6: Général | T6: Exclu | U6: 45931 | Z6: 2025-69
A7: 25.10.00 | B7: A | C7: 45982.642 | D7: D0005 | E7: Carrière | F7: S0187 | G7: Stage préalable à la titularisation ou à la confirmation | H7: E1030 | I7: Prolongation stage suite à résultats insuffisants | J7: Prolongation suite à résultats insuffisants | K7: A_CAR_MOREST [Saisi] = 'TS01' | L7: T2478 | M7: Prolongation stage suite à résultats insuffisants | N7: Création Modification | Q7: Ouvrier de la défense auxiliaire non affilié ou temporaire non mensualisé | R7: P0182 | S7: Particulier | T7: Passant | U7: 45931 | Z7: 2025-69
A8: 25.10.00 | B8: A | C8: 45982.653 | D8: D0005 | E8: Carrière | F8: S0187 | G8: Stage préalable à la titularisation ou à la confirmation | H8: E1030 | I8: Prolongation stage suite à résultats insuffisants | J8: Prolongation suite à résultats insuffisants | K8: A_CAR_MOREST [Saisi] = 'TS01' | L8: T2478 | M8: Prolongation stage suite à résultats insuffisants | N8: Création Modification | Q8: Ouvrier des parcs et ateliers stagiaire | R8: P0226 | S8: Particulier | T8: Passant | U8: 45931 | Z8: 2025-69
A9: 25.10.00 | B9: A | C9: 45982.66 | D9: D0005 | E9: Carrière | F9: S0187 | G9: Stage préalable à la titularisation ou à la confirmation | H9: E1030 | I9: Prolongation stage suite à résultats insuffisants | J9: Prolongation suite à résultats insuffisants | K9: A_CAR_MOREST [Saisi] = 'TS01' | L9: T2478 | M9: Prolongation stage suite à résultats insuffisants | N9: Création Modification | Q9: Ouvrier de l'Institut Géographique National stagiaire | R9: P0294 | S9: Particulier | T9: Passant | U9: 45931 | Z9: 2025-69
A10: 25.10.00 | B10: A | C10: 45982.412 | D10: D0005 | E10: Carrière | F10: S0187 | G10: Stage préalable à la titularisation ou à la confirmation | H10: E1031 | I10: Prolongation stage suite à temps partiel | J10: Le type de situation de stage est égal à 'Prolongation suite à temps partiel' | K10: A_CAR_MOREST [Saisi] = 'TS02' | L10: T2479 | M10: Prolongation stage suite à temps partiel | N10: Création Modification | Q10: Titulaire ou magistrat | R10: P0001 | S10: Général | T10: Exclu | U10: 45931 | Z10: 2025-69
A11: 25.10.00 | B11: A | C11: 45982.413 | D11: D0005 | E11: Carrière | F11: S0187 | G11: Stage préalable à la titularisation ou à la confirmation | H11: E1031 | I11: Prolongation stage suite à temps partiel | J11: Le type de situation de stage est égal à 'Prolongation suite à temps partiel' | K11: A_CAR_MOREST [Saisi] = 'TS02' | L11: T2479 | M11: Prolongation stage suite à temps partiel | N11: Création Modification | Q11: Militaire | R11: P0002 | S11: Général | T11: Exclu | U11: 45931 | Z11: 2025-69
A12: 25.10.00 | B12: A | C12: 45982.413 | D12: D0005 | E12: Carrière | F12: S0187 | G12: Stage préalable à la titularisation ou à la confirmation | H12: E1031 | I12: Prolongation stage suite à temps partiel | J12: Le type de situation de stage est égal à 'Prolongation suite à temps partiel' | K12: A_CAR_MOREST [Saisi] = 'TS02' | L12: T2479 | M12: Prolongation stage suite à temps partiel | N12: Création Modification | Q12: Contractuel | R12: P0003 | S12: Général | T12: Exclu | U12: 45931 | Z12: 2025-69
A13: 25.10.00 | B13: A | C13: 45982.602 | D13: D0005 | E13: Carrière | F13: S0187 | G13: Stage préalable à la titularisation ou à la confirmation | H13: E1031 | I13: Prolongation stage suite à temps partiel | J13: Le type de situation de stage est égal à 'Prolongation suite à temps partiel' | K13: A_CAR_MOREST [Saisi] = 'TS02' | L13: T2479 | M13: Prolongation stage suite à temps partiel | N13: Création Modification | Q13: Stagiaire ou auditeur ou élève | R13: P0004 | S13: Général | T13: Passant | U13: 45931 | Z13: 2025-69
... A18: 25.10.00 | B18: A | C18: 45982.446 | D18: D0005 | E18: Carrière | F18: S0187 | G18: Stage préalable à la titularisation ou à la confirmation | H18: E1032 | I18: Prolongation stage suite à congé de maternité, paternité, adoption | J18: Le type de situation de stage est égal à 'Prolongation suite à congé de maternité, paternité, adoption' | K18: A_CAR_MOREST [Saisi] = 'TS04' | L18: T2480 | M18: Prolongation stage suite à congé de maternité, paternité, adoption | N18: Création Modification | Q18: Contractuel | R18: P0003 | S18: Général | T18: Exclu | U18: 45931 | Z18: 2025-69
A19: 25.10.00 | B19: M | C19: 46020.452 | D19: D0005 | E19: Carrière | F19: S0187 | G19: Stage préalable à la titularisation ou à la confirmation | H19: E1032 | I19: Prolongation stage suite à congé de maternité, paternité, adoption | J19: Le type de situation de stage est égal à 'Prolongation suite à congé de maternité, paternité, adoption' | K19: A_CAR_MOREST [Saisi] = 'TS04' | L19: T2480 | M19: Prolongation stage suite à congé de maternité, paternité, adoption | N19: Création Modification | Q19: Stagiaire ou auditeur ou élève | R19: P0004 | S19: Général | T19: Passant | U19: 45931 | W19: STA_P_035 | X19: STA_P_035 | Y19: =VLOOKUP(X19,'Axe 2 Règles de gestion'!$D$2:$F$97,3, FALSE) -> Titularisation : Elle prend effet à la date de la fin de la durée statutaire du stage compte non tenu de la prolongation du stage imputable à ce congé. | Z19: 2025-69
A20: 25.10.00 | B20: A | C20: 45982.447 | D20: D0005 | E20: Carrière | F20: S0187 | G20: Stage préalable à la titularisation ou à la confirmation | H20: E1032 | I20: Prolongation stage suite à congé de maternité, paternité, adoption | J20: Le type de situation de stage est égal à 'Prolongation suite à congé de maternité, paternité, adoption' | K20: A_CAR_MOREST [Saisi] = 'TS04' | L20: T2480 | M20: Prolongation stage suite à congé de maternité, paternité, adoption | N20: Création Modification | Q20: Ouvrier d'état | R20: P0005 | S20: Général | T20: Exclu | U20: 45931 | Z20: 2025-69
A21: 25.10.00 | B21: A | C21: 45982.644 | D21: D0005 | E21: Carrière | F21: S0187 | G21: Stage préalable à la titularisation ou à la confirmation | H21: E1032 | I21: Prolongation stage suite à congé de maternité, paternité, adoption | J21: Le type de situation de stage est égal à 'Prolongation suite à congé de maternité, paternité, adoption' | K21: A_CAR_MOREST [Saisi] = 'TS04' | L21: T2480 | M21: Prolongation stage suite à congé de maternité, paternité, adoption | N21: Création Modification | Q21: Ouvrier de la défense auxiliaire non affilié ou temporaire non mensualisé | R21: P0182 | S21: Particulier | T21: Passant | U21: 45931 | Z21: 2025-69
A22: 25.10.00 | B22: M | C22: 46020.454 | D22: D0005 | E22: Carrière | F22: S0187 | G22: Stage préalable à la titularisation ou à la confirmation | H22: E1032 | I22: Prolongation stage suite à congé de maternité, paternité, adoption | J22: Le type de situation de stage est égal à 'Prolongation suite à congé de maternité, paternité, adoption' | K22: A_CAR_MOREST [Saisi] = 'TS04' | L22: T2480 | M22: Prolongation stage suite à congé de maternité, paternité, adoption | N22: Création Modification | Q22: Ouvrier de l'Etat stagiaire | R22: P0293 | S22: Particulier | T22: Passant | U22: 45931 | W22: STA_P_036 | X22: STA_P_036 | Y22: =VLOOKUP(X22,'Axe 2 Règles de gestion'!$D$2:$F$97,3, FALSE) -> Affiliation : Elle prend effet à la date de la fin de la durée statutaire du stage compte non tenu de la prolongation du stage imputable à ce congé. | Z22: 2025-69
A23: 25.10.00 | B23: A | C23: 45982.448 | D23: D0005 | E23: Carrière | F23: S0187 | G23: Stage préalable à la titularisation ou à la confirmation | H23: E1033 | I23: Prolongation stage suite à congés rémunérés de toute nature hors congés annuel, maternité, paternité, adoption | J23: Le type de situation de stage est égal à 'Prolongation suite à congés rémunérés de toute nature hors congés annuel, maternité, paternité, adoption' | K23: A_CAR_MOREST [Saisi] = 'TS05' | L23: T2481 | M23: Prolongation stage suite à congés rémunérés de toute nature hors congés annuel, maternité, paternité, adoption | N23: Création Modification | Q23: Titulaire ou magistrat | R23: P0001 | S23: Général | T23: Exclu | U23: 45931 | Z23: 2025-69
A24: 25.10.00 | B24: A | C24: 45982.449 | D24: D0005 | E24: Carrière | F24: S0187 | G24: Stage préalable à la titularisation ou à la confirmation | H24: E1033 | I24: Prolongation stage suite à congés rémunérés de toute nature hors congés annuel, maternité, paternité, adoption | J24: Le type de situation de stage est égal à 'Prolongation suite à congés rémunérés de toute nature hors congés annuel, maternité, paternité, adoption' | K24: A_CAR_MOREST [Saisi] = 'TS05' | L24: T2481 | M24: Prolongation stage suite à congés rémunérés de toute nature hors congés annuel, maternité, paternité, adoption | N24: Création Modification | Q24: Militaire | R24: P0002 | S24: Général | T24: Exclu | U24: 45931 | Z24: 2025-69
A25: 25.10.00 | B25: A | C25: 45982.448 | D25: D0005 | E25: Carrière | F25: S0187 | G25: Stage préalable à la titularisation ou à la confirmation | H25: E1033 | I25: Prolongation stage suite à congés rémunérés de toute nature hors congés annuel, maternité, paternité, adoption | J25: Le type de situation de stage est égal à 'Prolongation suite à congés rémunérés de toute nature hors congés annuel, maternité, paternité, adoption' | K25: A_CAR_MOREST [Saisi] = 'TS05' | L25: T2481 | M25: Prolongation stage suite à congés rémunérés de toute nature hors congés annuel, maternité, paternité, adoption | N25: Création Modification | Q25: Contractuel | R25: P0003 | S25: Général | T25: Exclu | U25: 45931 | Z25: 2025-69
A26: 25.10.00 | B26: M | C26: 45982.624 | D26: D0005 | E26: Carrière | F26: S0187 | G26: Stage préalable à la titularisation ou à la confirmation | H26: E1033 | I26: Prolongation stage suite à congés rémunérés de toute nature hors congés annuel, maternité, paternité, adoption | J26: Le type de situation de stage est égal à 'Prolongation suite à congés rémunérés de toute nature hors congés annuel, maternité, paternité, adoption' | K26: A_CAR_MOREST [Saisi] = 'TS05' | L26: T2481 | M26: Prolongation stage suite à congés rémunérés de toute nature hors congés annuel, maternité, paternité, adoption | N26: Création Modification | Q26: Stagiaire ou auditeur ou élève | R26: P0004 | S26: Général | T26: Passant | U26: 45931 | Z26: 2025-69
A27: 25.10.00 | B27: A | C27: 45982.449 | D27: D0005 | E27: Carrière | F27: S0187 | G27: Stage préalable à la titularisation ou à la confirmation | H27: E1033 | I27: Prolongation stage suite à congés rémunérés de toute nature hors congés annuel, maternité, paternité, adoption | J27: Le type de situation de stage est égal à 'Prolongation suite à congés rémunérés de toute nature hors congés annuel, maternité, paternité, adoption' | K27: A_CAR_MOREST [Saisi] = 'TS05' | L27: T2481 | M27: Prolongation stage suite à congés rémunérés de toute nature hors congés annuel, maternité, paternité, adoption | N27: Création Modification | Q27: Ouvrier d'état | R27: P0005 | S27: Général | T27: Exclu | U27: 45931 | Z27: 2025-69
A28: 25.10.00 | B28: A | C28: 45982.645 | D28: D0005 | E28: Carrière | F28: S0187 | G28: Stage préalable à la titularisation ou à la confirmation | H28: E1033 | I28: Prolongation stage suite à congés rémunérés de toute nature hors congés annuel, maternité, paternité, adoption | J28: Le type de situation de stage est égal à 'Prolongation suite à congés rémunérés de toute nature hors congés annuel, maternité, paternité, adoption' | K28: A_CAR_MOREST [Saisi] = 'TS05' | L28: T2481 | M28: Prolongation stage suite à congés rémunérés de toute nature hors congés annuel, maternité, paternité, adoption | N28: Création Modification | Q28: Ouvrier de la défense auxiliaire non affilié ou temporaire non mensualisé | R28: P0182 | S28: Particulier | T28: Passant | U28: 45931 | Z28: 2025-69
A29: 25.10.00 | B29: M | C29: 46020.578 | D29: D0005 | E29: Carrière | F29: S0187 | G29: Stage préalable à la titularisation ou à la confirmation | H29: E1033 | I29: Prolongation stage suite à congés rémunérés de toute nature hors congés annuel, maternité, paternité, adoption | J29: Le type de situation de stage est égal à 'Prolongation suite à congés rémunérés de toute nature hors congés annuel, maternité, paternité, adoption' | K29: A_CAR_MOREST [Saisi] = 'TS05' | L29: T2481 | M29: Prolongation stage suite à congés rémunérés de toute nature hors congés annuel, maternité, paternité, adoption | N29: Création Modification | Q29: Ouvrier de l'Etat stagiaire | R29: P0293 | S29: Particulier | T29: Passant | U29: 45931 | Z29: 2025-69
A30: 25.10.00 | B30: A | C30: 45982.465 | D30: D0005 | E30: Carrière | F30: S0187 | G30: Stage préalable à la titularisation ou à la confirmation | H30: E1034 | I30: Prolongation stage suite à période d'instruction militaire obligatoire ou congé sans traitement pour service national | J30: Le type de situation de stage est égal à 'Prolongation suite à période d'instruction militaire obligatoire ou congé sans traitement pour service national' | K30: A_CAR_MOREST [Saisi] = 'TS06' | L30: T2482 | M30: Prolongation stage suite à période d'instruction militaire obligatoire ou congé sans traitement pour service national | N30: Création Modification | Q30: Titulaire ou magistrat | R30: P0001 | S30: Général | T30: Exclu | U30: 45931 | Z30: 2025-69
A31: 25.10.00 | B31: A | C31: 45982.465 | D31: D0005 | E31: Carrière | F31: S0187 | G31: Stage préalable à la titularisation ou à la confirmation | H31: E1034 | I31: Prolongation stage suite à période d'instruction militaire obligatoire ou congé sans traitement pour service national | J31: Le type de situation de stage est égal à 'Prolongation suite à période d'instruction militaire obligatoire ou congé sans traitement pour service national' | K31: A_CAR_MOREST [Saisi] = 'TS06' | L31: T2482 | M31: Prolongation stage suite à période d'instruction militaire obligatoire ou congé sans traitement pour service national | N31: Création Modification | Q31: Militaire | R31: P0002 | S31: Général | T31: Exclu | U31: 45931 | Z31: 2025-69
A32: 25.10.00 | B32: A | C32: 45982.465 | D32: D0005 | E32: Carrière | F32: S0187 | G32: Stage préalable à la titularisation ou à la confirmation | H32: E1034 | I32: Prolongation stage suite à période d'instruction militaire obligatoire ou congé sans traitement pour service national | J32: Le type de situation de stage est égal à 'Prolongation suite à période d'instruction militaire obligatoire ou congé sans traitement pour service national' | K32: A_CAR_MOREST [Saisi] = 'TS06' | L32: T2482 | M32: Prolongation stage suite à période d'instruction militaire obligatoire ou congé sans traitement pour service national | N32: Création Modification | Q32: Contractuel | R32: P0003 | S32: Général | T32: Exclu | U32: 45931 | Z32: 2025-69
A33: 25.10.00 | B33: A | C33: 45982.626 | D33: D0005 | E33: Carrière | F33: S0187 | G33: Stage préalable à la titularisation ou à la confirmation | H33: E1034 | I33: Prolongation stage suite à période d'instruction militaire obligatoire ou congé sans traitement pour service national | J33: Le type de situation de stage est égal à 'Prolongation suite à période d'instruction militaire obligatoire ou congé sans traitement pour service national' | K33: A_CAR_MOREST [Saisi] = 'TS06' | L33: T2482 | M33: Prolongation stage suite à période d'instruction militaire obligatoire ou congé sans traitement pour service national | N33: Création Modification | Q33: Stagiaire ou auditeur ou élève | R33: P0004 | S33: Général | T33: Passant | U33: 45931 | Z33: 2025-69
A34: 25.10.00 | B34: A | C34: 45982.465 | D34: D0005 | E34: Carrière | F34: S0187 | G34: Stage préalable à la titularisation ou à la confirmation | H34: E1034 | I34: Prolongation stage suite à période d'instruction militaire obligatoire ou congé sans traitement pour service national | J34: Le type de situation de stage est égal à 'Prolongation suite à période d'instruction militaire obligatoire ou congé sans traitement pour service national' | K34: A_CAR_MOREST [Saisi] = 'TS06' | L34: T2482 | M34: Prolongation stage suite à période d'instruction militaire obligatoire ou congé sans traitement pour service national | N34: Création Modification | Q34: Ouvrier d'état | R34: P0005 | S34: Général | T34: Exclu | U34: 45931 | Z34: 2025-69
... A92: 25.10.00 | B92: M | C92: 46020.583 | D92: D0005 | E92: Carrière | F92: S0187 | G92: Stage préalable à la titularisation ou à la confirmation | H92: E1042 | I92: Stage | J92: Le type de situation de stage est égal à 'initiale' | K92: A_CAR_MOREST [Saisi] = 'TS14' | L92: T2491 | M92: Fin de Stage | N92: Modification | Q92: Ouvrier de l'Institut Géographique National stagiaire | R92: P0294 | S92: Particulier | T92: Passant | U92: 45931 | Z92: 2025-69
A93: 25.10.00 | B93: A | C93: 45982.584 | D93: D0005 | E93: Carrière | F93: S0187 | G93: Stage préalable à la titularisation ou à la confirmation | H93: E1043 | I93: Prolongation stage suite à suspension | L93: T2492 | M93: Prolongation stage suite à suspension | N93: Création Modification | Q93: Titulaire ou magistrat | R93: P0001 | S93: Général | T93: Exclu | U93: 45931 | Z93: 2025-69
A94: 25.10.00 | B94: A | C94: 45982.585 | D94: D0005 | E94: Carrière | F94: S0187 | G94: Stage préalable à la titularisation ou à la confirmation | H94: E1043 | I94: Prolongation stage suite à suspension | L94: T2492 | M94: Prolongation stage suite à suspension | N94: Création Modification | Q94: Militaire | R94: P0002 | S94: Général | T94: Exclu | U94: 45931 | Z94: 2025-69
A95: 25.10.00 | B95: A | C95: 45982.584 | D95: D0005 | E95: Carrière | F95: S0187 | G95: Stage préalable à la titularisation ou à la confirmation | H95: E1043 | I95: Prolongation stage suite à suspension | L95: T2492 | M95: Prolongation stage suite à suspension | N95: Création Modification | Q95: Contractuel | R95: P0003 | S95: Général | T95: Exclu | U95: 45931 | Z95: 2025-69
A96: 25.10.00 | B96: A | C96: 45982.637 | D96: D0005 | E96: Carrière | F96: S0187 | G96: Stage préalable à la titularisation ou à la confirmation | H96: E1043 | I96: Prolongation stage suite à suspension | L96: T2492 | M96: Prolongation stage suite à suspension | N96: Création Modification | Q96: Stagiaire ou auditeur ou élève | R96: P0004 | S96: Général | T96: Passant | U96: 45931 | Z96: 2025-69
A97: 25.10.00 | B97: A | C97: 45982.585 | D97: D0005 | E97: Carrière | F97: S0187 | G97: Stage préalable à la titularisation ou à la confirmation | H97: E1043 | I97: Prolongation stage suite à suspension | L97: T2492 | M97: Prolongation stage suite à suspension | N97: Création Modification | Q97: Ouvrier d'état | R97: P0005 | S97: Général | T97: Exclu | U97: 45931 | Z97: 2025-69
A98: 25.10.00 | B98: A | C98: 45982.586 | D98: D0005 | E98: Carrière | F98: S0187 | G98: Stage préalable à la titularisation ou à la confirmation | H98: E1044 | I98: Prolongation stage suite à exclusion | L98: T2493 | M98: Prolongation stage suite à exclusion | N98: Création Modification | Q98: Titulaire ou magistrat | R98: P0001 | S98: Général | T98: Exclu | U98: 45931 | Z98: 2025-69
A99: 25.10.00 | B99: A | C99: 45982.586 | D99: D0005 | E99: Carrière | F99: S0187 | G99: Stage préalable à la titularisation ou à la confirmation | H99: E1044 | I99: Prolongation stage suite à exclusion | L99: T2493 | M99: Prolongation stage suite à exclusion | N99: Création Modification | Q99: Militaire | R99: P0002 | S99: Général | T99: Exclu | U99: 45931 | Z99: 2025-69
A100: 25.10.00 | B100: A | C100: 45982.586 | D100: D0005 | E100: Carrière | F100: S0187 | G100: Stage préalable à la titularisation ou à la confirmation | H100: E1044 | I100: Prolongation stage suite à exclusion | L100: T2493 | M100: Prolongation stage suite à exclusion | N100: Création Modification | Q100: Contractuel | R100: P0003 | S100: Général | T100: Exclu | U100: 45931 | Z100: 2025-69
A101: 25.10.00 | B101: M | C101: 46020.451 | D101: D0005 | E101: Carrière | F101: S0187 | G101: Stage préalable à la titularisation ou à la confirmation | H101: E1044 | I101: Prolongation stage suite à exclusion | L101: T2493 | M101: Prolongation stage suite à exclusion | N101: Création Modification | Q101: Stagiaire ou auditeur ou élève | R101: P0004 | S101: Général | T101: Passant | U101: 45931 | Z101: 2025-69
A102: 25.10.00 | B102: A | C102: 45982.587 | D102: D0005 | E102: Carrière | F102: S0187 | G102: Stage préalable à la titularisation ou à la confirmation | H102: E1044 | I102: Prolongation stage suite à exclusion | L102: T2493 | M102: Prolongation stage suite à exclusion | N102: Création Modification | Q102: Ouvrier d'état | R102: P0005 | S102: Général | T102: Exclu | U102: 45931 | Z102: 2025-69
A103: 25.10.00 | B103: A | C103: 45982.587 | D103: D0005 | E103: Carrière | F103: S0188 | G103: Report de la nomination en qualité de stagiaire | H103: E1045 | I103: Report de la nomination en qualité de stagiaire suite à obligations militaires | L103: T2494 | M103: Report de la nomination en qualité de stagiaire suite à obligations militaires | N103: Création Modification | Q103: Titulaire ou magistrat | R103: P0001 | S103: Général | T103: Exclu | U103: 45931 | Z103: 2025-69
A104: 25.10.00 | B104: A | C104: 45982.588 | D104: D0005 | E104: Carrière | F104: S0188 | G104: Report de la nomination en qualité de stagiaire | H104: E1045 | I104: Report de la nomination en qualité de stagiaire suite à obligations militaires | L104: T2494 | M104: Report de la nomination en qualité de stagiaire suite à obligations militaires | N104: Création Modification | Q104: Militaire | R104: P0002 | S104: Général | T104: Exclu | U104: 45931 | Z104: 2025-69
... A137: 25.10.00 | B137: A | C137: 45982.597 | D137: D0005 | E137: Carrière | F137: S0188 | G137: Report de la nomination en qualité de stagiaire | H137: E1051 | I137: Report de la nomination en qualité de stagiaire pour congé de proche aidant | L137: T2500 | M137: Report de la nomination en qualité de stagiaire pour congé de proche aidant | N137: Création Modification | Q137: Ouvrier d'état | R137: P0005 | S137: Général | T137: Exclu | U137: 45931 | Z137: 2025-69

Sheet Axe 1 Rattachement des actes
A1: Version | B1: Type de mise à jour | C1: Date de mise à jour | D1: Identifiant Domaine | E1: Libellé du Domaine | F1: Identifiant Sous-domaine | G1: Libellé du Sous-domaine | H1: Identifiant Evénement | I1: Libellé de l'évènement | J1: Libellé condition déclenchement Evènement | K1: Condition déclenchement Evènement | L1: Identifiant type d'évènement | M1: Libellé type d'évènement | N1: Type de mise à jour | O1: Libellé condition déclenchement Type Evènement | P1: Condition déclenchement Type Evènement | Q1: Libellé Population | R1: Codification Population | S1: Général / Particulier | T1: Passant / Exclu | U1: Date de début | V1: Date de fin | W1: Libellé condition de déclenchement 1 | X1: Condition de déclenchement 1 | Y1: Code nature 1 | Z1: Libellé nature 1 | AA1: Libellé condition de déclenchement 2 | AB1: Condition de déclenchement 2 | AC1: Code nature 2 | AD1: Libellé nature 2 | AE1: Libellé condition de déclenchement 3 | AF1: Condition de déclenchement 3 | AG1: Code nature 3 | AH1: Libellé nature 3 | AI1: Libellé condition de déclenchement 4 | AJ1: Condition de déclenchement 4 | AK1: Code nature 4 | AL1: Libellé nature 4 | AM1: Commentaire | AN1: FIME | AO1: Statut de travail
A2: 25.10.00 | B2: A | C2: 45982.411 | D2: D0005 | E2: Carrière | F2: S0187 | G2: Stage préalable à la titularisation ou à la confirmation | H2: E1030 | I2: Prolongation stage suite à résultats insuffisants | J2: Prolongation suite à résultats insuffisants | K2: A_CAR_MOREST [Saisi] = 'TS01' | L2: T2478 | M2: Prolongation stage suite à résultats insuffisants | N2: Création Modification | Q2: Titulaire ou magistrat | R2: P0001 | S2: Général | T2: Exclu | U2: 45931
A3: 25.10.00 | B3: A | C3: 45982.411 | D3: D0005 | E3: Carrière | F3: S0187 | G3: Stage préalable à la titularisation ou à la confirmation | H3: E1030 | I3: Prolongation stage suite à résultats insuffisants | J3: Prolongation suite à résultats insuffisants | K3: A_CAR_MOREST [Saisi] = 'TS01' | L3: T2478 | M3: Prolongation stage suite à résultats insuffisants | N3: Création Modification | Q3: Militaire | R3: P0002 | S3: Général | T3: Exclu | U3: 45931
A4: 25.10.00 | B4: A | C4: 45982.411 | D4: D0005 | E4: Carrière | F4: S0187 | G4: Stage préalable à la titularisation ou à la confirmation | H4: E1030 | I4: Prolongation stage suite à résultats insuffisants | J4: Prolongation suite à résultats insuffisants | K4: A_CAR_MOREST [Saisi] = 'TS01' | L4: T2478 | M4: Prolongation stage suite à résultats insuffisants | N4: Création Modification | Q4: Contractuel | R4: P0003 | S4: Général | T4: Exclu | U4: 45931
A5: 25.10.00 | B5: A | C5: 45982.601 | D5: D0005 | E5: Carrière | F5: S0187 | G5: Stage préalable à la titularisation ou à la confirmation | H5: E1030 | I5: Prolongation stage suite à résultats insuffisants | J5: Prolongation suite à résultats insuffisants | K5: A_CAR_MOREST [Saisi] = 'TS01' | L5: T2478 | M5: Prolongation stage suite à résultats insuffisants | N5: Création Modification | Q5: Stagiaire ou auditeur ou élève | R5: P0004 | S5: Général | T5: Passant | U5: 45931
A6: 25.10.00 | B6: A | C6: 45982.411 | D6: D0005 | E6: Carrière | F6: S0187 | G6: Stage préalable à la titularisation ou à la confirmation | H6: E1030 | I6: Prolongation stage suite à résultats insuffisants | J6: Prolongation suite à résultats insuffisants | K6: A_CAR_MOREST [Saisi] = 'TS01' | L6: T2478 | M6: Prolongation stage suite à résultats insuffisants | N6: Création Modification | Q6: Ouvrier d'état | R6: P0005 | S6: Général | T6: Exclu | U6: 45931
A7: 25.10.00 | B7: A | C7: 45982.642 | D7: D0005 | E7: Carrière | F7: S0187 | G7: Stage préalable à la titularisation ou à la confirmation | H7: E1030 | I7: Prolongation stage suite à résultats insuffisants | J7: Prolongation suite à résultats insuffisants | K7: A_CAR_MOREST [Saisi] = 'TS01' | L7: T2478 | M7: Prolongation stage suite à résultats insuffisants | N7: Création Modification | Q7: Ouvrier de la défense auxiliaire non affilié ou temporaire non mensualisé | R7: P0182 | S7: Particulier | T7: Passant | U7: 45931
A8: 25.10.00 | B8: A | C8: 45982.653 | D8: D0005 | E8: Carrière | F8: S0187 | G8: Stage préalable à la titularisation ou à la confirmation | H8: E1030 | I8: Prolongation stage suite à résultats insuffisants | J8: Prolongation suite à résultats insuffisants | K8: A_CAR_MOREST [Saisi] = 'TS01' | L8: T2478 | M8: Prolongation stage suite à résultats insuffisants | N8: Création Modification | Q8: Ouvrier des parcs et ateliers stagiaire | R8: P0226 | S8: Particulier | T8: Passant | U8: 45931
A9: 25.10.00 | B9: A | C9: 45982.66 | D9: D0005 | E9: Carrière | F9: S0187 | G9: Stage préalable à la titularisation ou à la confirmation | H9: E1030 | I9: Prolongation stage suite à résultats insuffisants | J9: Prolongation suite à résultats insuffisants | K9: A_CAR_MOREST [Saisi] = 'TS01' | L9: T2478 | M9: Prolongation stage suite à résultats insuffisants | N9: Création Modification | Q9: Ouvrier de l'Institut Géographique National stagiaire | R9: P0294 | S9: Particulier | T9: Passant | U9: 45931
A10: 25.10.00 | B10: A | C10: 45982.412 | D10: D0005 | E10: Carrière | F10: S0187 | G10: Stage préalable à la titularisation ou à la confirmation | H10: E1031 | I10: Prolongation stage suite à temps partiel | J10: Le type de situation de stage est égal à 'Prolongation suite à temps partiel' | K10: A_CAR_MOREST [Saisi] = 'TS02' | L10: T2479 | M10: Prolongation stage suite à temps partiel | N10: Création Modification | Q10: Titulaire ou magistrat | R10: P0001 | S10: Général | T10: Exclu | U10: 45931
A11: 25.10.00 | B11: A | C11: 45982.413 | D11: D0005 | E11: Carrière | F11: S0187 | G11: Stage préalable à la titularisation ou à la confirmation | H11: E1031 | I11: Prolongation stage suite à temps partiel | J11: Le type de situation de stage est égal à 'Prolongation suite à temps partiel' | K11: A_CAR_MOREST [Saisi] = 'TS02' | L11: T2479 | M11: Prolongation stage suite à temps partiel | N11: Création Modification | Q11: Militaire | R11: P0002 | S11: Général | T11: Exclu | U11: 45931
A12: 25.10.00 | B12: A | C12: 45982.413 | D12: D0005 | E12: Carrière | F12: S0187 | G12: Stage préalable à la titularisation ou à la confirmation | H12: E1031 | I12: Prolongation stage suite à temps partiel | J12: Le type de situation de stage est égal à 'Prolongation suite à temps partiel' | K12: A_CAR_MOREST [Saisi] = 'TS02' | L12: T2479 | M12: Prolongation stage suite à temps partiel | N12: Création Modification | Q12: Contractuel | R12: P0003 | S12: Général | T12: Exclu | U12: 45931
A13: 25.10.00 | B13: A | C13: 45982.602 | D13: D0005 | E13: Carrière | F13: S0187 | G13: Stage préalable à la titularisation ou à la confirmation | H13: E1031 | I13: Prolongation stage suite à temps partiel | J13: Le type de situation de stage est égal à 'Prolongation suite à temps partiel' | K13: A_CAR_MOREST [Saisi] = 'TS02' | L13: T2479 | M13: Prolongation stage suite à temps partiel | N13: Création Modification | Q13: Stagiaire ou auditeur ou élève | R13: P0004 | S13: Général | T13: Passant | U13: 45931
... A92: 25.10.00 | B92: M | C92: 46020.583 | D92: D0005 | E92: Carrière | F92: S0187 | G92: Stage préalable à la titularisation ou à la confirmation | H92: E1042 | I92: Stage | J92: Le type de situation de stage est égal à 'initiale' | K92: A_CAR_MOREST [Saisi] = 'TS14' | L92: T2491 | M92: Fin de Stage | N92: Modification | Q92: Ouvrier de l'Institut Géographique National stagiaire | R92: P0294 | S92: Particulier | T92: Passant | U92: 45931
A93: 25.10.00 | B93: A | C93: 45982.584 | D93: D0005 | E93: Carrière | F93: S0187 | G93: Stage préalable à la titularisation ou à la confirmation | H93: E1043 | I93: Prolongation stage suite à suspension | L93: T2492 | M93: Prolongation stage suite à suspension | N93: Création Modification | Q93: Titulaire ou magistrat | R93: P0001 | S93: Général | T93: Exclu | U93: 45931
A94: 25.10.00 | B94: A | C94: 45982.585 | D94: D0005 | E94: Carrière | F94: S0187 | G94: Stage préalable à la titularisation ou à la confirmation | H94: E1043 | I94: Prolongation stage suite à suspension | L94: T2492 | M94: Prolongation stage suite à suspension | N94: Création Modification | Q94: Militaire | R94: P0002 | S94: Général | T94: Exclu | U94: 45931
A95: 25.10.00 | B95: A | C95: 45982.584 | D95: D0005 | E95: Carrière | F95: S0187 | G95: Stage préalable à la titularisation ou à la confirmation | H95: E1043 | I95: Prolongation stage suite à suspension | L95: T2492 | M95: Prolongation stage suite à suspension | N95: Création Modification | Q95: Contractuel | R95: P0003 | S95: Général | T95: Exclu | U95: 45931
A96: 25.10.00 | B96: A | C96: 45982.637 | D96: D0005 | E96: Carrière | F96: S0187 | G96: Stage préalable à la titularisation ou à la confirmation | H96: E1043 | I96: Prolongation stage suite à suspension | L96: T2492 | M96: Prolongation stage suite à suspension | N96: Création Modification | Q96: Stagiaire ou auditeur ou élève | R96: P0004 | S96: Général | T96: Passant | U96: 45931
A97: 25.10.00 | B97: A | C97: 45982.585 | D97: D0005 | E97: Carrière | F97: S0187 | G97: Stage préalable à la titularisation ou à la confirmation | H97: E1043 | I97: Prolongation stage suite à suspension | L97: T2492 | M97: Prolongation stage suite à suspension | N97: Création Modification | Q97: Ouvrier d'état | R97: P0005 | S97: Général | T97: Exclu | U97: 45931
A98: 25.10.00 | B98: A | C98: 45982.586 | D98: D0005 | E98: Carrière | F98: S0187 | G98: Stage préalable à la titularisation ou à la confirmation | H98: E1044 | I98: Prolongation stage suite à exclusion | L98: T2493 | M98: Prolongation stage suite à exclusion | N98: Création Modification | Q98: Titulaire ou magistrat | R98: P0001 | S98: Général | T98: Exclu | U98: 45931
A99: 25.10.00 | B99: A | C99: 45982.586 | D99: D0005 | E99: Carrière | F99: S0187 | G99: Stage préalable à la titularisation ou à la confirmation | H99: E1044 | I99: Prolongation stage suite à exclusion | L99: T2493 | M99: Prolongation stage suite à exclusion | N99: Création Modification | Q99: Militaire | R99: P0002 | S99: Général | T99: Exclu | U99: 45931
A100: 25.10.00 | B100: A | C100: 45982.586 | D100: D0005 | E100: Carrière | F100: S0187 | G100: Stage préalable à la titularisation ou à la confirmation | H100: E1044 | I100: Prolongation stage suite à exclusion | L100: T2493 | M100: Prolongation stage suite à exclusion | N100: Création Modification | Q100: Contractuel | R100: P0003 | S100: Général | T100: Exclu | U100: 45931
A101: 25.10.00 | B101: M | C101: 46020.451 | D101: D0005 | E101: Carrière | F101: S0187 | G101: Stage préalable à la titularisation ou à la confirmation | H101: E1044 | I101: Prolongation stage suite à exclusion | L101: T2493 | M101: Prolongation stage suite à exclusion | N101: Création Modification | Q101: Stagiaire ou auditeur ou élève | R101: P0004 | S101: Général | T101: Passant | U101: 45931
A102: 25.10.00 | B102: A | C102: 45982.587 | D102: D0005 | E102: Carrière | F102: S0187 | G102: Stage préalable à la titularisation ou à la confirmation | H102: E1044 | I102: Prolongation stage suite à exclusion | L102: T2493 | M102: Prolongation stage suite à exclusion | N102: Création Modification | Q102: Ouvrier d'état | R102: P0005 | S102: Général | T102: Exclu | U102: 45931
A103: 25.10.00 | B103: A | C103: 45982.587 | D103: D0005 | E103: Carrière | F103: S0188 | G103: Report de la nomination en qualité de stagiaire | H103: E1045 | I103: Report de la nomination en qualité de stagiaire suite à obligations militaires | L103: T2494 | M103: Report de la nomination en qualité de stagiaire suite à obligations militaires | N103: Création Modification | Q103: Titulaire ou magistrat | R103: P0001 | S103: Général | T103: Exclu | U103: 45931
A104: 25.10.00 | B104: A | C104: 45982.588 | D104: D0005 | E104: Carrière | F104: S0188 | G104: Report de la nomination en qualité de stagiaire | H104: E1045 | I104: Report de la nomination en qualité de stagiaire suite à obligations militaires | L104: T2494 | M104: Report de la nomination en qualité de stagiaire suite à obligations militaires | N104: Création Modification | Q104: Militaire | R104: P0002 | S104: Général | T104: Exclu | U104: 45931
... A137: 25.10.00 | B137: A | C137: 45982.597 | D137: D0005 | E137: Carrière | F137: S0188 | G137: Report de la nomination en qualité de stagiaire | H137: E1051 | I137: Report de la nomination en qualité de stagiaire pour congé de proche aidant | L137: T2500 | M137: Report de la nomination en qualité de stagiaire pour congé de proche aidant | N137: Création Modification | Q137: Ouvrier d'état | R137: P0005 | S137: Général | T137: Exclu | U137: 45931

Sheet Axe 2 Règles de gestion
A1: Version | B1: Type de mise à jour | C1: Date de mise à jour | D1: Code de la règle | E1: Type de règle | F1: Règle littérale | G1: Références juridiques | H1: Date de début | I1: Date de fin | J1: Condition | K1: Articulation | L1: Type de contrôle | M1: Commentaire | N1: Typage RG condition | O1: Typage RG contrôle | P1: Typage RG intellectuel | Q1: Typage RG impact | R1: FIME | S1: Statut de travail | T1: Règle retenue | U1: Expression littérale
A2: 25.10.00 | B2: M | C2: 45987.39 | D2: STA_D_001 | E2: Condition | F2: L'agent a été en temps partiel de droit ou sur autorisation pendant sa période de stage | G2: Code général de la fonction publique R327-55 | H2: 40725 | K2: A_MOS_MODSER [Dossier] DANS ('MS201','MS212','MS204','MS213','MS214') | L2: Bloquant | R2: 2025-69 | T2: x | U2: L'agent a été en temps partiel de droit ou sur autorisation pendant sa période de stage.
A3: 25.10.00 | B3: M | C3: 45987.391 | D3: STA_D_003 | E3: Condition | F3: L'agent a été en congés annuels, maternité, paternité ou adoption pendant sa période de stage. | G3: Code général de la fonction publique R327-31 | H3: 40725 | K3: A_COA_TYCOAB [Dossier] = CONGE_ABSENCE.R_FOR_IDEN05 ET CONGE_ABSENCE.R_REL_COAAG1 DANS ('V','G') | L3: Bloquant | R3: 2025-69 | T3: x | U3: L'agent a été en congés annuels, maternité, paternité ou adoption pendant sa période de stage.
A4: 25.10.00 | B4: M | C4: 45987.391 | D4: STA_D_004 | E4: Condition | F4: L'agent a été en congés rémunérés hors congés annuels, maternité, paternité ou adoption pendant sa période de stage | G4: Code général de la fonction publique R327-71 | H4: 40725 | K4: A_COA_TYCOAB [Dossier] = CONGE_ABSENCE.R_FOR_IDEN05 ET CONGE_ABSENCE.R_REL_COAAG1 PAS DANS ('V','G') ET CONGE_ABSENCE.R_REL_IMPPAY ='0' | L4: Bloquant | R4: 2025-69 | T4: x | U4: L'agent a été en congés rémunérés hors congés annuels, maternité, paternité ou adoption pendant sa période de stage
A5: 25.10.00 | B5: M | C5: 45987.391 | D5: STA_D_006 | E5: Condition | F5: L'agent a été en congé de solidarité familiale ou en congé de proche aidant pendant sa période de stage. | G5: Code général de la fonction publique R327-57 | R327-58 | H5: 40725 | K5: A_COA_TYCOAB [Dossier] DANS ('CG103','CG104') | L5: Bloquant | R5: 2025-69 | T5: x | U5: L'agent a été en congé de solidarité familiale ou en congé de proche aidant pendant sa période de stage.
A6: 25.10.00 | B6: M | C6: 45987.391 | D6: STA_D_007 | E6: Condition | F6: L'agent a été en congé de présence parentale pendant sa période de stage | G6: Code général de la fonction publique R327-56 | H6: 40725 | K6: A_COA_TYCOAB [Dossier] = 'CG102' | L6: Bloquant | R6: 2025-69 | T6: x | U6: L'agent a été en congé de présence parentale pendant sa période de stage.
A7: 25.10.00 | B7: M | C7: 45987.391 | D7: STA_D_008 | E7: Condition | F7: L'agent a été en congé sans traitement pour raisons familiales pendant sa période de stage | G7: Code général de la fonction publique R327-44 | H7: 40725 | K7: A_POS_POSIAD [Dossier] DANS ('NAC37','NAC39','NAC41','NAC42','NAC43','NAC44','NAC45','NAC47') | L7: Bloquant | R7: 2025-69 | T7: x | U7: L'agent a été en congé sans traitement pour raisons familiales pendant sa période de stage.
A8: 25.10.00 | B8: M | C8: 45987.391 | D8: STA_D_009 | E8: Condition | F8: L'agent a été en congé sans traitement pour suivre un cycle préparatoire à un concours pendant sa période de stage | G8: Code général de la fonction publique R327-42 | H8: 40725 | K8: A_POS_POSIAD [Dossier] = 'NAC12' | L8: Bloquant | R8: 2025-69 | T8: x | U8: L'agent a été en congé sans traitement pour suivre un cycle préparatoire à un concours pendant sa période de stage.
A9: 25.10.00 | B9: M | C9: 45987.392 | D9: STA_D_010 | E9: Condition | F9: L'agent a été en congé sans traitement pour convenances personnelles pendant sa période de stage | G9: Code général de la fonction publique R327-43 | H9: 40725 | K9: A_POS_POSIAD [Dossier] = 'NAC59' | L9: Bloquant | R9: 2025-69 | T9: x | U9: L'agent a été en congé sans traitement pour convenances personnelles pendant sa période de stage.
A10: 25.10.00 | B10: M | C10: 45987.392 | D10: STA_D_011 | E10: Condition | F10: L'agent a été en congé sans traitement pour raisons de santé pendant sa période de stage | G10: Code général de la fonction publique R327-31 | H10: 40725 | K10: A_POS_POSIAD [Dossier] = 'NAC11' | L10: Bloquant | R10: 2025-69 | T10: x | U10: L'agent a été en congé sans traitement pour raisons de santé pendant sa période de stage.
A11: 18.10.00 | B11: M | C11: 43416.572 | D11: STA_D_045 | E11: Condition | F11: L'agent a été en temps partiel de droit ou sur autorisation pendant sa période de stage. | G11: Décret 84-105 A1 | H11: 40725 | K11: A_MOS_MODSER [Dossier] DANS ('MS201','MS204','MS212') | L11: Bloquant | T11: x | U11: L'agent a été en temps partiel de droit ou sur autorisation pendant sa période de stage.
A12: 18.00.00 | B12: A | C12: 43315.648 | D12: STA_D_100 | E12: Condition | F12: La durée initiale du stage est égale à 1 an entre la date de début et la date de fin prévisionnelle. | G12: Arrêté du 30 décembre 2016 A 24 | H12: 42736 | K12: A_CAR_DAFNSG [Saisi] - A_CAR_DAENST [Saisi] = 1 AN | L12: Non Bloquant | M12: Le contrôle est de type non bloquant pour prendre en considération la réduction possible de cette période de 6 mois si la manière de servir de l'agent le justifie. | N12: P0182 - E1042 / E0771 | T12: x | U12: La durée initiale du stage est égale à 1 an.
A13: 18.00.00 | B13: A | C13: 43315.647 | D13: STA_D_101 | E13: Condition | F13: La durée initiale du stage est égale à 1 an entre la date de début et la date de fin réelle. | G13: Arrêté du 30 décembre 2016 A 24 | H13: 42736 | K13: A_CAR_DAFRSG [Saisi] - A_CAR_DAENST [Saisi] = 1 AN | L13: Non Bloquant | M13: Le contrôle est de type non bloquant pour prendre en considération la réduction possible de cette période de 6 mois si la manière de servir de l'agent le justifie. | N13: P0182 - E1042 / E0771
A14: 18.00.00 | B14: A | C14: 44356.447 | D14: STA_D_102 | E14: Condition | F14: La durée totale du stage (prolongation incluse) ne peut excéder 2 ans entre la date de début et la date de fin prévisionnelle. | G14: Arrêté du 30 décembre 2016 A 25 | H14: 40725 | K14: A_CAR_DAFNSG [Saisi] - A_CAR_DAENST [Occurrence précédente] <= 2 AN | L14: Non Bloquant | M14: . | N14: P0182 - E1030 / E1032 / E1033 / E1035 / E1036 / E1040 / E0771 | T14: x | U14: La durée totale du stage (prolongation incluse) ne peut excéder 2 ans.
A15: 18.00.00 | B15: A | C15: 44356.45 | D15: STA_D_103 | E15: Condition | F15: La durée totale du stage (prolongation incluse) ne peut excéder 2 ans entre la date de début et la date de fin réelle. | G15: Arrêté du 30 décembre 2016 A 25 | H15: 40725 | K15: A_CAR_DAFRSG [Saisi] - A_CAR_DAENST [Occurrence précédente] <= 2 AN | L15: Non Bloquant | M15: . | N15: P0182 - E1030 / E1032 / E1033 / E1035 / E1036 / E1040 / E0771
A16: 25.10.00 | B16: M | C16: 45987.392 | D16: STA_D_104 | E16: Condition | F16: L'agent a été en période d'instruction militaire obligatoire ou en congé sans traitement pour service national pendant sa période de stage. | G16: Code général de la fonction publique R327-35 | H16: 42482 | K16: A_COA_TYCOAB [Dossier] = 'CD001' | L16: Bloquant | N16: P0004 - E1034 / E0637 / E1042 | R16: 2025-69 | T16: x | U16: L'agent a été en congé sans traitement pour service national ou période d'instruction militaire obligatoire pendant sa période de stage.
A17: 25.10.00 | B17: A | C17: 46042.435 | D17: STA_D_105 | E17: Condition | F17: L'agent a été en congés rémunérés hors congés annuels, maternité, paternité ou adoption pendant sa période de stage. | G17: Décret 2025-694 A40 | A41 | A42 | H17: 45931 | K17: A_COA_TYCOAB [Dossier] = CONGE_ABSENCE.R_FOR_IDEN05 ET CONGE_ABSENCE.R_REL_COAAG1 PAS DANS ('V','G') ET CONGE_ABSENCE.R_REL_IMPPAY ='0' | L17: Bloquant | N17: P0293 - E1033 | R17: 2025-69 | T17: x | U17: L'agent a été en congés rémunérés hors congés annuels, maternité, paternité ou adoption pendant sa période de stage.
A18: 25.10.00 | B18: A | C18: 45980.649 | D18: STA_D_106 | E18: Condition | F18: L'agent a été en congé de solidarité familiale ou en congé de proche aidant pendant sa période de stage. | G18: Décret 2025-694 A41 | A42 | H18: 45931 | K18: A_COA_TYCOAB [Dossier] DANS ('CG103','CG104') | L18: Bloquant | N18: P0293 - E1035 | R18: 2025-69 | T18: x | U18: L'agent a été en congé de solidarité familiale ou en congé de proche aidant pendant sa période de stage.
A19: 25.10.00 | B19: A | C19: 45980.651 | D19: STA_D_107 | E19: Condition | F19: L'agent a été en congé de présence parentale pendant sa période de stage. | G19: Décret 2025-694 A40 | H19: 45931 | K19: A_COA_TYCOAB [Dossier] = 'CG102' | L19: Bloquant | N19: P0293 - E1036 | R19: 2025-69 | T19: x | U19: L'agent a été en congé de présence parentale pendant sa période de stage.
A20: 25.10.00 | B20: A | C20: 45980.652 | D20: STA_D_108 | E20: Condition | F20: L'agent a été en congé sans salaire pour raison de santé pendant sa période de stage. | G20: Décret 2025-694 A36 | H20: 45931 | K20: A_POS_POSIAD [Dossier] DANS ('SS101,'SS102','SS103','SS113') | L20: Bloquant | N20: P0293 - E1040 | R20: 2025-69 | T20: x | U20: L'agent a été en congé sans salaire pour raison de santé pendant sa période de stage.
A21: 25.10.00 | B21: A | C21: 45980.656 | D21: STA_D_109 | E21: Condition | F21: La durée initiale du stage est égale à 1 an entre la date de début et la date de fin prévisionnelle. | G21: Décret 65-382 A7 | H21: 45931 | K21: A_CAR_DAFNSG [Saisi] - A_CAR_DAENST [Saisi] = 1 AN | L21: Non Bloquant | M21: Le contrôle est de type non bloquant pour prendre en considération la réduction possible de cette période à 6 mois si leur conduite, leurs aptitudes ou leur manière de servir ne sont pas satisfaisantes. | N21: P0226 - E1042 | R21: 2025-69 | T21: x | U21: La durée initiale du stage est égale à 1 an.
A22: 25.10.00 | B22: A | C22: 45980.687 | D22: STA_D_110 | E22: Condition | F22: La durée initiale du stage est égale à 1 an entre la date de début et la date de fin réelle. | G22: Décret 65-382 A7 | H22: 45931 | K22: A_CAR_DAFNSG [Saisi] - A_CAR_DAENST [Occurrence précédente] <= 2 AN | L22: Bloquant | N22: P0226 - E1042 | R22: 2025-69
A23: 25.10.00 | B23: A | C23: 45980.69 | D23: STA_D_111 | E23: Condition | F23: La durée totale du stage (prolongation incluse) ne peut excéder 2 ans entre la date de début et la date de fin prévisionnelle. | G23: Décret 65-382 A7 | H23: 45931 | K23: A_CAR_DAFNSG [Saisi] - A_CAR_DAENST [Occurrence précédente] <= 2 AN | L23: Bloquant | N23: P0226 - E1030 / E1042 | R23: 2025-69 | T23: x | U23: La durée totale du stage (prolongation incluse) ne peut excéder 2 ans entre la date de début et la date de fin prévisionnelle.
A24: 25.10.00 | B24: A | C24: 45980.667 | D24: STA_D_112 | E24: Condition | F24: La durée initiale du stage est égale à 1 an entre la date de début et la date de fin prévisionnelle. | G24: Arrêté 9 juin 1948 A3 | H24: 45931 | K24: A_CAR_DAFNSG [Saisi] - A_CAR_DAENST [Saisi] = 1 AN | L24: Bloquant | N24: P0294 - E1042 | R24: 2025-69 | T24: x | U24: La durée initiale du stage est égale à 1 an.
A25: 25.10.00 | B25: A | C25: 45980.668 | D25: STA_D_113 | E25: Condition | F25: La durée initiale du stage est égale à 1 an entre la date de début et la date de fin réelle. | G25: Arrêté 9 juin 1948 A3 | H25: 45931 | K25: A_CAR_DAFRSG [Saisi] - A_CAR_DAENST [Saisi] = 1 AN | L25: Bloquant | N25: P0294 - E1042 | R25: 2025-69
A26: 25.10.00 | B26: A | C26: 45980.67 | D26: STA_D_114 | E26: Condition | F26: L'agent a été en congés maternité, paternité ou adoption pendant sa période de stage. | G26: Décret 2025-694 A39 | H26: 45931 | K26: A_COA_TYCOAB [Dossier] = CONGE_ABSENCE.R_FOR_IDEN05 ET CONGE_ABSENCE.R_REL_COAAG1 DANS ('V','G') | L26: Bloquant | N26: P0293 - E1032 | R26: 2025-69
A27: 25.10.00 | B27: A | C27: 45980.691 | D27: STA_D_115 | E27: Condition | F27: La durée totale du stage (prolongation incluse) ne peut excéder 2 ans entre la date de début et la date de fin réelle. | G27: Décret 65-382 A7 | H27: 45931 | J27: SI A_CAR_DAFRSG [Saisi] <> Vide | K27: A_CAR_DAFNSG [Saisi] - A_CAR_DAENST [Occurrence précédente] <= 2 AN | L27: Non Bloquant | M27: . | N27: P0226 - E1030 | R27: 2025-69
A28: 25.10.00 | B28: A | C28: 45980.701 | D28: STA_D_116 | E28: Condition | F28: La durée totale du stage (prolongation incluse) ne peut excéder 2 ans entre la date de début et la date de fin prévisionnelle. | G28: Arrêté 9 juin 1948 A3 | H28: 45931 | K28: A_CAR_DAFNSG [Saisi] - A_CAR_DAENST [Occurrence précédente] <= 2 AN | L28: Bloquant | N28: P0294 - E1030 | R28: 2025-69 | T28: x | U28: La durée totale du stage (prolongation incluse) ne peut excéder 2 ans entre la date de début et la date de fin prévisionnelle.
A29: 25.10.00 | B29: A | C29: 45980.701 | D29: STA_D_117 | E29: Condition | F29: La durée totale du stage (prolongation incluse) ne peut excéder 2 ans entre la date de début et la date de fin réelle. | G29: Arrêté 9 juin 1948 A3 | H29: 45931 | J29: SI A_CAR_DAFRSG [Saisi] <> Vide | K29: A_CAR_DAFNSG [Saisi] - A_CAR_DAENST [Occurrence précédente] <= 2 AN | L29: Bloquant | N29: P0294 - E1030 | R29: 2025-69
A30: 25.10.00 | B30: A | C30: 45980.681 | D30: STA_D_118 | E30: Condition | F30: L'agent a été en congé sans traitement pour suivre un cycle préparatoire à un concours pendant sa période de stage. | G30: Décret 65-382 A19-2-1 | H30: 45931 | K30: A_POS_POSIAD [Dossier] = 'SS304' | L30: Bloquant | N30: P0226 - E1038 | R30: 2025-69
A31: 17.10.00 | B31: A | C31: 43152.5 | D31: CAR_C_054 | E31: Contrôle | F31: La date de fin réelle du stage doit être antérieure à la date limite de départ à la retraite. | H31: 40725 | J31: SI A_CAR_DAFRSG [Saisi] <> Vide | K31: A_CAR_DAFRSG [Saisi] < A_SAP_DLDPRE [Dossier] | L31: Non Bloquant
A32: 17.10.00 | B32: A | C32: 43152.5 | D32: CAR_C_055 | E32: Contrôle | F32: La date de fin prévisionnelle de stage doit être antérieure à la date limite de départ à la retraite. | H32: 40725 | J32: SI A_CAR_DAFNSG [Saisi] <> Vide ET A_CAR_DAFRSG [Saisi] = Vide | K32: A_CAR_DAFNSG [Saisi] < A_SAP_DLDPRE [Dossier] | L32: Non Bloquant
A33: 17.10.00 | B33: A | C33: 43152.5 | D33: CAR_C_097 | E33: Contrôle | F33: La date de fin réelle du stage doit être postérieure à la date de fin réelle du congé liée à la prolongation | H33: 40725 | J33: SI A_CAR_DAFRSG [Saisi] <> Vide ET A_COA_DFRECA [Dossier] <> Vide | K33: A_CAR_DAFRSG [Saisi] > A_COA_DFRECA [Dossier] | L33: Bloquant
A34: 17.10.00 | B34: A | C34: 43152.5 | D34: CAR_C_098 | E34: Contrôle | F34: La date de fin prévisionnelle du stage doit être postérieure à la date de fin réelle du congé liée à la prolongation | H34: 40725 | J34: SI A_CAR_DAFNSG [Saisi] <> Vide ET A_CAR_DAFRSG [Saisi] = Vide ET A_COA_DFRECA [Dossier] <> Vide | K34: A_CAR_DAFNSG [Saisi] > A_COA_DFRECA [Dossier] | L34: Bloquant
A35: 17.10.00 | B35: A | C35: 43152.5 | D35: CAR_C_099 | E35: Contrôle | F35: La date de fin réelle du stage doit être postérieure à la date de fin réelle de la position liée à la prolongation | H35: 40725 | J35: SI A_CAR_DAFRSG [Saisi] <> Vide ET A_POS_DAFIPS [Dossier] <> Vide | K35: A_CAR_DAFRSG [Saisi] > A_POS_DAFIPS [Dossier] | L35: Bloquant
A36: 17.10.00 | B36: A | C36: 43152.5 | D36: CAR_C_100 | E36: Contrôle | F36: La date de fin prévisionnelle du stage doit être postérieure à la date de fin réelle de la position liée à la prolongation | H36: 40725 | J36: SI A_CAR_DAFNSG [Saisi] <> Vide ET A_CAR_DAFRSG [Saisi] = Vide A_POS_DAFIPS [Dossier] <> Vide | K36: A_CAR_DAFNSG [Saisi] > A_POS_DAFIPS [Dossier] | L36: Bloquant
A37: 17.10.00 | B37: A | C37: 43152.5 | D37: CAR_C_101 | E37: Contrôle | F37: La date de fin prévisionnelle du stage doit être postérieure à la date de fin réelle de la modalité de service liée à la prolongation | H37: 40725 | J37: SI A_CAR_DAFNSG [Saisi] <> Vide ET A_CAR_DAFRSG [Saisi] = Vide ET A_MOS_DFRMSE [Dossier] <> Vide | K37: A_CAR_DAFNSG [Saisi] > A_MOS_DFRMSE [Dossier] | L37: Bloquant
A38: 17.10.00 | B38: A | C38: 43152.5 | D38: CAR_C_102 | E38: Contrôle | F38: La date de fin réelle du stage doit être postérieure à la date de fin réelle de la modalité de service liée à la prolongation | H38: 40725 | J38: SI A_CAR_DAFRSG [Saisi] <> Vide ET A_MOS_DFRMSE [Dossier] <> Vide | K38: A_CAR_DAFRSG [Saisi] > A_MOS_DFRMSE [Dossier] | L38: Bloquant
A39: 25.10.00 | B39: M | C39: 46042.685 | D39: STA_I_025 | E39: Intellectuel | F39: La demande de démission écrite doit être adressée à l'autorité ayant le pouvoir de nomination 1 mois au moins avant la date prévue pour la cessation de fonctions. | G39: Code général de la fonction publique R327-65 | H39: 40725 | L39: Non Bloquant | P39: P0004 - E1042 / E0637 | R39: 2025-69 | T39: x | U39: La demande de démission écrite doit être adressée à l'autorité ayant le pouvoir de nomination 1 mois au moins avant la date prévue pour la cessation de fonctions.
A40: 25.00.00 | B40: M | C40: 45687.7 | D40: STA_I_030 | E40: Intellectuel | F40: Le refus de titularisation intervient après avis de la commission administrative compétente. | G40: Code général de la fonction publique R263-2 | H40: 40725 | L40: Non Bloquant | P40: P0004 - E1042 / E0637 | T40: x | U40: Le refus de titularisation intervient après avis de la commission administrative compétente.
A41: 25.10.00 | B41: M | C41: 45987.392 | D41: STA_I_035 | E41: Intellectuel | F41: Si l'agent est suspendu, la durée de la suspension n'entre pas en compte comme période de stage. | G41: Code général de la fonction publique R327-21 | H41: 40725 | L41: Non Bloquant | P41: P0004 - E0637 / E1043 / E1044 | R41: 2025-69 | T41: x | U41: Si l'agent est suspendu, la durée de la suspension n'entre pas en compte comme période de stage.
A42: 25.10.00 | B42: M | C42: 45987.392 | D42: STA_I_036 | E42: Intellectuel | F42: En cas d'interruption du stage pendant au moins 3 ans, du fait de congés successifs de toute nature, autres que le congé annuel, l'agent doit, à l'issue du dernier congé, recommencer la totalité du stage. | G42: Code général de la fonction publique R327-60 | H42: 40725 | L42: Non Bloquant | P42: P0004 - E1041 / E1042 / E0637 | R42: 2025-69 | T42: x | U42: En cas d'interruption du stage pendant au moins 3 ans, du fait de congés successifs de toute nature, autres que le congé annuel, l'agent doit, à l'issue du dernier congé, recommencer la totalité du stage.
A43: 25.10.00 | B43: M | C43: 46042.688 | D43: STA_I_037 | E43: Intellectuel | F43: En cas d'interruption du stage pendant moins de 3 ans, l'agent doit avoir accompli la période complémentaire de stage qui est nécessaire pour atteindre la durée normale du stage pour être titularisé. | G43: Code général de la fonction publique R327-61 | H43: 40725 | L43: Non Bloquant | P43: P0004 - E1035 / E1036 / E1037 / E1038 / E1039 / E1040 / E0637 / E1030 / E1032 / E1033 / E1034 | R43: 2025-69 | T43: x | U43: En cas d'interruption du stage pendant moins de 3 ans, l'agent doit avoir accompli la période complémentaire de stage qui est nécessaire pour atteindre la durée normale du stage pour être titularisé.
A44: 25.10.00 | B44: M | C44: 45987.392 | D44: STA_I_038 | E44: Intellectuel | F44: L'agent peut être licencié pour insuffisance professionnelle lorsqu'il est en stage depuis un temps au moins égal à la moitié de la durée normale du stage. | G44: Code général de la fonction publique R327-66 | H44: 40725 | L44: Non Bloquant | P44: P0004 - E0637 / E1042 | R44: 2025-69 | T44: x | U44: L'agent peut être licencié pour insuffisance professionnelle lorsqu'il est en stage depuis un temps au moins égal à la moitié de la durée normale du stage.
A45: 18.10.00 | B45: A | C45: 43537.617 | D45: STA_I_040 | E45: Intellectuel | F45: En l'absence de prolongation, l'agent qui n'a pas donné satisfaction est licencié ou réintégré dans son corps, cadre d'emplois ou emploi d'origine. | G45: Arrêté du 30 decembre 2016 A25 | H45: 42736 | L45: Non Bloquant | P45: P0182 - E1042 / E0771 | T45: x | U45: En l'absence de prolongation, l'agent qui n'a pas donné satisfaction est licencié ou réintégré dans son corps, cadre d'emplois ou emploi d'origine.
A46: 25.10.00 | B46: M | C46: 46042.689 | D46: STA_I_046 | E46: Intellectuel | F46: La durée du stage est augmentée en proportion pour être équivalente à celle d'un agent travaillant à temps plein. | G46: Code général de la fonction publique R327-55 | H46: 40725 | L46: Non Bloquant | P46: P0004 - E0637 / E1031 | R46: 2025-69 | T46: x | U46: La durée du stage est augmentée en proportion pour être équivalente à celle d'un agent travaillant à temps plein.
A47: 25.10.00 | B47: M | C47: 46042.69 | D47: STA_I_047 | E47: Intellectuel | F47: La date de fin de stage est reportée pour le temps passé dans ces congés. | G47: Code général de la fonction publique R327-56 | R327-57 | R327-58 | H47: 40725 | L47: Non Bloquant | P47: P0004 - E1035 / E1036 / E0637 | R47: 2025-69 | T47: x | U47: La date de fin de stage est reportée pour le temps passé dans ces congés.
A48: 25.10.00 | B48: M | C48: 46042.691 | D48: STA_I_048 | E48: Intellectuel | F48: La période de prolongation est égale à la durée totale de ces congés qui excède 1/10ème de la durée statutaire du stage. | G48: Code général de la fonction publique R327-59 | H48: 40725 | L48: Non Bloquant | P48: P0004 - E0637 / E1032 / E1033 / E1034 | R48: 2025-69 | T48: x | U48: La période de prolongation est égale à la durée totale de ces congés qui excède 1/10ème de la durée statutaire du stage.
A49: 25.10.00 | B49: M | C49: 45987.392 | D49: STA_I_050 | E49: Intellectuel | F49: L'agent effectue un stage d'une durée égale à celle prévue par le statut particulier du corps dans lequel il a vocation à être titularisé. | G49: Code général de la fonction publique R327-9 | H49: 40725 | L49: Non Bloquant | P49: P0004 - E1042 / E0637 | R49: 2025-69 | T49: x | U49: L'agent effectue un stage d'une durée égale à celle prévue par le statut particulier du corps dans lequel il a vocation à être titularisé.
A50: 25.10.00 | B50: M | C50: 45987.392 | D50: STA_I_060 | E50: Intellectuel | F50: La personne a satisfait à une procédure de recrutement mais n'est pas encore nommée en qualité de fonctionnaire stagiaire. | G50: Code général de la fonction publique R327-8 | H50: 45782 | L50: Non Bloquant | P50: P0004 - E1007 / E1045 | R50: 2025-69 | T50: x | U50: La personne a satisfait à une procédure de recrutement mais n'est pas encore nommée en qualité de fonctionnaire stagiaire.
A51: 25.10.00 | B51: M | C51: 45987.392 | D51: STA_I_061 | E51: Intellectuel | F51: La personne n'a pas pu bénéficier d'un sursis d'incorporation lui permettant de commencer le stage avant d'être appelé à accomplir les obligations du service national. | G51: Code général de la fonction publique R327-8 | H51: 45782 | L51: Non Bloquant | P51: P0004 - E1007 / E1045 | R51: 2025-69 | T51: x | U51: La personne n'a pas pu bénéficier d'un sursis d'incorporation lui permettant de commencer le stage avant d'être appelé à accomplir les obligations du service national.
A52: 25.10.00 | B52: M | C52: 45987.393 | D52: STA_I_062 | E52: Intellectuel | F52: La personne a satisfait à une procédure de recrutement mais n'est pas encore nommée en qualité de fonctionnaire stagiaire. | G52: Code général de la fonction publique R327-5 | H52: 45782 | L52: Non Bloquant | P52: P0004 - E1046 / E1007 | R52: 2025-69 | T52: x | U52: La personne a satisfait à une procédure de recrutement mais n'est pas encore nommée en qualité de fonctionnaire stagiaire.
A53: 25.10.00 | B53: M | C53: 45987.393 | D53: STA_I_063 | E53: Intellectuel | F53: La personne doit effectuer une demande de report de nomination en qualité de stagiaire. | G53: Code général de la fonction publique R327-5 | H53: 45782 | L53: Non Bloquant | P53: P0004 - E1046 / E1007 | R53: 2025-69 | T53: x | U53: La personne doit effectuer une demande de report de nomination en qualité de stagiaire.
A54: 25.10.00 | B54: M | C54: 45987.393 | D54: STA_I_064 | E54: Intellectuel | F54: La personne doit justifier que son état de santé fait obstacle à sa nomination en produisant un certificat médical établi par un médecin agréé. | G54: Code général de la fonction publique R327-5 | H54: 45782 | L54: Non Bloquant | P54: P0004 - E1046 / E1007 | R54: 2025-69 | T54: x | U54: La personne doit justifier que son état de santé fait obstacle à sa nomination en produisant un certificat médical établi par un médecin agréé.
A55: 25.10.00 | B55: M | C55: 45987.393 | D55: STA_I_065 | E55: Intellectuel | F55: En cas de contestation de ce certificat par l'intéressé ou par l'autorité compétente, l'avis du conseil médical compétent est nécessaire. | G55: Code général de la fonction publique R327-5 | H55: 45782 | L55: Non Bloquant | P55: P0004 - E1045 / E1046 / E1007 | R55: 2025-69 | T55: x | U55: En cas de contestation de ce certificat par l'intéressé ou par l'autorité compétente, l'avis du conseil médical compétent est nécessaire.
A56: 25.10.00 | B56: M | C56: 45987.393 | D56: STA_I_066 | E56: Intellectuel | F56: Ce report ne peut excéder 1 année. Toutefois, lorsque le stage se déroule dans un établissement assurant la formation de fonctionnaires, la nomination peut être reportée à la date de l'entrée en formation de la promotion suivante. | G56: Code général de la fonction publique R327-5 | H56: 45782 | L56: Non Bloquant | P56: P0004 - E1046 / E1007 | R56: 2025-69 | T56: x | U56: Ce report ne peut excéder 1 année. Toutefois, lorsque le stage se déroule dans un établissement assurant la formation de fonctionnaires, la nomination peut être reportée à la date de l'entrée en formation de la promotion suivante.
A57: 25.10.00 | B57: M | C57: 45987.393 | D57: STA_I_067 | E57: Intellectuel | F57: La personne a satisfait à une procédure de recrutement mais n'est pas encore nommé en qualité de fonctionnaire stagiaire. | G57: Code général de la fonction publique R327-5 | H57: 45782 | L57: Non Bloquant | P57: P0004 - E1047 / E1007 | R57: 2025-69 | T57: x | U57: La personne a satisfait à une procédure de recrutement mais n'est pas encore nommé en qualité de fonctionnaire stagiaire.
... A95: 25.10.00 | B95: A | C95: 45981.627 | D95: STA_I_115 | E95: Intellectuel | F95: L'agent peut être licencié après 6 mois de stage si la conduite, l'aptitude ou la manière de servir ne sont pas satisfaisantes. | G95: Décret 65-382 A7 | H95: 45931 | L95: Non Bloquant | P95: P0226 - E1042 | R95: 2025-69 | T95: x | U95: L'agent peut être licencié après 6 mois de stage si la conduite, l'aptitude ou la manière de servir ne sont pas satisfaisantes.
A96: 25.10.00 | B96: A | C96: 45987.396 | D96: STA_P_035 | E96: Impact | F96: Titularisation : Elle prend effet à la date de la fin de la durée statutaire du stage compte non tenu de la prolongation du stage imputable à ce congé. | G96: Code général de la fonction publique R327-70 | H96: 45931 | L96: Non Bloquant | Q96: P0004 - E1032 - Titularisation | R96: 2025-69 | T96: x | U96: Titularisation : Elle prend effet à la date de la fin de la durée statutaire du stage compte non tenu de la prolongation du stage imputable à ce congé.
A97: 25.10.00 | B97: A | C97: 45981.64 | D97: STA_P_036 | E97: Impact | F97: Affiliation : Elle prend effet à la date de la fin de la durée statutaire du stage compte non tenu de la prolongation du stage imputable à ce congé. | G97: Décret 2025-694 A39 | H97: 45931 | L97: Non Bloquant | Q97: P0293 - E1032 - Affiliation | R97: 2025-69 | T97: x | U97: Affiliation : Elle prend effet à la date de la fin de la durée statutaire du stage compte non tenu de la prolongation du stage imputable à ce congé.
