Workbook
Name date_DIADC: 'Mode opératoire'!#REF!
Name notice_DIADC: 'Mode opératoire'!#REF!
Name notice_ENCHN: 'Mode opératoire'!$B$1:$B$4
Name notice_ICA: 'Mode opératoire'!#REF!

Sheet Mode opératoire
B1: MODE OPERATOIRE

Sheet Axe 1 Enchainement des RG
A1: Version | B1: Type de mise à jour | C1: Date de mise à jour | D1: Identifiant Domaine | E1: Libellé du Domaine | F1: Identifiant Sous-domaine | G1: Libellé du Sous-domaine | H1: Identifiant Evénement | I1: Libellé de l'évènement | J1: Libellé condition déclenchement Evènement | K1: Condition déclenchement Evènement | L1: Identifiant type d'évènement | M1: Libellé type d'évènement | N1: Type de mise à jour | O1: Libellé condition déclenchement Type Evènement | P1: Condition déclenchement Type Evènement | Q1: Libellé Population | R1: Codification Population | S1: Typologie de population | T1: Général / Particulier | U1: Passant / Exclu | V1: Date de début | W1: Date de fin | X1: Règles mobilisées | Y1: Identifiant Règle de contrôle intellectuel 1 | Z1: Libellé Règle de contrôle intellectuel 1 | AA1: Identifiant Règle de contrôle intellectuel 2 | AB1: Libellé Règle de contrôle intellectuel 2 | AC1: Identifiant Règle de contrôle intellectuel 3 | AD1: Libellé Règle de contrôle intellectuel 3 | AE1: Identifiant Règle de contrôle intellectuel 4 | AF1: Libellé Règle de contrôle intellectuel 4 | AG1: Identifiant Règle de contrôle intellectuel 5 | AH1: Libellé Règle de contrôle intellectuel 5 | AI1: Identifiant Règle de contrôle intellectuel 6 | AJ1: Libellé Règle de contrôle intellectuel 6 | AK1: Identifiant Règle de contrôle intellectuel 7 | AL1: Libellé Règle de contrôle intellectuel 7 | AM1: Identifiant Règle de contrôle intellectuel 8 | AN1: Libellé Règle de contrôle intellectuel 8 | AO1: Identifiant Règle de contrôle intellectuel 9 | AP1: Libellé Règle de contrôle intellectuel 9 | AQ1: Identifiant Règle de contrôle intellectuel 10 | AR1: Libellé Règle de contrôle intellectuel 10 | AS1: Identifiant Règle de contrôle intellectuel 11 | AT1: Libellé Règle de contrôle intellectuel 11 | AU1: Identifiant Règle de contrôle intellectuel 12 | AV1: Libellé Règle de contrôle intellectuel 12 | AW1: Identifiant Règle de contrôle intellectuel 13 | AX1: Libellé Règle de contrôle intellectuel 13 | AY1: Identifiant Règle de contrôle intellectuel 14 | AZ1: Libellé Règle de contrôle intellectuel 14 | BA1: Identifiant Règle de contrôle intellectuel 15 | BB1: Libellé Règle de contrôle intellectuel 15 | BC1: Identifiant Règle de contrôle intellectuel 16 | BD1: Libellé Règle de contrôle intellectuel 16 | BE1: Identifiant Règle de contrôle intellectuel 17 | BF1: Libellé Règle de contrôle intellectuel 17 | BG1: Identifiant Règle de contrôle intellectuel 18 | BH1: Libellé Règle de contrôle intellectuel 18 | BI1: Identifiant Règle de contrôle intellectuel 19 | BJ1: Libellé Règle de contrôle intellectuel 19 | BK1: Identifiant Règle de contrôle intellectuel 20 | BL1: Libellé Règle de contrôle intellectuel 20 | BM1: Identifiant Règle de contrôle intellectuel 21 | BN1: Libellé Règle de contrôle intellectuel 21 | BO1: Identifiant Règle de contrôle intellectuel 22 | BP1: Libellé Règle de contrôle intellectuel 22 | BQ1: Identifiant Règle de contrôle intellectuel 23 | BR1: Libellé Règle de contrôle intellectuel 23 | BS1: Identifiant Règle de contrôle intellectuel 24 | BT1: Libellé Règle de contrôle intellectuel 24 | BU1: Identifiant Règle de contrôle intellectuel 25 | BV1: Libellé Règle de contrôle intellectuel 25 | BW1: Identifiant Règle de contrôle intellectuel 26 | BX1: Libellé Règle de contrôle intellectuel 26 | BY1: Identifiant Règle de contrôle intellectuel 27 | BZ1: Libellé Règle de contrôle intellectuel 27 | CA1: Identifiant Règle de contrôle intellectuel 28 | CB1: Libellé Règle de contrôle intellectuel 28 | CC1: Identifiant Règle de contrôle intellectuel 29 | CD1: Libellé Règle de contrôle intellectuel 29 | CE1: Identifiant Règle de contrôle intellectuel 30 | CF1: Libellé Règle de contrôle intellectuel 30 | CG1: FIME | CH1: Statut de travail
A2: 20.00.00 | B2: A | C2: 43924.52 | D2: D0009 | E2: Formation | F2: S0147 | G2: Compte personnel d'activité | H2: E0816 | I2: Compte personnel de formation | L2: T2013 | M2: Compte personnel de formation - Demande | N2: Création Modification | Q2: Titulaire ou magistrat | R2: P0001 | S2: T | T2: Général | U2: Passant | V2: 42736 | X2: CPF_I_001 ET CPF_I_002 ET CPF_I_042 ET CPF_I_043 ET CPF_I_005 ET CPF_I_059 ET CPF_I_003 ET CPF_I_045 ET CPF_I_047 ET CPF_I_004 ET CPF_I_063 ET CPF_I_046 ET CPF_I_048 ET CPF_I_049 ET CPF_I_006 ET CPF_I_007 ET CPF_I_008 ET CPF_I_009 ET CPF_I_010 ET CPF_I_050 ET CPF_I_051 ET CPF_I_052 ET CPF_I_018 ET CPF_I_019 ET CPF_I_020 ET CPF_I_044 ET CPF_I_060 ET CPF_I_061 ET CPF_I_026 ET CPF_I_064 | Y2: CPF_I_001 | Z2: =VLOOKUP(Y2,'Axe 2 Règles de gestion'!$D$2:$F$75,3, FALSE) -> L'agent ne peut utiliser son compte personnel de formation que pour accéder à une qualification ou développer ses compétences dans le cadre d'un projet d'évolution professionnelle. | AA2: CPF_I_002 | AB2: =VLOOKUP(AA2,'Axe 2 Règles de gestion'!$D$2:$F$75,3, FALSE) -> L'agent utilise les heures acquises sur son compte pour suivre des actions de formation. | AC2: CPF_I_042 | AD2: =VLOOKUP(AC2,'Axe 2 Règles de gestion'!$D$2:$F$75,3, FALSE) -> La formation ne doit pas avoir pour objet l'adaptation aux fonctions exercées. | AE2: CPF_I_043 | AF2: =VLOOKUP(AE2,'Axe 2 Règles de gestion'!$D$2:$F$75,3, FALSE) -> La formation doit avoir pour objet l'acquisition d'un diplôme, d'un titre, d'un certificat de qualification professionnelle ou le développement des compétences nécessaires à la mise en œuvre du projet d'évolution professionnelle. | AG2: CPF_I_005 | AH2: =VLOOKUP(AG2,'Axe 2 Règles de gestion'!$D$2:$F$75,3, FALSE) -> L'agent doit suivre la formation, en priorité, pendant son temps de travail. | AI2: CPF_I_059 | AJ2: =VLOOKUP(AI2,'Axe 2 Règles de gestion'!$D$2:$F$75,3, FALSE) -> L'agent peut utiliser son compte pour réaliser des heures de formation d'adaptation à l'évolution prévisible des métiers ou de développement des qualifications ou d'acquisition de nouvelles qualifications hors temps de service. | AK2: CPF_I_003 | AL2: =VLOOKUP(AK2,'Axe 2 Règles de gestion'!$D$2:$F$75,3, FALSE) -> L'agent doit faire une demande. | AM2: CPF_I_045 | AN2: =VLOOKUP(AM2,'Axe 2 Règles de gestion'!$D$2:$F$75,3, FALSE) -> L'agent sollicite l'accord écrit de l'administration sur la nature, le calendrier et le financement de la formation souhaitée, en précisant le projet d'évolution professionnelle qui fonde sa demande. | AO2: CPF_I_047 | AP2: =VLOOKUP(AO2,'Axe 2 Règles de gestion'!$D$2:$F$75,3, FALSE) -> L'agent peut bénéficier, préalablement à sa demande, d'un accompagnement afin d'élaborer son projet professionnel et d'identifier les différentes actions nécessaires à sa mise en œuvre. | AQ2: CPF_I_004 | AR2: =VLOOKUP(AQ2,'Axe 2 Règles de gestion'!$D$2:$F$75,3, FALSE) -> L'administration doit donner son accord. | AS2: CPF_I_063 | AT2: =VLOOKUP(AS2,'Axe 2 Règles de gestion'!$D$2:$F$75,3, FALSE) -> L'administration dispose d'un délai de 2 mois pour notifier sa décision. | AU2: CPF_I_046 | AV2: =VLOOKUP(AU2,'Axe 2 Règles de gestion'!$D$2:$F$75,3, FALSE) -> Si plusieurs formations permettent de satisfaire la demande de l'agent, une priorité est accordée à celles assurées par l'administration de l'agent. | AW2: CPF_I_048 | AX2: =VLOOKUP(AW2,'Axe 2 Règles de gestion'!$D$2:$F$75,3, FALSE) -> L'administration examine les demandes en donnant une priorité à certaine action de formation ou à certain accompagnement. | AY2: CPF_I_049 | AZ2: =VLOOKUP(AY2,'Axe 2 Règles de gestion'!$D$2:$F$75,3, FALSE) -> L'ordre de priorisation est : 1) action dont le bilan de compétences permettant de prévenir une situation d'inaptitude à l'exercice des fonctions; 2) action de validation des acquis de l'expérience; 3) action de préparation aux concours et examens. | BA2: CPF_I_006 | BB2: =VLOOKUP(BA2,'Axe 2 Règles de gestion'!$D$2:$F$75,3, FALSE) -> L'administration doit motiver son refus à une demande. | BC2: CPF_I_007 | BD2: =VLOOKUP(BC2,'Axe 2 Règles de gestion'!$D$2:$F$75,3, FALSE) -> L'agent peut contester le refus devant l'instance paritaire compétente. | BE2: CPF_I_008 | BF2: =VLOOKUP(BE2,'Axe 2 Règles de gestion'!$D$2:$F$75,3, FALSE) -> L'administration ne peut refuser une demande relevant du socle de connaissances et compétences que toute personne doit maîtriser afin de favoriser son accès à la formation professionnelle et son insertion professionnelle. | BG2: CPF_I_009 | BH2: =VLOOKUP(BG2,'Axe 2 Règles de gestion'!$D$2:$F$75,3, FALSE) -> Cependant l'administration peut différer le suivi d'une formation relevant du socle de connaissances et compétences dans l'année qui suit la demande. | BI2: CPF_I_010 | BJ2: =VLOOKUP(BI2,'Axe 2 Règles de gestion'!$D$2:$F$75,3, FALSE) -> Si une demande a été refusée pendant 2 années consécutives, l'administration ne peut refuser une 3ème demande portant sur une action de formation de même nature qu'après avis de l'instance paritaire compétente. | BK2: CPF_I_050 | BL2: =VLOOKUP(BK2,'Axe 2 Règles de gestion'!$D$2:$F$75,3, FALSE) -> L'administration prend en charge les frais pédagogiques qui se rattachent à la formation suivie et peut prendre en charge les frais de déplacements. | BM2: CPF_I_051 | BN2: =VLOOKUP(BM2,'Axe 2 Règles de gestion'!$D$2:$F$75,3, FALSE) -> La prise en charge des frais peut faire l'objet de plafonds déterminés par arrêtés ministériels. | BO2: CPF_I_052 | BP2: =VLOOKUP(BO2,'Axe 2 Règles de gestion'!$D$2:$F$75,3, FALSE) -> L'agent qui ne suit pas tout ou partie de la formation sans motif valable doit rembourser les frais pédagogiques et de déplacements. | BQ2: CPF_I_018 | BR2: =VLOOKUP(BQ2,'Axe 2 Règles de gestion'!$D$2:$F$75,3, FALSE) -> Il peut être utilisé en combinaison avec le congé de formation professionnelle. | BS2: CPF_I_019 | BT2: =VLOOKUP(BS2,'Axe 2 Règles de gestion'!$D$2:$F$75,3, FALSE) -> L'agent peut utilisé compte personnel de formation pour compléter la préparation ou la réalisation de sa validation des acquis de l'expérience. | BU2: CPF_I_020 | BV2: =VLOOKUP(BU2,'Axe 2 Règles de gestion'!$D$2:$F$75,3, FALSE) -> L'agent peut utilisé son compte personnel de formation pour compléter la préparation ou la réalisation de son bilan de compétences. | BW2: CPF_I_044 | BX2: =VLOOKUP(BW2,'Axe 2 Règles de gestion'!$D$2:$F$75,3, FALSE) -> L'agent peut utiliser son compte personnel de formation pour compléter une décharge accordée pour suivre une action de préparation aux concours et examens. | BY2: CPF_I_060 | BZ2: =VLOOKUP(BY2,'Axe 2 Règles de gestion'!$D$2:$F$75,3, FALSE) -> L'agent peut utiliser son compte personnel de formation, après son accord écrit, pour suivre des actions de formation incluses dans la période de professionnalisation. | CA2: CPF_I_061 | CB2: =VLOOKUP(CA2,'Axe 2 Règles de gestion'!$D$2:$F$75,3, FALSE) -> L'agent peut utiliser son compte personnel de formation pour participer aux actions de préparation aux examens et concours administratifs et aux autres procédures de sélection. | CC2: CPF_I_026 | CD2: =VLOOKUP(CC2,'Axe 2 Règles de gestion'!$D$2:$F$75,3, FALSE) -> Lorsque l'agent est en position de détachement, l'alimentation, l'instruction et le financement des droits du compte personnel de formation relèvent de l'organisme d'accueil. | CE2: CPF_I_064 | CF2: =VLOOKUP(CE2,'Axe 2 Règles de gestion'!$D$2:$F$75,3, FALSE) -> Sauf disposition contraire prévue par la convention, si l'agent est mis à disposition ou affecté auprès d'un autre organisme, l'alimentation, l'instruction et le financement des droits du compte personnel de formation relèvent de l'organisme d'origine.
A3: 20.00.00 | B3: A | C3: 43923.679 | D3: D0009 | E3: Formation | F3: S0147 | G3: Compte personnel d'activité | H3: E0816 | I3: Compte personnel de formation | L3: T2014 | M3: Compte personnel de formation - Alimentation | N3: Création Modification | Q3: Titulaire ou magistrat | R3: P0001 | S3: T | T3: Général | U3: Passant | V3: 42736 | W3: 43830 | X3: CPF_I_011 ET CPF_I_053 ET CPF_I_012 ET CPF_I_013 ET CPF_I_014 ET CPF_I_058 ET CPF_I_026 ET CPF_I_064 | Y3: CPF_I_011 | Z3: =VLOOKUP(Y3,'Axe 2 Règles de gestion'!$D$2:$F$75,3, FALSE) -> L'alimentation du compte s'effectue à la fin de chaque année. | AA3: CPF_I_053 | AB3: =VLOOKUP(AA3,'Axe 2 Règles de gestion'!$D$2:$F$75,3, FALSE) -> Le compte personnel de formation est alimenté en heures de formation au 31 décembre de chaque année. | AC3: CPF_I_012 | AD3: =VLOOKUP(AC3,'Axe 2 Règles de gestion'!$D$2:$F$75,3, FALSE) -> L'alimentation du compte s'effectue à hauteur de 24 heures maximum par année de travail jusqu'à l'acquisition d'un crédit de 120 heures, puis de 12 heures maximum par année de travail, dans la limite d'un plafond total de 150 heures. | AE3: CPF_I_013 | AF3: =VLOOKUP(AE3,'Axe 2 Règles de gestion'!$D$2:$F$75,3, FALSE) -> L'agent de catégorie C qui n'a pas atteint un niveau de formation sanctionné par un diplôme de niveau V (Certificat d'aptitude professionnelle, Brevet d'études professionnelles) acquiert 48 heures maximum par an avec un plafond de 400 heures. | AG3: CPF_I_014 | AH3: =VLOOKUP(AG3,'Axe 2 Règles de gestion'!$D$2:$F$75,3, FALSE) -> Lorsque le projet d'évolution professionnelle vise à prévenir une situation d'inaptitude à l'exercice de ses fonctions, l'agent peut bénéficier d'un crédit d'heures supplémentaires, dans la limite de 150 heures avec les mêmes plafonds. | AI3: CPF_I_058 | AJ3: =VLOOKUP(AI3,'Axe 2 Règles de gestion'!$D$2:$F$75,3, FALSE) -> Pour justifier de ce crédit supplémentaire, l'agent présente un avis du médecin de prévention ou du travail attestant que son état de santé l'expose, compte tenu de ses conditions de travail, à un risque d'inaptitude à l'exercice de ses fonctions. | AK3: CPF_I_026 | AL3: =VLOOKUP(AK3,'Axe 2 Règles de gestion'!$D$2:$F$75,3, FALSE) -> Lorsque l'agent est en position de détachement, l'alimentation, l'instruction et le financement des droits du compte personnel de formation relèvent de l'organisme d'accueil. | AM3: CPF_I_064 | AN3: =VLOOKUP(AM3,'Axe 2 Règles de gestion'!$D$2:$F$75,3, FALSE) -> Sauf disposition contraire prévue par la convention, si l'agent est mis à disposition ou affecté auprès d'un autre organisme, l'alimentation, l'instruction et le financement des droits du compte personnel de formation relèvent de l'organisme d'origine.
A4: 20.00.00 | B4: A | C4: 43923.68 | D4: D0009 | E4: Formation | F4: S0147 | G4: Compte personnel d'activité | H4: E0816 | I4: Compte personnel de formation | L4: T2014 | M4: Compte personnel de formation - Alimentation | N4: Création Modification | Q4: Titulaire ou magistrat | R4: P0001 | S4: T | T4: Général | U4: Passant | V4: 43831 | X4: CPF_I_011 ET CPF_I_054 ET CPF_I_055 ET CPF_I_057 ET CPF_I_058 ET CPF_I_026 ET CPF_I_064 | Y4: CPF_I_011 | Z4: =VLOOKUP(Y4,'Axe 2 Règles de gestion'!$D$2:$F$75,3, FALSE) -> L'alimentation du compte s'effectue à la fin de chaque année. | AA4: CPF_I_054 | AB4: =VLOOKUP(AA4,'Axe 2 Règles de gestion'!$D$2:$F$75,3, FALSE) -> L'alimentation du compte personnel de formation s'effectue à hauteur de 25 heures maximum au titre de chaque année civile, dans la limite d'un plafond de 150 heures. | AC4: CPF_I_055 | AD4: =VLOOKUP(AC4,'Axe 2 Règles de gestion'!$D$2:$F$75,3, FALSE) -> L'agent de catégorie C qui n'a pas atteint un niveau de formation sanctionné par un diplôme de niveau 3 (certificat d'aptitude professionnelle, brevet d'études professionnelles) acquiert 50 heures maximum par année civile avec un plafond de 400 heures. | AE4: CPF_I_057 | AF4: =VLOOKUP(AE4,'Axe 2 Règles de gestion'!$D$2:$F$75,3, FALSE) -> Lorsque le projet d'évolution professionnelle vise à prévenir une situation d'inaptitude à l'exercice des fonctions, le crédit d'heures supplémentaires est limité à 150 heures. Il peut compléter, à la demande de l'agent, les droits acquis. | AG4: CPF_I_058 | AH4: =VLOOKUP(AG4,'Axe 2 Règles de gestion'!$D$2:$F$75,3, FALSE) -> Pour justifier de ce crédit supplémentaire, l'agent présente un avis du médecin de prévention ou du travail attestant que son état de santé l'expose, compte tenu de ses conditions de travail, à un risque d'inaptitude à l'exercice de ses fonctions. | AI4: CPF_I_026 | AJ4: =VLOOKUP(AI4,'Axe 2 Règles de gestion'!$D$2:$F$75,3, FALSE) -> Lorsque l'agent est en position de détachement, l'alimentation, l'instruction et le financement des droits du compte personnel de formation relèvent de l'organisme d'accueil. | AK4: CPF_I_064 | AL4: =VLOOKUP(AK4,'Axe 2 Règles de gestion'!$D$2:$F$75,3, FALSE) -> Sauf disposition contraire prévue par la convention, si l'agent est mis à disposition ou affecté auprès d'un autre organisme, l'alimentation, l'instruction et le financement des droits du compte personnel de formation relèvent de l'organisme d'origine.
A5: 20.00.00 | B5: A | C5: 43923.686 | D5: D0009 | E5: Formation | F5: S0147 | G5: Compte personnel d'activité | H5: E0816 | I5: Compte personnel de formation | L5: T2015 | M5: Compte personnel de formation - Anticipation | N5: Création Modification | Q5: Titulaire ou magistrat | R5: P0001 | S5: T | T5: Général | U5: Passant | V5: 42736 | X5: CPF_I_056 ET CPF_I_026 ET CPF_I_064 | Y5: CPF_I_056 | Z5: =VLOOKUP(Y5,'Axe 2 Règles de gestion'!$D$2:$F$75,3, FALSE) -> Si la durée de la formation est supérieure aux droits acquis, l'agent peut avec l'accord de l'administration utiliser par anticipation des droits non encore acquis dans la limite de ceux qu'il pourrait acquérir au cours des 2 années civiles suivantes. | AA5: CPF_I_026 | AB5: =VLOOKUP(AA5,'Axe 2 Règles de gestion'!$D$2:$F$75,3, FALSE) -> Lorsque l'agent est en position de détachement, l'alimentation, l'instruction et le financement des droits du compte personnel de formation relèvent de l'organisme d'accueil. | AC5: CPF_I_064 | AD5: =VLOOKUP(AC5,'Axe 2 Règles de gestion'!$D$2:$F$75,3, FALSE) -> Sauf disposition contraire prévue par la convention, si l'agent est mis à disposition ou affecté auprès d'un autre organisme, l'alimentation, l'instruction et le financement des droits du compte personnel de formation relèvent de l'organisme d'origine.
A6: 20.00.00 | B6: A | C6: 43923.671 | D6: D0009 | E6: Formation | F6: S0147 | G6: Compte personnel d'activité | H6: E0816 | I6: Compte personnel de formation | L6: T2013 | M6: Compte personnel de formation - Demande | N6: Création Modification | Q6: Militaire | R6: P0002 | S6: M | T6: Général | U6: Exclu | V6: 42736
A7: 20.00.00 | B7: A | C7: 43923.672 | D7: D0009 | E7: Formation | F7: S0147 | G7: Compte personnel d'activité | H7: E0816 | I7: Compte personnel de formation | L7: T2014 | M7: Compte personnel de formation - Alimentation | N7: Création Modification | Q7: Militaire | R7: P0002 | S7: M | T7: Général | U7: Exclu | V7: 42736
A8: 20.00.00 | B8: A | C8: 43923.672 | D8: D0009 | E8: Formation | F8: S0147 | G8: Compte personnel d'activité | H8: E0816 | I8: Compte personnel de formation | L8: T2015 | M8: Compte personnel de formation - Anticipation | N8: Création Modification | Q8: Militaire | R8: P0002 | S8: M | T8: Général | U8: Exclu | V8: 42736
A9: 22.10.00 | B9: M | C9: 44832.708 | D9: D0009 | E9: Formation | F9: S0147 | G9: Compte personnel d'activité | H9: E0816 | I9: Compte personnel de formation | L9: T2013 | M9: Compte personnel de formation - Demande | N9: Création Modification | Q9: Contractuel | R9: P0003 | S9: N | T9: Général | U9: Passant | V9: 42736 | W9: 44677 | X9: CPF_I_021 ET CPF_I_022 ET CPF_I_042 ET CPF_I_043 ET CPF_I_025 ET CPF_I_023 ET CPF_I_045 ET CPF_I_047 ET CPF_I_024 ET CPF_I_063 ET CPF_I_046 ET CPF_I_048 ET CPF_I_049 ET CPF_I_027 ET CPF_I_028 ET CPF_I_029 ET CPF_I_030 ET CPF_I_031 ET CPF_I_050 ET CPF_I_051 ET CPF_I_052 ET CPF_I_039 ET CPF_I_040 ET CPF_I_041 ET CPF_I_044 ET CPF_I_062 ET CPF_I_026 ET CPF_I_064 | Y9: CPF_I_021 | Z9: =VLOOKUP(Y9,'Axe 2 Règles de gestion'!$D$2:$F$75,3, FALSE) -> L'agent ne peut utiliser son compte personnel de formation que dans le cadre d'un projet d'évolution professionnel. | AA9: CPF_I_022 | AB9: =VLOOKUP(AA9,'Axe 2 Règles de gestion'!$D$2:$F$75,3, FALSE) -> L'agent utilise les heures acquises sur son compte pour suivre des actions de formation. | AC9: CPF_I_042 | AD9: =VLOOKUP(AC9,'Axe 2 Règles de gestion'!$D$2:$F$75,3, FALSE) -> La formation ne doit pas avoir pour objet l'adaptation aux fonctions exercées. | AE9: CPF_I_043 | AF9: =VLOOKUP(AE9,'Axe 2 Règles de gestion'!$D$2:$F$75,3, FALSE) -> La formation doit avoir pour objet l'acquisition d'un diplôme, d'un titre, d'un certificat de qualification professionnelle ou le développement des compétences nécessaires à la mise en œuvre du projet d'évolution professionnelle. | AG9: CPF_I_025 | AH9: =VLOOKUP(AG9,'Axe 2 Règles de gestion'!$D$2:$F$75,3, FALSE) -> L'agent doit suivre la formation, en priorité, pendant son temps de travail. | AI9: CPF_I_023 | AJ9: =VLOOKUP(AI9,'Axe 2 Règles de gestion'!$D$2:$F$75,3, FALSE) -> L'agent doit faire une demande. | AK9: CPF_I_045 | AL9: =VLOOKUP(AK9,'Axe 2 Règles de gestion'!$D$2:$F$75,3, FALSE) -> L'agent sollicite l'accord écrit de l'administration sur la nature, le calendrier et le financement de la formation souhaitée, en précisant le projet d'évolution professionnelle qui fonde sa demande. | AM9: CPF_I_047 | AN9: =VLOOKUP(AM9,'Axe 2 Règles de gestion'!$D$2:$F$75,3, FALSE) -> L'agent peut bénéficier, préalablement à sa demande, d'un accompagnement afin d'élaborer son projet professionnel et d'identifier les différentes actions nécessaires à sa mise en œuvre. | AO9: CPF_I_024 | AP9: =VLOOKUP(AO9,'Axe 2 Règles de gestion'!$D$2:$F$75,3, FALSE) -> L'administration doit donner son accord. | AQ9: CPF_I_063 | AR9: =VLOOKUP(AQ9,'Axe 2 Règles de gestion'!$D$2:$F$75,3, FALSE) -> L'administration dispose d'un délai de 2 mois pour notifier sa décision. | AS9: CPF_I_046 | AT9: =VLOOKUP(AS9,'Axe 2 Règles de gestion'!$D$2:$F$75,3, FALSE) -> Si plusieurs formations permettent de satisfaire la demande de l'agent, une priorité est accordée à celles assurées par l'administration de l'agent. | AU9: CPF_I_048 | AV9: =VLOOKUP(AU9,'Axe 2 Règles de gestion'!$D$2:$F$75,3, FALSE) -> L'administration examine les demandes en donnant une priorité à certaine action de formation ou à certain accompagnement. | AW9: CPF_I_049 | AX9: =VLOOKUP(AW9,'Axe 2 Règles de gestion'!$D$2:$F$75,3, FALSE) -> L'ordre de priorisation est : 1) action dont le bilan de compétences permettant de prévenir une situation d'inaptitude à l'exercice des fonctions; 2) action de validation des acquis de l'expérience; 3) action de préparation aux concours et examens. | AY9: CPF_I_027 | AZ9: =VLOOKUP(AY9,'Axe 2 Règles de gestion'!$D$2:$F$75,3, FALSE) -> L'administration doit motiver son refus à une demande. | BA9: CPF_I_028 | BB9: =VLOOKUP(BA9,'Axe 2 Règles de gestion'!$D$2:$F$75,3, FALSE) -> L'agent peut contester le refus devant l'instance paritaire compétente. | BC9: CPF_I_029 | BD9: =VLOOKUP(BC9,'Axe 2 Règles de gestion'!$D$2:$F$75,3, FALSE) -> L'administration ne peut refuser une demande relevant du socle de connaissances et compétences que toute personne doit maîtriser afin de favoriser son accès à la formation professionnelle et son insertion professionnelle. | BE9: CPF_I_030 | BF9: =VLOOKUP(BE9,'Axe 2 Règles de gestion'!$D$2:$F$75,3, FALSE) -> Cependant l'administration peut differer le suivi d'une formation relevant du socle de connaissances et compétences dans l'année qui suit la demande. | BG9: CPF_I_031 | BH9: =VLOOKUP(BG9,'Axe 2 Règles de gestion'!$D$2:$F$75,3, FALSE) -> Si une demande a été refusée pendant 2 années consécutives, l'administration ne peut refuser une 3ème demande portant sur une action de formation de même nature qu'après avis de l'instance paritaire compétente. | BI9: CPF_I_050 | BJ9: =VLOOKUP(BI9,'Axe 2 Règles de gestion'!$D$2:$F$75,3, FALSE) -> L'administration prend en charge les frais pédagogiques qui se rattachent à la formation suivie et peut prendre en charge les frais de déplacements. | BK9: CPF_I_051 | BL9: =VLOOKUP(BK9,'Axe 2 Règles de gestion'!$D$2:$F$75,3, FALSE) -> La prise en charge des frais peut faire l'objet de plafonds déterminés par arrêtés ministériels. | BM9: CPF_I_052 | BN9: =VLOOKUP(BM9,'Axe 2 Règles de gestion'!$D$2:$F$75,3, FALSE) -> L'agent qui ne suit pas tout ou partie de la formation sans motif valable doit rembourser les frais pédagogiques et de déplacements. | BO9: CPF_I_039 | BP9: =VLOOKUP(BO9,'Axe 2 Règles de gestion'!$D$2:$F$75,3, FALSE) -> Il peut être utilisé en combinaison avec le congé de formation professionnelle. | BQ9: CPF_I_040 | BR9: =VLOOKUP(BQ9,'Axe 2 Règles de gestion'!$D$2:$F$75,3, FALSE) -> L'agent peut utilisé compte personnel de formation pour compléter la préparation ou la réalisation de sa validation des acquis de l'expérience. | BS9: CPF_I_041 | BT9: =VLOOKUP(BS9,'Axe 2 Règles de gestion'!$D$2:$F$75,3, FALSE) -> L'agent peut utilisé son compte personnel de formation pour compléter la préparation ou la réalisation de son bilan de compétences. | BU9: CPF_I_044 | BV9: =VLOOKUP(BU9,'Axe 2 Règles de gestion'!$D$2:$F$75,3, FALSE) -> L'agent peut utiliser son compte personnel de formation pour compléter une décharge accordée pour suivre une action de préparation aux concours et examens. | BW9: CPF_I_062 | BX9: =VLOOKUP(BW9,'Axe 2 Règles de gestion'!$D$2:$F$75,3, FALSE) -> L'agent peut utiliser son compte personnel de formation pour participer aux actions de préparation aux examens et concours administratifs et aux autres procédures de sélection. | BY9: CPF_I_026 | BZ9: =VLOOKUP(BY9,'Axe 2 Règles de gestion'!$D$2:$F$75,3, FALSE) -> Lorsque l'agent est en position de détachement, l'alimentation, l'instruction et le financement des droits du compte personnel de formation relèvent de l'organisme d'accueil. | CA9: CPF_I_064 | CB9: =VLOOKUP(CA9,'Axe 2 Règles de gestion'!$D$2:$F$75,3, FALSE) -> Sauf disposition contraire prévue par la convention, si l'agent est mis à disposition ou affecté auprès d'un autre organisme, l'alimentation, l'instruction et le financement des droits du compte personnel de formation relèvent de l'organisme d'origine.
A10: 22.10.00 | B10: A | C10: 44832.708 | D10: D0009 | E10: Formation | F10: S0147 | G10: Compte personnel d'activité | H10: E0816 | I10: Compte personnel de formation | L10: T2013 | M10: Compte personnel de formation - Demande | N10: Création Modification | Q10: Contractuel | R10: P0003 | S10: N | T10: Général | U10: Passant | V10: 44678 | X10: CPF_I_021 ET CPF_I_022 ET CPF_I_042 ET CPF_I_043 ET CPF_I_025 ET CPF_I_023 ET CPF_I_045 ET CPF_I_047 ET CPF_I_024 ET CPF_I_063 ET CPF_I_046 ET CPF_I_048 ET CPF_I_049 ET CPF_I_070 ET CPF_I_027 ET CPF_I_028 ET CPF_I_029 ET CPF_I_030 ET CPF_I_031 ET CPF_I_050 ET CPF_I_051 ET CPF_I_052 ET CPF_I_039 ET CPF_I_040 ET CPF_I_041 ET CPF_I_044 ET CPF_I_062 ET CPF_I_026 ET CPF_I_064 | Y10: CPF_I_021 | Z10: =VLOOKUP(Y10,'Axe 2 Règles de gestion'!$D$2:$F$75,3, FALSE) -> L'agent ne peut utiliser son compte personnel de formation que dans le cadre d'un projet d'évolution professionnel. | AA10: CPF_I_022 | AB10: =VLOOKUP(AA10,'Axe 2 Règles de gestion'!$D$2:$F$75,3, FALSE) -> L'agent utilise les heures acquises sur son compte pour suivre des actions de formation. | AC10: CPF_I_042 | AD10: =VLOOKUP(AC10,'Axe 2 Règles de gestion'!$D$2:$F$75,3, FALSE) -> La formation ne doit pas avoir pour objet l'adaptation aux fonctions exercées. | AE10: CPF_I_043 | AF10: =VLOOKUP(AE10,'Axe 2 Règles de gestion'!$D$2:$F$75,3, FALSE) -> La formation doit avoir pour objet l'acquisition d'un diplôme, d'un titre, d'un certificat de qualification professionnelle ou le développement des compétences nécessaires à la mise en œuvre du projet d'évolution professionnelle. | AG10: CPF_I_025 | AH10: =VLOOKUP(AG10,'Axe 2 Règles de gestion'!$D$2:$F$75,3, FALSE) -> L'agent doit suivre la formation, en priorité, pendant son temps de travail. | AI10: CPF_I_023 | AJ10: =VLOOKUP(AI10,'Axe 2 Règles de gestion'!$D$2:$F$75,3, FALSE) -> L'agent doit faire une demande. | AK10: CPF_I_045 | AL10: =VLOOKUP(AK10,'Axe 2 Règles de gestion'!$D$2:$F$75,3, FALSE) -> L'agent sollicite l'accord écrit de l'administration sur la nature, le calendrier et le financement de la formation souhaitée, en précisant le projet d'évolution professionnelle qui fonde sa demande. | AM10: CPF_I_047 | AN10: =VLOOKUP(AM10,'Axe 2 Règles de gestion'!$D$2:$F$75,3, FALSE) -> L'agent peut bénéficier, préalablement à sa demande, d'un accompagnement afin d'élaborer son projet professionnel et d'identifier les différentes actions nécessaires à sa mise en œuvre. | AO10: CPF_I_024 | AP10: =VLOOKUP(AO10,'Axe 2 Règles de gestion'!$D$2:$F$75,3, FALSE) -> L'administration doit donner son accord. | AQ10: CPF_I_063 | AR10: =VLOOKUP(AQ10,'Axe 2 Règles de gestion'!$D$2:$F$75,3, FALSE) -> L'administration dispose d'un délai de 2 mois pour notifier sa décision. | AS10: CPF_I_046 | AT10: =VLOOKUP(AS10,'Axe 2 Règles de gestion'!$D$2:$F$75,3, FALSE) -> Si plusieurs formations permettent de satisfaire la demande de l'agent, une priorité est accordée à celles assurées par l'administration de l'agent. | AU10: CPF_I_048 | AV10: =VLOOKUP(AU10,'Axe 2 Règles de gestion'!$D$2:$F$75,3, FALSE) -> L'administration examine les demandes en donnant une priorité à certaine action de formation ou à certain accompagnement. | AW10: CPF_I_049 | AX10: =VLOOKUP(AW10,'Axe 2 Règles de gestion'!$D$2:$F$75,3, FALSE) -> L'ordre de priorisation est : 1) action dont le bilan de compétences permettant de prévenir une situation d'inaptitude à l'exercice des fonctions; 2) action de validation des acquis de l'expérience; 3) action de préparation aux concours et examens. | AY10: CPF_I_070 | AZ10: =VLOOKUP(AY10,'Axe 2 Règles de gestion'!$D$2:$F$75,3, FALSE) -> La décision de refus d'une demande de mobilisation du compte personnel de formation par l'agent fait l'objet d'une consultation de la commission consultative paritaire. | BA10: CPF_I_027 | BB10: =VLOOKUP(BA10,'Axe 2 Règles de gestion'!$D$2:$F$75,3, FALSE) -> L'administration doit motiver son refus à une demande. | BC10: CPF_I_028 | BD10: =VLOOKUP(BC10,'Axe 2 Règles de gestion'!$D$2:$F$75,3, FALSE) -> L'agent peut contester le refus devant l'instance paritaire compétente. | BE10: CPF_I_029 | BF10: =VLOOKUP(BE10,'Axe 2 Règles de gestion'!$D$2:$F$75,3, FALSE) -> L'administration ne peut refuser une demande relevant du socle de connaissances et compétences que toute personne doit maîtriser afin de favoriser son accès à la formation professionnelle et son insertion professionnelle. | BG10: CPF_I_030 | BH10: =VLOOKUP(BG10,'Axe 2 Règles de gestion'!$D$2:$F$75,3, FALSE) -> Cependant l'administration peut differer le suivi d'une formation relevant du socle de connaissances et compétences dans l'année qui suit la demande. | BI10: CPF_I_031 | BJ10: =VLOOKUP(BI10,'Axe 2 Règles de gestion'!$D$2:$F$75,3, FALSE) -> Si une demande a été refusée pendant 2 années consécutives, l'administration ne peut refuser une 3ème demande portant sur une action de formation de même nature qu'après avis de l'instance paritaire compétente. | BK10: CPF_I_050 | BL10: =VLOOKUP(BK10,'Axe 2 Règles de gestion'!$D$2:$F$75,3, FALSE) -> L'administration prend en charge les frais pédagogiques qui se rattachent à la formation suivie et peut prendre en charge les frais de déplacements. | BM10: CPF_I_051 | BN10: =VLOOKUP(BM10,'Axe 2 Règles de gestion'!$D$2:$F$75,3, FALSE) -> La prise en charge des frais peut faire l'objet de plafonds déterminés par arrêtés ministériels. | BO10: CPF_I_052 | BP10: =VLOOKUP(BO10,'Axe 2 Règles de gestion'!$D$2:$F$75,3, FALSE) -> L'agent qui ne suit pas tout ou partie de la formation sans motif valable doit rembourser les frais pédagogiques et de déplacements. | BQ10: CPF_I_039 | BR10: =VLOOKUP(BQ10,'Axe 2 Règles de gestion'!$D$2:$F$75,3, FALSE) -> Il peut être utilisé en combinaison avec le congé de formation professionnelle. | BS10: CPF_I_040 | BT10: =VLOOKUP(BS10,'Axe 2 Règles de gestion'!$D$2:$F$75,3, FALSE) -> L'agent peut utilisé compte personnel de formation pour compléter la préparation ou la réalisation de sa validation des acquis de l'expérience. | BU10: CPF_I_041 | BV10: =VLOOKUP(BU10,'Axe 2 Règles de gestion'!$D$2:$F$75,3, FALSE) -> L'agent peut utilisé son compte personnel de formation pour compléter la préparation ou la réalisation de son bilan de compétences. | BW10: CPF_I_044 | BX10: =VLOOKUP(BW10,'Axe 2 Règles de gestion'!$D$2:$F$75,3, FALSE) -> L'agent peut utiliser son compte personnel de formation pour compléter une décharge accordée pour suivre une action de préparation aux concours et examens. | BY10: CPF_I_062 | BZ10: =VLOOKUP(BY10,'Axe 2 Règles de gestion'!$D$2:$F$75,3, FALSE) -> L'agent peut utiliser son compte personnel de formation pour participer aux actions de préparation aux examens et concours administratifs et aux autres procédures de sélection. | CA10: CPF_I_026 | CB10: =VLOOKUP(CA10,'Axe 2 Règles de gestion'!$D$2:$F$75,3, FALSE) -> Lorsque l'agent est en position de détachement, l'alimentation, l'instruction et le financement des droits du compte personnel de formation relèvent de l'organisme d'accueil. | CC10: CPF_I_064 | CD10: =VLOOKUP(CC10,'Axe 2 Règles de gestion'!$D$2:$F$75,3, FALSE) -> Sauf disposition contraire prévue par la convention, si l'agent est mis à disposition ou affecté auprès d'un autre organisme, l'alimentation, l'instruction et le financement des droits du compte personnel de formation relèvent de l'organisme d'origine.
A11: 20.00.00 | B11: A | C11: 43928.397 | D11: D0009 | E11: Formation | F11: S0147 | G11: Compte personnel d'activité | H11: E0816 | I11: Compte personnel de formation | L11: T2014 | M11: Compte personnel de formation - Alimentation | N11: Création Modification | Q11: Contractuel | R11: P0003 | S11: N | T11: Général | U11: Passant | V11: 42736 | W11: 43830 | X11: CPF_I_032 ET CPF_I_053 ET CPF_I_033 ET CPF_I_034 ET CPF_I_035 ET CPF_I_058 ET CPF_I_026 ET CPF_I_064 | Y11: CPF_I_032 | Z11: =VLOOKUP(Y11,'Axe 2 Règles de gestion'!$D$2:$F$75,3, FALSE) -> L'alimentation du compte s'effectue à la fin de chaque année. | AA11: CPF_I_053 | AB11: =VLOOKUP(AA11,'Axe 2 Règles de gestion'!$D$2:$F$75,3, FALSE) -> Le compte personnel de formation est alimenté en heures de formation au 31 décembre de chaque année. | AC11: CPF_I_033 | AD11: =VLOOKUP(AC11,'Axe 2 Règles de gestion'!$D$2:$F$75,3, FALSE) -> L'alimentation du compte s'effectue à hauteur de 24 heures maximum par année de travail jusqu'à l'acquisition d'un crédit de 120 heures, puis de 12 heures maximum par année de travail, dans la limite d'un plafond total de 150 heures. | AE11: CPF_I_034 | AF11: =VLOOKUP(AE11,'Axe 2 Règles de gestion'!$D$2:$F$75,3, FALSE) -> L'agent de catégorie C qui n'a pas atteint un niveau de formation sanctionné par un diplôme de niveau V (Certificat d'aptitude professionnelle, Brevet d'études professionnelles) acquiert 48 heures maximum par an avec un plafond de 400 heures. | AG11: CPF_I_035 | AH11: =VLOOKUP(AG11,'Axe 2 Règles de gestion'!$D$2:$F$75,3, FALSE) -> Lorsque le projet d'évolution professionnelle vise à prévenir une situation d'inaptitude à l'exercice de ses fonctions, l'agent peut bénéficier d'un crédit d'heures supplémentaires, dans la limite de 150 heures avec les mêmes plafonds. | AI11: CPF_I_058 | AJ11: =VLOOKUP(AI11,'Axe 2 Règles de gestion'!$D$2:$F$75,3, FALSE) -> Pour justifier de ce crédit supplémentaire, l'agent présente un avis du médecin de prévention ou du travail attestant que son état de santé l'expose, compte tenu de ses conditions de travail, à un risque d'inaptitude à l'exercice de ses fonctions. | AK11: CPF_I_026 | AL11: =VLOOKUP(AK11,'Axe 2 Règles de gestion'!$D$2:$F$75,3, FALSE) -> Lorsque l'agent est en position de détachement, l'alimentation, l'instruction et le financement des droits du compte personnel de formation relèvent de l'organisme d'accueil. | AM11: CPF_I_064 | AN11: =VLOOKUP(AM11,'Axe 2 Règles de gestion'!$D$2:$F$75,3, FALSE) -> Sauf disposition contraire prévue par la convention, si l'agent est mis à disposition ou affecté auprès d'un autre organisme, l'alimentation, l'instruction et le financement des droits du compte personnel de formation relèvent de l'organisme d'origine.
A12: 20.00.00 | B12: A | C12: 43928.371 | D12: D0009 | E12: Formation | F12: S0147 | G12: Compte personnel d'activité | H12: E0816 | I12: Compte personnel de formation | L12: T2014 | M12: Compte personnel de formation - Alimentation | N12: Création Modification | Q12: Contractuel | R12: P0003 | S12: N | T12: Général | U12: Passant | V12: 43831 | X12: CPF_I_032 ET CPF_I_054 ET CPF_I_055 ET CPF_I_057 ET CPF_I_058 ET CPF_I_026 ET CPF_I_064 | Y12: CPF_I_032 | Z12: =VLOOKUP(Y12,'Axe 2 Règles de gestion'!$D$2:$F$75,3, FALSE) -> L'alimentation du compte s'effectue à la fin de chaque année. | AA12: CPF_I_054 | AB12: =VLOOKUP(AA12,'Axe 2 Règles de gestion'!$D$2:$F$75,3, FALSE) -> L'alimentation du compte personnel de formation s'effectue à hauteur de 25 heures maximum au titre de chaque année civile, dans la limite d'un plafond de 150 heures. | AC12: CPF_I_055 | AD12: =VLOOKUP(AC12,'Axe 2 Règles de gestion'!$D$2:$F$75,3, FALSE) -> L'agent de catégorie C qui n'a pas atteint un niveau de formation sanctionné par un diplôme de niveau 3 (certificat d'aptitude professionnelle, brevet d'études professionnelles) acquiert 50 heures maximum par année civile avec un plafond de 400 heures. | AE12: CPF_I_057 | AF12: =VLOOKUP(AE12,'Axe 2 Règles de gestion'!$D$2:$F$75,3, FALSE) -> Lorsque le projet d'évolution professionnelle vise à prévenir une situation d'inaptitude à l'exercice des fonctions, le crédit d'heures supplémentaires est limité à 150 heures. Il peut compléter, à la demande de l'agent, les droits acquis. | AG12: CPF_I_058 | AH12: =VLOOKUP(AG12,'Axe 2 Règles de gestion'!$D$2:$F$75,3, FALSE) -> Pour justifier de ce crédit supplémentaire, l'agent présente un avis du médecin de prévention ou du travail attestant que son état de santé l'expose, compte tenu de ses conditions de travail, à un risque d'inaptitude à l'exercice de ses fonctions. | AI12: CPF_I_026 | AJ12: =VLOOKUP(AI12,'Axe 2 Règles de gestion'!$D$2:$F$75,3, FALSE) -> Lorsque l'agent est en position de détachement, l'alimentation, l'instruction et le financement des droits du compte personnel de formation relèvent de l'organisme d'accueil. | AK12: CPF_I_064 | AL12: =VLOOKUP(AK12,'Axe 2 Règles de gestion'!$D$2:$F$75,3, FALSE) -> Sauf disposition contraire prévue par la convention, si l'agent est mis à disposition ou affecté auprès d'un autre organisme, l'alimentation, l'instruction et le financement des droits du compte personnel de formation relèvent de l'organisme d'origine.
A13: 20.00.00 | B13: A | C13: 43923.687 | D13: D0009 | E13: Formation | F13: S0147 | G13: Compte personnel d'activité | H13: E0816 | I13: Compte personnel de formation | L13: T2015 | M13: Compte personnel de formation - Anticipation | N13: Création Modification | Q13: Contractuel | R13: P0003 | S13: N | T13: Général | U13: Passant | V13: 42736 | X13: CPF_I_056 ET CPF_I_026 ET CPF_I_064 | Y13: CPF_I_056 | Z13: =VLOOKUP(Y13,'Axe 2 Règles de gestion'!$D$2:$F$75,3, FALSE) -> Si la durée de la formation est supérieure aux droits acquis, l'agent peut avec l'accord de l'administration utiliser par anticipation des droits non encore acquis dans la limite de ceux qu'il pourrait acquérir au cours des 2 années civiles suivantes. | AA13: CPF_I_026 | AB13: =VLOOKUP(AA13,'Axe 2 Règles de gestion'!$D$2:$F$75,3, FALSE) -> Lorsque l'agent est en position de détachement, l'alimentation, l'instruction et le financement des droits du compte personnel de formation relèvent de l'organisme d'accueil. | AC13: CPF_I_064 | AD13: =VLOOKUP(AC13,'Axe 2 Règles de gestion'!$D$2:$F$75,3, FALSE) -> Sauf disposition contraire prévue par la convention, si l'agent est mis à disposition ou affecté auprès d'un autre organisme, l'alimentation, l'instruction et le financement des droits du compte personnel de formation relèvent de l'organisme d'origine.
A14: 20.00.00 | B14: A | C14: 43924.521 | D14: D0009 | E14: Formation | F14: S0147 | G14: Compte personnel d'activité | H14: E0816 | I14: Compte personnel de formation | L14: T2013 | M14: Compte personnel de formation - Demande | N14: Création Modification | Q14: Stagiaire ou auditeur ou élève | R14: P0004 | S14: S | T14: Général | U14: Passant | V14: 42736 | X14: CPF_I_001 ET CPF_I_002 ET CPF_I_042 ET CPF_I_043 ET CPF_I_005 ET CPF_I_059 ET CPF_I_003 ET CPF_I_045 ET CPF_I_047 ET CPF_I_004 ET CPF_I_063 ET CPF_I_046 ET CPF_I_048 ET CPF_I_049 ET CPF_I_006 ET CPF_I_007 ET CPF_I_008 ET CPF_I_009 ET CPF_I_010 ET CPF_I_050 ET CPF_I_051 ET CPF_I_052 ET CPF_I_018 ET CPF_I_019 ET CPF_I_020 ET CPF_I_044 ET CPF_I_060 ET CPF_I_061 ET CPF_I_026 ET CPF_I_064 | Y14: CPF_I_001 | Z14: =VLOOKUP(Y14,'Axe 2 Règles de gestion'!$D$2:$F$75,3, FALSE) -> L'agent ne peut utiliser son compte personnel de formation que pour accéder à une qualification ou développer ses compétences dans le cadre d'un projet d'évolution professionnelle. | AA14: CPF_I_002 | AB14: =VLOOKUP(AA14,'Axe 2 Règles de gestion'!$D$2:$F$75,3, FALSE) -> L'agent utilise les heures acquises sur son compte pour suivre des actions de formation. | AC14: CPF_I_042 | AD14: =VLOOKUP(AC14,'Axe 2 Règles de gestion'!$D$2:$F$75,3, FALSE) -> La formation ne doit pas avoir pour objet l'adaptation aux fonctions exercées. | AE14: CPF_I_043 | AF14: =VLOOKUP(AE14,'Axe 2 Règles de gestion'!$D$2:$F$75,3, FALSE) -> La formation doit avoir pour objet l'acquisition d'un diplôme, d'un titre, d'un certificat de qualification professionnelle ou le développement des compétences nécessaires à la mise en œuvre du projet d'évolution professionnelle. | AG14: CPF_I_005 | AH14: =VLOOKUP(AG14,'Axe 2 Règles de gestion'!$D$2:$F$75,3, FALSE) -> L'agent doit suivre la formation, en priorité, pendant son temps de travail. | AI14: CPF_I_059 | AJ14: =VLOOKUP(AI14,'Axe 2 Règles de gestion'!$D$2:$F$75,3, FALSE) -> L'agent peut utiliser son compte pour réaliser des heures de formation d'adaptation à l'évolution prévisible des métiers ou de développement des qualifications ou d'acquisition de nouvelles qualifications hors temps de service. | AK14: CPF_I_003 | AL14: =VLOOKUP(AK14,'Axe 2 Règles de gestion'!$D$2:$F$75,3, FALSE) -> L'agent doit faire une demande. | AM14: CPF_I_045 | AN14: =VLOOKUP(AM14,'Axe 2 Règles de gestion'!$D$2:$F$75,3, FALSE) -> L'agent sollicite l'accord écrit de l'administration sur la nature, le calendrier et le financement de la formation souhaitée, en précisant le projet d'évolution professionnelle qui fonde sa demande. | AO14: CPF_I_047 | AP14: =VLOOKUP(AO14,'Axe 2 Règles de gestion'!$D$2:$F$75,3, FALSE) -> L'agent peut bénéficier, préalablement à sa demande, d'un accompagnement afin d'élaborer son projet professionnel et d'identifier les différentes actions nécessaires à sa mise en œuvre. | AQ14: CPF_I_004 | AR14: =VLOOKUP(AQ14,'Axe 2 Règles de gestion'!$D$2:$F$75,3, FALSE) -> L'administration doit donner son accord. | AS14: CPF_I_063 | AT14: =VLOOKUP(AS14,'Axe 2 Règles de gestion'!$D$2:$F$75,3, FALSE) -> L'administration dispose d'un délai de 2 mois pour notifier sa décision. | AU14: CPF_I_046 | AV14: =VLOOKUP(AU14,'Axe 2 Règles de gestion'!$D$2:$F$75,3, FALSE) -> Si plusieurs formations permettent de satisfaire la demande de l'agent, une priorité est accordée à celles assurées par l'administration de l'agent. | AW14: CPF_I_048 | AX14: =VLOOKUP(AW14,'Axe 2 Règles de gestion'!$D$2:$F$75,3, FALSE) -> L'administration examine les demandes en donnant une priorité à certaine action de formation ou à certain accompagnement. | AY14: CPF_I_049 | AZ14: =VLOOKUP(AY14,'Axe 2 Règles de gestion'!$D$2:$F$75,3, FALSE) -> L'ordre de priorisation est : 1) action dont le bilan de compétences permettant de prévenir une situation d'inaptitude à l'exercice des fonctions; 2) action de validation des acquis de l'expérience; 3) action de préparation aux concours et examens. | BA14: CPF_I_006 | BB14: =VLOOKUP(BA14,'Axe 2 Règles de gestion'!$D$2:$F$75,3, FALSE) -> L'administration doit motiver son refus à une demande. | BC14: CPF_I_007 | BD14: =VLOOKUP(BC14,'Axe 2 Règles de gestion'!$D$2:$F$75,3, FALSE) -> L'agent peut contester le refus devant l'instance paritaire compétente. | BE14: CPF_I_008 | BF14: =VLOOKUP(BE14,'Axe 2 Règles de gestion'!$D$2:$F$75,3, FALSE) -> L'administration ne peut refuser une demande relevant du socle de connaissances et compétences que toute personne doit maîtriser afin de favoriser son accès à la formation professionnelle et son insertion professionnelle. | BG14: CPF_I_009 | BH14: =VLOOKUP(BG14,'Axe 2 Règles de gestion'!$D$2:$F$75,3, FALSE) -> Cependant l'administration peut différer le suivi d'une formation relevant du socle de connaissances et compétences dans l'année qui suit la demande. | BI14: CPF_I_010 | BJ14: =VLOOKUP(BI14,'Axe 2 Règles de gestion'!$D$2:$F$75,3, FALSE) -> Si une demande a été refusée pendant 2 années consécutives, l'administration ne peut refuser une 3ème demande portant sur une action de formation de même nature qu'après avis de l'instance paritaire compétente. | BK14: CPF_I_050 | BL14: =VLOOKUP(BK14,'Axe 2 Règles de gestion'!$D$2:$F$75,3, FALSE) -> L'administration prend en charge les frais pédagogiques qui se rattachent à la formation suivie et peut prendre en charge les frais de déplacements. | BM14: CPF_I_051 | BN14: =VLOOKUP(BM14,'Axe 2 Règles de gestion'!$D$2:$F$75,3, FALSE) -> La prise en charge des frais peut faire l'objet de plafonds déterminés par arrêtés ministériels. | BO14: CPF_I_052 | BP14: =VLOOKUP(BO14,'Axe 2 Règles de gestion'!$D$2:$F$75,3, FALSE) -> L'agent qui ne suit pas tout ou partie de la formation sans motif valable doit rembourser les frais pédagogiques et de déplacements. | BQ14: CPF_I_018 | BR14: =VLOOKUP(BQ14,'Axe 2 Règles de gestion'!$D$2:$F$75,3, FALSE) -> Il peut être utilisé en combinaison avec le congé de formation professionnelle. | BS14: CPF_I_019 | BT14: =VLOOKUP(BS14,'Axe 2 Règles de gestion'!$D$2:$F$75,3, FALSE) -> L'agent peut utilisé compte personnel de formation pour compléter la préparation ou la réalisation de sa validation des acquis de l'expérience. | BU14: CPF_I_020 | BV14: =VLOOKUP(BU14,'Axe 2 Règles de gestion'!$D$2:$F$75,3, FALSE) -> L'agent peut utilisé son compte personnel de formation pour compléter la préparation ou la réalisation de son bilan de compétences. | BW14: CPF_I_044 | BX14: =VLOOKUP(BW14,'Axe 2 Règles de gestion'!$D$2:$F$75,3, FALSE) -> L'agent peut utiliser son compte personnel de formation pour compléter une décharge accordée pour suivre une action de préparation aux concours et examens. | BY14: CPF_I_060 | BZ14: =VLOOKUP(BY14,'Axe 2 Règles de gestion'!$D$2:$F$75,3, FALSE) -> L'agent peut utiliser son compte personnel de formation, après son accord écrit, pour suivre des actions de formation incluses dans la période de professionnalisation. | CA14: CPF_I_061 | CB14: =VLOOKUP(CA14,'Axe 2 Règles de gestion'!$D$2:$F$75,3, FALSE) -> L'agent peut utiliser son compte personnel de formation pour participer aux actions de préparation aux examens et concours administratifs et aux autres procédures de sélection. | CC14: CPF_I_026 | CD14: =VLOOKUP(CC14,'Axe 2 Règles de gestion'!$D$2:$F$75,3, FALSE) -> Lorsque l'agent est en position de détachement, l'alimentation, l'instruction et le financement des droits du compte personnel de formation relèvent de l'organisme d'accueil. | CE14: CPF_I_064 | CF14: =VLOOKUP(CE14,'Axe 2 Règles de gestion'!$D$2:$F$75,3, FALSE) -> Sauf disposition contraire prévue par la convention, si l'agent est mis à disposition ou affecté auprès d'un autre organisme, l'alimentation, l'instruction et le financement des droits du compte personnel de formation relèvent de l'organisme d'origine.
A15: 20.00.00 | B15: A | C15: 43923.683 | D15: D0009 | E15: Formation | F15: S0147 | G15: Compte personnel d'activité | H15: E0816 | I15: Compte personnel de formation | L15: T2014 | M15: Compte personnel de formation - Alimentation | N15: Création Modification | Q15: Stagiaire ou auditeur ou élève | R15: P0004 | S15: S | T15: Général | U15: Passant | V15: 42736 | W15: 43830 | X15: CPF_I_011 ET CPF_I_053 ET CPF_I_012 ET CPF_I_013 ET CPF_I_014 ET CPF_I_058 ET CPF_I_026 ET CPF_I_064 | Y15: CPF_I_011 | Z15: =VLOOKUP(Y15,'Axe 2 Règles de gestion'!$D$2:$F$75,3, FALSE) -> L'alimentation du compte s'effectue à la fin de chaque année. | AA15: CPF_I_053 | AB15: =VLOOKUP(AA15,'Axe 2 Règles de gestion'!$D$2:$F$75,3, FALSE) -> Le compte personnel de formation est alimenté en heures de formation au 31 décembre de chaque année. | AC15: CPF_I_012 | AD15: =VLOOKUP(AC15,'Axe 2 Règles de gestion'!$D$2:$F$75,3, FALSE) -> L'alimentation du compte s'effectue à hauteur de 24 heures maximum par année de travail jusqu'à l'acquisition d'un crédit de 120 heures, puis de 12 heures maximum par année de travail, dans la limite d'un plafond total de 150 heures. | AE15: CPF_I_013 | AF15: =VLOOKUP(AE15,'Axe 2 Règles de gestion'!$D$2:$F$75,3, FALSE) -> L'agent de catégorie C qui n'a pas atteint un niveau de formation sanctionné par un diplôme de niveau V (Certificat d'aptitude professionnelle, Brevet d'études professionnelles) acquiert 48 heures maximum par an avec un plafond de 400 heures. | AG15: CPF_I_014 | AH15: =VLOOKUP(AG15,'Axe 2 Règles de gestion'!$D$2:$F$75,3, FALSE) -> Lorsque le projet d'évolution professionnelle vise à prévenir une situation d'inaptitude à l'exercice de ses fonctions, l'agent peut bénéficier d'un crédit d'heures supplémentaires, dans la limite de 150 heures avec les mêmes plafonds. | AI15: CPF_I_058 | AJ15: =VLOOKUP(AI15,'Axe 2 Règles de gestion'!$D$2:$F$75,3, FALSE) -> Pour justifier de ce crédit supplémentaire, l'agent présente un avis du médecin de prévention ou du travail attestant que son état de santé l'expose, compte tenu de ses conditions de travail, à un risque d'inaptitude à l'exercice de ses fonctions. | AK15: CPF_I_026 | AL15: =VLOOKUP(AK15,'Axe 2 Règles de gestion'!$D$2:$F$75,3, FALSE) -> Lorsque l'agent est en position de détachement, l'alimentation, l'instruction et le financement des droits du compte personnel de formation relèvent de l'organisme d'accueil. | AM15: CPF_I_064 | AN15: =VLOOKUP(AM15,'Axe 2 Règles de gestion'!$D$2:$F$75,3, FALSE) -> Sauf disposition contraire prévue par la convention, si l'agent est mis à disposition ou affecté auprès d'un autre organisme, l'alimentation, l'instruction et le financement des droits du compte personnel de formation relèvent de l'organisme d'origine.
A16: 20.00.00 | B16: A | C16: 43923.683 | D16: D0009 | E16: Formation | F16: S0147 | G16: Compte personnel d'activité | H16: E0816 | I16: Compte personnel de formation | L16: T2014 | M16: Compte personnel de formation - Alimentation | N16: Création Modification | Q16: Stagiaire ou auditeur ou élève | R16: P0004 | S16: S | T16: Général | U16: Passant | V16: 43831 | X16: CPF_I_011 ET CPF_I_054 ET CPF_I_055 ET CPF_I_057 ET CPF_I_058 ET CPF_I_026 ET CPF_I_064 | Y16: CPF_I_011 | Z16: =VLOOKUP(Y16,'Axe 2 Règles de gestion'!$D$2:$F$75,3, FALSE) -> L'alimentation du compte s'effectue à la fin de chaque année. | AA16: CPF_I_054 | AB16: =VLOOKUP(AA16,'Axe 2 Règles de gestion'!$D$2:$F$75,3, FALSE) -> L'alimentation du compte personnel de formation s'effectue à hauteur de 25 heures maximum au titre de chaque année civile, dans la limite d'un plafond de 150 heures. | AC16: CPF_I_055 | AD16: =VLOOKUP(AC16,'Axe 2 Règles de gestion'!$D$2:$F$75,3, FALSE) -> L'agent de catégorie C qui n'a pas atteint un niveau de formation sanctionné par un diplôme de niveau 3 (certificat d'aptitude professionnelle, brevet d'études professionnelles) acquiert 50 heures maximum par année civile avec un plafond de 400 heures. | AE16: CPF_I_057 | AF16: =VLOOKUP(AE16,'Axe 2 Règles de gestion'!$D$2:$F$75,3, FALSE) -> Lorsque le projet d'évolution professionnelle vise à prévenir une situation d'inaptitude à l'exercice des fonctions, le crédit d'heures supplémentaires est limité à 150 heures. Il peut compléter, à la demande de l'agent, les droits acquis. | AG16: CPF_I_058 | AH16: =VLOOKUP(AG16,'Axe 2 Règles de gestion'!$D$2:$F$75,3, FALSE) -> Pour justifier de ce crédit supplémentaire, l'agent présente un avis du médecin de prévention ou du travail attestant que son état de santé l'expose, compte tenu de ses conditions de travail, à un risque d'inaptitude à l'exercice de ses fonctions. | AI16: CPF_I_026 | AJ16: =VLOOKUP(AI16,'Axe 2 Règles de gestion'!$D$2:$F$75,3, FALSE) -> Lorsque l'agent est en position de détachement, l'alimentation, l'instruction et le financement des droits du compte personnel de formation relèvent de l'organisme d'accueil. | AK16: CPF_I_064 | AL16: =VLOOKUP(AK16,'Axe 2 Règles de gestion'!$D$2:$F$75,3, FALSE) -> Sauf disposition contraire prévue par la convention, si l'agent est mis à disposition ou affecté auprès d'un autre organisme, l'alimentation, l'instruction et le financement des droits du compte personnel de formation relèvent de l'organisme d'origine.
A17: 20.00.00 | B17: A | C17: 43923.689 | D17: D0009 | E17: Formation | F17: S0147 | G17: Compte personnel d'activité | H17: E0816 | I17: Compte personnel de formation | L17: T2015 | M17: Compte personnel de formation - Anticipation | N17: Création Modification | Q17: Stagiaire ou auditeur ou élève | R17: P0004 | S17: S | T17: Général | U17: Passant | V17: 42736 | X17: CPF_I_056 ET CPF_I_026 ET CPF_I_064 | Y17: CPF_I_056 | Z17: =VLOOKUP(Y17,'Axe 2 Règles de gestion'!$D$2:$F$75,3, FALSE) -> Si la durée de la formation est supérieure aux droits acquis, l'agent peut avec l'accord de l'administration utiliser par anticipation des droits non encore acquis dans la limite de ceux qu'il pourrait acquérir au cours des 2 années civiles suivantes. | AA17: CPF_I_026 | AB17: =VLOOKUP(AA17,'Axe 2 Règles de gestion'!$D$2:$F$75,3, FALSE) -> Lorsque l'agent est en position de détachement, l'alimentation, l'instruction et le financement des droits du compte personnel de formation relèvent de l'organisme d'accueil. | AC17: CPF_I_064 | AD17: =VLOOKUP(AC17,'Axe 2 Règles de gestion'!$D$2:$F$75,3, FALSE) -> Sauf disposition contraire prévue par la convention, si l'agent est mis à disposition ou affecté auprès d'un autre organisme, l'alimentation, l'instruction et le financement des droits du compte personnel de formation relèvent de l'organisme d'origine.
A18: 20.00.00 | B18: A | C18: 43924.523 | D18: D0009 | E18: Formation | F18: S0147 | G18: Compte personnel d'activité | H18: E0816 | I18: Compte personnel de formation | L18: T2013 | M18: Compte personnel de formation - Demande | N18: Création Modification | Q18: Ouvrier d'état | R18: P0005 | S18: O | T18: Général | U18: Passant | V18: 42736 | X18: CPF_I_021 ET CPF_I_022 ET CPF_I_042 ET CPF_I_043 ET CPF_I_025 ET CPF_I_023 ET CPF_I_045 ET CPF_I_047 ET CPF_I_024 ET CPF_I_063 ET CPF_I_046 ET CPF_I_048 ET CPF_I_049 ET CPF_I_027 ET CPF_I_028 ET CPF_I_029 ET CPF_I_030 ET CPF_I_031 ET CPF_I_050 ET CPF_I_051 ET CPF_I_052 ET CPF_I_039 ET CPF_I_040 ET CPF_I_041 ET CPF_I_044 ET CPF_I_062 | Y18: CPF_I_021 | Z18: =VLOOKUP(Y18,'Axe 2 Règles de gestion'!$D$2:$F$75,3, FALSE) -> L'agent ne peut utiliser son compte personnel de formation que dans le cadre d'un projet d'évolution professionnel. | AA18: CPF_I_022 | AB18: =VLOOKUP(AA18,'Axe 2 Règles de gestion'!$D$2:$F$75,3, FALSE) -> L'agent utilise les heures acquises sur son compte pour suivre des actions de formation. | AC18: CPF_I_042 | AD18: =VLOOKUP(AC18,'Axe 2 Règles de gestion'!$D$2:$F$75,3, FALSE) -> La formation ne doit pas avoir pour objet l'adaptation aux fonctions exercées. | AE18: CPF_I_043 | AF18: =VLOOKUP(AE18,'Axe 2 Règles de gestion'!$D$2:$F$75,3, FALSE) -> La formation doit avoir pour objet l'acquisition d'un diplôme, d'un titre, d'un certificat de qualification professionnelle ou le développement des compétences nécessaires à la mise en œuvre du projet d'évolution professionnelle. | AG18: CPF_I_025 | AH18: =VLOOKUP(AG18,'Axe 2 Règles de gestion'!$D$2:$F$75,3, FALSE) -> L'agent doit suivre la formation, en priorité, pendant son temps de travail. | AI18: CPF_I_023 | AJ18: =VLOOKUP(AI18,'Axe 2 Règles de gestion'!$D$2:$F$75,3, FALSE) -> L'agent doit faire une demande. | AK18: CPF_I_045 | AL18: =VLOOKUP(AK18,'Axe 2 Règles de gestion'!$D$2:$F$75,3, FALSE) -> L'agent sollicite l'accord écrit de l'administration sur la nature, le calendrier et le financement de la formation souhaitée, en précisant le projet d'évolution professionnelle qui fonde sa demande. | AM18: CPF_I_047 | AN18: =VLOOKUP(AM18,'Axe 2 Règles de gestion'!$D$2:$F$75,3, FALSE) -> L'agent peut bénéficier, préalablement à sa demande, d'un accompagnement afin d'élaborer son projet professionnel et d'identifier les différentes actions nécessaires à sa mise en œuvre. | AO18: CPF_I_024 | AP18: =VLOOKUP(AO18,'Axe 2 Règles de gestion'!$D$2:$F$75,3, FALSE) -> L'administration doit donner son accord. | AQ18: CPF_I_063 | AR18: =VLOOKUP(AQ18,'Axe 2 Règles de gestion'!$D$2:$F$75,3, FALSE) -> L'administration dispose d'un délai de 2 mois pour notifier sa décision. | AS18: CPF_I_046 | AT18: =VLOOKUP(AS18,'Axe 2 Règles de gestion'!$D$2:$F$75,3, FALSE) -> Si plusieurs formations permettent de satisfaire la demande de l'agent, une priorité est accordée à celles assurées par l'administration de l'agent. | AU18: CPF_I_048 | AV18: =VLOOKUP(AU18,'Axe 2 Règles de gestion'!$D$2:$F$75,3, FALSE) -> L'administration examine les demandes en donnant une priorité à certaine action de formation ou à certain accompagnement. | AW18: CPF_I_049 | AX18: =VLOOKUP(AW18,'Axe 2 Règles de gestion'!$D$2:$F$75,3, FALSE) -> L'ordre de priorisation est : 1) action dont le bilan de compétences permettant de prévenir une situation d'inaptitude à l'exercice des fonctions; 2) action de validation des acquis de l'expérience; 3) action de préparation aux concours et examens. | AY18: CPF_I_027 | AZ18: =VLOOKUP(AY18,'Axe 2 Règles de gestion'!$D$2:$F$75,3, FALSE) -> L'administration doit motiver son refus à une demande. | BA18: CPF_I_028 | BB18: =VLOOKUP(BA18,'Axe 2 Règles de gestion'!$D$2:$F$75,3, FALSE) -> L'agent peut contester le refus devant l'instance paritaire compétente. | BC18: CPF_I_029 | BD18: =VLOOKUP(BC18,'Axe 2 Règles de gestion'!$D$2:$F$75,3, FALSE) -> L'administration ne peut refuser une demande relevant du socle de connaissances et compétences que toute personne doit maîtriser afin de favoriser son accès à la formation professionnelle et son insertion professionnelle. | BE18: CPF_I_030 | BF18: =VLOOKUP(BE18,'Axe 2 Règles de gestion'!$D$2:$F$75,3, FALSE) -> Cependant l'administration peut differer le suivi d'une formation relevant du socle de connaissances et compétences dans l'année qui suit la demande. | BG18: CPF_I_031 | BH18: =VLOOKUP(BG18,'Axe 2 Règles de gestion'!$D$2:$F$75,3, FALSE) -> Si une demande a été refusée pendant 2 années consécutives, l'administration ne peut refuser une 3ème demande portant sur une action de formation de même nature qu'après avis de l'instance paritaire compétente. | BI18: CPF_I_050 | BJ18: =VLOOKUP(BI18,'Axe 2 Règles de gestion'!$D$2:$F$75,3, FALSE) -> L'administration prend en charge les frais pédagogiques qui se rattachent à la formation suivie et peut prendre en charge les frais de déplacements. | BK18: CPF_I_051 | BL18: =VLOOKUP(BK18,'Axe 2 Règles de gestion'!$D$2:$F$75,3, FALSE) -> La prise en charge des frais peut faire l'objet de plafonds déterminés par arrêtés ministériels. | BM18: CPF_I_052 | BN18: =VLOOKUP(BM18,'Axe 2 Règles de gestion'!$D$2:$F$75,3, FALSE) -> L'agent qui ne suit pas tout ou partie de la formation sans motif valable doit rembourser les frais pédagogiques et de déplacements. | BO18: CPF_I_039 | BP18: =VLOOKUP(BO18,'Axe 2 Règles de gestion'!$D$2:$F$75,3, FALSE) -> Il peut être utilisé en combinaison avec le congé de formation professionnelle. | BQ18: CPF_I_040 | BR18: =VLOOKUP(BQ18,'Axe 2 Règles de gestion'!$D$2:$F$75,3, FALSE) -> L'agent peut utilisé compte personnel de formation pour compléter la préparation ou la réalisation de sa validation des acquis de l'expérience. | BS18: CPF_I_041 | BT18: =VLOOKUP(BS18,'Axe 2 Règles de gestion'!$D$2:$F$75,3, FALSE) -> L'agent peut utilisé son compte personnel de formation pour compléter la préparation ou la réalisation de son bilan de compétences. | BU18: CPF_I_044 | BV18: =VLOOKUP(BU18,'Axe 2 Règles de gestion'!$D$2:$F$75,3, FALSE) -> L'agent peut utiliser son compte personnel de formation pour compléter une décharge accordée pour suivre une action de préparation aux concours et examens. | BW18: CPF_I_062 | BX18: =VLOOKUP(BW18,'Axe 2 Règles de gestion'!$D$2:$F$75,3, FALSE) -> L'agent peut utiliser son compte personnel de formation pour participer aux actions de préparation aux examens et concours administratifs et aux autres procédures de sélection.
A19: 20.00.00 | B19: A | C19: 43923.684 | D19: D0009 | E19: Formation | F19: S0147 | G19: Compte personnel d'activité | H19: E0816 | I19: Compte personnel de formation | L19: T2014 | M19: Compte personnel de formation - Alimentation | N19: Création Modification | Q19: Ouvrier d'état | R19: P0005 | S19: O | T19: Général | U19: Passant | V19: 42736 | W19: 43830 | X19: CPF_I_032 ET CPF_I_053 ET CPF_I_033 ET CPF_I_034 ET CPF_I_035 ET CPF_I_058 | Y19: CPF_I_032 | Z19: =VLOOKUP(Y19,'Axe 2 Règles de gestion'!$D$2:$F$75,3, FALSE) -> L'alimentation du compte s'effectue à la fin de chaque année. | AA19: CPF_I_053 | AB19: =VLOOKUP(AA19,'Axe 2 Règles de gestion'!$D$2:$F$75,3, FALSE) -> Le compte personnel de formation est alimenté en heures de formation au 31 décembre de chaque année. | AC19: CPF_I_033 | AD19: =VLOOKUP(AC19,'Axe 2 Règles de gestion'!$D$2:$F$75,3, FALSE) -> L'alimentation du compte s'effectue à hauteur de 24 heures maximum par année de travail jusqu'à l'acquisition d'un crédit de 120 heures, puis de 12 heures maximum par année de travail, dans la limite d'un plafond total de 150 heures. | AE19: CPF_I_034 | AF19: =VLOOKUP(AE19,'Axe 2 Règles de gestion'!$D$2:$F$75,3, FALSE) -> L'agent de catégorie C qui n'a pas atteint un niveau de formation sanctionné par un diplôme de niveau V (Certificat d'aptitude professionnelle, Brevet d'études professionnelles) acquiert 48 heures maximum par an avec un plafond de 400 heures. | AG19: CPF_I_035 | AH19: =VLOOKUP(AG19,'Axe 2 Règles de gestion'!$D$2:$F$75,3, FALSE) -> Lorsque le projet d'évolution professionnelle vise à prévenir une situation d'inaptitude à l'exercice de ses fonctions, l'agent peut bénéficier d'un crédit d'heures supplémentaires, dans la limite de 150 heures avec les mêmes plafonds. | AI19: CPF_I_058 | AJ19: =VLOOKUP(AI19,'Axe 2 Règles de gestion'!$D$2:$F$75,3, FALSE) -> Pour justifier de ce crédit supplémentaire, l'agent présente un avis du médecin de prévention ou du travail attestant que son état de santé l'expose, compte tenu de ses conditions de travail, à un risque d'inaptitude à l'exercice de ses fonctions.
A20: 20.00.00 | B20: A | C20: 43923.685 | D20: D0009 | E20: Formation | F20: S0147 | G20: Compte personnel d'activité | H20: E0816 | I20: Compte personnel de formation | L20: T2014 | M20: Compte personnel de formation - Alimentation | N20: Création Modification | Q20: Ouvrier d'état | R20: P0005 | S20: O | T20: Général | U20: Passant | V20: 43831 | X20: CPF_I_032 ET CPF_I_054 ET CPF_I_055 ET CPF_I_057 ET CPF_I_058 | Y20: CPF_I_032 | Z20: =VLOOKUP(Y20,'Axe 2 Règles de gestion'!$D$2:$F$75,3, FALSE) -> L'alimentation du compte s'effectue à la fin de chaque année. | AA20: CPF_I_054 | AB20: =VLOOKUP(AA20,'Axe 2 Règles de gestion'!$D$2:$F$75,3, FALSE) -> L'alimentation du compte personnel de formation s'effectue à hauteur de 25 heures maximum au titre de chaque année civile, dans la limite d'un plafond de 150 heures. | AC20: CPF_I_055 | AD20: =VLOOKUP(AC20,'Axe 2 Règles de gestion'!$D$2:$F$75,3, FALSE) -> L'agent de catégorie C qui n'a pas atteint un niveau de formation sanctionné par un diplôme de niveau 3 (certificat d'aptitude professionnelle, brevet d'études professionnelles) acquiert 50 heures maximum par année civile avec un plafond de 400 heures. | AE20: CPF_I_057 | AF20: =VLOOKUP(AE20,'Axe 2 Règles de gestion'!$D$2:$F$75,3, FALSE) -> Lorsque le projet d'évolution professionnelle vise à prévenir une situation d'inaptitude à l'exercice des fonctions, le crédit d'heures supplémentaires est limité à 150 heures. Il peut compléter, à la demande de l'agent, les droits acquis. | AG20: CPF_I_058 | AH20: =VLOOKUP(AG20,'Axe 2 Règles de gestion'!$D$2:$F$75,3, FALSE) -> Pour justifier de ce crédit supplémentaire, l'agent présente un avis du médecin de prévention ou du travail attestant que son état de santé l'expose, compte tenu de ses conditions de travail, à un risque d'inaptitude à l'exercice de ses fonctions.
A21: 20.00.00 | B21: A | C21: 43923.69 | D21: D0009 | E21: Formation | F21: S0147 | G21: Compte personnel d'activité | H21: E0816 | I21: Compte personnel de formation | L21: T2015 | M21: Compte personnel de formation - Anticipation | N21: Création Modification | Q21: Ouvrier d'état | R21: P0005 | S21: O | T21: Général | U21: Passant | V21: 42736 | X21: CPF_I_056 | Y21: CPF_I_056 | Z21: =VLOOKUP(Y21,'Axe 2 Règles de gestion'!$D$2:$F$75,3, FALSE) -> Si la durée de la formation est supérieure aux droits acquis, l'agent peut avec l'accord de l'administration utiliser par anticipation des droits non encore acquis dans la limite de ceux qu'il pourrait acquérir au cours des 2 années civiles suivantes.
A22: 20.00.00 | B22: A | C22: 43923.694 | D22: D0009 | E22: Formation | F22: S0147 | G22: Compte personnel d'activité | H22: E0816 | I22: Compte personnel de formation | L22: T2013 | M22: Compte personnel de formation - Demande | N22: Création Modification | Q22: Magistrat de l'ordre judiciaire | R22: P0007 | S22: T | T22: Particulier | U22: Exclu | V22: 42736
A23: 20.00.00 | B23: A | C23: 43923.699 | D23: D0009 | E23: Formation | F23: S0147 | G23: Compte personnel d'activité | H23: E0816 | I23: Compte personnel de formation | L23: T2014 | M23: Compte personnel de formation - Alimentation | N23: Création Modification | Q23: Magistrat de l'ordre judiciaire | R23: P0007 | S23: T | T23: Particulier | U23: Exclu | V23: 42736
A24: 20.00.00 | B24: A | C24: 43924.354 | D24: D0009 | E24: Formation | F24: S0147 | G24: Compte personnel d'activité | H24: E0816 | I24: Compte personnel de formation | L24: T2015 | M24: Compte personnel de formation - Anticipation | N24: Création Modification | Q24: Magistrat de l'ordre judiciaire | R24: P0007 | S24: T | T24: Particulier | U24: Exclu | V24: 42736
A25: 20.00.00 | B25: A | C25: 43923.694 | D25: D0009 | E25: Formation | F25: S0147 | G25: Compte personnel d'activité | H25: E0816 | I25: Compte personnel de formation | L25: T2013 | M25: Compte personnel de formation - Demande | N25: Création Modification | Q25: Auditeur de justice | R25: P0009 | S25: S | T25: Particulier | U25: Exclu | V25: 42736
A26: 20.00.00 | B26: A | C26: 43923.699 | D26: D0009 | E26: Formation | F26: S0147 | G26: Compte personnel d'activité | H26: E0816 | I26: Compte personnel de formation | L26: T2014 | M26: Compte personnel de formation - Alimentation | N26: Création Modification | Q26: Auditeur de justice | R26: P0009 | S26: S | T26: Particulier | U26: Exclu | V26: 42736
A27: 20.00.00 | B27: A | C27: 43924.356 | D27: D0009 | E27: Formation | F27: S0147 | G27: Compte personnel d'activité | H27: E0816 | I27: Compte personnel de formation | L27: T2015 | M27: Compte personnel de formation - Anticipation | N27: Création Modification | Q27: Auditeur de justice | R27: P0009 | S27: S | T27: Particulier | U27: Exclu | V27: 42736
A28: 20.00.00 | B28: A | C28: 43923.694 | D28: D0009 | E28: Formation | F28: S0147 | G28: Compte personnel d'activité | H28: E0816 | I28: Compte personnel de formation | L28: T2013 | M28: Compte personnel de formation - Demande | N28: Création Modification | Q28: Conseiller ou avocat général à la Cour de cassation en service extraordinaire | R28: P0046 | S28: N | T28: Particulier | U28: Exclu | V28: 42736
A29: 20.00.00 | B29: A | C29: 43923.699 | D29: D0009 | E29: Formation | F29: S0147 | G29: Compte personnel d'activité | H29: E0816 | I29: Compte personnel de formation | L29: T2014 | M29: Compte personnel de formation - Alimentation | N29: Création Modification | Q29: Conseiller ou avocat général à la Cour de cassation en service extraordinaire | R29: P0046 | S29: N | T29: Particulier | U29: Exclu | V29: 42736
A30: 20.00.00 | B30: A | C30: 43924.356 | D30: D0009 | E30: Formation | F30: S0147 | G30: Compte personnel d'activité | H30: E0816 | I30: Compte personnel de formation | L30: T2015 | M30: Compte personnel de formation - Anticipation | N30: Création Modification | Q30: Conseiller ou avocat général à la Cour de cassation en service extraordinaire | R30: P0046 | S30: N | T30: Particulier | U30: Exclu | V30: 42736
A31: 20.00.00 | B31: A | C31: 43923.695 | D31: D0009 | E31: Formation | F31: S0147 | G31: Compte personnel d'activité | H31: E0816 | I31: Compte personnel de formation | L31: T2013 | M31: Compte personnel de formation - Demande | N31: Création Modification | Q31: Personnel civil payé à l'acte ou à la tâche | R31: P0054 | S31: N | T31: Particulier | U31: Exclu | V31: 42736
A32: 20.00.00 | B32: A | C32: 43924.351 | D32: D0009 | E32: Formation | F32: S0147 | G32: Compte personnel d'activité | H32: E0816 | I32: Compte personnel de formation | L32: T2014 | M32: Compte personnel de formation - Alimentation | N32: Création Modification | Q32: Personnel civil payé à l'acte ou à la tâche | R32: P0054 | S32: N | T32: Particulier | U32: Exclu | V32: 42736
A33: 20.00.00 | B33: A | C33: 43924.356 | D33: D0009 | E33: Formation | F33: S0147 | G33: Compte personnel d'activité | H33: E0816 | I33: Compte personnel de formation | L33: T2015 | M33: Compte personnel de formation - Anticipation | N33: Création Modification | Q33: Personnel civil payé à l'acte ou à la tâche | R33: P0054 | S33: N | T33: Particulier | U33: Exclu | V33: 42736
A34: 20.00.00 | B34: A | C34: 43924.36 | D34: D0009 | E34: Formation | F34: S0147 | G34: Compte personnel d'activité | H34: E0816 | I34: Compte personnel de formation | L34: T2013 | M34: Compte personnel de formation - Demande | N34: Création Modification | Q34: Contractuel de droit privé | R34: P0072 | S34: N | T34: Particulier | U34: Passant | V34: 42736 | X34: CPF_I_065 | Y34: CPF_I_065 | Z34: =VLOOKUP(Y34,'Axe 2 Règles de gestion'!$D$2:$F$75,3, FALSE) -> Les règles applicables sont celles du code du travail à compter du 01/01/2015.
A35: 20.00.00 | B35: A | C35: 43924.36 | D35: D0009 | E35: Formation | F35: S0147 | G35: Compte personnel d'activité | H35: E0816 | I35: Compte personnel de formation | L35: T2014 | M35: Compte personnel de formation - Alimentation | N35: Création Modification | Q35: Contractuel de droit privé | R35: P0072 | S35: N | T35: Particulier | U35: Passant | V35: 42736 | X35: CPF_I_065 | Y35: CPF_I_065 | Z35: =VLOOKUP(Y35,'Axe 2 Règles de gestion'!$D$2:$F$75,3, FALSE) -> Les règles applicables sont celles du code du travail à compter du 01/01/2015.
A36: 20.00.00 | B36: A | C36: 43924.361 | D36: D0009 | E36: Formation | F36: S0147 | G36: Compte personnel d'activité | H36: E0816 | I36: Compte personnel de formation | L36: T2015 | M36: Compte personnel de formation - Anticipation | N36: Création Modification | Q36: Contractuel de droit privé | R36: P0072 | S36: N | T36: Particulier | U36: Passant | V36: 42736 | X36: CPF_I_065 | Y36: CPF_I_065 | Z36: =VLOOKUP(Y36,'Axe 2 Règles de gestion'!$D$2:$F$75,3, FALSE) -> Les règles applicables sont celles du code du travail à compter du 01/01/2015.
A37: 20.00.00 | B37: A | C37: 43923.696 | D37: D0009 | E37: Formation | F37: S0147 | G37: Compte personnel d'activité | H37: E0816 | I37: Compte personnel de formation | L37: T2013 | M37: Compte personnel de formation - Demande | N37: Création Modification | Q37: Ouvrier de la défense auxiliaire non affilié ou temporaire non mensualisé | R37: P0182 | S37: O | T37: Particulier | U37: Exclu | V37: 42736
A38: 20.00.00 | B38: A | C38: 43924.352 | D38: D0009 | E38: Formation | F38: S0147 | G38: Compte personnel d'activité | H38: E0816 | I38: Compte personnel de formation | L38: T2014 | M38: Compte personnel de formation - Alimentation | N38: Création Modification | Q38: Ouvrier de la défense auxiliaire non affilié ou temporaire non mensualisé | R38: P0182 | S38: O | T38: Particulier | U38: Exclu | V38: 42736
A39: 20.00.00 | B39: A | C39: 43924.358 | D39: D0009 | E39: Formation | F39: S0147 | G39: Compte personnel d'activité | H39: E0816 | I39: Compte personnel de formation | L39: T2015 | M39: Compte personnel de formation - Anticipation | N39: Création Modification | Q39: Ouvrier de la défense auxiliaire non affilié ou temporaire non mensualisé | R39: P0182 | S39: O | T39: Particulier | U39: Exclu | V39: 42736
A40: 25.10.00 | B40: M | C40: 45995.663 | D40: D0009 | E40: Formation | F40: S0147 | G40: Compte personnel d'activité | H40: E0816 | I40: Compte personnel de formation | L40: T2013 | M40: Compte personnel de formation - Demande | N40: Création Modification | Q40: Ouvrier des parcs et ateliers confirmé non affilié ou stagiaire | R40: P0185 | S40: O | T40: Particulier | U40: Exclu | V40: 42736 | W40: 45900
A41: 25.10.00 | B41: A | C41: 45995.663 | D41: D0009 | E41: Formation | F41: S0147 | G41: Compte personnel d'activité | H41: E0816 | I41: Compte personnel de formation | L41: T2013 | M41: Compte personnel de formation - Demande | N41: Création Modification | Q41: Ouvrier des parcs et ateliers confirmé non affilié ou stagiaire | R41: P0185 | S41: O | T41: Particulier | U41: Passant | V41: 45901 | X41: CPF_I_015 ET CPF_I_021 ET CPF_I_022 ET CPF_I_042 ET CPF_I_043 ET CPF_I_025 ET CPF_I_023 ET CPF_I_045 ET CPF_I_047 ET CPF_I_024 ET CPF_I_063 ET CPF_I_046 ET CPF_I_048 ET CPF_I_049 ET CPF_I_027 ET CPF_I_028 ET CPF_I_029 ET CPF_I_030 ET CPF_I_031 ET CPF_I_050 ET CPF_I_051 ET CPF_I_052 ET CPF_I_039 ET CPF_I_040 ET CPF_I_041 ET CPF_I_044 ET CPF_I_062 | Y41: CPF_I_015 | Z41: =VLOOKUP(Y41,'Axe 2 Règles de gestion'!$D$2:$F$75,3, FALSE) -> L'agent bénéficie des dispositions applicables aux agents ouvriers affiliés pour le compte personnel de formation. | AA41: CPF_I_021 | AB41: =VLOOKUP(AA41,'Axe 2 Règles de gestion'!$D$2:$F$75,3, FALSE) -> L'agent ne peut utiliser son compte personnel de formation que dans le cadre d'un projet d'évolution professionnel. | AC41: CPF_I_022 | AD41: =VLOOKUP(AC41,'Axe 2 Règles de gestion'!$D$2:$F$75,3, FALSE) -> L'agent utilise les heures acquises sur son compte pour suivre des actions de formation. | AE41: CPF_I_042 | AF41: =VLOOKUP(AE41,'Axe 2 Règles de gestion'!$D$2:$F$75,3, FALSE) -> La formation ne doit pas avoir pour objet l'adaptation aux fonctions exercées. | AG41: CPF_I_043 | AH41: =VLOOKUP(AG41,'Axe 2 Règles de gestion'!$D$2:$F$75,3, FALSE) -> La formation doit avoir pour objet l'acquisition d'un diplôme, d'un titre, d'un certificat de qualification professionnelle ou le développement des compétences nécessaires à la mise en œuvre du projet d'évolution professionnelle. | AI41: CPF_I_025 | AJ41: =VLOOKUP(AI41,'Axe 2 Règles de gestion'!$D$2:$F$75,3, FALSE) -> L'agent doit suivre la formation, en priorité, pendant son temps de travail. | AK41: CPF_I_023 | AL41: =VLOOKUP(AK41,'Axe 2 Règles de gestion'!$D$2:$F$75,3, FALSE) -> L'agent doit faire une demande. | AM41: CPF_I_045 | AN41: =VLOOKUP(AM41,'Axe 2 Règles de gestion'!$D$2:$F$75,3, FALSE) -> L'agent sollicite l'accord écrit de l'administration sur la nature, le calendrier et le financement de la formation souhaitée, en précisant le projet d'évolution professionnelle qui fonde sa demande. | AO41: CPF_I_047 | AP41: =VLOOKUP(AO41,'Axe 2 Règles de gestion'!$D$2:$F$75,3, FALSE) -> L'agent peut bénéficier, préalablement à sa demande, d'un accompagnement afin d'élaborer son projet professionnel et d'identifier les différentes actions nécessaires à sa mise en œuvre. | AQ41: CPF_I_024 | AR41: =VLOOKUP(AQ41,'Axe 2 Règles de gestion'!$D$2:$F$75,3, FALSE) -> L'administration doit donner son accord. | AS41: CPF_I_063 | AT41: =VLOOKUP(AS41,'Axe 2 Règles de gestion'!$D$2:$F$75,3, FALSE) -> L'administration dispose d'un délai de 2 mois pour notifier sa décision. | AU41: CPF_I_046 | AV41: =VLOOKUP(AU41,'Axe 2 Règles de gestion'!$D$2:$F$75,3, FALSE) -> Si plusieurs formations permettent de satisfaire la demande de l'agent, une priorité est accordée à celles assurées par l'administration de l'agent. | AW41: CPF_I_048 | AX41: =VLOOKUP(AW41,'Axe 2 Règles de gestion'!$D$2:$F$75,3, FALSE) -> L'administration examine les demandes en donnant une priorité à certaine action de formation ou à certain accompagnement. | AY41: CPF_I_049 | AZ41: =VLOOKUP(AY41,'Axe 2 Règles de gestion'!$D$2:$F$75,3, FALSE) -> L'ordre de priorisation est : 1) action dont le bilan de compétences permettant de prévenir une situation d'inaptitude à l'exercice des fonctions; 2) action de validation des acquis de l'expérience; 3) action de préparation aux concours et examens. | BA41: CPF_I_027 | BB41: =VLOOKUP(BA41,'Axe 2 Règles de gestion'!$D$2:$F$75,3, FALSE) -> L'administration doit motiver son refus à une demande. | BC41: CPF_I_028 | BD41: =VLOOKUP(BC41,'Axe 2 Règles de gestion'!$D$2:$F$75,3, FALSE) -> L'agent peut contester le refus devant l'instance paritaire compétente. | BE41: CPF_I_029 | BF41: =VLOOKUP(BE41,'Axe 2 Règles de gestion'!$D$2:$F$75,3, FALSE) -> L'administration ne peut refuser une demande relevant du socle de connaissances et compétences que toute personne doit maîtriser afin de favoriser son accès à la formation professionnelle et son insertion professionnelle. | BG41: CPF_I_030 | BH41: =VLOOKUP(BG41,'Axe 2 Règles de gestion'!$D$2:$F$75,3, FALSE) -> Cependant l'administration peut differer le suivi d'une formation relevant du socle de connaissances et compétences dans l'année qui suit la demande. | BI41: CPF_I_031 | BJ41: =VLOOKUP(BI41,'Axe 2 Règles de gestion'!$D$2:$F$75,3, FALSE) -> Si une demande a été refusée pendant 2 années consécutives, l'administration ne peut refuser une 3ème demande portant sur une action de formation de même nature qu'après avis de l'instance paritaire compétente. | BK41: CPF_I_050 | BL41: =VLOOKUP(BK41,'Axe 2 Règles de gestion'!$D$2:$F$75,3, FALSE) -> L'administration prend en charge les frais pédagogiques qui se rattachent à la formation suivie et peut prendre en charge les frais de déplacements. | BM41: CPF_I_051 | BN41: =VLOOKUP(BM41,'Axe 2 Règles de gestion'!$D$2:$F$75,3, FALSE) -> La prise en charge des frais peut faire l'objet de plafonds déterminés par arrêtés ministériels. | BO41: CPF_I_052 | BP41: =VLOOKUP(BO41,'Axe 2 Règles de gestion'!$D$2:$F$75,3, FALSE) -> L'agent qui ne suit pas tout ou partie de la formation sans motif valable doit rembourser les frais pédagogiques et de déplacements. | BQ41: CPF_I_039 | BR41: =VLOOKUP(BQ41,'Axe 2 Règles de gestion'!$D$2:$F$75,3, FALSE) -> Il peut être utilisé en combinaison avec le congé de formation professionnelle. | BS41: CPF_I_040 | BT41: =VLOOKUP(BS41,'Axe 2 Règles de gestion'!$D$2:$F$75,3, FALSE) -> L'agent peut utilisé compte personnel de formation pour compléter la préparation ou la réalisation de sa validation des acquis de l'expérience. | BU41: CPF_I_041 | BV41: =VLOOKUP(BU41,'Axe 2 Règles de gestion'!$D$2:$F$75,3, FALSE) -> L'agent peut utilisé son compte personnel de formation pour compléter la préparation ou la réalisation de son bilan de compétences. | BW41: CPF_I_044 | BX41: =VLOOKUP(BW41,'Axe 2 Règles de gestion'!$D$2:$F$75,3, FALSE) -> L'agent peut utiliser son compte personnel de formation pour compléter une décharge accordée pour suivre une action de préparation aux concours et examens. | BY41: CPF_I_062 | BZ41: =VLOOKUP(BY41,'Axe 2 Règles de gestion'!$D$2:$F$75,3, FALSE) -> L'agent peut utiliser son compte personnel de formation pour participer aux actions de préparation aux examens et concours administratifs et aux autres procédures de sélection.
A42: 25.10.00 | B42: M | C42: 45995.664 | D42: D0009 | E42: Formation | F42: S0147 | G42: Compte personnel d'activité | H42: E0816 | I42: Compte personnel de formation | L42: T2014 | M42: Compte personnel de formation - Alimentation | N42: Création Modification | Q42: Ouvrier des parcs et ateliers confirmé non affilié ou stagiaire | R42: P0185 | S42: O | T42: Particulier | U42: Exclu | V42: 42736 | W42: 45900
A43: 25.10.00 | B43: A | C43: 45995.664 | D43: D0009 | E43: Formation | F43: S0147 | G43: Compte personnel d'activité | H43: E0816 | I43: Compte personnel de formation | L43: T2014 | M43: Compte personnel de formation - Alimentation | N43: Création Modification | Q43: Ouvrier des parcs et ateliers confirmé non affilié ou stagiaire | R43: P0185 | S43: O | T43: Particulier | U43: Passant | V43: 45901 | X43: CPF_I_015 ET CPF_I_032 ET CPF_I_054 ET CPF_I_055 ET CPF_I_057 ET CPF_I_058 | Y43: CPF_I_015 | Z43: =VLOOKUP(Y43,'Axe 2 Règles de gestion'!$D$2:$F$75,3, FALSE) -> L'agent bénéficie des dispositions applicables aux agents ouvriers affiliés pour le compte personnel de formation. | AA43: CPF_I_032 | AB43: =VLOOKUP(AA43,'Axe 2 Règles de gestion'!$D$2:$F$75,3, FALSE) -> L'alimentation du compte s'effectue à la fin de chaque année. | AC43: CPF_I_054 | AD43: =VLOOKUP(AC43,'Axe 2 Règles de gestion'!$D$2:$F$75,3, FALSE) -> L'alimentation du compte personnel de formation s'effectue à hauteur de 25 heures maximum au titre de chaque année civile, dans la limite d'un plafond de 150 heures. | AE43: CPF_I_055 | AF43: =VLOOKUP(AE43,'Axe 2 Règles de gestion'!$D$2:$F$75,3, FALSE) -> L'agent de catégorie C qui n'a pas atteint un niveau de formation sanctionné par un diplôme de niveau 3 (certificat d'aptitude professionnelle, brevet d'études professionnelles) acquiert 50 heures maximum par année civile avec un plafond de 400 heures. | AG43: CPF_I_057 | AH43: =VLOOKUP(AG43,'Axe 2 Règles de gestion'!$D$2:$F$75,3, FALSE) -> Lorsque le projet d'évolution professionnelle vise à prévenir une situation d'inaptitude à l'exercice des fonctions, le crédit d'heures supplémentaires est limité à 150 heures. Il peut compléter, à la demande de l'agent, les droits acquis. | AI43: CPF_I_058 | AJ43: =VLOOKUP(AI43,'Axe 2 Règles de gestion'!$D$2:$F$75,3, FALSE) -> Pour justifier de ce crédit supplémentaire, l'agent présente un avis du médecin de prévention ou du travail attestant que son état de santé l'expose, compte tenu de ses conditions de travail, à un risque d'inaptitude à l'exercice de ses fonctions.
A44: 25.10.00 | B44: M | C44: 45995.665 | D44: D0009 | E44: Formation | F44: S0147 | G44: Compte personnel d'activité | H44: E0816 | I44: Compte personnel de formation | L44: T2015 | M44: Compte personnel de formation - Anticipation | N44: Création Modification | Q44: Ouvrier des parcs et ateliers confirmé non affilié ou stagiaire | R44: P0185 | S44: O | T44: Particulier | U44: Exclu | V44: 42736 | W44: 45900
A45: 25.10.00 | B45: A | C45: 45995.665 | D45: D0009 | E45: Formation | F45: S0147 | G45: Compte personnel d'activité | H45: E0816 | I45: Compte personnel de formation | L45: T2015 | M45: Compte personnel de formation - Anticipation | N45: Création Modification | Q45: Ouvrier des parcs et ateliers confirmé non affilié ou stagiaire | R45: P0185 | S45: O | T45: Particulier | U45: Passant | V45: 45901 | X45: CPF_I_015 ET CPF_I_056 | Y45: CPF_I_015 | Z45: =VLOOKUP(Y45,'Axe 2 Règles de gestion'!$D$2:$F$75,3, FALSE) -> L'agent bénéficie des dispositions applicables aux agents ouvriers affiliés pour le compte personnel de formation. | AA45: CPF_I_056 | AB45: =VLOOKUP(AA45,'Axe 2 Règles de gestion'!$D$2:$F$75,3, FALSE) -> Si la durée de la formation est supérieure aux droits acquis, l'agent peut avec l'accord de l'administration utiliser par anticipation des droits non encore acquis dans la limite de ceux qu'il pourrait acquérir au cours des 2 années civiles suivantes.
A46: 20.00.00 | B46: A | C46: 43923.697 | D46: D0009 | E46: Formation | F46: S0147 | G46: Compte personnel d'activité | H46: E0816 | I46: Compte personnel de formation | L46: T2013 | M46: Compte personnel de formation - Demande | N46: Création Modification | Q46: Ouvrier du service des alcools confirmé non affilié | R46: P0221 | S46: O | T46: Particulier | U46: Exclu | V46: 42736
A47: 20.00.00 | B47: A | C47: 43924.353 | D47: D0009 | E47: Formation | F47: S0147 | G47: Compte personnel d'activité | H47: E0816 | I47: Compte personnel de formation | L47: T2014 | M47: Compte personnel de formation - Alimentation | N47: Création Modification | Q47: Ouvrier du service des alcools confirmé non affilié | R47: P0221 | S47: O | T47: Particulier | U47: Exclu | V47: 42736
A48: 20.00.00 | B48: A | C48: 43924.358 | D48: D0009 | E48: Formation | F48: S0147 | G48: Compte personnel d'activité | H48: E0816 | I48: Compte personnel de formation | L48: T2015 | M48: Compte personnel de formation - Anticipation | N48: Création Modification | Q48: Ouvrier du service des alcools confirmé non affilié | R48: P0221 | S48: O | T48: Particulier | U48: Exclu | V48: 42736

Sheet Axe 1 Enchaînement RG Impact
A1: Version | B1: Type de mise à jour | C1: Date de mise à jour | D1: Identifiant Domaine | E1: Libellé du Domaine | F1: Identifiant Sous-domaine | G1: Libellé du Sous-domaine | H1: Identifiant Evénement | I1: Libellé de l'évènement | J1: Libellé condition déclenchement Evènement | K1: Condition déclenchement Evènement | L1: Identifiant type d'évènement | M1: Libellé type d'évènement | N1: Type de mise à jour | O1: Libellé condition déclenchement Type Evènement | P1: Condition déclenchement Type Evènement | Q1: Libellé Population | R1: Codification Population | S1: Typologie de population | T1: Général / Particulier | U1: Passant / Exclu | V1: Date de début | W1: Date de fin | X1: Impacts | Y1: Identifiant Impacts 1 | Z1: Libellé Impacts 1 | AA1: Identifiant Impacts 2 | AB1: Libellé Impacts 2 | AC1: Identifiant Impacts 3 | AD1: Libellé Impacts 3 | AE1: Identifiant Impacts 4 | AF1: Libellé Impacts 4 | AG1: Identifiant Impacts 5 | AH1: Libellé Impacts 5 | AI1: Identifiant Impacts 6 | AJ1: Libellé Impacts 6 | AK1: Identifiant Impacts 7 | AL1: Libellé Impacts 7 | AM1: Identifiant Impacts 8 | AN1: Libellé Impacts 8 | AO1: FIME | AP1: Statut de travail
A2: 20.00.00 | B2: A | C2: 43924.52 | D2: D0009 | E2: Formation | F2: S0147 | G2: Compte personnel d'activité | H2: E0816 | I2: Compte personnel de formation | L2: T2013 | M2: Compte personnel de formation - Demande | N2: Création Modification | Q2: Titulaire ou magistrat | R2: P0001 | S2: T | T2: Général | U2: Passant | V2: 42736 | X2: CPF_P_001 ET CPF_P_002 ET CPF_P_007 ET CPF_P_008 ET CPF_P_011 ET CPF_P_013 | Y2: CPF_P_001 | Z2: =VLOOKUP(Y2,'Axe 2 Règles de gestion'!$D$2:$F$75,3, FALSE) -> Rémunération : L'agent perçoit l'intégralité de sa rémunération quand les heures consacrées à la formation au titre du compte personnel de formation sont utilisées pendant le temps de service. | AA2: CPF_P_002 | AB2: =VLOOKUP(AA2,'Axe 2 Règles de gestion'!$D$2:$F$75,3, FALSE) -> Carrière : L'agent conserve ses droits à l'avancement d'échelon et à l'avancement de grade en totalité. Les heures consacrées à la formation au titre du compte personnel de formation pendant le temps de service constituent un temps de travail effectif. | AC2: CPF_P_007 | AD2: =VLOOKUP(AC2,'Axe 2 Règles de gestion'!$D$2:$F$75,3, FALSE) -> Congés annuels : L'agent conserve son droit à congé annuel. | AE2: CPF_P_008 | AF2: =VLOOKUP(AE2,'Axe 2 Règles de gestion'!$D$2:$F$75,3, FALSE) -> Congés maladie : L'agent conserve ses droits à congés de maladie ordinaire, de longue maladie, de longue durée, pour invalidité temporaire imputable au service. | AG2: CPF_P_011 | AH2: =VLOOKUP(AG2,'Axe 2 Règles de gestion'!$D$2:$F$75,3, FALSE) -> Retraite : Les heures consacrées à la formation au titre du compte personnel de formation sont considérées comme une période d'activité pour la retraite quand elles sont utilisées pendant le temps de service. | AI2: CPF_P_013 | AJ2: =VLOOKUP(AI2,'Axe 2 Règles de gestion'!$D$2:$F$75,3, FALSE) -> Acte : Aucun acte administratif n'est produit.
A3: 20.00.00 | B3: A | C3: 43923.679 | D3: D0009 | E3: Formation | F3: S0147 | G3: Compte personnel d'activité | H3: E0816 | I3: Compte personnel de formation | L3: T2014 | M3: Compte personnel de formation - Alimentation | N3: Création Modification | Q3: Titulaire ou magistrat | R3: P0001 | S3: T | T3: Général | U3: Passant | V3: 42736 | W3: 43830
A4: 20.00.00 | B4: A | C4: 43923.68 | D4: D0009 | E4: Formation | F4: S0147 | G4: Compte personnel d'activité | H4: E0816 | I4: Compte personnel de formation | L4: T2014 | M4: Compte personnel de formation - Alimentation | N4: Création Modification | Q4: Titulaire ou magistrat | R4: P0001 | S4: T | T4: Général | U4: Passant | V4: 43831
A5: 20.00.00 | B5: A | C5: 43923.686 | D5: D0009 | E5: Formation | F5: S0147 | G5: Compte personnel d'activité | H5: E0816 | I5: Compte personnel de formation | L5: T2015 | M5: Compte personnel de formation - Anticipation | N5: Création Modification | Q5: Titulaire ou magistrat | R5: P0001 | S5: T | T5: Général | U5: Passant | V5: 42736
A6: 20.00.00 | B6: A | C6: 43923.671 | D6: D0009 | E6: Formation | F6: S0147 | G6: Compte personnel d'activité | H6: E0816 | I6: Compte personnel de formation | L6: T2013 | M6: Compte personnel de formation - Demande | N6: Création Modification | Q6: Militaire | R6: P0002 | S6: M | T6: Général | U6: Exclu | V6: 42736
A7: 20.00.00 | B7: A | C7: 43923.672 | D7: D0009 | E7: Formation | F7: S0147 | G7: Compte personnel d'activité | H7: E0816 | I7: Compte personnel de formation | L7: T2014 | M7: Compte personnel de formation - Alimentation | N7: Création Modification | Q7: Militaire | R7: P0002 | S7: M | T7: Général | U7: Exclu | V7: 42736
A8: 20.00.00 | B8: A | C8: 43923.672 | D8: D0009 | E8: Formation | F8: S0147 | G8: Compte personnel d'activité | H8: E0816 | I8: Compte personnel de formation | L8: T2015 | M8: Compte personnel de formation - Anticipation | N8: Création Modification | Q8: Militaire | R8: P0002 | S8: M | T8: Général | U8: Exclu | V8: 42736
A9: 22.10.00 | B9: M | C9: 44832.708 | D9: D0009 | E9: Formation | F9: S0147 | G9: Compte personnel d'activité | H9: E0816 | I9: Compte personnel de formation | L9: T2013 | M9: Compte personnel de formation - Demande | N9: Création Modification | Q9: Contractuel | R9: P0003 | S9: N | T9: Général | U9: Passant | V9: 42736 | W9: 44677 | X9: CPF_P_001 ET CPF_P_004 ET CPF_P_007 ET CPF_P_009 ET CPF_P_011 ET CPF_P_013 | Y9: CPF_P_001 | Z9: =VLOOKUP(Y9,'Axe 2 Règles de gestion'!$D$2:$F$75,3, FALSE) -> Rémunération : L'agent perçoit l'intégralité de sa rémunération quand les heures consacrées à la formation au titre du compte personnel de formation sont utilisées pendant le temps de service. | AA9: CPF_P_004 | AB9: =VLOOKUP(AA9,'Axe 2 Règles de gestion'!$D$2:$F$75,3, FALSE) -> Carrière : Les heures consacrées à la formation au titre du compte personnel de formation pendant le temps de service constituent un temps de travail effectif. | AC9: CPF_P_007 | AD9: =VLOOKUP(AC9,'Axe 2 Règles de gestion'!$D$2:$F$75,3, FALSE) -> Congés annuels : L'agent conserve son droit à congé annuel. | AE9: CPF_P_009 | AF9: =VLOOKUP(AE9,'Axe 2 Règles de gestion'!$D$2:$F$75,3, FALSE) -> Congés maladie : L'agent conserve ses droits à congés de maladie ordinaire, de grave maladie, pour accident du travail ou maladie professionnelle. | AG9: CPF_P_011 | AH9: =VLOOKUP(AG9,'Axe 2 Règles de gestion'!$D$2:$F$75,3, FALSE) -> Retraite : Les heures consacrées à la formation au titre du compte personnel de formation sont considérées comme une période d'activité pour la retraite quand elles sont utilisées pendant le temps de service. | AI9: CPF_P_013 | AJ9: =VLOOKUP(AI9,'Axe 2 Règles de gestion'!$D$2:$F$75,3, FALSE) -> Acte : Aucun acte administratif n'est produit.
A10: 22.10.00 | B10: A | C10: 44832.708 | D10: D0009 | E10: Formation | F10: S0147 | G10: Compte personnel d'activité | H10: E0816 | I10: Compte personnel de formation | L10: T2013 | M10: Compte personnel de formation - Demande | N10: Création Modification | Q10: Contractuel | R10: P0003 | S10: N | T10: Général | U10: Passant | V10: 44678 | X10: CPF_P_001 ET CPF_P_004 ET CPF_P_007 ET CPF_P_009 ET CPF_P_011 ET CPF_P_013 | Y10: CPF_P_001 | Z10: =VLOOKUP(Y10,'Axe 2 Règles de gestion'!$D$2:$F$75,3, FALSE) -> Rémunération : L'agent perçoit l'intégralité de sa rémunération quand les heures consacrées à la formation au titre du compte personnel de formation sont utilisées pendant le temps de service. | AA10: CPF_P_004 | AB10: =VLOOKUP(AA10,'Axe 2 Règles de gestion'!$D$2:$F$75,3, FALSE) -> Carrière : Les heures consacrées à la formation au titre du compte personnel de formation pendant le temps de service constituent un temps de travail effectif. | AC10: CPF_P_007 | AD10: =VLOOKUP(AC10,'Axe 2 Règles de gestion'!$D$2:$F$75,3, FALSE) -> Congés annuels : L'agent conserve son droit à congé annuel. | AE10: CPF_P_009 | AF10: =VLOOKUP(AE10,'Axe 2 Règles de gestion'!$D$2:$F$75,3, FALSE) -> Congés maladie : L'agent conserve ses droits à congés de maladie ordinaire, de grave maladie, pour accident du travail ou maladie professionnelle. | AG10: CPF_P_011 | AH10: =VLOOKUP(AG10,'Axe 2 Règles de gestion'!$D$2:$F$75,3, FALSE) -> Retraite : Les heures consacrées à la formation au titre du compte personnel de formation sont considérées comme une période d'activité pour la retraite quand elles sont utilisées pendant le temps de service. | AI10: CPF_P_013 | AJ10: =VLOOKUP(AI10,'Axe 2 Règles de gestion'!$D$2:$F$75,3, FALSE) -> Acte : Aucun acte administratif n'est produit.
A11: 20.00.00 | B11: A | C11: 43928.397 | D11: D0009 | E11: Formation | F11: S0147 | G11: Compte personnel d'activité | H11: E0816 | I11: Compte personnel de formation | L11: T2014 | M11: Compte personnel de formation - Alimentation | N11: Création Modification | Q11: Contractuel | R11: P0003 | S11: N | T11: Général | U11: Passant | V11: 42736 | W11: 43830
A12: 20.00.00 | B12: A | C12: 43928.371 | D12: D0009 | E12: Formation | F12: S0147 | G12: Compte personnel d'activité | H12: E0816 | I12: Compte personnel de formation | L12: T2014 | M12: Compte personnel de formation - Alimentation | N12: Création Modification | Q12: Contractuel | R12: P0003 | S12: N | T12: Général | U12: Passant | V12: 43831
A13: 20.00.00 | B13: A | C13: 43923.687 | D13: D0009 | E13: Formation | F13: S0147 | G13: Compte personnel d'activité | H13: E0816 | I13: Compte personnel de formation | L13: T2015 | M13: Compte personnel de formation - Anticipation | N13: Création Modification | Q13: Contractuel | R13: P0003 | S13: N | T13: Général | U13: Passant | V13: 42736
A14: 20.00.00 | B14: A | C14: 43924.521 | D14: D0009 | E14: Formation | F14: S0147 | G14: Compte personnel d'activité | H14: E0816 | I14: Compte personnel de formation | L14: T2013 | M14: Compte personnel de formation - Demande | N14: Création Modification | Q14: Stagiaire ou auditeur ou élève | R14: P0004 | S14: S | T14: Général | U14: Passant | V14: 42736 | X14: CPF_P_001 ET CPF_P_003 ET CPF_P_005 ET CPF_P_006 ET CPF_P_007 ET CPF_P_008 ET CPF_P_011 ET CPF_P_013 | Y14: CPF_P_001 | Z14: =VLOOKUP(Y14,'Axe 2 Règles de gestion'!$D$2:$F$75,3, FALSE) -> Rémunération : L'agent perçoit l'intégralité de sa rémunération quand les heures consacrées à la formation au titre du compte personnel de formation sont utilisées pendant le temps de service. | AA14: CPF_P_003 | AB14: =VLOOKUP(AA14,'Axe 2 Règles de gestion'!$D$2:$F$75,3, FALSE) -> Carrière : L'agent conserve ses droits à l'avancement d'échelon en totalité. Les heures consacrées à la formation au titre du compte personnel de formation pendant le temps de service constituent un temps de travail effectif. | AC14: CPF_P_005 | AD14: =VLOOKUP(AC14,'Axe 2 Règles de gestion'!$D$2:$F$75,3, FALSE) -> Stage : Les heures consacrées à la formation au titre du compte personnel de formation pendant le temps de service sont comptabilisées comme temps de stage. | AE14: CPF_P_006 | AF14: =VLOOKUP(AE14,'Axe 2 Règles de gestion'!$D$2:$F$75,3, FALSE) -> Titularisation : Les heures consacrées à la formation au titre du compte personnel de formation ne décalent pas la date de titularisation. | AG14: CPF_P_007 | AH14: =VLOOKUP(AG14,'Axe 2 Règles de gestion'!$D$2:$F$75,3, FALSE) -> Congés annuels : L'agent conserve son droit à congé annuel. | AI14: CPF_P_008 | AJ14: =VLOOKUP(AI14,'Axe 2 Règles de gestion'!$D$2:$F$75,3, FALSE) -> Congés maladie : L'agent conserve ses droits à congés de maladie ordinaire, de longue maladie, de longue durée, pour invalidité temporaire imputable au service. | AK14: CPF_P_011 | AL14: =VLOOKUP(AK14,'Axe 2 Règles de gestion'!$D$2:$F$75,3, FALSE) -> Retraite : Les heures consacrées à la formation au titre du compte personnel de formation sont considérées comme une période d'activité pour la retraite quand elles sont utilisées pendant le temps de service. | AM14: CPF_P_013 | AN14: =VLOOKUP(AM14,'Axe 2 Règles de gestion'!$D$2:$F$75,3, FALSE) -> Acte : Aucun acte administratif n'est produit.
A15: 20.00.00 | B15: A | C15: 43923.683 | D15: D0009 | E15: Formation | F15: S0147 | G15: Compte personnel d'activité | H15: E0816 | I15: Compte personnel de formation | L15: T2014 | M15: Compte personnel de formation - Alimentation | N15: Création Modification | Q15: Stagiaire ou auditeur ou élève | R15: P0004 | S15: S | T15: Général | U15: Passant | V15: 42736 | W15: 43830
A16: 20.00.00 | B16: A | C16: 43923.683 | D16: D0009 | E16: Formation | F16: S0147 | G16: Compte personnel d'activité | H16: E0816 | I16: Compte personnel de formation | L16: T2014 | M16: Compte personnel de formation - Alimentation | N16: Création Modification | Q16: Stagiaire ou auditeur ou élève | R16: P0004 | S16: S | T16: Général | U16: Passant | V16: 43831
A17: 20.00.00 | B17: A | C17: 43923.689 | D17: D0009 | E17: Formation | F17: S0147 | G17: Compte personnel d'activité | H17: E0816 | I17: Compte personnel de formation | L17: T2015 | M17: Compte personnel de formation - Anticipation | N17: Création Modification | Q17: Stagiaire ou auditeur ou élève | R17: P0004 | S17: S | T17: Général | U17: Passant | V17: 42736
A18: 20.00.00 | B18: A | C18: 43924.523 | D18: D0009 | E18: Formation | F18: S0147 | G18: Compte personnel d'activité | H18: E0816 | I18: Compte personnel de formation | L18: T2013 | M18: Compte personnel de formation - Demande | N18: Création Modification | Q18: Ouvrier d'état | R18: P0005 | S18: O | T18: Général | U18: Passant | V18: 42736 | X18: CPF_P_001 ET CPF_P_004 ET CPF_P_007 ET CPF_P_010 ET CPF_P_012 ET CPF_P_013 | Y18: CPF_P_001 | Z18: =VLOOKUP(Y18,'Axe 2 Règles de gestion'!$D$2:$F$75,3, FALSE) -> Rémunération : L'agent perçoit l'intégralité de sa rémunération quand les heures consacrées à la formation au titre du compte personnel de formation sont utilisées pendant le temps de service. | AA18: CPF_P_004 | AB18: =VLOOKUP(AA18,'Axe 2 Règles de gestion'!$D$2:$F$75,3, FALSE) -> Carrière : Les heures consacrées à la formation au titre du compte personnel de formation pendant le temps de service constituent un temps de travail effectif. | AC18: CPF_P_007 | AD18: =VLOOKUP(AC18,'Axe 2 Règles de gestion'!$D$2:$F$75,3, FALSE) -> Congés annuels : L'agent conserve son droit à congé annuel. | AE18: CPF_P_010 | AF18: =VLOOKUP(AE18,'Axe 2 Règles de gestion'!$D$2:$F$75,3, FALSE) -> Congés maladie : L'agent conserve ses droits à congés de maladie ordinaire, de longue maladie, pour accident de service ou maladie professionnelle, de longue durée. | AG18: CPF_P_012 | AH18: =VLOOKUP(AG18,'Axe 2 Règles de gestion'!$D$2:$F$75,3, FALSE) -> Retraite : Les heures consacrées à la formation au titre du compte personnel de formation sont prises en compte pour la constitution du droit à pension et la liquidation de celle-ci quand elles sont utilisées pendant le temps de service. | AI18: CPF_P_013 | AJ18: =VLOOKUP(AI18,'Axe 2 Règles de gestion'!$D$2:$F$75,3, FALSE) -> Acte : Aucun acte administratif n'est produit.
A19: 20.00.00 | B19: A | C19: 43923.684 | D19: D0009 | E19: Formation | F19: S0147 | G19: Compte personnel d'activité | H19: E0816 | I19: Compte personnel de formation | L19: T2014 | M19: Compte personnel de formation - Alimentation | N19: Création Modification | Q19: Ouvrier d'état | R19: P0005 | S19: O | T19: Général | U19: Passant | V19: 42736 | W19: 43830
A20: 20.00.00 | B20: A | C20: 43923.685 | D20: D0009 | E20: Formation | F20: S0147 | G20: Compte personnel d'activité | H20: E0816 | I20: Compte personnel de formation | L20: T2014 | M20: Compte personnel de formation - Alimentation | N20: Création Modification | Q20: Ouvrier d'état | R20: P0005 | S20: O | T20: Général | U20: Passant | V20: 43831
A21: 20.00.00 | B21: A | C21: 43923.69 | D21: D0009 | E21: Formation | F21: S0147 | G21: Compte personnel d'activité | H21: E0816 | I21: Compte personnel de formation | L21: T2015 | M21: Compte personnel de formation - Anticipation | N21: Création Modification | Q21: Ouvrier d'état | R21: P0005 | S21: O | T21: Général | U21: Passant | V21: 42736
A22: 20.00.00 | B22: A | C22: 43923.694 | D22: D0009 | E22: Formation | F22: S0147 | G22: Compte personnel d'activité | H22: E0816 | I22: Compte personnel de formation | L22: T2013 | M22: Compte personnel de formation - Demande | N22: Création Modification | Q22: Magistrat de l'ordre judiciaire | R22: P0007 | S22: T | T22: Particulier | U22: Exclu | V22: 42736
A23: 20.00.00 | B23: A | C23: 43923.699 | D23: D0009 | E23: Formation | F23: S0147 | G23: Compte personnel d'activité | H23: E0816 | I23: Compte personnel de formation | L23: T2014 | M23: Compte personnel de formation - Alimentation | N23: Création Modification | Q23: Magistrat de l'ordre judiciaire | R23: P0007 | S23: T | T23: Particulier | U23: Exclu | V23: 42736
A24: 20.00.00 | B24: A | C24: 43924.354 | D24: D0009 | E24: Formation | F24: S0147 | G24: Compte personnel d'activité | H24: E0816 | I24: Compte personnel de formation | L24: T2015 | M24: Compte personnel de formation - Anticipation | N24: Création Modification | Q24: Magistrat de l'ordre judiciaire | R24: P0007 | S24: T | T24: Particulier | U24: Exclu | V24: 42736
A25: 20.00.00 | B25: A | C25: 43923.694 | D25: D0009 | E25: Formation | F25: S0147 | G25: Compte personnel d'activité | H25: E0816 | I25: Compte personnel de formation | L25: T2013 | M25: Compte personnel de formation - Demande | N25: Création Modification | Q25: Auditeur de justice | R25: P0009 | S25: S | T25: Particulier | U25: Exclu | V25: 42736
A26: 20.00.00 | B26: A | C26: 43923.699 | D26: D0009 | E26: Formation | F26: S0147 | G26: Compte personnel d'activité | H26: E0816 | I26: Compte personnel de formation | L26: T2014 | M26: Compte personnel de formation - Alimentation | N26: Création Modification | Q26: Auditeur de justice | R26: P0009 | S26: S | T26: Particulier | U26: Exclu | V26: 42736
A27: 20.00.00 | B27: A | C27: 43924.356 | D27: D0009 | E27: Formation | F27: S0147 | G27: Compte personnel d'activité | H27: E0816 | I27: Compte personnel de formation | L27: T2015 | M27: Compte personnel de formation - Anticipation | N27: Création Modification | Q27: Auditeur de justice | R27: P0009 | S27: S | T27: Particulier | U27: Exclu | V27: 42736
A28: 20.00.00 | B28: A | C28: 43923.694 | D28: D0009 | E28: Formation | F28: S0147 | G28: Compte personnel d'activité | H28: E0816 | I28: Compte personnel de formation | L28: T2013 | M28: Compte personnel de formation - Demande | N28: Création Modification | Q28: Conseiller ou avocat général à la Cour de cassation en service extraordinaire | R28: P0046 | S28: N | T28: Particulier | U28: Exclu | V28: 42736
A29: 20.00.00 | B29: A | C29: 43923.699 | D29: D0009 | E29: Formation | F29: S0147 | G29: Compte personnel d'activité | H29: E0816 | I29: Compte personnel de formation | L29: T2014 | M29: Compte personnel de formation - Alimentation | N29: Création Modification | Q29: Conseiller ou avocat général à la Cour de cassation en service extraordinaire | R29: P0046 | S29: N | T29: Particulier | U29: Exclu | V29: 42736
A30: 20.00.00 | B30: A | C30: 43924.356 | D30: D0009 | E30: Formation | F30: S0147 | G30: Compte personnel d'activité | H30: E0816 | I30: Compte personnel de formation | L30: T2015 | M30: Compte personnel de formation - Anticipation | N30: Création Modification | Q30: Conseiller ou avocat général à la Cour de cassation en service extraordinaire | R30: P0046 | S30: N | T30: Particulier | U30: Exclu | V30: 42736
A31: 20.00.00 | B31: A | C31: 43923.695 | D31: D0009 | E31: Formation | F31: S0147 | G31: Compte personnel d'activité | H31: E0816 | I31: Compte personnel de formation | L31: T2013 | M31: Compte personnel de formation - Demande | N31: Création Modification | Q31: Personnel civil payé à l'acte ou à la tâche | R31: P0054 | S31: N | T31: Particulier | U31: Exclu | V31: 42736
... A39: 20.00.00 | B39: A | C39: 43924.358 | D39: D0009 | E39: Formation | F39: S0147 | G39: Compte personnel d'activité | H39: E0816 | I39: Compte personnel de formation | L39: T2015 | M39: Compte personnel de formation - Anticipation | N39: Création Modification | Q39: Ouvrier de la défense auxiliaire non affilié ou temporaire non mensualisé | R39: P0182 | S39: O | T39: Particulier | U39: Exclu | V39: 42736
A40: 25.10.00 | B40: M | C40: 45995.663 | D40: D0009 | E40: Formation | F40: S0147 | G40: Compte personnel d'activité | H40: E0816 | I40: Compte personnel de formation | L40: T2013 | M40: Compte personnel de formation - Demande | N40: Création Modification | Q40: Ouvrier des parcs et ateliers confirmé non affilié ou stagiaire | R40: P0185 | S40: O | T40: Particulier | U40: Exclu | V40: 42736 | W40: 45900
A41: 25.10.00 | B41: A | C41: 45995.663 | D41: D0009 | E41: Formation | F41: S0147 | G41: Compte personnel d'activité | H41: E0816 | I41: Compte personnel de formation | L41: T2013 | M41: Compte personnel de formation - Demande | N41: Création Modification | Q41: Ouvrier des parcs et ateliers confirmé non affilié ou stagiaire | R41: P0185 | S41: O | T41: Particulier | U41: Passant | V41: 45901
A42: 25.10.00 | B42: M | C42: 45995.664 | D42: D0009 | E42: Formation | F42: S0147 | G42: Compte personnel d'activité | H42: E0816 | I42: Compte personnel de formation | L42: T2014 | M42: Compte personnel de formation - Alimentation | N42: Création Modification | Q42: Ouvrier des parcs et ateliers confirmé non affilié ou stagiaire | R42: P0185 | S42: O | T42: Particulier | U42: Exclu | V42: 42736 | W42: 45900
A43: 25.10.00 | B43: A | C43: 45995.664 | D43: D0009 | E43: Formation | F43: S0147 | G43: Compte personnel d'activité | H43: E0816 | I43: Compte personnel de formation | L43: T2014 | M43: Compte personnel de formation - Alimentation | N43: Création Modification | Q43: Ouvrier des parcs et ateliers confirmé non affilié ou stagiaire | R43: P0185 | S43: O | T43: Particulier | U43: Passant | V43: 45901
A44: 25.10.00 | B44: M | C44: 45995.665 | D44: D0009 | E44: Formation | F44: S0147 | G44: Compte personnel d'activité | H44: E0816 | I44: Compte personnel de formation | L44: T2015 | M44: Compte personnel de formation - Anticipation | N44: Création Modification | Q44: Ouvrier des parcs et ateliers confirmé non affilié ou stagiaire | R44: P0185 | S44: O | T44: Particulier | U44: Exclu | V44: 42736 | W44: 45900
A45: 25.10.00 | B45: A | C45: 45995.665 | D45: D0009 | E45: Formation | F45: S0147 | G45: Compte personnel d'activité | H45: E0816 | I45: Compte personnel de formation | L45: T2015 | M45: Compte personnel de formation - Anticipation | N45: Création Modification | Q45: Ouvrier des parcs et ateliers confirmé non affilié ou stagiaire | R45: P0185 | S45: O | T45: Particulier | U45: Passant | V45: 45901
A46: 20.00.00 | B46: A | C46: 43923.697 | D46: D0009 | E46: Formation | F46: S0147 | G46: Compte personnel d'activité | H46: E0816 | I46: Compte personnel de formation | L46: T2013 | M46: Compte personnel de formation - Demande | N46: Création Modification | Q46: Ouvrier du service des alcools confirmé non affilié | R46: P0221 | S46: O | T46: Particulier | U46: Exclu | V46: 42736
A47: 20.00.00 | B47: A | C47: 43924.353 | D47: D0009 | E47: Formation | F47: S0147 | G47: Compte personnel d'activité | H47: E0816 | I47: Compte personnel de formation | L47: T2014 | M47: Compte personnel de formation - Alimentation | N47: Création Modification | Q47: Ouvrier du service des alcools confirmé non affilié | R47: P0221 | S47: O | T47: Particulier | U47: Exclu | V47: 42736
A48: 20.00.00 | B48: A | C48: 43924.358 | D48: D0009 | E48: Formation | F48: S0147 | G48: Compte personnel d'activité | H48: E0816 | I48: Compte personnel de formation | L48: T2015 | M48: Compte personnel de formation - Anticipation | N48: Création Modification | Q48: Ouvrier du service des alcools confirmé non affilié | R48: P0221 | S48: O | T48: Particulier | U48: Exclu | V48: 42736

Sheet Axe 1 Rattachement des actes
A1: Version | B1: Type de mise à jour | C1: Date de mise à jour | D1: Identifiant Domaine | E1: Libellé du Domaine | F1: Identifiant Sous-domaine | G1: Libellé du Sous-domaine | H1: Identifiant Evénement | I1: Libellé de l'évènement | J1: Libellé condition déclenchement Evènement | K1: Condition déclenchement Evènement | L1: Identifiant type d'évènement | M1: Libellé type d'évènement | N1: Type de mise à jour | O1: Libellé condition déclenchement Type Evènement | P1: Condition déclenchement Type Evènement | Q1: Libellé Population | R1: Codification Population | S1: Général / Particulier | T1: Passant / Exclu | U1: Date de début | V1: Date de fin | W1: Libellé condition de déclenchement 1 | X1: Condition de déclenchement 1 | Y1: Code nature 1 | Z1: Libellé nature 1 | AA1: Libellé condition de déclenchement 2 | AB1: Condition de déclenchement 2 | AC1: Code nature 2 | AD1: Libellé nature 2 | AE1: Libellé condition de déclenchement 3 | AF1: Condition de déclenchement 3 | AG1: Code nature 3 | AH1: Libellé nature 3 | AI1: Libellé condition de déclenchement 4 | AJ1: Condition de déclenchement 4 | AK1: Code nature 4 | AL1: Libellé nature 4 | AM1: Commentaire | AN1: FIME | AO1: Statut de travail
A2: 20.00.00 | B2: A | C2: 43924.52 | D2: D0009 | E2: Formation | F2: S0147 | G2: Compte personnel d'activité | H2: E0816 | I2: Compte personnel de formation | L2: T2013 | M2: Compte personnel de formation - Demande | N2: Création Modification | Q2: Titulaire ou magistrat | R2: P0001 | S2: Général | T2: Passant | U2: 42736
A3: 20.00.00 | B3: A | C3: 43923.679 | D3: D0009 | E3: Formation | F3: S0147 | G3: Compte personnel d'activité | H3: E0816 | I3: Compte personnel de formation | L3: T2014 | M3: Compte personnel de formation - Alimentation | N3: Création Modification | Q3: Titulaire ou magistrat | R3: P0001 | S3: Général | T3: Passant | U3: 42736 | V3: 43830
A4: 20.00.00 | B4: A | C4: 43923.68 | D4: D0009 | E4: Formation | F4: S0147 | G4: Compte personnel d'activité | H4: E0816 | I4: Compte personnel de formation | L4: T2014 | M4: Compte personnel de formation - Alimentation | N4: Création Modification | Q4: Titulaire ou magistrat | R4: P0001 | S4: Général | T4: Passant | U4: 43831
A5: 20.00.00 | B5: A | C5: 43923.686 | D5: D0009 | E5: Formation | F5: S0147 | G5: Compte personnel d'activité | H5: E0816 | I5: Compte personnel de formation | L5: T2015 | M5: Compte personnel de formation - Anticipation | N5: Création Modification | Q5: Titulaire ou magistrat | R5: P0001 | S5: Général | T5: Passant | U5: 42736
A6: 20.00.00 | B6: A | C6: 43923.671 | D6: D0009 | E6: Formation | F6: S0147 | G6: Compte personnel d'activité | H6: E0816 | I6: Compte personnel de formation | L6: T2013 | M6: Compte personnel de formation - Demande | N6: Création Modification | Q6: Militaire | R6: P0002 | S6: Général | T6: Exclu | U6: 42736
A7: 20.00.00 | B7: A | C7: 43923.672 | D7: D0009 | E7: Formation | F7: S0147 | G7: Compte personnel d'activité | H7: E0816 | I7: Compte personnel de formation | L7: T2014 | M7: Compte personnel de formation - Alimentation | N7: Création Modification | Q7: Militaire | R7: P0002 | S7: Général | T7: Exclu | U7: 42736
A8: 20.00.00 | B8: A | C8: 43923.672 | D8: D0009 | E8: Formation | F8: S0147 | G8: Compte personnel d'activité | H8: E0816 | I8: Compte personnel de formation | L8: T2015 | M8: Compte personnel de formation - Anticipation | N8: Création Modification | Q8: Militaire | R8: P0002 | S8: Général | T8: Exclu | U8: 42736
A9: 22.10.00 | B9: M | C9: 44832.708 | D9: D0009 | E9: Formation | F9: S0147 | G9: Compte personnel d'activité | H9: E0816 | I9: Compte personnel de formation | L9: T2013 | M9: Compte personnel de formation - Demande | N9: Création Modification | Q9: Contractuel | R9: P0003 | S9: Général | T9: Passant | U9: 42736 | V9: 44677
A10: 22.10.00 | B10: A | C10: 44832.708 | D10: D0009 | E10: Formation | F10: S0147 | G10: Compte personnel d'activité | H10: E0816 | I10: Compte personnel de formation | L10: T2013 | M10: Compte personnel de formation - Demande | N10: Création Modification | Q10: Contractuel | R10: P0003 | S10: Général | T10: Passant | U10: 27/04/2022
A11: 20.00.00 | B11: A | C11: 43928.397 | D11: D0009 | E11: Formation | F11: S0147 | G11: Compte personnel d'activité | H11: E0816 | I11: Compte personnel de formation | L11: T2014 | M11: Compte personnel de formation - Alimentation | N11: Création Modification | Q11: Contractuel | R11: P0003 | S11: Général | T11: Passant | U11: 42736 | V11: 43830
A12: 20.00.00 | B12: A | C12: 43928.371 | D12: D0009 | E12: Formation | F12: S0147 | G12: Compte personnel d'activité | H12: E0816 | I12: Compte personnel de formation | L12: T2014 | M12: Compte personnel de formation - Alimentation | N12: Création Modification | Q12: Contractuel | R12: P0003 | S12: Général | T12: Passant | U12: 43831
A13: 20.00.00 | B13: A | C13: 43923.687 | D13: D0009 | E13: Formation | F13: S0147 | G13: Compte personnel d'activité | H13: E0816 | I13: Compte personnel de formation | L13: T2015 | M13: Compte personnel de formation - Anticipation | N13: Création Modification | Q13: Contractuel | R13: P0003 | S13: Général | T13: Passant | U13: 42736
A14: 20.00.00 | B14: A | C14: 43924.521 | D14: D0009 | E14: Formation | F14: S0147 | G14: Compte personnel d'activité | H14: E0816 | I14: Compte personnel de formation | L14: T2013 | M14: Compte personnel de formation - Demande | N14: Création Modification | Q14: Stagiaire ou auditeur ou élève | R14: P0004 | S14: Général | T14: Passant | U14: 42736
A15: 20.00.00 | B15: A | C15: 43923.683 | D15: D0009 | E15: Formation | F15: S0147 | G15: Compte personnel d'activité | H15: E0816 | I15: Compte personnel de formation | L15: T2014 | M15: Compte personnel de formation - Alimentation | N15: Création Modification | Q15: Stagiaire ou auditeur ou élève | R15: P0004 | S15: Général | T15: Passant | U15: 42736 | V15: 43830
A16: 20.00.00 | B16: A | C16: 43923.683 | D16: D0009 | E16: Formation | F16: S0147 | G16: Compte personnel d'activité | H16: E0816 | I16: Compte personnel de formation | L16: T2014 | M16: Compte personnel de formation - Alimentation | N16: Création Modification | Q16: Stagiaire ou auditeur ou élève | R16: P0004 | S16: Général | T16: Passant | U16: 43831
A17: 20.00.00 | B17: A | C17: 43923.689 | D17: D0009 | E17: Formation | F17: S0147 | G17: Compte personnel d'activité | H17: E0816 | I17: Compte personnel de formation | L17: T2015 | M17: Compte personnel de formation - Anticipation | N17: Création Modification | Q17: Stagiaire ou auditeur ou élève | R17: P0004 | S17: Général | T17: Passant | U17: 42736
A18: 20.00.00 | B18: A | C18: 43924.523 | D18: D0009 | E18: Formation | F18: S0147 | G18: Compte personnel d'activité | H18: E0816 | I18: Compte personnel de formation | L18: T2013 | M18: Compte personnel de formation - Demande | N18: Création Modification | Q18: Ouvrier d'état | R18: P0005 | S18: Général | T18: Passant | U18: 42736
A19: 20.00.00 | B19: A | C19: 43923.684 | D19: D0009 | E19: Formation | F19: S0147 | G19: Compte personnel d'activité | H19: E0816 | I19: Compte personnel de formation | L19: T2014 | M19: Compte personnel de formation - Alimentation | N19: Création Modification | Q19: Ouvrier d'état | R19: P0005 | S19: Général | T19: Passant | U19: 42736 | V19: 43830
A20: 20.00.00 | B20: A | C20: 43923.685 | D20: D0009 | E20: Formation | F20: S0147 | G20: Compte personnel d'activité | H20: E0816 | I20: Compte personnel de formation | L20: T2014 | M20: Compte personnel de formation - Alimentation | N20: Création Modification | Q20: Ouvrier d'état | R20: P0005 | S20: Général | T20: Passant | U20: 43831
A21: 20.00.00 | B21: A | C21: 43923.69 | D21: D0009 | E21: Formation | F21: S0147 | G21: Compte personnel d'activité | H21: E0816 | I21: Compte personnel de formation | L21: T2015 | M21: Compte personnel de formation - Anticipation | N21: Création Modification | Q21: Ouvrier d'état | R21: P0005 | S21: Général | T21: Passant | U21: 42736
A22: 20.00.00 | B22: A | C22: 43923.694 | D22: D0009 | E22: Formation | F22: S0147 | G22: Compte personnel d'activité | H22: E0816 | I22: Compte personnel de formation | L22: T2013 | M22: Compte personnel de formation - Demande | N22: Création Modification | Q22: Magistrat de l'ordre judiciaire | R22: P0007 | S22: Particulier | T22: Exclu | U22: 42736
A23: 20.00.00 | B23: A | C23: 43923.699 | D23: D0009 | E23: Formation | F23: S0147 | G23: Compte personnel d'activité | H23: E0816 | I23: Compte personnel de formation | L23: T2014 | M23: Compte personnel de formation - Alimentation | N23: Création Modification | Q23: Magistrat de l'ordre judiciaire | R23: P0007 | S23: Particulier | T23: Exclu | U23: 42736
A24: 20.00.00 | B24: A | C24: 43924.354 | D24: D0009 | E24: Formation | F24: S0147 | G24: Compte personnel d'activité | H24: E0816 | I24: Compte personnel de formation | L24: T2015 | M24: Compte personnel de formation - Anticipation | N24: Création Modification | Q24: Magistrat de l'ordre judiciaire | R24: P0007 | S24: Particulier | T24: Exclu | U24: 42736
A25: 20.00.00 | B25: A | C25: 43923.694 | D25: D0009 | E25: Formation | F25: S0147 | G25: Compte personnel d'activité | H25: E0816 | I25: Compte personnel de formation | L25: T2013 | M25: Compte personnel de formation - Demande | N25: Création Modification | Q25: Auditeur de justice | R25: P0009 | S25: Particulier | T25: Exclu | U25: 42736
A26: 20.00.00 | B26: A | C26: 43923.699 | D26: D0009 | E26: Formation | F26: S0147 | G26: Compte personnel d'activité | H26: E0816 | I26: Compte personnel de formation | L26: T2014 | M26: Compte personnel de formation - Alimentation | N26: Création Modification | Q26: Auditeur de justice | R26: P0009 | S26: Particulier | T26: Exclu | U26: 42736
A27: 20.00.00 | B27: A | C27: 43924.356 | D27: D0009 | E27: Formation | F27: S0147 | G27: Compte personnel d'activité | H27: E0816 | I27: Compte personnel de formation | L27: T2015 | M27: Compte personnel de formation - Anticipation | N27: Création Modification | Q27: Auditeur de justice | R27: P0009 | S27: Particulier | T27: Exclu | U27: 42736
A28: 20.00.00 | B28: A | C28: 43923.694 | D28: D0009 | E28: Formation | F28: S0147 | G28: Compte personnel d'activité | H28: E0816 | I28: Compte personnel de formation | L28: T2013 | M28: Compte personnel de formation - Demande | N28: Création Modification | Q28: Conseiller ou avocat général à la Cour de cassation en service extraordinaire | R28: P0046 | S28: Particulier | T28: Exclu | U28: 42736
A29: 20.00.00 | B29: A | C29: 43923.699 | D29: D0009 | E29: Formation | F29: S0147 | G29: Compte personnel d'activité | H29: E0816 | I29: Compte personnel de formation | L29: T2014 | M29: Compte personnel de formation - Alimentation | N29: Création Modification | Q29: Conseiller ou avocat général à la Cour de cassation en service extraordinaire | R29: P0046 | S29: Particulier | T29: Exclu | U29: 42736
A30: 20.00.00 | B30: A | C30: 43924.356 | D30: D0009 | E30: Formation | F30: S0147 | G30: Compte personnel d'activité | H30: E0816 | I30: Compte personnel de formation | L30: T2015 | M30: Compte personnel de formation - Anticipation | N30: Création Modification | Q30: Conseiller ou avocat général à la Cour de cassation en service extraordinaire | R30: P0046 | S30: Particulier | T30: Exclu | U30: 42736
A31: 20.00.00 | B31: A | C31: 43923.695 | D31: D0009 | E31: Formation | F31: S0147 | G31: Compte personnel d'activité | H31: E0816 | I31: Compte personnel de formation | L31: T2013 | M31: Compte personnel de formation - Demande | N31: Création Modification | Q31: Personnel civil payé à l'acte ou à la tâche | R31: P0054 | S31: Particulier | T31: Exclu | U31: 42736
... A39: 20.00.00 | B39: A | C39: 43924.358 | D39: D0009 | E39: Formation | F39: S0147 | G39: Compte personnel d'activité | H39: E0816 | I39: Compte personnel de formation | L39: T2015 | M39: Compte personnel de formation - Anticipation | N39: Création Modification | Q39: Ouvrier de la défense auxiliaire non affilié ou temporaire non mensualisé | R39: P0182 | S39: Particulier | T39: Exclu | U39: 42736
A40: 25.10.00 | B40: M | C40: 45995.663 | D40: D0009 | E40: Formation | F40: S0147 | G40: Compte personnel d'activité | H40: E0816 | I40: Compte personnel de formation | L40: T2013 | M40: Compte personnel de formation - Demande | N40: Création Modification | Q40: Ouvrier des parcs et ateliers confirmé non affilié ou stagiaire | R40: P0185 | S40: Particulier | T40: Exclu | U40: 42736 | V40: 45900
A41: 25.10.00 | B41: A | C41: 45995.663 | D41: D0009 | E41: Formation | F41: S0147 | G41: Compte personnel d'activité | H41: E0816 | I41: Compte personnel de formation | L41: T2013 | M41: Compte personnel de formation - Demande | N41: Création Modification | Q41: Ouvrier des parcs et ateliers confirmé non affilié ou stagiaire | R41: P0185 | S41: Particulier | T41: Passant | U41: 45666
A42: 25.10.00 | B42: M | C42: 45995.664 | D42: D0009 | E42: Formation | F42: S0147 | G42: Compte personnel d'activité | H42: E0816 | I42: Compte personnel de formation | L42: T2014 | M42: Compte personnel de formation - Alimentation | N42: Création Modification | Q42: Ouvrier des parcs et ateliers confirmé non affilié ou stagiaire | R42: P0185 | S42: Particulier | T42: Exclu | U42: 42736 | V42: 45900
A43: 25.10.00 | B43: A | C43: 45995.664 | D43: D0009 | E43: Formation | F43: S0147 | G43: Compte personnel d'activité | H43: E0816 | I43: Compte personnel de formation | L43: T2014 | M43: Compte personnel de formation - Alimentation | N43: Création Modification | Q43: Ouvrier des parcs et ateliers confirmé non affilié ou stagiaire | R43: P0185 | S43: Particulier | T43: Passant | U43: 45666
A44: 25.10.00 | B44: M | C44: 45995.665 | D44: D0009 | E44: Formation | F44: S0147 | G44: Compte personnel d'activité | H44: E0816 | I44: Compte personnel de formation | L44: T2015 | M44: Compte personnel de formation - Anticipation | N44: Création Modification | Q44: Ouvrier des parcs et ateliers confirmé non affilié ou stagiaire | R44: P0185 | S44: Particulier | T44: Exclu | U44: 42736 | V44: 45900
A45: 25.10.00 | B45: A | C45: 45995.665 | D45: D0009 | E45: Formation | F45: S0147 | G45: Compte personnel d'activité | H45: E0816 | I45: Compte personnel de formation | L45: T2015 | M45: Compte personnel de formation - Anticipation | N45: Création Modification | Q45: Ouvrier des parcs et ateliers confirmé non affilié ou stagiaire | R45: P0185 | S45: Particulier | T45: Passant | U45: 45666
A46: 20.00.00 | B46: A | C46: 43923.697 | D46: D0009 | E46: Formation | F46: S0147 | G46: Compte personnel d'activité | H46: E0816 | I46: Compte personnel de formation | L46: T2013 | M46: Compte personnel de formation - Demande | N46: Création Modification | Q46: Ouvrier du service des alcools confirmé non affilié | R46: P0221 | S46: Particulier | T46: Exclu | U46: 42736
A47: 20.00.00 | B47: A | C47: 43924.353 | D47: D0009 | E47: Formation | F47: S0147 | G47: Compte personnel d'activité | H47: E0816 | I47: Compte personnel de formation | L47: T2014 | M47: Compte personnel de formation - Alimentation | N47: Création Modification | Q47: Ouvrier du service des alcools confirmé non affilié | R47: P0221 | S47: Particulier | T47: Exclu | U47: 42736
A48: 20.00.00 | B48: A | C48: 43924.358 | D48: D0009 | E48: Formation | F48: S0147 | G48: Compte personnel d'activité | H48: E0816 | I48: Compte personnel de formation | L48: T2015 | M48: Compte personnel de formation - Anticipation | N48: Création Modification | Q48: Ouvrier du service des alcools confirmé non affilié | R48: P0221 | S48: Particulier | T48: Exclu | U48: 42736

Sheet Axe 2 Règles de gestion
A1: Version | B1: Type de mise à jour | C1: Date de mise à jour | D1: Code de la règle | E1: Type de règle | F1: Règle littérale | G1: Références juridiques | H1: Date de début | I1: Date de fin | J1: Condition | K1: Articulation | L1: Type de contrôle | M1: Commentaire | N1: Typage RG exclusion | O1: Typage RG condition | P1: Typage RG contrôle | Q1: Typage RG intellectuel | R1: Typage RG impact | S1: FIME | T1: Statut de travail | U1: Règle retenue | V1: Expression littérale
A2: 22.00.00 | B2: M | C2: 44705.522 | D2: CPF_I_001 | E2: Intellectuel | F2: L'agent ne peut utiliser son compte personnel de formation que pour accéder à une qualification ou développer ses compétences dans le cadre d'un projet d'évolution professionnelle. | G2: Code général de la fonction publique L422-4 | L422-8 | H2: 42736 | L2: Non Bloquant | Q2: P0001 / P0004 - E0816 | U2: x | V2: L'agent ne peut utiliser son compte personnel de formation que pour accéder à une qualification ou développer ses compétences dans le cadre d'un projet d'évolution professionnelle.
A3: 22.00.00 | B3: M | C3: 44705.52 | D3: CPF_I_002 | E3: Intellectuel | F3: L'agent utilise les heures acquises sur son compte pour suivre des actions de formation. | G3: Code général de la fonction publique L422-9 | H3: 42736 | L3: Non Bloquant | Q3: P0001 / P0004 - E0816 | U3: x | V3: L'agent utilise les heures acquises sur son compte pour suivre des actions de formation.
A4: 22.00.00 | B4: M | C4: 44705.59 | D4: CPF_I_003 | E4: Intellectuel | F4: L'agent doit faire une demande. | G4: Code général de la fonction publique L422-9 | H4: 42736 | L4: Non Bloquant | Q4: P0001 / P0004 - E0816 | U4: x | V4: L'agent doit faire une demande.
A5: 22.00.00 | B5: M | C5: 44705.591 | D5: CPF_I_004 | E5: Intellectuel | F5: L'administration doit donner son accord. | G5: Code général de la fonction publique L422-9 | H5: 42736 | L5: Non Bloquant | Q5: P0001 / P0004 - E0816 | U5: x | V5: L'administration doit donner son accord.
A6: 22.00.00 | B6: M | C6: 44705.592 | D6: CPF_I_005 | E6: Intellectuel | F6: L'agent doit suivre la formation, en priorité, pendant son temps de travail. | G6: Code général de la fonction publique L422-9 | H6: 42736 | L6: Non Bloquant | Q6: P0001 / P0004 - E0816 | U6: x | V6: L'agent doit suivre la formation, en priorité, pendant son temps de travail.
A7: 22.00.00 | B7: M | C7: 44705.594 | D7: CPF_I_006 | E7: Intellectuel | F7: L'administration doit motiver son refus à une demande. | G7: Code général de la fonction publique L422-11 | H7: 42736 | L7: Non Bloquant | Q7: P0001 / P0004 - E0816 | U7: x | V7: L'administration doit motiver son refus à une demande.
A8: 22.00.00 | B8: M | C8: 44705.596 | D8: CPF_I_007 | E8: Intellectuel | F8: L'agent peut contester le refus devant l'instance paritaire compétente. | G8: Code général de la fonction publique L422-11 | H8: 42736 | L8: Non Bloquant | Q8: P0001 / P0004 - E0816 | U8: x | V8: L'agent peut contester le refus devant l'instance paritaire compétente.
A9: 22.00.00 | B9: M | C9: 44715.662 | D9: CPF_I_008 | E9: Intellectuel | F9: L'administration ne peut refuser une demande relevant du socle de connaissances et compétences que toute personne doit maîtriser afin de favoriser son accès à la formation professionnelle et son insertion professionnelle. | G9: Code général de la fonction publique L422-12 / Code du travail L6121-2 | D6113-2 | H9: 42736 | L9: Non Bloquant | Q9: P0001 / P0004 - E0816 | U9: x | V9: L'administration ne peut refuser une demande relevant du socle de connaissances et compétences que toute personne doit maîtriser afin de favoriser son accès à la formation professionnelle et son insertion professionnelle.
A10: 22.00.00 | B10: M | C10: 44715.662 | D10: CPF_I_009 | E10: Intellectuel | F10: Cependant l'administration peut différer le suivi d'une formation relevant du socle de connaissances et compétences dans l'année qui suit la demande. | G10: Code général de la fonction publique L422-12 / Code du travail L6121-2 | D6113-2 | H10: 42736 | L10: Non Bloquant | Q10: P0001 / P0004 - E0816 | U10: x | V10: Cependant l'administration peut différer le suivi d'une formation relevant du socle de connaissances et compétences dans l'année qui suit la demande.
A11: 22.00.00 | B11: M | C11: 44705.599 | D11: CPF_I_010 | E11: Intellectuel | F11: Si une demande a été refusée pendant 2 années consécutives, l'administration ne peut refuser une 3ème demande portant sur une action de formation de même nature qu'après avis de l'instance paritaire compétente. | G11: Code général de la fonction publique L422-13 | H11: 42736 | L11: Non Bloquant | Q11: P0001 / P0004 - E0816 | U11: x | V11: Si une demande a été refusée pendant 2 années consécutives, l'administration ne peut refuser une 3ème demande portant sur une action de formation de même nature qu'après avis de l'instance paritaire compétente.
A12: 22.00.00 | B12: M | C12: 44705.613 | D12: CPF_I_011 | E12: Intellectuel | F12: L'alimentation du compte s'effectue à la fin de chaque année. | G12: Code général de la fonction publique L422-14 | H12: 42736 | L12: Non Bloquant | Q12: P0001 / P0004 - E0816 | U12: x | V12: L'alimentation du compte s'effectue à la fin de chaque année.
A13: 20.00.00 | B13: A | C13: 43922.684 | D13: CPF_I_012 | E13: Intellectuel | F13: L'alimentation du compte s'effectue à hauteur de 24 heures maximum par année de travail jusqu'à l'acquisition d'un crédit de 120 heures, puis de 12 heures maximum par année de travail, dans la limite d'un plafond total de 150 heures. | G13: Loi 83-634 A 22 quater | H13: 42736 | I13: 43830 | L13: Non Bloquant | Q13: P0001 / P0004 - E0816
A14: 20.00.00 | B14: A | C14: 43924.363 | D14: CPF_I_013 | E14: Intellectuel | F14: L'agent de catégorie C qui n'a pas atteint un niveau de formation sanctionné par un diplôme de niveau V (Certificat d'aptitude professionnelle, Brevet d'études professionnelles) acquiert 48 heures maximum par an avec un plafond de 400 heures. | G14: Loi 83-634 A 22 quater | H14: 42736 | I14: 43830 | L14: Non Bloquant | Q14: P0001 / P0004 - E0816
A15: 20.00.00 | B15: A | C15: 43924.379 | D15: CPF_I_014 | E15: Intellectuel | F15: Lorsque le projet d'évolution professionnelle vise à prévenir une situation d'inaptitude à l'exercice de ses fonctions, l'agent peut bénéficier d'un crédit d'heures supplémentaires, dans la limite de 150 heures avec les mêmes plafonds. | G15: Loi 83-634 A 22 quater | H15: 42736 | I15: 43830 | L15: Non Bloquant | Q15: P0001 / P0004 - E0816
A16: 25.10.00 | B16: A | C16: 45995.657 | D16: CPF_I_015 | E16: Intellectuel | F16: L'agent bénéficie des dispositions applicables aux agents ouvriers affiliés pour le compte personnel de formation. | G16: Code général de la fonction publique L422-8 / Décret 2017-928 / Décret 65-382 A8-2 / Circulaire du 10 mai 2017 | H16: 45901 | L16: Non Bloquant | Q16: P0185 - E0816 - Demande / Alimentation / Anticipation | U16: x | V16: L'agent bénéficie des dispositions applicables aux agents ouvriers affiliés pour le compte personnel de formation.
A17: 22.00.00 | B17: M | C17: 44705.618 | D17: CPF_I_018 | E17: Intellectuel | F17: Il peut être utilisé en combinaison avec le congé de formation professionnelle. | G17: Code général de la fonction publique L422-10 | H17: 42736 | L17: Non Bloquant | Q17: P0001 / P0004 - E0816 | U17: x | V17: Il peut être utilisé en combinaison avec le congé de formation professionnelle.
A18: 22.00.00 | B18: M | C18: 44705.619 | D18: CPF_I_019 | E18: Intellectuel | F18: L'agent peut utilisé compte personnel de formation pour compléter la préparation ou la réalisation de sa validation des acquis de l'expérience. | G18: Code général de la fonction publique L422-10 / Décret 2007-1470 A 23 | H18: 42736 | L18: Non Bloquant | Q18: P0001 / P0004 - E0816 | U18: x | V18: L'agent peut utiliser son compte personnel de formation pour compléter la préparation ou la réalisation de sa validation des acquis de l'expérience.
A19: 22.00.00 | B19: M | C19: 44705.621 | D19: CPF_I_020 | E19: Intellectuel | F19: L'agent peut utilisé son compte personnel de formation pour compléter la préparation ou la réalisation de son bilan de compétences. | G19: Code général de la fonction publique L422-10 / Décret 2007-1470 A 22 | H19: 42736 | L19: Non Bloquant | Q19: P0001 / P0004 - E0816 | U19: x | V19: L'agent peut utiliser son compte personnel de formation pour compléter la préparation ou la réalisation de son bilan de compétences.
A20: 22.00.00 | B20: M | C20: 44705.622 | D20: CPF_I_021 | E20: Intellectuel | F20: L'agent ne peut utiliser son compte personnel de formation que dans le cadre d'un projet d'évolution professionnel. | G20: Code général de la fonction publique L422-8 / Décret 2017-928 A 1 | H20: 42736 | L20: Non Bloquant | Q20: P0185 - P0003 / P0005 - E0816 | U20: x | V20: L'agent ne peut utiliser son compte personnel de formation que dans le cadre d'un projet d'évolution professionnel.
A21: 22.00.00 | B21: M | C21: 44705.624 | D21: CPF_I_022 | E21: Intellectuel | F21: L'agent utilise les heures acquises sur son compte pour suivre des actions de formation. | G21: Code général de la fonction publique L422-9 / Décret 2017-928 A 1 | H21: 42736 | L21: Non Bloquant | Q21: P0185 - P0003 / P0005 - E0816 | U21: x | V21: L'agent utilise les heures acquises sur son compte pour suivre des actions de formation.
A22: 22.00.00 | B22: M | C22: 44705.624 | D22: CPF_I_023 | E22: Intellectuel | F22: L'agent doit faire une demande. | G22: Code général de la fonction publique L422-9 / Décret 2017-928 A 1 | H22: 42736 | L22: Non Bloquant | Q22: P0185 - P0003 / P0005 - E0816 | U22: x | V22: L'agent doit faire une demande.
A23: 22.00.00 | B23: M | C23: 44705.626 | D23: CPF_I_024 | E23: Intellectuel | F23: L'administration doit donner son accord. | G23: Code général de la fonction publique L422-9 / Décret 2017-928 A 1 | H23: 42736 | L23: Non Bloquant | Q23: P0185 - P0003 / P0005 - E0816 | U23: x | V23: L'administration doit donner son accord.
A24: 22.00.00 | B24: M | C24: 44705.627 | D24: CPF_I_025 | E24: Intellectuel | F24: L'agent doit suivre la formation, en priorité, pendant son temps de travail. | G24: Code général de la fonction publique L422-9 / Décret 2017-928 A 1 | H24: 42736 | L24: Non Bloquant | Q24: P0185 - P0003 / P0005 - E0816 | U24: x | V24: L'agent doit suivre la formation, en priorité, pendant son temps de travail.
A25: 20.00.00 | B25: A | C25: 44088.66 | D25: CPF_I_026 | E25: Intellectuel | F25: Lorsque l'agent est en position de détachement, l'alimentation, l'instruction et le financement des droits du compte personnel de formation relèvent de l'organisme d'accueil. | G25: Décret 2017-928 A 1| A 7 | H25: 42736 | L25: Non Bloquant | Q25: P0001 / P0003 / P0004 - E0816 | U25: x | V25: Lorsque l'agent est en position de détachement, l'alimentation, l'instruction et le financement des droits du compte personnel de formation relèvent de l'organisme d'accueil.
A26: 22.00.00 | B26: M | C26: 44705.628 | D26: CPF_I_027 | E26: Intellectuel | F26: L'administration doit motiver son refus à une demande. | G26: Code général de la fonction publique L422-11 / Décret 2017-928 A 1 | H26: 42736 | L26: Non Bloquant | Q26: P0185 - P0003 / P0005 - E0816 | U26: x | V26: L'administration doit motiver son refus à une demande.
A27: 22.00.00 | B27: M | C27: 44705.629 | D27: CPF_I_028 | E27: Intellectuel | F27: L'agent peut contester le refus devant l'instance paritaire compétente. | G27: Code général de la fonction publique L422-11 / Décret 2017-928 A 1 | H27: 42736 | L27: Non Bloquant | Q27: P0185 - P0003 / P0005 - E0816 | U27: x | V27: L'agent peut contester le refus devant l'instance paritaire compétente.
... A31: 22.00.00 | B31: M | C31: 44705.635 | D31: CPF_I_032 | E31: Intellectuel | F31: L'alimentation du compte s'effectue à la fin de chaque année. | G31: Code général de la fonction publique L422-14 / Décret 2017-928 A 1 | H31: 42736 | L31: Non Bloquant | Q31: P0185 - P0003 / P0005 - E0816 | U31: x | V31: L'alimentation du compte s'effectue à la fin de chaque année.
A32: 20.00.00 | B32: A | C32: 43927.376 | D32: CPF_I_033 | E32: Intellectuel | F32: L'alimentation du compte s'effectue à hauteur de 24 heures maximum par année de travail jusqu'à l'acquisition d'un crédit de 120 heures, puis de 12 heures maximum par année de travail, dans la limite d'un plafond total de 150 heures. | G32: Loi 83-634 A 22 quater / Décret 2017-928 A 1 | H32: 42736 | I32: 43830 | L32: Non Bloquant | Q32: P0003 / P0005 - E0816
A33: 20.00.00 | B33: A | C33: 43927.383 | D33: CPF_I_034 | E33: Intellectuel | F33: L'agent de catégorie C qui n'a pas atteint un niveau de formation sanctionné par un diplôme de niveau V (Certificat d'aptitude professionnelle, Brevet d'études professionnelles) acquiert 48 heures maximum par an avec un plafond de 400 heures. | G33: Loi 83-634 A 22 quater / Décret 2017-928 A 1 | H33: 42736 | I33: 43830 | L33: Non Bloquant | Q33: P0003 / P0005 - E0816
A34: 20.00.00 | B34: A | C34: 43927.383 | D34: CPF_I_035 | E34: Intellectuel | F34: Lorsque le projet d'évolution professionnelle vise à prévenir une situation d'inaptitude à l'exercice de ses fonctions, l'agent peut bénéficier d'un crédit d'heures supplémentaires, dans la limite de 150 heures avec les mêmes plafonds. | G34: Loi 83-634 A 22 quater / Décret 2017-928 A 1 | H34: 42736 | I34: 43830 | L34: Non Bloquant | Q34: P0003 / P0005 - E0816
A35: 22.00.00 | B35: M | C35: 44705.638 | D35: CPF_I_039 | E35: Intellectuel | F35: Il peut être utilisé en combinaison avec le congé de formation professionnelle. | G35: Code général de la fonction publique L422-10 / Décret 2017-928 A 1 | H35: 42736 | L35: Non Bloquant | Q35: P0185 - P0003 / P0005 - E0816 | U35: x | V35: Il peut être utilisé en combinaison avec le congé de formation professionnelle.
A36: 22.00.00 | B36: M | C36: 44705.64 | D36: CPF_I_040 | E36: Intellectuel | F36: L'agent peut utilisé compte personnel de formation pour compléter la préparation ou la réalisation de sa validation des acquis de l'expérience. | G36: Code général de la fonction publique L422-10 / Décret 2017-928 A 1 / Décret 2007-1470 A 23 | H36: 42736 | L36: Non Bloquant | Q36: P0185 - P0003 / P0005 - E0816 | U36: x | V36: L'agent peut utiliser son compte personnel de formation pour compléter la préparation ou la réalisation de sa validation des acquis de l'expérience.
A37: 22.00.00 | B37: M | C37: 44705.644 | D37: CPF_I_041 | E37: Intellectuel | F37: L'agent peut utilisé son compte personnel de formation pour compléter la préparation ou la réalisation de son bilan de compétences. | G37: Code général de la fonction publique L422-10 / Décret 2017-928 A 1 / Décret 2007-1470 A 22 | H37: 42736 | L37: Non Bloquant | Q37: P0185 - P0003 / P0005 - E0816 | U37: x | V37: L'agent peut utiliser son compte personnel de formation pour compléter la préparation ou la réalisation de son bilan de compétences.
A38: 20.00.00 | B38: A | C38: 43927.447 | D38: CPF_I_042 | E38: Intellectuel | F38: La formation ne doit pas avoir pour objet l'adaptation aux fonctions exercées. | G38: Décret 2017-928 A 2 | H38: 42736 | L38: Non Bloquant | Q38: P0185 - P0001 / P0003 / P0004 / P0005 - E0816 | U38: x | V38: La formation ne doit pas avoir pour objet l'adaptation aux fonctions exercées.
A39: 20.00.00 | B39: A | C39: 43927.447 | D39: CPF_I_043 | E39: Intellectuel | F39: La formation doit avoir pour objet l'acquisition d'un diplôme, d'un titre, d'un certificat de qualification professionnelle ou le développement des compétences nécessaires à la mise en œuvre du projet d'évolution professionnelle. | G39: Décret 2017-928 A 2 | H39: 42736 | L39: Non Bloquant | Q39: P0185 - P0001 / P0003 / P0004 / P0005 - E0816 | U39: x | V39: La formation doit avoir pour objet l'acquisition d'un diplôme, d'un titre, d'un certificat de qualification professionnelle ou le développement des compétences nécessaires à la mise en œuvre du projet d'évolution professionnelle.
A40: 20.00.00 | B40: A | C40: 43927.447 | D40: CPF_I_044 | E40: Intellectuel | F40: L'agent peut utiliser son compte personnel de formation pour compléter une décharge accordée pour suivre une action de préparation aux concours et examens. | G40: Décret 2017-928 A 2 | H40: 42736 | L40: Non Bloquant | Q40: P0185 - P0001 / P0003 / P0004 / P0005 - E0816 | U40: x | V40: L'agent peut utiliser son compte personnel de formation pour compléter une décharge accordée pour suivre une action de préparation aux concours et examens.
A41: 20.00.00 | B41: A | C41: 43927.447 | D41: CPF_I_045 | E41: Intellectuel | F41: L'agent sollicite l'accord écrit de l'administration sur la nature, le calendrier et le financement de la formation souhaitée, en précisant le projet d'évolution professionnelle qui fonde sa demande. | G41: Décret 2017-928 A 6 | H41: 42736 | L41: Non Bloquant | Q41: P0185 - P0001 / P0003 / P0004 / P0005 - E0816 | U41: x | V41: L'agent sollicite l'accord écrit de l'administration sur la nature, le calendrier et le financement de la formation souhaitée, en précisant le projet d'évolution professionnelle qui fonde sa demande.
A42: 20.00.00 | B42: A | C42: 43927.447 | D42: CPF_I_046 | E42: Intellectuel | F42: Si plusieurs formations permettent de satisfaire la demande de l'agent, une priorité est accordée à celles assurées par l'administration de l'agent. | G42: Décret 2017-928 A 6 | H42: 42736 | L42: Non Bloquant | Q42: P0185 - P0001 / P0003 / P0004 / P0005 - E0816 | U42: x | V42: Si plusieurs formations permettent de satisfaire la demande de l'agent, une priorité est accordée à celles assurées par l'administration de l'agent.
A43: 20.00.00 | B43: A | C43: 43927.449 | D43: CPF_I_047 | E43: Intellectuel | F43: L'agent peut bénéficier, préalablement à sa demande, d'un accompagnement afin d'élaborer son projet professionnel et d'identifier les différentes actions nécessaires à sa mise en œuvre. | G43: Décret 2017-928 A 6 | H43: 42736 | L43: Non Bloquant | Q43: P0185 - P0001 / P0003 / P0004 / P0005 - E0816 | U43: x | V43: L'agent peut bénéficier, préalablement à sa demande, d'un accompagnement afin d'élaborer son projet professionnel et d'identifier les différentes actions nécessaires à sa mise en œuvre.
A44: 20.00.00 | B44: A | C44: 43927.449 | D44: CPF_I_048 | E44: Intellectuel | F44: L'administration examine les demandes en donnant une priorité à certaine action de formation ou à certain accompagnement. | G44: Décret 2017-928 A 8 | H44: 42736 | L44: Non Bloquant | Q44: P0185 - P0001 / P0003 / P0004 / P0005 - E0816 | U44: x | V44: L'administration examine les demandes en donnant une priorité à certaine action de formation ou à certain accompagnement.
A45: 20.00.00 | B45: A | C45: 43927.449 | D45: CPF_I_049 | E45: Intellectuel | F45: L'ordre de priorisation est : 1) action dont le bilan de compétences permettant de prévenir une situation d'inaptitude à l'exercice des fonctions; 2) action de validation des acquis de l'expérience; 3) action de préparation aux concours et examens. | G45: Décret 2017-928 A 8 | H45: 42736 | L45: Non Bloquant | Q45: P0185 - P0001 / P0003 / P0004 / P0005 - E0816 | U45: x | V45: L'ordre de priorisation est : 1) action dont le bilan de compétences permettant de prévenir une situation d'inaptitude à l'exercice des fonctions; 2) action de validation des acquis de l'expérience; 3) action de préparation aux concours et examens.
A46: 22.00.00 | B46: M | C46: 44706.512 | D46: CPF_I_050 | E46: Intellectuel | F46: L'administration prend en charge les frais pédagogiques qui se rattachent à la formation suivie et peut prendre en charge les frais de déplacements. | G46: Code général de la fonction publique L422-17 / Décret 2017-928 A 9 | H46: 42736 | L46: Non Bloquant | Q46: P0185 - P0001 / P0003 / P0004 / P0005 - E0816 | U46: x | V46: L'administration prend en charge les frais pédagogiques qui se rattachent à la formation suivie et peut prendre en charge les frais de déplacements.
... A48: 20.00.00 | B48: A | C48: 43927.454 | D48: CPF_I_052 | E48: Intellectuel | F48: L'agent qui ne suit pas tout ou partie de la formation sans motif valable doit rembourser les frais pédagogiques et de déplacements. | G48: Décret 2017-928 A 9 | H48: 42736 | L48: Non Bloquant | Q48: P0185 - P0001 / P0003 / P0004 / P0005 - E0816 | U48: x | V48: L'agent qui ne suit pas tout ou partie de la formation sans motif valable doit rembourser les frais pédagogiques et de déplacements.
A49: 20.00.00 | B49: A | C49: 43927.454 | D49: CPF_I_053 | E49: Intellectuel | F49: Le compte personnel de formation est alimenté en heures de formation au 31 décembre de chaque année. | G49: Décret 2017-928 A 3 | H49: 42736 | I49: 43830 | L49: Non Bloquant | Q49: P0001 / P0003 / P0004 / P0005 - E0816
A50: 20.00.00 | B50: A | C50: 43927.454 | D50: CPF_I_054 | E50: Intellectuel | F50: L'alimentation du compte personnel de formation s'effectue à hauteur de 25 heures maximum au titre de chaque année civile, dans la limite d'un plafond de 150 heures. | G50: Décret 2017-928 A 3 | H50: 43831 | L50: Non Bloquant | Q50: P0185 - P0001 / P0003 / P0004 / P0005 - E0816 | U50: x | V50: L'alimentation du compte personnel de formation s'effectue à hauteur de 25 heures maximum au titre de chaque année civile, dans la limite d'un plafond de 150 heures.
A51: 20.00.00 | B51: A | C51: 43927.455 | D51: CPF_I_055 | E51: Intellectuel | F51: L'agent de catégorie C qui n'a pas atteint un niveau de formation sanctionné par un diplôme de niveau 3 (certificat d'aptitude professionnelle, brevet d'études professionnelles) acquiert 50 heures maximum par année civile avec un plafond de 400 heures. | G51: Décret 2017-928 A 3 | H51: 43831 | L51: Non Bloquant | Q51: P0185 - P0001 / P0003 / P0004 / P0005 - E0816 | U51: x | V51: L'agent de catégorie C qui n'a pas atteint un niveau de formation sanctionné par un diplôme de niveau 3 (certificat d'aptitude professionnelle, brevet d'études professionnelles) acquiert 50 heures maximum par année civile avec un plafond de 400 heures.
A52: 20.00.00 | B52: A | C52: 43927.455 | D52: CPF_I_056 | E52: Intellectuel | F52: Si la durée de la formation est supérieure aux droits acquis, l'agent peut avec l'accord de l'administration utiliser par anticipation des droits non encore acquis dans la limite de ceux qu'il pourrait acquérir au cours des 2 années civiles suivantes. | G52: Décret 2017-928 A 4 | H52: 42736 | L52: Non Bloquant | Q52: P0185 - P0001 / P0003 / P0004 / P0005 - E0816 | U52: x | V52: Si la durée de la formation est supérieure aux droits acquis, l'agent peut avec l'accord de l'administration utiliser par anticipation des droits non encore acquis dans la limite de ceux qu'il pourrait acquérir au cours des 2 années civiles suivantes.
A53: 20.00.00 | B53: A | C53: 43927.455 | D53: CPF_I_057 | E53: Intellectuel | F53: Lorsque le projet d'évolution professionnelle vise à prévenir une situation d'inaptitude à l'exercice des fonctions, le crédit d'heures supplémentaires est limité à 150 heures. Il peut compléter, à la demande de l'agent, les droits acquis. | G53: Décret 2017-928 A 5 | H53: 43831 | L53: Non Bloquant | Q53: P0185 - P0001 / P0003 / P0004 / P0005 - E0816 | U53: x | V53: Lorsque le projet d'évolution professionnelle vise à prévenir une situation d'inaptitude à l'exercice des fonctions, le crédit d'heures supplémentaires est limité à 150 heures. Il peut compléter, à la demande de l'agent, les droits acquis.
A54: 20.00.00 | B54: A | C54: 43927.455 | D54: CPF_I_058 | E54: Intellectuel | F54: Pour justifier de ce crédit supplémentaire, l'agent présente un avis du médecin de prévention ou du travail attestant que son état de santé l'expose, compte tenu de ses conditions de travail, à un risque d'inaptitude à l'exercice de ses fonctions. | G54: Décret 2017-928 A 5 | H54: 42736 | L54: Non Bloquant | Q54: P0185 - P0001 / P0003 / P0004 / P0005 - E0816 | U54: x | V54: Pour justifier de ce crédit supplémentaire, l'agent présente un avis du médecin de prévention ou du travail attestant que son état de santé l'expose, compte tenu de ses conditions de travail, à un risque d'inaptitude à l'exercice de ses fonctions.
A55: 20.00.00 | B55: A | C55: 43927.601 | D55: CPF_I_059 | E55: Intellectuel | F55: L'agent peut utiliser son compte pour réaliser des heures de formation d'adaptation à l'évolution prévisible des métiers ou de développement des qualifications ou d'acquisition de nouvelles qualifications hors temps de service. | G55: Décret 2007-1470 A 9 | H55: 42736 | L55: Non Bloquant | Q55: P0001 / P0004 - E0816 | U55: x | V55: L'agent peut utiliser son compte pour réaliser des heures de formation d'adaptation à l'évolution prévisible des métiers ou de développement des qualifications ou d'acquisition de nouvelles qualifications hors temps de service.
A56: 20.00.00 | B56: A | C56: 43927.603 | D56: CPF_I_060 | E56: Intellectuel | F56: L'agent peut utiliser son compte personnel de formation, après son accord écrit, pour suivre des actions de formation incluses dans la période de professionnalisation. | G56: Décret 2007-1470 A 18 | H56: 42736 | L56: Non Bloquant | Q56: P0001 / P0004 - E0816 | U56: x | V56: L'agent peut utiliser son compte personnel de formation, après son accord écrit, pour suivre des actions de formation incluses dans la période de professionnalisation.
A57: 22.00.00 | B57: M | C57: 44706.515 | D57: CPF_I_061 | E57: Intellectuel | F57: L'agent peut utiliser son compte personnel de formation pour participer aux actions de préparation aux examens et concours administratifs et aux autres procédures de sélection. | G57: Code général de la fonction publique L422-10 / Décret 2007-1470 A 22 | H57: 42736 | L57: Non Bloquant | Q57: P0001 / P0004 - E0816 | U57: x | V57: L'agent peut utiliser son compte personnel de formation pour participer aux actions de préparation aux examens et concours administratifs et aux autres procédures de sélection.
A58: 22.00.00 | B58: M | C58: 44706.517 | D58: CPF_I_062 | E58: Intellectuel | F58: L'agent peut utiliser son compte personnel de formation pour participer aux actions de préparation aux examens et concours administratifs et aux autres procédures de sélection. | G58: Code général de la fonction publique L422-10 / Décret 2017-928 A 1 / Décret 2007-1470 A 22 | H58: 42736 | L58: Non Bloquant | Q58: P0185 - P0003 / P0005 - E0816 | U58: x | V58: L'agent peut utiliser son compte personnel de formation pour participer aux actions de préparation aux examens et concours administratifs et aux autres procédures de sélection.
A59: 20.00.00 | B59: A | C59: 43927.631 | D59: CPF_I_063 | E59: Intellectuel | F59: L'administration dispose d'un délai de 2 mois pour notifier sa décision. | G59: Circulaire du 10 mai 2017 | H59: 42736 | L59: Non Bloquant | Q59: P0185 - P0001 / P0003 / P0004 / P0005 - E0816 | U59: x | V59: L'administration dispose d'un délai de 2 mois pour notifier sa décision.
A60: 20.00.00 | B60: A | C60: 43927.627 | D60: CPF_I_064 | E60: Intellectuel | F60: Sauf disposition contraire prévue par la convention, si l'agent est mis à disposition ou affecté auprès d'un autre organisme, l'alimentation, l'instruction et le financement des droits du compte personnel de formation relèvent de l'organisme d'origine. | G60: Décret 2017-928 A 7 | H60: 42736 | L60: Non Bloquant | Q60: P0001 / P0003 / P0004 - E0816 | U60: x | V60: Sauf disposition contraire prévue par la convention, si l'agent est mis à disposition ou affecté auprès d'un autre organisme, l'alimentation, l'instruction et le financement des droits du compte personnel de formation relèvent de l'organisme d'origine.
A61: 20.00.00 | B61: A | C61: 43927.628 | D61: CPF_I_065 | E61: Intellectuel | F61: Les règles applicables sont celles du code du travail à compter du 01/01/2015. | G61: Code du travail A L6323-1 | H61: 42005 | L61: Non Bloquant | Q61: P0072 - E0816 | U61: x | V61: Les règles applicables sont celles du code du travail à compter du 01/01/2015.
A62: 25.00.00 | B62: M | C62: 45686.594 | D62: CPF_I_070 | E62: Intellectuel | F62: La décision de refus d'une demande de mobilisation du compte personnel de formation par l'agent fait l'objet d'une consultation de la commission consultative paritaire. | G62: Code général de la fonction publique R271-11 | H62: 44678 | L62: Non Bloquant | Q62: P0003 - E0816 - Demande | U62: x | V62: La décision de refus d'une demande de mobilisation du compte personnel de formation par l'agent fait l'objet d'une consultation de la commission consultative paritaire.
A63: 20.00.00 | B63: A | C63: 43924.497 | D63: CPF_P_001 | E63: Impact | F63: Rémunération : L'agent perçoit l'intégralité de sa rémunération quand les heures consacrées à la formation au titre du compte personnel de formation sont utilisées pendant le temps de service. | H63: 42736 | L63: Non Bloquant | R63: P0001 / P0003 / P0004 / P0005 - E0816 - Rémunération | U63: x | V63: Rémunération : L'agent perçoit l'intégralité de sa rémunération quand les heures consacrées à la formation au titre du compte personnel de formation sont utilisées pendant le temps de service.
A64: 20.00.00 | B64: A | C64: 43924.498 | D64: CPF_P_002 | E64: Impact | F64: Carrière : L'agent conserve ses droits à l'avancement d'échelon et à l'avancement de grade en totalité. Les heures consacrées à la formation au titre du compte personnel de formation pendant le temps de service constituent un temps de travail effectif. | H64: 42736 | L64: Non Bloquant | R64: P0001 - E0816 - Carrière | U64: x | V64: Carrière : L'agent conserve ses droits à l'avancement d'échelon et à l'avancement de grade en totalité. Les heures consacrées à la formation au titre du compte personnel de formation pendant le temps de service constituent un temps de travail effectif.
A65: 20.00.00 | B65: A | C65: 43924.499 | D65: CPF_P_003 | E65: Impact | F65: Carrière : L'agent conserve ses droits à l'avancement d'échelon en totalité. Les heures consacrées à la formation au titre du compte personnel de formation pendant le temps de service constituent un temps de travail effectif. | H65: 42736 | L65: Non Bloquant | R65: P0004 - E0816 - Carrière | U65: x | V65: Carrière : L'agent conserve ses droits à l'avancement d'échelon en totalité. Les heures consacrées à la formation au titre du compte personnel de formation pendant le temps de service constituent un temps de travail effectif.
A66: 20.00.00 | B66: A | C66: 43924.5 | D66: CPF_P_004 | E66: Impact | F66: Carrière : Les heures consacrées à la formation au titre du compte personnel de formation pendant le temps de service constituent un temps de travail effectif. | H66: 42736 | L66: Non Bloquant | R66: P0003 / P0005 - E0816 - Carrière | U66: x | V66: Carrière : Les heures consacrées à la formation au titre du compte personnel de formation pendant le temps de service constituent un temps de travail effectif.
A67: 20.00.00 | B67: A | C67: 43924.501 | D67: CPF_P_005 | E67: Impact | F67: Stage : Les heures consacrées à la formation au titre du compte personnel de formation pendant le temps de service sont comptabilisées comme temps de stage. | H67: 42736 | L67: Non Bloquant | R67: P0004 - E0816 - Stage | U67: x | V67: Stage : Les heures consacrées à la formation au titre du compte personnel de formation pendant le temps de service sont comptabilisées comme temps de stage.
A68: 20.00.00 | B68: A | C68: 43924.501 | D68: CPF_P_006 | E68: Impact | F68: Titularisation : Les heures consacrées à la formation au titre du compte personnel de formation ne décalent pas la date de titularisation. | H68: 42736 | L68: Non Bloquant | R68: P0004 - E0816 - Titularisation | U68: x | V68: Titularisation : Les heures consacrées à la formation au titre du compte personnel de formation ne décalent pas la date de titularisation.
A69: 20.00.00 | B69: A | C69: 43924.514 | D69: CPF_P_007 | E69: Impact | F69: Congés annuels : L'agent conserve son droit à congé annuel. | H69: 42736 | L69: Non Bloquant | R69: P0001 / P0003 / P0004 / P0005 - E0816 - Congés annuels | U69: x | V69: Congés annuels : L'agent conserve son droit à congé annuel.
A70: 20.00.00 | B70: A | C70: 43924.503 | D70: CPF_P_008 | E70: Impact | F70: Congés maladie : L'agent conserve ses droits à congés de maladie ordinaire, de longue maladie, de longue durée, pour invalidité temporaire imputable au service. | H70: 42736 | L70: Non Bloquant | R70: P0001 / P0004 - E0816 - Maladie | U70: x | V70: Congés maladie : L'agent conserve ses droits à congés de maladie ordinaire, de longue maladie, de longue durée, pour invalidité temporaire imputable au service.
A71: 20.00.00 | B71: A | C71: 43924.506 | D71: CPF_P_009 | E71: Impact | F71: Congés maladie : L'agent conserve ses droits à congés de maladie ordinaire, de grave maladie, pour accident du travail ou maladie professionnelle. | H71: 42736 | L71: Non Bloquant | R71: P0003 - E0816 - Maladie | U71: x | V71: Congés maladie : L'agent conserve ses droits à congés de maladie ordinaire, de grave maladie, pour accident du travail ou maladie professionnelle.
A72: 20.00.00 | B72: A | C72: 43924.508 | D72: CPF_P_010 | E72: Impact | F72: Congés maladie : L'agent conserve ses droits à congés de maladie ordinaire, de longue maladie, pour accident de service ou maladie professionnelle, de longue durée. | H72: 42736 | L72: Non Bloquant | R72: P0005 - E0816 - Maladie | U72: x | V72: Congés maladie : L'agent conserve ses droits à congés de maladie ordinaire, de longue maladie, pour accident de service ou maladie professionnelle, de longue durée.
A73: 20.00.00 | B73: A | C73: 43927.597 | D73: CPF_P_011 | E73: Impact | F73: Retraite : Les heures consacrées à la formation au titre du compte personnel de formation sont considérées comme une période d'activité pour la retraite quand elles sont utilisées pendant le temps de service. | H73: 42736 | L73: Non Bloquant | R73: P0001 / P0003 / P0004 - E0816 - Retraite | U73: x | V73: Retraite : Les heures consacrées à la formation au titre du compte personnel de formation sont considérées comme une période d'activité pour la retraite quand elles sont utilisées pendant le temps de service.
A74: 20.00.00 | B74: A | C74: 43924.51 | D74: CPF_P_012 | E74: Impact | F74: Retraite : Les heures consacrées à la formation au titre du compte personnel de formation sont prises en compte pour la constitution du droit à pension et la liquidation de celle-ci quand elles sont utilisées pendant le temps de service. | H74: 42736 | L74: Non Bloquant | R74: P0005 - E0816 - Retraite | U74: x | V74: Retraite : Les heures consacrées à la formation au titre du compte personnel de formation sont prises en compte pour la constitution du droit à pension et la liquidation de celle-ci quand elles sont utilisées pendant le temps de service.
A75: 20.00.00 | B75: A | C75: 43924.511 | D75: CPF_P_013 | E75: Impact | F75: Acte : Aucun acte administratif n'est produit. | H75: 42736 | L75: Non Bloquant | R75: P0001 / P0003 / P0004 / P0005 - E0816 - Acte | U75: x | V75: Acte : Aucun acte administratif n'est produit.
