Workbook
Name date_DIADC: 'Mode opératoire'!#REF!
Name notice_DIADC: 'Mode opératoire'!#REF!
Name notice_ENCHN: 'Mode opératoire'!$B$1:$B$4
Name notice_ICA: 'Mode opératoire'!#REF!

Sheet Mode opératoire
B1: MODE OPERATOIRE
B2: La transaction de l'événement "E0915 - Plan individuel de développement des compétences" s'effectue au niveau de la rubrique "Actions de formation".

Sheet Axe 1 Enchainement des RG
A1: Version | B1: Type de mise à jour | C1: Date de mise à jour | D1: Identifiant Domaine | E1: Libellé du Domaine | F1: Identifiant Sous-domaine | G1: Libellé du Sous-domaine | H1: Identifiant Evénement | I1: Libellé de l'évènement | J1: Libellé condition déclenchement Evènement | K1: Condition déclenchement Evènement | L1: Identifiant type d'évènement | M1: Libellé type d'évènement | N1: Type de mise à jour | O1: Libellé condition déclenchement Type Evènement | P1: Condition déclenchement Type Evènement | Q1: Libellé Population | R1: Codification Population | S1: Typologie de population | T1: Général / Particulier | U1: Passant / Exclu | V1: Date de début | W1: Date de fin | X1: Règles mobilisées | Y1: Identifiant Règle de contrôle intellectuel 1 | Z1: Libellé Règle de contrôle intellectuel 1 | AA1: Identifiant Règle de contrôle intellectuel 2 | AB1: Libellé Règle de contrôle intellectuel 2 | AC1: Identifiant Règle de contrôle intellectuel 3 | AD1: Libellé Règle de contrôle intellectuel 3 | AE1: Identifiant Règle de contrôle intellectuel 4 | AF1: Libellé Règle de contrôle intellectuel 4 | AG1: Identifiant Règle de contrôle intellectuel 5 | AH1: Libellé Règle de contrôle intellectuel 5 | AI1: Identifiant Règle de contrôle intellectuel 6 | AJ1: Libellé Règle de contrôle intellectuel 6 | AK1: Identifiant Règle de contrôle intellectuel 7 | AL1: Libellé Règle de contrôle intellectuel 7 | AM1: Identifiant Règle de contrôle intellectuel 8 | AN1: Libellé Règle de contrôle intellectuel 8 | AO1: Identifiant Règle de contrôle intellectuel 9 | AP1: Libellé Règle de contrôle intellectuel 9 | AQ1: Identifiant Règle de contrôle 1 | AR1: Libellé Règle de contrôle 1 | AS1: Identifiant Règle de contrôle 2 | AT1: Libellé Règle de contrôle 2 | AU1: Identifiant Règle de contrôle 3 | AV1: Libellé Règle de contrôle 3 | AW1: Identifiant Règle de contrôle 4 | AX1: Libellé Règle de contrôle 4 | AY1: FIME | AZ1: Statut de travail
A2: 23.10.00 | B2: M | C2: 45281.474 | D2: D0009 | E2: Formation | F2: S0163 | G2: Plan individuel de développement des compétences | H2: E0915 | I2: Plan individuel de développement des compétences | J2: Type de la formation demandée saisi égal 'Plan individuel de développement des compétences' | K2: P_ACF_TYDFOR [Saisi] = 'F21' | L2: T2234 | M2: Plan individuel de développement des compétences | N2: Création Modification | Q2: Titulaire ou magistrat | R2: P0001 | S2: T | T2: Général | U2: Passant | V2: 44767 | W2: 45155 | X2: PCO_I_001 ET PCO_I_002 ET PCO_I_003 ET PCO_I_004 ET PCO_I_005 ET FOR_C_001 ET FOR_C_003 ET FOR_C_004 | Y2: PCO_I_001 | Z2: =VLOOKUP(Y2,'Axe 2 Règles de gestion'!$D$2:$F$15,3, FALSE) -> Le plan est établi soit à l'initiative de l'agent, soit à l'initiative de l'employeur avec l'accord de l'agent. | AA2: PCO_I_002 | AB2: =VLOOKUP(AA2,'Axe 2 Règles de gestion'!$D$2:$F$15,3, FALSE) -> Le plan est élaboré conjointement par l'agent et son administration d'emploi à l'issue d'échanges personnalisés et formalise les engagements convenus de part et d'autre. | AC2: PCO_I_003 | AD2: =VLOOKUP(AC2,'Axe 2 Règles de gestion'!$D$2:$F$15,3, FALSE) -> L'agent peut bénéficier, à sa demande, d'un accompagnement pour son élaboration ainsi que sa mise en oeuvre. | AE2: PCO_I_004 | AF2: =VLOOKUP(AE2,'Axe 2 Règles de gestion'!$D$2:$F$15,3, FALSE) -> Si celui-ci a été réalisé, le plan s'appuie sur le document de synthèse du bilan de parcours professionnel. | AG2: PCO_I_005 | AH2: =VLOOKUP(AG2,'Axe 2 Règles de gestion'!$D$2:$F$15,3, FALSE) -> Lorsque l'agent bénéficie de l'obligation d'emploi, le référent handicap est informé de la réalisation du plan. | AQ2: FOR_C_001 | AR2: =VLOOKUP(AQ2,'Axe 2 Règles de gestion'!$D$2:$F$15,3, FALSE) -> La date de début de la formation doit être postérieure ou égale à la date de recrutement dans la FPE ou dans la carrière militaire. | AS2: FOR_C_003 | AT2: =VLOOKUP(AS2,'Axe 2 Règles de gestion'!$D$2:$F$15,3, FALSE) -> La date de début de la formation doit être antérieure ou égale à la date de fin de la formation. | AU2: FOR_C_004 | AV2: =VLOOKUP(AU2,'Axe 2 Règles de gestion'!$D$2:$F$15,3, FALSE) -> La date de fin de formation doit être antérieure ou égale à la date limite de départ à la retraite.
A3: 23.10.00 | B3: A | C3: 45281.474 | D3: D0009 | E3: Formation | F3: S0163 | G3: Plan individuel de développement des compétences | H3: E0915 | I3: Plan individuel de développement des compétences | J3: Type de la formation demandée saisi égal 'Plan individuel de développement des compétences' | K3: P_ACF_TYDFOR [Saisi] = 'F21' | L3: T2234 | M3: Plan individuel de développement des compétences | N3: Création Modification | Q3: Titulaire ou magistrat | R3: P0001 | S3: T | T3: Général | U3: Passant | V3: 45156 | X3: PCO_I_001 ET PCO_I_006 ET PCO_I_007 ET PCO_I_008 ET PCO_I_009 ET PCO_I_002 ET PCO_I_003 ET PCO_I_004 ET PCO_I_005 ET FOR_C_001 ET FOR_C_003 ET FOR_C_004 | Y3: PCO_I_001 | Z3: =VLOOKUP(Y3,'Axe 2 Règles de gestion'!$D$2:$F$15,3, FALSE) -> Le plan est établi soit à l'initiative de l'agent, soit à l'initiative de l'employeur avec l'accord de l'agent. | AA3: PCO_I_006 | AB3: =VLOOKUP(AA3,'Axe 2 Règles de gestion'!$D$2:$F$15,3, FALSE) -> Le plan est formalisé par une convention signée par l'agent, son responsable hiérarchique et par le service de ressources humaines chargé de sa gestion. | AC3: PCO_I_007 | AD3: =VLOOKUP(AC3,'Axe 2 Règles de gestion'!$D$2:$F$15,3, FALSE) -> La convention doit avoir une durée et un objectif professionnel déterminés. | AE3: PCO_I_008 | AF3: =VLOOKUP(AE3,'Axe 2 Règles de gestion'!$D$2:$F$15,3, FALSE) -> La convention précise les actions à mettre en œuvre compte tenu des opportunités d'apprentissage, de l'intérêt du service et de sa soutenabilité organisationnelle et financière. | AG3: PCO_I_009 | AH3: =VLOOKUP(AG3,'Axe 2 Règles de gestion'!$D$2:$F$15,3, FALSE) -> La convention précise les modalités de suivi et d'échanges réguliers en vue de faire évoluer le plan. | AI3: PCO_I_002 | AJ3: =VLOOKUP(AI3,'Axe 2 Règles de gestion'!$D$2:$F$15,3, FALSE) -> Le plan est élaboré conjointement par l'agent et son administration d'emploi à l'issue d'échanges personnalisés et formalise les engagements convenus de part et d'autre. | AK3: PCO_I_003 | AL3: =VLOOKUP(AK3,'Axe 2 Règles de gestion'!$D$2:$F$15,3, FALSE) -> L'agent peut bénéficier, à sa demande, d'un accompagnement pour son élaboration ainsi que sa mise en oeuvre. | AM3: PCO_I_004 | AN3: =VLOOKUP(AM3,'Axe 2 Règles de gestion'!$D$2:$F$15,3, FALSE) -> Si celui-ci a été réalisé, le plan s'appuie sur le document de synthèse du bilan de parcours professionnel. | AO3: PCO_I_005 | AP3: =VLOOKUP(AO3,'Axe 2 Règles de gestion'!$D$2:$F$15,3, FALSE) -> Lorsque l'agent bénéficie de l'obligation d'emploi, le référent handicap est informé de la réalisation du plan. | AQ3: FOR_C_001 | AR3: =VLOOKUP(AQ3,'Axe 2 Règles de gestion'!$D$2:$F$15,3, FALSE) -> La date de début de la formation doit être postérieure ou égale à la date de recrutement dans la FPE ou dans la carrière militaire. | AS3: FOR_C_003 | AT3: =VLOOKUP(AS3,'Axe 2 Règles de gestion'!$D$2:$F$15,3, FALSE) -> La date de début de la formation doit être antérieure ou égale à la date de fin de la formation. | AU3: FOR_C_004 | AV3: =VLOOKUP(AU3,'Axe 2 Règles de gestion'!$D$2:$F$15,3, FALSE) -> La date de fin de formation doit être antérieure ou égale à la date limite de départ à la retraite.
A4: 23.10.00 | B4: M | C4: 45281.46 | D4: D0009 | E4: Formation | F4: S0163 | G4: Plan individuel de développement des compétences | H4: E0915 | I4: Plan individuel de développement des compétences | J4: Type de la formation demandée saisi égal 'Plan individuel de développement des compétences' | K4: P_ACF_TYDFOR [Saisi] = 'F21' | L4: T2234 | M4: Plan individuel de développement des compétences | N4: Création Modification | Q4: Contractuel | R4: P0003 | S4: N | T4: Général | U4: Passant | V4: 44767 | W4: 45155 | X4: PCO_I_001 ET PCO_I_002 ET PCO_I_003 ET PCO_I_004 ET PCO_I_005 ET FOR_C_002 ET FOR_C_003 ET FOR_C_004 ET FOR_C_005 | Y4: PCO_I_001 | Z4: =VLOOKUP(Y4,'Axe 2 Règles de gestion'!$D$2:$F$15,3, FALSE) -> Le plan est établi soit à l'initiative de l'agent, soit à l'initiative de l'employeur avec l'accord de l'agent. | AA4: PCO_I_002 | AB4: =VLOOKUP(AA4,'Axe 2 Règles de gestion'!$D$2:$F$15,3, FALSE) -> Le plan est élaboré conjointement par l'agent et son administration d'emploi à l'issue d'échanges personnalisés et formalise les engagements convenus de part et d'autre. | AC4: PCO_I_003 | AD4: =VLOOKUP(AC4,'Axe 2 Règles de gestion'!$D$2:$F$15,3, FALSE) -> L'agent peut bénéficier, à sa demande, d'un accompagnement pour son élaboration ainsi que sa mise en oeuvre. | AE4: PCO_I_004 | AF4: =VLOOKUP(AE4,'Axe 2 Règles de gestion'!$D$2:$F$15,3, FALSE) -> Si celui-ci a été réalisé, le plan s'appuie sur le document de synthèse du bilan de parcours professionnel. | AG4: PCO_I_005 | AH4: =VLOOKUP(AG4,'Axe 2 Règles de gestion'!$D$2:$F$15,3, FALSE) -> Lorsque l'agent bénéficie de l'obligation d'emploi, le référent handicap est informé de la réalisation du plan. | AQ4: FOR_C_002 | AR4: =VLOOKUP(AQ4,'Axe 2 Règles de gestion'!$D$2:$F$15,3, FALSE) -> La date de début de la formation doit être postérieure ou égale à la date de début du lien juridique. | AS4: FOR_C_003 | AT4: =VLOOKUP(AS4,'Axe 2 Règles de gestion'!$D$2:$F$15,3, FALSE) -> La date de début de la formation doit être antérieure ou égale à la date de fin de la formation. | AU4: FOR_C_004 | AV4: =VLOOKUP(AU4,'Axe 2 Règles de gestion'!$D$2:$F$15,3, FALSE) -> La date de fin de formation doit être antérieure ou égale à la date limite de départ à la retraite. | AW4: FOR_C_005 | AX4: =VLOOKUP(AW4,'Axe 2 Règles de gestion'!$D$2:$F$15,3, FALSE) -> La date de fin de la formation doit être antérieure ou égale à la date limite de fin réelle ou prévisionnelle du lien juridique.
A5: 23.10.00 | B5: A | C5: 45281.463 | D5: D0009 | E5: Formation | F5: S0163 | G5: Plan individuel de développement des compétences | H5: E0915 | I5: Plan individuel de développement des compétences | J5: Type de la formation demandée saisi égal 'Plan individuel de développement des compétences' | K5: P_ACF_TYDFOR [Saisi] = 'F21' | L5: T2234 | M5: Plan individuel de développement des compétences | N5: Création Modification | Q5: Contractuel | R5: P0003 | S5: N | T5: Général | U5: Passant | V5: 45156 | X5: PCO_I_001 ET PCO_I_006 ET PCO_I_007 ET PCO_I_008 ET PCO_I_009 ET PCO_I_002 ET PCO_I_003 ET PCO_I_004 ET PCO_I_005 ET FOR_C_002 ET FOR_C_003 ET FOR_C_004 ET FOR_C_005 | Y5: PCO_I_001 | Z5: =VLOOKUP(Y5,'Axe 2 Règles de gestion'!$D$2:$F$15,3, FALSE) -> Le plan est établi soit à l'initiative de l'agent, soit à l'initiative de l'employeur avec l'accord de l'agent. | AA5: PCO_I_006 | AB5: =VLOOKUP(AA5,'Axe 2 Règles de gestion'!$D$2:$F$15,3, FALSE) -> Le plan est formalisé par une convention signée par l'agent, son responsable hiérarchique et par le service de ressources humaines chargé de sa gestion. | AC5: PCO_I_007 | AD5: =VLOOKUP(AC5,'Axe 2 Règles de gestion'!$D$2:$F$15,3, FALSE) -> La convention doit avoir une durée et un objectif professionnel déterminés. | AE5: PCO_I_008 | AF5: =VLOOKUP(AE5,'Axe 2 Règles de gestion'!$D$2:$F$15,3, FALSE) -> La convention précise les actions à mettre en œuvre compte tenu des opportunités d'apprentissage, de l'intérêt du service et de sa soutenabilité organisationnelle et financière. | AG5: PCO_I_009 | AH5: =VLOOKUP(AG5,'Axe 2 Règles de gestion'!$D$2:$F$15,3, FALSE) -> La convention précise les modalités de suivi et d'échanges réguliers en vue de faire évoluer le plan. | AI5: PCO_I_002 | AJ5: =VLOOKUP(AI5,'Axe 2 Règles de gestion'!$D$2:$F$15,3, FALSE) -> Le plan est élaboré conjointement par l'agent et son administration d'emploi à l'issue d'échanges personnalisés et formalise les engagements convenus de part et d'autre. | AK5: PCO_I_003 | AL5: =VLOOKUP(AK5,'Axe 2 Règles de gestion'!$D$2:$F$15,3, FALSE) -> L'agent peut bénéficier, à sa demande, d'un accompagnement pour son élaboration ainsi que sa mise en oeuvre. | AM5: PCO_I_004 | AN5: =VLOOKUP(AM5,'Axe 2 Règles de gestion'!$D$2:$F$15,3, FALSE) -> Si celui-ci a été réalisé, le plan s'appuie sur le document de synthèse du bilan de parcours professionnel. | AO5: PCO_I_005 | AP5: =VLOOKUP(AO5,'Axe 2 Règles de gestion'!$D$2:$F$15,3, FALSE) -> Lorsque l'agent bénéficie de l'obligation d'emploi, le référent handicap est informé de la réalisation du plan. | AQ5: FOR_C_002 | AR5: =VLOOKUP(AQ5,'Axe 2 Règles de gestion'!$D$2:$F$15,3, FALSE) -> La date de début de la formation doit être postérieure ou égale à la date de début du lien juridique. | AS5: FOR_C_003 | AT5: =VLOOKUP(AS5,'Axe 2 Règles de gestion'!$D$2:$F$15,3, FALSE) -> La date de début de la formation doit être antérieure ou égale à la date de fin de la formation. | AU5: FOR_C_004 | AV5: =VLOOKUP(AU5,'Axe 2 Règles de gestion'!$D$2:$F$15,3, FALSE) -> La date de fin de formation doit être antérieure ou égale à la date limite de départ à la retraite. | AW5: FOR_C_005 | AX5: =VLOOKUP(AW5,'Axe 2 Règles de gestion'!$D$2:$F$15,3, FALSE) -> La date de fin de la formation doit être antérieure ou égale à la date limite de fin réelle ou prévisionnelle du lien juridique.
A6: 23.10.00 | B6: M | C6: 45281.463 | D6: D0009 | E6: Formation | F6: S0163 | G6: Plan individuel de développement des compétences | H6: E0915 | I6: Plan individuel de développement des compétences | J6: Type de la formation demandée saisi égal 'Plan individuel de développement des compétences' | K6: P_ACF_TYDFOR [Saisi] = 'F21' | L6: T2234 | M6: Plan individuel de développement des compétences | N6: Création Modification | Q6: Stagiaire ou auditeur ou élève | R6: P0004 | S6: S | T6: Général | U6: Passant | V6: 44767 | W6: 45155 | X6: PCO_I_001 ET PCO_I_002 ET PCO_I_003 ET PCO_I_004 ET PCO_I_005 ET FOR_C_001 ET FOR_C_003 ET FOR_C_004 | Y6: PCO_I_001 | Z6: =VLOOKUP(Y6,'Axe 2 Règles de gestion'!$D$2:$F$15,3, FALSE) -> Le plan est établi soit à l'initiative de l'agent, soit à l'initiative de l'employeur avec l'accord de l'agent. | AA6: PCO_I_002 | AB6: =VLOOKUP(AA6,'Axe 2 Règles de gestion'!$D$2:$F$15,3, FALSE) -> Le plan est élaboré conjointement par l'agent et son administration d'emploi à l'issue d'échanges personnalisés et formalise les engagements convenus de part et d'autre. | AC6: PCO_I_003 | AD6: =VLOOKUP(AC6,'Axe 2 Règles de gestion'!$D$2:$F$15,3, FALSE) -> L'agent peut bénéficier, à sa demande, d'un accompagnement pour son élaboration ainsi que sa mise en oeuvre. | AE6: PCO_I_004 | AF6: =VLOOKUP(AE6,'Axe 2 Règles de gestion'!$D$2:$F$15,3, FALSE) -> Si celui-ci a été réalisé, le plan s'appuie sur le document de synthèse du bilan de parcours professionnel. | AG6: PCO_I_005 | AH6: =VLOOKUP(AG6,'Axe 2 Règles de gestion'!$D$2:$F$15,3, FALSE) -> Lorsque l'agent bénéficie de l'obligation d'emploi, le référent handicap est informé de la réalisation du plan. | AQ6: FOR_C_001 | AR6: =VLOOKUP(AQ6,'Axe 2 Règles de gestion'!$D$2:$F$15,3, FALSE) -> La date de début de la formation doit être postérieure ou égale à la date de recrutement dans la FPE ou dans la carrière militaire. | AS6: FOR_C_003 | AT6: =VLOOKUP(AS6,'Axe 2 Règles de gestion'!$D$2:$F$15,3, FALSE) -> La date de début de la formation doit être antérieure ou égale à la date de fin de la formation. | AU6: FOR_C_004 | AV6: =VLOOKUP(AU6,'Axe 2 Règles de gestion'!$D$2:$F$15,3, FALSE) -> La date de fin de formation doit être antérieure ou égale à la date limite de départ à la retraite.
A7: 23.10.00 | B7: A | C7: 45281.463 | D7: D0009 | E7: Formation | F7: S0163 | G7: Plan individuel de développement des compétences | H7: E0915 | I7: Plan individuel de développement des compétences | J7: Type de la formation demandée saisi égal 'Plan individuel de développement des compétences' | K7: P_ACF_TYDFOR [Saisi] = 'F21' | L7: T2234 | M7: Plan individuel de développement des compétences | N7: Création Modification | Q7: Stagiaire ou auditeur ou élève | R7: P0004 | S7: S | T7: Général | U7: Passant | V7: 45156 | X7: PCO_I_001 ET PCO_I_006 ET PCO_I_007 ET PCO_I_008 ET PCO_I_009 ET PCO_I_002 ET PCO_I_003 ET PCO_I_004 ET PCO_I_005 ET FOR_C_001 ET FOR_C_003 ET FOR_C_004 | Y7: PCO_I_001 | Z7: =VLOOKUP(Y7,'Axe 2 Règles de gestion'!$D$2:$F$15,3, FALSE) -> Le plan est établi soit à l'initiative de l'agent, soit à l'initiative de l'employeur avec l'accord de l'agent. | AA7: PCO_I_006 | AB7: =VLOOKUP(AA7,'Axe 2 Règles de gestion'!$D$2:$F$15,3, FALSE) -> Le plan est formalisé par une convention signée par l'agent, son responsable hiérarchique et par le service de ressources humaines chargé de sa gestion. | AC7: PCO_I_007 | AD7: =VLOOKUP(AC7,'Axe 2 Règles de gestion'!$D$2:$F$15,3, FALSE) -> La convention doit avoir une durée et un objectif professionnel déterminés. | AE7: PCO_I_008 | AF7: =VLOOKUP(AE7,'Axe 2 Règles de gestion'!$D$2:$F$15,3, FALSE) -> La convention précise les actions à mettre en œuvre compte tenu des opportunités d'apprentissage, de l'intérêt du service et de sa soutenabilité organisationnelle et financière. | AG7: PCO_I_009 | AH7: =VLOOKUP(AG7,'Axe 2 Règles de gestion'!$D$2:$F$15,3, FALSE) -> La convention précise les modalités de suivi et d'échanges réguliers en vue de faire évoluer le plan. | AI7: PCO_I_002 | AJ7: =VLOOKUP(AI7,'Axe 2 Règles de gestion'!$D$2:$F$15,3, FALSE) -> Le plan est élaboré conjointement par l'agent et son administration d'emploi à l'issue d'échanges personnalisés et formalise les engagements convenus de part et d'autre. | AK7: PCO_I_003 | AL7: =VLOOKUP(AK7,'Axe 2 Règles de gestion'!$D$2:$F$15,3, FALSE) -> L'agent peut bénéficier, à sa demande, d'un accompagnement pour son élaboration ainsi que sa mise en oeuvre. | AM7: PCO_I_004 | AN7: =VLOOKUP(AM7,'Axe 2 Règles de gestion'!$D$2:$F$15,3, FALSE) -> Si celui-ci a été réalisé, le plan s'appuie sur le document de synthèse du bilan de parcours professionnel. | AO7: PCO_I_005 | AP7: =VLOOKUP(AO7,'Axe 2 Règles de gestion'!$D$2:$F$15,3, FALSE) -> Lorsque l'agent bénéficie de l'obligation d'emploi, le référent handicap est informé de la réalisation du plan. | AQ7: FOR_C_001 | AR7: =VLOOKUP(AQ7,'Axe 2 Règles de gestion'!$D$2:$F$15,3, FALSE) -> La date de début de la formation doit être postérieure ou égale à la date de recrutement dans la FPE ou dans la carrière militaire. | AS7: FOR_C_003 | AT7: =VLOOKUP(AS7,'Axe 2 Règles de gestion'!$D$2:$F$15,3, FALSE) -> La date de début de la formation doit être antérieure ou égale à la date de fin de la formation. | AU7: FOR_C_004 | AV7: =VLOOKUP(AU7,'Axe 2 Règles de gestion'!$D$2:$F$15,3, FALSE) -> La date de fin de formation doit être antérieure ou égale à la date limite de départ à la retraite.
A8: 23.10.00 | B8: M | C8: 45281.463 | D8: D0009 | E8: Formation | F8: S0163 | G8: Plan individuel de développement des compétences | H8: E0915 | I8: Plan individuel de développement des compétences | J8: Type de la formation demandée saisi égal 'Plan individuel de développement des compétences' | K8: P_ACF_TYDFOR [Saisi] = 'F21' | L8: T2234 | M8: Plan individuel de développement des compétences | N8: Création Modification | Q8: Ouvrier d'état | R8: P0005 | S8: O | T8: Général | U8: Passant | V8: 44767 | W8: 45155 | X8: PCO_I_001 ET PCO_I_002 ET PCO_I_003 ET PCO_I_004 ET PCO_I_005 ET FOR_C_002 ET FOR_C_003 ET FOR_C_004 ET FOR_C_005 | Y8: PCO_I_001 | Z8: =VLOOKUP(Y8,'Axe 2 Règles de gestion'!$D$2:$F$15,3, FALSE) -> Le plan est établi soit à l'initiative de l'agent, soit à l'initiative de l'employeur avec l'accord de l'agent. | AA8: PCO_I_002 | AB8: =VLOOKUP(AA8,'Axe 2 Règles de gestion'!$D$2:$F$15,3, FALSE) -> Le plan est élaboré conjointement par l'agent et son administration d'emploi à l'issue d'échanges personnalisés et formalise les engagements convenus de part et d'autre. | AC8: PCO_I_003 | AD8: =VLOOKUP(AC8,'Axe 2 Règles de gestion'!$D$2:$F$15,3, FALSE) -> L'agent peut bénéficier, à sa demande, d'un accompagnement pour son élaboration ainsi que sa mise en oeuvre. | AE8: PCO_I_004 | AF8: =VLOOKUP(AE8,'Axe 2 Règles de gestion'!$D$2:$F$15,3, FALSE) -> Si celui-ci a été réalisé, le plan s'appuie sur le document de synthèse du bilan de parcours professionnel. | AG8: PCO_I_005 | AH8: =VLOOKUP(AG8,'Axe 2 Règles de gestion'!$D$2:$F$15,3, FALSE) -> Lorsque l'agent bénéficie de l'obligation d'emploi, le référent handicap est informé de la réalisation du plan. | AQ8: FOR_C_002 | AR8: =VLOOKUP(AQ8,'Axe 2 Règles de gestion'!$D$2:$F$15,3, FALSE) -> La date de début de la formation doit être postérieure ou égale à la date de début du lien juridique. | AS8: FOR_C_003 | AT8: =VLOOKUP(AS8,'Axe 2 Règles de gestion'!$D$2:$F$15,3, FALSE) -> La date de début de la formation doit être antérieure ou égale à la date de fin de la formation. | AU8: FOR_C_004 | AV8: =VLOOKUP(AU8,'Axe 2 Règles de gestion'!$D$2:$F$15,3, FALSE) -> La date de fin de formation doit être antérieure ou égale à la date limite de départ à la retraite. | AW8: FOR_C_005 | AX8: =VLOOKUP(AW8,'Axe 2 Règles de gestion'!$D$2:$F$15,3, FALSE) -> La date de fin de la formation doit être antérieure ou égale à la date limite de fin réelle ou prévisionnelle du lien juridique.
A9: 23.10.00 | B9: A | C9: 45281.463 | D9: D0009 | E9: Formation | F9: S0163 | G9: Plan individuel de développement des compétences | H9: E0915 | I9: Plan individuel de développement des compétences | J9: Type de la formation demandée saisi égal 'Plan individuel de développement des compétences' | K9: P_ACF_TYDFOR [Saisi] = 'F21' | L9: T2234 | M9: Plan individuel de développement des compétences | N9: Création Modification | Q9: Ouvrier d'état | R9: P0005 | S9: O | T9: Général | U9: Passant | V9: 45156 | X9: PCO_I_001 ET PCO_I_006 ET PCO_I_007 ET PCO_I_008 ET PCO_I_009 ET PCO_I_002 ET PCO_I_003 ET PCO_I_004 ET PCO_I_005 ET FOR_C_002 ET FOR_C_003 ET FOR_C_004 ET FOR_C_005 | Y9: PCO_I_001 | Z9: =VLOOKUP(Y9,'Axe 2 Règles de gestion'!$D$2:$F$15,3, FALSE) -> Le plan est établi soit à l'initiative de l'agent, soit à l'initiative de l'employeur avec l'accord de l'agent. | AA9: PCO_I_006 | AB9: =VLOOKUP(AA9,'Axe 2 Règles de gestion'!$D$2:$F$15,3, FALSE) -> Le plan est formalisé par une convention signée par l'agent, son responsable hiérarchique et par le service de ressources humaines chargé de sa gestion. | AC9: PCO_I_007 | AD9: =VLOOKUP(AC9,'Axe 2 Règles de gestion'!$D$2:$F$15,3, FALSE) -> La convention doit avoir une durée et un objectif professionnel déterminés. | AE9: PCO_I_008 | AF9: =VLOOKUP(AE9,'Axe 2 Règles de gestion'!$D$2:$F$15,3, FALSE) -> La convention précise les actions à mettre en œuvre compte tenu des opportunités d'apprentissage, de l'intérêt du service et de sa soutenabilité organisationnelle et financière. | AG9: PCO_I_009 | AH9: =VLOOKUP(AG9,'Axe 2 Règles de gestion'!$D$2:$F$15,3, FALSE) -> La convention précise les modalités de suivi et d'échanges réguliers en vue de faire évoluer le plan. | AI9: PCO_I_002 | AJ9: =VLOOKUP(AI9,'Axe 2 Règles de gestion'!$D$2:$F$15,3, FALSE) -> Le plan est élaboré conjointement par l'agent et son administration d'emploi à l'issue d'échanges personnalisés et formalise les engagements convenus de part et d'autre. | AK9: PCO_I_003 | AL9: =VLOOKUP(AK9,'Axe 2 Règles de gestion'!$D$2:$F$15,3, FALSE) -> L'agent peut bénéficier, à sa demande, d'un accompagnement pour son élaboration ainsi que sa mise en oeuvre. | AM9: PCO_I_004 | AN9: =VLOOKUP(AM9,'Axe 2 Règles de gestion'!$D$2:$F$15,3, FALSE) -> Si celui-ci a été réalisé, le plan s'appuie sur le document de synthèse du bilan de parcours professionnel. | AO9: PCO_I_005 | AP9: =VLOOKUP(AO9,'Axe 2 Règles de gestion'!$D$2:$F$15,3, FALSE) -> Lorsque l'agent bénéficie de l'obligation d'emploi, le référent handicap est informé de la réalisation du plan. | AQ9: FOR_C_002 | AR9: =VLOOKUP(AQ9,'Axe 2 Règles de gestion'!$D$2:$F$15,3, FALSE) -> La date de début de la formation doit être postérieure ou égale à la date de début du lien juridique. | AS9: FOR_C_003 | AT9: =VLOOKUP(AS9,'Axe 2 Règles de gestion'!$D$2:$F$15,3, FALSE) -> La date de début de la formation doit être antérieure ou égale à la date de fin de la formation. | AU9: FOR_C_004 | AV9: =VLOOKUP(AU9,'Axe 2 Règles de gestion'!$D$2:$F$15,3, FALSE) -> La date de fin de formation doit être antérieure ou égale à la date limite de départ à la retraite. | AW9: FOR_C_005 | AX9: =VLOOKUP(AW9,'Axe 2 Règles de gestion'!$D$2:$F$15,3, FALSE) -> La date de fin de la formation doit être antérieure ou égale à la date limite de fin réelle ou prévisionnelle du lien juridique.

Sheet Axe 1 Enchaînement RG Impact
A1: Version | B1: Type de mise à jour | C1: Date de mise à jour | D1: Identifiant Domaine | E1: Libellé du Domaine | F1: Identifiant Sous-domaine | G1: Libellé du Sous-domaine | H1: Identifiant Evénement | I1: Libellé de l'évènement | J1: Libellé condition déclenchement Evènement | K1: Condition déclenchement Evènement | L1: Identifiant type d'évènement | M1: Libellé type d'évènement | N1: Type de mise à jour | O1: Libellé condition déclenchement Type Evènement | P1: Condition déclenchement Type Evènement | Q1: Libellé Population | R1: Codification Population | S1: Typologie de population | T1: Général / Particulier | U1: Passant / Exclu | V1: Date de début | W1: Date de fin | X1: Impacts | Y1: FIME | Z1: Statut de travail
A2: 23.10.00 | B2: M | C2: 45281.474 | D2: D0009 | E2: Formation | F2: S0163 | G2: Plan individuel de développement des compétences | H2: E0915 | I2: Plan individuel de développement des compétences | J2: Type de la formation demandée saisi égal 'Plan individuel de développement des compétences' | K2: P_ACF_TYDFOR [Saisi] = 'F21' | L2: T2234 | M2: Plan individuel de développement des compétences | N2: Création Modification | Q2: Titulaire ou magistrat | R2: P0001 | S2: T | T2: Général | U2: Passant | V2: 44767 | W2: 45155
A3: 23.10.00 | B3: A | C3: 45281.474 | D3: D0009 | E3: Formation | F3: S0163 | G3: Plan individuel de développement des compétences | H3: E0915 | I3: Plan individuel de développement des compétences | J3: Type de la formation demandée saisi égal 'Plan individuel de développement des compétences' | K3: P_ACF_TYDFOR [Saisi] = 'F21' | L3: T2234 | M3: Plan individuel de développement des compétences | N3: Création Modification | Q3: Titulaire ou magistrat | R3: P0001 | S3: T | T3: Général | U3: Passant | V3: 45156
A4: 23.10.00 | B4: M | C4: 45281.46 | D4: D0009 | E4: Formation | F4: S0163 | G4: Plan individuel de développement des compétences | H4: E0915 | I4: Plan individuel de développement des compétences | J4: Type de la formation demandée saisi égal 'Plan individuel de développement des compétences' | K4: P_ACF_TYDFOR [Saisi] = 'F21' | L4: T2234 | M4: Plan individuel de développement des compétences | N4: Création Modification | Q4: Contractuel | R4: P0003 | S4: N | T4: Général | U4: Passant | V4: 44767 | W4: 45155
A5: 23.10.00 | B5: A | C5: 45281.463 | D5: D0009 | E5: Formation | F5: S0163 | G5: Plan individuel de développement des compétences | H5: E0915 | I5: Plan individuel de développement des compétences | J5: Type de la formation demandée saisi égal 'Plan individuel de développement des compétences' | K5: P_ACF_TYDFOR [Saisi] = 'F21' | L5: T2234 | M5: Plan individuel de développement des compétences | N5: Création Modification | Q5: Contractuel | R5: P0003 | S5: N | T5: Général | U5: Passant | V5: 45156
A6: 23.10.00 | B6: M | C6: 45281.463 | D6: D0009 | E6: Formation | F6: S0163 | G6: Plan individuel de développement des compétences | H6: E0915 | I6: Plan individuel de développement des compétences | J6: Type de la formation demandée saisi égal 'Plan individuel de développement des compétences' | K6: P_ACF_TYDFOR [Saisi] = 'F21' | L6: T2234 | M6: Plan individuel de développement des compétences | N6: Création Modification | Q6: Stagiaire ou auditeur ou élève | R6: P0004 | S6: S | T6: Général | U6: Passant | V6: 44767 | W6: 45155
A7: 23.10.00 | B7: A | C7: 45281.463 | D7: D0009 | E7: Formation | F7: S0163 | G7: Plan individuel de développement des compétences | H7: E0915 | I7: Plan individuel de développement des compétences | J7: Type de la formation demandée saisi égal 'Plan individuel de développement des compétences' | K7: P_ACF_TYDFOR [Saisi] = 'F21' | L7: T2234 | M7: Plan individuel de développement des compétences | N7: Création Modification | Q7: Stagiaire ou auditeur ou élève | R7: P0004 | S7: S | T7: Général | U7: Passant | V7: 45156
A8: 23.10.00 | B8: M | C8: 45281.463 | D8: D0009 | E8: Formation | F8: S0163 | G8: Plan individuel de développement des compétences | H8: E0915 | I8: Plan individuel de développement des compétences | J8: Type de la formation demandée saisi égal 'Plan individuel de développement des compétences' | K8: P_ACF_TYDFOR [Saisi] = 'F21' | L8: T2234 | M8: Plan individuel de développement des compétences | N8: Création Modification | Q8: Ouvrier d'état | R8: P0005 | S8: O | T8: Général | U8: Passant | V8: 44767 | W8: 45155
A9: 23.10.00 | B9: A | C9: 45281.463 | D9: D0009 | E9: Formation | F9: S0163 | G9: Plan individuel de développement des compétences | H9: E0915 | I9: Plan individuel de développement des compétences | J9: Type de la formation demandée saisi égal 'Plan individuel de développement des compétences' | K9: P_ACF_TYDFOR [Saisi] = 'F21' | L9: T2234 | M9: Plan individuel de développement des compétences | N9: Création Modification | Q9: Ouvrier d'état | R9: P0005 | S9: O | T9: Général | U9: Passant | V9: 45156

Sheet Axe 1 Rattachement des actes
A1: Version | B1: Type de mise à jour | C1: Date de mise à jour | D1: Identifiant Domaine | E1: Libellé du Domaine | F1: Identifiant Sous-domaine | G1: Libellé du Sous-domaine | H1: Identifiant Evénement | I1: Libellé de l'évènement | J1: Libellé condition déclenchement Evènement | K1: Condition déclenchement Evènement | L1: Identifiant type d'évènement | M1: Libellé type d'évènement | N1: Type de mise à jour | O1: Libellé condition déclenchement Type Evènement | P1: Condition déclenchement Type Evènement | Q1: Libellé Population | R1: Codification Population | S1: Général / Particulier | T1: Passant / Exclu | U1: Date de début | V1: Date de fin | W1: Libellé condition de déclenchement 1 | X1: Condition de déclenchement 1 | Y1: Code nature 1 | Z1: Libellé nature 1 | AA1: Libellé condition de déclenchement 2 | AB1: Condition de déclenchement 2 | AC1: Code nature 2 | AD1: Libellé nature 2 | AE1: Libellé condition de déclenchement 3 | AF1: Condition de déclenchement 3 | AG1: Code nature 3 | AH1: Libellé nature 3 | AI1: Libellé condition de déclenchement 4 | AJ1: Condition de déclenchement 4 | AK1: Code nature 4 | AL1: Libellé nature 4 | AM1: Commentaire | AN1: FIME | AO1: Statut de travail
A2: 23.10.00 | B2: M | C2: 45281.474 | D2: D0009 | E2: Formation | F2: S0163 | G2: Plan individuel de développement des compétences | H2: E0915 | I2: Plan individuel de développement des compétences | J2: Type de la formation demandée saisi égal 'Plan individuel de développement des compétences' | K2: P_ACF_TYDFOR [Saisi] = 'F21' | L2: T2234 | M2: Plan individuel de développement des compétences | N2: Création Modification | Q2: Titulaire ou magistrat | R2: P0001 | S2: Général | T2: Passant | U2: 25/07/2022 | V2: 45155
A3: 23.10.00 | B3: A | C3: 45281.474 | D3: D0009 | E3: Formation | F3: S0163 | G3: Plan individuel de développement des compétences | H3: E0915 | I3: Plan individuel de développement des compétences | J3: Type de la formation demandée saisi égal 'Plan individuel de développement des compétences' | K3: P_ACF_TYDFOR [Saisi] = 'F21' | L3: T2234 | M3: Plan individuel de développement des compétences | N3: Création Modification | Q3: Titulaire ou magistrat | R3: P0001 | S3: Général | T3: Passant | U3: 18/08/2023
A4: 23.10.00 | B4: M | C4: 45281.46 | D4: D0009 | E4: Formation | F4: S0163 | G4: Plan individuel de développement des compétences | H4: E0915 | I4: Plan individuel de développement des compétences | J4: Type de la formation demandée saisi égal 'Plan individuel de développement des compétences' | K4: P_ACF_TYDFOR [Saisi] = 'F21' | L4: T2234 | M4: Plan individuel de développement des compétences | N4: Création Modification | Q4: Contractuel | R4: P0003 | S4: Général | T4: Passant | U4: 25/07/2022 | V4: 45155
A5: 23.10.00 | B5: A | C5: 45281.463 | D5: D0009 | E5: Formation | F5: S0163 | G5: Plan individuel de développement des compétences | H5: E0915 | I5: Plan individuel de développement des compétences | J5: Type de la formation demandée saisi égal 'Plan individuel de développement des compétences' | K5: P_ACF_TYDFOR [Saisi] = 'F21' | L5: T2234 | M5: Plan individuel de développement des compétences | N5: Création Modification | Q5: Contractuel | R5: P0003 | S5: Général | T5: Passant | U5: 18/08/2023
A6: 23.10.00 | B6: M | C6: 45281.463 | D6: D0009 | E6: Formation | F6: S0163 | G6: Plan individuel de développement des compétences | H6: E0915 | I6: Plan individuel de développement des compétences | J6: Type de la formation demandée saisi égal 'Plan individuel de développement des compétences' | K6: P_ACF_TYDFOR [Saisi] = 'F21' | L6: T2234 | M6: Plan individuel de développement des compétences | N6: Création Modification | Q6: Stagiaire ou auditeur ou élève | R6: P0004 | S6: Général | T6: Passant | U6: 25/07/2022 | V6: 45155
A7: 23.10.00 | B7: A | C7: 45281.463 | D7: D0009 | E7: Formation | F7: S0163 | G7: Plan individuel de développement des compétences | H7: E0915 | I7: Plan individuel de développement des compétences | J7: Type de la formation demandée saisi égal 'Plan individuel de développement des compétences' | K7: P_ACF_TYDFOR [Saisi] = 'F21' | L7: T2234 | M7: Plan individuel de développement des compétences | N7: Création Modification | Q7: Stagiaire ou auditeur ou élève | R7: P0004 | S7: Général | T7: Passant | U7: 18/08/2023
A8: 23.10.00 | B8: M | C8: 45281.463 | D8: D0009 | E8: Formation | F8: S0163 | G8: Plan individuel de développement des compétences | H8: E0915 | I8: Plan individuel de développement des compétences | J8: Type de la formation demandée saisi égal 'Plan individuel de développement des compétences' | K8: P_ACF_TYDFOR [Saisi] = 'F21' | L8: T2234 | M8: Plan individuel de développement des compétences | N8: Création Modification | Q8: Ouvrier d'état | R8: P0005 | S8: Général | T8: Passant | U8: 25/07/2022 | V8: 45155
A9: 23.10.00 | B9: A | C9: 45281.463 | D9: D0009 | E9: Formation | F9: S0163 | G9: Plan individuel de développement des compétences | H9: E0915 | I9: Plan individuel de développement des compétences | J9: Type de la formation demandée saisi égal 'Plan individuel de développement des compétences' | K9: P_ACF_TYDFOR [Saisi] = 'F21' | L9: T2234 | M9: Plan individuel de développement des compétences | N9: Création Modification | Q9: Ouvrier d'état | R9: P0005 | S9: Général | T9: Passant | U9: 18/08/2023

Sheet Axe 2 Règles de gestion
A1: Version | B1: Type de mise à jour | C1: Date de mise à jour | D1: Code de la règle | E1: Type de règle | F1: Règle littérale | G1: Références juridiques | H1: Date de début | I1: Date de fin | J1: Condition | K1: Articulation | L1: Type de contrôle | M1: Commentaire | N1: Typage RG exclusion | O1: Typage RG condition | P1: Typage RG contrôle | Q1: Typage RG intellectuel | R1: Typage RG impact | S1: FIME | T1: Statut de travail | U1: Règle retenue | V1: Expression littérale
A2: 20.00.00 | B2: A | C2: 43756.455 | D2: FOR_C_001 | E2: Contrôle | F2: La date de début de la formation doit être postérieure ou égale à la date de recrutement dans la FPE ou dans la carrière militaire. | H2: 40725 | K2: P_ACF_DDSFOR [Saisi] >= A_SAP_DENFPE [Dossier] | L2: Bloquant
A3: 20.00.00 | B3: A | C3: 43756.456 | D3: FOR_C_002 | E3: Contrôle | F3: La date de début de la formation doit être postérieure ou égale à la date de début du lien juridique. | H3: 40725 | K3: P_ACF_DDSFOR [Saisi] >= A_CAR_DDLIJU [Dossier] | L3: Bloquant
A4: 20.00.00 | B4: A | C4: 43756.456 | D4: FOR_C_003 | E4: Contrôle | F4: La date de début de la formation doit être antérieure ou égale à la date de fin de la formation. | H4: 40725 | K4: P_ACF_DDSFOR [Saisi] <= P_ACF_DFSFOR [Saisi] | L4: Bloquant
A5: 20.00.00 | B5: A | C5: 43756.456 | D5: FOR_C_004 | E5: Contrôle | F5: La date de fin de formation doit être antérieure ou égale à la date limite de départ à la retraite. | H5: 40725 | K5: P_ACF_DFSFOR [Saisi] < A_SAP_DLDPRE [Dossier] | L5: Non Bloquant | M5: .
A6: 20.00.00 | B6: A | C6: 43790.405 | D6: FOR_C_005 | E6: Contrôle | F6: La date de fin de la formation doit être antérieure ou égale à la date limite de fin réelle ou prévisionnelle du lien juridique. | H6: 40725 | J6: SI A_CAR_TYPCOT [Dossier] ='TC01' | K6: P_ACF_DFSFOR [Saisi] <= [Date limite de fin réelle ou prévisionnelle du lien juridique] | L6: Bloquant
A7: 22.10.00 | B7: A | C7: 44935.537 | D7: PCO_I_001 | E7: Intellectuel | F7: Le plan est établi soit à l'initiative de l'agent, soit à l'initiative de l'employeur avec l'accord de l'agent. | G7: Décret 2022-1043 A8 | H7: 44767 | L7: Non Bloquant | Q7: P0001 / P0003 / P0004 / P0005 - E0915 | U7: x | V7: Le plan est établi soit à l'initiative de l'agent, soit à l'initiative de l'employeur avec l'accord de l'agent.
A8: 22.10.00 | B8: A | C8: 44935.537 | D8: PCO_I_002 | E8: Intellectuel | F8: Le plan est élaboré conjointement par l'agent et son administration d'emploi à l'issue d'échanges personnalisés et formalise les engagements convenus de part et d'autre. | G8: Décret 2022-1043 A8 | H8: 44767 | L8: Non Bloquant | Q8: P0001 / P0003 / P0004 / P0005 - E0915 | U8: x | V8: Le plan est élaboré conjointement par l'agent et son administration d'emploi à l'issue d'échanges personnalisés et formalise les engagements convenus de part et d'autre.
A9: 22.10.00 | B9: A | C9: 44935.537 | D9: PCO_I_003 | E9: Intellectuel | F9: L'agent peut bénéficier, à sa demande, d'un accompagnement pour son élaboration ainsi que sa mise en oeuvre. | G9: Décret 2022-1043 A8 | H9: 44767 | L9: Non Bloquant | Q9: P0001 / P0003 / P0004 / P0005 - E0915 | U9: x | V9: L'agent peut bénéficier, à sa demande, d'un accompagnement pour son élaboration ainsi que sa mise en oeuvre.
A10: 22.10.00 | B10: A | C10: 44935.542 | D10: PCO_I_004 | E10: Intellectuel | F10: Si celui-ci a été réalisé, le plan s'appuie sur le document de synthèse du bilan de parcours professionnel. | G10: Décret 2022-1043 A8 | H10: 44767 | L10: Non Bloquant | U10: x | V10: Si celui-ci a été réalisé, le plan s'appuie sur le document de synthèse du bilan de parcours professionnel.
A11: 22.10.00 | B11: A | C11: 44935.583 | D11: PCO_I_005 | E11: Intellectuel | F11: Lorsque l'agent bénéficie de l'obligation d'emploi, le référent handicap est informé de la réalisation du plan. | G11: Décret 2022-1043 A8 | H11: 44767 | L11: Non Bloquant | Q11: P0001 / P0003 / P0004 / P0005 - E0915 | U11: x | V11: Lorsque l'agent bénéficie de l'obligation d'emploi, le référent handicap est informé de la réalisation du plan.
A12: 23.10.00 | B12: A | C12: 45282.431 | D12: PCO_I_006 | E12: Intellectuel | F12: Le plan est formalisé par une convention signée par l'agent, son responsable hiérarchique et par le service de ressources humaines chargé de sa gestion. | G12: Arrêté du 1er août 2023 A13 | H12: 45156 | L12: Non Bloquant | Q12: P0001 / P0003 / P0004 / P0005 - E0915 | U12: x | V12: Le plan est formalisé par une convention signée par l'agent, son responsable hiérarchique et par le service de ressources humaines chargé de sa gestion.
A13: 23.10.00 | B13: A | C13: 45282.614 | D13: PCO_I_007 | E13: Intellectuel | F13: La convention doit avoir une durée et un objectif professionnel déterminés. | G13: Arrêté du 1er août 2023 A13 | H13: 45156 | L13: Non Bloquant | Q13: P0001 / P0003 / P0004 / P0005 - E0915 | U13: x | V13: La convention doit avoir une durée et un objectif professionnel déterminés.
A14: 23.10.00 | B14: A | C14: 45282.432 | D14: PCO_I_008 | E14: Intellectuel | F14: La convention précise les actions à mettre en œuvre compte tenu des opportunités d'apprentissage, de l'intérêt du service et de sa soutenabilité organisationnelle et financière. | G14: Arrêté du 1er août 2023 A13 | H14: 45156 | L14: Non Bloquant | Q14: P0001 / P0003 / P0004 / P0005 - E0915 | U14: x | V14: La convention précise les actions à mettre en œuvre compte tenu des opportunités d'apprentissage, de l'intérêt du service et de sa soutenabilité organisationnelle et financière.
A15: 23.10.00 | B15: A | C15: 45282.432 | D15: PCO_I_009 | E15: Intellectuel | F15: La convention précise les modalités de suivi et d'échanges réguliers en vue de faire évoluer le plan. | G15: Arrêté du 1er août 2023 A13 | H15: 45156 | L15: Non Bloquant | Q15: P0001 / P0003 / P0004 / P0005 - E0915 | U15: x | V15: La convention précise les modalités de suivi et d'échanges réguliers en vue de faire évoluer le plan.
