Workbook

Sheet Mode opératoire
B1: MODE OPERATOIRE
B2: La transaction de l'événement "E0810 - Entretien de formation" s'effectue au niveau de la rubrique "Actions de formation" et inclut la sous-rubrique ''Formation demandée/suivie''.

Sheet Axe 1 Enchainement des RG
A1: Version | B1: Type de mise à jour | C1: Date de mise à jour | D1: Identifiant Domaine | E1: Libellé du Domaine | F1: Identifiant Sous-domaine | G1: Libellé du Sous-domaine | H1: Identifiant Evénement | I1: Libellé de l'évènement | J1: Libellé condition déclenchement Evènement | K1: Condition déclenchement Evènement | L1: Identifiant type d'évènement | M1: Libellé type d'évènement | N1: Type de mise à jour | O1: Libellé condition déclenchement Type Evènement | P1: Condition déclenchement Type Evènement | Q1: Libellé Population | R1: Codification Population | S1: Général / Particulier | T1: Passant / Exclu | U1: Date de début | V1: Date de fin | W1: Règles mobilisées | X1: Identifiant Règle de contrôle intellectuel 1 | Y1: Libellé Règle de contrôle intellectuel 1 | Z1: Identifiant Règle de contrôle intellectuel 2 | AA1: Libellé Règle de contrôle intellectuel 2 | AB1: Identifiant Règle de contrôle intellectuel 3 | AC1: Libellé Règle de contrôle intellectuel 3 | AD1: Identifiant Règle de contrôle intellectuel 4 | AE1: Libellé Règle de contrôle intellectuel 4 | AF1: Identifiant Règle de contrôle intellectuel 5 | AG1: Libellé Règle de contrôle intellectuel 5 | AH1: Identifiant Règle de contrôle intellectuel 6 | AI1: Libellé Règle de contrôle intellectuel 6 | AJ1: Identifiant Règle de contrôle intellectuel 7 | AK1: Libellé Règle de contrôle intellectuel 7 | AL1: Identifiant Règle de contrôle intellectuel 8 | AM1: Libellé Règle de contrôle intellectuel 8 | AN1: Identifiant Règle de contrôle intellectuel 9 | AO1: Libellé Règle de contrôle intellectuel 9 | AP1: Identifiant Règle de contrôle intellectuel 10 | AQ1: Libellé Règle de contrôle intellectuel 10 | AR1: Identifiant Règle de contrôle intellectuel 11 | AS1: Libellé Règle de contrôle intellectuel 11 | AT1: Identifiant Règle de contrôle intellectuel 12 | AU1: Libellé Règle de contrôle intellectuel 12 | AV1: Identifiant Règle de contrôle intellectuel 13 | AW1: Libellé Règle de contrôle intellectuel 13 | AX1: Identifiant Règle de condition 1 | AY1: Libellé Règle de condition 1 | AZ1: Identifiant Règle de contrôle 1 | BA1: Libellé Règle de contrôle 1 | BB1: FIME | BC1: Statut de travail
A2: 20.00.00 | B2: A | C2: 43880.711 | D2: D0009 | E2: Formation | F2: S0144 | G2: Entretien de formation | H2: E0810 | I2: Entretien de formation | J2: La date de l'entretien de formation est saisie | K2: A_NEV_ENTFOR [Saisi] <> Vide | L2: T2007 | M2: Entretien de formation | N2: Création Modification | Q2: Titulaire ou magistrat | R2: P0001 | S2: Général | T2: Passant | U2: 40725 | W2: EFO_I_001 ET EFO_I_002 ET EFO_I_003 ET EFO_I_004 ET EFO_I_005 ET EFO_I_006 ET EFO_I_007 ET EFO_I_008 ET EFO_I_009 ET EFO_I_010 ET EFO_I_011 ET EFO_I_012 ET EFO_D_001 ET EFO_C_001 | X2: EFO_I_001 | Y2: =VLOOKUP(X2,'Axe 2 Règles de gestion'!$D$2:$F$30,3, FALSE) -> L'entretien de formation vise à déterminer les besoins en formation de l'agent au vu des objectifs qui lui sont fixés et de son projet professionnel. | Z2: EFO_I_002 | AA2: =VLOOKUP(Z2,'Axe 2 Règles de gestion'!$D$2:$F$30,3, FALSE) -> L'entretien de formation complète l'entretien d'évaluation dont il suit la périodicité, et peut lui être associé. | AB2: EFO_I_003 | AC2: =VLOOKUP(AB2,'Axe 2 Règles de gestion'!$D$2:$F$30,3, FALSE) -> Avant l'entretien, l'agent peut consulter le service chargé de la formation. | AD2: EFO_I_004 | AE2: =VLOOKUP(AD2,'Axe 2 Règles de gestion'!$D$2:$F$30,3, FALSE) -> L'entretien de formation est conduit par le supérieur hiérarchique de l'agent. | AF2: EFO_I_005 | AG2: =VLOOKUP(AF2,'Axe 2 Règles de gestion'!$D$2:$F$30,3, FALSE) -> Lors de l'entretien de formation, sont rappelées les suites données aux demandes antérieures de formation de l'agent, puis sont débattues les formations nécessaires pour la nouvelle période au vu de ses missions et de ses perspectives professionnelles. | AH2: EFO_I_006 | AI2: =VLOOKUP(AH2,'Axe 2 Règles de gestion'!$D$2:$F$30,3, FALSE) -> L'entretien permet à l'agent de présenter, le cas échéant, les demandes de préparation concours, validation des acquis de l'expérience, bilan de compétences et période de professionnalisation. | AJ2: EFO_I_007 | AK2: =VLOOKUP(AJ2,'Axe 2 Règles de gestion'!$D$2:$F$30,3, FALSE) -> Un compte rendu de l'entretien est établi sous la responsabilité du supérieur hiérarchique. | AL2: EFO_I_008 | AM2: =VLOOKUP(AL2,'Axe 2 Règles de gestion'!$D$2:$F$30,3, FALSE) -> Le compte rendu contient les objectifs de formation proposés à l'agent. | AN2: EFO_I_009 | AO2: =VLOOKUP(AN2,'Axe 2 Règles de gestion'!$D$2:$F$30,3, FALSE) -> L'agent reçoit la communication du compte rendu et peut y ajouter ses observations. | AP2: EFO_I_010 | AQ2: =VLOOKUP(AP2,'Axe 2 Règles de gestion'!$D$2:$F$30,3, FALSE) -> Le compte rendu ainsi qu'une fiche retraçant les actions de formation auxquelles l'agent a participé et les actions de l'agent en tant que formateur sont versés à son dossier. | AR2: EFO_I_011 | AS2: =VLOOKUP(AR2,'Axe 2 Règles de gestion'!$D$2:$F$30,3, FALSE) -> L'agent est informé par son supérieur hiérarchique des suites données à son entretien de formation. | AT2: EFO_I_012 | AU2: =VLOOKUP(AT2,'Axe 2 Règles de gestion'!$D$2:$F$30,3, FALSE) -> Les refus opposés aux demandes de formation présentées à l'occasion de l'entretien de formation sont motivés. | AX2: EFO_D_001 | AY2: =VLOOKUP(AX2,'Axe 2 Règles de gestion'!$D$2:$F$30,3, FALSE) -> L'agent doit être en activité. | AZ2: EFO_C_001 | BA2: =VLOOKUP(AZ2,'Axe 2 Règles de gestion'!$D$2:$F$30,3, FALSE) -> La date de l'entretien de formation doit être postérieure ou égale à la date de recrutement dans la FPE.
A3: 20.00.00 | B3: A | C3: 43880.713 | D3: D0009 | E3: Formation | F3: S0144 | G3: Entretien de formation | H3: E0810 | I3: Entretien de formation | J3: La date de l'entretien de formation est saisie | K3: A_NEV_ENTFOR [Saisi] <> Vide | L3: T2007 | M3: Entretien de formation | N3: Création Modification | Q3: Contractuel | R3: P0003 | S3: Général | T3: Passant | U3: 40725 | W3: EFO_I_013 ET EFO_I_014 ET EFO_I_015 ET EFO_I_016 ET EFO_I_017 ET EFO_I_018 ET EFO_I_019 ET EFO_I_020 ET EFO_I_021 ET EFO_I_022 ET EFO_I_023 ET EFO_I_024 ET EFO_I_025 ET EFO_D_001 ET EFO_C_002 | X3: EFO_I_013 | Y3: =VLOOKUP(X3,'Axe 2 Règles de gestion'!$D$2:$F$30,3, FALSE) -> L'agent détaché auprès d'une administration de l'Etat ou dans un établissement public de l'Etat dans un emploi ne conduisant pas à pension est soumis aux règles applicables aux titulaires. | Z3: EFO_I_014 | AA3: =VLOOKUP(Z3,'Axe 2 Règles de gestion'!$D$2:$F$30,3, FALSE) -> L'entretien de formation vise à déterminer les besoins en formation de l'agent au vu des objectifs qui lui sont fixés et de son projet professionnel. | AB3: EFO_I_015 | AC3: =VLOOKUP(AB3,'Axe 2 Règles de gestion'!$D$2:$F$30,3, FALSE) -> L'entretien de formation complète l'entretien d'évaluation dont il suit la périodicité, et peut lui être associé. | AD3: EFO_I_016 | AE3: =VLOOKUP(AD3,'Axe 2 Règles de gestion'!$D$2:$F$30,3, FALSE) -> Avant l'entretien, l'agent peut consulter le service chargé de la formation. | AF3: EFO_I_017 | AG3: =VLOOKUP(AF3,'Axe 2 Règles de gestion'!$D$2:$F$30,3, FALSE) -> L'entretien de formation est conduit par le supérieur hiérarchique de l'agent. | AH3: EFO_I_018 | AI3: =VLOOKUP(AH3,'Axe 2 Règles de gestion'!$D$2:$F$30,3, FALSE) -> Lors de l'entretien de formation, sont rappelées les suites données aux demandes antérieures de formation de l'agent, puis sont débattues les formations nécessaires pour la nouvelle période au vu de ses missions et de ses perspectives professionnelles. | AJ3: EFO_I_019 | AK3: =VLOOKUP(AJ3,'Axe 2 Règles de gestion'!$D$2:$F$30,3, FALSE) -> L'entretien permet à l'agent de présenter, le cas échéant, les demandes de préparation concours, validation des acquis de l'expérience, bilan de compétences et période de professionnalisation. | AL3: EFO_I_020 | AM3: =VLOOKUP(AL3,'Axe 2 Règles de gestion'!$D$2:$F$30,3, FALSE) -> Un compte rendu de l'entretien est établi sous la responsabilité du supérieur hiérarchique. | AN3: EFO_I_021 | AO3: =VLOOKUP(AN3,'Axe 2 Règles de gestion'!$D$2:$F$30,3, FALSE) -> Le compte rendu contient les objectifs de formation proposés à l'agent. | AP3: EFO_I_022 | AQ3: =VLOOKUP(AP3,'Axe 2 Règles de gestion'!$D$2:$F$30,3, FALSE) -> L'agent reçoit la communication du compte rendu et peut y ajouter ses observations. | AR3: EFO_I_023 | AS3: =VLOOKUP(AR3,'Axe 2 Règles de gestion'!$D$2:$F$30,3, FALSE) -> Le compte rendu ainsi qu'une fiche retraçant les actions de formation de l'agent en tant que participant ou formateur sont versés à son dossier. | AT3: EFO_I_024 | AU3: =VLOOKUP(AT3,'Axe 2 Règles de gestion'!$D$2:$F$30,3, FALSE) -> L'agent est informé par son supérieur hiérarchique des suites données à son entretien de formation. | AV3: EFO_I_025 | AW3: =VLOOKUP(AV3,'Axe 2 Règles de gestion'!$D$2:$F$30,3, FALSE) -> Les refus opposés aux demandes de formation présentées à l'occasion de l'entretien de formation sont motivés. | AX3: EFO_D_001 | AY3: =VLOOKUP(AX3,'Axe 2 Règles de gestion'!$D$2:$F$30,3, FALSE) -> L'agent doit être en activité. | AZ3: EFO_C_002 | BA3: =VLOOKUP(AZ3,'Axe 2 Règles de gestion'!$D$2:$F$30,3, FALSE) -> La date de l'entretien de formation doit être postérieure ou égale à la date de début du lien juridique.
A4: 20.00.00 | B4: A | C4: 43880.713 | D4: D0009 | E4: Formation | F4: S0144 | G4: Entretien de formation | H4: E0810 | I4: Entretien de formation | J4: La date de l'entretien de formation est saisie | K4: A_NEV_ENTFOR [Saisi] <> Vide | L4: T2007 | M4: Entretien de formation | N4: Création Modification | Q4: Stagiaire ou auditeur ou élève | R4: P0004 | S4: Général | T4: Passant | U4: 40725 | W4: EFO_I_001 ET EFO_I_002 ET EFO_I_003 ET EFO_I_004 ET EFO_I_005 ET EFO_I_006 ET EFO_I_007 ET EFO_I_008 ET EFO_I_009 ET EFO_I_010 ET EFO_I_011 ET EFO_I_012 ET EFO_D_001 ET EFO_C_001 | X4: EFO_I_001 | Y4: =VLOOKUP(X4,'Axe 2 Règles de gestion'!$D$2:$F$30,3, FALSE) -> L'entretien de formation vise à déterminer les besoins en formation de l'agent au vu des objectifs qui lui sont fixés et de son projet professionnel. | Z4: EFO_I_002 | AA4: =VLOOKUP(Z4,'Axe 2 Règles de gestion'!$D$2:$F$30,3, FALSE) -> L'entretien de formation complète l'entretien d'évaluation dont il suit la périodicité, et peut lui être associé. | AB4: EFO_I_003 | AC4: =VLOOKUP(AB4,'Axe 2 Règles de gestion'!$D$2:$F$30,3, FALSE) -> Avant l'entretien, l'agent peut consulter le service chargé de la formation. | AD4: EFO_I_004 | AE4: =VLOOKUP(AD4,'Axe 2 Règles de gestion'!$D$2:$F$30,3, FALSE) -> L'entretien de formation est conduit par le supérieur hiérarchique de l'agent. | AF4: EFO_I_005 | AG4: =VLOOKUP(AF4,'Axe 2 Règles de gestion'!$D$2:$F$30,3, FALSE) -> Lors de l'entretien de formation, sont rappelées les suites données aux demandes antérieures de formation de l'agent, puis sont débattues les formations nécessaires pour la nouvelle période au vu de ses missions et de ses perspectives professionnelles. | AH4: EFO_I_006 | AI4: =VLOOKUP(AH4,'Axe 2 Règles de gestion'!$D$2:$F$30,3, FALSE) -> L'entretien permet à l'agent de présenter, le cas échéant, les demandes de préparation concours, validation des acquis de l'expérience, bilan de compétences et période de professionnalisation. | AJ4: EFO_I_007 | AK4: =VLOOKUP(AJ4,'Axe 2 Règles de gestion'!$D$2:$F$30,3, FALSE) -> Un compte rendu de l'entretien est établi sous la responsabilité du supérieur hiérarchique. | AL4: EFO_I_008 | AM4: =VLOOKUP(AL4,'Axe 2 Règles de gestion'!$D$2:$F$30,3, FALSE) -> Le compte rendu contient les objectifs de formation proposés à l'agent. | AN4: EFO_I_009 | AO4: =VLOOKUP(AN4,'Axe 2 Règles de gestion'!$D$2:$F$30,3, FALSE) -> L'agent reçoit la communication du compte rendu et peut y ajouter ses observations. | AP4: EFO_I_010 | AQ4: =VLOOKUP(AP4,'Axe 2 Règles de gestion'!$D$2:$F$30,3, FALSE) -> Le compte rendu ainsi qu'une fiche retraçant les actions de formation auxquelles l'agent a participé et les actions de l'agent en tant que formateur sont versés à son dossier. | AR4: EFO_I_011 | AS4: =VLOOKUP(AR4,'Axe 2 Règles de gestion'!$D$2:$F$30,3, FALSE) -> L'agent est informé par son supérieur hiérarchique des suites données à son entretien de formation. | AT4: EFO_I_012 | AU4: =VLOOKUP(AT4,'Axe 2 Règles de gestion'!$D$2:$F$30,3, FALSE) -> Les refus opposés aux demandes de formation présentées à l'occasion de l'entretien de formation sont motivés. | AX4: EFO_D_001 | AY4: =VLOOKUP(AX4,'Axe 2 Règles de gestion'!$D$2:$F$30,3, FALSE) -> L'agent doit être en activité. | AZ4: EFO_C_001 | BA4: =VLOOKUP(AZ4,'Axe 2 Règles de gestion'!$D$2:$F$30,3, FALSE) -> La date de l'entretien de formation doit être postérieure ou égale à la date de recrutement dans la FPE.
A5: 20.00.00 | B5: A | C5: 43880.714 | D5: D0009 | E5: Formation | F5: S0144 | G5: Entretien de formation | H5: E0810 | I5: Entretien de formation | J5: La date de l'entretien de formation est saisie | K5: A_NEV_ENTFOR [Saisi] <> Vide | L5: T2007 | M5: Entretien de formation | N5: Création Modification | Q5: Ouvrier d'état | R5: P0005 | S5: Général | T5: Passant | U5: 40725 | W5: EFO_I_014 ET EFO_I_015 ET EFO_I_016 ET EFO_I_017 ET EFO_I_018 ET EFO_I_019 ET EFO_I_020 ET EFO_I_021 ET EFO_I_022 ET EFO_I_023 ET EFO_I_024 ET EFO_I_025 ET EFO_D_001 ET EFO_C_002 | X5: EFO_I_014 | Y5: =VLOOKUP(X5,'Axe 2 Règles de gestion'!$D$2:$F$30,3, FALSE) -> L'entretien de formation vise à déterminer les besoins en formation de l'agent au vu des objectifs qui lui sont fixés et de son projet professionnel. | Z5: EFO_I_015 | AA5: =VLOOKUP(Z5,'Axe 2 Règles de gestion'!$D$2:$F$30,3, FALSE) -> L'entretien de formation complète l'entretien d'évaluation dont il suit la périodicité, et peut lui être associé. | AB5: EFO_I_016 | AC5: =VLOOKUP(AB5,'Axe 2 Règles de gestion'!$D$2:$F$30,3, FALSE) -> Avant l'entretien, l'agent peut consulter le service chargé de la formation. | AD5: EFO_I_017 | AE5: =VLOOKUP(AD5,'Axe 2 Règles de gestion'!$D$2:$F$30,3, FALSE) -> L'entretien de formation est conduit par le supérieur hiérarchique de l'agent. | AF5: EFO_I_018 | AG5: =VLOOKUP(AF5,'Axe 2 Règles de gestion'!$D$2:$F$30,3, FALSE) -> Lors de l'entretien de formation, sont rappelées les suites données aux demandes antérieures de formation de l'agent, puis sont débattues les formations nécessaires pour la nouvelle période au vu de ses missions et de ses perspectives professionnelles. | AH5: EFO_I_019 | AI5: =VLOOKUP(AH5,'Axe 2 Règles de gestion'!$D$2:$F$30,3, FALSE) -> L'entretien permet à l'agent de présenter, le cas échéant, les demandes de préparation concours, validation des acquis de l'expérience, bilan de compétences et période de professionnalisation. | AJ5: EFO_I_020 | AK5: =VLOOKUP(AJ5,'Axe 2 Règles de gestion'!$D$2:$F$30,3, FALSE) -> Un compte rendu de l'entretien est établi sous la responsabilité du supérieur hiérarchique. | AL5: EFO_I_021 | AM5: =VLOOKUP(AL5,'Axe 2 Règles de gestion'!$D$2:$F$30,3, FALSE) -> Le compte rendu contient les objectifs de formation proposés à l'agent. | AN5: EFO_I_022 | AO5: =VLOOKUP(AN5,'Axe 2 Règles de gestion'!$D$2:$F$30,3, FALSE) -> L'agent reçoit la communication du compte rendu et peut y ajouter ses observations. | AP5: EFO_I_023 | AQ5: =VLOOKUP(AP5,'Axe 2 Règles de gestion'!$D$2:$F$30,3, FALSE) -> Le compte rendu ainsi qu'une fiche retraçant les actions de formation de l'agent en tant que participant ou formateur sont versés à son dossier. | AR5: EFO_I_024 | AS5: =VLOOKUP(AR5,'Axe 2 Règles de gestion'!$D$2:$F$30,3, FALSE) -> L'agent est informé par son supérieur hiérarchique des suites données à son entretien de formation. | AT5: EFO_I_025 | AU5: =VLOOKUP(AT5,'Axe 2 Règles de gestion'!$D$2:$F$30,3, FALSE) -> Les refus opposés aux demandes de formation présentées à l'occasion de l'entretien de formation sont motivés. | AX5: EFO_D_001 | AY5: =VLOOKUP(AX5,'Axe 2 Règles de gestion'!$D$2:$F$30,3, FALSE) -> L'agent doit être en activité. | AZ5: EFO_C_002 | BA5: =VLOOKUP(AZ5,'Axe 2 Règles de gestion'!$D$2:$F$30,3, FALSE) -> La date de l'entretien de formation doit être postérieure ou égale à la date de début du lien juridique.
A6: 20.00.00 | B6: A | C6: 43880.716 | D6: D0009 | E6: Formation | F6: S0144 | G6: Entretien de formation | H6: E0810 | I6: Entretien de formation | J6: La date de l'entretien de formation est saisie | K6: A_NEV_ENTFOR [Saisi] <> Vide | L6: T2007 | M6: Entretien de formation | N6: Création Modification | Q6: Magistrat de l'ordre judiciaire | R6: P0007 | S6: Particulier | T6: Exclu | U6: 40725
A7: 20.00.00 | B7: A | C7: 43880.716 | D7: D0009 | E7: Formation | F7: S0144 | G7: Entretien de formation | H7: E0810 | I7: Entretien de formation | J7: La date de l'entretien de formation est saisie | K7: A_NEV_ENTFOR [Saisi] <> Vide | L7: T2007 | M7: Entretien de formation | N7: Création Modification | Q7: Auditeur de justice | R7: P0009 | S7: Particulier | T7: Exclu | U7: 40725
A8: 20.00.00 | B8: A | C8: 43880.717 | D8: D0009 | E8: Formation | F8: S0144 | G8: Entretien de formation | H8: E0810 | I8: Entretien de formation | J8: La date de l'entretien de formation est saisie | K8: A_NEV_ENTFOR [Saisi] <> Vide | L8: T2007 | M8: Entretien de formation | N8: Création Modification | Q8: Conseiller ou avocat général à la Cour de cassation en service extraordinaire | R8: P0046 | S8: Particulier | T8: Exclu | U8: 40725
A9: 20.00.00 | B9: A | C9: 43880.717 | D9: D0009 | E9: Formation | F9: S0144 | G9: Entretien de formation | H9: E0810 | I9: Entretien de formation | J9: La date de l'entretien de formation est saisie | K9: A_NEV_ENTFOR [Saisi] <> Vide | L9: T2007 | M9: Entretien de formation | N9: Création Modification | Q9: Personnel civil payé à l'acte ou à la tâche | R9: P0054 | S9: Particulier | T9: Exclu | U9: 40725
A10: 20.00.00 | B10: A | C10: 43880.715 | D10: D0009 | E10: Formation | F10: S0144 | G10: Entretien de formation | H10: E0810 | I10: Entretien de formation | J10: La date de l'entretien de formation est saisie | K10: A_NEV_ENTFOR [Saisi] <> Vide | L10: T2007 | M10: Entretien de formation | N10: Création Modification | Q10: Ouvrier de la défense auxiliaire non affilié ou temporaire non mensualisé | R10: P0182 | S10: Particulier | T10: Exclu | U10: 40725
A11: 25.10.00 | B11: M | C11: 45995.629 | D11: D0009 | E11: Formation | F11: S0144 | G11: Entretien de formation | H11: E0810 | I11: Entretien de formation | J11: La date de l'entretien de formation est saisie | K11: A_NEV_ENTFOR [Saisi] <> Vide | L11: T2007 | M11: Entretien de formation | N11: Création Modification | Q11: Ouvrier des parcs et ateliers confirmé non affilié ou stagiaire | R11: P0185 | S11: Particulier | T11: Exclu | U11: 40725 | V11: 45900 | BB11: 2025-119
A12: 25.10.00 | B12: A | C12: 45995.629 | D12: D0009 | E12: Formation | F12: S0144 | G12: Entretien de formation | H12: E0810 | I12: Entretien de formation | J12: La date de l'entretien de formation est saisie | K12: A_NEV_ENTFOR [Saisi] <> Vide | L12: T2007 | M12: Entretien de formation | N12: Création Modification | Q12: Ouvrier des parcs et ateliers confirmé non affilié ou stagiaire | R12: P0185 | S12: Particulier | T12: Passant | U12: 45901 | W12: EFO_I_026 ET EFO_I_014 ET EFO_I_015 ET EFO_I_016 ET EFO_I_017 ET EFO_I_018 ET EFO_I_019 ET EFO_I_020 ET EFO_I_021 ET EFO_I_022 ET EFO_I_023 ET EFO_I_024 ET EFO_I_025 ET EFO_D_001 ET EFO_C_002 | X12: EFO_I_026 | Y12: =VLOOKUP(X12,'Axe 2 Règles de gestion'!$D$2:$F$30,3, FALSE) -> L'agent bénéficie des dispositions applicables aux agents ouvriers affiliés pour l'entretien de formation. | Z12: EFO_I_014 | AA12: =VLOOKUP(Z12,'Axe 2 Règles de gestion'!$D$2:$F$30,3, FALSE) -> L'entretien de formation vise à déterminer les besoins en formation de l'agent au vu des objectifs qui lui sont fixés et de son projet professionnel. | AB12: EFO_I_015 | AC12: =VLOOKUP(AB12,'Axe 2 Règles de gestion'!$D$2:$F$30,3, FALSE) -> L'entretien de formation complète l'entretien d'évaluation dont il suit la périodicité, et peut lui être associé. | AD12: EFO_I_016 | AE12: =VLOOKUP(AD12,'Axe 2 Règles de gestion'!$D$2:$F$30,3, FALSE) -> Avant l'entretien, l'agent peut consulter le service chargé de la formation. | AF12: EFO_I_017 | AG12: =VLOOKUP(AF12,'Axe 2 Règles de gestion'!$D$2:$F$30,3, FALSE) -> L'entretien de formation est conduit par le supérieur hiérarchique de l'agent. | AH12: EFO_I_018 | AI12: =VLOOKUP(AH12,'Axe 2 Règles de gestion'!$D$2:$F$30,3, FALSE) -> Lors de l'entretien de formation, sont rappelées les suites données aux demandes antérieures de formation de l'agent, puis sont débattues les formations nécessaires pour la nouvelle période au vu de ses missions et de ses perspectives professionnelles. | AJ12: EFO_I_019 | AK12: =VLOOKUP(AJ12,'Axe 2 Règles de gestion'!$D$2:$F$30,3, FALSE) -> L'entretien permet à l'agent de présenter, le cas échéant, les demandes de préparation concours, validation des acquis de l'expérience, bilan de compétences et période de professionnalisation. | AL12: EFO_I_020 | AM12: =VLOOKUP(AL12,'Axe 2 Règles de gestion'!$D$2:$F$30,3, FALSE) -> Un compte rendu de l'entretien est établi sous la responsabilité du supérieur hiérarchique. | AN12: EFO_I_021 | AO12: =VLOOKUP(AN12,'Axe 2 Règles de gestion'!$D$2:$F$30,3, FALSE) -> Le compte rendu contient les objectifs de formation proposés à l'agent. | AP12: EFO_I_022 | AQ12: =VLOOKUP(AP12,'Axe 2 Règles de gestion'!$D$2:$F$30,3, FALSE) -> L'agent reçoit la communication du compte rendu et peut y ajouter ses observations. | AR12: EFO_I_023 | AS12: =VLOOKUP(AR12,'Axe 2 Règles de gestion'!$D$2:$F$30,3, FALSE) -> Le compte rendu ainsi qu'une fiche retraçant les actions de formation de l'agent en tant que participant ou formateur sont versés à son dossier. | AT12: EFO_I_024 | AU12: =VLOOKUP(AT12,'Axe 2 Règles de gestion'!$D$2:$F$30,3, FALSE) -> L'agent est informé par son supérieur hiérarchique des suites données à son entretien de formation. | AV12: EFO_I_025 | AW12: =VLOOKUP(AV12,'Axe 2 Règles de gestion'!$D$2:$F$30,3, FALSE) -> Les refus opposés aux demandes de formation présentées à l'occasion de l'entretien de formation sont motivés. | AX12: EFO_D_001 | AY12: =VLOOKUP(AX12,'Axe 2 Règles de gestion'!$D$2:$F$30,3, FALSE) -> L'agent doit être en activité. | AZ12: EFO_C_002 | BA12: =VLOOKUP(AZ12,'Axe 2 Règles de gestion'!$D$2:$F$30,3, FALSE) -> La date de l'entretien de formation doit être postérieure ou égale à la date de début du lien juridique. | BB12: 2025-119
A13: 20.00.00 | B13: A | C13: 43880.715 | D13: D0009 | E13: Formation | F13: S0144 | G13: Entretien de formation | H13: E0810 | I13: Entretien de formation | J13: La date de l'entretien de formation est saisie | K13: A_NEV_ENTFOR [Saisi] <> Vide | L13: T2007 | M13: Entretien de formation | N13: Création Modification | Q13: Ouvrier du service des alcools confirmé non affilié | R13: P0221 | S13: Particulier | T13: Exclu | U13: 40725

Sheet Axe 1 Enchaînement RG Impact
A1: Version | B1: Type de mise à jour | C1: Date de mise à jour | D1: Identifiant Domaine | E1: Libellé du Domaine | F1: Identifiant Sous-domaine | G1: Libellé du Sous-domaine | H1: Identifiant Evénement | I1: Libellé de l'évènement | J1: Libellé condition déclenchement Evènement | K1: Condition déclenchement Evènement | L1: Identifiant type d'évènement | M1: Libellé type d'évènement | N1: Type de mise à jour | O1: Libellé condition déclenchement Type Evènement | P1: Condition déclenchement Type Evènement | Q1: Libellé Population | R1: Codification Population | S1: Général / Particulier | T1: Passant / Exclu | U1: Date de début | V1: Date de fin | W1: Impacts | X1: FIME | Y1: Statut de travail
A2: 20.00.00 | B2: A | C2: 43880.711 | D2: D0009 | E2: Formation | F2: S0144 | G2: Entretien de formation | H2: E0810 | I2: Entretien de formation | J2: La date de l'entretien de formation est saisie | K2: A_NEV_ENTFOR [Saisi] <> Vide | L2: T2007 | M2: Entretien de formation | N2: Création Modification | Q2: Titulaire ou magistrat | R2: P0001 | S2: Général | T2: Passant | U2: 40725
A3: 20.00.00 | B3: A | C3: 43880.713 | D3: D0009 | E3: Formation | F3: S0144 | G3: Entretien de formation | H3: E0810 | I3: Entretien de formation | J3: La date de l'entretien de formation est saisie | K3: A_NEV_ENTFOR [Saisi] <> Vide | L3: T2007 | M3: Entretien de formation | N3: Création Modification | Q3: Contractuel | R3: P0003 | S3: Général | T3: Passant | U3: 40725
A4: 20.00.00 | B4: A | C4: 43880.713 | D4: D0009 | E4: Formation | F4: S0144 | G4: Entretien de formation | H4: E0810 | I4: Entretien de formation | J4: La date de l'entretien de formation est saisie | K4: A_NEV_ENTFOR [Saisi] <> Vide | L4: T2007 | M4: Entretien de formation | N4: Création Modification | Q4: Stagiaire ou auditeur ou élève | R4: P0004 | S4: Général | T4: Passant | U4: 40725
A5: 20.00.00 | B5: A | C5: 43880.714 | D5: D0009 | E5: Formation | F5: S0144 | G5: Entretien de formation | H5: E0810 | I5: Entretien de formation | J5: La date de l'entretien de formation est saisie | K5: A_NEV_ENTFOR [Saisi] <> Vide | L5: T2007 | M5: Entretien de formation | N5: Création Modification | Q5: Ouvrier d'état | R5: P0005 | S5: Général | T5: Passant | U5: 40725
A6: 20.00.00 | B6: A | C6: 43880.716 | D6: D0009 | E6: Formation | F6: S0144 | G6: Entretien de formation | H6: E0810 | I6: Entretien de formation | J6: La date de l'entretien de formation est saisie | K6: A_NEV_ENTFOR [Saisi] <> Vide | L6: T2007 | M6: Entretien de formation | N6: Création Modification | Q6: Magistrat de l'ordre judiciaire | R6: P0007 | S6: Particulier | T6: Exclu | U6: 40725
A7: 20.00.00 | B7: A | C7: 43880.716 | D7: D0009 | E7: Formation | F7: S0144 | G7: Entretien de formation | H7: E0810 | I7: Entretien de formation | J7: La date de l'entretien de formation est saisie | K7: A_NEV_ENTFOR [Saisi] <> Vide | L7: T2007 | M7: Entretien de formation | N7: Création Modification | Q7: Auditeur de justice | R7: P0009 | S7: Particulier | T7: Exclu | U7: 40725
A8: 20.00.00 | B8: A | C8: 43880.717 | D8: D0009 | E8: Formation | F8: S0144 | G8: Entretien de formation | H8: E0810 | I8: Entretien de formation | J8: La date de l'entretien de formation est saisie | K8: A_NEV_ENTFOR [Saisi] <> Vide | L8: T2007 | M8: Entretien de formation | N8: Création Modification | Q8: Conseiller ou avocat général à la Cour de cassation en service extraordinaire | R8: P0046 | S8: Particulier | T8: Exclu | U8: 40725
A9: 20.00.00 | B9: A | C9: 43880.717 | D9: D0009 | E9: Formation | F9: S0144 | G9: Entretien de formation | H9: E0810 | I9: Entretien de formation | J9: La date de l'entretien de formation est saisie | K9: A_NEV_ENTFOR [Saisi] <> Vide | L9: T2007 | M9: Entretien de formation | N9: Création Modification | Q9: Personnel civil payé à l'acte ou à la tâche | R9: P0054 | S9: Particulier | T9: Exclu | U9: 40725
A10: 20.00.00 | B10: A | C10: 43880.715 | D10: D0009 | E10: Formation | F10: S0144 | G10: Entretien de formation | H10: E0810 | I10: Entretien de formation | J10: La date de l'entretien de formation est saisie | K10: A_NEV_ENTFOR [Saisi] <> Vide | L10: T2007 | M10: Entretien de formation | N10: Création Modification | Q10: Ouvrier de la défense auxiliaire non affilié ou temporaire non mensualisé | R10: P0182 | S10: Particulier | T10: Exclu | U10: 40725
A11: 25.10.00 | B11: M | C11: 45995.629 | D11: D0009 | E11: Formation | F11: S0144 | G11: Entretien de formation | H11: E0810 | I11: Entretien de formation | J11: La date de l'entretien de formation est saisie | K11: A_NEV_ENTFOR [Saisi] <> Vide | L11: T2007 | M11: Entretien de formation | N11: Création Modification | Q11: Ouvrier des parcs et ateliers confirmé non affilié ou stagiaire | R11: P0185 | S11: Particulier | T11: Exclu | U11: 40725 | V11: 45900 | X11: 2025-119
A12: 25.10.00 | B12: A | C12: 45995.629 | D12: D0009 | E12: Formation | F12: S0144 | G12: Entretien de formation | H12: E0810 | I12: Entretien de formation | J12: La date de l'entretien de formation est saisie | K12: A_NEV_ENTFOR [Saisi] <> Vide | L12: T2007 | M12: Entretien de formation | N12: Création Modification | Q12: Ouvrier des parcs et ateliers confirmé non affilié ou stagiaire | R12: P0185 | S12: Particulier | T12: Passant | U12: 45901 | X12: 2025-119
A13: 20.00.00 | B13: A | C13: 43880.715 | D13: D0009 | E13: Formation | F13: S0144 | G13: Entretien de formation | H13: E0810 | I13: Entretien de formation | J13: La date de l'entretien de formation est saisie | K13: A_NEV_ENTFOR [Saisi] <> Vide | L13: T2007 | M13: Entretien de formation | N13: Création Modification | Q13: Ouvrier du service des alcools confirmé non affilié | R13: P0221 | S13: Particulier | T13: Exclu | U13: 40725

Sheet Axe 1 Rattachement des actes
A1: Version | B1: Type de mise à jour | C1: Date de mise à jour | D1: Identifiant Domaine | E1: Libellé du Domaine | F1: Identifiant Sous-domaine | G1: Libellé du Sous-domaine | H1: Identifiant Evénement | I1: Libellé de l'évènement | J1: Libellé condition déclenchement Evènement | K1: Condition déclenchement Evènement | L1: Identifiant type d'évènement | M1: Libellé type d'évènement | N1: Type de mise à jour | O1: Libellé condition déclenchement Type Evènement | P1: Condition déclenchement Type Evènement | Q1: Libellé Population | R1: Codification Population | S1: Général / Particulier | T1: Passant / Exclu | U1: Date de début | V1: Date de fin | W1: Libellé condition de déclenchement 1 | X1: Condition de déclenchement 1 | Y1: Code nature 1 | Z1: Libellé nature 1 | AA1: Libellé condition de déclenchement 2 | AB1: Condition de déclenchement 2 | AC1: Code nature 2 | AD1: Libellé nature 2 | AE1: Libellé condition de déclenchement 3 | AF1: Condition de déclenchement 3 | AG1: Code nature 3 | AH1: Libellé nature 3 | AI1: Libellé condition de déclenchement 4 | AJ1: Condition de déclenchement 4 | AK1: Code nature 4 | AL1: Libellé nature 4 | AM1: Commentaire | AN1: FIME | AO1: Statut de travail
A2: 20.00.00 | B2: A | C2: 43880.711 | D2: D0009 | E2: Formation | F2: S0144 | G2: Entretien de formation | H2: E0810 | I2: Entretien de formation | J2: La date de l'entretien de formation est saisie | K2: A_NEV_ENTFOR [Saisi] <> Vide | L2: T2007 | M2: Entretien de formation | N2: Création Modification | Q2: Titulaire ou magistrat | R2: P0001 | S2: Général | T2: Passant | U2: 40725
A3: 20.00.00 | B3: A | C3: 43880.713 | D3: D0009 | E3: Formation | F3: S0144 | G3: Entretien de formation | H3: E0810 | I3: Entretien de formation | J3: La date de l'entretien de formation est saisie | K3: A_NEV_ENTFOR [Saisi] <> Vide | L3: T2007 | M3: Entretien de formation | N3: Création Modification | Q3: Contractuel | R3: P0003 | S3: Général | T3: Passant | U3: 40725
A4: 20.00.00 | B4: A | C4: 43880.713 | D4: D0009 | E4: Formation | F4: S0144 | G4: Entretien de formation | H4: E0810 | I4: Entretien de formation | J4: La date de l'entretien de formation est saisie | K4: A_NEV_ENTFOR [Saisi] <> Vide | L4: T2007 | M4: Entretien de formation | N4: Création Modification | Q4: Stagiaire ou auditeur ou élève | R4: P0004 | S4: Général | T4: Passant | U4: 40725
A5: 20.00.00 | B5: A | C5: 43880.714 | D5: D0009 | E5: Formation | F5: S0144 | G5: Entretien de formation | H5: E0810 | I5: Entretien de formation | J5: La date de l'entretien de formation est saisie | K5: A_NEV_ENTFOR [Saisi] <> Vide | L5: T2007 | M5: Entretien de formation | N5: Création Modification | Q5: Ouvrier d'état | R5: P0005 | S5: Général | T5: Passant | U5: 40725
A6: 20.00.00 | B6: A | C6: 43880.716 | D6: D0009 | E6: Formation | F6: S0144 | G6: Entretien de formation | H6: E0810 | I6: Entretien de formation | J6: La date de l'entretien de formation est saisie | K6: A_NEV_ENTFOR [Saisi] <> Vide | L6: T2007 | M6: Entretien de formation | N6: Création Modification | Q6: Magistrat de l'ordre judiciaire | R6: P0007 | S6: Particulier | T6: Exclu | U6: 40725
A7: 20.00.00 | B7: A | C7: 43880.716 | D7: D0009 | E7: Formation | F7: S0144 | G7: Entretien de formation | H7: E0810 | I7: Entretien de formation | J7: La date de l'entretien de formation est saisie | K7: A_NEV_ENTFOR [Saisi] <> Vide | L7: T2007 | M7: Entretien de formation | N7: Création Modification | Q7: Auditeur de justice | R7: P0009 | S7: Particulier | T7: Exclu | U7: 40725
A8: 20.00.00 | B8: A | C8: 43880.717 | D8: D0009 | E8: Formation | F8: S0144 | G8: Entretien de formation | H8: E0810 | I8: Entretien de formation | J8: La date de l'entretien de formation est saisie | K8: A_NEV_ENTFOR [Saisi] <> Vide | L8: T2007 | M8: Entretien de formation | N8: Création Modification | Q8: Conseiller ou avocat général à la Cour de cassation en service extraordinaire | R8: P0046 | S8: Particulier | T8: Exclu | U8: 40725
A9: 20.00.00 | B9: A | C9: 43880.717 | D9: D0009 | E9: Formation | F9: S0144 | G9: Entretien de formation | H9: E0810 | I9: Entretien de formation | J9: La date de l'entretien de formation est saisie | K9: A_NEV_ENTFOR [Saisi] <> Vide | L9: T2007 | M9: Entretien de formation | N9: Création Modification | Q9: Personnel civil payé à l'acte ou à la tâche | R9: P0054 | S9: Particulier | T9: Exclu | U9: 40725
A10: 20.00.00 | B10: A | C10: 43880.715 | D10: D0009 | E10: Formation | F10: S0144 | G10: Entretien de formation | H10: E0810 | I10: Entretien de formation | J10: La date de l'entretien de formation est saisie | K10: A_NEV_ENTFOR [Saisi] <> Vide | L10: T2007 | M10: Entretien de formation | N10: Création Modification | Q10: Ouvrier de la défense auxiliaire non affilié ou temporaire non mensualisé | R10: P0182 | S10: Particulier | T10: Exclu | U10: 40725
A11: 25.10.00 | B11: M | C11: 45995.629 | D11: D0009 | E11: Formation | F11: S0144 | G11: Entretien de formation | H11: E0810 | I11: Entretien de formation | J11: La date de l'entretien de formation est saisie | K11: A_NEV_ENTFOR [Saisi] <> Vide | L11: T2007 | M11: Entretien de formation | N11: Création Modification | Q11: Ouvrier des parcs et ateliers confirmé non affilié ou stagiaire | R11: P0185 | S11: Particulier | T11: Exclu | U11: 40725 | V11: 45900
A12: 25.10.00 | B12: A | C12: 45995.629 | D12: D0009 | E12: Formation | F12: S0144 | G12: Entretien de formation | H12: E0810 | I12: Entretien de formation | J12: La date de l'entretien de formation est saisie | K12: A_NEV_ENTFOR [Saisi] <> Vide | L12: T2007 | M12: Entretien de formation | N12: Création Modification | Q12: Ouvrier des parcs et ateliers confirmé non affilié ou stagiaire | R12: P0185 | S12: Particulier | T12: Passant | U12: 45901
A13: 20.00.00 | B13: A | C13: 43880.715 | D13: D0009 | E13: Formation | F13: S0144 | G13: Entretien de formation | H13: E0810 | I13: Entretien de formation | J13: La date de l'entretien de formation est saisie | K13: A_NEV_ENTFOR [Saisi] <> Vide | L13: T2007 | M13: Entretien de formation | N13: Création Modification | Q13: Ouvrier du service des alcools confirmé non affilié | R13: P0221 | S13: Particulier | T13: Exclu | U13: 40725

Sheet Axe 2 Règles de gestion
A1: Version | B1: Type de mise à jour | C1: Date de mise à jour | D1: Code de la règle | E1: Type de règle | F1: Règle littérale | G1: Références juridiques | H1: Date de début | I1: Date de fin | J1: Condition | K1: Articulation | L1: Type de contrôle | M1: Commentaire | N1: Typage RG condition | O1: Typage RG contrôle | P1: Typage RG intellectuel | Q1: Typage RG impact | R1: FIME | S1: Statut de travail | T1: Règle retenue | U1: Expression littérale
A2: 20.00.00 | B2: A | C2: 43881.622 | D2: EFO_D_001 | E2: Condition | F2: L'agent doit être en activité. | G2: Décret 2007-1470 A3 / Décret 2007-1942 A2 | H2: 40725 | K2: A_POS_POSIAD [Dossier] = POSITION_SITUATION.R_FOR_IDEN05 ET (POSITION_SITUATION.R_REL_PSSAG2 DANS ('ACI','HCA','MAD','DEL','MDE','MLD') OU (POSITION_SITUATION.R_REL_PSSAG1 DANS ('DEE00','DES00'))) | L2: Bloquant | N2: P0185 - P0001 / P0003 / P0004 / P0005 - E0810 | T2: x | U2: L'agent doit être en activité.
A3: 20.00.00 | B3: A | C3: 43880.631 | D3: EFO_C_001 | E3: Contrôle | F3: La date de l'entretien de formation doit être postérieure ou égale à la date de recrutement dans la FPE. | H3: 40725 | K3: P_ACF_DDSFOR [Saisi] >= A_SAP_DENFPE [Dossier] | L3: Bloquant | O3: P0001 / P0004 - E0810
A4: 20.00.00 | B4: A | C4: 43880.634 | D4: EFO_C_002 | E4: Contrôle | F4: La date de l'entretien de formation doit être postérieure ou égale à la date de début du lien juridique. | H4: 40725 | K4: P_ACF_DDSFOR [Saisi] >= A_CAR_DDLIJU [Dossier] | L4: Bloquant | O4: P0003 / P0005 - E0810
A5: 20.00.00 | B5: A | C5: 43880.637 | D5: EFO_I_001 | E5: Intellectuel | F5: L'entretien de formation vise à déterminer les besoins en formation de l'agent au vu des objectifs qui lui sont fixés et de son projet professionnel. | G5: Décret 2007-1470 A5 | H5: 40725 | L5: Non Bloquant | P5: P0001 / P0004 - E0810 | T5: x | U5: L'entretien de formation vise à déterminer les besoins en formation de l'agent au vu des objectifs qui lui sont fixés et de son projet professionnel.
A6: 20.00.00 | B6: A | C6: 43880.638 | D6: EFO_I_002 | E6: Intellectuel | F6: L'entretien de formation complète l'entretien d'évaluation dont il suit la périodicité, et peut lui être associé. | G6: Décret 2007-1470 A5 | H6: 40725 | L6: Non Bloquant | P6: P0001 / P0004 - E0810 | T6: x | U6: L'entretien de formation complète l'entretien d'évaluation dont il suit la périodicité, et peut lui être associé.
A7: 20.00.00 | B7: A | C7: 43880.64 | D7: EFO_I_003 | E7: Intellectuel | F7: Avant l'entretien, l'agent peut consulter le service chargé de la formation. | G7: Décret 2007-1470 A5 | H7: 40725 | L7: Non Bloquant | P7: P0001 / P0004 - E0810 | T7: x | U7: Avant l'entretien, l'agent peut consulter le service chargé de la formation.
A8: 20.00.00 | B8: A | C8: 43880.665 | D8: EFO_I_004 | E8: Intellectuel | F8: L'entretien de formation est conduit par le supérieur hiérarchique de l'agent. | G8: Décret 2007-1470 A5 | H8: 40725 | L8: Non Bloquant | P8: P0001 / P0004 - E0810 | T8: x | U8: L'entretien de formation est conduit par le supérieur hiérarchique de l'agent.
A9: 20.00.00 | B9: A | C9: 43880.665 | D9: EFO_I_005 | E9: Intellectuel | F9: Lors de l'entretien de formation, sont rappelées les suites données aux demandes antérieures de formation de l'agent, puis sont débattues les formations nécessaires pour la nouvelle période au vu de ses missions et de ses perspectives professionnelles. | G9: Décret 2007-1470 A5 | H9: 40725 | L9: Non Bloquant | P9: P0001 / P0004 - E0810 | T9: x | U9: Lors de l'entretien de formation, sont rappelées les suites données aux demandes antérieures de formation de l'agent, puis sont débattues les formations nécessaires pour la nouvelle période au vu de ses missions et de ses perspectives professionnelles.
A10: 20.00.00 | B10: A | C10: 43880.666 | D10: EFO_I_006 | E10: Intellectuel | F10: L'entretien permet à l'agent de présenter, le cas échéant, les demandes de préparation concours, validation des acquis de l'expérience, bilan de compétences et période de professionnalisation. | G10: Décret 2007-1470 A5 | H10: 40725 | L10: Non Bloquant | P10: P0001 / P0004 - E0810 | T10: x | U10: L'entretien permet à l'agent de présenter, le cas échéant, les demandes de préparation concours, validation des acquis de l'expérience, bilan de compétences et période de professionnalisation.
A11: 20.00.00 | B11: A | C11: 43880.667 | D11: EFO_I_007 | E11: Intellectuel | F11: Un compte rendu de l'entretien est établi sous la responsabilité du supérieur hiérarchique. | G11: Décret 2007-1470 A5 | H11: 40725 | L11: Non Bloquant | P11: P0001 / P0004 - E0810 | T11: x | U11: Un compte rendu de l'entretien est établi sous la responsabilité du supérieur hiérarchique.
A12: 20.00.00 | B12: A | C12: 43880.667 | D12: EFO_I_008 | E12: Intellectuel | F12: Le compte rendu contient les objectifs de formation proposés à l'agent. | G12: Décret 2007-1470 A5 | H12: 40725 | L12: Non Bloquant | P12: P0001 / P0004 - E0810 | T12: x | U12: Le compte rendu contient les objectifs de formation proposés à l'agent.
A13: 20.00.00 | B13: A | C13: 43880.669 | D13: EFO_I_009 | E13: Intellectuel | F13: L'agent reçoit la communication du compte rendu et peut y ajouter ses observations. | G13: Décret 2007-1470 A5 | H13: 40725 | L13: Non Bloquant | P13: P0001 / P0004 - E0810 | T13: x | U13: L'agent reçoit la communication du compte rendu et peut y ajouter ses observations.
A14: 20.00.00 | B14: A | C14: 43880.67 | D14: EFO_I_010 | E14: Intellectuel | F14: Le compte rendu ainsi qu'une fiche retraçant les actions de formation auxquelles l'agent a participé et les actions de l'agent en tant que formateur sont versés à son dossier. | G14: Décret 2007-1470 A5 | H14: 40725 | L14: Non Bloquant | P14: P0001 / P0004 - E0810 | T14: x | U14: Le compte rendu ainsi qu'une fiche retraçant les actions de formation auxquelles l'agent a participé et les actions de l'agent en tant que formateur sont versés à son dossier.
A15: 20.00.00 | B15: A | C15: 43880.671 | D15: EFO_I_011 | E15: Intellectuel | F15: L'agent est informé par son supérieur hiérarchique des suites données à son entretien de formation. | G15: Décret 2007-1470 A5 | H15: 40725 | L15: Non Bloquant | P15: P0001 / P0004 - E0810 | T15: x | U15: L'agent est informé par son supérieur hiérarchique des suites données à son entretien de formation.
A16: 20.00.00 | B16: A | C16: 43880.672 | D16: EFO_I_012 | E16: Intellectuel | F16: Les refus opposés aux demandes de formation présentées à l'occasion de l'entretien de formation sont motivés. | G16: Décret 2007-1470 A5 | H16: 40725 | L16: Non Bloquant | P16: P0001 / P0004 - E0810 | T16: x | U16: Les refus opposés aux demandes de formation présentées à l'occasion de l'entretien de formation sont motivés.
... A29: 20.00.00 | B29: A | C29: 43880.692 | D29: EFO_I_025 | E29: Intellectuel | F29: Les refus opposés aux demandes de formation présentées à l'occasion de l'entretien de formation sont motivés. | G29: Décret 2007-1470 A5 / Décret 2007-1942 A2 | H29: 40725 | L29: Non Bloquant | P29: P0185 - P0003 / P0005 - E0810 | T29: x | U29: Les refus opposés aux demandes de formation présentées à l'occasion de l'entretien de formation sont motivés.
A30: 25.10.00 | B30: A | C30: 45995.626 | D30: EFO_I_026 | E30: Intellectuel | F30: L'agent bénéficie des dispositions applicables aux agents ouvriers affiliés pour l'entretien de formation. | G30: Décret 2007-1470 A5 / Décret 2007-1942 A2 / Décret 65-382 A8-2 | H30: 45901 | L30: Non Bloquant | P30: P0185 - E0810 | R30: 2025-119 | T30: x | U30: L'agent bénéficie des dispositions applicables aux agents ouvriers affiliés pour l'entretien de formation.
