Workbook
Name date_DIADC: 'Mode opératoire'!#REF!
Name notice_DIADC: 'Mode opératoire'!#REF!
Name notice_ENCHN: 'Mode opératoire'!$B$1:$B$4
Name notice_ICA: 'Mode opératoire'!#REF!

Sheet Mode opératoire
B1: MODE OPERATOIRE
B2: La transaction s'effectue au niveau de la rubrique "Congés/absences".

Sheet Axe 1 Enchainement des RG
A1: Version | B1: Type de mise à jour | C1: Date de mise à jour | D1: Identifiant Domaine | E1: Libellé du Domaine | F1: Identifiant Sous-domaine | G1: Libellé du Sous-domaine | H1: Identifiant Evénement | I1: Libellé de l'évènement | J1: Libellé condition déclenchement Evènement | K1: Condition déclenchement Evènement | L1: Identifiant type d'évènement | M1: Libellé type d'évènement | N1: Type de mise à jour | O1: Libellé condition déclenchement Type Evènement | P1: Condition déclenchement Type Evènement | Q1: Libellé Population | R1: Codification Population | S1: Typologie de population | T1: Général / Particulier | U1: Passant / Exclu | V1: Date de début | W1: Date de fin | X1: Règles mobilisées | Y1: Identifiant Règle de contrôle intellectuel 1 | Z1: Libellé Règle de contrôle intellectuel 1 | AA1: Identifiant Règle de contrôle intellectuel 2 | AB1: Libellé Règle de contrôle intellectuel 2 | AC1: Identifiant Règle de contrôle intellectuel 3 | AD1: Libellé Règle de contrôle intellectuel 3 | AE1: Identifiant Règle de condition 1 | AF1: Libellé Règle de condition 1 | AG1: Identifiant Règle de condition 2 | AH1: Libellé Règle de condition 2 | AI1: Identifiant Règle de condition 3 | AJ1: Libellé Règle de condition 3 | AK1: Identifiant Règle de condition 4 | AL1: Libellé Règle de condition 4 | AM1: Identifiant Règle de condition 5 | AN1: Libellé Règle de condition 5 | AO1: Identifiant Règle de condition 6 | AP1: Libellé Règle de condition 6 | AQ1: Identifiant Règle de contrôle 1 | AR1: Libellé Règle de contrôle 1 | AS1: Identifiant Règle de contrôle 2 | AT1: Libellé Règle de contrôle 2 | AU1: Identifiant Règle de contrôle 3 | AV1: Libellé Règle de contrôle 3 | AW1: Identifiant Règle de contrôle 4 | AX1: Libellé Règle de contrôle 4 | AY1: Identifiant Règle de contrôle 5 | AZ1: Libellé Règle de contrôle 5 | BA1: Identifiant Règle de contrôle 6 | BB1: Libellé Règle de contrôle 6 | BC1: Identifiant Règle de contrôle 7 | BD1: Libellé Règle de contrôle 7 | BE1: Identifiant Règle de contrôle 8 | BF1: Libellé Règle de contrôle 8 | BG1: Identifiant Règle de contrôle 9 | BH1: Libellé Règle de contrôle 9 | BI1: FIME | BJ1: Statut de travail
A2: 20.00.00 | B2: A | C2: 43894.594 | D2: D0007 | E2: Congés/Absence | F2: S0145 | G2: Congé pour études et recherches | H2: E0811 | I2: Congé pour études et recherches | J2: Type de congé/absence saisi = 'Congé pour études et recherches' | K2: A_COA_TYCOAB [Saisi] = 'CD008' | L2: T2005 | M2: Congé pour études et recherches - Demande | N2: Création | Q2: Titulaire ou magistrat | R2: P0001 | S2: T | T2: Général | U2: Exclu | V2: 40725
A3: 20.00.00 | B3: A | C3: 43894.594 | D3: D0007 | E3: Congés/Absence | F3: S0145 | G3: Congé pour études et recherches | H3: E0811 | I3: Congé pour études et recherches | J3: Type de congé/absence saisi = 'Congé pour études et recherches' | K3: A_COA_TYCOAB [Saisi] = 'CD008' | L3: T2006 | M3: Congé pour études et recherches - Fin | N3: Modification | Q3: Titulaire ou magistrat | R3: P0001 | S3: T | T3: Général | U3: Exclu | V3: 40725
A4: 22.10.00 | B4: A | C4: 44886.488 | D4: D0007 | E4: Congés/Absence | F4: S0145 | G4: Congé pour études et recherches | H4: E0811 | I4: Congé pour études et recherches | J4: Type de congé/absence saisi = 'Congé pour études et recherches' | K4: A_COA_TYCOAB [Saisi] = 'CD008' | L4: T2005 | M4: Congé pour études et recherches - Demande | N4: Création | Q4: Militaire | R4: P0002 | S4: M | T4: Général | U4: Exclu | V4: 43831
A5: 22.10.00 | B5: A | C5: 44886.488 | D5: D0007 | E5: Congés/Absence | F5: S0145 | G5: Congé pour études et recherches | H5: E0811 | I5: Congé pour études et recherches | J5: Type de congé/absence saisi = 'Congé pour études et recherches' | K5: A_COA_TYCOAB [Saisi] = 'CD008' | L5: T2006 | M5: Congé pour études et recherches - Fin | N5: Modification | Q5: Militaire | R5: P0002 | S5: M | T5: Général | U5: Exclu | V5: 43831
A6: 20.00.00 | B6: A | C6: 43894.594 | D6: D0007 | E6: Congés/Absence | F6: S0145 | G6: Congé pour études et recherches | H6: E0811 | I6: Congé pour études et recherches | J6: Type de congé/absence saisi = 'Congé pour études et recherches' | K6: A_COA_TYCOAB [Saisi] = 'CD008' | L6: T2005 | M6: Congé pour études et recherches - Demande | N6: Création | Q6: Contractuel | R6: P0003 | S6: N | T6: Général | U6: Exclu | V6: 40725
A7: 20.00.00 | B7: A | C7: 43894.594 | D7: D0007 | E7: Congés/Absence | F7: S0145 | G7: Congé pour études et recherches | H7: E0811 | I7: Congé pour études et recherches | J7: Type de congé/absence saisi = 'Congé pour études et recherches' | K7: A_COA_TYCOAB [Saisi] = 'CD008' | L7: T2006 | M7: Congé pour études et recherches - Fin | N7: Modification | Q7: Contractuel | R7: P0003 | S7: N | T7: Général | U7: Exclu | V7: 40725
A8: 20.00.00 | B8: A | C8: 43894.594 | D8: D0007 | E8: Congés/Absence | F8: S0145 | G8: Congé pour études et recherches | H8: E0811 | I8: Congé pour études et recherches | J8: Type de congé/absence saisi = 'Congé pour études et recherches' | K8: A_COA_TYCOAB [Saisi] = 'CD008' | L8: T2005 | M8: Congé pour études et recherches - Demande | N8: Création | Q8: Stagiaire ou auditeur ou élève | R8: P0004 | S8: S | T8: Général | U8: Exclu | V8: 40725
A9: 20.00.00 | B9: A | C9: 43894.594 | D9: D0007 | E9: Congés/Absence | F9: S0145 | G9: Congé pour études et recherches | H9: E0811 | I9: Congé pour études et recherches | J9: Type de congé/absence saisi = 'Congé pour études et recherches' | K9: A_COA_TYCOAB [Saisi] = 'CD008' | L9: T2006 | M9: Congé pour études et recherches - Fin | N9: Modification | Q9: Stagiaire ou auditeur ou élève | R9: P0004 | S9: S | T9: Général | U9: Exclu | V9: 40725
A10: 20.00.00 | B10: A | C10: 43894.594 | D10: D0007 | E10: Congés/Absence | F10: S0145 | G10: Congé pour études et recherches | H10: E0811 | I10: Congé pour études et recherches | J10: Type de congé/absence saisi = 'Congé pour études et recherches' | K10: A_COA_TYCOAB [Saisi] = 'CD008' | L10: T2005 | M10: Congé pour études et recherches - Demande | N10: Création | Q10: Ouvrier d'état | R10: P0005 | S10: O | T10: Général | U10: Exclu | V10: 40725
A11: 20.00.00 | B11: A | C11: 43894.594 | D11: D0007 | E11: Congés/Absence | F11: S0145 | G11: Congé pour études et recherches | H11: E0811 | I11: Congé pour études et recherches | J11: Type de congé/absence saisi = 'Congé pour études et recherches' | K11: A_COA_TYCOAB [Saisi] = 'CD008' | L11: T2006 | M11: Congé pour études et recherches - Fin | N11: Modification | Q11: Ouvrier d'état | R11: P0005 | S11: O | T11: Général | U11: Exclu | V11: 40725
A12: 20.00.00 | B12: A | C12: 43894.595 | D12: D0007 | E12: Congés/Absence | F12: S0145 | G12: Congé pour études et recherches | H12: E0811 | I12: Congé pour études et recherches | J12: Type de congé/absence saisi = 'Congé pour études et recherches' | K12: A_COA_TYCOAB [Saisi] = 'CD008' | L12: T2005 | M12: Congé pour études et recherches - Demande | N12: Création | Q12: Professeur ou maitre assistant des écoles d'architecture - Culture | R12: P0022 | S12: T | T12: Particulier | U12: Passant | V12: 40725 | W12: 43159 | X12: CER_D_004 ET CER_D_005 ET CER_D_006 ET CER_D_007 ET CER_D_008 ET ABS_C_001 ET ABS_C_003 ET ABS_C_004 ET ABS_C_007 ET ABS_C_008 ET ABS_C_009 ET ABS_C_019 ET ABS_C_020 ET ABS_C_026 | AE12: CER_D_004 | AF12: =VLOOKUP(AE12,'Axe 2 Règles de gestion'!$D$2:$F$32,3, FALSE) -> La durée réelle du congé doit être de 6 mois. | AG12: CER_D_005 | AH12: =VLOOKUP(AG12,'Axe 2 Règles de gestion'!$D$2:$F$32,3, FALSE) -> La durée prévisionnelle du congé doit être de 6 mois. | AI12: CER_D_006 | AJ12: =VLOOKUP(AI12,'Axe 2 Règles de gestion'!$D$2:$F$32,3, FALSE) -> A titre exceptionnel, la durée réelle du congé peut être d' 1 an après avis favorable de l'instance consultée initialement. | AK12: CER_D_007 | AL12: =VLOOKUP(AK12,'Axe 2 Règles de gestion'!$D$2:$F$32,3, FALSE) -> A titre exceptionnel, la durée prévisionnelle du congé peut être d' 1 an après avis favorable de l'instance consultée initialement. | AM12: CER_D_008 | AN12: =VLOOKUP(AM12,'Axe 2 Règles de gestion'!$D$2:$F$32,3, FALSE) -> L'agent doit être en activité. | AQ12: ABS_C_001 | AR12: =VLOOKUP(AQ12,'Axe 2 Règles de gestion'!$D$2:$F$32,3, FALSE) -> La date de début du congé/absence doit être postérieure ou égale à la date de recrutement dans la FPE ou dans la carrière militaire. | AS12: ABS_C_003 | AT12: =VLOOKUP(AS12,'Axe 2 Règles de gestion'!$D$2:$F$32,3, FALSE) -> La date de début du congé/absence doit être antérieure ou égale à la date de fin réelle du congé/absence. | AU12: ABS_C_004 | AV12: =VLOOKUP(AU12,'Axe 2 Règles de gestion'!$D$2:$F$32,3, FALSE) -> La date de début du congé/absence doit être antérieure ou égale à la date de fin prévisionnelle du congé/absence. | AW12: ABS_C_007 | AX12: =VLOOKUP(AW12,'Axe 2 Règles de gestion'!$D$2:$F$32,3, FALSE) -> La date de fin réelle du congé/absence doit être antérieure à la date limite de départ à la retraite. | AY12: ABS_C_008 | AZ12: =VLOOKUP(AY12,'Axe 2 Règles de gestion'!$D$2:$F$32,3, FALSE) -> La date de fin prévisionnelle du congé/absence doit être antérieure à la date limite de départ à la retraite. | BA12: ABS_C_009 | BB12: =VLOOKUP(BA12,'Axe 2 Règles de gestion'!$D$2:$F$32,3, FALSE) -> La date de fin réelle ou la date de fin prévisionnelle du congé/absence doit être saisie. | BC12: ABS_C_019 | BD12: =VLOOKUP(BC12,'Axe 2 Règles de gestion'!$D$2:$F$32,3, FALSE) -> Si l'absence ne commence pas par une demi-journée et si l'absence précédente ne finit pas par une demi journée, la date de début de l'absence saisie est postérieure à la date de fin réelle de l'absence précédente. | BE12: ABS_C_020 | BF12: =VLOOKUP(BE12,'Axe 2 Règles de gestion'!$D$2:$F$32,3, FALSE) -> Si l'absence ne commence pas par une demi-journée et si l'absence précédente ne finit pas par une demi journée, la date de début de l'absence saisie est postérieure à la date de fin prévisionnelle de l'absence précédente. | BG12: ABS_C_026 | BH12: =VLOOKUP(BG12,'Axe 2 Règles de gestion'!$D$2:$F$32,3, FALSE) -> Dans le cas d'un congé autre que CLM, CLD, CGM et CITIS, l'indicateur de requalification doit être à non et les impacts spécifiques à la requalification ne doivent pas être mobilisés ou l'impact rémunération est vide.
A13: 20.00.00 | B13: A | C13: 43894.597 | D13: D0007 | E13: Congés/Absence | F13: S0145 | G13: Congé pour études et recherches | H13: E0811 | I13: Congé pour études et recherches | J13: Type de congé/absence saisi = 'Congé pour études et recherches' | K13: A_COA_TYCOAB [Saisi] = 'CD008' | L13: T2006 | M13: Congé pour études et recherches - Fin | N13: Modification | Q13: Professeur ou maitre assistant des écoles d'architecture - Culture | R13: P0022 | S13: T | T13: Particulier | U13: Passant | V13: 40725 | W13: 43159 | X13: CER_D_004 ET CER_D_005 ET CER_D_006 ET CER_D_007 ET ABS_C_003 ET ABS_C_004 ET ABS_C_007 ET ABS_C_008 ET ABS_C_009 ET ABS_C_026 | AE13: CER_D_004 | AF13: =VLOOKUP(AE13,'Axe 2 Règles de gestion'!$D$2:$F$32,3, FALSE) -> La durée réelle du congé doit être de 6 mois. | AG13: CER_D_005 | AH13: =VLOOKUP(AG13,'Axe 2 Règles de gestion'!$D$2:$F$32,3, FALSE) -> La durée prévisionnelle du congé doit être de 6 mois. | AI13: CER_D_006 | AJ13: =VLOOKUP(AI13,'Axe 2 Règles de gestion'!$D$2:$F$32,3, FALSE) -> A titre exceptionnel, la durée réelle du congé peut être d' 1 an après avis favorable de l'instance consultée initialement. | AK13: CER_D_007 | AL13: =VLOOKUP(AK13,'Axe 2 Règles de gestion'!$D$2:$F$32,3, FALSE) -> A titre exceptionnel, la durée prévisionnelle du congé peut être d' 1 an après avis favorable de l'instance consultée initialement. | AQ13: ABS_C_003 | AR13: =VLOOKUP(AQ13,'Axe 2 Règles de gestion'!$D$2:$F$32,3, FALSE) -> La date de début du congé/absence doit être antérieure ou égale à la date de fin réelle du congé/absence. | AS13: ABS_C_004 | AT13: =VLOOKUP(AS13,'Axe 2 Règles de gestion'!$D$2:$F$32,3, FALSE) -> La date de début du congé/absence doit être antérieure ou égale à la date de fin prévisionnelle du congé/absence. | AU13: ABS_C_007 | AV13: =VLOOKUP(AU13,'Axe 2 Règles de gestion'!$D$2:$F$32,3, FALSE) -> La date de fin réelle du congé/absence doit être antérieure à la date limite de départ à la retraite. | AW13: ABS_C_008 | AX13: =VLOOKUP(AW13,'Axe 2 Règles de gestion'!$D$2:$F$32,3, FALSE) -> La date de fin prévisionnelle du congé/absence doit être antérieure à la date limite de départ à la retraite. | AY13: ABS_C_009 | AZ13: =VLOOKUP(AY13,'Axe 2 Règles de gestion'!$D$2:$F$32,3, FALSE) -> La date de fin réelle ou la date de fin prévisionnelle du congé/absence doit être saisie. | BA13: ABS_C_026 | BB13: =VLOOKUP(BA13,'Axe 2 Règles de gestion'!$D$2:$F$32,3, FALSE) -> Dans le cas d'un congé autre que CLM, CLD, CGM et CITIS, l'indicateur de requalification doit être à non et les impacts spécifiques à la requalification ne doivent pas être mobilisés ou l'impact rémunération est vide.
A14: 20.00.00 | B14: A | C14: 43894.597 | D14: D0007 | E14: Congés/Absence | F14: S0145 | G14: Congé pour études et recherches | H14: E0811 | I14: Congé pour études et recherches | J14: Type de congé/absence saisi = 'Congé pour études et recherches' | K14: A_COA_TYCOAB [Saisi] = 'CD008' | L14: T2005 | M14: Congé pour études et recherches - Demande | N14: Création | Q14: Professeur des écoles nationales supérieures d'art ENSArt - Culture | R14: P0239 | S14: T | T14: Particulier | U14: Passant | V14: 40725 | X14: CER_I_002 ET CER_I_003 ET CER_I_001 ET CER_D_001 ET CER_D_002 ET CER_D_003 ET ABS_C_001 ET ABS_C_003 ET ABS_C_004 ET ABS_C_007 ET ABS_C_008 ET ABS_C_009 ET ABS_C_019 ET ABS_C_020 ET ABS_C_026 | Y14: CER_I_002 | Z14: =VLOOKUP(Y14,'Axe 2 Règles de gestion'!$D$2:$F$32,3, FALSE) -> L'agent doit avoir exercé en position d'activité pendant les 6 années précédentes. | AA14: CER_I_003 | AB14: =VLOOKUP(AA14,'Axe 2 Règles de gestion'!$D$2:$F$32,3, FALSE) -> L'agent doit présenter un projet. | AC14: CER_I_001 | AD14: =VLOOKUP(AC14,'Axe 2 Règles de gestion'!$D$2:$F$32,3, FALSE) -> L'avis de la commission d'évaluation est nécessaire. | AE14: CER_D_001 | AF14: =VLOOKUP(AE14,'Axe 2 Règles de gestion'!$D$2:$F$32,3, FALSE) -> La durée réelle du congé doit être comprise entre 6 mois et 1 an. | AG14: CER_D_002 | AH14: =VLOOKUP(AG14,'Axe 2 Règles de gestion'!$D$2:$F$32,3, FALSE) -> La durée prévisionnelle du congé doit être comprise entre 6 mois et 1 an. | AI14: CER_D_003 | AJ14: =VLOOKUP(AI14,'Axe 2 Règles de gestion'!$D$2:$F$32,3, FALSE) -> L'agent doit être en activité. | AQ14: ABS_C_001 | AR14: =VLOOKUP(AQ14,'Axe 2 Règles de gestion'!$D$2:$F$32,3, FALSE) -> La date de début du congé/absence doit être postérieure ou égale à la date de recrutement dans la FPE ou dans la carrière militaire. | AS14: ABS_C_003 | AT14: =VLOOKUP(AS14,'Axe 2 Règles de gestion'!$D$2:$F$32,3, FALSE) -> La date de début du congé/absence doit être antérieure ou égale à la date de fin réelle du congé/absence. | AU14: ABS_C_004 | AV14: =VLOOKUP(AU14,'Axe 2 Règles de gestion'!$D$2:$F$32,3, FALSE) -> La date de début du congé/absence doit être antérieure ou égale à la date de fin prévisionnelle du congé/absence. | AW14: ABS_C_007 | AX14: =VLOOKUP(AW14,'Axe 2 Règles de gestion'!$D$2:$F$32,3, FALSE) -> La date de fin réelle du congé/absence doit être antérieure à la date limite de départ à la retraite. | AY14: ABS_C_008 | AZ14: =VLOOKUP(AY14,'Axe 2 Règles de gestion'!$D$2:$F$32,3, FALSE) -> La date de fin prévisionnelle du congé/absence doit être antérieure à la date limite de départ à la retraite. | BA14: ABS_C_009 | BB14: =VLOOKUP(BA14,'Axe 2 Règles de gestion'!$D$2:$F$32,3, FALSE) -> La date de fin réelle ou la date de fin prévisionnelle du congé/absence doit être saisie. | BC14: ABS_C_019 | BD14: =VLOOKUP(BC14,'Axe 2 Règles de gestion'!$D$2:$F$32,3, FALSE) -> Si l'absence ne commence pas par une demi-journée et si l'absence précédente ne finit pas par une demi journée, la date de début de l'absence saisie est postérieure à la date de fin réelle de l'absence précédente. | BE14: ABS_C_020 | BF14: =VLOOKUP(BE14,'Axe 2 Règles de gestion'!$D$2:$F$32,3, FALSE) -> Si l'absence ne commence pas par une demi-journée et si l'absence précédente ne finit pas par une demi journée, la date de début de l'absence saisie est postérieure à la date de fin prévisionnelle de l'absence précédente. | BG14: ABS_C_026 | BH14: =VLOOKUP(BG14,'Axe 2 Règles de gestion'!$D$2:$F$32,3, FALSE) -> Dans le cas d'un congé autre que CLM, CLD, CGM et CITIS, l'indicateur de requalification doit être à non et les impacts spécifiques à la requalification ne doivent pas être mobilisés ou l'impact rémunération est vide.
A15: 20.00.00 | B15: A | C15: 43894.598 | D15: D0007 | E15: Congés/Absence | F15: S0145 | G15: Congé pour études et recherches | H15: E0811 | I15: Congé pour études et recherches | J15: Type de congé/absence saisi = 'Congé pour études et recherches' | K15: A_COA_TYCOAB [Saisi] = 'CD008' | L15: T2006 | M15: Congé pour études et recherches - Fin | N15: Modification | Q15: Professeur des écoles nationales supérieures d'art ENSArt - Culture | R15: P0239 | S15: T | T15: Particulier | U15: Passant | V15: 40725 | X15: CER_I_004 ET CER_D_001 ET CER_D_002 ET ABS_C_003 ET ABS_C_004 ET ABS_C_007 ET ABS_C_008 ET ABS_C_009 ET ABS_C_026 | Y15: CER_I_004 | Z15: =VLOOKUP(Y15,'Axe 2 Règles de gestion'!$D$2:$F$32,3, FALSE) -> A l'issue du congé, l'agent doit transmettre au ministère chargé de la culture un rapport sur les travaux effectués pendant cette période. | AE15: CER_D_001 | AF15: =VLOOKUP(AE15,'Axe 2 Règles de gestion'!$D$2:$F$32,3, FALSE) -> La durée réelle du congé doit être comprise entre 6 mois et 1 an. | AG15: CER_D_002 | AH15: =VLOOKUP(AG15,'Axe 2 Règles de gestion'!$D$2:$F$32,3, FALSE) -> La durée prévisionnelle du congé doit être comprise entre 6 mois et 1 an. | AQ15: ABS_C_003 | AR15: =VLOOKUP(AQ15,'Axe 2 Règles de gestion'!$D$2:$F$32,3, FALSE) -> La date de début du congé/absence doit être antérieure ou égale à la date de fin réelle du congé/absence. | AS15: ABS_C_004 | AT15: =VLOOKUP(AS15,'Axe 2 Règles de gestion'!$D$2:$F$32,3, FALSE) -> La date de début du congé/absence doit être antérieure ou égale à la date de fin prévisionnelle du congé/absence. | AU15: ABS_C_007 | AV15: =VLOOKUP(AU15,'Axe 2 Règles de gestion'!$D$2:$F$32,3, FALSE) -> La date de fin réelle du congé/absence doit être antérieure à la date limite de départ à la retraite. | AW15: ABS_C_008 | AX15: =VLOOKUP(AW15,'Axe 2 Règles de gestion'!$D$2:$F$32,3, FALSE) -> La date de fin prévisionnelle du congé/absence doit être antérieure à la date limite de départ à la retraite. | AY15: ABS_C_009 | AZ15: =VLOOKUP(AY15,'Axe 2 Règles de gestion'!$D$2:$F$32,3, FALSE) -> La date de fin réelle ou la date de fin prévisionnelle du congé/absence doit être saisie. | BA15: ABS_C_026 | BB15: =VLOOKUP(BA15,'Axe 2 Règles de gestion'!$D$2:$F$32,3, FALSE) -> Dans le cas d'un congé autre que CLM, CLD, CGM et CITIS, l'indicateur de requalification doit être à non et les impacts spécifiques à la requalification ne doivent pas être mobilisés ou l'impact rémunération est vide.
A16: 20.10.00 | B16: A | C16: 44154.599 | D16: D0007 | E16: Congés/Absence | F16: S0145 | G16: Congé pour études et recherches | H16: E0811 | I16: Congé pour études et recherches | J16: Type de congé/absence saisi = 'Congé pour études et recherches' | K16: A_COA_TYCOAB [Saisi] = 'CD008' | L16: T2005 | M16: Congé pour études et recherches - Demande | N16: Création | Q16: Professeur ou maître de conférences des écoles nationales supérieures d'architecture ENSArchi - Culture | R16: P0242 | S16: T | T16: Particulier | U16: Passant | V16: 43160 | X16: CER_I_005 ET CER_I_006 ET CER_I_007 ET CER_D_009 ET CER_D_010 ET CER_D_011 ET CER_D_012 ET CER_D_013 ET CER_D_014 ET ABS_C_001 ET ABS_C_003 ET ABS_C_004 ET ABS_C_007 ET ABS_C_008 ET ABS_C_009 ET ABS_C_019 ET ABS_C_020 ET ABS_C_026 | Y16: CER_I_005 | Z16: =VLOOKUP(Y16,'Axe 2 Règles de gestion'!$D$2:$F$32,3, FALSE) -> L'agent doit avoir exercé ses fonctions dans une école nationale supérieure d'architecture pendant les 6 années précédant la période de congés. | AA16: CER_I_006 | AB16: =VLOOKUP(AA16,'Axe 2 Règles de gestion'!$D$2:$F$32,3, FALSE) -> L'agent doit présenter un projet. | AC16: CER_I_007 | AD16: =VLOOKUP(AC16,'Axe 2 Règles de gestion'!$D$2:$F$32,3, FALSE) -> L'avis du conseil national des enseignants-chercheurs des écoles nationales supérieures d'architecture est nécessaire. | AE16: CER_D_009 | AF16: =VLOOKUP(AE16,'Axe 2 Règles de gestion'!$D$2:$F$32,3, FALSE) -> La durée réelle du congé doit être de 6 mois. | AG16: CER_D_010 | AH16: =VLOOKUP(AG16,'Axe 2 Règles de gestion'!$D$2:$F$32,3, FALSE) -> La durée prévisionnelle du congé doit être de 6 mois. | AI16: CER_D_011 | AJ16: =VLOOKUP(AI16,'Axe 2 Règles de gestion'!$D$2:$F$32,3, FALSE) -> A titre exceptionnel, la durée réelle du congé peut être d' 1 an après avis favorable du conseil national. | AK16: CER_D_012 | AL16: =VLOOKUP(AK16,'Axe 2 Règles de gestion'!$D$2:$F$32,3, FALSE) -> A titre exceptionnel, la durée prévisionnelle du congé peut être d' 1 an après avis favorable du conseil national. | AM16: CER_D_013 | AN16: =VLOOKUP(AM16,'Axe 2 Règles de gestion'!$D$2:$F$32,3, FALSE) -> Une nouvelle demande de congé ne peut intervenir qu'à l'échéance d'une période de 6 années à l'issue du dernier congé accordé. | AO16: CER_D_014 | AP16: =VLOOKUP(AO16,'Axe 2 Règles de gestion'!$D$2:$F$32,3, FALSE) -> L'agent doit être en activité. | AQ16: ABS_C_001 | AR16: =VLOOKUP(AQ16,'Axe 2 Règles de gestion'!$D$2:$F$32,3, FALSE) -> La date de début du congé/absence doit être postérieure ou égale à la date de recrutement dans la FPE ou dans la carrière militaire. | AS16: ABS_C_003 | AT16: =VLOOKUP(AS16,'Axe 2 Règles de gestion'!$D$2:$F$32,3, FALSE) -> La date de début du congé/absence doit être antérieure ou égale à la date de fin réelle du congé/absence. | AU16: ABS_C_004 | AV16: =VLOOKUP(AU16,'Axe 2 Règles de gestion'!$D$2:$F$32,3, FALSE) -> La date de début du congé/absence doit être antérieure ou égale à la date de fin prévisionnelle du congé/absence. | AW16: ABS_C_007 | AX16: =VLOOKUP(AW16,'Axe 2 Règles de gestion'!$D$2:$F$32,3, FALSE) -> La date de fin réelle du congé/absence doit être antérieure à la date limite de départ à la retraite. | AY16: ABS_C_008 | AZ16: =VLOOKUP(AY16,'Axe 2 Règles de gestion'!$D$2:$F$32,3, FALSE) -> La date de fin prévisionnelle du congé/absence doit être antérieure à la date limite de départ à la retraite. | BA16: ABS_C_009 | BB16: =VLOOKUP(BA16,'Axe 2 Règles de gestion'!$D$2:$F$32,3, FALSE) -> La date de fin réelle ou la date de fin prévisionnelle du congé/absence doit être saisie. | BC16: ABS_C_019 | BD16: =VLOOKUP(BC16,'Axe 2 Règles de gestion'!$D$2:$F$32,3, FALSE) -> Si l'absence ne commence pas par une demi-journée et si l'absence précédente ne finit pas par une demi journée, la date de début de l'absence saisie est postérieure à la date de fin réelle de l'absence précédente. | BE16: ABS_C_020 | BF16: =VLOOKUP(BE16,'Axe 2 Règles de gestion'!$D$2:$F$32,3, FALSE) -> Si l'absence ne commence pas par une demi-journée et si l'absence précédente ne finit pas par une demi journée, la date de début de l'absence saisie est postérieure à la date de fin prévisionnelle de l'absence précédente. | BG16: ABS_C_026 | BH16: =VLOOKUP(BG16,'Axe 2 Règles de gestion'!$D$2:$F$32,3, FALSE) -> Dans le cas d'un congé autre que CLM, CLD, CGM et CITIS, l'indicateur de requalification doit être à non et les impacts spécifiques à la requalification ne doivent pas être mobilisés ou l'impact rémunération est vide.
A17: 20.10.00 | B17: A | C17: 44154.597 | D17: D0007 | E17: Congés/Absence | F17: S0145 | G17: Congé pour études et recherches | H17: E0811 | I17: Congé pour études et recherches | J17: Type de congé/absence saisi = 'Congé pour études et recherches' | K17: A_COA_TYCOAB [Saisi] = 'CD008' | L17: T2006 | M17: Congé pour études et recherches - Fin | N17: Modification | Q17: Professeur ou maître de conférences des écoles nationales supérieures d'architecture ENSArchi - Culture | R17: P0242 | S17: T | T17: Particulier | U17: Passant | V17: 43160 | X17: CER_I_008 ET CER_D_009 ET CER_D_010 ET CER_D_011 ET CER_D_012 ET ABS_C_003 ET ABS_C_004 ET ABS_C_007 ET ABS_C_008 ET ABS_C_009 ET ABS_C_026 | Y17: CER_I_008 | Z17: =VLOOKUP(Y17,'Axe 2 Règles de gestion'!$D$2:$F$32,3, FALSE) -> A l'issue du congé, l'agent adresse au directeur de son établissement et au conseil national des enseignants-chercheurs des écoles nationales supérieures d'architecture un rapport sur ses activités pendant cette période. | AE17: CER_D_009 | AF17: =VLOOKUP(AE17,'Axe 2 Règles de gestion'!$D$2:$F$32,3, FALSE) -> La durée réelle du congé doit être de 6 mois. | AG17: CER_D_010 | AH17: =VLOOKUP(AG17,'Axe 2 Règles de gestion'!$D$2:$F$32,3, FALSE) -> La durée prévisionnelle du congé doit être de 6 mois. | AI17: CER_D_011 | AJ17: =VLOOKUP(AI17,'Axe 2 Règles de gestion'!$D$2:$F$32,3, FALSE) -> A titre exceptionnel, la durée réelle du congé peut être d' 1 an après avis favorable du conseil national. | AK17: CER_D_012 | AL17: =VLOOKUP(AK17,'Axe 2 Règles de gestion'!$D$2:$F$32,3, FALSE) -> A titre exceptionnel, la durée prévisionnelle du congé peut être d' 1 an après avis favorable du conseil national. | AQ17: ABS_C_003 | AR17: =VLOOKUP(AQ17,'Axe 2 Règles de gestion'!$D$2:$F$32,3, FALSE) -> La date de début du congé/absence doit être antérieure ou égale à la date de fin réelle du congé/absence. | AS17: ABS_C_004 | AT17: =VLOOKUP(AS17,'Axe 2 Règles de gestion'!$D$2:$F$32,3, FALSE) -> La date de début du congé/absence doit être antérieure ou égale à la date de fin prévisionnelle du congé/absence. | AU17: ABS_C_007 | AV17: =VLOOKUP(AU17,'Axe 2 Règles de gestion'!$D$2:$F$32,3, FALSE) -> La date de fin réelle du congé/absence doit être antérieure à la date limite de départ à la retraite. | AW17: ABS_C_008 | AX17: =VLOOKUP(AW17,'Axe 2 Règles de gestion'!$D$2:$F$32,3, FALSE) -> La date de fin prévisionnelle du congé/absence doit être antérieure à la date limite de départ à la retraite. | AY17: ABS_C_009 | AZ17: =VLOOKUP(AY17,'Axe 2 Règles de gestion'!$D$2:$F$32,3, FALSE) -> La date de fin réelle ou la date de fin prévisionnelle du congé/absence doit être saisie. | BA17: ABS_C_026 | BB17: =VLOOKUP(BA17,'Axe 2 Règles de gestion'!$D$2:$F$32,3, FALSE) -> Dans le cas d'un congé autre que CLM, CLD, CGM et CITIS, l'indicateur de requalification doit être à non et les impacts spécifiques à la requalification ne doivent pas être mobilisés ou l'impact rémunération est vide.

Sheet Axe 1 Enchaînement RG Impact
A1: Version | B1: Type de mise à jour | C1: Date de mise à jour | D1: Identifiant Domaine | E1: Libellé du Domaine | F1: Identifiant Sous-domaine | G1: Libellé du Sous-domaine | H1: Identifiant Evénement | I1: Libellé de l'évènement | J1: Libellé condition déclenchement Evènement | K1: Condition déclenchement Evènement | L1: Identifiant type d'évènement | M1: Libellé type d'évènement | N1: Type de mise à jour | O1: Libellé condition déclenchement Type Evènement | P1: Condition déclenchement Type Evènement | Q1: Libellé Population | R1: Codification Population | S1: Typologie de population | T1: Général / Particulier | U1: Passant / Exclu | V1: Date de début | W1: Date de fin | X1: Impacts | Y1: FIME | Z1: Statut de travail
A2: 20.00.00 | B2: A | C2: 43894.594 | D2: D0007 | E2: Congés/Absence | F2: S0145 | G2: Congé pour études et recherches | H2: E0811 | I2: Congé pour études et recherches | J2: Type de congé/absence saisi = 'Congé pour études et recherches' | K2: A_COA_TYCOAB [Saisi] = 'CD008' | L2: T2005 | M2: Congé pour études et recherches - Demande | N2: Création | Q2: Titulaire ou magistrat | R2: P0001 | S2: T | T2: Général | U2: Exclu | V2: 40725
A3: 20.00.00 | B3: A | C3: 43894.594 | D3: D0007 | E3: Congés/Absence | F3: S0145 | G3: Congé pour études et recherches | H3: E0811 | I3: Congé pour études et recherches | J3: Type de congé/absence saisi = 'Congé pour études et recherches' | K3: A_COA_TYCOAB [Saisi] = 'CD008' | L3: T2006 | M3: Congé pour études et recherches - Fin | N3: Modification | Q3: Titulaire ou magistrat | R3: P0001 | S3: T | T3: Général | U3: Exclu | V3: 40725
A4: 22.10.00 | B4: A | C4: 44886.488 | D4: D0007 | E4: Congés/Absence | F4: S0145 | G4: Congé pour études et recherches | H4: E0811 | I4: Congé pour études et recherches | J4: Type de congé/absence saisi = 'Congé pour études et recherches' | K4: A_COA_TYCOAB [Saisi] = 'CD008' | L4: T2005 | M4: Congé pour études et recherches - Demande | N4: Création | Q4: Militaire | R4: P0002 | S4: M | T4: Général | U4: Exclu | V4: 43831
A5: 22.10.00 | B5: A | C5: 44886.488 | D5: D0007 | E5: Congés/Absence | F5: S0145 | G5: Congé pour études et recherches | H5: E0811 | I5: Congé pour études et recherches | J5: Type de congé/absence saisi = 'Congé pour études et recherches' | K5: A_COA_TYCOAB [Saisi] = 'CD008' | L5: T2006 | M5: Congé pour études et recherches - Fin | N5: Modification | Q5: Militaire | R5: P0002 | S5: M | T5: Général | U5: Exclu | V5: 43831
A6: 20.00.00 | B6: A | C6: 43894.594 | D6: D0007 | E6: Congés/Absence | F6: S0145 | G6: Congé pour études et recherches | H6: E0811 | I6: Congé pour études et recherches | J6: Type de congé/absence saisi = 'Congé pour études et recherches' | K6: A_COA_TYCOAB [Saisi] = 'CD008' | L6: T2005 | M6: Congé pour études et recherches - Demande | N6: Création | Q6: Contractuel | R6: P0003 | S6: N | T6: Général | U6: Exclu | V6: 40725
A7: 20.00.00 | B7: A | C7: 43894.594 | D7: D0007 | E7: Congés/Absence | F7: S0145 | G7: Congé pour études et recherches | H7: E0811 | I7: Congé pour études et recherches | J7: Type de congé/absence saisi = 'Congé pour études et recherches' | K7: A_COA_TYCOAB [Saisi] = 'CD008' | L7: T2006 | M7: Congé pour études et recherches - Fin | N7: Modification | Q7: Contractuel | R7: P0003 | S7: N | T7: Général | U7: Exclu | V7: 40725
A8: 20.00.00 | B8: A | C8: 43894.594 | D8: D0007 | E8: Congés/Absence | F8: S0145 | G8: Congé pour études et recherches | H8: E0811 | I8: Congé pour études et recherches | J8: Type de congé/absence saisi = 'Congé pour études et recherches' | K8: A_COA_TYCOAB [Saisi] = 'CD008' | L8: T2005 | M8: Congé pour études et recherches - Demande | N8: Création | Q8: Stagiaire ou auditeur ou élève | R8: P0004 | S8: S | T8: Général | U8: Exclu | V8: 40725
A9: 20.00.00 | B9: A | C9: 43894.594 | D9: D0007 | E9: Congés/Absence | F9: S0145 | G9: Congé pour études et recherches | H9: E0811 | I9: Congé pour études et recherches | J9: Type de congé/absence saisi = 'Congé pour études et recherches' | K9: A_COA_TYCOAB [Saisi] = 'CD008' | L9: T2006 | M9: Congé pour études et recherches - Fin | N9: Modification | Q9: Stagiaire ou auditeur ou élève | R9: P0004 | S9: S | T9: Général | U9: Exclu | V9: 40725
A10: 20.00.00 | B10: A | C10: 43894.594 | D10: D0007 | E10: Congés/Absence | F10: S0145 | G10: Congé pour études et recherches | H10: E0811 | I10: Congé pour études et recherches | J10: Type de congé/absence saisi = 'Congé pour études et recherches' | K10: A_COA_TYCOAB [Saisi] = 'CD008' | L10: T2005 | M10: Congé pour études et recherches - Demande | N10: Création | Q10: Ouvrier d'état | R10: P0005 | S10: O | T10: Général | U10: Exclu | V10: 40725
A11: 20.00.00 | B11: A | C11: 43894.594 | D11: D0007 | E11: Congés/Absence | F11: S0145 | G11: Congé pour études et recherches | H11: E0811 | I11: Congé pour études et recherches | J11: Type de congé/absence saisi = 'Congé pour études et recherches' | K11: A_COA_TYCOAB [Saisi] = 'CD008' | L11: T2006 | M11: Congé pour études et recherches - Fin | N11: Modification | Q11: Ouvrier d'état | R11: P0005 | S11: O | T11: Général | U11: Exclu | V11: 40725
A12: 20.00.00 | B12: A | C12: 43894.595 | D12: D0007 | E12: Congés/Absence | F12: S0145 | G12: Congé pour études et recherches | H12: E0811 | I12: Congé pour études et recherches | J12: Type de congé/absence saisi = 'Congé pour études et recherches' | K12: A_COA_TYCOAB [Saisi] = 'CD008' | L12: T2005 | M12: Congé pour études et recherches - Demande | N12: Création | Q12: Professeur ou maitre assistant des écoles d'architecture - Culture | R12: P0022 | S12: T | T12: Particulier | U12: Passant | V12: 40725 | W12: 43159
A13: 20.00.00 | B13: A | C13: 43894.597 | D13: D0007 | E13: Congés/Absence | F13: S0145 | G13: Congé pour études et recherches | H13: E0811 | I13: Congé pour études et recherches | J13: Type de congé/absence saisi = 'Congé pour études et recherches' | K13: A_COA_TYCOAB [Saisi] = 'CD008' | L13: T2006 | M13: Congé pour études et recherches - Fin | N13: Modification | Q13: Professeur ou maitre assistant des écoles d'architecture - Culture | R13: P0022 | S13: T | T13: Particulier | U13: Passant | V13: 40725 | W13: 43159
A14: 20.00.00 | B14: A | C14: 43894.597 | D14: D0007 | E14: Congés/Absence | F14: S0145 | G14: Congé pour études et recherches | H14: E0811 | I14: Congé pour études et recherches | J14: Type de congé/absence saisi = 'Congé pour études et recherches' | K14: A_COA_TYCOAB [Saisi] = 'CD008' | L14: T2005 | M14: Congé pour études et recherches - Demande | N14: Création | Q14: Professeur des écoles nationales supérieures d'art ENSArt - Culture | R14: P0239 | S14: T | T14: Particulier | U14: Passant | V14: 40725
A15: 20.00.00 | B15: A | C15: 43894.598 | D15: D0007 | E15: Congés/Absence | F15: S0145 | G15: Congé pour études et recherches | H15: E0811 | I15: Congé pour études et recherches | J15: Type de congé/absence saisi = 'Congé pour études et recherches' | K15: A_COA_TYCOAB [Saisi] = 'CD008' | L15: T2006 | M15: Congé pour études et recherches - Fin | N15: Modification | Q15: Professeur des écoles nationales supérieures d'art ENSArt - Culture | R15: P0239 | S15: T | T15: Particulier | U15: Passant | V15: 40725
A16: 20.10.00 | B16: A | C16: 44154.599 | D16: D0007 | E16: Congés/Absence | F16: S0145 | G16: Congé pour études et recherches | H16: E0811 | I16: Congé pour études et recherches | J16: Type de congé/absence saisi = 'Congé pour études et recherches' | K16: A_COA_TYCOAB [Saisi] = 'CD008' | L16: T2005 | M16: Congé pour études et recherches - Demande | N16: Création | Q16: Professeur ou maître de conférences des écoles nationales supérieures d'architecture ENSArchi - Culture | R16: P0242 | S16: T | T16: Particulier | U16: Passant | V16: 43160
A17: 20.10.00 | B17: A | C17: 44154.597 | D17: D0007 | E17: Congés/Absence | F17: S0145 | G17: Congé pour études et recherches | H17: E0811 | I17: Congé pour études et recherches | J17: Type de congé/absence saisi = 'Congé pour études et recherches' | K17: A_COA_TYCOAB [Saisi] = 'CD008' | L17: T2006 | M17: Congé pour études et recherches - Fin | N17: Modification | Q17: Professeur ou maître de conférences des écoles nationales supérieures d'architecture ENSArchi - Culture | R17: P0242 | S17: T | T17: Particulier | U17: Passant | V17: 43160

Sheet Axe 1 Rattachement des actes
A1: Version | B1: Type de mise à jour | C1: Date de mise à jour | D1: Identifiant Domaine | E1: Libellé du Domaine | F1: Identifiant Sous-domaine | G1: Libellé du Sous-domaine | H1: Identifiant Evénement | I1: Libellé de l'évènement | J1: Libellé condition déclenchement Evènement | K1: Condition déclenchement Evènement | L1: Identifiant type d'évènement | M1: Libellé type d'évènement | N1: Type de mise à jour | O1: Libellé condition déclenchement Type Evènement | P1: Condition déclenchement Type Evènement | Q1: Libellé Population | R1: Codification Population | S1: Général / Particulier | T1: Passant / Exclu | U1: Date de début | V1: Date de fin | W1: Libellé condition de déclenchement 1 | X1: Condition de déclenchement 1 | Y1: Code nature 1 | Z1: Libellé nature 1 | AA1: Libellé condition de déclenchement 2 | AB1: Condition de déclenchement 2 | AC1: Code nature 2 | AD1: Libellé nature 2 | AE1: Libellé condition de déclenchement 3 | AF1: Condition de déclenchement 3 | AG1: Code nature 3 | AH1: Libellé nature 3 | AI1: Libellé condition de déclenchement 4 | AJ1: Condition de déclenchement 4 | AK1: Code nature 4 | AL1: Libellé nature 4 | AM1: Commentaire | AN1: FIME | AO1: Statut de travail
A2: 20.00.00 | B2: A | C2: 43894.594 | D2: D0007 | E2: Congés/Absence | F2: S0145 | G2: Congé pour études et recherches | H2: E0811 | I2: Congé pour études et recherches | J2: Type de congé/absence saisi = 'Congé pour études et recherches' | K2: A_COA_TYCOAB [Saisi] = 'CD008' | L2: T2005 | M2: Congé pour études et recherches - Demande | N2: Création | Q2: Titulaire ou magistrat | R2: P0001 | S2: Général | T2: Exclu | U2: 40550
A3: 20.00.00 | B3: A | C3: 43894.594 | D3: D0007 | E3: Congés/Absence | F3: S0145 | G3: Congé pour études et recherches | H3: E0811 | I3: Congé pour études et recherches | J3: Type de congé/absence saisi = 'Congé pour études et recherches' | K3: A_COA_TYCOAB [Saisi] = 'CD008' | L3: T2006 | M3: Congé pour études et recherches - Fin | N3: Modification | Q3: Titulaire ou magistrat | R3: P0001 | S3: Général | T3: Exclu | U3: 40550
A4: 22.10.00 | B4: A | C4: 44886.488 | D4: D0007 | E4: Congés/Absence | F4: S0145 | G4: Congé pour études et recherches | H4: E0811 | I4: Congé pour études et recherches | J4: Type de congé/absence saisi = 'Congé pour études et recherches' | K4: A_COA_TYCOAB [Saisi] = 'CD008' | L4: T2005 | M4: Congé pour études et recherches - Demande | N4: Création | Q4: Militaire | R4: P0002 | S4: Général | T4: Exclu | U4: 43831
A5: 22.10.00 | B5: A | C5: 44886.488 | D5: D0007 | E5: Congés/Absence | F5: S0145 | G5: Congé pour études et recherches | H5: E0811 | I5: Congé pour études et recherches | J5: Type de congé/absence saisi = 'Congé pour études et recherches' | K5: A_COA_TYCOAB [Saisi] = 'CD008' | L5: T2006 | M5: Congé pour études et recherches - Fin | N5: Modification | Q5: Militaire | R5: P0002 | S5: Général | T5: Exclu | U5: 43831
A6: 20.00.00 | B6: A | C6: 43894.594 | D6: D0007 | E6: Congés/Absence | F6: S0145 | G6: Congé pour études et recherches | H6: E0811 | I6: Congé pour études et recherches | J6: Type de congé/absence saisi = 'Congé pour études et recherches' | K6: A_COA_TYCOAB [Saisi] = 'CD008' | L6: T2005 | M6: Congé pour études et recherches - Demande | N6: Création | Q6: Contractuel | R6: P0003 | S6: Général | T6: Exclu | U6: 40550
A7: 20.00.00 | B7: A | C7: 43894.594 | D7: D0007 | E7: Congés/Absence | F7: S0145 | G7: Congé pour études et recherches | H7: E0811 | I7: Congé pour études et recherches | J7: Type de congé/absence saisi = 'Congé pour études et recherches' | K7: A_COA_TYCOAB [Saisi] = 'CD008' | L7: T2006 | M7: Congé pour études et recherches - Fin | N7: Modification | Q7: Contractuel | R7: P0003 | S7: Général | T7: Exclu | U7: 40550
A8: 20.00.00 | B8: A | C8: 43894.594 | D8: D0007 | E8: Congés/Absence | F8: S0145 | G8: Congé pour études et recherches | H8: E0811 | I8: Congé pour études et recherches | J8: Type de congé/absence saisi = 'Congé pour études et recherches' | K8: A_COA_TYCOAB [Saisi] = 'CD008' | L8: T2005 | M8: Congé pour études et recherches - Demande | N8: Création | Q8: Stagiaire ou auditeur ou élève | R8: P0004 | S8: Général | T8: Exclu | U8: 40550
A9: 20.00.00 | B9: A | C9: 43894.594 | D9: D0007 | E9: Congés/Absence | F9: S0145 | G9: Congé pour études et recherches | H9: E0811 | I9: Congé pour études et recherches | J9: Type de congé/absence saisi = 'Congé pour études et recherches' | K9: A_COA_TYCOAB [Saisi] = 'CD008' | L9: T2006 | M9: Congé pour études et recherches - Fin | N9: Modification | Q9: Stagiaire ou auditeur ou élève | R9: P0004 | S9: Général | T9: Exclu | U9: 40550
A10: 20.00.00 | B10: A | C10: 43894.594 | D10: D0007 | E10: Congés/Absence | F10: S0145 | G10: Congé pour études et recherches | H10: E0811 | I10: Congé pour études et recherches | J10: Type de congé/absence saisi = 'Congé pour études et recherches' | K10: A_COA_TYCOAB [Saisi] = 'CD008' | L10: T2005 | M10: Congé pour études et recherches - Demande | N10: Création | Q10: Ouvrier d'état | R10: P0005 | S10: Général | T10: Exclu | U10: 40550
A11: 20.00.00 | B11: A | C11: 43894.594 | D11: D0007 | E11: Congés/Absence | F11: S0145 | G11: Congé pour études et recherches | H11: E0811 | I11: Congé pour études et recherches | J11: Type de congé/absence saisi = 'Congé pour études et recherches' | K11: A_COA_TYCOAB [Saisi] = 'CD008' | L11: T2006 | M11: Congé pour études et recherches - Fin | N11: Modification | Q11: Ouvrier d'état | R11: P0005 | S11: Général | T11: Exclu | U11: 40550
A12: 20.00.00 | B12: A | C12: 43894.595 | D12: D0007 | E12: Congés/Absence | F12: S0145 | G12: Congé pour études et recherches | H12: E0811 | I12: Congé pour études et recherches | J12: Type de congé/absence saisi = 'Congé pour études et recherches' | K12: A_COA_TYCOAB [Saisi] = 'CD008' | L12: T2005 | M12: Congé pour études et recherches - Demande | N12: Création | Q12: Professeur ou maitre assistant des écoles d'architecture - Culture | R12: P0022 | S12: Particulier | T12: Passant | U12: 40550 | V12: 43159
A13: 20.00.00 | B13: A | C13: 43894.597 | D13: D0007 | E13: Congés/Absence | F13: S0145 | G13: Congé pour études et recherches | H13: E0811 | I13: Congé pour études et recherches | J13: Type de congé/absence saisi = 'Congé pour études et recherches' | K13: A_COA_TYCOAB [Saisi] = 'CD008' | L13: T2006 | M13: Congé pour études et recherches - Fin | N13: Modification | Q13: Professeur ou maitre assistant des écoles d'architecture - Culture | R13: P0022 | S13: Particulier | T13: Passant | U13: 40550 | V13: 43159
A14: 20.00.00 | B14: A | C14: 43894.597 | D14: D0007 | E14: Congés/Absence | F14: S0145 | G14: Congé pour études et recherches | H14: E0811 | I14: Congé pour études et recherches | J14: Type de congé/absence saisi = 'Congé pour études et recherches' | K14: A_COA_TYCOAB [Saisi] = 'CD008' | L14: T2005 | M14: Congé pour études et recherches - Demande | N14: Création | Q14: Professeur des écoles nationales supérieures d'art ENSArt - Culture | R14: P0239 | S14: Particulier | T14: Passant | U14: 40550
A15: 20.00.00 | B15: A | C15: 43894.598 | D15: D0007 | E15: Congés/Absence | F15: S0145 | G15: Congé pour études et recherches | H15: E0811 | I15: Congé pour études et recherches | J15: Type de congé/absence saisi = 'Congé pour études et recherches' | K15: A_COA_TYCOAB [Saisi] = 'CD008' | L15: T2006 | M15: Congé pour études et recherches - Fin | N15: Modification | Q15: Professeur des écoles nationales supérieures d'art ENSArt - Culture | R15: P0239 | S15: Particulier | T15: Passant | U15: 40550
A16: 20.10.00 | B16: A | C16: 44154.599 | D16: D0007 | E16: Congés/Absence | F16: S0145 | G16: Congé pour études et recherches | H16: E0811 | I16: Congé pour études et recherches | J16: Type de congé/absence saisi = 'Congé pour études et recherches' | K16: A_COA_TYCOAB [Saisi] = 'CD008' | L16: T2005 | M16: Congé pour études et recherches - Demande | N16: Création | Q16: Professeur ou maître de conférences des écoles nationales supérieures d'architecture ENSArchi - Culture | R16: P0242 | S16: Particulier | T16: Passant | U16: 43103
A17: 20.10.00 | B17: A | C17: 44154.597 | D17: D0007 | E17: Congés/Absence | F17: S0145 | G17: Congé pour études et recherches | H17: E0811 | I17: Congé pour études et recherches | J17: Type de congé/absence saisi = 'Congé pour études et recherches' | K17: A_COA_TYCOAB [Saisi] = 'CD008' | L17: T2006 | M17: Congé pour études et recherches - Fin | N17: Modification | Q17: Professeur ou maître de conférences des écoles nationales supérieures d'architecture ENSArchi - Culture | R17: P0242 | S17: Particulier | T17: Passant | U17: 43103

Sheet Axe 2 Règles de gestion
A1: Version | B1: Type de mise à jour | C1: Date de mise à jour | D1: Code de la règle | E1: Type de règle | F1: Règle littérale | G1: Références juridiques | H1: Date de début | I1: Date de fin | J1: Condition | K1: Articulation | L1: Type de contrôle | M1: Commentaire | N1: Typage RG exclusion | O1: Typage RG condition | P1: Typage RG contrôle | Q1: Typage RG intellectuel | R1: Typage RG impact | S1: FIME | T1: Statut de travail | U1: Règle retenue | V1: Expression littérale
A2: 20.00.00 | B2: A | C2: 43894.455 | D2: CER_D_001 | E2: Condition | F2: La durée réelle du congé doit être comprise entre 6 mois et 1 an. | G2: Décret 2002-1520 A19 | H2: 40725 | J2: SI A_COA_DFRECA [Saisi] <> Vide | K2: A_COA_DFRECA [Saisi] - A_COA_DADBCA [Saisi] <= 1 AN ET A_COA_DFRECA [Saisi] - A_COA_DADBCA [Saisi] >= 6 MOIS | L2: Bloquant | O2: P0239 - E0811 - Durée réelle | U2: x | V2: La durée du congé doit être comprise entre 6 mois et 1 an.
A3: 20.00.00 | B3: A | C3: 43894.459 | D3: CER_D_002 | E3: Condition | F3: La durée prévisionnelle du congé doit être comprise entre 6 mois et 1 an. | G3: Décret 2002-1520 A19 | H3: 40725 | J3: SI A_COA_DFRECA [Saisi] = Vide ET A_COA_DAFIPR [Saisi] <> Vide | K3: A_COA_DAFIPR [Saisi] - A_COA_DADBCA [Saisi] <= 1 AN ET A_COA_DAFIPR [Saisi] - A_COA_DADBCA [Saisi] >= 6 MOIS | L3: Bloquant | O3: P0239 - E0811 - Durée prévisionnelle
A4: 26.00.00 | B4: M | C4: 46157.442 | D4: CER_D_003 | E4: Condition | F4: L'agent doit être en activité. | G4: Décret 2002-1520 A19 | H4: 40725 | K4: A_POS_POSIAD [Dossier] = POSITION_SITUATION.R_FOR_IDEN05 ET ((POSITION_SITUATION.R_REL_PSSAG2 DANS ('ACI', 'HCA', 'MAD', 'DEL', 'MDE', 'MLD')) OU (POSITION_SITUATION.R_REL_PSSAG1 DANS ('DEE00', 'DES00', 'DEG00'))) | L4: Bloquant | O4: P0239 - E0811 - Activité | S4: 2026-44 | U4: x | V4: L'agent doit être en activité.
A5: 20.00.00 | B5: A | C5: 43894.472 | D5: CER_D_004 | E5: Condition | F5: La durée réelle du congé doit être de 6 mois. | G5: Décret 94-262 A15 | H5: 40725 | I5: 43159 | J5: SI A_COA_DFRECA [Saisi] <> Vide | K5: A_COA_DFRECA [Saisi] - A_COA_DADBCA [Saisi] = 6 MOIS | L5: Non Bloquant | M5: Ce contrôle est non bloquant car à titre exceptionnel le congé peut être porté à un an. | O5: P0022 - E0811 - Durée réelle 1 (01/07/2011)
A6: 20.00.00 | B6: A | C6: 43894.475 | D6: CER_D_005 | E6: Condition | F6: La durée prévisionnelle du congé doit être de 6 mois. | G6: Décret 94-262 A15 | H6: 40725 | I6: 43159 | J6: SI A_COA_DFRECA [Saisi] = Vide ET A_COA_DAFIPR [Saisi] <> Vide | K6: A_COA_DAFIPR [Saisi] - A_COA_DADBCA [Saisi] = 6 MOIS | L6: Non Bloquant | M6: Ce contrôle est non bloquant car à titre exceptionnel le congé peut être porté à un an. | O6: P0022 - E0811 - Durée prévisionnelle 1 (01/07/2011)
A7: 20.00.00 | B7: A | C7: 43894.476 | D7: CER_D_006 | E7: Condition | F7: A titre exceptionnel, la durée réelle du congé peut être d' 1 an après avis favorable de l'instance consultée initialement. | G7: Décret 94-262 A15 | H7: 40725 | I7: 43159 | J7: SI A_COA_DFRECA [Saisi] <> Vide | K7: A_COA_DFRECA [Saisi] - A_COA_DADBCA [Saisi] = 1 AN | L7: Non Bloquant | M7: Ce contrôle est non bloquant car le congé peut-être de 6 mois. | O7: P0022 - E0811 - Durée réelle 2 (01/07/2011)
A8: 20.00.00 | B8: A | C8: 43894.478 | D8: CER_D_007 | E8: Condition | F8: A titre exceptionnel, la durée prévisionnelle du congé peut être d' 1 an après avis favorable de l'instance consultée initialement. | G8: Décret 94-262 A15 | H8: 40725 | I8: 43159 | J8: SI A_COA_DFRECA [Saisi] = Vide ET A_COA_DAFIPR [Saisi] <> Vide | K8: A_COA_DAFIPR [Saisi] - A_COA_DADBCA [Saisi] = 1 AN | L8: Non Bloquant | M8: Ce contrôle est non bloquant car le congé peut-être de 6 mois. | O8: P0022 - E0811 - Durée prévisionnelle 2 (01/07/2011)
A9: 20.00.00 | B9: A | C9: 43894.479 | D9: CER_D_008 | E9: Condition | F9: L'agent doit être en activité. | G9: Décret 94-262 A15 | H9: 40725 | I9: 43159 | K9: A_POS_POSIAD [Dossier] = POSITION_SITUATION.R_FOR_IDEN05 ET (POSITION_SITUATION.R_REL_PSSAG2 DANS ('ACI','HCA','MAD','DEL','MDE','MLD')) OU (POSITION_SITUATION.R_REL_PSSAG1 DANS ('DEE00', 'DES00')) | L9: Bloquant | O9: P0022 - E0811 - Activité (01/07/2011)
A10: 20.10.00 | B10: M | C10: 44154.597 | D10: CER_D_009 | E10: Condition | F10: La durée réelle du congé doit être de 6 mois. | G10: Décret 2018-105 A26 | H10: 43160 | J10: SI A_COA_DFRECA [Saisi] <> Vide | K10: A_COA_DFRECA [Saisi] - A_COA_DADBCA [Saisi] = 6 MOIS | L10: Non Bloquant | M10: Ce contrôle est non bloquant car à titre exceptionnel le congé peut être porté à un an. | O10: P0242 / P0022 - E0811 - Durée réelle 1 (01/03/2018) | U10: x | V10: La durée du congé doit être de 6 mois.
A11: 20.10.00 | B11: M | C11: 44154.597 | D11: CER_D_010 | E11: Condition | F11: La durée prévisionnelle du congé doit être de 6 mois. | G11: Décret 2018-105 A26 | H11: 43160 | J11: SI A_COA_DFRECA [Saisi] = Vide ET A_COA_DAFIPR [Saisi] <> Vide | K11: A_COA_DAFIPR [Saisi] - A_COA_DADBCA [Saisi] = 6 MOIS | L11: Non Bloquant | M11: Ce contrôle est non bloquant car à titre exceptionnel le congé peut être porté à un an. | O11: P0022 / P0242 - E0811 - Durée prévisionnelle 1 (01/03/2018)
A12: 20.10.00 | B12: M | C12: 44154.597 | D12: CER_D_011 | E12: Condition | F12: A titre exceptionnel, la durée réelle du congé peut être d' 1 an après avis favorable du conseil national. | G12: Décret 2018-105 A26 | H12: 43160 | J12: SI A_COA_DFRECA [Saisi] <> Vide | K12: A_COA_DFRECA [Saisi] - A_COA_DADBCA [Saisi] = 1 AN | L12: Non Bloquant | M12: Ce contrôle est non bloquant car le congé peut-être de 6 mois. | O12: P0022 / P0242 - E0811 - Durée réelle 2 (01/03/2018) | U12: x | V12: A titre exceptionnel, la durée du congé peut être d' 1 an après avis favorable du conseil national.
A13: 20.10.00 | B13: M | C13: 44154.597 | D13: CER_D_012 | E13: Condition | F13: A titre exceptionnel, la durée prévisionnelle du congé peut être d' 1 an après avis favorable du conseil national. | G13: Décret 2018-105 A26 | H13: 43160 | J13: SI A_COA_DFRECA [Saisi] = Vide ET A_COA_DAFIPR [Saisi] <> Vide | K13: A_COA_DAFIPR [Saisi] - A_COA_DADBCA [Saisi] = 1 AN | L13: Non Bloquant | M13: Ce contrôle est non bloquant car le congé peut-être de 6 mois. | O13: P0022 / P0242 - E0811 - Durée prévisionnelle 2 (01/03/2018)
A14: 20.10.00 | B14: M | C14: 44154.598 | D14: CER_D_013 | E14: Condition | F14: Une nouvelle demande de congé ne peut intervenir qu'à l'échéance d'une période de 6 années à l'issue du dernier congé accordé. | G14: Décret 2018-105 A26 | H14: 43160 | J14: SI (A_COA_DFRECA [Existe dans le dossier] <> Vide ET A_COA_TYCOAB [Existe dans le dossier] = 'CD008') | K14: A_COA_DADBCA [Saisi] - A_COA_DFRECA [Existe dans le dossier] > 6 AN-3D | L14: Bloquant | O14: P0022 / P0242 - E0811 - Durée entre deux congés (01/03/2018) | U14: x | V14: Une nouvelle demande de congé ne peut intervenir qu'à l'échéance d'une période de 6 années à l'issue du dernier congé accordé.
A15: 26.00.00 | B15: M | C15: 46157.442 | D15: CER_D_014 | E15: Condition | F15: L'agent doit être en activité. | G15: Décret 2018-105 A26 | H15: 43160 | K15: A_POS_POSIAD [Dossier] = POSITION_SITUATION.R_FOR_IDEN05 ET ((POSITION_SITUATION.R_REL_PSSAG2 DANS ('ACI', 'HCA', 'MAD', 'DEL', 'MDE', 'MLD')) OU (POSITION_SITUATION.R_REL_PSSAG1 DANS ('DEE00', 'DES00', 'DEG00'))) | L15: Bloquant | O15: P0022 / P0242 - E0811 - Activité (01/03/2018) | S15: 2026-44 | U15: x | V15: L'agent doit être en activité.
A16: 17.10.00 | B16: A | C16: 43152.5 | D16: ABS_C_001 | E16: Contrôle | F16: La date de début du congé/absence doit être postérieure ou égale à la date de recrutement dans la FPE ou dans la carrière militaire. | H16: 40725 | K16: A_COA_DADBCA [Saisi] >= A_SAP_DENFPE [Dossier] | L16: Bloquant
A17: 17.10.00 | B17: A | C17: 43152.5 | D17: ABS_C_003 | E17: Contrôle | F17: La date de début du congé/absence doit être antérieure ou égale à la date de fin réelle du congé/absence. | H17: 40725 | J17: SI A_COA_DFRECA [Saisi] <> Vide | K17: A_COA_DADBCA [Saisi] <= A_COA_DFRECA [Saisi] | L17: Bloquant
A18: 17.10.00 | B18: A | C18: 43152.5 | D18: ABS_C_004 | E18: Contrôle | F18: La date de début du congé/absence doit être antérieure ou égale à la date de fin prévisionnelle du congé/absence. | H18: 40725 | J18: SI A_COA_DAFIPR [Saisi] <> Vide ET A_COA_DFRECA [Saisi] = Vide | K18: A_COA_DADBCA [Saisi] <= A_COA_DAFIPR [Saisi] | L18: Bloquant
A19: 17.10.00 | B19: A | C19: 43152.5 | D19: ABS_C_007 | E19: Contrôle | F19: La date de fin réelle du congé/absence doit être antérieure à la date limite de départ à la retraite. | H19: 40725 | J19: SI A_COA_DFRECA [Saisi] <> Vide | K19: A_COA_DFRECA [Saisi] < A_SAP_DLDPRE [Dossier] | L19: Non Bloquant
A20: 17.10.00 | B20: A | C20: 43152.5 | D20: ABS_C_008 | E20: Contrôle | F20: La date de fin prévisionnelle du congé/absence doit être antérieure à la date limite de départ à la retraite. | H20: 40725 | J20: SI A_COA_DAFIPR [Saisi] <> Vide ET A_COA_DFRECA [Saisi] = Vide | K20: A_COA_DAFIPR [Saisi] < A_SAP_DLDPRE [Dossier] | L20: Non Bloquant
A21: 17.10.00 | B21: A | C21: 43152.5 | D21: ABS_C_009 | E21: Contrôle | F21: La date de fin réelle ou la date de fin prévisionnelle du congé/absence doit être saisie. | H21: 40725 | K21: A_COA_DAFIPR [Saisi] <> Vide OU A_COA_DFRECA [Saisi] <> Vide | L21: Bloquant
A22: 17.10.00 | B22: A | C22: 44932.469 | D22: ABS_C_019 | E22: Contrôle | F22: Si l'absence ne commence pas par une demi-journée et si l'absence précédente ne finit pas par une demi journée, la date de début de l'absence saisie est postérieure à la date de fin réelle de l'absence précédente. | H22: 40725 | J22: SI A_COA_TDAMPM [Saisi] = Vide ET A_COA_TFAMPM [Occurrence précédente] = Vide ET A_COA_DFRECA [Occurrence précédente] <> Vide | K22: A_COA_DADBCA [Saisi] > A_COA_DFRECA [Occurrence précédente] | L22: Bloquant | M22: On peut avoir deux absences le même jour une le matin et l'autre l'après-midi
A23: 17.10.00 | B23: A | C23: 44932.471 | D23: ABS_C_020 | E23: Contrôle | F23: Si l'absence ne commence pas par une demi-journée et si l'absence précédente ne finit pas par une demi journée, la date de début de l'absence saisie est postérieure à la date de fin prévisionnelle de l'absence précédente. | H23: 40725 | J23: SI A_COA_TDAMPM [Saisi] = Vide ET A_COA_TFAMPM [Occurrence précédente] = Vide ET A_COA_DAFIPR [Occurrence précédente] <> Vide ET A_COA_DFRECA [Occurrence précédente] = Vide | K23: A_COA_DADBCA [Saisi] > A_COA_DAFIPR [Occurrence précédente] | L23: Bloquant | M23: On peut avoir deux absences le même jour une le matin et l'autre l'après-midi
A24: 19.00.00 | B24: M | C24: 43669.657 | D24: ABS_C_026 | E24: Contrôle | F24: Dans le cas d'un congé autre que CLM, CLD, CGM et CITIS, l'indicateur de requalification doit être à non et les impacts spécifiques à la requalification ne doivent pas être mobilisés ou l'impact rémunération est vide. | H24: 40725 | K24: A_COA_CMOREQ [Saisi] = 0 ET ((A_COA_IMPPAY [Saisi] = IMPACT_REMU.R_FOR_IDEN04 ET IMPACT_REMU.R_FOR_REQUAL = '0') OU A_COA_IMPPAY [Saisi] = Vide) | L24: Bloquant
A25: 20.00.00 | B25: A | C25: 43894.5 | D25: CER_I_001 | E25: Intellectuel | F25: L'avis de la commission d'évaluation est nécessaire. | G25: Décret 2002-1520 A19 | H25: 40725 | L25: Non Bloquant | Q25: P0239 - E0811 - Demande - Avis commission | U25: x | V25: L'avis de la commission d'évaluation est nécessaire.
A26: 20.00.00 | B26: A | C26: 43894.586 | D26: CER_I_002 | E26: Intellectuel | F26: L'agent doit avoir exercé en position d'activité pendant les 6 années précédentes. | G26: Décret 2002-1520 A19 | H26: 40725 | L26: Non Bloquant | Q26: P0239 - E0811 - Demande - Condition activité | U26: x | V26: L'agent doit avoir exercé en position d'activité pendant les 6 années précédentes.
A27: 20.00.00 | B27: A | C27: 43894.587 | D27: CER_I_003 | E27: Intellectuel | F27: L'agent doit présenter un projet. | G27: Décret 2002-1520 A19 | H27: 40725 | L27: Non Bloquant | Q27: P0239 - E0811 | U27: x | V27: L'agent doit présenter un projet.
A28: 20.00.00 | B28: A | C28: 43894.588 | D28: CER_I_004 | E28: Intellectuel | F28: A l'issue du congé, l'agent doit transmettre au ministère chargé de la culture un rapport sur les travaux effectués pendant cette période. | G28: Décret 2002-1520 A19 | H28: 40725 | L28: Non Bloquant | Q28: P0239 - E0811 - Fin - Transmission rapport | U28: x | V28: A l'issue du congé, l'agent doit transmettre au ministère chargé de la culture un rapport sur les travaux effectués pendant cette période.
A29: 20.10.00 | B29: M | C29: 44154.598 | D29: CER_I_005 | E29: Intellectuel | F29: L'agent doit avoir exercé ses fonctions dans une école nationale supérieure d'architecture pendant les 6 années précédant la période de congés. | G29: Décret 2018-105 A26 | H29: 43160 | L29: Non Bloquant | Q29: P0022 / P0242 - E0811 - Ancienneté fonction (01/03/2018) | U29: x | V29: L'agent doit avoir exercé ses fonctions dans une école nationale supérieure d'architecture pendant les 6 années précédant la période de congés.
A30: 20.10.00 | B30: M | C30: 44154.598 | D30: CER_I_006 | E30: Intellectuel | F30: L'agent doit présenter un projet. | G30: Décret 2018-105 A26 | H30: 43160 | L30: Non Bloquant | Q30: P0022 / P0242 - E0811 - Demande - Projet (01/03/2018) | U30: x | V30: L'agent doit présenter un projet.
A31: 20.10.00 | B31: M | C31: 44154.598 | D31: CER_I_007 | E31: Intellectuel | F31: L'avis du conseil national des enseignants-chercheurs des écoles nationales supérieures d'architecture est nécessaire. | G31: Décret 2018-105 A26 | H31: 43160 | L31: Non Bloquant | Q31: P0242 / P0022 - E0811 - Demande - Avis commission (01/03/2018) | U31: x | V31: L'avis du conseil national des enseignants-chercheurs des écoles nationales supérieures d'architecture est nécessaire.
A32: 20.10.00 | B32: M | C32: 44154.593 | D32: CER_I_008 | E32: Intellectuel | F32: A l'issue du congé, l'agent adresse au directeur de son établissement et au conseil national des enseignants-chercheurs des écoles nationales supérieures d'architecture un rapport sur ses activités pendant cette période. | G32: Décret 2018-105 A26 | H32: 43160 | L32: Non Bloquant | Q32: P0022 / P0242 - E0811 - Fin - Transmission rapport (01/03/2018) | U32: x | V32: A l'issue du congé, l'agent adresse au directeur de son établissement et au conseil national des enseignants-chercheurs des écoles nationales supérieures d'architecture un rapport sur ses activités pendant cette période.
