Workbook
Name date_DIADC: 'Mode opératoire'!#REF!
Name notice_DIADC: 'Mode opératoire'!#REF!
Name notice_ENCHN: 'Mode opératoire'!$B$1:$B$4
Name notice_ICA: 'Mode opératoire'!#REF!

Sheet Mode opératoire
B1: MODE OPERATOIRE
B2: La transaction s'effectue au niveau de la rubrique "Congés/absences", elle inclut l'ensemble des sous-rubriques listées ci-dessous : - Congés/absences - Complément pour congé / absence : impact rémunération - Compteurs de périodes de congés On notera que : La sous-rubrique "Complément pour congé / absence : impact rémunération" est réputée, suite au découpage des absences en tranche de rémunération, avoir des dates de début et de fin alignées sur les dates de début et de fin de la sous-rubrique "Congés/absences" (contrôle bloquant)

Sheet Axe 1 Enchainement des RG
A1: Version | B1: Type de mise à jour | C1: Date de mise à jour | D1: Identifiant Domaine | E1: Libellé du Domaine | F1: Identifiant Sous-domaine | G1: Libellé du Sous-domaine | H1: Identifiant Evénement | I1: Libellé de l'évènement | J1: Libellé condition déclenchement Evènement | K1: Condition déclenchement Evènement | L1: Identifiant type d'évènement | M1: Libellé type d'évènement | N1: Type de mise à jour | O1: Libellé condition déclenchement Type Evènement | P1: Condition déclenchement Type Evènement | Q1: Libellé Population | R1: Codification Population | S1: Typologie de population | T1: Général / Particulier | U1: Passant / Exclu | V1: Date de début | W1: Date de fin | X1: Règles mobilisées | Y1: Identifiant Règle de contrôle intellectuel 1 | Z1: Libellé Règle de contrôle intellectuel 1 | AA1: Identifiant Règle de contrôle intellectuel 2 | AB1: Libellé Règle de contrôle intellectuel 2 | AC1: Identifiant Règle de contrôle intellectuel 3 | AD1: Libellé Règle de contrôle intellectuel 3 | AE1: Identifiant Règle de contrôle intellectuel 4 | AF1: Libellé Règle de contrôle intellectuel 4 | AG1: Identifiant Règle de contrôle intellectuel 5 | AH1: Libellé Règle de contrôle intellectuel 5 | AI1: Identifiant Règle de contrôle intellectuel 6 | AJ1: Libellé Règle de contrôle intellectuel 6 | AK1: Identifiant Règle de contrôle intellectuel 7 | AL1: Libellé Règle de contrôle intellectuel 7 | AM1: Identifiant Règle de contrôle intellectuel 8 | AN1: Libellé Règle de contrôle intellectuel 8 | AO1: Identifiant Règle de contrôle intellectuel 9 | AP1: Libellé Règle de contrôle intellectuel 9 | AQ1: Identifiant Règle de contrôle intellectuel 10 | AR1: Libellé Règle de contrôle intellectuel 10 | AS1: Identifiant Règle de condition 1 | AT1: Libellé Règle de condition 1 | AU1: Identifiant Règle de condition 2 | AV1: Libellé Règle de condition 2 | AW1: Identifiant Règle de condition 3 | AX1: Libellé Règle de condition 3 | AY1: Identifiant Règle de contrôle 1 | AZ1: Libellé Règle de contrôle 1 | BA1: Identifiant Règle de contrôle 2 | BB1: Libellé Règle de contrôle 2 | BC1: Identifiant Règle de contrôle 3 | BD1: Libellé Règle de contrôle 3 | BE1: Identifiant Règle de contrôle 4 | BF1: Libellé Règle de contrôle 4 | BG1: Identifiant Règle de contrôle 5 | BH1: Libellé Règle de contrôle 5 | BI1: Identifiant Règle de contrôle 6 | BJ1: Libellé Règle de contrôle 6 | BK1: Identifiant Règle de contrôle 7 | BL1: Libellé Règle de contrôle 7 | BM1: Identifiant Règle de contrôle 8 | BN1: Libellé Règle de contrôle 8 | BO1: Identifiant Règle de contrôle 9 | BP1: Libellé Règle de contrôle 9 | BQ1: Identifiant Règle de contrôle 10 | BR1: Libellé Règle de contrôle 10 | BS1: FIME | BT1: Statut de travail
A2: 23.00.00 | B2: A | C2: 45084.43 | D2: D0007 | E2: Congés/Absence | F2: S0167 | G2: Congés annuels Jours ARTT | H2: E0933 | I2: Jours supplémentaires hors période (fractionnement) | J2: Type de congé/absence saisi est 'Jours supplémentaires hors période (fractionnement)' | K2: A_COA_TYCOAB [Saisi] = 'CV001' | L2: T2277 | M2: Jours supplémentaires hors période (fractionnement) | N2: Création Modification | Q2: Titulaire ou magistrat | R2: P0001 | S2: T | T2: Général | U2: Passant | V2: 44927 | X2: CFR_I_007 ET CFR_I_008 ET CFR_D_001 ET ABS_C_001 ET ABS_C_003 ET ABS_C_004 ET ABS_C_007 ET ABS_C_008 ET ABS_C_009 ET ABS_C_019 ET ABS_C_020 ET ABS_C_026 | Y2: CFR_I_007 | Z2: =VLOOKUP(Y2,'Axe 2 Règles de gestion'!$D$2:$F$146,3, FALSE) -> L'agent bénéficie d'1 jour de congé supplémentaire, dit « jour de fractionnement », lorsque le nombre de jours de congé annuel pris en dehors de la période du 1er mai au 31 octobre est de 5, 6 ou 7. | AA2: CFR_I_008 | AB2: =VLOOKUP(AA2,'Axe 2 Règles de gestion'!$D$2:$F$146,3, FALSE) -> L'agent bénéficie de 2 jours de congés supplémentaires, dit « jours de fractionnement », lorsque le nombre de jours de congé annuel pris en dehors de la période du 1er mai au 31 octobre est supérieur ou égal à 8. | AS2: CFR_D_001 | AT2: =VLOOKUP(AS2,'Axe 2 Règles de gestion'!$D$2:$F$146,3, FALSE) -> L'agent ne peut pas prendre plus de 2 jours de fractionnement par an. | AY2: ABS_C_001 | AZ2: =VLOOKUP(AY2,'Axe 2 Règles de gestion'!$D$2:$F$146,3, FALSE) -> La date de début du congé/absence doit être postérieure ou égale à la date de recrutement dans la FPE ou dans la carrière militaire. | BA2: ABS_C_003 | BB2: =VLOOKUP(BA2,'Axe 2 Règles de gestion'!$D$2:$F$146,3, FALSE) -> La date de début du congé/absence doit être antérieure ou égale à la date de fin réelle du congé/absence. | BC2: ABS_C_004 | BD2: =VLOOKUP(BC2,'Axe 2 Règles de gestion'!$D$2:$F$146,3, FALSE) -> La date de début du congé/absence doit être antérieure ou égale à la date de fin prévisionnelle du congé/absence. | BE2: ABS_C_007 | BF2: =VLOOKUP(BE2,'Axe 2 Règles de gestion'!$D$2:$F$146,3, FALSE) -> La date de fin réelle du congé/absence doit être antérieure à la date limite de départ à la retraite. | BG2: ABS_C_008 | BH2: =VLOOKUP(BG2,'Axe 2 Règles de gestion'!$D$2:$F$146,3, FALSE) -> La date de fin prévisionnelle du congé/absence doit être antérieure à la date limite de départ à la retraite. | BI2: ABS_C_009 | BJ2: =VLOOKUP(BI2,'Axe 2 Règles de gestion'!$D$2:$F$146,3, FALSE) -> La date de fin réelle ou la date de fin prévisionnelle du congé/absence doit être saisie. | BK2: ABS_C_019 | BL2: =VLOOKUP(BK2,'Axe 2 Règles de gestion'!$D$2:$F$146,3, FALSE) -> Si l'absence ne commence pas par une demi-journée et si l'absence précédente ne finit pas par une demi journée, la date de début de l'absence saisie est postérieure à la date de fin réelle de l'absence précédente. | BM2: ABS_C_020 | BN2: =VLOOKUP(BM2,'Axe 2 Règles de gestion'!$D$2:$F$146,3, FALSE) -> Si l'absence ne commence pas par une demi-journée et si l'absence précédente ne finit pas par une demi journée, la date de début de l'absence saisie est postérieure à la date de fin prévisionnelle de l'absence précédente. | BO2: ABS_C_026 | BP2: =VLOOKUP(BO2,'Axe 2 Règles de gestion'!$D$2:$F$146,3, FALSE) -> Dans le cas d'un congé autre que CLM, CLD, CGM et CITIS, l'indicateur de requalification doit être à non et les impacts spécifiques à la requalification ne doivent pas être mobilisés ou l'impact rémunération est vide.
A3: 24.10.00 | B3: A | C3: 45561.414 | D3: D0007 | E3: Congés/Absence | F3: S0167 | G3: Congés annuels Jours ARTT | H3: E0933 | I3: Jours supplémentaires hors période (fractionnement) | J3: Type de congé/absence saisi est 'Jours supplémentaires hors période (fractionnement)' | K3: A_COA_TYCOAB [Saisi] = 'CV001' | L3: T2277 | M3: Jours supplémentaires hors période (fractionnement) | N3: Création Modification | Q3: Militaire | R3: P0002 | S3: M | T3: Général | U3: Exclu | V3: 44927
A4: 23.00.00 | B4: A | C4: 45084.437 | D4: D0007 | E4: Congés/Absence | F4: S0167 | G4: Congés annuels Jours ARTT | H4: E0933 | I4: Jours supplémentaires hors période (fractionnement) | J4: Type de congé/absence saisi est 'Jours supplémentaires hors période (fractionnement)' | K4: A_COA_TYCOAB [Saisi] = 'CV001' | L4: T2277 | M4: Jours supplémentaires hors période (fractionnement) | N4: Création Modification | Q4: Contractuel | R4: P0003 | S4: N | T4: Général | U4: Passant | V4: 44927 | X4: CFR_I_001 ET CFR_I_007 ET CFR_I_008 ET CFR_D_001 ET ABS_C_002 ET ABS_C_003 ET ABS_C_004 ET ABS_C_005 ET ABS_C_006 ET ABS_C_009 ET ABS_C_019 ET ABS_C_020 ET ABS_C_026 | Y4: CFR_I_001 | Z4: =VLOOKUP(Y4,'Axe 2 Règles de gestion'!$D$2:$F$146,3, FALSE) -> L'agent bénéficie des dispositions applicables aux agents titulaires pour les jours de fractionnement. | AA4: CFR_I_007 | AB4: =VLOOKUP(AA4,'Axe 2 Règles de gestion'!$D$2:$F$146,3, FALSE) -> L'agent bénéficie d'1 jour de congé supplémentaire, dit « jour de fractionnement », lorsque le nombre de jours de congé annuel pris en dehors de la période du 1er mai au 31 octobre est de 5, 6 ou 7. | AC4: CFR_I_008 | AD4: =VLOOKUP(AC4,'Axe 2 Règles de gestion'!$D$2:$F$146,3, FALSE) -> L'agent bénéficie de 2 jours de congés supplémentaires, dit « jours de fractionnement », lorsque le nombre de jours de congé annuel pris en dehors de la période du 1er mai au 31 octobre est supérieur ou égal à 8. | AS4: CFR_D_001 | AT4: =VLOOKUP(AS4,'Axe 2 Règles de gestion'!$D$2:$F$146,3, FALSE) -> L'agent ne peut pas prendre plus de 2 jours de fractionnement par an. | AY4: ABS_C_002 | AZ4: =VLOOKUP(AY4,'Axe 2 Règles de gestion'!$D$2:$F$146,3, FALSE) -> La date de début du congé/absence doit être postérieure ou égale à la date de début du lien juridique. | BA4: ABS_C_003 | BB4: =VLOOKUP(BA4,'Axe 2 Règles de gestion'!$D$2:$F$146,3, FALSE) -> La date de début du congé/absence doit être antérieure ou égale à la date de fin réelle du congé/absence. | BC4: ABS_C_004 | BD4: =VLOOKUP(BC4,'Axe 2 Règles de gestion'!$D$2:$F$146,3, FALSE) -> La date de début du congé/absence doit être antérieure ou égale à la date de fin prévisionnelle du congé/absence. | BE4: ABS_C_005 | BF4: =VLOOKUP(BE4,'Axe 2 Règles de gestion'!$D$2:$F$146,3, FALSE) -> La date de fin réelle du congé/absence doit être antérieure ou égale à la date limite de fin réelle ou prévisionnelle du lien juridique. | BG4: ABS_C_006 | BH4: =VLOOKUP(BG4,'Axe 2 Règles de gestion'!$D$2:$F$146,3, FALSE) -> La date de fin prévisionnelle du congé/absence doit être antérieure ou égale à la date limite de fin réelle ou prévisionnelle du lien juridique. | BI4: ABS_C_009 | BJ4: =VLOOKUP(BI4,'Axe 2 Règles de gestion'!$D$2:$F$146,3, FALSE) -> La date de fin réelle ou la date de fin prévisionnelle du congé/absence doit être saisie. | BK4: ABS_C_019 | BL4: =VLOOKUP(BK4,'Axe 2 Règles de gestion'!$D$2:$F$146,3, FALSE) -> Si l'absence ne commence pas par une demi-journée et si l'absence précédente ne finit pas par une demi journée, la date de début de l'absence saisie est postérieure à la date de fin réelle de l'absence précédente. | BM4: ABS_C_020 | BN4: =VLOOKUP(BM4,'Axe 2 Règles de gestion'!$D$2:$F$146,3, FALSE) -> Si l'absence ne commence pas par une demi-journée et si l'absence précédente ne finit pas par une demi journée, la date de début de l'absence saisie est postérieure à la date de fin prévisionnelle de l'absence précédente. | BO4: ABS_C_026 | BP4: =VLOOKUP(BO4,'Axe 2 Règles de gestion'!$D$2:$F$146,3, FALSE) -> Dans le cas d'un congé autre que CLM, CLD, CGM et CITIS, l'indicateur de requalification doit être à non et les impacts spécifiques à la requalification ne doivent pas être mobilisés ou l'impact rémunération est vide.
A5: 23.00.00 | B5: A | C5: 45084.438 | D5: D0007 | E5: Congés/Absence | F5: S0167 | G5: Congés annuels Jours ARTT | H5: E0933 | I5: Jours supplémentaires hors période (fractionnement) | J5: Type de congé/absence saisi est 'Jours supplémentaires hors période (fractionnement)' | K5: A_COA_TYCOAB [Saisi] = 'CV001' | L5: T2277 | M5: Jours supplémentaires hors période (fractionnement) | N5: Création Modification | Q5: Stagiaire ou auditeur ou élève | R5: P0004 | S5: S | T5: Général | U5: Passant | V5: 44927 | X5: CFR_I_002 ET CFR_I_007 ET CFR_I_008 ET CFR_D_001 ET ABS_C_001 ET ABS_C_003 ET ABS_C_004 ET ABS_C_007 ET ABS_C_008 ET ABS_C_009 ET ABS_C_019 ET ABS_C_020 ET ABS_C_026 | Y5: CFR_I_002 | Z5: =VLOOKUP(Y5,'Axe 2 Règles de gestion'!$D$2:$F$146,3, FALSE) -> L'agent bénéficie des dispositions applicables aux agents titulaires pour les jours de fractionnement. | AA5: CFR_I_007 | AB5: =VLOOKUP(AA5,'Axe 2 Règles de gestion'!$D$2:$F$146,3, FALSE) -> L'agent bénéficie d'1 jour de congé supplémentaire, dit « jour de fractionnement », lorsque le nombre de jours de congé annuel pris en dehors de la période du 1er mai au 31 octobre est de 5, 6 ou 7. | AC5: CFR_I_008 | AD5: =VLOOKUP(AC5,'Axe 2 Règles de gestion'!$D$2:$F$146,3, FALSE) -> L'agent bénéficie de 2 jours de congés supplémentaires, dit « jours de fractionnement », lorsque le nombre de jours de congé annuel pris en dehors de la période du 1er mai au 31 octobre est supérieur ou égal à 8. | AS5: CFR_D_001 | AT5: =VLOOKUP(AS5,'Axe 2 Règles de gestion'!$D$2:$F$146,3, FALSE) -> L'agent ne peut pas prendre plus de 2 jours de fractionnement par an. | AY5: ABS_C_001 | AZ5: =VLOOKUP(AY5,'Axe 2 Règles de gestion'!$D$2:$F$146,3, FALSE) -> La date de début du congé/absence doit être postérieure ou égale à la date de recrutement dans la FPE ou dans la carrière militaire. | BA5: ABS_C_003 | BB5: =VLOOKUP(BA5,'Axe 2 Règles de gestion'!$D$2:$F$146,3, FALSE) -> La date de début du congé/absence doit être antérieure ou égale à la date de fin réelle du congé/absence. | BC5: ABS_C_004 | BD5: =VLOOKUP(BC5,'Axe 2 Règles de gestion'!$D$2:$F$146,3, FALSE) -> La date de début du congé/absence doit être antérieure ou égale à la date de fin prévisionnelle du congé/absence. | BE5: ABS_C_007 | BF5: =VLOOKUP(BE5,'Axe 2 Règles de gestion'!$D$2:$F$146,3, FALSE) -> La date de fin réelle du congé/absence doit être antérieure à la date limite de départ à la retraite. | BG5: ABS_C_008 | BH5: =VLOOKUP(BG5,'Axe 2 Règles de gestion'!$D$2:$F$146,3, FALSE) -> La date de fin prévisionnelle du congé/absence doit être antérieure à la date limite de départ à la retraite. | BI5: ABS_C_009 | BJ5: =VLOOKUP(BI5,'Axe 2 Règles de gestion'!$D$2:$F$146,3, FALSE) -> La date de fin réelle ou la date de fin prévisionnelle du congé/absence doit être saisie. | BK5: ABS_C_019 | BL5: =VLOOKUP(BK5,'Axe 2 Règles de gestion'!$D$2:$F$146,3, FALSE) -> Si l'absence ne commence pas par une demi-journée et si l'absence précédente ne finit pas par une demi journée, la date de début de l'absence saisie est postérieure à la date de fin réelle de l'absence précédente. | BM5: ABS_C_020 | BN5: =VLOOKUP(BM5,'Axe 2 Règles de gestion'!$D$2:$F$146,3, FALSE) -> Si l'absence ne commence pas par une demi-journée et si l'absence précédente ne finit pas par une demi journée, la date de début de l'absence saisie est postérieure à la date de fin prévisionnelle de l'absence précédente. | BO5: ABS_C_026 | BP5: =VLOOKUP(BO5,'Axe 2 Règles de gestion'!$D$2:$F$146,3, FALSE) -> Dans le cas d'un congé autre que CLM, CLD, CGM et CITIS, l'indicateur de requalification doit être à non et les impacts spécifiques à la requalification ne doivent pas être mobilisés ou l'impact rémunération est vide.
A6: 23.00.00 | B6: A | C6: 45084.438 | D6: D0007 | E6: Congés/Absence | F6: S0167 | G6: Congés annuels Jours ARTT | H6: E0933 | I6: Jours supplémentaires hors période (fractionnement) | J6: Type de congé/absence saisi est 'Jours supplémentaires hors période (fractionnement)' | K6: A_COA_TYCOAB [Saisi] = 'CV001' | L6: T2277 | M6: Jours supplémentaires hors période (fractionnement) | N6: Création Modification | Q6: Ouvrier d'état | R6: P0005 | S6: O | T6: Général | U6: Passant | V6: 44927 | X6: ABS_C_002 ET ABS_C_003 ET ABS_C_004 ET ABS_C_005 ET ABS_C_006 ET ABS_C_009 ET ABS_C_019 ET ABS_C_020 ET ABS_C_026 | AY6: ABS_C_002 | AZ6: =VLOOKUP(AY6,'Axe 2 Règles de gestion'!$D$2:$F$146,3, FALSE) -> La date de début du congé/absence doit être postérieure ou égale à la date de début du lien juridique. | BA6: ABS_C_003 | BB6: =VLOOKUP(BA6,'Axe 2 Règles de gestion'!$D$2:$F$146,3, FALSE) -> La date de début du congé/absence doit être antérieure ou égale à la date de fin réelle du congé/absence. | BC6: ABS_C_004 | BD6: =VLOOKUP(BC6,'Axe 2 Règles de gestion'!$D$2:$F$146,3, FALSE) -> La date de début du congé/absence doit être antérieure ou égale à la date de fin prévisionnelle du congé/absence. | BE6: ABS_C_005 | BF6: =VLOOKUP(BE6,'Axe 2 Règles de gestion'!$D$2:$F$146,3, FALSE) -> La date de fin réelle du congé/absence doit être antérieure ou égale à la date limite de fin réelle ou prévisionnelle du lien juridique. | BG6: ABS_C_006 | BH6: =VLOOKUP(BG6,'Axe 2 Règles de gestion'!$D$2:$F$146,3, FALSE) -> La date de fin prévisionnelle du congé/absence doit être antérieure ou égale à la date limite de fin réelle ou prévisionnelle du lien juridique. | BI6: ABS_C_009 | BJ6: =VLOOKUP(BI6,'Axe 2 Règles de gestion'!$D$2:$F$146,3, FALSE) -> La date de fin réelle ou la date de fin prévisionnelle du congé/absence doit être saisie. | BK6: ABS_C_019 | BL6: =VLOOKUP(BK6,'Axe 2 Règles de gestion'!$D$2:$F$146,3, FALSE) -> Si l'absence ne commence pas par une demi-journée et si l'absence précédente ne finit pas par une demi journée, la date de début de l'absence saisie est postérieure à la date de fin réelle de l'absence précédente. | BM6: ABS_C_020 | BN6: =VLOOKUP(BM6,'Axe 2 Règles de gestion'!$D$2:$F$146,3, FALSE) -> Si l'absence ne commence pas par une demi-journée et si l'absence précédente ne finit pas par une demi journée, la date de début de l'absence saisie est postérieure à la date de fin prévisionnelle de l'absence précédente. | BO6: ABS_C_026 | BP6: =VLOOKUP(BO6,'Axe 2 Règles de gestion'!$D$2:$F$146,3, FALSE) -> Dans le cas d'un congé autre que CLM, CLD, CGM et CITIS, l'indicateur de requalification doit être à non et les impacts spécifiques à la requalification ne doivent pas être mobilisés ou l'impact rémunération est vide.
A7: 23.00.00 | B7: A | C7: 45084.441 | D7: D0007 | E7: Congés/Absence | F7: S0167 | G7: Congés annuels Jours ARTT | H7: E0933 | I7: Jours supplémentaires hors période (fractionnement) | J7: Type de congé/absence saisi est 'Jours supplémentaires hors période (fractionnement)' | K7: A_COA_TYCOAB [Saisi] = 'CV001' | L7: T2277 | M7: Jours supplémentaires hors période (fractionnement) | N7: Création Modification | Q7: Magistrat de l'ordre judiciaire | R7: P0007 | S7: T | T7: Particulier | U7: Passant | V7: 44927 | X7: CFR_I_005 ET CFR_I_007 ET CFR_I_008 ET CFR_D_001 ET ABS_C_001 ET ABS_C_003 ET ABS_C_004 ET ABS_C_007 ET ABS_C_008 ET ABS_C_009 ET ABS_C_019 ET ABS_C_020 ET ABS_C_026 | Y7: CFR_I_005 | Z7: =VLOOKUP(Y7,'Axe 2 Règles de gestion'!$D$2:$F$146,3, FALSE) -> L'agent bénéficie des dispositions applicables aux agents titulaires pour les jours de fractionnement. | AA7: CFR_I_007 | AB7: =VLOOKUP(AA7,'Axe 2 Règles de gestion'!$D$2:$F$146,3, FALSE) -> L'agent bénéficie d'1 jour de congé supplémentaire, dit « jour de fractionnement », lorsque le nombre de jours de congé annuel pris en dehors de la période du 1er mai au 31 octobre est de 5, 6 ou 7. | AC7: CFR_I_008 | AD7: =VLOOKUP(AC7,'Axe 2 Règles de gestion'!$D$2:$F$146,3, FALSE) -> L'agent bénéficie de 2 jours de congés supplémentaires, dit « jours de fractionnement », lorsque le nombre de jours de congé annuel pris en dehors de la période du 1er mai au 31 octobre est supérieur ou égal à 8. | AS7: CFR_D_001 | AT7: =VLOOKUP(AS7,'Axe 2 Règles de gestion'!$D$2:$F$146,3, FALSE) -> L'agent ne peut pas prendre plus de 2 jours de fractionnement par an. | AY7: ABS_C_001 | AZ7: =VLOOKUP(AY7,'Axe 2 Règles de gestion'!$D$2:$F$146,3, FALSE) -> La date de début du congé/absence doit être postérieure ou égale à la date de recrutement dans la FPE ou dans la carrière militaire. | BA7: ABS_C_003 | BB7: =VLOOKUP(BA7,'Axe 2 Règles de gestion'!$D$2:$F$146,3, FALSE) -> La date de début du congé/absence doit être antérieure ou égale à la date de fin réelle du congé/absence. | BC7: ABS_C_004 | BD7: =VLOOKUP(BC7,'Axe 2 Règles de gestion'!$D$2:$F$146,3, FALSE) -> La date de début du congé/absence doit être antérieure ou égale à la date de fin prévisionnelle du congé/absence. | BE7: ABS_C_007 | BF7: =VLOOKUP(BE7,'Axe 2 Règles de gestion'!$D$2:$F$146,3, FALSE) -> La date de fin réelle du congé/absence doit être antérieure à la date limite de départ à la retraite. | BG7: ABS_C_008 | BH7: =VLOOKUP(BG7,'Axe 2 Règles de gestion'!$D$2:$F$146,3, FALSE) -> La date de fin prévisionnelle du congé/absence doit être antérieure à la date limite de départ à la retraite. | BI7: ABS_C_009 | BJ7: =VLOOKUP(BI7,'Axe 2 Règles de gestion'!$D$2:$F$146,3, FALSE) -> La date de fin réelle ou la date de fin prévisionnelle du congé/absence doit être saisie. | BK7: ABS_C_019 | BL7: =VLOOKUP(BK7,'Axe 2 Règles de gestion'!$D$2:$F$146,3, FALSE) -> Si l'absence ne commence pas par une demi-journée et si l'absence précédente ne finit pas par une demi journée, la date de début de l'absence saisie est postérieure à la date de fin réelle de l'absence précédente. | BM7: ABS_C_020 | BN7: =VLOOKUP(BM7,'Axe 2 Règles de gestion'!$D$2:$F$146,3, FALSE) -> Si l'absence ne commence pas par une demi-journée et si l'absence précédente ne finit pas par une demi journée, la date de début de l'absence saisie est postérieure à la date de fin prévisionnelle de l'absence précédente. | BO7: ABS_C_026 | BP7: =VLOOKUP(BO7,'Axe 2 Règles de gestion'!$D$2:$F$146,3, FALSE) -> Dans le cas d'un congé autre que CLM, CLD, CGM et CITIS, l'indicateur de requalification doit être à non et les impacts spécifiques à la requalification ne doivent pas être mobilisés ou l'impact rémunération est vide.
A8: 23.00.00 | B8: A | C8: 45084.441 | D8: D0007 | E8: Congés/Absence | F8: S0167 | G8: Congés annuels Jours ARTT | H8: E0933 | I8: Jours supplémentaires hors période (fractionnement) | J8: Type de congé/absence saisi est 'Jours supplémentaires hors période (fractionnement)' | K8: A_COA_TYCOAB [Saisi] = 'CV001' | L8: T2277 | M8: Jours supplémentaires hors période (fractionnement) | N8: Création Modification | Q8: Auditeur de justice | R8: P0009 | S8: S | T8: Particulier | U8: Passant | V8: 44927 | X8: CFR_I_006 ET CFR_I_007 ET CFR_I_008 ET CFR_D_001 ET ABS_C_001 ET ABS_C_003 ET ABS_C_004 ET ABS_C_007 ET ABS_C_008 ET ABS_C_009 ET ABS_C_019 ET ABS_C_020 ET ABS_C_026 | Y8: CFR_I_006 | Z8: =VLOOKUP(Y8,'Axe 2 Règles de gestion'!$D$2:$F$146,3, FALSE) -> L'agent bénéficie des dispositions applicables aux agents titulaires pour les jours de fractionnement. | AA8: CFR_I_007 | AB8: =VLOOKUP(AA8,'Axe 2 Règles de gestion'!$D$2:$F$146,3, FALSE) -> L'agent bénéficie d'1 jour de congé supplémentaire, dit « jour de fractionnement », lorsque le nombre de jours de congé annuel pris en dehors de la période du 1er mai au 31 octobre est de 5, 6 ou 7. | AC8: CFR_I_008 | AD8: =VLOOKUP(AC8,'Axe 2 Règles de gestion'!$D$2:$F$146,3, FALSE) -> L'agent bénéficie de 2 jours de congés supplémentaires, dit « jours de fractionnement », lorsque le nombre de jours de congé annuel pris en dehors de la période du 1er mai au 31 octobre est supérieur ou égal à 8. | AS8: CFR_D_001 | AT8: =VLOOKUP(AS8,'Axe 2 Règles de gestion'!$D$2:$F$146,3, FALSE) -> L'agent ne peut pas prendre plus de 2 jours de fractionnement par an. | AY8: ABS_C_001 | AZ8: =VLOOKUP(AY8,'Axe 2 Règles de gestion'!$D$2:$F$146,3, FALSE) -> La date de début du congé/absence doit être postérieure ou égale à la date de recrutement dans la FPE ou dans la carrière militaire. | BA8: ABS_C_003 | BB8: =VLOOKUP(BA8,'Axe 2 Règles de gestion'!$D$2:$F$146,3, FALSE) -> La date de début du congé/absence doit être antérieure ou égale à la date de fin réelle du congé/absence. | BC8: ABS_C_004 | BD8: =VLOOKUP(BC8,'Axe 2 Règles de gestion'!$D$2:$F$146,3, FALSE) -> La date de début du congé/absence doit être antérieure ou égale à la date de fin prévisionnelle du congé/absence. | BE8: ABS_C_007 | BF8: =VLOOKUP(BE8,'Axe 2 Règles de gestion'!$D$2:$F$146,3, FALSE) -> La date de fin réelle du congé/absence doit être antérieure à la date limite de départ à la retraite. | BG8: ABS_C_008 | BH8: =VLOOKUP(BG8,'Axe 2 Règles de gestion'!$D$2:$F$146,3, FALSE) -> La date de fin prévisionnelle du congé/absence doit être antérieure à la date limite de départ à la retraite. | BI8: ABS_C_009 | BJ8: =VLOOKUP(BI8,'Axe 2 Règles de gestion'!$D$2:$F$146,3, FALSE) -> La date de fin réelle ou la date de fin prévisionnelle du congé/absence doit être saisie. | BK8: ABS_C_019 | BL8: =VLOOKUP(BK8,'Axe 2 Règles de gestion'!$D$2:$F$146,3, FALSE) -> Si l'absence ne commence pas par une demi-journée et si l'absence précédente ne finit pas par une demi journée, la date de début de l'absence saisie est postérieure à la date de fin réelle de l'absence précédente. | BM8: ABS_C_020 | BN8: =VLOOKUP(BM8,'Axe 2 Règles de gestion'!$D$2:$F$146,3, FALSE) -> Si l'absence ne commence pas par une demi-journée et si l'absence précédente ne finit pas par une demi journée, la date de début de l'absence saisie est postérieure à la date de fin prévisionnelle de l'absence précédente. | BO8: ABS_C_026 | BP8: =VLOOKUP(BO8,'Axe 2 Règles de gestion'!$D$2:$F$146,3, FALSE) -> Dans le cas d'un congé autre que CLM, CLD, CGM et CITIS, l'indicateur de requalification doit être à non et les impacts spécifiques à la requalification ne doivent pas être mobilisés ou l'impact rémunération est vide.
A9: 23.00.00 | B9: A | C9: 45084.438 | D9: D0007 | E9: Congés/Absence | F9: S0167 | G9: Congés annuels Jours ARTT | H9: E0933 | I9: Jours supplémentaires hors période (fractionnement) | J9: Type de congé/absence saisi est 'Jours supplémentaires hors période (fractionnement)' | K9: A_COA_TYCOAB [Saisi] = 'CV001' | L9: T2277 | M9: Jours supplémentaires hors période (fractionnement) | N9: Création Modification | Q9: Expert technique international | R9: P0018 | S9: N | T9: Particulier | U9: Exclu | V9: 44927
A10: 23.00.00 | B10: A | C10: 45084.44 | D10: D0007 | E10: Congés/Absence | F10: S0167 | G10: Congés annuels Jours ARTT | H10: E0933 | I10: Jours supplémentaires hors période (fractionnement) | J10: Type de congé/absence saisi est 'Jours supplémentaires hors période (fractionnement)' | K10: A_COA_TYCOAB [Saisi] = 'CV001' | L10: T2277 | M10: Jours supplémentaires hors période (fractionnement) | N10: Création Modification | Q10: Contractuel de droit local | R10: P0053 | S10: N | T10: Particulier | U10: Exclu | V10: 44927
A11: 23.00.00 | B11: A | C11: 45084.438 | D11: D0007 | E11: Congés/Absence | F11: S0167 | G11: Congés annuels Jours ARTT | H11: E0933 | I11: Jours supplémentaires hors période (fractionnement) | J11: Type de congé/absence saisi est 'Jours supplémentaires hors période (fractionnement)' | K11: A_COA_TYCOAB [Saisi] = 'CV001' | L11: T2277 | M11: Jours supplémentaires hors période (fractionnement) | N11: Création Modification | Q11: Personnel civil payé à l'acte ou à la tâche | R11: P0054 | S11: N | T11: Particulier | U11: Exclu | V11: 44927
A12: 23.00.00 | B12: A | C12: 45084.44 | D12: D0007 | E12: Congés/Absence | F12: S0167 | G12: Congés annuels Jours ARTT | H12: E0933 | I12: Jours supplémentaires hors période (fractionnement) | J12: Type de congé/absence saisi est 'Jours supplémentaires hors période (fractionnement)' | K12: A_COA_TYCOAB [Saisi] = 'CV001' | L12: T2277 | M12: Jours supplémentaires hors période (fractionnement) | N12: Création Modification | Q12: Contractuel de droit privé | R12: P0072 | S12: N | T12: Particulier | U12: Passant | V12: 44927 | X12: CFR_I_009 ET CFR_I_010 ET CFR_D_002 ET ABS_C_002 ET ABS_C_003 ET ABS_C_004 ET ABS_C_005 ET ABS_C_006 ET ABS_C_009 ET ABS_C_019 ET ABS_C_020 ET ABS_C_026 | Y12: CFR_I_009 | Z12: =VLOOKUP(Y12,'Axe 2 Règles de gestion'!$D$2:$F$146,3, FALSE) -> L'agent bénéficie d'1 jour de congé supplémentaire, dit « jour de fractionnement », lorsqu'il prend entre 3 et 5 jours de congés payés en dehors de la période du 1er mai au 31 octobre. | AA12: CFR_I_010 | AB12: =VLOOKUP(AA12,'Axe 2 Règles de gestion'!$D$2:$F$146,3, FALSE) -> L'agent bénéficie de 2 jours de congé supplémentaire, dit « jours de fractionnement », lorsqu'il prend 6 jours de congés payés ou plus en dehors de la période du 1er mai au 31 octobre. | AS12: CFR_D_002 | AT12: =VLOOKUP(AS12,'Axe 2 Règles de gestion'!$D$2:$F$146,3, FALSE) -> L'agent ne peut pas prendre plus de 2 jours de fractionnement par an. | AY12: ABS_C_002 | AZ12: =VLOOKUP(AY12,'Axe 2 Règles de gestion'!$D$2:$F$146,3, FALSE) -> La date de début du congé/absence doit être postérieure ou égale à la date de début du lien juridique. | BA12: ABS_C_003 | BB12: =VLOOKUP(BA12,'Axe 2 Règles de gestion'!$D$2:$F$146,3, FALSE) -> La date de début du congé/absence doit être antérieure ou égale à la date de fin réelle du congé/absence. | BC12: ABS_C_004 | BD12: =VLOOKUP(BC12,'Axe 2 Règles de gestion'!$D$2:$F$146,3, FALSE) -> La date de début du congé/absence doit être antérieure ou égale à la date de fin prévisionnelle du congé/absence. | BE12: ABS_C_005 | BF12: =VLOOKUP(BE12,'Axe 2 Règles de gestion'!$D$2:$F$146,3, FALSE) -> La date de fin réelle du congé/absence doit être antérieure ou égale à la date limite de fin réelle ou prévisionnelle du lien juridique. | BG12: ABS_C_006 | BH12: =VLOOKUP(BG12,'Axe 2 Règles de gestion'!$D$2:$F$146,3, FALSE) -> La date de fin prévisionnelle du congé/absence doit être antérieure ou égale à la date limite de fin réelle ou prévisionnelle du lien juridique. | BI12: ABS_C_009 | BJ12: =VLOOKUP(BI12,'Axe 2 Règles de gestion'!$D$2:$F$146,3, FALSE) -> La date de fin réelle ou la date de fin prévisionnelle du congé/absence doit être saisie. | BK12: ABS_C_019 | BL12: =VLOOKUP(BK12,'Axe 2 Règles de gestion'!$D$2:$F$146,3, FALSE) -> Si l'absence ne commence pas par une demi-journée et si l'absence précédente ne finit pas par une demi journée, la date de début de l'absence saisie est postérieure à la date de fin réelle de l'absence précédente. | BM12: ABS_C_020 | BN12: =VLOOKUP(BM12,'Axe 2 Règles de gestion'!$D$2:$F$146,3, FALSE) -> Si l'absence ne commence pas par une demi-journée et si l'absence précédente ne finit pas par une demi journée, la date de début de l'absence saisie est postérieure à la date de fin prévisionnelle de l'absence précédente. | BO12: ABS_C_026 | BP12: =VLOOKUP(BO12,'Axe 2 Règles de gestion'!$D$2:$F$146,3, FALSE) -> Dans le cas d'un congé autre que CLM, CLD, CGM et CITIS, l'indicateur de requalification doit être à non et les impacts spécifiques à la requalification ne doivent pas être mobilisés ou l'impact rémunération est vide.
A13: 23.00.00 | B13: A | C13: 45084.438 | D13: D0007 | E13: Congés/Absence | F13: S0167 | G13: Congés annuels Jours ARTT | H13: E0933 | I13: Jours supplémentaires hors période (fractionnement) | J13: Type de congé/absence saisi est 'Jours supplémentaires hors période (fractionnement)' | K13: A_COA_TYCOAB [Saisi] = 'CV001' | L13: T2277 | M13: Jours supplémentaires hors période (fractionnement) | N13: Création Modification | Q13: Volontaire international ou de service civique outre-mer | R13: P0073 | S13: N | T13: Particulier | U13: Exclu | V13: 44927
A14: 23.00.00 | B14: A | C14: 45084.44 | D14: D0007 | E14: Congés/Absence | F14: S0167 | G14: Congés annuels Jours ARTT | H14: E0933 | I14: Jours supplémentaires hors période (fractionnement) | J14: Type de congé/absence saisi est 'Jours supplémentaires hors période (fractionnement)' | K14: A_COA_TYCOAB [Saisi] = 'CV001' | L14: T2277 | M14: Jours supplémentaires hors période (fractionnement) | N14: Création Modification | Q14: Enseignant contractuel de l'enseignement agricole privé sous contrat non définitif - Agriculture | R14: P0078 | S14: N | T14: Particulier | U14: Passant | V14: 44927 | X14: CFR_I_003 ET CFR_I_007 ET CFR_I_008 ET CFR_D_001 ET ABS_C_002 ET ABS_C_003 ET ABS_C_004 ET ABS_C_005 ET ABS_C_006 ET ABS_C_009 ET ABS_C_019 ET ABS_C_020 ET ABS_C_026 | Y14: CFR_I_003 | Z14: =VLOOKUP(Y14,'Axe 2 Règles de gestion'!$D$2:$F$146,3, FALSE) -> L'agent bénéficie des dispositions applicables aux agents titulaires pour les jours de fractionnement. | AA14: CFR_I_007 | AB14: =VLOOKUP(AA14,'Axe 2 Règles de gestion'!$D$2:$F$146,3, FALSE) -> L'agent bénéficie d'1 jour de congé supplémentaire, dit « jour de fractionnement », lorsque le nombre de jours de congé annuel pris en dehors de la période du 1er mai au 31 octobre est de 5, 6 ou 7. | AC14: CFR_I_008 | AD14: =VLOOKUP(AC14,'Axe 2 Règles de gestion'!$D$2:$F$146,3, FALSE) -> L'agent bénéficie de 2 jours de congés supplémentaires, dit « jours de fractionnement », lorsque le nombre de jours de congé annuel pris en dehors de la période du 1er mai au 31 octobre est supérieur ou égal à 8. | AS14: CFR_D_001 | AT14: =VLOOKUP(AS14,'Axe 2 Règles de gestion'!$D$2:$F$146,3, FALSE) -> L'agent ne peut pas prendre plus de 2 jours de fractionnement par an. | AY14: ABS_C_002 | AZ14: =VLOOKUP(AY14,'Axe 2 Règles de gestion'!$D$2:$F$146,3, FALSE) -> La date de début du congé/absence doit être postérieure ou égale à la date de début du lien juridique. | BA14: ABS_C_003 | BB14: =VLOOKUP(BA14,'Axe 2 Règles de gestion'!$D$2:$F$146,3, FALSE) -> La date de début du congé/absence doit être antérieure ou égale à la date de fin réelle du congé/absence. | BC14: ABS_C_004 | BD14: =VLOOKUP(BC14,'Axe 2 Règles de gestion'!$D$2:$F$146,3, FALSE) -> La date de début du congé/absence doit être antérieure ou égale à la date de fin prévisionnelle du congé/absence. | BE14: ABS_C_005 | BF14: =VLOOKUP(BE14,'Axe 2 Règles de gestion'!$D$2:$F$146,3, FALSE) -> La date de fin réelle du congé/absence doit être antérieure ou égale à la date limite de fin réelle ou prévisionnelle du lien juridique. | BG14: ABS_C_006 | BH14: =VLOOKUP(BG14,'Axe 2 Règles de gestion'!$D$2:$F$146,3, FALSE) -> La date de fin prévisionnelle du congé/absence doit être antérieure ou égale à la date limite de fin réelle ou prévisionnelle du lien juridique. | BI14: ABS_C_009 | BJ14: =VLOOKUP(BI14,'Axe 2 Règles de gestion'!$D$2:$F$146,3, FALSE) -> La date de fin réelle ou la date de fin prévisionnelle du congé/absence doit être saisie. | BK14: ABS_C_019 | BL14: =VLOOKUP(BK14,'Axe 2 Règles de gestion'!$D$2:$F$146,3, FALSE) -> Si l'absence ne commence pas par une demi-journée et si l'absence précédente ne finit pas par une demi journée, la date de début de l'absence saisie est postérieure à la date de fin réelle de l'absence précédente. | BM14: ABS_C_020 | BN14: =VLOOKUP(BM14,'Axe 2 Règles de gestion'!$D$2:$F$146,3, FALSE) -> Si l'absence ne commence pas par une demi-journée et si l'absence précédente ne finit pas par une demi journée, la date de début de l'absence saisie est postérieure à la date de fin prévisionnelle de l'absence précédente. | BO14: ABS_C_026 | BP14: =VLOOKUP(BO14,'Axe 2 Règles de gestion'!$D$2:$F$146,3, FALSE) -> Dans le cas d'un congé autre que CLM, CLD, CGM et CITIS, l'indicateur de requalification doit être à non et les impacts spécifiques à la requalification ne doivent pas être mobilisés ou l'impact rémunération est vide.
A15: 23.00.00 | B15: A | C15: 45084.44 | D15: D0007 | E15: Congés/Absence | F15: S0167 | G15: Congés annuels Jours ARTT | H15: E0933 | I15: Jours supplémentaires hors période (fractionnement) | J15: Type de congé/absence saisi est 'Jours supplémentaires hors période (fractionnement)' | K15: A_COA_TYCOAB [Saisi] = 'CV001' | L15: T2277 | M15: Jours supplémentaires hors période (fractionnement) | N15: Création Modification | Q15: Enseignant contractuel de l'enseignement agricole privé sous contrat définitif - Agriculture | R15: P0079 | S15: N | T15: Particulier | U15: Passant | V15: 44927 | X15: CFR_I_004 ET CFR_I_007 ET CFR_I_008 ET CFR_D_001 ET ABS_C_002 ET ABS_C_003 ET ABS_C_004 ET ABS_C_005 ET ABS_C_006 ET ABS_C_009 ET ABS_C_019 ET ABS_C_020 ET ABS_C_026 | Y15: CFR_I_004 | Z15: =VLOOKUP(Y15,'Axe 2 Règles de gestion'!$D$2:$F$146,3, FALSE) -> L'agent bénéficie des dispositions applicables aux agents titulaires pour les jours de fractionnement. | AA15: CFR_I_007 | AB15: =VLOOKUP(AA15,'Axe 2 Règles de gestion'!$D$2:$F$146,3, FALSE) -> L'agent bénéficie d'1 jour de congé supplémentaire, dit « jour de fractionnement », lorsque le nombre de jours de congé annuel pris en dehors de la période du 1er mai au 31 octobre est de 5, 6 ou 7. | AC15: CFR_I_008 | AD15: =VLOOKUP(AC15,'Axe 2 Règles de gestion'!$D$2:$F$146,3, FALSE) -> L'agent bénéficie de 2 jours de congés supplémentaires, dit « jours de fractionnement », lorsque le nombre de jours de congé annuel pris en dehors de la période du 1er mai au 31 octobre est supérieur ou égal à 8. | AS15: CFR_D_001 | AT15: =VLOOKUP(AS15,'Axe 2 Règles de gestion'!$D$2:$F$146,3, FALSE) -> L'agent ne peut pas prendre plus de 2 jours de fractionnement par an. | AY15: ABS_C_002 | AZ15: =VLOOKUP(AY15,'Axe 2 Règles de gestion'!$D$2:$F$146,3, FALSE) -> La date de début du congé/absence doit être postérieure ou égale à la date de début du lien juridique. | BA15: ABS_C_003 | BB15: =VLOOKUP(BA15,'Axe 2 Règles de gestion'!$D$2:$F$146,3, FALSE) -> La date de début du congé/absence doit être antérieure ou égale à la date de fin réelle du congé/absence. | BC15: ABS_C_004 | BD15: =VLOOKUP(BC15,'Axe 2 Règles de gestion'!$D$2:$F$146,3, FALSE) -> La date de début du congé/absence doit être antérieure ou égale à la date de fin prévisionnelle du congé/absence. | BE15: ABS_C_005 | BF15: =VLOOKUP(BE15,'Axe 2 Règles de gestion'!$D$2:$F$146,3, FALSE) -> La date de fin réelle du congé/absence doit être antérieure ou égale à la date limite de fin réelle ou prévisionnelle du lien juridique. | BG15: ABS_C_006 | BH15: =VLOOKUP(BG15,'Axe 2 Règles de gestion'!$D$2:$F$146,3, FALSE) -> La date de fin prévisionnelle du congé/absence doit être antérieure ou égale à la date limite de fin réelle ou prévisionnelle du lien juridique. | BI15: ABS_C_009 | BJ15: =VLOOKUP(BI15,'Axe 2 Règles de gestion'!$D$2:$F$146,3, FALSE) -> La date de fin réelle ou la date de fin prévisionnelle du congé/absence doit être saisie. | BK15: ABS_C_019 | BL15: =VLOOKUP(BK15,'Axe 2 Règles de gestion'!$D$2:$F$146,3, FALSE) -> Si l'absence ne commence pas par une demi-journée et si l'absence précédente ne finit pas par une demi journée, la date de début de l'absence saisie est postérieure à la date de fin réelle de l'absence précédente. | BM15: ABS_C_020 | BN15: =VLOOKUP(BM15,'Axe 2 Règles de gestion'!$D$2:$F$146,3, FALSE) -> Si l'absence ne commence pas par une demi-journée et si l'absence précédente ne finit pas par une demi journée, la date de début de l'absence saisie est postérieure à la date de fin prévisionnelle de l'absence précédente. | BO15: ABS_C_026 | BP15: =VLOOKUP(BO15,'Axe 2 Règles de gestion'!$D$2:$F$146,3, FALSE) -> Dans le cas d'un congé autre que CLM, CLD, CGM et CITIS, l'indicateur de requalification doit être à non et les impacts spécifiques à la requalification ne doivent pas être mobilisés ou l'impact rémunération est vide.
A16: 25.10.00 | B16: A | C16: 45994.409 | D16: D0007 | E16: Congés/Absence | F16: S0167 | G16: Congés annuels Jours ARTT | H16: E0933 | I16: Jours supplémentaires hors période (fractionnement) | J16: Type de congé/absence saisi est 'Jours supplémentaires hors période (fractionnement)' | K16: A_COA_TYCOAB [Saisi] = 'CV001' | L16: T2277 | M16: Jours supplémentaires hors période (fractionnement) | N16: Création Modification | Q16: Ouvrier des parcs et ateliers confirmé ou stagiaire | R16: P0143 | S16: O | T16: Particulier | U16: Passant | V16: 45901 | X16: CFR_I_015 ET CFR_I_007 ET CFR_I_008 ET CFR_D_001 ET ABS_C_001 ET ABS_C_003 ET ABS_C_004 ET ABS_C_007 ET ABS_C_008 ET ABS_C_009 ET ABS_C_019 ET ABS_C_020 ET ABS_C_026 | Y16: CFR_I_015 | Z16: =VLOOKUP(Y16,'Axe 2 Règles de gestion'!$D$2:$F$146,3, FALSE) -> L'agent bénéficie des dispositions applicables aux agents titulaires pour les jours de fractionnement. | AA16: CFR_I_007 | AB16: =VLOOKUP(AA16,'Axe 2 Règles de gestion'!$D$2:$F$146,3, FALSE) -> L'agent bénéficie d'1 jour de congé supplémentaire, dit « jour de fractionnement », lorsque le nombre de jours de congé annuel pris en dehors de la période du 1er mai au 31 octobre est de 5, 6 ou 7. | AC16: CFR_I_008 | AD16: =VLOOKUP(AC16,'Axe 2 Règles de gestion'!$D$2:$F$146,3, FALSE) -> L'agent bénéficie de 2 jours de congés supplémentaires, dit « jours de fractionnement », lorsque le nombre de jours de congé annuel pris en dehors de la période du 1er mai au 31 octobre est supérieur ou égal à 8. | AS16: CFR_D_001 | AT16: =VLOOKUP(AS16,'Axe 2 Règles de gestion'!$D$2:$F$146,3, FALSE) -> L'agent ne peut pas prendre plus de 2 jours de fractionnement par an. | AY16: ABS_C_001 | AZ16: =VLOOKUP(AY16,'Axe 2 Règles de gestion'!$D$2:$F$146,3, FALSE) -> La date de début du congé/absence doit être postérieure ou égale à la date de recrutement dans la FPE ou dans la carrière militaire. | BA16: ABS_C_003 | BB16: =VLOOKUP(BA16,'Axe 2 Règles de gestion'!$D$2:$F$146,3, FALSE) -> La date de début du congé/absence doit être antérieure ou égale à la date de fin réelle du congé/absence. | BC16: ABS_C_004 | BD16: =VLOOKUP(BC16,'Axe 2 Règles de gestion'!$D$2:$F$146,3, FALSE) -> La date de début du congé/absence doit être antérieure ou égale à la date de fin prévisionnelle du congé/absence. | BE16: ABS_C_007 | BF16: =VLOOKUP(BE16,'Axe 2 Règles de gestion'!$D$2:$F$146,3, FALSE) -> La date de fin réelle du congé/absence doit être antérieure à la date limite de départ à la retraite. | BG16: ABS_C_008 | BH16: =VLOOKUP(BG16,'Axe 2 Règles de gestion'!$D$2:$F$146,3, FALSE) -> La date de fin prévisionnelle du congé/absence doit être antérieure à la date limite de départ à la retraite. | BI16: ABS_C_009 | BJ16: =VLOOKUP(BI16,'Axe 2 Règles de gestion'!$D$2:$F$146,3, FALSE) -> La date de fin réelle ou la date de fin prévisionnelle du congé/absence doit être saisie. | BK16: ABS_C_019 | BL16: =VLOOKUP(BK16,'Axe 2 Règles de gestion'!$D$2:$F$146,3, FALSE) -> Si l'absence ne commence pas par une demi-journée et si l'absence précédente ne finit pas par une demi journée, la date de début de l'absence saisie est postérieure à la date de fin réelle de l'absence précédente. | BM16: ABS_C_020 | BN16: =VLOOKUP(BM16,'Axe 2 Règles de gestion'!$D$2:$F$146,3, FALSE) -> Si l'absence ne commence pas par une demi-journée et si l'absence précédente ne finit pas par une demi journée, la date de début de l'absence saisie est postérieure à la date de fin prévisionnelle de l'absence précédente. | BO16: ABS_C_026 | BP16: =VLOOKUP(BO16,'Axe 2 Règles de gestion'!$D$2:$F$146,3, FALSE) -> Dans le cas d'un congé autre que CLM, CLD, CGM et CITIS, l'indicateur de requalification doit être à non et les impacts spécifiques à la requalification ne doivent pas être mobilisés ou l'impact rémunération est vide.
A17: 23.00.00 | B17: A | C17: 45084.44 | D17: D0007 | E17: Congés/Absence | F17: S0167 | G17: Congés annuels Jours ARTT | H17: E0933 | I17: Jours supplémentaires hors période (fractionnement) | J17: Type de congé/absence saisi est 'Jours supplémentaires hors période (fractionnement)' | K17: A_COA_TYCOAB [Saisi] = 'CV001' | L17: T2277 | M17: Jours supplémentaires hors période (fractionnement) | N17: Création Modification | Q17: Ouvrier de la défense ou assimilé | R17: P0197 | S17: O | T17: Particulier | U17: Passant | V17: 44927 | X17: CFR_I_011 ET CFR_I_012 ET CFR_I_013 ET CFR_I_014 ET CFR_D_003 ET ABS_C_002 ET ABS_C_003 ET ABS_C_004 ET ABS_C_005 ET ABS_C_006 ET ABS_C_009 ET ABS_C_019 ET ABS_C_020 ET ABS_C_026 | Y17: CFR_I_011 | Z17: =VLOOKUP(Y17,'Axe 2 Règles de gestion'!$D$2:$F$146,3, FALSE) -> L'agent bénéficie d'1 jour de congé supplémentaire, dit « jour de fractionnement », lorsque le nombre de jours de congé annuel pris en dehors de la période du 1er mai au 31 octobre est de 5, 6 ou 7. | AA17: CFR_I_012 | AB17: =VLOOKUP(AA17,'Axe 2 Règles de gestion'!$D$2:$F$146,3, FALSE) -> L'agent bénéficie de 2 jours de congés supplémentaires, dit « jours de fractionnement », lorsque le nombre de jours de congé pris en dehors de la période du 1er mai au 31 octobre est supérieur ou égal à 8. | AC17: CFR_I_013 | AD17: =VLOOKUP(AC17,'Axe 2 Règles de gestion'!$D$2:$F$146,3, FALSE) -> L'agent ne peut pas poser, pendant la période du 1er mai au 31 octobre, les jours de fractionnement acquis. | AE17: CFR_I_014 | AF17: =VLOOKUP(AE17,'Axe 2 Règles de gestion'!$D$2:$F$146,3, FALSE) -> L'agent peut exceptionnellement poser le(s) jour(s) de fractionnement acquis jusqu'au 28 février de l'année suivante. | AS17: CFR_D_003 | AT17: =VLOOKUP(AS17,'Axe 2 Règles de gestion'!$D$2:$F$146,3, FALSE) -> L'agent ne peut pas prendre plus de 2 jours de fractionnement par an. | AY17: ABS_C_002 | AZ17: =VLOOKUP(AY17,'Axe 2 Règles de gestion'!$D$2:$F$146,3, FALSE) -> La date de début du congé/absence doit être postérieure ou égale à la date de début du lien juridique. | BA17: ABS_C_003 | BB17: =VLOOKUP(BA17,'Axe 2 Règles de gestion'!$D$2:$F$146,3, FALSE) -> La date de début du congé/absence doit être antérieure ou égale à la date de fin réelle du congé/absence. | BC17: ABS_C_004 | BD17: =VLOOKUP(BC17,'Axe 2 Règles de gestion'!$D$2:$F$146,3, FALSE) -> La date de début du congé/absence doit être antérieure ou égale à la date de fin prévisionnelle du congé/absence. | BE17: ABS_C_005 | BF17: =VLOOKUP(BE17,'Axe 2 Règles de gestion'!$D$2:$F$146,3, FALSE) -> La date de fin réelle du congé/absence doit être antérieure ou égale à la date limite de fin réelle ou prévisionnelle du lien juridique. | BG17: ABS_C_006 | BH17: =VLOOKUP(BG17,'Axe 2 Règles de gestion'!$D$2:$F$146,3, FALSE) -> La date de fin prévisionnelle du congé/absence doit être antérieure ou égale à la date limite de fin réelle ou prévisionnelle du lien juridique. | BI17: ABS_C_009 | BJ17: =VLOOKUP(BI17,'Axe 2 Règles de gestion'!$D$2:$F$146,3, FALSE) -> La date de fin réelle ou la date de fin prévisionnelle du congé/absence doit être saisie. | BK17: ABS_C_019 | BL17: =VLOOKUP(BK17,'Axe 2 Règles de gestion'!$D$2:$F$146,3, FALSE) -> Si l'absence ne commence pas par une demi-journée et si l'absence précédente ne finit pas par une demi journée, la date de début de l'absence saisie est postérieure à la date de fin réelle de l'absence précédente. | BM17: ABS_C_020 | BN17: =VLOOKUP(BM17,'Axe 2 Règles de gestion'!$D$2:$F$146,3, FALSE) -> Si l'absence ne commence pas par une demi-journée et si l'absence précédente ne finit pas par une demi journée, la date de début de l'absence saisie est postérieure à la date de fin prévisionnelle de l'absence précédente. | BO17: ABS_C_026 | BP17: =VLOOKUP(BO17,'Axe 2 Règles de gestion'!$D$2:$F$146,3, FALSE) -> Dans le cas d'un congé autre que CLM, CLD, CGM et CITIS, l'indicateur de requalification doit être à non et les impacts spécifiques à la requalification ne doivent pas être mobilisés ou l'impact rémunération est vide.
A18: 25.10.00 | B18: M | C18: 45932.672 | D18: D0007 | E18: Congés/Absence | F18: S0167 | G18: Congés annuels Jours ARTT | H18: E0934 | I18: Congés annuels avec traitement des agents en service en France | J18: Type de congé/absence saisi est 'Congés annuels avec traitement' et l'affectation opérationnelle de l'agent est en France | K18: A_COA_TYCOAB [Saisi] = 'CV000' ET [SELECTIONNER (UNITE_STRUC.O_UST_PAYS) POUR (UNITE_STRUC.O_UST_IDENTI = POSTE.O_UST_IDENTI1 ET POSTE.O_POS_IDENTI = O_POS_IDENTI1 [Dossier])] DANS ('FRA', 'GLP' ; 'MTQ' ; 'REU' ; 'GUF' ; 'MYT') | L18: T2278 | M18: Congés annuels avec traitement des agents en service en France | N18: Création Modification | Q18: Titulaire ou magistrat | R18: P0001 | S18: T | T18: Général | U18: Passant | V18: 44927 | W18: 45830 | X18: CAN_I_001 ET CAN_I_002 ET CAN_I_007 ET CAN_I_005 ET CAN_I_006 ET CAN_I_009 ET CAN_I_010 ET CAN_D_002 ET CAN_D_003 ET CAN_D_001 ET ABS_C_001 ET ABS_C_003 ET ABS_C_004 ET ABS_C_007 ET ABS_C_008 ET ABS_C_009 ET ABS_C_019 ET ABS_C_020 ET ABS_C_026 | Y18: CAN_I_001 | Z18: =VLOOKUP(Y18,'Axe 2 Règles de gestion'!$D$2:$F$146,3, FALSE) -> L'agent a droit pour 1 année de service accompli du 1er janvier au 31 décembre, à un congé annuel d'une durée égale à 5 fois ses obligations hebdomadaires de service appréciée en jours ouvrés. | AA18: CAN_I_002 | AB18: =VLOOKUP(AA18,'Axe 2 Règles de gestion'!$D$2:$F$146,3, FALSE) -> L'agent qui n'exerce pas ses fonctions pendant la totalité de la période de référence a droit à un congé annuel dont la durée est calculée au prorata de la durée des services accomplis. | AC18: CAN_I_007 | AD18: =VLOOKUP(AC18,'Axe 2 Règles de gestion'!$D$2:$F$146,3, FALSE) -> Le congé dû pour une année de service accompli ne peut se reporter sur l'année suivante, sauf autorisation exceptionnelle donnée par le chef de service. | AE18: CAN_I_005 | AF18: =VLOOKUP(AE18,'Axe 2 Règles de gestion'!$D$2:$F$146,3, FALSE) -> Le calendrier des congés est fixé par le chef du service, après consultation des agents intéressés, compte tenu des fractionnements et échelonnements de congés que l'intérêt du service peut rendre nécessaires. | AG18: CAN_I_006 | AH18: =VLOOKUP(AG18,'Axe 2 Règles de gestion'!$D$2:$F$146,3, FALSE) -> L'agent chargé de famille bénéficie d'une priorité pour le choix des périodes de congés annuels. | AI18: CAN_I_009 | AJ18: =VLOOKUP(AI18,'Axe 2 Règles de gestion'!$D$2:$F$146,3, FALSE) -> Un congé non pris ne donne lieu à aucune indemnité compensatrice. | AK18: CAN_I_010 | AL18: =VLOOKUP(AK18,'Axe 2 Règles de gestion'!$D$2:$F$146,3, FALSE) -> Le congé annuel peut être interrompu par les congés ordinaires de maladie, les congés de longue maladie, le congé de longue durée et les congés pour accident de service. | AS18: CAN_D_002 | AT18: =VLOOKUP(AS18,'Axe 2 Règles de gestion'!$D$2:$F$146,3, FALSE) -> La durée réelle ne peut pas dépasser 31 jours consécutifs sauf si l'agent bénéficie de don de jours ou s'il est autorisé à cumuler ses congés annuels pour se rendre dans son pays d'origine ou pour accompagner son conjoint se rendant dans son pays d'origine. | AU18: CAN_D_003 | AV18: =VLOOKUP(AU18,'Axe 2 Règles de gestion'!$D$2:$F$146,3, FALSE) -> La durée prévisionnelle ne peut pas dépasser 31 jours consécutifs sauf si l'agent bénéficie de don de jours ou s'il est autorisé à cumuler ses congés annuels pour se rendre dans son pays d'origine ou pour accompagner son conjoint se rendant dans son pays d'origine. | AW18: CAN_D_001 | AX18: =VLOOKUP(AW18,'Axe 2 Règles de gestion'!$D$2:$F$146,3, FALSE) -> L'agent est en activité. | AY18: ABS_C_001 | AZ18: =VLOOKUP(AY18,'Axe 2 Règles de gestion'!$D$2:$F$146,3, FALSE) -> La date de début du congé/absence doit être postérieure ou égale à la date de recrutement dans la FPE ou dans la carrière militaire. | BA18: ABS_C_003 | BB18: =VLOOKUP(BA18,'Axe 2 Règles de gestion'!$D$2:$F$146,3, FALSE) -> La date de début du congé/absence doit être antérieure ou égale à la date de fin réelle du congé/absence. | BC18: ABS_C_004 | BD18: =VLOOKUP(BC18,'Axe 2 Règles de gestion'!$D$2:$F$146,3, FALSE) -> La date de début du congé/absence doit être antérieure ou égale à la date de fin prévisionnelle du congé/absence. | BE18: ABS_C_007 | BF18: =VLOOKUP(BE18,'Axe 2 Règles de gestion'!$D$2:$F$146,3, FALSE) -> La date de fin réelle du congé/absence doit être antérieure à la date limite de départ à la retraite. | BG18: ABS_C_008 | BH18: =VLOOKUP(BG18,'Axe 2 Règles de gestion'!$D$2:$F$146,3, FALSE) -> La date de fin prévisionnelle du congé/absence doit être antérieure à la date limite de départ à la retraite. | BI18: ABS_C_009 | BJ18: =VLOOKUP(BI18,'Axe 2 Règles de gestion'!$D$2:$F$146,3, FALSE) -> La date de fin réelle ou la date de fin prévisionnelle du congé/absence doit être saisie. | BK18: ABS_C_019 | BL18: =VLOOKUP(BK18,'Axe 2 Règles de gestion'!$D$2:$F$146,3, FALSE) -> Si l'absence ne commence pas par une demi-journée et si l'absence précédente ne finit pas par une demi journée, la date de début de l'absence saisie est postérieure à la date de fin réelle de l'absence précédente. | BM18: ABS_C_020 | BN18: =VLOOKUP(BM18,'Axe 2 Règles de gestion'!$D$2:$F$146,3, FALSE) -> Si l'absence ne commence pas par une demi-journée et si l'absence précédente ne finit pas par une demi journée, la date de début de l'absence saisie est postérieure à la date de fin prévisionnelle de l'absence précédente. | BO18: ABS_C_026 | BP18: =VLOOKUP(BO18,'Axe 2 Règles de gestion'!$D$2:$F$146,3, FALSE) -> Dans le cas d'un congé autre que CLM, CLD, CGM et CITIS, l'indicateur de requalification doit être à non et les impacts spécifiques à la requalification ne doivent pas être mobilisés ou l'impact rémunération est vide.
A19: 25.10.00 | B19: A | C19: 45932.672 | D19: D0007 | E19: Congés/Absence | F19: S0167 | G19: Congés annuels Jours ARTT | H19: E0934 | I19: Congés annuels avec traitement des agents en service en France | J19: Type de congé/absence saisi est 'Congés annuels avec traitement' et l'affectation opérationnelle de l'agent est en France | K19: A_COA_TYCOAB [Saisi] = 'CV000' ET [SELECTIONNER (UNITE_STRUC.O_UST_PAYS) POUR (UNITE_STRUC.O_UST_IDENTI = POSTE.O_UST_IDENTI1 ET POSTE.O_POS_IDENTI = O_POS_IDENTI1 [Dossier])] DANS ('FRA', 'GLP' ; 'MTQ' ; 'REU' ; 'GUF' ; 'MYT') | L19: T2278 | M19: Congés annuels avec traitement des agents en service en France | N19: Création Modification | Q19: Titulaire ou magistrat | R19: P0001 | S19: T | T19: Général | U19: Passant | V19: 45831 | X19: CAN_I_001 ET CAN_I_002 ET CAN_I_006 ET CAN_I_010 ET CAN_I_007 ET CAN_I_048 ET CAN_I_055 ET CAN_I_056 ET CAN_I_057 ET CAN_D_002 ET CAN_D_003 ET CAN_D_001 ET ABS_C_001 ET ABS_C_003 ET ABS_C_004 ET ABS_C_007 ET ABS_C_008 ET ABS_C_009 ET ABS_C_019 ET ABS_C_020 ET ABS_C_026 | Y19: CAN_I_001 | Z19: =VLOOKUP(Y19,'Axe 2 Règles de gestion'!$D$2:$F$146,3, FALSE) -> L'agent a droit pour 1 année de service accompli du 1er janvier au 31 décembre, à un congé annuel d'une durée égale à 5 fois ses obligations hebdomadaires de service appréciée en jours ouvrés. | AA19: CAN_I_002 | AB19: =VLOOKUP(AA19,'Axe 2 Règles de gestion'!$D$2:$F$146,3, FALSE) -> L'agent qui n'exerce pas ses fonctions pendant la totalité de la période de référence a droit à un congé annuel dont la durée est calculée au prorata de la durée des services accomplis. | AC19: CAN_I_006 | AD19: =VLOOKUP(AC19,'Axe 2 Règles de gestion'!$D$2:$F$146,3, FALSE) -> L'agent chargé de famille bénéficie d'une priorité pour le choix des périodes de congés annuels. | AE19: CAN_I_010 | AF19: =VLOOKUP(AE19,'Axe 2 Règles de gestion'!$D$2:$F$146,3, FALSE) -> Le congé annuel peut être interrompu par les congés ordinaires de maladie, les congés de longue maladie, le congé de longue durée et les congés pour accident de service. | AG19: CAN_I_007 | AH19: =VLOOKUP(AG19,'Axe 2 Règles de gestion'!$D$2:$F$146,3, FALSE) -> Le congé dû pour une année de service accompli ne peut se reporter sur l'année suivante, sauf autorisation exceptionnelle donnée par le chef de service. | AI19: CAN_I_048 | AJ19: =VLOOKUP(AI19,'Axe 2 Règles de gestion'!$D$2:$F$146,3, FALSE) -> L'agent qui ne peut, du fait d'un congé pour raison de santé, ou d'un congé lié aux responsabilités parentales ou familiales, prendre son congé au cours de l'année au titre de laquelle il lui est dû, bénéficie d'une période de report de 15 mois. | AK19: CAN_I_055 | AL19: =VLOOKUP(AK19,'Axe 2 Règles de gestion'!$D$2:$F$146,3, FALSE) -> Sauf exceptions, un congé non pris ne donne lieu à aucune indemnité compensatrice. | AM19: CAN_I_056 | AN19: =VLOOKUP(AM19,'Axe 2 Règles de gestion'!$D$2:$F$146,3, FALSE) -> Lorsque l'agent n'a pas été en mesure de prendre son congé annuel avant la fin de la relation de travail, les droits non-utilisés donnent lieu à une indemnisation. | AO19: CAN_I_057 | AP19: =VLOOKUP(AO19,'Axe 2 Règles de gestion'!$D$2:$F$146,3, FALSE) -> Pour les droits non-consommés du fait d'un congé pour raison de santé, l'indemnité ne compense que les droits non-utilisés relevant des 4 premières semaines de congé annuel par période de référence. | AS19: CAN_D_002 | AT19: =VLOOKUP(AS19,'Axe 2 Règles de gestion'!$D$2:$F$146,3, FALSE) -> La durée réelle ne peut pas dépasser 31 jours consécutifs sauf si l'agent bénéficie de don de jours ou s'il est autorisé à cumuler ses congés annuels pour se rendre dans son pays d'origine ou pour accompagner son conjoint se rendant dans son pays d'origine. | AU19: CAN_D_003 | AV19: =VLOOKUP(AU19,'Axe 2 Règles de gestion'!$D$2:$F$146,3, FALSE) -> La durée prévisionnelle ne peut pas dépasser 31 jours consécutifs sauf si l'agent bénéficie de don de jours ou s'il est autorisé à cumuler ses congés annuels pour se rendre dans son pays d'origine ou pour accompagner son conjoint se rendant dans son pays d'origine. | AW19: CAN_D_001 | AX19: =VLOOKUP(AW19,'Axe 2 Règles de gestion'!$D$2:$F$146,3, FALSE) -> L'agent est en activité. | AY19: ABS_C_001 | AZ19: =VLOOKUP(AY19,'Axe 2 Règles de gestion'!$D$2:$F$146,3, FALSE) -> La date de début du congé/absence doit être postérieure ou égale à la date de recrutement dans la FPE ou dans la carrière militaire. | BA19: ABS_C_003 | BB19: =VLOOKUP(BA19,'Axe 2 Règles de gestion'!$D$2:$F$146,3, FALSE) -> La date de début du congé/absence doit être antérieure ou égale à la date de fin réelle du congé/absence. | BC19: ABS_C_004 | BD19: =VLOOKUP(BC19,'Axe 2 Règles de gestion'!$D$2:$F$146,3, FALSE) -> La date de début du congé/absence doit être antérieure ou égale à la date de fin prévisionnelle du congé/absence. | BE19: ABS_C_007 | BF19: =VLOOKUP(BE19,'Axe 2 Règles de gestion'!$D$2:$F$146,3, FALSE) -> La date de fin réelle du congé/absence doit être antérieure à la date limite de départ à la retraite. | BG19: ABS_C_008 | BH19: =VLOOKUP(BG19,'Axe 2 Règles de gestion'!$D$2:$F$146,3, FALSE) -> La date de fin prévisionnelle du congé/absence doit être antérieure à la date limite de départ à la retraite. | BI19: ABS_C_009 | BJ19: =VLOOKUP(BI19,'Axe 2 Règles de gestion'!$D$2:$F$146,3, FALSE) -> La date de fin réelle ou la date de fin prévisionnelle du congé/absence doit être saisie. | BK19: ABS_C_019 | BL19: =VLOOKUP(BK19,'Axe 2 Règles de gestion'!$D$2:$F$146,3, FALSE) -> Si l'absence ne commence pas par une demi-journée et si l'absence précédente ne finit pas par une demi journée, la date de début de l'absence saisie est postérieure à la date de fin réelle de l'absence précédente. | BM19: ABS_C_020 | BN19: =VLOOKUP(BM19,'Axe 2 Règles de gestion'!$D$2:$F$146,3, FALSE) -> Si l'absence ne commence pas par une demi-journée et si l'absence précédente ne finit pas par une demi journée, la date de début de l'absence saisie est postérieure à la date de fin prévisionnelle de l'absence précédente. | BO19: ABS_C_026 | BP19: =VLOOKUP(BO19,'Axe 2 Règles de gestion'!$D$2:$F$146,3, FALSE) -> Dans le cas d'un congé autre que CLM, CLD, CGM et CITIS, l'indicateur de requalification doit être à non et les impacts spécifiques à la requalification ne doivent pas être mobilisés ou l'impact rémunération est vide.
A20: 24.10.00 | B20: A | C20: 45561.415 | D20: D0007 | E20: Congés/Absence | F20: S0167 | G20: Congés annuels Jours ARTT | H20: E0934 | I20: Congés annuels avec traitement des agents en service en France | J20: Type de congé/absence saisi est 'Congés annuels avec traitement' et l'affectation opérationnelle de l'agent est en France | K20: A_COA_TYCOAB [Saisi] = 'CV000' ET [SELECTIONNER (UNITE_STRUC.O_UST_PAYS) POUR (UNITE_STRUC.O_UST_IDENTI = POSTE.O_UST_IDENTI1 ET POSTE.O_POS_IDENTI = O_POS_IDENTI1 [Dossier])] DANS ('FRA', 'GLP' ; 'MTQ' ; 'REU' ; 'GUF' ; 'MYT') | L20: T2278 | M20: Congés annuels avec traitement des agents en service en France | N20: Création Modification | Q20: Militaire | R20: P0002 | S20: M | T20: Général | U20: Exclu | V20: 44927
A21: 25.10.00 | B21: M | C21: 45932.669 | D21: D0007 | E21: Congés/Absence | F21: S0167 | G21: Congés annuels Jours ARTT | H21: E0934 | I21: Congés annuels avec traitement des agents en service en France | J21: Type de congé/absence saisi est 'Congés annuels avec traitement' et l'affectation opérationnelle de l'agent est en France | K21: A_COA_TYCOAB [Saisi] = 'CV000' ET [SELECTIONNER (UNITE_STRUC.O_UST_PAYS) POUR (UNITE_STRUC.O_UST_IDENTI = POSTE.O_UST_IDENTI1 ET POSTE.O_POS_IDENTI = O_POS_IDENTI1 [Dossier])] DANS ('FRA', 'GLP' ; 'MTQ' ; 'REU' ; 'GUF' ; 'MYT') | L21: T2278 | M21: Congés annuels avec traitement des agents en service en France | N21: Création Modification | Q21: Contractuel | R21: P0003 | S21: N | T21: Général | U21: Passant | V21: 44927 | W21: 45830 | X21: CAN_I_012 ET CAN_I_001 ET CAN_I_002 ET CAN_I_007 ET CAN_I_005 ET CAN_I_006 ET CAN_I_009 ET CAN_D_002 ET CAN_D_003 ET CAN_D_001 ET ABS_C_002 ET ABS_C_003 ET ABS_C_004 ET ABS_C_005 ET ABS_C_006 ET ABS_C_009 ET ABS_C_019 ET ABS_C_020 ET ABS_C_026 | Y21: CAN_I_012 | Z21: =VLOOKUP(Y21,'Axe 2 Règles de gestion'!$D$2:$F$146,3, FALSE) -> L'agent bénéficie des dispositions applicables aux agents titulaires en service en France pour les jours de congés annuels. | AA21: CAN_I_001 | AB21: =VLOOKUP(AA21,'Axe 2 Règles de gestion'!$D$2:$F$146,3, FALSE) -> L'agent a droit pour 1 année de service accompli du 1er janvier au 31 décembre, à un congé annuel d'une durée égale à 5 fois ses obligations hebdomadaires de service appréciée en jours ouvrés. | AC21: CAN_I_002 | AD21: =VLOOKUP(AC21,'Axe 2 Règles de gestion'!$D$2:$F$146,3, FALSE) -> L'agent qui n'exerce pas ses fonctions pendant la totalité de la période de référence a droit à un congé annuel dont la durée est calculée au prorata de la durée des services accomplis. | AE21: CAN_I_007 | AF21: =VLOOKUP(AE21,'Axe 2 Règles de gestion'!$D$2:$F$146,3, FALSE) -> Le congé dû pour une année de service accompli ne peut se reporter sur l'année suivante, sauf autorisation exceptionnelle donnée par le chef de service. | AG21: CAN_I_005 | AH21: =VLOOKUP(AG21,'Axe 2 Règles de gestion'!$D$2:$F$146,3, FALSE) -> Le calendrier des congés est fixé par le chef du service, après consultation des agents intéressés, compte tenu des fractionnements et échelonnements de congés que l'intérêt du service peut rendre nécessaires. | AI21: CAN_I_006 | AJ21: =VLOOKUP(AI21,'Axe 2 Règles de gestion'!$D$2:$F$146,3, FALSE) -> L'agent chargé de famille bénéficie d'une priorité pour le choix des périodes de congés annuels. | AK21: CAN_I_009 | AL21: =VLOOKUP(AK21,'Axe 2 Règles de gestion'!$D$2:$F$146,3, FALSE) -> Un congé non pris ne donne lieu à aucune indemnité compensatrice. | AS21: CAN_D_002 | AT21: =VLOOKUP(AS21,'Axe 2 Règles de gestion'!$D$2:$F$146,3, FALSE) -> La durée réelle ne peut pas dépasser 31 jours consécutifs sauf si l'agent bénéficie de don de jours ou s'il est autorisé à cumuler ses congés annuels pour se rendre dans son pays d'origine ou pour accompagner son conjoint se rendant dans son pays d'origine. | AU21: CAN_D_003 | AV21: =VLOOKUP(AU21,'Axe 2 Règles de gestion'!$D$2:$F$146,3, FALSE) -> La durée prévisionnelle ne peut pas dépasser 31 jours consécutifs sauf si l'agent bénéficie de don de jours ou s'il est autorisé à cumuler ses congés annuels pour se rendre dans son pays d'origine ou pour accompagner son conjoint se rendant dans son pays d'origine. | AW21: CAN_D_001 | AX21: =VLOOKUP(AW21,'Axe 2 Règles de gestion'!$D$2:$F$146,3, FALSE) -> L'agent est en activité. | AY21: ABS_C_002 | AZ21: =VLOOKUP(AY21,'Axe 2 Règles de gestion'!$D$2:$F$146,3, FALSE) -> La date de début du congé/absence doit être postérieure ou égale à la date de début du lien juridique. | BA21: ABS_C_003 | BB21: =VLOOKUP(BA21,'Axe 2 Règles de gestion'!$D$2:$F$146,3, FALSE) -> La date de début du congé/absence doit être antérieure ou égale à la date de fin réelle du congé/absence. | BC21: ABS_C_004 | BD21: =VLOOKUP(BC21,'Axe 2 Règles de gestion'!$D$2:$F$146,3, FALSE) -> La date de début du congé/absence doit être antérieure ou égale à la date de fin prévisionnelle du congé/absence. | BE21: ABS_C_005 | BF21: =VLOOKUP(BE21,'Axe 2 Règles de gestion'!$D$2:$F$146,3, FALSE) -> La date de fin réelle du congé/absence doit être antérieure ou égale à la date limite de fin réelle ou prévisionnelle du lien juridique. | BG21: ABS_C_006 | BH21: =VLOOKUP(BG21,'Axe 2 Règles de gestion'!$D$2:$F$146,3, FALSE) -> La date de fin prévisionnelle du congé/absence doit être antérieure ou égale à la date limite de fin réelle ou prévisionnelle du lien juridique. | BI21: ABS_C_009 | BJ21: =VLOOKUP(BI21,'Axe 2 Règles de gestion'!$D$2:$F$146,3, FALSE) -> La date de fin réelle ou la date de fin prévisionnelle du congé/absence doit être saisie. | BK21: ABS_C_019 | BL21: =VLOOKUP(BK21,'Axe 2 Règles de gestion'!$D$2:$F$146,3, FALSE) -> Si l'absence ne commence pas par une demi-journée et si l'absence précédente ne finit pas par une demi journée, la date de début de l'absence saisie est postérieure à la date de fin réelle de l'absence précédente. | BM21: ABS_C_020 | BN21: =VLOOKUP(BM21,'Axe 2 Règles de gestion'!$D$2:$F$146,3, FALSE) -> Si l'absence ne commence pas par une demi-journée et si l'absence précédente ne finit pas par une demi journée, la date de début de l'absence saisie est postérieure à la date de fin prévisionnelle de l'absence précédente. | BO21: ABS_C_026 | BP21: =VLOOKUP(BO21,'Axe 2 Règles de gestion'!$D$2:$F$146,3, FALSE) -> Dans le cas d'un congé autre que CLM, CLD, CGM et CITIS, l'indicateur de requalification doit être à non et les impacts spécifiques à la requalification ne doivent pas être mobilisés ou l'impact rémunération est vide.
A22: 25.10.00 | B22: A | C22: 45936.634 | D22: D0007 | E22: Congés/Absence | F22: S0167 | G22: Congés annuels Jours ARTT | H22: E0934 | I22: Congés annuels avec traitement des agents en service en France | J22: Type de congé/absence saisi est 'Congés annuels avec traitement' et l'affectation opérationnelle de l'agent est en France | K22: A_COA_TYCOAB [Saisi] = 'CV000' ET [SELECTIONNER (UNITE_STRUC.O_UST_PAYS) POUR (UNITE_STRUC.O_UST_IDENTI = POSTE.O_UST_IDENTI1 ET POSTE.O_POS_IDENTI = O_POS_IDENTI1 [Dossier])] DANS ('FRA', 'GLP' ; 'MTQ' ; 'REU' ; 'GUF' ; 'MYT') | L22: T2278 | M22: Congés annuels avec traitement des agents en service en France | N22: Création Modification | Q22: Contractuel | R22: P0003 | S22: N | T22: Général | U22: Passant | V22: 45831 | X22: CAN_I_012 ET CAN_I_001 ET CAN_I_002 ET CAN_I_006 ET CAN_I_010 ET CAN_I_007 ET CAN_I_048 ET CAN_I_055 ET CAN_I_056 ET CAN_I_057 ET CAN_D_002 ET CAN_D_003 ET CAN_D_001 ET ABS_C_002 ET ABS_C_003 ET ABS_C_004 ET ABS_C_005 ET ABS_C_006 ET ABS_C_009 ET ABS_C_019 ET ABS_C_020 ET ABS_C_026 | Y22: CAN_I_012 | Z22: =VLOOKUP(Y22,'Axe 2 Règles de gestion'!$D$2:$F$146,3, FALSE) -> L'agent bénéficie des dispositions applicables aux agents titulaires en service en France pour les jours de congés annuels. | AA22: CAN_I_001 | AB22: =VLOOKUP(AA22,'Axe 2 Règles de gestion'!$D$2:$F$146,3, FALSE) -> L'agent a droit pour 1 année de service accompli du 1er janvier au 31 décembre, à un congé annuel d'une durée égale à 5 fois ses obligations hebdomadaires de service appréciée en jours ouvrés. | AC22: CAN_I_002 | AD22: =VLOOKUP(AC22,'Axe 2 Règles de gestion'!$D$2:$F$146,3, FALSE) -> L'agent qui n'exerce pas ses fonctions pendant la totalité de la période de référence a droit à un congé annuel dont la durée est calculée au prorata de la durée des services accomplis. | AE22: CAN_I_006 | AF22: =VLOOKUP(AE22,'Axe 2 Règles de gestion'!$D$2:$F$146,3, FALSE) -> L'agent chargé de famille bénéficie d'une priorité pour le choix des périodes de congés annuels. | AG22: CAN_I_010 | AH22: =VLOOKUP(AG22,'Axe 2 Règles de gestion'!$D$2:$F$146,3, FALSE) -> Le congé annuel peut être interrompu par les congés ordinaires de maladie, les congés de longue maladie, le congé de longue durée et les congés pour accident de service. | AI22: CAN_I_007 | AJ22: =VLOOKUP(AI22,'Axe 2 Règles de gestion'!$D$2:$F$146,3, FALSE) -> Le congé dû pour une année de service accompli ne peut se reporter sur l'année suivante, sauf autorisation exceptionnelle donnée par le chef de service. | AK22: CAN_I_048 | AL22: =VLOOKUP(AK22,'Axe 2 Règles de gestion'!$D$2:$F$146,3, FALSE) -> L'agent qui ne peut, du fait d'un congé pour raison de santé, ou d'un congé lié aux responsabilités parentales ou familiales, prendre son congé au cours de l'année au titre de laquelle il lui est dû, bénéficie d'une période de report de 15 mois. | AM22: CAN_I_055 | AN22: =VLOOKUP(AM22,'Axe 2 Règles de gestion'!$D$2:$F$146,3, FALSE) -> Sauf exceptions, un congé non pris ne donne lieu à aucune indemnité compensatrice. | AO22: CAN_I_056 | AP22: =VLOOKUP(AO22,'Axe 2 Règles de gestion'!$D$2:$F$146,3, FALSE) -> Lorsque l'agent n'a pas été en mesure de prendre son congé annuel avant la fin de la relation de travail, les droits non-utilisés donnent lieu à une indemnisation. | AQ22: CAN_I_057 | AR22: =VLOOKUP(AQ22,'Axe 2 Règles de gestion'!$D$2:$F$146,3, FALSE) -> Pour les droits non-consommés du fait d'un congé pour raison de santé, l'indemnité ne compense que les droits non-utilisés relevant des 4 premières semaines de congé annuel par période de référence. | AS22: CAN_D_002 | AT22: =VLOOKUP(AS22,'Axe 2 Règles de gestion'!$D$2:$F$146,3, FALSE) -> La durée réelle ne peut pas dépasser 31 jours consécutifs sauf si l'agent bénéficie de don de jours ou s'il est autorisé à cumuler ses congés annuels pour se rendre dans son pays d'origine ou pour accompagner son conjoint se rendant dans son pays d'origine. | AU22: CAN_D_003 | AV22: =VLOOKUP(AU22,'Axe 2 Règles de gestion'!$D$2:$F$146,3, FALSE) -> La durée prévisionnelle ne peut pas dépasser 31 jours consécutifs sauf si l'agent bénéficie de don de jours ou s'il est autorisé à cumuler ses congés annuels pour se rendre dans son pays d'origine ou pour accompagner son conjoint se rendant dans son pays d'origine. | AW22: CAN_D_001 | AX22: =VLOOKUP(AW22,'Axe 2 Règles de gestion'!$D$2:$F$146,3, FALSE) -> L'agent est en activité. | AY22: ABS_C_002 | AZ22: =VLOOKUP(AY22,'Axe 2 Règles de gestion'!$D$2:$F$146,3, FALSE) -> La date de début du congé/absence doit être postérieure ou égale à la date de début du lien juridique. | BA22: ABS_C_003 | BB22: =VLOOKUP(BA22,'Axe 2 Règles de gestion'!$D$2:$F$146,3, FALSE) -> La date de début du congé/absence doit être antérieure ou égale à la date de fin réelle du congé/absence. | BC22: ABS_C_004 | BD22: =VLOOKUP(BC22,'Axe 2 Règles de gestion'!$D$2:$F$146,3, FALSE) -> La date de début du congé/absence doit être antérieure ou égale à la date de fin prévisionnelle du congé/absence. | BE22: ABS_C_005 | BF22: =VLOOKUP(BE22,'Axe 2 Règles de gestion'!$D$2:$F$146,3, FALSE) -> La date de fin réelle du congé/absence doit être antérieure ou égale à la date limite de fin réelle ou prévisionnelle du lien juridique. | BG22: ABS_C_006 | BH22: =VLOOKUP(BG22,'Axe 2 Règles de gestion'!$D$2:$F$146,3, FALSE) -> La date de fin prévisionnelle du congé/absence doit être antérieure ou égale à la date limite de fin réelle ou prévisionnelle du lien juridique. | BI22: ABS_C_009 | BJ22: =VLOOKUP(BI22,'Axe 2 Règles de gestion'!$D$2:$F$146,3, FALSE) -> La date de fin réelle ou la date de fin prévisionnelle du congé/absence doit être saisie. | BK22: ABS_C_019 | BL22: =VLOOKUP(BK22,'Axe 2 Règles de gestion'!$D$2:$F$146,3, FALSE) -> Si l'absence ne commence pas par une demi-journée et si l'absence précédente ne finit pas par une demi journée, la date de début de l'absence saisie est postérieure à la date de fin réelle de l'absence précédente. | BM22: ABS_C_020 | BN22: =VLOOKUP(BM22,'Axe 2 Règles de gestion'!$D$2:$F$146,3, FALSE) -> Si l'absence ne commence pas par une demi-journée et si l'absence précédente ne finit pas par une demi journée, la date de début de l'absence saisie est postérieure à la date de fin prévisionnelle de l'absence précédente. | BO22: ABS_C_026 | BP22: =VLOOKUP(BO22,'Axe 2 Règles de gestion'!$D$2:$F$146,3, FALSE) -> Dans le cas d'un congé autre que CLM, CLD, CGM et CITIS, l'indicateur de requalification doit être à non et les impacts spécifiques à la requalification ne doivent pas être mobilisés ou l'impact rémunération est vide.
A23: 25.10.00 | B23: M | C23: 45932.669 | D23: D0007 | E23: Congés/Absence | F23: S0167 | G23: Congés annuels Jours ARTT | H23: E0934 | I23: Congés annuels avec traitement des agents en service en France | J23: Type de congé/absence saisi est 'Congés annuels avec traitement' et l'affectation opérationnelle de l'agent est en France | K23: A_COA_TYCOAB [Saisi] = 'CV000' ET [SELECTIONNER (UNITE_STRUC.O_UST_PAYS) POUR (UNITE_STRUC.O_UST_IDENTI = POSTE.O_UST_IDENTI1 ET POSTE.O_POS_IDENTI = O_POS_IDENTI1 [Dossier])] DANS ('FRA', 'GLP' ; 'MTQ' ; 'REU' ; 'GUF' ; 'MYT') | L23: T2278 | M23: Congés annuels avec traitement des agents en service en France | N23: Création Modification | Q23: Stagiaire ou auditeur ou élève | R23: P0004 | S23: S | T23: Général | U23: Passant | V23: 44927 | W23: 45830 | X23: CAN_I_011 ET CAN_I_001 ET CAN_I_002 ET CAN_I_007 ET CAN_I_005 ET CAN_I_006 ET CAN_I_009 ET CAN_I_010 ET CAN_D_002 ET CAN_D_003 ET CAN_D_001 ET ABS_C_001 ET ABS_C_003 ET ABS_C_004 ET ABS_C_007 ET ABS_C_008 ET ABS_C_009 ET ABS_C_019 ET ABS_C_020 ET ABS_C_026 | Y23: CAN_I_011 | Z23: =VLOOKUP(Y23,'Axe 2 Règles de gestion'!$D$2:$F$146,3, FALSE) -> L'agent bénéficie des dispositions applicables aux agents titulaires en service en France pour les jours de congés annuels. | AA23: CAN_I_001 | AB23: =VLOOKUP(AA23,'Axe 2 Règles de gestion'!$D$2:$F$146,3, FALSE) -> L'agent a droit pour 1 année de service accompli du 1er janvier au 31 décembre, à un congé annuel d'une durée égale à 5 fois ses obligations hebdomadaires de service appréciée en jours ouvrés. | AC23: CAN_I_002 | AD23: =VLOOKUP(AC23,'Axe 2 Règles de gestion'!$D$2:$F$146,3, FALSE) -> L'agent qui n'exerce pas ses fonctions pendant la totalité de la période de référence a droit à un congé annuel dont la durée est calculée au prorata de la durée des services accomplis. | AE23: CAN_I_007 | AF23: =VLOOKUP(AE23,'Axe 2 Règles de gestion'!$D$2:$F$146,3, FALSE) -> Le congé dû pour une année de service accompli ne peut se reporter sur l'année suivante, sauf autorisation exceptionnelle donnée par le chef de service. | AG23: CAN_I_005 | AH23: =VLOOKUP(AG23,'Axe 2 Règles de gestion'!$D$2:$F$146,3, FALSE) -> Le calendrier des congés est fixé par le chef du service, après consultation des agents intéressés, compte tenu des fractionnements et échelonnements de congés que l'intérêt du service peut rendre nécessaires. | AI23: CAN_I_006 | AJ23: =VLOOKUP(AI23,'Axe 2 Règles de gestion'!$D$2:$F$146,3, FALSE) -> L'agent chargé de famille bénéficie d'une priorité pour le choix des périodes de congés annuels. | AK23: CAN_I_009 | AL23: =VLOOKUP(AK23,'Axe 2 Règles de gestion'!$D$2:$F$146,3, FALSE) -> Un congé non pris ne donne lieu à aucune indemnité compensatrice. | AM23: CAN_I_010 | AN23: =VLOOKUP(AM23,'Axe 2 Règles de gestion'!$D$2:$F$146,3, FALSE) -> Le congé annuel peut être interrompu par les congés ordinaires de maladie, les congés de longue maladie, le congé de longue durée et les congés pour accident de service. | AS23: CAN_D_002 | AT23: =VLOOKUP(AS23,'Axe 2 Règles de gestion'!$D$2:$F$146,3, FALSE) -> La durée réelle ne peut pas dépasser 31 jours consécutifs sauf si l'agent bénéficie de don de jours ou s'il est autorisé à cumuler ses congés annuels pour se rendre dans son pays d'origine ou pour accompagner son conjoint se rendant dans son pays d'origine. | AU23: CAN_D_003 | AV23: =VLOOKUP(AU23,'Axe 2 Règles de gestion'!$D$2:$F$146,3, FALSE) -> La durée prévisionnelle ne peut pas dépasser 31 jours consécutifs sauf si l'agent bénéficie de don de jours ou s'il est autorisé à cumuler ses congés annuels pour se rendre dans son pays d'origine ou pour accompagner son conjoint se rendant dans son pays d'origine. | AW23: CAN_D_001 | AX23: =VLOOKUP(AW23,'Axe 2 Règles de gestion'!$D$2:$F$146,3, FALSE) -> L'agent est en activité. | AY23: ABS_C_001 | AZ23: =VLOOKUP(AY23,'Axe 2 Règles de gestion'!$D$2:$F$146,3, FALSE) -> La date de début du congé/absence doit être postérieure ou égale à la date de recrutement dans la FPE ou dans la carrière militaire. | BA23: ABS_C_003 | BB23: =VLOOKUP(BA23,'Axe 2 Règles de gestion'!$D$2:$F$146,3, FALSE) -> La date de début du congé/absence doit être antérieure ou égale à la date de fin réelle du congé/absence. | BC23: ABS_C_004 | BD23: =VLOOKUP(BC23,'Axe 2 Règles de gestion'!$D$2:$F$146,3, FALSE) -> La date de début du congé/absence doit être antérieure ou égale à la date de fin prévisionnelle du congé/absence. | BE23: ABS_C_007 | BF23: =VLOOKUP(BE23,'Axe 2 Règles de gestion'!$D$2:$F$146,3, FALSE) -> La date de fin réelle du congé/absence doit être antérieure à la date limite de départ à la retraite. | BG23: ABS_C_008 | BH23: =VLOOKUP(BG23,'Axe 2 Règles de gestion'!$D$2:$F$146,3, FALSE) -> La date de fin prévisionnelle du congé/absence doit être antérieure à la date limite de départ à la retraite. | BI23: ABS_C_009 | BJ23: =VLOOKUP(BI23,'Axe 2 Règles de gestion'!$D$2:$F$146,3, FALSE) -> La date de fin réelle ou la date de fin prévisionnelle du congé/absence doit être saisie. | BK23: ABS_C_019 | BL23: =VLOOKUP(BK23,'Axe 2 Règles de gestion'!$D$2:$F$146,3, FALSE) -> Si l'absence ne commence pas par une demi-journée et si l'absence précédente ne finit pas par une demi journée, la date de début de l'absence saisie est postérieure à la date de fin réelle de l'absence précédente. | BM23: ABS_C_020 | BN23: =VLOOKUP(BM23,'Axe 2 Règles de gestion'!$D$2:$F$146,3, FALSE) -> Si l'absence ne commence pas par une demi-journée et si l'absence précédente ne finit pas par une demi journée, la date de début de l'absence saisie est postérieure à la date de fin prévisionnelle de l'absence précédente. | BO23: ABS_C_026 | BP23: =VLOOKUP(BO23,'Axe 2 Règles de gestion'!$D$2:$F$146,3, FALSE) -> Dans le cas d'un congé autre que CLM, CLD, CGM et CITIS, l'indicateur de requalification doit être à non et les impacts spécifiques à la requalification ne doivent pas être mobilisés ou l'impact rémunération est vide.
A24: 25.10.00 | B24: A | C24: 45932.672 | D24: D0007 | E24: Congés/Absence | F24: S0167 | G24: Congés annuels Jours ARTT | H24: E0934 | I24: Congés annuels avec traitement des agents en service en France | J24: Type de congé/absence saisi est 'Congés annuels avec traitement' et l'affectation opérationnelle de l'agent est en France | K24: A_COA_TYCOAB [Saisi] = 'CV000' ET [SELECTIONNER (UNITE_STRUC.O_UST_PAYS) POUR (UNITE_STRUC.O_UST_IDENTI = POSTE.O_UST_IDENTI1 ET POSTE.O_POS_IDENTI = O_POS_IDENTI1 [Dossier])] DANS ('FRA', 'GLP' ; 'MTQ' ; 'REU' ; 'GUF' ; 'MYT') | L24: T2278 | M24: Congés annuels avec traitement des agents en service en France | N24: Création Modification | Q24: Stagiaire ou auditeur ou élève | R24: P0004 | S24: S | T24: Général | U24: Passant | V24: 45831 | X24: CAN_I_011 ET CAN_I_001 ET CAN_I_002 ET CAN_I_006 ET CAN_I_010 ET CAN_I_007 ET CAN_I_048 ET CAN_I_055 ET CAN_I_056 ET CAN_I_057 ET CAN_D_002 ET CAN_D_003 ET CAN_D_001 ET ABS_C_001 ET ABS_C_003 ET ABS_C_004 ET ABS_C_007 ET ABS_C_008 ET ABS_C_009 ET ABS_C_019 ET ABS_C_020 ET ABS_C_026 | Y24: CAN_I_011 | Z24: =VLOOKUP(Y24,'Axe 2 Règles de gestion'!$D$2:$F$146,3, FALSE) -> L'agent bénéficie des dispositions applicables aux agents titulaires en service en France pour les jours de congés annuels. | AA24: CAN_I_001 | AB24: =VLOOKUP(AA24,'Axe 2 Règles de gestion'!$D$2:$F$146,3, FALSE) -> L'agent a droit pour 1 année de service accompli du 1er janvier au 31 décembre, à un congé annuel d'une durée égale à 5 fois ses obligations hebdomadaires de service appréciée en jours ouvrés. | AC24: CAN_I_002 | AD24: =VLOOKUP(AC24,'Axe 2 Règles de gestion'!$D$2:$F$146,3, FALSE) -> L'agent qui n'exerce pas ses fonctions pendant la totalité de la période de référence a droit à un congé annuel dont la durée est calculée au prorata de la durée des services accomplis. | AE24: CAN_I_006 | AF24: =VLOOKUP(AE24,'Axe 2 Règles de gestion'!$D$2:$F$146,3, FALSE) -> L'agent chargé de famille bénéficie d'une priorité pour le choix des périodes de congés annuels. | AG24: CAN_I_010 | AH24: =VLOOKUP(AG24,'Axe 2 Règles de gestion'!$D$2:$F$146,3, FALSE) -> Le congé annuel peut être interrompu par les congés ordinaires de maladie, les congés de longue maladie, le congé de longue durée et les congés pour accident de service. | AI24: CAN_I_007 | AJ24: =VLOOKUP(AI24,'Axe 2 Règles de gestion'!$D$2:$F$146,3, FALSE) -> Le congé dû pour une année de service accompli ne peut se reporter sur l'année suivante, sauf autorisation exceptionnelle donnée par le chef de service. | AK24: CAN_I_048 | AL24: =VLOOKUP(AK24,'Axe 2 Règles de gestion'!$D$2:$F$146,3, FALSE) -> L'agent qui ne peut, du fait d'un congé pour raison de santé, ou d'un congé lié aux responsabilités parentales ou familiales, prendre son congé au cours de l'année au titre de laquelle il lui est dû, bénéficie d'une période de report de 15 mois. | AM24: CAN_I_055 | AN24: =VLOOKUP(AM24,'Axe 2 Règles de gestion'!$D$2:$F$146,3, FALSE) -> Sauf exceptions, un congé non pris ne donne lieu à aucune indemnité compensatrice. | AO24: CAN_I_056 | AP24: =VLOOKUP(AO24,'Axe 2 Règles de gestion'!$D$2:$F$146,3, FALSE) -> Lorsque l'agent n'a pas été en mesure de prendre son congé annuel avant la fin de la relation de travail, les droits non-utilisés donnent lieu à une indemnisation. | AQ24: CAN_I_057 | AR24: =VLOOKUP(AQ24,'Axe 2 Règles de gestion'!$D$2:$F$146,3, FALSE) -> Pour les droits non-consommés du fait d'un congé pour raison de santé, l'indemnité ne compense que les droits non-utilisés relevant des 4 premières semaines de congé annuel par période de référence. | AS24: CAN_D_002 | AT24: =VLOOKUP(AS24,'Axe 2 Règles de gestion'!$D$2:$F$146,3, FALSE) -> La durée réelle ne peut pas dépasser 31 jours consécutifs sauf si l'agent bénéficie de don de jours ou s'il est autorisé à cumuler ses congés annuels pour se rendre dans son pays d'origine ou pour accompagner son conjoint se rendant dans son pays d'origine. | AU24: CAN_D_003 | AV24: =VLOOKUP(AU24,'Axe 2 Règles de gestion'!$D$2:$F$146,3, FALSE) -> La durée prévisionnelle ne peut pas dépasser 31 jours consécutifs sauf si l'agent bénéficie de don de jours ou s'il est autorisé à cumuler ses congés annuels pour se rendre dans son pays d'origine ou pour accompagner son conjoint se rendant dans son pays d'origine. | AW24: CAN_D_001 | AX24: =VLOOKUP(AW24,'Axe 2 Règles de gestion'!$D$2:$F$146,3, FALSE) -> L'agent est en activité. | AY24: ABS_C_001 | AZ24: =VLOOKUP(AY24,'Axe 2 Règles de gestion'!$D$2:$F$146,3, FALSE) -> La date de début du congé/absence doit être postérieure ou égale à la date de recrutement dans la FPE ou dans la carrière militaire. | BA24: ABS_C_003 | BB24: =VLOOKUP(BA24,'Axe 2 Règles de gestion'!$D$2:$F$146,3, FALSE) -> La date de début du congé/absence doit être antérieure ou égale à la date de fin réelle du congé/absence. | BC24: ABS_C_004 | BD24: =VLOOKUP(BC24,'Axe 2 Règles de gestion'!$D$2:$F$146,3, FALSE) -> La date de début du congé/absence doit être antérieure ou égale à la date de fin prévisionnelle du congé/absence. | BE24: ABS_C_007 | BF24: =VLOOKUP(BE24,'Axe 2 Règles de gestion'!$D$2:$F$146,3, FALSE) -> La date de fin réelle du congé/absence doit être antérieure à la date limite de départ à la retraite. | BG24: ABS_C_008 | BH24: =VLOOKUP(BG24,'Axe 2 Règles de gestion'!$D$2:$F$146,3, FALSE) -> La date de fin prévisionnelle du congé/absence doit être antérieure à la date limite de départ à la retraite. | BI24: ABS_C_009 | BJ24: =VLOOKUP(BI24,'Axe 2 Règles de gestion'!$D$2:$F$146,3, FALSE) -> La date de fin réelle ou la date de fin prévisionnelle du congé/absence doit être saisie. | BK24: ABS_C_019 | BL24: =VLOOKUP(BK24,'Axe 2 Règles de gestion'!$D$2:$F$146,3, FALSE) -> Si l'absence ne commence pas par une demi-journée et si l'absence précédente ne finit pas par une demi journée, la date de début de l'absence saisie est postérieure à la date de fin réelle de l'absence précédente. | BM24: ABS_C_020 | BN24: =VLOOKUP(BM24,'Axe 2 Règles de gestion'!$D$2:$F$146,3, FALSE) -> Si l'absence ne commence pas par une demi-journée et si l'absence précédente ne finit pas par une demi journée, la date de début de l'absence saisie est postérieure à la date de fin prévisionnelle de l'absence précédente. | BO24: ABS_C_026 | BP24: =VLOOKUP(BO24,'Axe 2 Règles de gestion'!$D$2:$F$146,3, FALSE) -> Dans le cas d'un congé autre que CLM, CLD, CGM et CITIS, l'indicateur de requalification doit être à non et les impacts spécifiques à la requalification ne doivent pas être mobilisés ou l'impact rémunération est vide.
A25: 23.00.00 | B25: A | C25: 45085.532 | D25: D0007 | E25: Congés/Absence | F25: S0167 | G25: Congés annuels Jours ARTT | H25: E0934 | I25: Congés annuels avec traitement des agents en service en France | J25: Type de congé/absence saisi est 'Congés annuels avec traitement' et l'affectation opérationnelle de l'agent est en France | K25: A_COA_TYCOAB [Saisi] = 'CV000' ET [SELECTIONNER (UNITE_STRUC.O_UST_PAYS) POUR (UNITE_STRUC.O_UST_IDENTI = POSTE.O_UST_IDENTI1 ET POSTE.O_POS_IDENTI = O_POS_IDENTI1 [Dossier])] DANS ('FRA', 'GLP' ; 'MTQ' ; 'REU' ; 'GUF' ; 'MYT') | L25: T2278 | M25: Congés annuels avec traitement des agents en service en France | N25: Création Modification | Q25: Ouvrier d'état | R25: P0005 | S25: O | T25: Général | U25: Passant | V25: 44927 | X25: ABS_C_002 ET ABS_C_003 ET ABS_C_004 ET ABS_C_005 ET ABS_C_006 ET ABS_C_009 ET ABS_C_019 ET ABS_C_020 ET ABS_C_026 ET ABS_C_010 | AY25: ABS_C_002 | AZ25: =VLOOKUP(AY25,'Axe 2 Règles de gestion'!$D$2:$F$146,3, FALSE) -> La date de début du congé/absence doit être postérieure ou égale à la date de début du lien juridique. | BA25: ABS_C_003 | BB25: =VLOOKUP(BA25,'Axe 2 Règles de gestion'!$D$2:$F$146,3, FALSE) -> La date de début du congé/absence doit être antérieure ou égale à la date de fin réelle du congé/absence. | BC25: ABS_C_004 | BD25: =VLOOKUP(BC25,'Axe 2 Règles de gestion'!$D$2:$F$146,3, FALSE) -> La date de début du congé/absence doit être antérieure ou égale à la date de fin prévisionnelle du congé/absence. | BE25: ABS_C_005 | BF25: =VLOOKUP(BE25,'Axe 2 Règles de gestion'!$D$2:$F$146,3, FALSE) -> La date de fin réelle du congé/absence doit être antérieure ou égale à la date limite de fin réelle ou prévisionnelle du lien juridique. | BG25: ABS_C_006 | BH25: =VLOOKUP(BG25,'Axe 2 Règles de gestion'!$D$2:$F$146,3, FALSE) -> La date de fin prévisionnelle du congé/absence doit être antérieure ou égale à la date limite de fin réelle ou prévisionnelle du lien juridique. | BI25: ABS_C_009 | BJ25: =VLOOKUP(BI25,'Axe 2 Règles de gestion'!$D$2:$F$146,3, FALSE) -> La date de fin réelle ou la date de fin prévisionnelle du congé/absence doit être saisie. | BK25: ABS_C_019 | BL25: =VLOOKUP(BK25,'Axe 2 Règles de gestion'!$D$2:$F$146,3, FALSE) -> Si l'absence ne commence pas par une demi-journée et si l'absence précédente ne finit pas par une demi journée, la date de début de l'absence saisie est postérieure à la date de fin réelle de l'absence précédente. | BM25: ABS_C_020 | BN25: =VLOOKUP(BM25,'Axe 2 Règles de gestion'!$D$2:$F$146,3, FALSE) -> Si l'absence ne commence pas par une demi-journée et si l'absence précédente ne finit pas par une demi journée, la date de début de l'absence saisie est postérieure à la date de fin prévisionnelle de l'absence précédente. | BO25: ABS_C_026 | BP25: =VLOOKUP(BO25,'Axe 2 Règles de gestion'!$D$2:$F$146,3, FALSE) -> Dans le cas d'un congé autre que CLM, CLD, CGM et CITIS, l'indicateur de requalification doit être à non et les impacts spécifiques à la requalification ne doivent pas être mobilisés ou l'impact rémunération est vide. | BQ25: ABS_C_010 | BR25: =VLOOKUP(BQ25,'Axe 2 Règles de gestion'!$D$2:$F$146,3, FALSE) -> L'agent doit être en activité.
A26: 25.10.00 | B26: M | C26: 45932.677 | D26: D0007 | E26: Congés/Absence | F26: S0167 | G26: Congés annuels Jours ARTT | H26: E0934 | I26: Congés annuels avec traitement des agents en service en France | J26: Type de congé/absence saisi est 'Congés annuels avec traitement' et l'affectation opérationnelle de l'agent est en France | K26: A_COA_TYCOAB [Saisi] = 'CV000' ET [SELECTIONNER (UNITE_STRUC.O_UST_PAYS) POUR (UNITE_STRUC.O_UST_IDENTI = POSTE.O_UST_IDENTI1 ET POSTE.O_POS_IDENTI = O_POS_IDENTI1 [Dossier])] DANS ('FRA', 'GLP' ; 'MTQ' ; 'REU' ; 'GUF' ; 'MYT') | L26: T2278 | M26: Congés annuels avec traitement des agents en service en France | N26: Création Modification | Q26: Expert technique international | R26: P0018 | S26: N | T26: Particulier | U26: Exclu | V26: 44927
A27: 23.00.00 | B27: A | C27: 45085.533 | D27: D0007 | E27: Congés/Absence | F27: S0167 | G27: Congés annuels Jours ARTT | H27: E0934 | I27: Congés annuels avec traitement des agents en service en France | J27: Type de congé/absence saisi est 'Congés annuels avec traitement' et l'affectation opérationnelle de l'agent est en France | K27: A_COA_TYCOAB [Saisi] = 'CV000' ET [SELECTIONNER (UNITE_STRUC.O_UST_PAYS) POUR (UNITE_STRUC.O_UST_IDENTI = POSTE.O_UST_IDENTI1 ET POSTE.O_POS_IDENTI = O_POS_IDENTI1 [Dossier])] DANS ('FRA', 'GLP' ; 'MTQ' ; 'REU' ; 'GUF' ; 'MYT') | L27: T2278 | M27: Congés annuels avec traitement des agents en service en France | N27: Création Modification | Q27: Personnel civil payé à l'acte ou à la tâche | R27: P0054 | S27: N | T27: Particulier | U27: Exclu | V27: 44927
A28: 25.10.00 | B28: A | C28: 45932.677 | D28: D0007 | E28: Congés/Absence | F28: S0167 | G28: Congés annuels Jours ARTT | H28: E0934 | I28: Congés annuels avec traitement des agents en service en France | J28: Type de congé/absence saisi est 'Congés annuels avec traitement' et l'affectation opérationnelle de l'agent est en France | K28: A_COA_TYCOAB [Saisi] = 'CV000' ET [SELECTIONNER (UNITE_STRUC.O_UST_PAYS) POUR (UNITE_STRUC.O_UST_IDENTI = POSTE.O_UST_IDENTI1 ET POSTE.O_POS_IDENTI = O_POS_IDENTI1 [Dossier])] DANS ('FRA', 'GLP' ; 'MTQ' ; 'REU' ; 'GUF' ; 'MYT') | L28: T2278 | M28: Congés annuels avec traitement des agents en service en France | N28: Création Modification | Q28: Contractuel en service à l'étranger | R28: P0069 | S28: N | T28: Particulier | U28: Exclu | V28: 44927
A29: 23.00.00 | B29: A | C29: 45085.533 | D29: D0007 | E29: Congés/Absence | F29: S0167 | G29: Congés annuels Jours ARTT | H29: E0934 | I29: Congés annuels avec traitement des agents en service en France | J29: Type de congé/absence saisi est 'Congés annuels avec traitement' et l'affectation opérationnelle de l'agent est en France | K29: A_COA_TYCOAB [Saisi] = 'CV000' ET [SELECTIONNER (UNITE_STRUC.O_UST_PAYS) POUR (UNITE_STRUC.O_UST_IDENTI = POSTE.O_UST_IDENTI1 ET POSTE.O_POS_IDENTI = O_POS_IDENTI1 [Dossier])] DANS ('FRA', 'GLP' ; 'MTQ' ; 'REU' ; 'GUF' ; 'MYT') | L29: T2278 | M29: Congés annuels avec traitement des agents en service en France | N29: Création Modification | Q29: Contractuel de droit privé | R29: P0072 | S29: N | T29: Particulier | U29: Passant | V29: 44927 | X29: CAN_I_034 ET CAN_I_035 ET CAN_I_036 ET CAN_I_039 ET CAN_I_037 ET CAN_I_038 ET CAN_I_033 ET ABS_C_002 ET ABS_C_003 ET ABS_C_004 ET ABS_C_005 ET ABS_C_006 ET ABS_C_009 ET ABS_C_019 ET ABS_C_020 ET ABS_C_026 ET ABS_C_010 | Y29: CAN_I_034 | Z29: =VLOOKUP(Y29,'Axe 2 Règles de gestion'!$D$2:$F$146,3, FALSE) -> L'agent a droit à un congé de 2,5 jours ouvrables par mois de travail effectif chez le même employeur. | AA29: CAN_I_035 | AB29: =VLOOKUP(AA29,'Axe 2 Règles de gestion'!$D$2:$F$146,3, FALSE) -> L'agent de moins de 21 ans au 30 avril de l'année précédente bénéficie de 2 jours de congé supplémentaires par enfant à charge. Ce congé est réduit à 1 jour si le congé légal n'excède pas 6 jours. | AC29: CAN_I_036 | AD29: =VLOOKUP(AC29,'Axe 2 Règles de gestion'!$D$2:$F$146,3, FALSE) -> L'agent âgé de 21 ans au moins au 30 avril de l'année précédente bénéficie de 2 jours de congé supplémentaires par enfant à charge si le cumul de ces jours supplémentaires et des jours de congé annuel n'excède la durée maximale légale du congé annuel. | AE29: CAN_I_039 | AF29: =VLOOKUP(AE29,'Axe 2 Règles de gestion'!$D$2:$F$146,3, FALSE) -> A défaut d'accord, le point de départ de la période prise en compte pour le calcul du droit au congé est fixé au 1er juin de chaque année. | AG29: CAN_I_037 | AH29: =VLOOKUP(AG29,'Axe 2 Règles de gestion'!$D$2:$F$146,3, FALSE) -> Les congés sont pris dans une période qui comprend dans tous les cas la période du 1er mai au 31 octobre de chaque année. | AI29: CAN_I_038 | AJ29: =VLOOKUP(AI29,'Axe 2 Règles de gestion'!$D$2:$F$146,3, FALSE) -> La période de prise des congés payés est portée par l'administration à la connaissance de l'agent au moins 2 mois avant l'ouverture de cette période. | AK29: CAN_I_033 | AL29: =VLOOKUP(AK29,'Axe 2 Règles de gestion'!$D$2:$F$146,3, FALSE) -> L'agent de retour d'un congé de maternité ou d'un congé d'adoption a droit à son congé payé annuel, quelle que soit la période de congé payé retenue par l'administration. | AY29: ABS_C_002 | AZ29: =VLOOKUP(AY29,'Axe 2 Règles de gestion'!$D$2:$F$146,3, FALSE) -> La date de début du congé/absence doit être postérieure ou égale à la date de début du lien juridique. | BA29: ABS_C_003 | BB29: =VLOOKUP(BA29,'Axe 2 Règles de gestion'!$D$2:$F$146,3, FALSE) -> La date de début du congé/absence doit être antérieure ou égale à la date de fin réelle du congé/absence. | BC29: ABS_C_004 | BD29: =VLOOKUP(BC29,'Axe 2 Règles de gestion'!$D$2:$F$146,3, FALSE) -> La date de début du congé/absence doit être antérieure ou égale à la date de fin prévisionnelle du congé/absence. | BE29: ABS_C_005 | BF29: =VLOOKUP(BE29,'Axe 2 Règles de gestion'!$D$2:$F$146,3, FALSE) -> La date de fin réelle du congé/absence doit être antérieure ou égale à la date limite de fin réelle ou prévisionnelle du lien juridique. | BG29: ABS_C_006 | BH29: =VLOOKUP(BG29,'Axe 2 Règles de gestion'!$D$2:$F$146,3, FALSE) -> La date de fin prévisionnelle du congé/absence doit être antérieure ou égale à la date limite de fin réelle ou prévisionnelle du lien juridique. | BI29: ABS_C_009 | BJ29: =VLOOKUP(BI29,'Axe 2 Règles de gestion'!$D$2:$F$146,3, FALSE) -> La date de fin réelle ou la date de fin prévisionnelle du congé/absence doit être saisie. | BK29: ABS_C_019 | BL29: =VLOOKUP(BK29,'Axe 2 Règles de gestion'!$D$2:$F$146,3, FALSE) -> Si l'absence ne commence pas par une demi-journée et si l'absence précédente ne finit pas par une demi journée, la date de début de l'absence saisie est postérieure à la date de fin réelle de l'absence précédente. | BM29: ABS_C_020 | BN29: =VLOOKUP(BM29,'Axe 2 Règles de gestion'!$D$2:$F$146,3, FALSE) -> Si l'absence ne commence pas par une demi-journée et si l'absence précédente ne finit pas par une demi journée, la date de début de l'absence saisie est postérieure à la date de fin prévisionnelle de l'absence précédente. | BO29: ABS_C_026 | BP29: =VLOOKUP(BO29,'Axe 2 Règles de gestion'!$D$2:$F$146,3, FALSE) -> Dans le cas d'un congé autre que CLM, CLD, CGM et CITIS, l'indicateur de requalification doit être à non et les impacts spécifiques à la requalification ne doivent pas être mobilisés ou l'impact rémunération est vide. | BQ29: ABS_C_010 | BR29: =VLOOKUP(BQ29,'Axe 2 Règles de gestion'!$D$2:$F$146,3, FALSE) -> L'agent doit être en activité.
A30: 25.10.00 | B30: M | C30: 45932.677 | D30: D0007 | E30: Congés/Absence | F30: S0167 | G30: Congés annuels Jours ARTT | H30: E0934 | I30: Congés annuels avec traitement des agents en service en France | J30: Type de congé/absence saisi est 'Congés annuels avec traitement' et l'affectation opérationnelle de l'agent est en France | K30: A_COA_TYCOAB [Saisi] = 'CV000' ET [SELECTIONNER (UNITE_STRUC.O_UST_PAYS) POUR (UNITE_STRUC.O_UST_IDENTI = POSTE.O_UST_IDENTI1 ET POSTE.O_POS_IDENTI = O_POS_IDENTI1 [Dossier])] DANS ('FRA', 'GLP' ; 'MTQ' ; 'REU' ; 'GUF' ; 'MYT') | L30: T2278 | M30: Congés annuels avec traitement des agents en service en France | N30: Création Modification | Q30: Enseignant contractuel de l'enseignement agricole privé sous contrat non définitif - Agriculture | R30: P0078 | S30: N | T30: Particulier | U30: Passant | V30: 44927 | W30: 45830 | X30: CAN_I_013 ET CAN_I_001 ET CAN_I_044 ET CAN_I_002 ET CAN_I_007 ET CAN_I_005 ET CAN_I_006 ET CAN_I_009 ET CAN_I_010 ET CAN_D_002 ET CAN_D_003 ET CAN_D_001 ET ABS_C_002 ET ABS_C_003 ET ABS_C_004 ET ABS_C_005 ET ABS_C_006 ET ABS_C_009 ET ABS_C_019 ET ABS_C_020 ET ABS_C_026 | Y30: CAN_I_013 | Z30: =VLOOKUP(Y30,'Axe 2 Règles de gestion'!$D$2:$F$146,3, FALSE) -> L'agent bénéficie des dispositions applicables aux agents titulaires en service en France pour les jours de congés annuels. | AA30: CAN_I_001 | AB30: =VLOOKUP(AA30,'Axe 2 Règles de gestion'!$D$2:$F$146,3, FALSE) -> L'agent a droit pour 1 année de service accompli du 1er janvier au 31 décembre, à un congé annuel d'une durée égale à 5 fois ses obligations hebdomadaires de service appréciée en jours ouvrés. | AC30: CAN_I_044 | AD30: =VLOOKUP(AC30,'Axe 2 Règles de gestion'!$D$2:$F$146,3, FALSE) -> L'agent ne peut exercer son droit à un congé annuel que pendant les périodes de vacances des classes. | AE30: CAN_I_002 | AF30: =VLOOKUP(AE30,'Axe 2 Règles de gestion'!$D$2:$F$146,3, FALSE) -> L'agent qui n'exerce pas ses fonctions pendant la totalité de la période de référence a droit à un congé annuel dont la durée est calculée au prorata de la durée des services accomplis. | AG30: CAN_I_007 | AH30: =VLOOKUP(AG30,'Axe 2 Règles de gestion'!$D$2:$F$146,3, FALSE) -> Le congé dû pour une année de service accompli ne peut se reporter sur l'année suivante, sauf autorisation exceptionnelle donnée par le chef de service. | AI30: CAN_I_005 | AJ30: =VLOOKUP(AI30,'Axe 2 Règles de gestion'!$D$2:$F$146,3, FALSE) -> Le calendrier des congés est fixé par le chef du service, après consultation des agents intéressés, compte tenu des fractionnements et échelonnements de congés que l'intérêt du service peut rendre nécessaires. | AK30: CAN_I_006 | AL30: =VLOOKUP(AK30,'Axe 2 Règles de gestion'!$D$2:$F$146,3, FALSE) -> L'agent chargé de famille bénéficie d'une priorité pour le choix des périodes de congés annuels. | AM30: CAN_I_009 | AN30: =VLOOKUP(AM30,'Axe 2 Règles de gestion'!$D$2:$F$146,3, FALSE) -> Un congé non pris ne donne lieu à aucune indemnité compensatrice. | AO30: CAN_I_010 | AP30: =VLOOKUP(AO30,'Axe 2 Règles de gestion'!$D$2:$F$146,3, FALSE) -> Le congé annuel peut être interrompu par les congés ordinaires de maladie, les congés de longue maladie, le congé de longue durée et les congés pour accident de service. | AS30: CAN_D_002 | AT30: =VLOOKUP(AS30,'Axe 2 Règles de gestion'!$D$2:$F$146,3, FALSE) -> La durée réelle ne peut pas dépasser 31 jours consécutifs sauf si l'agent bénéficie de don de jours ou s'il est autorisé à cumuler ses congés annuels pour se rendre dans son pays d'origine ou pour accompagner son conjoint se rendant dans son pays d'origine. | AU30: CAN_D_003 | AV30: =VLOOKUP(AU30,'Axe 2 Règles de gestion'!$D$2:$F$146,3, FALSE) -> La durée prévisionnelle ne peut pas dépasser 31 jours consécutifs sauf si l'agent bénéficie de don de jours ou s'il est autorisé à cumuler ses congés annuels pour se rendre dans son pays d'origine ou pour accompagner son conjoint se rendant dans son pays d'origine. | AW30: CAN_D_001 | AX30: =VLOOKUP(AW30,'Axe 2 Règles de gestion'!$D$2:$F$146,3, FALSE) -> L'agent est en activité. | AY30: ABS_C_002 | AZ30: =VLOOKUP(AY30,'Axe 2 Règles de gestion'!$D$2:$F$146,3, FALSE) -> La date de début du congé/absence doit être postérieure ou égale à la date de début du lien juridique. | BA30: ABS_C_003 | BB30: =VLOOKUP(BA30,'Axe 2 Règles de gestion'!$D$2:$F$146,3, FALSE) -> La date de début du congé/absence doit être antérieure ou égale à la date de fin réelle du congé/absence. | BC30: ABS_C_004 | BD30: =VLOOKUP(BC30,'Axe 2 Règles de gestion'!$D$2:$F$146,3, FALSE) -> La date de début du congé/absence doit être antérieure ou égale à la date de fin prévisionnelle du congé/absence. | BE30: ABS_C_005 | BF30: =VLOOKUP(BE30,'Axe 2 Règles de gestion'!$D$2:$F$146,3, FALSE) -> La date de fin réelle du congé/absence doit être antérieure ou égale à la date limite de fin réelle ou prévisionnelle du lien juridique. | BG30: ABS_C_006 | BH30: =VLOOKUP(BG30,'Axe 2 Règles de gestion'!$D$2:$F$146,3, FALSE) -> La date de fin prévisionnelle du congé/absence doit être antérieure ou égale à la date limite de fin réelle ou prévisionnelle du lien juridique. | BI30: ABS_C_009 | BJ30: =VLOOKUP(BI30,'Axe 2 Règles de gestion'!$D$2:$F$146,3, FALSE) -> La date de fin réelle ou la date de fin prévisionnelle du congé/absence doit être saisie. | BK30: ABS_C_019 | BL30: =VLOOKUP(BK30,'Axe 2 Règles de gestion'!$D$2:$F$146,3, FALSE) -> Si l'absence ne commence pas par une demi-journée et si l'absence précédente ne finit pas par une demi journée, la date de début de l'absence saisie est postérieure à la date de fin réelle de l'absence précédente. | BM30: ABS_C_020 | BN30: =VLOOKUP(BM30,'Axe 2 Règles de gestion'!$D$2:$F$146,3, FALSE) -> Si l'absence ne commence pas par une demi-journée et si l'absence précédente ne finit pas par une demi journée, la date de début de l'absence saisie est postérieure à la date de fin prévisionnelle de l'absence précédente. | BO30: ABS_C_026 | BP30: =VLOOKUP(BO30,'Axe 2 Règles de gestion'!$D$2:$F$146,3, FALSE) -> Dans le cas d'un congé autre que CLM, CLD, CGM et CITIS, l'indicateur de requalification doit être à non et les impacts spécifiques à la requalification ne doivent pas être mobilisés ou l'impact rémunération est vide.
A31: 25.10.00 | B31: A | C31: 45932.677 | D31: D0007 | E31: Congés/Absence | F31: S0167 | G31: Congés annuels Jours ARTT | H31: E0934 | I31: Congés annuels avec traitement des agents en service en France | J31: Type de congé/absence saisi est 'Congés annuels avec traitement' et l'affectation opérationnelle de l'agent est en France | K31: A_COA_TYCOAB [Saisi] = 'CV000' ET [SELECTIONNER (UNITE_STRUC.O_UST_PAYS) POUR (UNITE_STRUC.O_UST_IDENTI = POSTE.O_UST_IDENTI1 ET POSTE.O_POS_IDENTI = O_POS_IDENTI1 [Dossier])] DANS ('FRA', 'GLP' ; 'MTQ' ; 'REU' ; 'GUF' ; 'MYT') | L31: T2278 | M31: Congés annuels avec traitement des agents en service en France | N31: Création Modification | Q31: Enseignant contractuel de l'enseignement agricole privé sous contrat non définitif - Agriculture | R31: P0078 | S31: N | T31: Particulier | U31: Passant | V31: 45831 | X31: CAN_I_013 ET CAN_I_001 ET CAN_I_002 ET CAN_I_006 ET CAN_I_010 ET CAN_I_007 ET CAN_I_048 ET CAN_I_055 ET CAN_I_056 ET CAN_I_057 ET CAN_D_002 ET CAN_D_003 ET CAN_D_001 ET ABS_C_003 ET ABS_C_004 ET ABS_C_005 ET ABS_C_006 ET ABS_C_009 ET ABS_C_019 ET ABS_C_020 ET ABS_C_026 | Y31: CAN_I_013 | Z31: =VLOOKUP(Y31,'Axe 2 Règles de gestion'!$D$2:$F$146,3, FALSE) -> L'agent bénéficie des dispositions applicables aux agents titulaires en service en France pour les jours de congés annuels. | AA31: CAN_I_001 | AB31: =VLOOKUP(AA31,'Axe 2 Règles de gestion'!$D$2:$F$146,3, FALSE) -> L'agent a droit pour 1 année de service accompli du 1er janvier au 31 décembre, à un congé annuel d'une durée égale à 5 fois ses obligations hebdomadaires de service appréciée en jours ouvrés. | AC31: CAN_I_002 | AD31: =VLOOKUP(AC31,'Axe 2 Règles de gestion'!$D$2:$F$146,3, FALSE) -> L'agent qui n'exerce pas ses fonctions pendant la totalité de la période de référence a droit à un congé annuel dont la durée est calculée au prorata de la durée des services accomplis. | AE31: CAN_I_006 | AF31: =VLOOKUP(AE31,'Axe 2 Règles de gestion'!$D$2:$F$146,3, FALSE) -> L'agent chargé de famille bénéficie d'une priorité pour le choix des périodes de congés annuels. | AG31: CAN_I_010 | AH31: =VLOOKUP(AG31,'Axe 2 Règles de gestion'!$D$2:$F$146,3, FALSE) -> Le congé annuel peut être interrompu par les congés ordinaires de maladie, les congés de longue maladie, le congé de longue durée et les congés pour accident de service. | AI31: CAN_I_007 | AJ31: =VLOOKUP(AI31,'Axe 2 Règles de gestion'!$D$2:$F$146,3, FALSE) -> Le congé dû pour une année de service accompli ne peut se reporter sur l'année suivante, sauf autorisation exceptionnelle donnée par le chef de service. | AK31: CAN_I_048 | AL31: =VLOOKUP(AK31,'Axe 2 Règles de gestion'!$D$2:$F$146,3, FALSE) -> L'agent qui ne peut, du fait d'un congé pour raison de santé, ou d'un congé lié aux responsabilités parentales ou familiales, prendre son congé au cours de l'année au titre de laquelle il lui est dû, bénéficie d'une période de report de 15 mois. | AM31: CAN_I_055 | AN31: =VLOOKUP(AM31,'Axe 2 Règles de gestion'!$D$2:$F$146,3, FALSE) -> Sauf exceptions, un congé non pris ne donne lieu à aucune indemnité compensatrice. | AO31: CAN_I_056 | AP31: =VLOOKUP(AO31,'Axe 2 Règles de gestion'!$D$2:$F$146,3, FALSE) -> Lorsque l'agent n'a pas été en mesure de prendre son congé annuel avant la fin de la relation de travail, les droits non-utilisés donnent lieu à une indemnisation. | AQ31: CAN_I_057 | AR31: =VLOOKUP(AQ31,'Axe 2 Règles de gestion'!$D$2:$F$146,3, FALSE) -> Pour les droits non-consommés du fait d'un congé pour raison de santé, l'indemnité ne compense que les droits non-utilisés relevant des 4 premières semaines de congé annuel par période de référence. | AS31: CAN_D_002 | AT31: =VLOOKUP(AS31,'Axe 2 Règles de gestion'!$D$2:$F$146,3, FALSE) -> La durée réelle ne peut pas dépasser 31 jours consécutifs sauf si l'agent bénéficie de don de jours ou s'il est autorisé à cumuler ses congés annuels pour se rendre dans son pays d'origine ou pour accompagner son conjoint se rendant dans son pays d'origine. | AU31: CAN_D_003 | AV31: =VLOOKUP(AU31,'Axe 2 Règles de gestion'!$D$2:$F$146,3, FALSE) -> La durée prévisionnelle ne peut pas dépasser 31 jours consécutifs sauf si l'agent bénéficie de don de jours ou s'il est autorisé à cumuler ses congés annuels pour se rendre dans son pays d'origine ou pour accompagner son conjoint se rendant dans son pays d'origine. | AW31: CAN_D_001 | AX31: =VLOOKUP(AW31,'Axe 2 Règles de gestion'!$D$2:$F$146,3, FALSE) -> L'agent est en activité. | AY31: ABS_C_003 | AZ31: =VLOOKUP(AY31,'Axe 2 Règles de gestion'!$D$2:$F$146,3, FALSE) -> La date de début du congé/absence doit être antérieure ou égale à la date de fin réelle du congé/absence. | BA31: ABS_C_004 | BB31: =VLOOKUP(BA31,'Axe 2 Règles de gestion'!$D$2:$F$146,3, FALSE) -> La date de début du congé/absence doit être antérieure ou égale à la date de fin prévisionnelle du congé/absence. | BC31: ABS_C_005 | BD31: =VLOOKUP(BC31,'Axe 2 Règles de gestion'!$D$2:$F$146,3, FALSE) -> La date de fin réelle du congé/absence doit être antérieure ou égale à la date limite de fin réelle ou prévisionnelle du lien juridique. | BE31: ABS_C_006 | BF31: =VLOOKUP(BE31,'Axe 2 Règles de gestion'!$D$2:$F$146,3, FALSE) -> La date de fin prévisionnelle du congé/absence doit être antérieure ou égale à la date limite de fin réelle ou prévisionnelle du lien juridique. | BG31: ABS_C_009 | BH31: =VLOOKUP(BG31,'Axe 2 Règles de gestion'!$D$2:$F$146,3, FALSE) -> La date de fin réelle ou la date de fin prévisionnelle du congé/absence doit être saisie. | BI31: ABS_C_019 | BJ31: =VLOOKUP(BI31,'Axe 2 Règles de gestion'!$D$2:$F$146,3, FALSE) -> Si l'absence ne commence pas par une demi-journée et si l'absence précédente ne finit pas par une demi journée, la date de début de l'absence saisie est postérieure à la date de fin réelle de l'absence précédente. | BK31: ABS_C_020 | BL31: =VLOOKUP(BK31,'Axe 2 Règles de gestion'!$D$2:$F$146,3, FALSE) -> Si l'absence ne commence pas par une demi-journée et si l'absence précédente ne finit pas par une demi journée, la date de début de l'absence saisie est postérieure à la date de fin prévisionnelle de l'absence précédente. | BM31: ABS_C_026 | BN31: =VLOOKUP(BM31,'Axe 2 Règles de gestion'!$D$2:$F$146,3, FALSE) -> Dans le cas d'un congé autre que CLM, CLD, CGM et CITIS, l'indicateur de requalification doit être à non et les impacts spécifiques à la requalification ne doivent pas être mobilisés ou l'impact rémunération est vide.
A32: 25.10.00 | B32: M | C32: 45932.677 | D32: D0007 | E32: Congés/Absence | F32: S0167 | G32: Congés annuels Jours ARTT | H32: E0934 | I32: Congés annuels avec traitement des agents en service en France | J32: Type de congé/absence saisi est 'Congés annuels avec traitement' et l'affectation opérationnelle de l'agent est en France | K32: A_COA_TYCOAB [Saisi] = 'CV000' ET [SELECTIONNER (UNITE_STRUC.O_UST_PAYS) POUR (UNITE_STRUC.O_UST_IDENTI = POSTE.O_UST_IDENTI1 ET POSTE.O_POS_IDENTI = O_POS_IDENTI1 [Dossier])] DANS ('FRA', 'GLP' ; 'MTQ' ; 'REU' ; 'GUF' ; 'MYT') | L32: T2278 | M32: Congés annuels avec traitement des agents en service en France | N32: Création Modification | Q32: Enseignant contractuel de l'enseignement agricole privé sous contrat définitif - Agriculture | R32: P0079 | S32: N | T32: Particulier | U32: Passant | V32: 44927 | W32: 45830 | X32: CAN_I_014 ET CAN_I_001 ET CAN_I_044 ET CAN_I_002 ET CAN_I_007 ET CAN_I_005 ET CAN_I_006 ET CAN_I_009 ET CAN_I_010 ET CAN_D_002 ET CAN_D_003 ET CAN_D_001 ET ABS_C_002 ET ABS_C_003 ET ABS_C_004 ET ABS_C_005 ET ABS_C_006 ET ABS_C_009 ET ABS_C_019 ET ABS_C_020 ET ABS_C_026 | Y32: CAN_I_014 | Z32: =VLOOKUP(Y32,'Axe 2 Règles de gestion'!$D$2:$F$146,3, FALSE) -> L'agent bénéficie des dispositions applicables aux agents titulaires en service en France pour les jours de congés annuels. | AA32: CAN_I_001 | AB32: =VLOOKUP(AA32,'Axe 2 Règles de gestion'!$D$2:$F$146,3, FALSE) -> L'agent a droit pour 1 année de service accompli du 1er janvier au 31 décembre, à un congé annuel d'une durée égale à 5 fois ses obligations hebdomadaires de service appréciée en jours ouvrés. | AC32: CAN_I_044 | AD32: =VLOOKUP(AC32,'Axe 2 Règles de gestion'!$D$2:$F$146,3, FALSE) -> L'agent ne peut exercer son droit à un congé annuel que pendant les périodes de vacances des classes. | AE32: CAN_I_002 | AF32: =VLOOKUP(AE32,'Axe 2 Règles de gestion'!$D$2:$F$146,3, FALSE) -> L'agent qui n'exerce pas ses fonctions pendant la totalité de la période de référence a droit à un congé annuel dont la durée est calculée au prorata de la durée des services accomplis. | AG32: CAN_I_007 | AH32: =VLOOKUP(AG32,'Axe 2 Règles de gestion'!$D$2:$F$146,3, FALSE) -> Le congé dû pour une année de service accompli ne peut se reporter sur l'année suivante, sauf autorisation exceptionnelle donnée par le chef de service. | AI32: CAN_I_005 | AJ32: =VLOOKUP(AI32,'Axe 2 Règles de gestion'!$D$2:$F$146,3, FALSE) -> Le calendrier des congés est fixé par le chef du service, après consultation des agents intéressés, compte tenu des fractionnements et échelonnements de congés que l'intérêt du service peut rendre nécessaires. | AK32: CAN_I_006 | AL32: =VLOOKUP(AK32,'Axe 2 Règles de gestion'!$D$2:$F$146,3, FALSE) -> L'agent chargé de famille bénéficie d'une priorité pour le choix des périodes de congés annuels. | AM32: CAN_I_009 | AN32: =VLOOKUP(AM32,'Axe 2 Règles de gestion'!$D$2:$F$146,3, FALSE) -> Un congé non pris ne donne lieu à aucune indemnité compensatrice. | AO32: CAN_I_010 | AP32: =VLOOKUP(AO32,'Axe 2 Règles de gestion'!$D$2:$F$146,3, FALSE) -> Le congé annuel peut être interrompu par les congés ordinaires de maladie, les congés de longue maladie, le congé de longue durée et les congés pour accident de service. | AS32: CAN_D_002 | AT32: =VLOOKUP(AS32,'Axe 2 Règles de gestion'!$D$2:$F$146,3, FALSE) -> La durée réelle ne peut pas dépasser 31 jours consécutifs sauf si l'agent bénéficie de don de jours ou s'il est autorisé à cumuler ses congés annuels pour se rendre dans son pays d'origine ou pour accompagner son conjoint se rendant dans son pays d'origine. | AU32: CAN_D_003 | AV32: =VLOOKUP(AU32,'Axe 2 Règles de gestion'!$D$2:$F$146,3, FALSE) -> La durée prévisionnelle ne peut pas dépasser 31 jours consécutifs sauf si l'agent bénéficie de don de jours ou s'il est autorisé à cumuler ses congés annuels pour se rendre dans son pays d'origine ou pour accompagner son conjoint se rendant dans son pays d'origine. | AW32: CAN_D_001 | AX32: =VLOOKUP(AW32,'Axe 2 Règles de gestion'!$D$2:$F$146,3, FALSE) -> L'agent est en activité. | AY32: ABS_C_002 | AZ32: =VLOOKUP(AY32,'Axe 2 Règles de gestion'!$D$2:$F$146,3, FALSE) -> La date de début du congé/absence doit être postérieure ou égale à la date de début du lien juridique. | BA32: ABS_C_003 | BB32: =VLOOKUP(BA32,'Axe 2 Règles de gestion'!$D$2:$F$146,3, FALSE) -> La date de début du congé/absence doit être antérieure ou égale à la date de fin réelle du congé/absence. | BC32: ABS_C_004 | BD32: =VLOOKUP(BC32,'Axe 2 Règles de gestion'!$D$2:$F$146,3, FALSE) -> La date de début du congé/absence doit être antérieure ou égale à la date de fin prévisionnelle du congé/absence. | BE32: ABS_C_005 | BF32: =VLOOKUP(BE32,'Axe 2 Règles de gestion'!$D$2:$F$146,3, FALSE) -> La date de fin réelle du congé/absence doit être antérieure ou égale à la date limite de fin réelle ou prévisionnelle du lien juridique. | BG32: ABS_C_006 | BH32: =VLOOKUP(BG32,'Axe 2 Règles de gestion'!$D$2:$F$146,3, FALSE) -> La date de fin prévisionnelle du congé/absence doit être antérieure ou égale à la date limite de fin réelle ou prévisionnelle du lien juridique. | BI32: ABS_C_009 | BJ32: =VLOOKUP(BI32,'Axe 2 Règles de gestion'!$D$2:$F$146,3, FALSE) -> La date de fin réelle ou la date de fin prévisionnelle du congé/absence doit être saisie. | BK32: ABS_C_019 | BL32: =VLOOKUP(BK32,'Axe 2 Règles de gestion'!$D$2:$F$146,3, FALSE) -> Si l'absence ne commence pas par une demi-journée et si l'absence précédente ne finit pas par une demi journée, la date de début de l'absence saisie est postérieure à la date de fin réelle de l'absence précédente. | BM32: ABS_C_020 | BN32: =VLOOKUP(BM32,'Axe 2 Règles de gestion'!$D$2:$F$146,3, FALSE) -> Si l'absence ne commence pas par une demi-journée et si l'absence précédente ne finit pas par une demi journée, la date de début de l'absence saisie est postérieure à la date de fin prévisionnelle de l'absence précédente. | BO32: ABS_C_026 | BP32: =VLOOKUP(BO32,'Axe 2 Règles de gestion'!$D$2:$F$146,3, FALSE) -> Dans le cas d'un congé autre que CLM, CLD, CGM et CITIS, l'indicateur de requalification doit être à non et les impacts spécifiques à la requalification ne doivent pas être mobilisés ou l'impact rémunération est vide.
A33: 25.10.00 | B33: A | C33: 45932.677 | D33: D0007 | E33: Congés/Absence | F33: S0167 | G33: Congés annuels Jours ARTT | H33: E0934 | I33: Congés annuels avec traitement des agents en service en France | J33: Type de congé/absence saisi est 'Congés annuels avec traitement' et l'affectation opérationnelle de l'agent est en France | K33: A_COA_TYCOAB [Saisi] = 'CV000' ET [SELECTIONNER (UNITE_STRUC.O_UST_PAYS) POUR (UNITE_STRUC.O_UST_IDENTI = POSTE.O_UST_IDENTI1 ET POSTE.O_POS_IDENTI = O_POS_IDENTI1 [Dossier])] DANS ('FRA', 'GLP' ; 'MTQ' ; 'REU' ; 'GUF' ; 'MYT') | L33: T2278 | M33: Congés annuels avec traitement des agents en service en France | N33: Création Modification | Q33: Enseignant contractuel de l'enseignement agricole privé sous contrat définitif - Agriculture | R33: P0079 | S33: N | T33: Particulier | U33: Passant | V33: 45831 | X33: CAN_I_014 ET CAN_I_001 ET CAN_I_002 ET CAN_I_006 ET CAN_I_010 ET CAN_I_007 ET CAN_I_048 ET CAN_I_055 ET CAN_I_056 ET CAN_I_057 ET CAN_D_002 ET CAN_D_003 ET CAN_D_001 ET ABS_C_003 ET ABS_C_004 ET ABS_C_005 ET ABS_C_006 ET ABS_C_009 ET ABS_C_019 ET ABS_C_020 ET ABS_C_026 | Y33: CAN_I_014 | Z33: =VLOOKUP(Y33,'Axe 2 Règles de gestion'!$D$2:$F$146,3, FALSE) -> L'agent bénéficie des dispositions applicables aux agents titulaires en service en France pour les jours de congés annuels. | AA33: CAN_I_001 | AB33: =VLOOKUP(AA33,'Axe 2 Règles de gestion'!$D$2:$F$146,3, FALSE) -> L'agent a droit pour 1 année de service accompli du 1er janvier au 31 décembre, à un congé annuel d'une durée égale à 5 fois ses obligations hebdomadaires de service appréciée en jours ouvrés. | AC33: CAN_I_002 | AD33: =VLOOKUP(AC33,'Axe 2 Règles de gestion'!$D$2:$F$146,3, FALSE) -> L'agent qui n'exerce pas ses fonctions pendant la totalité de la période de référence a droit à un congé annuel dont la durée est calculée au prorata de la durée des services accomplis. | AE33: CAN_I_006 | AF33: =VLOOKUP(AE33,'Axe 2 Règles de gestion'!$D$2:$F$146,3, FALSE) -> L'agent chargé de famille bénéficie d'une priorité pour le choix des périodes de congés annuels. | AG33: CAN_I_010 | AH33: =VLOOKUP(AG33,'Axe 2 Règles de gestion'!$D$2:$F$146,3, FALSE) -> Le congé annuel peut être interrompu par les congés ordinaires de maladie, les congés de longue maladie, le congé de longue durée et les congés pour accident de service. | AI33: CAN_I_007 | AJ33: =VLOOKUP(AI33,'Axe 2 Règles de gestion'!$D$2:$F$146,3, FALSE) -> Le congé dû pour une année de service accompli ne peut se reporter sur l'année suivante, sauf autorisation exceptionnelle donnée par le chef de service. | AK33: CAN_I_048 | AL33: =VLOOKUP(AK33,'Axe 2 Règles de gestion'!$D$2:$F$146,3, FALSE) -> L'agent qui ne peut, du fait d'un congé pour raison de santé, ou d'un congé lié aux responsabilités parentales ou familiales, prendre son congé au cours de l'année au titre de laquelle il lui est dû, bénéficie d'une période de report de 15 mois. | AM33: CAN_I_055 | AN33: =VLOOKUP(AM33,'Axe 2 Règles de gestion'!$D$2:$F$146,3, FALSE) -> Sauf exceptions, un congé non pris ne donne lieu à aucune indemnité compensatrice. | AO33: CAN_I_056 | AP33: =VLOOKUP(AO33,'Axe 2 Règles de gestion'!$D$2:$F$146,3, FALSE) -> Lorsque l'agent n'a pas été en mesure de prendre son congé annuel avant la fin de la relation de travail, les droits non-utilisés donnent lieu à une indemnisation. | AQ33: CAN_I_057 | AR33: =VLOOKUP(AQ33,'Axe 2 Règles de gestion'!$D$2:$F$146,3, FALSE) -> Pour les droits non-consommés du fait d'un congé pour raison de santé, l'indemnité ne compense que les droits non-utilisés relevant des 4 premières semaines de congé annuel par période de référence. | AS33: CAN_D_002 | AT33: =VLOOKUP(AS33,'Axe 2 Règles de gestion'!$D$2:$F$146,3, FALSE) -> La durée réelle ne peut pas dépasser 31 jours consécutifs sauf si l'agent bénéficie de don de jours ou s'il est autorisé à cumuler ses congés annuels pour se rendre dans son pays d'origine ou pour accompagner son conjoint se rendant dans son pays d'origine. | AU33: CAN_D_003 | AV33: =VLOOKUP(AU33,'Axe 2 Règles de gestion'!$D$2:$F$146,3, FALSE) -> La durée prévisionnelle ne peut pas dépasser 31 jours consécutifs sauf si l'agent bénéficie de don de jours ou s'il est autorisé à cumuler ses congés annuels pour se rendre dans son pays d'origine ou pour accompagner son conjoint se rendant dans son pays d'origine. | AW33: CAN_D_001 | AX33: =VLOOKUP(AW33,'Axe 2 Règles de gestion'!$D$2:$F$146,3, FALSE) -> L'agent est en activité. | AY33: ABS_C_003 | AZ33: =VLOOKUP(AY33,'Axe 2 Règles de gestion'!$D$2:$F$146,3, FALSE) -> La date de début du congé/absence doit être antérieure ou égale à la date de fin réelle du congé/absence. | BA33: ABS_C_004 | BB33: =VLOOKUP(BA33,'Axe 2 Règles de gestion'!$D$2:$F$146,3, FALSE) -> La date de début du congé/absence doit être antérieure ou égale à la date de fin prévisionnelle du congé/absence. | BC33: ABS_C_005 | BD33: =VLOOKUP(BC33,'Axe 2 Règles de gestion'!$D$2:$F$146,3, FALSE) -> La date de fin réelle du congé/absence doit être antérieure ou égale à la date limite de fin réelle ou prévisionnelle du lien juridique. | BE33: ABS_C_006 | BF33: =VLOOKUP(BE33,'Axe 2 Règles de gestion'!$D$2:$F$146,3, FALSE) -> La date de fin prévisionnelle du congé/absence doit être antérieure ou égale à la date limite de fin réelle ou prévisionnelle du lien juridique. | BG33: ABS_C_009 | BH33: =VLOOKUP(BG33,'Axe 2 Règles de gestion'!$D$2:$F$146,3, FALSE) -> La date de fin réelle ou la date de fin prévisionnelle du congé/absence doit être saisie. | BI33: ABS_C_019 | BJ33: =VLOOKUP(BI33,'Axe 2 Règles de gestion'!$D$2:$F$146,3, FALSE) -> Si l'absence ne commence pas par une demi-journée et si l'absence précédente ne finit pas par une demi journée, la date de début de l'absence saisie est postérieure à la date de fin réelle de l'absence précédente. | BK33: ABS_C_020 | BL33: =VLOOKUP(BK33,'Axe 2 Règles de gestion'!$D$2:$F$146,3, FALSE) -> Si l'absence ne commence pas par une demi-journée et si l'absence précédente ne finit pas par une demi journée, la date de début de l'absence saisie est postérieure à la date de fin prévisionnelle de l'absence précédente. | BM33: ABS_C_026 | BN33: =VLOOKUP(BM33,'Axe 2 Règles de gestion'!$D$2:$F$146,3, FALSE) -> Dans le cas d'un congé autre que CLM, CLD, CGM et CITIS, l'indicateur de requalification doit être à non et les impacts spécifiques à la requalification ne doivent pas être mobilisés ou l'impact rémunération est vide.
A34: 25.10.00 | B34: A | C34: 45932.677 | D34: D0007 | E34: Congés/Absence | F34: S0167 | G34: Congés annuels Jours ARTT | H34: E0934 | I34: Congés annuels avec traitement des agents en service en France | J34: Type de congé/absence saisi est 'Congés annuels avec traitement' et l'affectation opérationnelle de l'agent est en France | K34: A_COA_TYCOAB [Saisi] = 'CV000' ET [SELECTIONNER (UNITE_STRUC.O_UST_PAYS) POUR (UNITE_STRUC.O_UST_IDENTI = POSTE.O_UST_IDENTI1 ET POSTE.O_POS_IDENTI = O_POS_IDENTI1 [Dossier])] DANS ('FRA', 'GLP' ; 'MTQ' ; 'REU' ; 'GUF' ; 'MYT') | L34: T2278 | M34: Congés annuels avec traitement des agents en service en France | N34: Création Modification | Q34: Ouvrier des parcs et ateliers confirmé ou stagiaire | R34: P0143 | S34: O | T34: Particulier | U34: Passant | V34: 45901 | X34: CAN_I_069 ET CAN_I_001 ET CAN_I_002 ET CAN_I_006 ET CAN_I_010 ET CAN_I_007 ET CAN_I_048 ET CAN_I_055 ET CAN_I_056 ET CAN_I_057 ET CAN_D_002 ET CAN_D_003 ET CAN_D_001 ET ABS_C_001 ET ABS_C_003 ET ABS_C_004 ET ABS_C_007 ET ABS_C_008 ET ABS_C_009 ET ABS_C_019 ET ABS_C_020 ET ABS_C_026 | Y34: CAN_I_069 | Z34: =VLOOKUP(Y34,'Axe 2 Règles de gestion'!$D$2:$F$146,3, FALSE) -> L'agent bénéficie des dispositions applicables aux agents titulaires en service en France pour les jours de congés annuels. | AA34: CAN_I_001 | AB34: =VLOOKUP(AA34,'Axe 2 Règles de gestion'!$D$2:$F$146,3, FALSE) -> L'agent a droit pour 1 année de service accompli du 1er janvier au 31 décembre, à un congé annuel d'une durée égale à 5 fois ses obligations hebdomadaires de service appréciée en jours ouvrés. | AC34: CAN_I_002 | AD34: =VLOOKUP(AC34,'Axe 2 Règles de gestion'!$D$2:$F$146,3, FALSE) -> L'agent qui n'exerce pas ses fonctions pendant la totalité de la période de référence a droit à un congé annuel dont la durée est calculée au prorata de la durée des services accomplis. | AE34: CAN_I_006 | AF34: =VLOOKUP(AE34,'Axe 2 Règles de gestion'!$D$2:$F$146,3, FALSE) -> L'agent chargé de famille bénéficie d'une priorité pour le choix des périodes de congés annuels. | AG34: CAN_I_010 | AH34: =VLOOKUP(AG34,'Axe 2 Règles de gestion'!$D$2:$F$146,3, FALSE) -> Le congé annuel peut être interrompu par les congés ordinaires de maladie, les congés de longue maladie, le congé de longue durée et les congés pour accident de service. | AI34: CAN_I_007 | AJ34: =VLOOKUP(AI34,'Axe 2 Règles de gestion'!$D$2:$F$146,3, FALSE) -> Le congé dû pour une année de service accompli ne peut se reporter sur l'année suivante, sauf autorisation exceptionnelle donnée par le chef de service. | AK34: CAN_I_048 | AL34: =VLOOKUP(AK34,'Axe 2 Règles de gestion'!$D$2:$F$146,3, FALSE) -> L'agent qui ne peut, du fait d'un congé pour raison de santé, ou d'un congé lié aux responsabilités parentales ou familiales, prendre son congé au cours de l'année au titre de laquelle il lui est dû, bénéficie d'une période de report de 15 mois. | AM34: CAN_I_055 | AN34: =VLOOKUP(AM34,'Axe 2 Règles de gestion'!$D$2:$F$146,3, FALSE) -> Sauf exceptions, un congé non pris ne donne lieu à aucune indemnité compensatrice. | AO34: CAN_I_056 | AP34: =VLOOKUP(AO34,'Axe 2 Règles de gestion'!$D$2:$F$146,3, FALSE) -> Lorsque l'agent n'a pas été en mesure de prendre son congé annuel avant la fin de la relation de travail, les droits non-utilisés donnent lieu à une indemnisation. | AQ34: CAN_I_057 | AR34: =VLOOKUP(AQ34,'Axe 2 Règles de gestion'!$D$2:$F$146,3, FALSE) -> Pour les droits non-consommés du fait d'un congé pour raison de santé, l'indemnité ne compense que les droits non-utilisés relevant des 4 premières semaines de congé annuel par période de référence. | AS34: CAN_D_002 | AT34: =VLOOKUP(AS34,'Axe 2 Règles de gestion'!$D$2:$F$146,3, FALSE) -> La durée réelle ne peut pas dépasser 31 jours consécutifs sauf si l'agent bénéficie de don de jours ou s'il est autorisé à cumuler ses congés annuels pour se rendre dans son pays d'origine ou pour accompagner son conjoint se rendant dans son pays d'origine. | AU34: CAN_D_003 | AV34: =VLOOKUP(AU34,'Axe 2 Règles de gestion'!$D$2:$F$146,3, FALSE) -> La durée prévisionnelle ne peut pas dépasser 31 jours consécutifs sauf si l'agent bénéficie de don de jours ou s'il est autorisé à cumuler ses congés annuels pour se rendre dans son pays d'origine ou pour accompagner son conjoint se rendant dans son pays d'origine. | AW34: CAN_D_001 | AX34: =VLOOKUP(AW34,'Axe 2 Règles de gestion'!$D$2:$F$146,3, FALSE) -> L'agent est en activité. | AY34: ABS_C_001 | AZ34: =VLOOKUP(AY34,'Axe 2 Règles de gestion'!$D$2:$F$146,3, FALSE) -> La date de début du congé/absence doit être postérieure ou égale à la date de recrutement dans la FPE ou dans la carrière militaire. | BA34: ABS_C_003 | BB34: =VLOOKUP(BA34,'Axe 2 Règles de gestion'!$D$2:$F$146,3, FALSE) -> La date de début du congé/absence doit être antérieure ou égale à la date de fin réelle du congé/absence. | BC34: ABS_C_004 | BD34: =VLOOKUP(BC34,'Axe 2 Règles de gestion'!$D$2:$F$146,3, FALSE) -> La date de début du congé/absence doit être antérieure ou égale à la date de fin prévisionnelle du congé/absence. | BE34: ABS_C_007 | BF34: =VLOOKUP(BE34,'Axe 2 Règles de gestion'!$D$2:$F$146,3, FALSE) -> La date de fin réelle du congé/absence doit être antérieure à la date limite de départ à la retraite. | BG34: ABS_C_008 | BH34: =VLOOKUP(BG34,'Axe 2 Règles de gestion'!$D$2:$F$146,3, FALSE) -> La date de fin prévisionnelle du congé/absence doit être antérieure à la date limite de départ à la retraite. | BI34: ABS_C_009 | BJ34: =VLOOKUP(BI34,'Axe 2 Règles de gestion'!$D$2:$F$146,3, FALSE) -> La date de fin réelle ou la date de fin prévisionnelle du congé/absence doit être saisie. | BK34: ABS_C_019 | BL34: =VLOOKUP(BK34,'Axe 2 Règles de gestion'!$D$2:$F$146,3, FALSE) -> Si l'absence ne commence pas par une demi-journée et si l'absence précédente ne finit pas par une demi journée, la date de début de l'absence saisie est postérieure à la date de fin réelle de l'absence précédente. | BM34: ABS_C_020 | BN34: =VLOOKUP(BM34,'Axe 2 Règles de gestion'!$D$2:$F$146,3, FALSE) -> Si l'absence ne commence pas par une demi-journée et si l'absence précédente ne finit pas par une demi journée, la date de début de l'absence saisie est postérieure à la date de fin prévisionnelle de l'absence précédente. | BO34: ABS_C_026 | BP34: =VLOOKUP(BO34,'Axe 2 Règles de gestion'!$D$2:$F$146,3, FALSE) -> Dans le cas d'un congé autre que CLM, CLD, CGM et CITIS, l'indicateur de requalification doit être à non et les impacts spécifiques à la requalification ne doivent pas être mobilisés ou l'impact rémunération est vide.
A35: 25.10.00 | B35: M | C35: 45932.677 | D35: D0007 | E35: Congés/Absence | F35: S0167 | G35: Congés annuels Jours ARTT | H35: E0934 | I35: Congés annuels avec traitement des agents en service en France | J35: Type de congé/absence saisi est 'Congés annuels avec traitement' et l'affectation opérationnelle de l'agent est en France | K35: A_COA_TYCOAB [Saisi] = 'CV000' ET [SELECTIONNER (UNITE_STRUC.O_UST_PAYS) POUR (UNITE_STRUC.O_UST_IDENTI = POSTE.O_UST_IDENTI1 ET POSTE.O_POS_IDENTI = O_POS_IDENTI1 [Dossier])] DANS ('FRA', 'GLP' ; 'MTQ' ; 'REU' ; 'GUF' ; 'MYT') | L35: T2278 | M35: Congés annuels avec traitement des agents en service en France | N35: Création Modification | Q35: Volontaire International | R35: P0178 | S35: N | T35: Particulier | U35: Exclu | V35: 44927
A36: 23.00.00 | B36: A | C36: 45085.533 | D36: D0007 | E36: Congés/Absence | F36: S0167 | G36: Congés annuels Jours ARTT | H36: E0934 | I36: Congés annuels avec traitement des agents en service en France | J36: Type de congé/absence saisi est 'Congés annuels avec traitement' et l'affectation opérationnelle de l'agent est en France | K36: A_COA_TYCOAB [Saisi] = 'CV000' ET [SELECTIONNER (UNITE_STRUC.O_UST_PAYS) POUR (UNITE_STRUC.O_UST_IDENTI = POSTE.O_UST_IDENTI1 ET POSTE.O_POS_IDENTI = O_POS_IDENTI1 [Dossier])] DANS ('FRA', 'GLP' ; 'MTQ' ; 'REU' ; 'GUF' ; 'MYT') | L36: T2278 | M36: Congés annuels avec traitement des agents en service en France | N36: Création Modification | Q36: Volontaire de service civique outre-mer | R36: P0179 | S36: N | T36: Particulier | U36: Passant | V36: 44927 | X36: CAN_I_020 ET CAN_I_021 ET CAN_I_022 ET CAN_I_023 ET CAN_I_024 ET ABS_C_002 ET ABS_C_003 ET ABS_C_004 ET ABS_C_005 ET ABS_C_006 ET ABS_C_009 ET ABS_C_019 ET ABS_C_020 ET ABS_C_026 ET ABS_C_010 | Y36: CAN_I_020 | Z36: =VLOOKUP(Y36,'Axe 2 Règles de gestion'!$D$2:$F$146,3, FALSE) -> L'agent doit avoir exercé la mission définie par son contrat au minimum durant 10 jours ouvrés. | AA36: CAN_I_021 | AB36: =VLOOKUP(AA36,'Axe 2 Règles de gestion'!$D$2:$F$146,3, FALSE) -> L'agent a droit à un congé annuel d'une durée fixée à 2 jours ouvrés par mois de service effectif, y compris dans le cadre d'une pluralité de missions. | AC36: CAN_I_022 | AD36: =VLOOKUP(AC36,'Axe 2 Règles de gestion'!$D$2:$F$146,3, FALSE) -> L'agent mineur bénéficie d'1 journée de congé supplémentaire par mois de service effectué. | AE36: CAN_I_023 | AF36: =VLOOKUP(AE36,'Axe 2 Règles de gestion'!$D$2:$F$146,3, FALSE) -> Le congé peut être pris soit par fraction, à concurrence des droits acquis, soit en une fois, en fin d'engagement ou de volontariat. | AG36: CAN_I_024 | AH36: =VLOOKUP(AG36,'Axe 2 Règles de gestion'!$D$2:$F$146,3, FALSE) -> Le congé non pris ne donne lieu à aucune indemnité compensatrice. | AY36: ABS_C_002 | AZ36: =VLOOKUP(AY36,'Axe 2 Règles de gestion'!$D$2:$F$146,3, FALSE) -> La date de début du congé/absence doit être postérieure ou égale à la date de début du lien juridique. | BA36: ABS_C_003 | BB36: =VLOOKUP(BA36,'Axe 2 Règles de gestion'!$D$2:$F$146,3, FALSE) -> La date de début du congé/absence doit être antérieure ou égale à la date de fin réelle du congé/absence. | BC36: ABS_C_004 | BD36: =VLOOKUP(BC36,'Axe 2 Règles de gestion'!$D$2:$F$146,3, FALSE) -> La date de début du congé/absence doit être antérieure ou égale à la date de fin prévisionnelle du congé/absence. | BE36: ABS_C_005 | BF36: =VLOOKUP(BE36,'Axe 2 Règles de gestion'!$D$2:$F$146,3, FALSE) -> La date de fin réelle du congé/absence doit être antérieure ou égale à la date limite de fin réelle ou prévisionnelle du lien juridique. | BG36: ABS_C_006 | BH36: =VLOOKUP(BG36,'Axe 2 Règles de gestion'!$D$2:$F$146,3, FALSE) -> La date de fin prévisionnelle du congé/absence doit être antérieure ou égale à la date limite de fin réelle ou prévisionnelle du lien juridique. | BI36: ABS_C_009 | BJ36: =VLOOKUP(BI36,'Axe 2 Règles de gestion'!$D$2:$F$146,3, FALSE) -> La date de fin réelle ou la date de fin prévisionnelle du congé/absence doit être saisie. | BK36: ABS_C_019 | BL36: =VLOOKUP(BK36,'Axe 2 Règles de gestion'!$D$2:$F$146,3, FALSE) -> Si l'absence ne commence pas par une demi-journée et si l'absence précédente ne finit pas par une demi journée, la date de début de l'absence saisie est postérieure à la date de fin réelle de l'absence précédente. | BM36: ABS_C_020 | BN36: =VLOOKUP(BM36,'Axe 2 Règles de gestion'!$D$2:$F$146,3, FALSE) -> Si l'absence ne commence pas par une demi-journée et si l'absence précédente ne finit pas par une demi journée, la date de début de l'absence saisie est postérieure à la date de fin prévisionnelle de l'absence précédente. | BO36: ABS_C_026 | BP36: =VLOOKUP(BO36,'Axe 2 Règles de gestion'!$D$2:$F$146,3, FALSE) -> Dans le cas d'un congé autre que CLM, CLD, CGM et CITIS, l'indicateur de requalification doit être à non et les impacts spécifiques à la requalification ne doivent pas être mobilisés ou l'impact rémunération est vide. | BQ36: ABS_C_010 | BR36: =VLOOKUP(BQ36,'Axe 2 Règles de gestion'!$D$2:$F$146,3, FALSE) -> L'agent doit être en activité.
A37: 23.00.00 | B37: A | C37: 45085.534 | D37: D0007 | E37: Congés/Absence | F37: S0167 | G37: Congés annuels Jours ARTT | H37: E0934 | I37: Congés annuels avec traitement des agents en service en France | J37: Type de congé/absence saisi est 'Congés annuels avec traitement' et l'affectation opérationnelle de l'agent est en France | K37: A_COA_TYCOAB [Saisi] = 'CV000' ET [SELECTIONNER (UNITE_STRUC.O_UST_PAYS) POUR (UNITE_STRUC.O_UST_IDENTI = POSTE.O_UST_IDENTI1 ET POSTE.O_POS_IDENTI = O_POS_IDENTI1 [Dossier])] DANS ('FRA', 'GLP' ; 'MTQ' ; 'REU' ; 'GUF' ; 'MYT') | L37: T2278 | M37: Congés annuels avec traitement des agents en service en France | N37: Création Modification | Q37: Ouvrier de la défense ou assimilé | R37: P0197 | S37: O | T37: Particulier | U37: Passant | V37: 44927 | X37: CAN_I_025 ET CAN_I_026 ET CAN_I_043 ET CAN_I_027 ET CAN_I_030 ET CAN_I_031 ET CAN_I_032 ET CAN_D_004 ET CAN_D_005 ET ABS_C_002 ET ABS_C_003 ET ABS_C_004 ET ABS_C_005 ET ABS_C_006 ET ABS_C_009 ET ABS_C_019 ET ABS_C_020 ET ABS_C_026 ET ABS_C_010 | Y37: CAN_I_025 | Z37: =VLOOKUP(Y37,'Axe 2 Règles de gestion'!$D$2:$F$146,3, FALSE) -> L'agent a droit, pour une année complète de services effectifs accomplis du 1er janvier au 31 décembre, à un congé annuel d'une durée égale à 5 fois la durée hebdomadaire de service exprimée en jours ouvrés. | AA37: CAN_I_026 | AB37: =VLOOKUP(AA37,'Axe 2 Règles de gestion'!$D$2:$F$146,3, FALSE) -> L'agent qui n'exerce pas ses fonctions pendant la totalité de la période de référence a droit à un congé annuel dont la durée est calculée au prorata de la durée des services accomplis. | AC37: CAN_I_043 | AD37: =VLOOKUP(AC37,'Axe 2 Règles de gestion'!$D$2:$F$146,3, FALSE) -> Le congé dû pour une durée de service accompli ne peut se reporter sur l'année suivante, sauf autorisation exceptionnelle donnée par le chef de service . Ce report ne peut toutefois pas dépasser le 28 février. | AE37: CAN_I_027 | AF37: =VLOOKUP(AE37,'Axe 2 Règles de gestion'!$D$2:$F$146,3, FALSE) -> La durée du congé annuel est augmentée d'1 jour ouvré après 15 ans de services, continus ou non, d'1,5 jour après 20 ans de services, de 2 jours après 25 ans de services et de 2,5 jours après 30 ans de services. | AG37: CAN_I_030 | AH37: =VLOOKUP(AG37,'Axe 2 Règles de gestion'!$D$2:$F$146,3, FALSE) -> Sous certaines conditions, l'agent né en Corse ou en fonction en Corse non natif de cette collectivité ainsi que l'agent originaire des départements et territoires d'outre-mer et des Etats ayant accédé à l'indépendance, peut bénéficier de délai de route. | AI37: CAN_I_031 | AJ37: =VLOOKUP(AI37,'Axe 2 Règles de gestion'!$D$2:$F$146,3, FALSE) -> L'agent peut fractionner ses congés payés en journées, demi-journées ou en heures avec l'accord de l'autorité hiérarchique et en respectant les règles définies par l'instruction. | AK37: CAN_I_032 | AL37: =VLOOKUP(AK37,'Axe 2 Règles de gestion'!$D$2:$F$146,3, FALSE) -> Lorsqu'un agent tombe malade au cours de son congé payé annuel, le congé payé est suspendu et la fraction non utilisée est reportée au plus tard jusqu'à la date limite d'utilisation des congés payés (28 février). | AS37: CAN_D_004 | AT37: =VLOOKUP(AS37,'Axe 2 Règles de gestion'!$D$2:$F$146,3, FALSE) -> La durée réelle ne peut pas dépasser 31 jours consécutifs sauf si l'agent bénéficie de don de jours ou s'il est autorisé à cumuler ses congés annuels pour se rendre dans son pays d'origine ou pour accompagner son conjoint se rendant dans son pays d'origine. | AU37: CAN_D_005 | AV37: =VLOOKUP(AU37,'Axe 2 Règles de gestion'!$D$2:$F$146,3, FALSE) -> La durée prévisionnelle ne peut pas dépasser 31 jours consécutifs sauf si l'agent bénéficie de don de jours ou s'il est autorisé à cumuler ses congés annuels pour se rendre dans son pays d'origine ou pour accompagner son conjoint se rendant dans son pays d'origine. | AY37: ABS_C_002 | AZ37: =VLOOKUP(AY37,'Axe 2 Règles de gestion'!$D$2:$F$146,3, FALSE) -> La date de début du congé/absence doit être postérieure ou égale à la date de début du lien juridique. | BA37: ABS_C_003 | BB37: =VLOOKUP(BA37,'Axe 2 Règles de gestion'!$D$2:$F$146,3, FALSE) -> La date de début du congé/absence doit être antérieure ou égale à la date de fin réelle du congé/absence. | BC37: ABS_C_004 | BD37: =VLOOKUP(BC37,'Axe 2 Règles de gestion'!$D$2:$F$146,3, FALSE) -> La date de début du congé/absence doit être antérieure ou égale à la date de fin prévisionnelle du congé/absence. | BE37: ABS_C_005 | BF37: =VLOOKUP(BE37,'Axe 2 Règles de gestion'!$D$2:$F$146,3, FALSE) -> La date de fin réelle du congé/absence doit être antérieure ou égale à la date limite de fin réelle ou prévisionnelle du lien juridique. | BG37: ABS_C_006 | BH37: =VLOOKUP(BG37,'Axe 2 Règles de gestion'!$D$2:$F$146,3, FALSE) -> La date de fin prévisionnelle du congé/absence doit être antérieure ou égale à la date limite de fin réelle ou prévisionnelle du lien juridique. | BI37: ABS_C_009 | BJ37: =VLOOKUP(BI37,'Axe 2 Règles de gestion'!$D$2:$F$146,3, FALSE) -> La date de fin réelle ou la date de fin prévisionnelle du congé/absence doit être saisie. | BK37: ABS_C_019 | BL37: =VLOOKUP(BK37,'Axe 2 Règles de gestion'!$D$2:$F$146,3, FALSE) -> Si l'absence ne commence pas par une demi-journée et si l'absence précédente ne finit pas par une demi journée, la date de début de l'absence saisie est postérieure à la date de fin réelle de l'absence précédente. | BM37: ABS_C_020 | BN37: =VLOOKUP(BM37,'Axe 2 Règles de gestion'!$D$2:$F$146,3, FALSE) -> Si l'absence ne commence pas par une demi-journée et si l'absence précédente ne finit pas par une demi journée, la date de début de l'absence saisie est postérieure à la date de fin prévisionnelle de l'absence précédente. | BO37: ABS_C_026 | BP37: =VLOOKUP(BO37,'Axe 2 Règles de gestion'!$D$2:$F$146,3, FALSE) -> Dans le cas d'un congé autre que CLM, CLD, CGM et CITIS, l'indicateur de requalification doit être à non et les impacts spécifiques à la requalification ne doivent pas être mobilisés ou l'impact rémunération est vide. | BQ37: ABS_C_010 | BR37: =VLOOKUP(BQ37,'Axe 2 Règles de gestion'!$D$2:$F$146,3, FALSE) -> L'agent doit être en activité.
A38: 23.00.00 | B38: A | C38: 45085.535 | D38: D0007 | E38: Congés/Absence | F38: S0167 | G38: Congés annuels Jours ARTT | H38: E0935 | I38: Congés annuels sans traitement | J38: Type de congé/absence saisi est 'Congés annuels sans traitement' | K38: A_COA_TYCOAB [Saisi] = 'CV012' | L38: T2279 | M38: Congés annuels sans traitement | N38: Création Modification | Q38: Titulaire ou magistrat | R38: P0001 | S38: T | T38: Général | U38: Passant | V38: 44927 | X38: CAN_I_003 ET CAN_I_004 ET CAN_I_005 ET CAN_I_006 ET ABS_C_001 ET ABS_C_003 ET ABS_C_004 ET ABS_C_007 ET ABS_C_008 ET ABS_C_009 ET ABS_C_019 ET ABS_C_020 ET ABS_C_026 ET ABS_C_010 | Y38: CAN_I_003 | Z38: =VLOOKUP(Y38,'Axe 2 Règles de gestion'!$D$2:$F$146,3, FALSE) -> L'agent doit être âgé de moins de 21 ans au premier jour de la période de référence et ne doit pas avoir exercé ses fonctions sur la totalité de cette période. | AA38: CAN_I_004 | AB38: =VLOOKUP(AA38,'Axe 2 Règles de gestion'!$D$2:$F$146,3, FALSE) -> Le nombre de jours de congé annuel sans traitement est égal à la différence entre la durée totale du congé annuel et la durée du congé dû au titre des services accomplis. | AC38: CAN_I_005 | AD38: =VLOOKUP(AC38,'Axe 2 Règles de gestion'!$D$2:$F$146,3, FALSE) -> Le calendrier des congés est fixé par le chef du service, après consultation des agents intéressés, compte tenu des fractionnements et échelonnements de congés que l'intérêt du service peut rendre nécessaires. | AE38: CAN_I_006 | AF38: =VLOOKUP(AE38,'Axe 2 Règles de gestion'!$D$2:$F$146,3, FALSE) -> L'agent chargé de famille bénéficie d'une priorité pour le choix des périodes de congés annuels. | AY38: ABS_C_001 | AZ38: =VLOOKUP(AY38,'Axe 2 Règles de gestion'!$D$2:$F$146,3, FALSE) -> La date de début du congé/absence doit être postérieure ou égale à la date de recrutement dans la FPE ou dans la carrière militaire. | BA38: ABS_C_003 | BB38: =VLOOKUP(BA38,'Axe 2 Règles de gestion'!$D$2:$F$146,3, FALSE) -> La date de début du congé/absence doit être antérieure ou égale à la date de fin réelle du congé/absence. | BC38: ABS_C_004 | BD38: =VLOOKUP(BC38,'Axe 2 Règles de gestion'!$D$2:$F$146,3, FALSE) -> La date de début du congé/absence doit être antérieure ou égale à la date de fin prévisionnelle du congé/absence. | BE38: ABS_C_007 | BF38: =VLOOKUP(BE38,'Axe 2 Règles de gestion'!$D$2:$F$146,3, FALSE) -> La date de fin réelle du congé/absence doit être antérieure à la date limite de départ à la retraite. | BG38: ABS_C_008 | BH38: =VLOOKUP(BG38,'Axe 2 Règles de gestion'!$D$2:$F$146,3, FALSE) -> La date de fin prévisionnelle du congé/absence doit être antérieure à la date limite de départ à la retraite. | BI38: ABS_C_009 | BJ38: =VLOOKUP(BI38,'Axe 2 Règles de gestion'!$D$2:$F$146,3, FALSE) -> La date de fin réelle ou la date de fin prévisionnelle du congé/absence doit être saisie. | BK38: ABS_C_019 | BL38: =VLOOKUP(BK38,'Axe 2 Règles de gestion'!$D$2:$F$146,3, FALSE) -> Si l'absence ne commence pas par une demi-journée et si l'absence précédente ne finit pas par une demi journée, la date de début de l'absence saisie est postérieure à la date de fin réelle de l'absence précédente. | BM38: ABS_C_020 | BN38: =VLOOKUP(BM38,'Axe 2 Règles de gestion'!$D$2:$F$146,3, FALSE) -> Si l'absence ne commence pas par une demi-journée et si l'absence précédente ne finit pas par une demi journée, la date de début de l'absence saisie est postérieure à la date de fin prévisionnelle de l'absence précédente. | BO38: ABS_C_026 | BP38: =VLOOKUP(BO38,'Axe 2 Règles de gestion'!$D$2:$F$146,3, FALSE) -> Dans le cas d'un congé autre que CLM, CLD, CGM et CITIS, l'indicateur de requalification doit être à non et les impacts spécifiques à la requalification ne doivent pas être mobilisés ou l'impact rémunération est vide. | BQ38: ABS_C_010 | BR38: =VLOOKUP(BQ38,'Axe 2 Règles de gestion'!$D$2:$F$146,3, FALSE) -> L'agent doit être en activité.
A39: 24.10.00 | B39: A | C39: 45561.415 | D39: D0007 | E39: Congés/Absence | F39: S0167 | G39: Congés annuels Jours ARTT | H39: E0935 | I39: Congés annuels sans traitement | J39: Type de congé/absence saisi est 'Congés annuels sans traitement' | K39: A_COA_TYCOAB [Saisi] = 'CV012' | L39: T2279 | M39: Congés annuels sans traitement | N39: Création Modification | Q39: Militaire | R39: P0002 | S39: M | T39: Général | U39: Exclu | V39: 44927
A40: 23.00.00 | B40: A | C40: 45085.535 | D40: D0007 | E40: Congés/Absence | F40: S0167 | G40: Congés annuels Jours ARTT | H40: E0935 | I40: Congés annuels sans traitement | J40: Type de congé/absence saisi est 'Congés annuels sans traitement' | K40: A_COA_TYCOAB [Saisi] = 'CV012' | L40: T2279 | M40: Congés annuels sans traitement | N40: Création Modification | Q40: Contractuel | R40: P0003 | S40: N | T40: Général | U40: Passant | V40: 44927 | X40: CAN_I_012 ET CAN_I_003 ET CAN_I_004 ET CAN_I_005 ET CAN_I_006 ET ABS_C_002 ET ABS_C_003 ET ABS_C_004 ET ABS_C_005 ET ABS_C_006 ET ABS_C_009 ET ABS_C_019 ET ABS_C_020 ET ABS_C_026 ET ABS_C_010 | Y40: CAN_I_012 | Z40: =VLOOKUP(Y40,'Axe 2 Règles de gestion'!$D$2:$F$146,3, FALSE) -> L'agent bénéficie des dispositions applicables aux agents titulaires en service en France pour les jours de congés annuels. | AA40: CAN_I_003 | AB40: =VLOOKUP(AA40,'Axe 2 Règles de gestion'!$D$2:$F$146,3, FALSE) -> L'agent doit être âgé de moins de 21 ans au premier jour de la période de référence et ne doit pas avoir exercé ses fonctions sur la totalité de cette période. | AC40: CAN_I_004 | AD40: =VLOOKUP(AC40,'Axe 2 Règles de gestion'!$D$2:$F$146,3, FALSE) -> Le nombre de jours de congé annuel sans traitement est égal à la différence entre la durée totale du congé annuel et la durée du congé dû au titre des services accomplis. | AE40: CAN_I_005 | AF40: =VLOOKUP(AE40,'Axe 2 Règles de gestion'!$D$2:$F$146,3, FALSE) -> Le calendrier des congés est fixé par le chef du service, après consultation des agents intéressés, compte tenu des fractionnements et échelonnements de congés que l'intérêt du service peut rendre nécessaires. | AG40: CAN_I_006 | AH40: =VLOOKUP(AG40,'Axe 2 Règles de gestion'!$D$2:$F$146,3, FALSE) -> L'agent chargé de famille bénéficie d'une priorité pour le choix des périodes de congés annuels. | AY40: ABS_C_002 | AZ40: =VLOOKUP(AY40,'Axe 2 Règles de gestion'!$D$2:$F$146,3, FALSE) -> La date de début du congé/absence doit être postérieure ou égale à la date de début du lien juridique. | BA40: ABS_C_003 | BB40: =VLOOKUP(BA40,'Axe 2 Règles de gestion'!$D$2:$F$146,3, FALSE) -> La date de début du congé/absence doit être antérieure ou égale à la date de fin réelle du congé/absence. | BC40: ABS_C_004 | BD40: =VLOOKUP(BC40,'Axe 2 Règles de gestion'!$D$2:$F$146,3, FALSE) -> La date de début du congé/absence doit être antérieure ou égale à la date de fin prévisionnelle du congé/absence. | BE40: ABS_C_005 | BF40: =VLOOKUP(BE40,'Axe 2 Règles de gestion'!$D$2:$F$146,3, FALSE) -> La date de fin réelle du congé/absence doit être antérieure ou égale à la date limite de fin réelle ou prévisionnelle du lien juridique. | BG40: ABS_C_006 | BH40: =VLOOKUP(BG40,'Axe 2 Règles de gestion'!$D$2:$F$146,3, FALSE) -> La date de fin prévisionnelle du congé/absence doit être antérieure ou égale à la date limite de fin réelle ou prévisionnelle du lien juridique. | BI40: ABS_C_009 | BJ40: =VLOOKUP(BI40,'Axe 2 Règles de gestion'!$D$2:$F$146,3, FALSE) -> La date de fin réelle ou la date de fin prévisionnelle du congé/absence doit être saisie. | BK40: ABS_C_019 | BL40: =VLOOKUP(BK40,'Axe 2 Règles de gestion'!$D$2:$F$146,3, FALSE) -> Si l'absence ne commence pas par une demi-journée et si l'absence précédente ne finit pas par une demi journée, la date de début de l'absence saisie est postérieure à la date de fin réelle de l'absence précédente. | BM40: ABS_C_020 | BN40: =VLOOKUP(BM40,'Axe 2 Règles de gestion'!$D$2:$F$146,3, FALSE) -> Si l'absence ne commence pas par une demi-journée et si l'absence précédente ne finit pas par une demi journée, la date de début de l'absence saisie est postérieure à la date de fin prévisionnelle de l'absence précédente. | BO40: ABS_C_026 | BP40: =VLOOKUP(BO40,'Axe 2 Règles de gestion'!$D$2:$F$146,3, FALSE) -> Dans le cas d'un congé autre que CLM, CLD, CGM et CITIS, l'indicateur de requalification doit être à non et les impacts spécifiques à la requalification ne doivent pas être mobilisés ou l'impact rémunération est vide. | BQ40: ABS_C_010 | BR40: =VLOOKUP(BQ40,'Axe 2 Règles de gestion'!$D$2:$F$146,3, FALSE) -> L'agent doit être en activité.
A41: 23.00.00 | B41: A | C41: 45085.535 | D41: D0007 | E41: Congés/Absence | F41: S0167 | G41: Congés annuels Jours ARTT | H41: E0935 | I41: Congés annuels sans traitement | J41: Type de congé/absence saisi est 'Congés annuels sans traitement' | K41: A_COA_TYCOAB [Saisi] = 'CV012' | L41: T2279 | M41: Congés annuels sans traitement | N41: Création Modification | Q41: Stagiaire ou auditeur ou élève | R41: P0004 | S41: S | T41: Général | U41: Passant | V41: 44927 | X41: CAN_I_011 ET CAN_I_003 ET CAN_I_004 ET CAN_I_005 ET CAN_I_006 ET ABS_C_001 ET ABS_C_003 ET ABS_C_004 ET ABS_C_007 ET ABS_C_008 ET ABS_C_009 ET ABS_C_019 ET ABS_C_020 ET ABS_C_026 ET ABS_C_010 | Y41: CAN_I_011 | Z41: =VLOOKUP(Y41,'Axe 2 Règles de gestion'!$D$2:$F$146,3, FALSE) -> L'agent bénéficie des dispositions applicables aux agents titulaires en service en France pour les jours de congés annuels. | AA41: CAN_I_003 | AB41: =VLOOKUP(AA41,'Axe 2 Règles de gestion'!$D$2:$F$146,3, FALSE) -> L'agent doit être âgé de moins de 21 ans au premier jour de la période de référence et ne doit pas avoir exercé ses fonctions sur la totalité de cette période. | AC41: CAN_I_004 | AD41: =VLOOKUP(AC41,'Axe 2 Règles de gestion'!$D$2:$F$146,3, FALSE) -> Le nombre de jours de congé annuel sans traitement est égal à la différence entre la durée totale du congé annuel et la durée du congé dû au titre des services accomplis. | AE41: CAN_I_005 | AF41: =VLOOKUP(AE41,'Axe 2 Règles de gestion'!$D$2:$F$146,3, FALSE) -> Le calendrier des congés est fixé par le chef du service, après consultation des agents intéressés, compte tenu des fractionnements et échelonnements de congés que l'intérêt du service peut rendre nécessaires. | AG41: CAN_I_006 | AH41: =VLOOKUP(AG41,'Axe 2 Règles de gestion'!$D$2:$F$146,3, FALSE) -> L'agent chargé de famille bénéficie d'une priorité pour le choix des périodes de congés annuels. | AY41: ABS_C_001 | AZ41: =VLOOKUP(AY41,'Axe 2 Règles de gestion'!$D$2:$F$146,3, FALSE) -> La date de début du congé/absence doit être postérieure ou égale à la date de recrutement dans la FPE ou dans la carrière militaire. | BA41: ABS_C_003 | BB41: =VLOOKUP(BA41,'Axe 2 Règles de gestion'!$D$2:$F$146,3, FALSE) -> La date de début du congé/absence doit être antérieure ou égale à la date de fin réelle du congé/absence. | BC41: ABS_C_004 | BD41: =VLOOKUP(BC41,'Axe 2 Règles de gestion'!$D$2:$F$146,3, FALSE) -> La date de début du congé/absence doit être antérieure ou égale à la date de fin prévisionnelle du congé/absence. | BE41: ABS_C_007 | BF41: =VLOOKUP(BE41,'Axe 2 Règles de gestion'!$D$2:$F$146,3, FALSE) -> La date de fin réelle du congé/absence doit être antérieure à la date limite de départ à la retraite. | BG41: ABS_C_008 | BH41: =VLOOKUP(BG41,'Axe 2 Règles de gestion'!$D$2:$F$146,3, FALSE) -> La date de fin prévisionnelle du congé/absence doit être antérieure à la date limite de départ à la retraite. | BI41: ABS_C_009 | BJ41: =VLOOKUP(BI41,'Axe 2 Règles de gestion'!$D$2:$F$146,3, FALSE) -> La date de fin réelle ou la date de fin prévisionnelle du congé/absence doit être saisie. | BK41: ABS_C_019 | BL41: =VLOOKUP(BK41,'Axe 2 Règles de gestion'!$D$2:$F$146,3, FALSE) -> Si l'absence ne commence pas par une demi-journée et si l'absence précédente ne finit pas par une demi journée, la date de début de l'absence saisie est postérieure à la date de fin réelle de l'absence précédente. | BM41: ABS_C_020 | BN41: =VLOOKUP(BM41,'Axe 2 Règles de gestion'!$D$2:$F$146,3, FALSE) -> Si l'absence ne commence pas par une demi-journée et si l'absence précédente ne finit pas par une demi journée, la date de début de l'absence saisie est postérieure à la date de fin prévisionnelle de l'absence précédente. | BO41: ABS_C_026 | BP41: =VLOOKUP(BO41,'Axe 2 Règles de gestion'!$D$2:$F$146,3, FALSE) -> Dans le cas d'un congé autre que CLM, CLD, CGM et CITIS, l'indicateur de requalification doit être à non et les impacts spécifiques à la requalification ne doivent pas être mobilisés ou l'impact rémunération est vide. | BQ41: ABS_C_010 | BR41: =VLOOKUP(BQ41,'Axe 2 Règles de gestion'!$D$2:$F$146,3, FALSE) -> L'agent doit être en activité.
A42: 23.00.00 | B42: A | C42: 45085.535 | D42: D0007 | E42: Congés/Absence | F42: S0167 | G42: Congés annuels Jours ARTT | H42: E0935 | I42: Congés annuels sans traitement | J42: Type de congé/absence saisi est 'Congés annuels sans traitement' | K42: A_COA_TYCOAB [Saisi] = 'CV012' | L42: T2279 | M42: Congés annuels sans traitement | N42: Création Modification | Q42: Ouvrier d'état | R42: P0005 | S42: O | T42: Général | U42: Passant | V42: 44927 | X42: ABS_C_002 ET ABS_C_003 ET ABS_C_004 ET ABS_C_005 ET ABS_C_006 ET ABS_C_009 ET ABS_C_019 ET ABS_C_020 ET ABS_C_026 ET ABS_C_010 | AY42: ABS_C_002 | AZ42: =VLOOKUP(AY42,'Axe 2 Règles de gestion'!$D$2:$F$146,3, FALSE) -> La date de début du congé/absence doit être postérieure ou égale à la date de début du lien juridique. | BA42: ABS_C_003 | BB42: =VLOOKUP(BA42,'Axe 2 Règles de gestion'!$D$2:$F$146,3, FALSE) -> La date de début du congé/absence doit être antérieure ou égale à la date de fin réelle du congé/absence. | BC42: ABS_C_004 | BD42: =VLOOKUP(BC42,'Axe 2 Règles de gestion'!$D$2:$F$146,3, FALSE) -> La date de début du congé/absence doit être antérieure ou égale à la date de fin prévisionnelle du congé/absence. | BE42: ABS_C_005 | BF42: =VLOOKUP(BE42,'Axe 2 Règles de gestion'!$D$2:$F$146,3, FALSE) -> La date de fin réelle du congé/absence doit être antérieure ou égale à la date limite de fin réelle ou prévisionnelle du lien juridique. | BG42: ABS_C_006 | BH42: =VLOOKUP(BG42,'Axe 2 Règles de gestion'!$D$2:$F$146,3, FALSE) -> La date de fin prévisionnelle du congé/absence doit être antérieure ou égale à la date limite de fin réelle ou prévisionnelle du lien juridique. | BI42: ABS_C_009 | BJ42: =VLOOKUP(BI42,'Axe 2 Règles de gestion'!$D$2:$F$146,3, FALSE) -> La date de fin réelle ou la date de fin prévisionnelle du congé/absence doit être saisie. | BK42: ABS_C_019 | BL42: =VLOOKUP(BK42,'Axe 2 Règles de gestion'!$D$2:$F$146,3, FALSE) -> Si l'absence ne commence pas par une demi-journée et si l'absence précédente ne finit pas par une demi journée, la date de début de l'absence saisie est postérieure à la date de fin réelle de l'absence précédente. | BM42: ABS_C_020 | BN42: =VLOOKUP(BM42,'Axe 2 Règles de gestion'!$D$2:$F$146,3, FALSE) -> Si l'absence ne commence pas par une demi-journée et si l'absence précédente ne finit pas par une demi journée, la date de début de l'absence saisie est postérieure à la date de fin prévisionnelle de l'absence précédente. | BO42: ABS_C_026 | BP42: =VLOOKUP(BO42,'Axe 2 Règles de gestion'!$D$2:$F$146,3, FALSE) -> Dans le cas d'un congé autre que CLM, CLD, CGM et CITIS, l'indicateur de requalification doit être à non et les impacts spécifiques à la requalification ne doivent pas être mobilisés ou l'impact rémunération est vide. | BQ42: ABS_C_010 | BR42: =VLOOKUP(BQ42,'Axe 2 Règles de gestion'!$D$2:$F$146,3, FALSE) -> L'agent doit être en activité.
A43: 23.00.00 | B43: A | C43: 45085.535 | D43: D0007 | E43: Congés/Absence | F43: S0167 | G43: Congés annuels Jours ARTT | H43: E0935 | I43: Congés annuels sans traitement | J43: Type de congé/absence saisi est 'Congés annuels sans traitement' | K43: A_COA_TYCOAB [Saisi] = 'CV012' | L43: T2279 | M43: Congés annuels sans traitement | N43: Création Modification | Q43: Expert technique international | R43: P0018 | S43: N | T43: Particulier | U43: Exclu | V43: 44927
A44: 23.00.00 | B44: A | C44: 45085.535 | D44: D0007 | E44: Congés/Absence | F44: S0167 | G44: Congés annuels Jours ARTT | H44: E0935 | I44: Congés annuels sans traitement | J44: Type de congé/absence saisi est 'Congés annuels sans traitement' | K44: A_COA_TYCOAB [Saisi] = 'CV012' | L44: T2279 | M44: Congés annuels sans traitement | N44: Création Modification | Q44: Personnel civil payé à l'acte ou à la tâche | R44: P0054 | S44: N | T44: Particulier | U44: Exclu | V44: 44927
A45: 23.00.00 | B45: A | C45: 45085.535 | D45: D0007 | E45: Congés/Absence | F45: S0167 | G45: Congés annuels Jours ARTT | H45: E0935 | I45: Congés annuels sans traitement | J45: Type de congé/absence saisi est 'Congés annuels sans traitement' | K45: A_COA_TYCOAB [Saisi] = 'CV012' | L45: T2279 | M45: Congés annuels sans traitement | N45: Création Modification | Q45: Contractuel de droit privé | R45: P0072 | S45: N | T45: Particulier | U45: Exclu | V45: 44927
A46: 23.00.00 | B46: A | C46: 45085.536 | D46: D0007 | E46: Congés/Absence | F46: S0167 | G46: Congés annuels Jours ARTT | H46: E0935 | I46: Congés annuels sans traitement | J46: Type de congé/absence saisi est 'Congés annuels sans traitement' | K46: A_COA_TYCOAB [Saisi] = 'CV012' | L46: T2279 | M46: Congés annuels sans traitement | N46: Création Modification | Q46: Enseignant contractuel de l'enseignement agricole privé sous contrat non définitif - Agriculture | R46: P0078 | S46: N | T46: Particulier | U46: Passant | V46: 44927 | X46: CAN_I_013 ET CAN_I_003 ET CAN_I_004 ET CAN_I_005 ET CAN_I_006 ET ABS_C_002 ET ABS_C_003 ET ABS_C_004 ET ABS_C_005 ET ABS_C_006 ET ABS_C_009 ET ABS_C_019 ET ABS_C_020 ET ABS_C_026 ET ABS_C_010 | Y46: CAN_I_013 | Z46: =VLOOKUP(Y46,'Axe 2 Règles de gestion'!$D$2:$F$146,3, FALSE) -> L'agent bénéficie des dispositions applicables aux agents titulaires en service en France pour les jours de congés annuels. | AA46: CAN_I_003 | AB46: =VLOOKUP(AA46,'Axe 2 Règles de gestion'!$D$2:$F$146,3, FALSE) -> L'agent doit être âgé de moins de 21 ans au premier jour de la période de référence et ne doit pas avoir exercé ses fonctions sur la totalité de cette période. | AC46: CAN_I_004 | AD46: =VLOOKUP(AC46,'Axe 2 Règles de gestion'!$D$2:$F$146,3, FALSE) -> Le nombre de jours de congé annuel sans traitement est égal à la différence entre la durée totale du congé annuel et la durée du congé dû au titre des services accomplis. | AE46: CAN_I_005 | AF46: =VLOOKUP(AE46,'Axe 2 Règles de gestion'!$D$2:$F$146,3, FALSE) -> Le calendrier des congés est fixé par le chef du service, après consultation des agents intéressés, compte tenu des fractionnements et échelonnements de congés que l'intérêt du service peut rendre nécessaires. | AG46: CAN_I_006 | AH46: =VLOOKUP(AG46,'Axe 2 Règles de gestion'!$D$2:$F$146,3, FALSE) -> L'agent chargé de famille bénéficie d'une priorité pour le choix des périodes de congés annuels. | AY46: ABS_C_002 | AZ46: =VLOOKUP(AY46,'Axe 2 Règles de gestion'!$D$2:$F$146,3, FALSE) -> La date de début du congé/absence doit être postérieure ou égale à la date de début du lien juridique. | BA46: ABS_C_003 | BB46: =VLOOKUP(BA46,'Axe 2 Règles de gestion'!$D$2:$F$146,3, FALSE) -> La date de début du congé/absence doit être antérieure ou égale à la date de fin réelle du congé/absence. | BC46: ABS_C_004 | BD46: =VLOOKUP(BC46,'Axe 2 Règles de gestion'!$D$2:$F$146,3, FALSE) -> La date de début du congé/absence doit être antérieure ou égale à la date de fin prévisionnelle du congé/absence. | BE46: ABS_C_005 | BF46: =VLOOKUP(BE46,'Axe 2 Règles de gestion'!$D$2:$F$146,3, FALSE) -> La date de fin réelle du congé/absence doit être antérieure ou égale à la date limite de fin réelle ou prévisionnelle du lien juridique. | BG46: ABS_C_006 | BH46: =VLOOKUP(BG46,'Axe 2 Règles de gestion'!$D$2:$F$146,3, FALSE) -> La date de fin prévisionnelle du congé/absence doit être antérieure ou égale à la date limite de fin réelle ou prévisionnelle du lien juridique. | BI46: ABS_C_009 | BJ46: =VLOOKUP(BI46,'Axe 2 Règles de gestion'!$D$2:$F$146,3, FALSE) -> La date de fin réelle ou la date de fin prévisionnelle du congé/absence doit être saisie. | BK46: ABS_C_019 | BL46: =VLOOKUP(BK46,'Axe 2 Règles de gestion'!$D$2:$F$146,3, FALSE) -> Si l'absence ne commence pas par une demi-journée et si l'absence précédente ne finit pas par une demi journée, la date de début de l'absence saisie est postérieure à la date de fin réelle de l'absence précédente. | BM46: ABS_C_020 | BN46: =VLOOKUP(BM46,'Axe 2 Règles de gestion'!$D$2:$F$146,3, FALSE) -> Si l'absence ne commence pas par une demi-journée et si l'absence précédente ne finit pas par une demi journée, la date de début de l'absence saisie est postérieure à la date de fin prévisionnelle de l'absence précédente. | BO46: ABS_C_026 | BP46: =VLOOKUP(BO46,'Axe 2 Règles de gestion'!$D$2:$F$146,3, FALSE) -> Dans le cas d'un congé autre que CLM, CLD, CGM et CITIS, l'indicateur de requalification doit être à non et les impacts spécifiques à la requalification ne doivent pas être mobilisés ou l'impact rémunération est vide. | BQ46: ABS_C_010 | BR46: =VLOOKUP(BQ46,'Axe 2 Règles de gestion'!$D$2:$F$146,3, FALSE) -> L'agent doit être en activité.
A47: 23.00.00 | B47: A | C47: 45085.537 | D47: D0007 | E47: Congés/Absence | F47: S0167 | G47: Congés annuels Jours ARTT | H47: E0935 | I47: Congés annuels sans traitement | J47: Type de congé/absence saisi est 'Congés annuels sans traitement' | K47: A_COA_TYCOAB [Saisi] = 'CV012' | L47: T2279 | M47: Congés annuels sans traitement | N47: Création Modification | Q47: Enseignant contractuel de l'enseignement agricole privé sous contrat définitif - Agriculture | R47: P0079 | S47: N | T47: Particulier | U47: Passant | V47: 44927 | X47: CAN_I_014 ET CAN_I_003 ET CAN_I_004 ET CAN_I_005 ET CAN_I_006 ET ABS_C_002 ET ABS_C_003 ET ABS_C_004 ET ABS_C_005 ET ABS_C_006 ET ABS_C_009 ET ABS_C_019 ET ABS_C_020 ET ABS_C_026 ET ABS_C_010 | Y47: CAN_I_014 | Z47: =VLOOKUP(Y47,'Axe 2 Règles de gestion'!$D$2:$F$146,3, FALSE) -> L'agent bénéficie des dispositions applicables aux agents titulaires en service en France pour les jours de congés annuels. | AA47: CAN_I_003 | AB47: =VLOOKUP(AA47,'Axe 2 Règles de gestion'!$D$2:$F$146,3, FALSE) -> L'agent doit être âgé de moins de 21 ans au premier jour de la période de référence et ne doit pas avoir exercé ses fonctions sur la totalité de cette période. | AC47: CAN_I_004 | AD47: =VLOOKUP(AC47,'Axe 2 Règles de gestion'!$D$2:$F$146,3, FALSE) -> Le nombre de jours de congé annuel sans traitement est égal à la différence entre la durée totale du congé annuel et la durée du congé dû au titre des services accomplis. | AE47: CAN_I_005 | AF47: =VLOOKUP(AE47,'Axe 2 Règles de gestion'!$D$2:$F$146,3, FALSE) -> Le calendrier des congés est fixé par le chef du service, après consultation des agents intéressés, compte tenu des fractionnements et échelonnements de congés que l'intérêt du service peut rendre nécessaires. | AG47: CAN_I_006 | AH47: =VLOOKUP(AG47,'Axe 2 Règles de gestion'!$D$2:$F$146,3, FALSE) -> L'agent chargé de famille bénéficie d'une priorité pour le choix des périodes de congés annuels. | AY47: ABS_C_002 | AZ47: =VLOOKUP(AY47,'Axe 2 Règles de gestion'!$D$2:$F$146,3, FALSE) -> La date de début du congé/absence doit être postérieure ou égale à la date de début du lien juridique. | BA47: ABS_C_003 | BB47: =VLOOKUP(BA47,'Axe 2 Règles de gestion'!$D$2:$F$146,3, FALSE) -> La date de début du congé/absence doit être antérieure ou égale à la date de fin réelle du congé/absence. | BC47: ABS_C_004 | BD47: =VLOOKUP(BC47,'Axe 2 Règles de gestion'!$D$2:$F$146,3, FALSE) -> La date de début du congé/absence doit être antérieure ou égale à la date de fin prévisionnelle du congé/absence. | BE47: ABS_C_005 | BF47: =VLOOKUP(BE47,'Axe 2 Règles de gestion'!$D$2:$F$146,3, FALSE) -> La date de fin réelle du congé/absence doit être antérieure ou égale à la date limite de fin réelle ou prévisionnelle du lien juridique. | BG47: ABS_C_006 | BH47: =VLOOKUP(BG47,'Axe 2 Règles de gestion'!$D$2:$F$146,3, FALSE) -> La date de fin prévisionnelle du congé/absence doit être antérieure ou égale à la date limite de fin réelle ou prévisionnelle du lien juridique. | BI47: ABS_C_009 | BJ47: =VLOOKUP(BI47,'Axe 2 Règles de gestion'!$D$2:$F$146,3, FALSE) -> La date de fin réelle ou la date de fin prévisionnelle du congé/absence doit être saisie. | BK47: ABS_C_019 | BL47: =VLOOKUP(BK47,'Axe 2 Règles de gestion'!$D$2:$F$146,3, FALSE) -> Si l'absence ne commence pas par une demi-journée et si l'absence précédente ne finit pas par une demi journée, la date de début de l'absence saisie est postérieure à la date de fin réelle de l'absence précédente. | BM47: ABS_C_020 | BN47: =VLOOKUP(BM47,'Axe 2 Règles de gestion'!$D$2:$F$146,3, FALSE) -> Si l'absence ne commence pas par une demi-journée et si l'absence précédente ne finit pas par une demi journée, la date de début de l'absence saisie est postérieure à la date de fin prévisionnelle de l'absence précédente. | BO47: ABS_C_026 | BP47: =VLOOKUP(BO47,'Axe 2 Règles de gestion'!$D$2:$F$146,3, FALSE) -> Dans le cas d'un congé autre que CLM, CLD, CGM et CITIS, l'indicateur de requalification doit être à non et les impacts spécifiques à la requalification ne doivent pas être mobilisés ou l'impact rémunération est vide. | BQ47: ABS_C_010 | BR47: =VLOOKUP(BQ47,'Axe 2 Règles de gestion'!$D$2:$F$146,3, FALSE) -> L'agent doit être en activité.
A48: 25.10.00 | B48: A | C48: 45994.412 | D48: D0007 | E48: Congés/Absence | F48: S0167 | G48: Congés annuels Jours ARTT | H48: E0935 | I48: Congés annuels sans traitement | J48: Type de congé/absence saisi est 'Congés annuels sans traitement' | K48: A_COA_TYCOAB [Saisi] = 'CV012' | L48: T2279 | M48: Congés annuels sans traitement | N48: Création Modification | Q48: Ouvrier des parcs et ateliers confirmé ou stagiaire | R48: P0143 | S48: O | T48: Particulier | U48: Passant | V48: 45901 | X48: CAN_I_069 ET CAN_I_003 ET CAN_I_004 ET CAN_I_005 ET CAN_I_006 ET ABS_C_001 ET ABS_C_003 ET ABS_C_004 ET ABS_C_007 ET ABS_C_008 ET ABS_C_009 ET ABS_C_019 ET ABS_C_020 ET ABS_C_026 ET ABS_C_010 | Y48: CAN_I_069 | Z48: =VLOOKUP(Y48,'Axe 2 Règles de gestion'!$D$2:$F$146,3, FALSE) -> L'agent bénéficie des dispositions applicables aux agents titulaires en service en France pour les jours de congés annuels. | AA48: CAN_I_003 | AB48: =VLOOKUP(AA48,'Axe 2 Règles de gestion'!$D$2:$F$146,3, FALSE) -> L'agent doit être âgé de moins de 21 ans au premier jour de la période de référence et ne doit pas avoir exercé ses fonctions sur la totalité de cette période. | AC48: CAN_I_004 | AD48: =VLOOKUP(AC48,'Axe 2 Règles de gestion'!$D$2:$F$146,3, FALSE) -> Le nombre de jours de congé annuel sans traitement est égal à la différence entre la durée totale du congé annuel et la durée du congé dû au titre des services accomplis. | AE48: CAN_I_005 | AF48: =VLOOKUP(AE48,'Axe 2 Règles de gestion'!$D$2:$F$146,3, FALSE) -> Le calendrier des congés est fixé par le chef du service, après consultation des agents intéressés, compte tenu des fractionnements et échelonnements de congés que l'intérêt du service peut rendre nécessaires. | AG48: CAN_I_006 | AH48: =VLOOKUP(AG48,'Axe 2 Règles de gestion'!$D$2:$F$146,3, FALSE) -> L'agent chargé de famille bénéficie d'une priorité pour le choix des périodes de congés annuels. | AY48: ABS_C_001 | AZ48: =VLOOKUP(AY48,'Axe 2 Règles de gestion'!$D$2:$F$146,3, FALSE) -> La date de début du congé/absence doit être postérieure ou égale à la date de recrutement dans la FPE ou dans la carrière militaire. | BA48: ABS_C_003 | BB48: =VLOOKUP(BA48,'Axe 2 Règles de gestion'!$D$2:$F$146,3, FALSE) -> La date de début du congé/absence doit être antérieure ou égale à la date de fin réelle du congé/absence. | BC48: ABS_C_004 | BD48: =VLOOKUP(BC48,'Axe 2 Règles de gestion'!$D$2:$F$146,3, FALSE) -> La date de début du congé/absence doit être antérieure ou égale à la date de fin prévisionnelle du congé/absence. | BE48: ABS_C_007 | BF48: =VLOOKUP(BE48,'Axe 2 Règles de gestion'!$D$2:$F$146,3, FALSE) -> La date de fin réelle du congé/absence doit être antérieure à la date limite de départ à la retraite. | BG48: ABS_C_008 | BH48: =VLOOKUP(BG48,'Axe 2 Règles de gestion'!$D$2:$F$146,3, FALSE) -> La date de fin prévisionnelle du congé/absence doit être antérieure à la date limite de départ à la retraite. | BI48: ABS_C_009 | BJ48: =VLOOKUP(BI48,'Axe 2 Règles de gestion'!$D$2:$F$146,3, FALSE) -> La date de fin réelle ou la date de fin prévisionnelle du congé/absence doit être saisie. | BK48: ABS_C_019 | BL48: =VLOOKUP(BK48,'Axe 2 Règles de gestion'!$D$2:$F$146,3, FALSE) -> Si l'absence ne commence pas par une demi-journée et si l'absence précédente ne finit pas par une demi journée, la date de début de l'absence saisie est postérieure à la date de fin réelle de l'absence précédente. | BM48: ABS_C_020 | BN48: =VLOOKUP(BM48,'Axe 2 Règles de gestion'!$D$2:$F$146,3, FALSE) -> Si l'absence ne commence pas par une demi-journée et si l'absence précédente ne finit pas par une demi journée, la date de début de l'absence saisie est postérieure à la date de fin prévisionnelle de l'absence précédente. | BO48: ABS_C_026 | BP48: =VLOOKUP(BO48,'Axe 2 Règles de gestion'!$D$2:$F$146,3, FALSE) -> Dans le cas d'un congé autre que CLM, CLD, CGM et CITIS, l'indicateur de requalification doit être à non et les impacts spécifiques à la requalification ne doivent pas être mobilisés ou l'impact rémunération est vide. | BQ48: ABS_C_010 | BR48: =VLOOKUP(BQ48,'Axe 2 Règles de gestion'!$D$2:$F$146,3, FALSE) -> L'agent doit être en activité.
A49: 23.00.00 | B49: A | C49: 45085.537 | D49: D0007 | E49: Congés/Absence | F49: S0167 | G49: Congés annuels Jours ARTT | H49: E0935 | I49: Congés annuels sans traitement | J49: Type de congé/absence saisi est 'Congés annuels sans traitement' | K49: A_COA_TYCOAB [Saisi] = 'CV012' | L49: T2279 | M49: Congés annuels sans traitement | N49: Création Modification | Q49: Volontaire International | R49: P0178 | S49: N | T49: Particulier | U49: Exclu | V49: 44927
A50: 23.00.00 | B50: A | C50: 45085.537 | D50: D0007 | E50: Congés/Absence | F50: S0167 | G50: Congés annuels Jours ARTT | H50: E0935 | I50: Congés annuels sans traitement | J50: Type de congé/absence saisi est 'Congés annuels sans traitement' | K50: A_COA_TYCOAB [Saisi] = 'CV012' | L50: T2279 | M50: Congés annuels sans traitement | N50: Création Modification | Q50: Volontaire de service civique outre-mer | R50: P0179 | S50: N | T50: Particulier | U50: Exclu | V50: 44927
A51: 23.00.00 | B51: A | C51: 45085.537 | D51: D0007 | E51: Congés/Absence | F51: S0167 | G51: Congés annuels Jours ARTT | H51: E0935 | I51: Congés annuels sans traitement | J51: Type de congé/absence saisi est 'Congés annuels sans traitement' | K51: A_COA_TYCOAB [Saisi] = 'CV012' | L51: T2279 | M51: Congés annuels sans traitement | N51: Création Modification | Q51: Ouvrier de la défense ou assimilé | R51: P0197 | S51: O | T51: Particulier | U51: Passant | V51: 44927 | X51: CAN_I_028 ET CAN_I_029 ET ABS_C_002 ET ABS_C_003 ET ABS_C_004 ET ABS_C_005 ET ABS_C_006 ET ABS_C_009 ET ABS_C_019 ET ABS_C_020 ET ABS_C_026 ET ABS_C_010 | Y51: CAN_I_028 | Z51: =VLOOKUP(Y51,'Axe 2 Règles de gestion'!$D$2:$F$146,3, FALSE) -> L'agent doit être âgé de moins de 21 ans au premier jour de la période de référence et ne doit pas avoir exercé ses fonctions sur la totalité de cette période. | AA51: CAN_I_029 | AB51: =VLOOKUP(AA51,'Axe 2 Règles de gestion'!$D$2:$F$146,3, FALSE) -> Le nombre de jours de congé annuel sans traitement est égal à la différence entre la durée totale du congé annuel et la durée du congé dû au titre des services accomplis. | AY51: ABS_C_002 | AZ51: =VLOOKUP(AY51,'Axe 2 Règles de gestion'!$D$2:$F$146,3, FALSE) -> La date de début du congé/absence doit être postérieure ou égale à la date de début du lien juridique. | BA51: ABS_C_003 | BB51: =VLOOKUP(BA51,'Axe 2 Règles de gestion'!$D$2:$F$146,3, FALSE) -> La date de début du congé/absence doit être antérieure ou égale à la date de fin réelle du congé/absence. | BC51: ABS_C_004 | BD51: =VLOOKUP(BC51,'Axe 2 Règles de gestion'!$D$2:$F$146,3, FALSE) -> La date de début du congé/absence doit être antérieure ou égale à la date de fin prévisionnelle du congé/absence. | BE51: ABS_C_005 | BF51: =VLOOKUP(BE51,'Axe 2 Règles de gestion'!$D$2:$F$146,3, FALSE) -> La date de fin réelle du congé/absence doit être antérieure ou égale à la date limite de fin réelle ou prévisionnelle du lien juridique. | BG51: ABS_C_006 | BH51: =VLOOKUP(BG51,'Axe 2 Règles de gestion'!$D$2:$F$146,3, FALSE) -> La date de fin prévisionnelle du congé/absence doit être antérieure ou égale à la date limite de fin réelle ou prévisionnelle du lien juridique. | BI51: ABS_C_009 | BJ51: =VLOOKUP(BI51,'Axe 2 Règles de gestion'!$D$2:$F$146,3, FALSE) -> La date de fin réelle ou la date de fin prévisionnelle du congé/absence doit être saisie. | BK51: ABS_C_019 | BL51: =VLOOKUP(BK51,'Axe 2 Règles de gestion'!$D$2:$F$146,3, FALSE) -> Si l'absence ne commence pas par une demi-journée et si l'absence précédente ne finit pas par une demi journée, la date de début de l'absence saisie est postérieure à la date de fin réelle de l'absence précédente. | BM51: ABS_C_020 | BN51: =VLOOKUP(BM51,'Axe 2 Règles de gestion'!$D$2:$F$146,3, FALSE) -> Si l'absence ne commence pas par une demi-journée et si l'absence précédente ne finit pas par une demi journée, la date de début de l'absence saisie est postérieure à la date de fin prévisionnelle de l'absence précédente. | BO51: ABS_C_026 | BP51: =VLOOKUP(BO51,'Axe 2 Règles de gestion'!$D$2:$F$146,3, FALSE) -> Dans le cas d'un congé autre que CLM, CLD, CGM et CITIS, l'indicateur de requalification doit être à non et les impacts spécifiques à la requalification ne doivent pas être mobilisés ou l'impact rémunération est vide. | BQ51: ABS_C_010 | BR51: =VLOOKUP(BQ51,'Axe 2 Règles de gestion'!$D$2:$F$146,3, FALSE) -> L'agent doit être en activité.
A52: 23.10.00 | B52: A | C52: 45225.478 | D52: D0007 | E52: Congés/Absence | F52: S0167 | G52: Congés annuels Jours ARTT | H52: E0936 | I52: Aménagement et réduction du temps de travail (Jours ARTT) | J52: Type de congé/absence saisi est 'Jours ARTT' | K52: A_COA_TYCOAB [Saisi] = 'CV002' | L52: T2280 | M52: Aménagement et réduction du temps de travail (Jours ARTT) | N52: Création Modification | Q52: Titulaire ou magistrat | R52: P0001 | S52: T | T52: Général | U52: Passant | V52: 44927 | X52: RTT_I_001 ET RTT_I_002 ET RTT_I_003 ET ABS_C_001 ET ABS_C_003 ET ABS_C_004 ET ABS_C_007 ET ABS_C_008 ET ABS_C_009 ET ABS_C_019 ET ABS_C_020 ET ABS_C_021 | Y52: RTT_I_001 | Z52: =VLOOKUP(Y52,'Axe 2 Règles de gestion'!$D$2:$F$146,3, FALSE) -> L'agent qui effectue un nombre d'heures de travail effectif supérieur à la durée légale du travail (soit 1607 heures annuelles ou 35 heures hebdomadaires) bénéficie de jours de réduction du temps de travail. | AA52: RTT_I_002 | AB52: =VLOOKUP(AA52,'Axe 2 Règles de gestion'!$D$2:$F$146,3, FALSE) -> Les périodes au cours desquelles l'agent est absent pour raisons de santé ne générent pas de droits à des jours de RTT. | AC52: RTT_I_003 | AD52: =VLOOKUP(AC52,'Axe 2 Règles de gestion'!$D$2:$F$146,3, FALSE) -> L'agent dont le corps est soumis à un statut particulier prévoyant un régime d'obligation de service n'est pas éligible aux jours d'aménagement et de réduction du temps de travail. | AY52: ABS_C_001 | AZ52: =VLOOKUP(AY52,'Axe 2 Règles de gestion'!$D$2:$F$146,3, FALSE) -> La date de début du congé/absence doit être postérieure ou égale à la date de recrutement dans la FPE ou dans la carrière militaire. | BA52: ABS_C_003 | BB52: =VLOOKUP(BA52,'Axe 2 Règles de gestion'!$D$2:$F$146,3, FALSE) -> La date de début du congé/absence doit être antérieure ou égale à la date de fin réelle du congé/absence. | BC52: ABS_C_004 | BD52: =VLOOKUP(BC52,'Axe 2 Règles de gestion'!$D$2:$F$146,3, FALSE) -> La date de début du congé/absence doit être antérieure ou égale à la date de fin prévisionnelle du congé/absence. | BE52: ABS_C_007 | BF52: =VLOOKUP(BE52,'Axe 2 Règles de gestion'!$D$2:$F$146,3, FALSE) -> La date de fin réelle du congé/absence doit être antérieure à la date limite de départ à la retraite. | BG52: ABS_C_008 | BH52: =VLOOKUP(BG52,'Axe 2 Règles de gestion'!$D$2:$F$146,3, FALSE) -> La date de fin prévisionnelle du congé/absence doit être antérieure à la date limite de départ à la retraite. | BI52: ABS_C_009 | BJ52: =VLOOKUP(BI52,'Axe 2 Règles de gestion'!$D$2:$F$146,3, FALSE) -> La date de fin réelle ou la date de fin prévisionnelle du congé/absence doit être saisie. | BK52: ABS_C_019 | BL52: =VLOOKUP(BK52,'Axe 2 Règles de gestion'!$D$2:$F$146,3, FALSE) -> Si l'absence ne commence pas par une demi-journée et si l'absence précédente ne finit pas par une demi journée, la date de début de l'absence saisie est postérieure à la date de fin réelle de l'absence précédente. | BM52: ABS_C_020 | BN52: =VLOOKUP(BM52,'Axe 2 Règles de gestion'!$D$2:$F$146,3, FALSE) -> Si l'absence ne commence pas par une demi-journée et si l'absence précédente ne finit pas par une demi journée, la date de début de l'absence saisie est postérieure à la date de fin prévisionnelle de l'absence précédente. | BO52: ABS_C_021 | BP52: =VLOOKUP(BO52,'Axe 2 Règles de gestion'!$D$2:$F$146,3, FALSE) -> Dans le cas d'un CLD, le numéro de pathologie doit être saisi.
A53: 24.10.00 | B53: A | C53: 45561.415 | D53: D0007 | E53: Congés/Absence | F53: S0167 | G53: Congés annuels Jours ARTT | H53: E0936 | I53: Aménagement et réduction du temps de travail (Jours ARTT) | J53: Type de congé/absence saisi est 'Jours ARTT' | K53: A_COA_TYCOAB [Saisi] = 'CV002' | L53: T2280 | M53: Aménagement et réduction du temps de travail (Jours ARTT) | N53: Création Modification | Q53: Militaire | R53: P0002 | S53: M | T53: Général | U53: Exclu | V53: 44927
A54: 23.10.00 | B54: A | C54: 45225.478 | D54: D0007 | E54: Congés/Absence | F54: S0167 | G54: Congés annuels Jours ARTT | H54: E0936 | I54: Aménagement et réduction du temps de travail (Jours ARTT) | J54: Type de congé/absence saisi est 'Jours ARTT' | K54: A_COA_TYCOAB [Saisi] = 'CV002' | L54: T2280 | M54: Aménagement et réduction du temps de travail (Jours ARTT) | N54: Création Modification | Q54: Contractuel | R54: P0003 | S54: N | T54: Général | U54: Passant | V54: 44927 | X54: RTT_I_001 ET RTT_I_002 ET RTT_I_003 ET ABS_C_002 ET ABS_C_003 ET ABS_C_004 ET ABS_C_005 ET ABS_C_006 ET ABS_C_009 ET ABS_C_019 ET ABS_C_020 ET ABS_C_021 | Y54: RTT_I_001 | Z54: =VLOOKUP(Y54,'Axe 2 Règles de gestion'!$D$2:$F$146,3, FALSE) -> L'agent qui effectue un nombre d'heures de travail effectif supérieur à la durée légale du travail (soit 1607 heures annuelles ou 35 heures hebdomadaires) bénéficie de jours de réduction du temps de travail. | AA54: RTT_I_002 | AB54: =VLOOKUP(AA54,'Axe 2 Règles de gestion'!$D$2:$F$146,3, FALSE) -> Les périodes au cours desquelles l'agent est absent pour raisons de santé ne générent pas de droits à des jours de RTT. | AC54: RTT_I_003 | AD54: =VLOOKUP(AC54,'Axe 2 Règles de gestion'!$D$2:$F$146,3, FALSE) -> L'agent dont le corps est soumis à un statut particulier prévoyant un régime d'obligation de service n'est pas éligible aux jours d'aménagement et de réduction du temps de travail. | AY54: ABS_C_002 | AZ54: =VLOOKUP(AY54,'Axe 2 Règles de gestion'!$D$2:$F$146,3, FALSE) -> La date de début du congé/absence doit être postérieure ou égale à la date de début du lien juridique. | BA54: ABS_C_003 | BB54: =VLOOKUP(BA54,'Axe 2 Règles de gestion'!$D$2:$F$146,3, FALSE) -> La date de début du congé/absence doit être antérieure ou égale à la date de fin réelle du congé/absence. | BC54: ABS_C_004 | BD54: =VLOOKUP(BC54,'Axe 2 Règles de gestion'!$D$2:$F$146,3, FALSE) -> La date de début du congé/absence doit être antérieure ou égale à la date de fin prévisionnelle du congé/absence. | BE54: ABS_C_005 | BF54: =VLOOKUP(BE54,'Axe 2 Règles de gestion'!$D$2:$F$146,3, FALSE) -> La date de fin réelle du congé/absence doit être antérieure ou égale à la date limite de fin réelle ou prévisionnelle du lien juridique. | BG54: ABS_C_006 | BH54: =VLOOKUP(BG54,'Axe 2 Règles de gestion'!$D$2:$F$146,3, FALSE) -> La date de fin prévisionnelle du congé/absence doit être antérieure ou égale à la date limite de fin réelle ou prévisionnelle du lien juridique. | BI54: ABS_C_009 | BJ54: =VLOOKUP(BI54,'Axe 2 Règles de gestion'!$D$2:$F$146,3, FALSE) -> La date de fin réelle ou la date de fin prévisionnelle du congé/absence doit être saisie. | BK54: ABS_C_019 | BL54: =VLOOKUP(BK54,'Axe 2 Règles de gestion'!$D$2:$F$146,3, FALSE) -> Si l'absence ne commence pas par une demi-journée et si l'absence précédente ne finit pas par une demi journée, la date de début de l'absence saisie est postérieure à la date de fin réelle de l'absence précédente. | BM54: ABS_C_020 | BN54: =VLOOKUP(BM54,'Axe 2 Règles de gestion'!$D$2:$F$146,3, FALSE) -> Si l'absence ne commence pas par une demi-journée et si l'absence précédente ne finit pas par une demi journée, la date de début de l'absence saisie est postérieure à la date de fin prévisionnelle de l'absence précédente. | BO54: ABS_C_021 | BP54: =VLOOKUP(BO54,'Axe 2 Règles de gestion'!$D$2:$F$146,3, FALSE) -> Dans le cas d'un CLD, le numéro de pathologie doit être saisi.
A55: 23.10.00 | B55: A | C55: 45225.478 | D55: D0007 | E55: Congés/Absence | F55: S0167 | G55: Congés annuels Jours ARTT | H55: E0936 | I55: Aménagement et réduction du temps de travail (Jours ARTT) | J55: Type de congé/absence saisi est 'Jours ARTT' | K55: A_COA_TYCOAB [Saisi] = 'CV002' | L55: T2280 | M55: Aménagement et réduction du temps de travail (Jours ARTT) | N55: Création Modification | Q55: Stagiaire ou auditeur ou élève | R55: P0004 | S55: S | T55: Général | U55: Passant | V55: 44927 | X55: RTT_I_004 ET RTT_I_001 ET RTT_I_002 ET RTT_I_003 ET ABS_C_001 ET ABS_C_003 ET ABS_C_004 ET ABS_C_007 ET ABS_C_008 ET ABS_C_009 ET ABS_C_019 ET ABS_C_020 ET ABS_C_021 | Y55: RTT_I_004 | Z55: =VLOOKUP(Y55,'Axe 2 Règles de gestion'!$D$2:$F$146,3, FALSE) -> L'agent bénéficie des dispositions applicables aux agents titulaires pour les jours d'aménagement et de réduction du temps de travail. | AA55: RTT_I_001 | AB55: =VLOOKUP(AA55,'Axe 2 Règles de gestion'!$D$2:$F$146,3, FALSE) -> L'agent qui effectue un nombre d'heures de travail effectif supérieur à la durée légale du travail (soit 1607 heures annuelles ou 35 heures hebdomadaires) bénéficie de jours de réduction du temps de travail. | AC55: RTT_I_002 | AD55: =VLOOKUP(AC55,'Axe 2 Règles de gestion'!$D$2:$F$146,3, FALSE) -> Les périodes au cours desquelles l'agent est absent pour raisons de santé ne générent pas de droits à des jours de RTT. | AE55: RTT_I_003 | AF55: =VLOOKUP(AE55,'Axe 2 Règles de gestion'!$D$2:$F$146,3, FALSE) -> L'agent dont le corps est soumis à un statut particulier prévoyant un régime d'obligation de service n'est pas éligible aux jours d'aménagement et de réduction du temps de travail. | AY55: ABS_C_001 | AZ55: =VLOOKUP(AY55,'Axe 2 Règles de gestion'!$D$2:$F$146,3, FALSE) -> La date de début du congé/absence doit être postérieure ou égale à la date de recrutement dans la FPE ou dans la carrière militaire. | BA55: ABS_C_003 | BB55: =VLOOKUP(BA55,'Axe 2 Règles de gestion'!$D$2:$F$146,3, FALSE) -> La date de début du congé/absence doit être antérieure ou égale à la date de fin réelle du congé/absence. | BC55: ABS_C_004 | BD55: =VLOOKUP(BC55,'Axe 2 Règles de gestion'!$D$2:$F$146,3, FALSE) -> La date de début du congé/absence doit être antérieure ou égale à la date de fin prévisionnelle du congé/absence. | BE55: ABS_C_007 | BF55: =VLOOKUP(BE55,'Axe 2 Règles de gestion'!$D$2:$F$146,3, FALSE) -> La date de fin réelle du congé/absence doit être antérieure à la date limite de départ à la retraite. | BG55: ABS_C_008 | BH55: =VLOOKUP(BG55,'Axe 2 Règles de gestion'!$D$2:$F$146,3, FALSE) -> La date de fin prévisionnelle du congé/absence doit être antérieure à la date limite de départ à la retraite. | BI55: ABS_C_009 | BJ55: =VLOOKUP(BI55,'Axe 2 Règles de gestion'!$D$2:$F$146,3, FALSE) -> La date de fin réelle ou la date de fin prévisionnelle du congé/absence doit être saisie. | BK55: ABS_C_019 | BL55: =VLOOKUP(BK55,'Axe 2 Règles de gestion'!$D$2:$F$146,3, FALSE) -> Si l'absence ne commence pas par une demi-journée et si l'absence précédente ne finit pas par une demi journée, la date de début de l'absence saisie est postérieure à la date de fin réelle de l'absence précédente. | BM55: ABS_C_020 | BN55: =VLOOKUP(BM55,'Axe 2 Règles de gestion'!$D$2:$F$146,3, FALSE) -> Si l'absence ne commence pas par une demi-journée et si l'absence précédente ne finit pas par une demi journée, la date de début de l'absence saisie est postérieure à la date de fin prévisionnelle de l'absence précédente. | BO55: ABS_C_021 | BP55: =VLOOKUP(BO55,'Axe 2 Règles de gestion'!$D$2:$F$146,3, FALSE) -> Dans le cas d'un CLD, le numéro de pathologie doit être saisi.
A56: 23.10.00 | B56: A | C56: 45225.478 | D56: D0007 | E56: Congés/Absence | F56: S0167 | G56: Congés annuels Jours ARTT | H56: E0936 | I56: Aménagement et réduction du temps de travail (Jours ARTT) | J56: Type de congé/absence saisi est 'Jours ARTT' | K56: A_COA_TYCOAB [Saisi] = 'CV002' | L56: T2280 | M56: Aménagement et réduction du temps de travail (Jours ARTT) | N56: Création Modification | Q56: Ouvrier d'état | R56: P0005 | S56: O | T56: Général | U56: Passant | V56: 44927 | X56: ABS_C_002 ET ABS_C_003 ET ABS_C_004 ET ABS_C_005 ET ABS_C_006 ET ABS_C_009 ET ABS_C_019 ET ABS_C_020 ET ABS_C_021 | AY56: ABS_C_002 | AZ56: =VLOOKUP(AY56,'Axe 2 Règles de gestion'!$D$2:$F$146,3, FALSE) -> La date de début du congé/absence doit être postérieure ou égale à la date de début du lien juridique. | BA56: ABS_C_003 | BB56: =VLOOKUP(BA56,'Axe 2 Règles de gestion'!$D$2:$F$146,3, FALSE) -> La date de début du congé/absence doit être antérieure ou égale à la date de fin réelle du congé/absence. | BC56: ABS_C_004 | BD56: =VLOOKUP(BC56,'Axe 2 Règles de gestion'!$D$2:$F$146,3, FALSE) -> La date de début du congé/absence doit être antérieure ou égale à la date de fin prévisionnelle du congé/absence. | BE56: ABS_C_005 | BF56: =VLOOKUP(BE56,'Axe 2 Règles de gestion'!$D$2:$F$146,3, FALSE) -> La date de fin réelle du congé/absence doit être antérieure ou égale à la date limite de fin réelle ou prévisionnelle du lien juridique. | BG56: ABS_C_006 | BH56: =VLOOKUP(BG56,'Axe 2 Règles de gestion'!$D$2:$F$146,3, FALSE) -> La date de fin prévisionnelle du congé/absence doit être antérieure ou égale à la date limite de fin réelle ou prévisionnelle du lien juridique. | BI56: ABS_C_009 | BJ56: =VLOOKUP(BI56,'Axe 2 Règles de gestion'!$D$2:$F$146,3, FALSE) -> La date de fin réelle ou la date de fin prévisionnelle du congé/absence doit être saisie. | BK56: ABS_C_019 | BL56: =VLOOKUP(BK56,'Axe 2 Règles de gestion'!$D$2:$F$146,3, FALSE) -> Si l'absence ne commence pas par une demi-journée et si l'absence précédente ne finit pas par une demi journée, la date de début de l'absence saisie est postérieure à la date de fin réelle de l'absence précédente. | BM56: ABS_C_020 | BN56: =VLOOKUP(BM56,'Axe 2 Règles de gestion'!$D$2:$F$146,3, FALSE) -> Si l'absence ne commence pas par une demi-journée et si l'absence précédente ne finit pas par une demi journée, la date de début de l'absence saisie est postérieure à la date de fin prévisionnelle de l'absence précédente. | BO56: ABS_C_021 | BP56: =VLOOKUP(BO56,'Axe 2 Règles de gestion'!$D$2:$F$146,3, FALSE) -> Dans le cas d'un CLD, le numéro de pathologie doit être saisi.
A57: 23.10.00 | B57: A | C57: 45225.48 | D57: D0007 | E57: Congés/Absence | F57: S0167 | G57: Congés annuels Jours ARTT | H57: E0936 | I57: Aménagement et réduction du temps de travail (Jours ARTT) | J57: Type de congé/absence saisi est 'Jours ARTT' | K57: A_COA_TYCOAB [Saisi] = 'CV002' | L57: T2280 | M57: Aménagement et réduction du temps de travail (Jours ARTT) | N57: Création Modification | Q57: Magistrat de l'ordre judiciaire | R57: P0007 | S57: T | T57: Particulier | U57: Passant | V57: 44927 | X57: RTT_I_005 ET RTT_I_001 ET RTT_I_002 ET RTT_I_003 ET ABS_C_001 ET ABS_C_003 ET ABS_C_004 ET ABS_C_007 ET ABS_C_008 ET ABS_C_009 ET ABS_C_019 ET ABS_C_020 ET ABS_C_021 | Y57: RTT_I_005 | Z57: =VLOOKUP(Y57,'Axe 2 Règles de gestion'!$D$2:$F$146,3, FALSE) -> L'agent bénéficie des dispositions applicables aux agents titulaires pour les jours d'aménagement et de réduction du temps de travail. | AA57: RTT_I_001 | AB57: =VLOOKUP(AA57,'Axe 2 Règles de gestion'!$D$2:$F$146,3, FALSE) -> L'agent qui effectue un nombre d'heures de travail effectif supérieur à la durée légale du travail (soit 1607 heures annuelles ou 35 heures hebdomadaires) bénéficie de jours de réduction du temps de travail. | AC57: RTT_I_002 | AD57: =VLOOKUP(AC57,'Axe 2 Règles de gestion'!$D$2:$F$146,3, FALSE) -> Les périodes au cours desquelles l'agent est absent pour raisons de santé ne générent pas de droits à des jours de RTT. | AE57: RTT_I_003 | AF57: =VLOOKUP(AE57,'Axe 2 Règles de gestion'!$D$2:$F$146,3, FALSE) -> L'agent dont le corps est soumis à un statut particulier prévoyant un régime d'obligation de service n'est pas éligible aux jours d'aménagement et de réduction du temps de travail. | AY57: ABS_C_001 | AZ57: =VLOOKUP(AY57,'Axe 2 Règles de gestion'!$D$2:$F$146,3, FALSE) -> La date de début du congé/absence doit être postérieure ou égale à la date de recrutement dans la FPE ou dans la carrière militaire. | BA57: ABS_C_003 | BB57: =VLOOKUP(BA57,'Axe 2 Règles de gestion'!$D$2:$F$146,3, FALSE) -> La date de début du congé/absence doit être antérieure ou égale à la date de fin réelle du congé/absence. | BC57: ABS_C_004 | BD57: =VLOOKUP(BC57,'Axe 2 Règles de gestion'!$D$2:$F$146,3, FALSE) -> La date de début du congé/absence doit être antérieure ou égale à la date de fin prévisionnelle du congé/absence. | BE57: ABS_C_007 | BF57: =VLOOKUP(BE57,'Axe 2 Règles de gestion'!$D$2:$F$146,3, FALSE) -> La date de fin réelle du congé/absence doit être antérieure à la date limite de départ à la retraite. | BG57: ABS_C_008 | BH57: =VLOOKUP(BG57,'Axe 2 Règles de gestion'!$D$2:$F$146,3, FALSE) -> La date de fin prévisionnelle du congé/absence doit être antérieure à la date limite de départ à la retraite. | BI57: ABS_C_009 | BJ57: =VLOOKUP(BI57,'Axe 2 Règles de gestion'!$D$2:$F$146,3, FALSE) -> La date de fin réelle ou la date de fin prévisionnelle du congé/absence doit être saisie. | BK57: ABS_C_019 | BL57: =VLOOKUP(BK57,'Axe 2 Règles de gestion'!$D$2:$F$146,3, FALSE) -> Si l'absence ne commence pas par une demi-journée et si l'absence précédente ne finit pas par une demi journée, la date de début de l'absence saisie est postérieure à la date de fin réelle de l'absence précédente. | BM57: ABS_C_020 | BN57: =VLOOKUP(BM57,'Axe 2 Règles de gestion'!$D$2:$F$146,3, FALSE) -> Si l'absence ne commence pas par une demi-journée et si l'absence précédente ne finit pas par une demi journée, la date de début de l'absence saisie est postérieure à la date de fin prévisionnelle de l'absence précédente. | BO57: ABS_C_021 | BP57: =VLOOKUP(BO57,'Axe 2 Règles de gestion'!$D$2:$F$146,3, FALSE) -> Dans le cas d'un CLD, le numéro de pathologie doit être saisi.
A58: 23.10.00 | B58: A | C58: 45225.48 | D58: D0007 | E58: Congés/Absence | F58: S0167 | G58: Congés annuels Jours ARTT | H58: E0936 | I58: Aménagement et réduction du temps de travail (Jours ARTT) | J58: Type de congé/absence saisi est 'Jours ARTT' | K58: A_COA_TYCOAB [Saisi] = 'CV002' | L58: T2280 | M58: Aménagement et réduction du temps de travail (Jours ARTT) | N58: Création Modification | Q58: Auditeur de justice | R58: P0009 | S58: S | T58: Particulier | U58: Passant | V58: 44927 | X58: RTT_I_006 ET RTT_I_001 ET RTT_I_002 ET RTT_I_003 ET ABS_C_001 ET ABS_C_003 ET ABS_C_004 ET ABS_C_007 ET ABS_C_008 ET ABS_C_009 ET ABS_C_019 ET ABS_C_020 ET ABS_C_021 | Y58: RTT_I_006 | Z58: =VLOOKUP(Y58,'Axe 2 Règles de gestion'!$D$2:$F$146,3, FALSE) -> L'agent bénéficie des dispositions applicables aux agents titulaires pour les jours d'aménagement et de réduction du temps de travail. | AA58: RTT_I_001 | AB58: =VLOOKUP(AA58,'Axe 2 Règles de gestion'!$D$2:$F$146,3, FALSE) -> L'agent qui effectue un nombre d'heures de travail effectif supérieur à la durée légale du travail (soit 1607 heures annuelles ou 35 heures hebdomadaires) bénéficie de jours de réduction du temps de travail. | AC58: RTT_I_002 | AD58: =VLOOKUP(AC58,'Axe 2 Règles de gestion'!$D$2:$F$146,3, FALSE) -> Les périodes au cours desquelles l'agent est absent pour raisons de santé ne générent pas de droits à des jours de RTT. | AE58: RTT_I_003 | AF58: =VLOOKUP(AE58,'Axe 2 Règles de gestion'!$D$2:$F$146,3, FALSE) -> L'agent dont le corps est soumis à un statut particulier prévoyant un régime d'obligation de service n'est pas éligible aux jours d'aménagement et de réduction du temps de travail. | AY58: ABS_C_001 | AZ58: =VLOOKUP(AY58,'Axe 2 Règles de gestion'!$D$2:$F$146,3, FALSE) -> La date de début du congé/absence doit être postérieure ou égale à la date de recrutement dans la FPE ou dans la carrière militaire. | BA58: ABS_C_003 | BB58: =VLOOKUP(BA58,'Axe 2 Règles de gestion'!$D$2:$F$146,3, FALSE) -> La date de début du congé/absence doit être antérieure ou égale à la date de fin réelle du congé/absence. | BC58: ABS_C_004 | BD58: =VLOOKUP(BC58,'Axe 2 Règles de gestion'!$D$2:$F$146,3, FALSE) -> La date de début du congé/absence doit être antérieure ou égale à la date de fin prévisionnelle du congé/absence. | BE58: ABS_C_007 | BF58: =VLOOKUP(BE58,'Axe 2 Règles de gestion'!$D$2:$F$146,3, FALSE) -> La date de fin réelle du congé/absence doit être antérieure à la date limite de départ à la retraite. | BG58: ABS_C_008 | BH58: =VLOOKUP(BG58,'Axe 2 Règles de gestion'!$D$2:$F$146,3, FALSE) -> La date de fin prévisionnelle du congé/absence doit être antérieure à la date limite de départ à la retraite. | BI58: ABS_C_009 | BJ58: =VLOOKUP(BI58,'Axe 2 Règles de gestion'!$D$2:$F$146,3, FALSE) -> La date de fin réelle ou la date de fin prévisionnelle du congé/absence doit être saisie. | BK58: ABS_C_019 | BL58: =VLOOKUP(BK58,'Axe 2 Règles de gestion'!$D$2:$F$146,3, FALSE) -> Si l'absence ne commence pas par une demi-journée et si l'absence précédente ne finit pas par une demi journée, la date de début de l'absence saisie est postérieure à la date de fin réelle de l'absence précédente. | BM58: ABS_C_020 | BN58: =VLOOKUP(BM58,'Axe 2 Règles de gestion'!$D$2:$F$146,3, FALSE) -> Si l'absence ne commence pas par une demi-journée et si l'absence précédente ne finit pas par une demi journée, la date de début de l'absence saisie est postérieure à la date de fin prévisionnelle de l'absence précédente. | BO58: ABS_C_021 | BP58: =VLOOKUP(BO58,'Axe 2 Règles de gestion'!$D$2:$F$146,3, FALSE) -> Dans le cas d'un CLD, le numéro de pathologie doit être saisi.
A59: 23.10.00 | B59: A | C59: 45225.48 | D59: D0007 | E59: Congés/Absence | F59: S0167 | G59: Congés annuels Jours ARTT | H59: E0936 | I59: Aménagement et réduction du temps de travail (Jours ARTT) | J59: Type de congé/absence saisi est 'Jours ARTT' | K59: A_COA_TYCOAB [Saisi] = 'CV002' | L59: T2280 | M59: Aménagement et réduction du temps de travail (Jours ARTT) | N59: Création Modification | Q59: Personnel civil payé à l'acte ou à la tâche | R59: P0054 | S59: N | T59: Particulier | U59: Exclu | V59: 44927
A60: 23.10.00 | B60: A | C60: 45225.48 | D60: D0007 | E60: Congés/Absence | F60: S0167 | G60: Congés annuels Jours ARTT | H60: E0936 | I60: Aménagement et réduction du temps de travail (Jours ARTT) | J60: Type de congé/absence saisi est 'Jours ARTT' | K60: A_COA_TYCOAB [Saisi] = 'CV002' | L60: T2280 | M60: Aménagement et réduction du temps de travail (Jours ARTT) | N60: Création Modification | Q60: Contractuel de droit privé | R60: P0072 | S60: N | T60: Particulier | U60: Passant | V60: 44927 | X60: RTT_I_007 ET RTT_I_008 ET ABS_C_002 ET ABS_C_003 ET ABS_C_004 ET ABS_C_005 ET ABS_C_006 ET ABS_C_009 ET ABS_C_019 ET ABS_C_020 ET ABS_C_021 | Y60: RTT_I_007 | Z60: =VLOOKUP(Y60,'Axe 2 Règles de gestion'!$D$2:$F$146,3, FALSE) -> L'agent qui effectue un nombre d'heures de travail effectif supérieur à la durée légale du travail (35h hebdomadaires) bénéficie de jours de RTT selon les modalités prévues par accord d'entreprise ou d'établissement ou convention ou accord de branche. | AA60: RTT_I_008 | AB60: =VLOOKUP(AA60,'Axe 2 Règles de gestion'!$D$2:$F$146,3, FALSE) -> Sous réserve d'accord collectif plus favorable, l'absence pour maladie (hors professionnelle) n'est pas assimilée à du temps de travail effectif et ne génère donc pas de droits à des jours d'aménagement et de rédution du temps de travail. | AY60: ABS_C_002 | AZ60: =VLOOKUP(AY60,'Axe 2 Règles de gestion'!$D$2:$F$146,3, FALSE) -> La date de début du congé/absence doit être postérieure ou égale à la date de début du lien juridique. | BA60: ABS_C_003 | BB60: =VLOOKUP(BA60,'Axe 2 Règles de gestion'!$D$2:$F$146,3, FALSE) -> La date de début du congé/absence doit être antérieure ou égale à la date de fin réelle du congé/absence. | BC60: ABS_C_004 | BD60: =VLOOKUP(BC60,'Axe 2 Règles de gestion'!$D$2:$F$146,3, FALSE) -> La date de début du congé/absence doit être antérieure ou égale à la date de fin prévisionnelle du congé/absence. | BE60: ABS_C_005 | BF60: =VLOOKUP(BE60,'Axe 2 Règles de gestion'!$D$2:$F$146,3, FALSE) -> La date de fin réelle du congé/absence doit être antérieure ou égale à la date limite de fin réelle ou prévisionnelle du lien juridique. | BG60: ABS_C_006 | BH60: =VLOOKUP(BG60,'Axe 2 Règles de gestion'!$D$2:$F$146,3, FALSE) -> La date de fin prévisionnelle du congé/absence doit être antérieure ou égale à la date limite de fin réelle ou prévisionnelle du lien juridique. | BI60: ABS_C_009 | BJ60: =VLOOKUP(BI60,'Axe 2 Règles de gestion'!$D$2:$F$146,3, FALSE) -> La date de fin réelle ou la date de fin prévisionnelle du congé/absence doit être saisie. | BK60: ABS_C_019 | BL60: =VLOOKUP(BK60,'Axe 2 Règles de gestion'!$D$2:$F$146,3, FALSE) -> Si l'absence ne commence pas par une demi-journée et si l'absence précédente ne finit pas par une demi journée, la date de début de l'absence saisie est postérieure à la date de fin réelle de l'absence précédente. | BM60: ABS_C_020 | BN60: =VLOOKUP(BM60,'Axe 2 Règles de gestion'!$D$2:$F$146,3, FALSE) -> Si l'absence ne commence pas par une demi-journée et si l'absence précédente ne finit pas par une demi journée, la date de début de l'absence saisie est postérieure à la date de fin prévisionnelle de l'absence précédente. | BO60: ABS_C_021 | BP60: =VLOOKUP(BO60,'Axe 2 Règles de gestion'!$D$2:$F$146,3, FALSE) -> Dans le cas d'un CLD, le numéro de pathologie doit être saisi.
