Workbook

Sheet Mode opératoire
B1: MODE OPERATOIRE
B2: La transaction s'effectue au niveau de la rubrique "Congés/absences", elle inclut l'ensemble des sous-rubriques listées ci-dessous : - Congés/absences - Complément pour congé / absence : impact rémunération On notera que : La sous-rubrique "Complément pour congé / absence : impact rémunération" est réputée, suite au découpage des absences en tranche de rémunération, avoir des dates de début et de fin alignées sur les dates de début et de fin de la sous-rubrique "Congés/absences" (contrôle bloquant)

Sheet Axe 1 Enchainement des RG
A1: Version | B1: Type de mise à jour | C1: Date de mise à jour | D1: Identifiant Domaine | E1: Libellé du Domaine | F1: Identifiant Sous-domaine | G1: Libellé du Sous-domaine | H1: Identifiant Evénement | I1: Libellé de l'évènement | J1: Libellé condition déclenchement Evènement | K1: Condition déclenchement Evènement | L1: Identifiant type d'évènement | M1: Libellé type d'évènement | N1: Type de mise à jour | O1: Libellé condition déclenchement Type Evènement | P1: Condition déclenchement Type Evènement | Q1: Libellé Population | R1: Codification Population | S1: Général / Particulier | T1: Passant / Exclu | U1: Date de début | V1: Date de fin | W1: Règles mobilisées | X1: Identifiant Règle de contrôle intellectuel 1 | Y1: Libellé Règle de contrôle intellectuel 1 | Z1: Identifiant Règle de contrôle intellectuel 2 | AA1: Libellé Règle de contrôle intellectuel 2 | AB1: Identifiant Règle de contrôle intellectuel 3 | AC1: Libellé Règle de contrôle intellectuel 3 | AD1: Identifiant Règle de contrôle intellectuel 4 | AE1: Libellé Règle de contrôle intellectuel 4 | AF1: Identifiant Règle de contrôle intellectuel 5 | AG1: Libellé Règle de contrôle intellectuel 5 | AH1: Identifiant Règle de contrôle intellectuel 6 | AI1: Libellé Règle de contrôle intellectuel 6 | AJ1: Identifiant Règle de condition 1 | AK1: Libellé Règle de condition 1 | AL1: Identifiant Règle de condition 2 | AM1: Libellé Règle de condition 2 | AN1: Identifiant Règle de condition 3 | AO1: Libellé Règle de condition 3 | AP1: Identifiant Règle de condition 4 | AQ1: Libellé Règle de condition 4 | AR1: Identifiant Règle de condition 5 | AS1: Libellé Règle de condition 5 | AT1: Identifiant Règle de contrôle 1 | AU1: Libellé Règle de contrôle 1 | AV1: Identifiant Règle de contrôle 2 | AW1: Libellé Règle de contrôle 2 | AX1: Identifiant Règle de contrôle 3 | AY1: Libellé Règle de contrôle 3 | AZ1: Identifiant Règle de contrôle 4 | BA1: Libellé Règle de contrôle 4 | BB1: Identifiant Règle de contrôle 5 | BC1: Libellé Règle de contrôle 5 | BD1: Identifiant Règle de contrôle 6 | BE1: Libellé Règle de contrôle 6 | BF1: Identifiant Règle de contrôle 7 | BG1: Libellé Règle de contrôle 7 | BH1: Identifiant Règle de contrôle 8 | BI1: Libellé Règle de contrôle 8 | BJ1: Identifiant Règle de contrôle 9 | BK1: Libellé Règle de contrôle 9 | BL1: Identifiant Règle de contrôle 10 | BM1: Libellé Règle de contrôle 10 | BN1: Identifiant Règle de contrôle 11 | BO1: Libellé Règle de contrôle 11 | BP1: Identifiant Règle de contrôle 12 | BQ1: Libellé Règle de contrôle 12 | BR1: Identifiant Règle de contrôle 13 | BS1: Libellé Règle de contrôle 13 | BT1: FIME | BU1: Statut de travail
A2: 19.00.00 | B2: M | C2: 43571.724 | D2: D0007 | E2: Congés/Absence | F2: S0060 | G2: Congé formation syndicale | H2: E0484 | I2: Congé pour formation syndicale | J2: Type de congé/absence saisi = 'Congé pour formation syndicale' | K2: A_COA_TYCOAB [Saisi] = 'CF005' | L2: T1177 | M2: Congé pour formation syndicale - Demande | N2: Création | Q2: Titulaire ou magistrat | R2: P0001 | S2: Général | T2: Passant | U2: 40725 | W2: CFS_I_002 ET CFS_I_001 ET CFS_I_003 ET CFS_I_004 ET CFS_I_005 ET CFS_D_002 ET CDI_D_045 ET CFS_D_001 ET ABS_C_041 ET ABS_C_001 ET ABS_C_003 ET ABS_C_004 ET ABS_C_007 ET ABS_C_008 ET ABS_C_019 ET ABS_C_020 ET ABS_C_009 ET ABS_C_026 | X2: CFS_I_002 | Y2: =VLOOKUP(X2,'Axe 2 Règles de gestion'!$D$2:$F$51,3, FALSE) -> Le congé est accordé pour effectuer un stage ou suivre une session dans l'un des centres ou instituts qui figurent sur une liste arrêtée tous les 3 ans par le ministre chargé de la fonction publique. | Z2: CFS_I_001 | AA2: =VLOOKUP(Z2,'Axe 2 Règles de gestion'!$D$2:$F$51,3, FALSE) -> L'agent doit formuler sa demande par écrit au chef de service au moins 1 mois à l'avance. | AB2: CFS_I_003 | AC2: =VLOOKUP(AB2,'Axe 2 Règles de gestion'!$D$2:$F$51,3, FALSE) -> Le congé est réputé accordé, à défaut de réponse expresse de l'administration au plus tard le 15ème jour qui précède le début du stage ou de la session. | AD2: CFS_I_004 | AE2: =VLOOKUP(AD2,'Axe 2 Règles de gestion'!$D$2:$F$51,3, FALSE) -> L'administration ne peut refuser le bénéfice du congé que pour des raisons liées aux nécessités du service. | AF2: CFS_I_005 | AG2: =VLOOKUP(AF2,'Axe 2 Règles de gestion'!$D$2:$F$51,3, FALSE) -> La commission administrative paritaire ou la commission d'avancement est informée de la décision de rejet ainsi que des motifs de refus. | AJ2: CFS_D_002 | AK2: =VLOOKUP(AJ2,'Axe 2 Règles de gestion'!$D$2:$F$51,3, FALSE) -> Le congé de formation syndicale est d'une durée maximale de 12 jours ouvrables par an. | AL2: CDI_D_045 | AM2: =VLOOKUP(AL2,'Axe 2 Règles de gestion'!$D$2:$F$51,3, FALSE) -> Les congés "Congé de citoyenneté", "Congé pour siéger auprès d'une association, d'une mutuelle ou d'une instance de l'Etat ou d'une collectivité territoriale" et "Congé pour formation syndicale" ne peuvent se cumuler qu'à concurrence de 12 jours ouvrables pour une même année. | AN2: CFS_D_001 | AO2: =VLOOKUP(AN2,'Axe 2 Règles de gestion'!$D$2:$F$51,3, FALSE) -> L'agent doit être en activité. | AT2: ABS_C_041 | AU2: =VLOOKUP(AT2,'Axe 2 Règles de gestion'!$D$2:$F$51,3, FALSE) -> La période de référence du compteur de suivi du cumul total du congé saisi doit être initialisée sur une période allant du 01/01 au 31/12 de la même année. | AV2: ABS_C_001 | AW2: =VLOOKUP(AV2,'Axe 2 Règles de gestion'!$D$2:$F$51,3, FALSE) -> La date de début du congé/absence doit être postérieure ou égale à la date de recrutement dans la FPE ou dans la carrière militaire. | AX2: ABS_C_003 | AY2: =VLOOKUP(AX2,'Axe 2 Règles de gestion'!$D$2:$F$51,3, FALSE) -> La date de début du congé/absence doit être antérieure ou égale à la date de fin réelle du congé/absence. | AZ2: ABS_C_004 | BA2: =VLOOKUP(AZ2,'Axe 2 Règles de gestion'!$D$2:$F$51,3, FALSE) -> La date de début du congé/absence doit être antérieure ou égale à la date de fin prévisionnelle du congé/absence. | BB2: ABS_C_007 | BC2: =VLOOKUP(BB2,'Axe 2 Règles de gestion'!$D$2:$F$51,3, FALSE) -> La date de fin réelle du congé/absence doit être antérieure à la date limite de départ à la retraite. | BD2: ABS_C_008 | BE2: =VLOOKUP(BD2,'Axe 2 Règles de gestion'!$D$2:$F$51,3, FALSE) -> La date de fin prévisionnelle du congé/absence doit être antérieure à la date limite de départ à la retraite. | BF2: ABS_C_019 | BG2: =VLOOKUP(BF2,'Axe 2 Règles de gestion'!$D$2:$F$51,3, FALSE) -> Si l'absence ne commence pas par une demi-journée et si l'absence précédente ne finit pas par une demi journée, la date de début de l'absence saisie est postérieure à la date de fin réelle de l'absence précédente. | BH2: ABS_C_020 | BI2: =VLOOKUP(BH2,'Axe 2 Règles de gestion'!$D$2:$F$51,3, FALSE) -> Si l'absence ne commence pas par une demi-journée et si l'absence précédente ne finit pas par une demi journée, la date de début de l'absence saisie est postérieure à la date de fin prévisionnelle de l'absence précédente. | BJ2: ABS_C_009 | BK2: =VLOOKUP(BJ2,'Axe 2 Règles de gestion'!$D$2:$F$51,3, FALSE) -> La date de fin réelle ou la date de fin prévisionnelle du congé/absence doit être saisie. | BL2: ABS_C_026 | BM2: =VLOOKUP(BL2,'Axe 2 Règles de gestion'!$D$2:$F$51,3, FALSE) -> Dans le cas d'un congé autre que CLM, CLD, CGM et CITIS, l'indicateur de requalification doit être à non et les impacts spécifiques à la requalification ne doivent pas être mobilisés ou l'impact rémunération est vide.
A3: 19.00.00 | B3: M | C3: 43571.649 | D3: D0007 | E3: Congés/Absence | F3: S0060 | G3: Congé formation syndicale | H3: E0484 | I3: Congé pour formation syndicale | J3: Type de congé/absence saisi = 'Congé pour formation syndicale' | K3: A_COA_TYCOAB [Saisi] = 'CF005' | L3: T1636 | M3: Congé pour formation syndicale - Fin | N3: Modification | Q3: Titulaire ou magistrat | R3: P0001 | S3: Général | T3: Passant | U3: 40725 | W3: CFS_I_006 ET CFS_D_002 ET CDI_D_045 ET ABS_C_003 ET ABS_C_004 ET ABS_C_007 ET ABS_C_008 ET ABS_C_009 ET ABS_C_026 ET ABS_C_041 | X3: CFS_I_006 | Y3: =VLOOKUP(X3,'Axe 2 Règles de gestion'!$D$2:$F$51,3, FALSE) -> Lors de la reprise de fonctions, l'agent remet à son chef de service l'attestation d'assiduité délivrée à l'issue de son stage. | AJ3: CFS_D_002 | AK3: =VLOOKUP(AJ3,'Axe 2 Règles de gestion'!$D$2:$F$51,3, FALSE) -> Le congé de formation syndicale est d'une durée maximale de 12 jours ouvrables par an. | AL3: CDI_D_045 | AM3: =VLOOKUP(AL3,'Axe 2 Règles de gestion'!$D$2:$F$51,3, FALSE) -> Les congés "Congé de citoyenneté", "Congé pour siéger auprès d'une association, d'une mutuelle ou d'une instance de l'Etat ou d'une collectivité territoriale" et "Congé pour formation syndicale" ne peuvent se cumuler qu'à concurrence de 12 jours ouvrables pour une même année. | AT3: ABS_C_003 | AU3: =VLOOKUP(AT3,'Axe 2 Règles de gestion'!$D$2:$F$51,3, FALSE) -> La date de début du congé/absence doit être antérieure ou égale à la date de fin réelle du congé/absence. | AV3: ABS_C_004 | AW3: =VLOOKUP(AV3,'Axe 2 Règles de gestion'!$D$2:$F$51,3, FALSE) -> La date de début du congé/absence doit être antérieure ou égale à la date de fin prévisionnelle du congé/absence. | AX3: ABS_C_007 | AY3: =VLOOKUP(AX3,'Axe 2 Règles de gestion'!$D$2:$F$51,3, FALSE) -> La date de fin réelle du congé/absence doit être antérieure à la date limite de départ à la retraite. | AZ3: ABS_C_008 | BA3: =VLOOKUP(AZ3,'Axe 2 Règles de gestion'!$D$2:$F$51,3, FALSE) -> La date de fin prévisionnelle du congé/absence doit être antérieure à la date limite de départ à la retraite. | BB3: ABS_C_009 | BC3: =VLOOKUP(BB3,'Axe 2 Règles de gestion'!$D$2:$F$51,3, FALSE) -> La date de fin réelle ou la date de fin prévisionnelle du congé/absence doit être saisie. | BD3: ABS_C_026 | BE3: =VLOOKUP(BD3,'Axe 2 Règles de gestion'!$D$2:$F$51,3, FALSE) -> Dans le cas d'un congé autre que CLM, CLD, CGM et CITIS, l'indicateur de requalification doit être à non et les impacts spécifiques à la requalification ne doivent pas être mobilisés ou l'impact rémunération est vide. | BF3: ABS_C_041 | BG3: =VLOOKUP(BF3,'Axe 2 Règles de gestion'!$D$2:$F$51,3, FALSE) -> La période de référence du compteur de suivi du cumul total du congé saisi doit être initialisée sur une période allant du 01/01 au 31/12 de la même année.
A4: 22.10.00 | B4: A | C4: 44886.487 | D4: D0007 | E4: Congés/Absence | F4: S0060 | G4: Congé formation syndicale | H4: E0484 | I4: Congé pour formation syndicale | J4: Type de congé/absence saisi = 'Congé pour formation syndicale' | K4: A_COA_TYCOAB [Saisi] = 'CF005' | L4: T1177 | M4: Congé pour formation syndicale - Demande | N4: Création | Q4: Militaire | R4: P0002 | S4: Général | T4: Exclu | U4: 43831
A5: 22.10.00 | B5: A | C5: 44886.487 | D5: D0007 | E5: Congés/Absence | F5: S0060 | G5: Congé formation syndicale | H5: E0484 | I5: Congé pour formation syndicale | J5: Type de congé/absence saisi = 'Congé pour formation syndicale' | K5: A_COA_TYCOAB [Saisi] = 'CF005' | L5: T1636 | M5: Congé pour formation syndicale - Fin | N5: Modification | Q5: Militaire | R5: P0002 | S5: Général | T5: Exclu | U5: 43831
A6: 22.10.00 | B6: M | C6: 44832.52 | D6: D0007 | E6: Congés/Absence | F6: S0060 | G6: Congé formation syndicale | H6: E0484 | I6: Congé pour formation syndicale | J6: Type de congé/absence saisi = 'Congé pour formation syndicale' | K6: A_COA_TYCOAB [Saisi] = 'CF005' | L6: T1177 | M6: Congé pour formation syndicale - Demande | N6: Création | Q6: Contractuel | R6: P0003 | S6: Général | T6: Passant | U6: 40725 | V6: 44677 | W6: CFS_I_002 ET CFS_I_001 ET CFS_I_003 ET CFS_I_004 ET CFS_I_005 ET CFS_D_004 ET CDI_D_047 ET CFS_D_003 ET ABS_C_002 ET ABS_C_003 ET ABS_C_004 ET ABS_C_005 ET ABS_C_006 ET ABS_C_007 ET ABS_C_008 ET ABS_C_009 ET ABS_C_019 ET ABS_C_020 ET ABS_C_026 ET ABS_C_041 | X6: CFS_I_002 | Y6: =VLOOKUP(X6,'Axe 2 Règles de gestion'!$D$2:$F$51,3, FALSE) -> Le congé est accordé pour effectuer un stage ou suivre une session dans l'un des centres ou instituts qui figurent sur une liste arrêtée tous les 3 ans par le ministre chargé de la fonction publique. | Z6: CFS_I_001 | AA6: =VLOOKUP(Z6,'Axe 2 Règles de gestion'!$D$2:$F$51,3, FALSE) -> L'agent doit formuler sa demande par écrit au chef de service au moins 1 mois à l'avance. | AB6: CFS_I_003 | AC6: =VLOOKUP(AB6,'Axe 2 Règles de gestion'!$D$2:$F$51,3, FALSE) -> Le congé est réputé accordé, à défaut de réponse expresse de l'administration au plus tard le 15ème jour qui précède le début du stage ou de la session. | AD6: CFS_I_004 | AE6: =VLOOKUP(AD6,'Axe 2 Règles de gestion'!$D$2:$F$51,3, FALSE) -> L'administration ne peut refuser le bénéfice du congé que pour des raisons liées aux nécessités du service. | AF6: CFS_I_005 | AG6: =VLOOKUP(AF6,'Axe 2 Règles de gestion'!$D$2:$F$51,3, FALSE) -> La commission administrative paritaire ou la commission d'avancement est informée de la décision de rejet ainsi que des motifs de refus. | AJ6: CFS_D_004 | AK6: =VLOOKUP(AJ6,'Axe 2 Règles de gestion'!$D$2:$F$51,3, FALSE) -> Le congé est d'une durée maximale de 12 jours ouvrables par an. | AL6: CDI_D_047 | AM6: =VLOOKUP(AL6,'Axe 2 Règles de gestion'!$D$2:$F$51,3, FALSE) -> Les congés "Congé de formation de cadres et d'animateurs pour la jeunesse", "Congé pour siéger auprès d'une association, d'une mutuelle ou d'une instance de l'Etat ou d'une collectivité territoriale" et "Congé pour formation syndicale" ne peuvent se cumuler qu'à concurrence de 12 jours ouvrables pour une même année. | AN6: CFS_D_003 | AO6: =VLOOKUP(AN6,'Axe 2 Règles de gestion'!$D$2:$F$51,3, FALSE) -> L'agent doit être en activité. | AT6: ABS_C_002 | AU6: =VLOOKUP(AT6,'Axe 2 Règles de gestion'!$D$2:$F$51,3, FALSE) -> La date de début du congé/absence doit être postérieure ou égale à la date de début du lien juridique. | AV6: ABS_C_003 | AW6: =VLOOKUP(AV6,'Axe 2 Règles de gestion'!$D$2:$F$51,3, FALSE) -> La date de début du congé/absence doit être antérieure ou égale à la date de fin réelle du congé/absence. | AX6: ABS_C_004 | AY6: =VLOOKUP(AX6,'Axe 2 Règles de gestion'!$D$2:$F$51,3, FALSE) -> La date de début du congé/absence doit être antérieure ou égale à la date de fin prévisionnelle du congé/absence. | AZ6: ABS_C_005 | BA6: =VLOOKUP(AZ6,'Axe 2 Règles de gestion'!$D$2:$F$51,3, FALSE) -> La date de fin réelle du congé/absence doit être antérieure ou égale à la date limite de fin réelle ou prévisionnelle du lien juridique. | BB6: ABS_C_006 | BC6: =VLOOKUP(BB6,'Axe 2 Règles de gestion'!$D$2:$F$51,3, FALSE) -> La date de fin prévisionnelle du congé/absence doit être antérieure ou égale à la date limite de fin réelle ou prévisionnelle du lien juridique. | BD6: ABS_C_007 | BE6: =VLOOKUP(BD6,'Axe 2 Règles de gestion'!$D$2:$F$51,3, FALSE) -> La date de fin réelle du congé/absence doit être antérieure à la date limite de départ à la retraite. | BF6: ABS_C_008 | BG6: =VLOOKUP(BF6,'Axe 2 Règles de gestion'!$D$2:$F$51,3, FALSE) -> La date de fin prévisionnelle du congé/absence doit être antérieure à la date limite de départ à la retraite. | BH6: ABS_C_009 | BI6: =VLOOKUP(BH6,'Axe 2 Règles de gestion'!$D$2:$F$51,3, FALSE) -> La date de fin réelle ou la date de fin prévisionnelle du congé/absence doit être saisie. | BJ6: ABS_C_019 | BK6: =VLOOKUP(BJ6,'Axe 2 Règles de gestion'!$D$2:$F$51,3, FALSE) -> Si l'absence ne commence pas par une demi-journée et si l'absence précédente ne finit pas par une demi journée, la date de début de l'absence saisie est postérieure à la date de fin réelle de l'absence précédente. | BL6: ABS_C_020 | BM6: =VLOOKUP(BL6,'Axe 2 Règles de gestion'!$D$2:$F$51,3, FALSE) -> Si l'absence ne commence pas par une demi-journée et si l'absence précédente ne finit pas par une demi journée, la date de début de l'absence saisie est postérieure à la date de fin prévisionnelle de l'absence précédente. | BN6: ABS_C_026 | BO6: =VLOOKUP(BN6,'Axe 2 Règles de gestion'!$D$2:$F$51,3, FALSE) -> Dans le cas d'un congé autre que CLM, CLD, CGM et CITIS, l'indicateur de requalification doit être à non et les impacts spécifiques à la requalification ne doivent pas être mobilisés ou l'impact rémunération est vide. | BP6: ABS_C_041 | BQ6: =VLOOKUP(BP6,'Axe 2 Règles de gestion'!$D$2:$F$51,3, FALSE) -> La période de référence du compteur de suivi du cumul total du congé saisi doit être initialisée sur une période allant du 01/01 au 31/12 de la même année.
A7: 22.10.00 | B7: A | C7: 44832.521 | D7: D0007 | E7: Congés/Absence | F7: S0060 | G7: Congé formation syndicale | H7: E0484 | I7: Congé pour formation syndicale | J7: Type de congé/absence saisi = 'Congé pour formation syndicale' | K7: A_COA_TYCOAB [Saisi] = 'CF005' | L7: T1177 | M7: Congé pour formation syndicale - Demande | N7: Création | Q7: Contractuel | R7: P0003 | S7: Général | T7: Passant | U7: 44678 | W7: CFS_I_002 ET CFS_I_001 ET CFS_I_003 ET CFS_I_004 ET CFS_I_015 ET CFS_D_004 ET CDI_D_047 ET CFS_D_003 ET ABS_C_002 ET ABS_C_003 ET ABS_C_004 ET ABS_C_005 ET ABS_C_006 ET ABS_C_007 ET ABS_C_008 ET ABS_C_009 ET ABS_C_019 ET ABS_C_020 ET ABS_C_026 ET ABS_C_041 | X7: CFS_I_002 | Y7: =VLOOKUP(X7,'Axe 2 Règles de gestion'!$D$2:$F$51,3, FALSE) -> Le congé est accordé pour effectuer un stage ou suivre une session dans l'un des centres ou instituts qui figurent sur une liste arrêtée tous les 3 ans par le ministre chargé de la fonction publique. | Z7: CFS_I_001 | AA7: =VLOOKUP(Z7,'Axe 2 Règles de gestion'!$D$2:$F$51,3, FALSE) -> L'agent doit formuler sa demande par écrit au chef de service au moins 1 mois à l'avance. | AB7: CFS_I_003 | AC7: =VLOOKUP(AB7,'Axe 2 Règles de gestion'!$D$2:$F$51,3, FALSE) -> Le congé est réputé accordé, à défaut de réponse expresse de l'administration au plus tard le 15ème jour qui précède le début du stage ou de la session. | AD7: CFS_I_004 | AE7: =VLOOKUP(AD7,'Axe 2 Règles de gestion'!$D$2:$F$51,3, FALSE) -> L'administration ne peut refuser le bénéfice du congé que pour des raisons liées aux nécessités du service. | AF7: CFS_I_015 | AG7: =VLOOKUP(AF7,'Axe 2 Règles de gestion'!$D$2:$F$51,3, FALSE) -> La décision de refus d'octroi du congé fait l'objet d'une saisie pour avis de la commission consultative paritaire. | AJ7: CFS_D_004 | AK7: =VLOOKUP(AJ7,'Axe 2 Règles de gestion'!$D$2:$F$51,3, FALSE) -> Le congé est d'une durée maximale de 12 jours ouvrables par an. | AL7: CDI_D_047 | AM7: =VLOOKUP(AL7,'Axe 2 Règles de gestion'!$D$2:$F$51,3, FALSE) -> Les congés "Congé de formation de cadres et d'animateurs pour la jeunesse", "Congé pour siéger auprès d'une association, d'une mutuelle ou d'une instance de l'Etat ou d'une collectivité territoriale" et "Congé pour formation syndicale" ne peuvent se cumuler qu'à concurrence de 12 jours ouvrables pour une même année. | AN7: CFS_D_003 | AO7: =VLOOKUP(AN7,'Axe 2 Règles de gestion'!$D$2:$F$51,3, FALSE) -> L'agent doit être en activité. | AT7: ABS_C_002 | AU7: =VLOOKUP(AT7,'Axe 2 Règles de gestion'!$D$2:$F$51,3, FALSE) -> La date de début du congé/absence doit être postérieure ou égale à la date de début du lien juridique. | AV7: ABS_C_003 | AW7: =VLOOKUP(AV7,'Axe 2 Règles de gestion'!$D$2:$F$51,3, FALSE) -> La date de début du congé/absence doit être antérieure ou égale à la date de fin réelle du congé/absence. | AX7: ABS_C_004 | AY7: =VLOOKUP(AX7,'Axe 2 Règles de gestion'!$D$2:$F$51,3, FALSE) -> La date de début du congé/absence doit être antérieure ou égale à la date de fin prévisionnelle du congé/absence. | AZ7: ABS_C_005 | BA7: =VLOOKUP(AZ7,'Axe 2 Règles de gestion'!$D$2:$F$51,3, FALSE) -> La date de fin réelle du congé/absence doit être antérieure ou égale à la date limite de fin réelle ou prévisionnelle du lien juridique. | BB7: ABS_C_006 | BC7: =VLOOKUP(BB7,'Axe 2 Règles de gestion'!$D$2:$F$51,3, FALSE) -> La date de fin prévisionnelle du congé/absence doit être antérieure ou égale à la date limite de fin réelle ou prévisionnelle du lien juridique. | BD7: ABS_C_007 | BE7: =VLOOKUP(BD7,'Axe 2 Règles de gestion'!$D$2:$F$51,3, FALSE) -> La date de fin réelle du congé/absence doit être antérieure à la date limite de départ à la retraite. | BF7: ABS_C_008 | BG7: =VLOOKUP(BF7,'Axe 2 Règles de gestion'!$D$2:$F$51,3, FALSE) -> La date de fin prévisionnelle du congé/absence doit être antérieure à la date limite de départ à la retraite. | BH7: ABS_C_009 | BI7: =VLOOKUP(BH7,'Axe 2 Règles de gestion'!$D$2:$F$51,3, FALSE) -> La date de fin réelle ou la date de fin prévisionnelle du congé/absence doit être saisie. | BJ7: ABS_C_019 | BK7: =VLOOKUP(BJ7,'Axe 2 Règles de gestion'!$D$2:$F$51,3, FALSE) -> Si l'absence ne commence pas par une demi-journée et si l'absence précédente ne finit pas par une demi journée, la date de début de l'absence saisie est postérieure à la date de fin réelle de l'absence précédente. | BL7: ABS_C_020 | BM7: =VLOOKUP(BL7,'Axe 2 Règles de gestion'!$D$2:$F$51,3, FALSE) -> Si l'absence ne commence pas par une demi-journée et si l'absence précédente ne finit pas par une demi journée, la date de début de l'absence saisie est postérieure à la date de fin prévisionnelle de l'absence précédente. | BN7: ABS_C_026 | BO7: =VLOOKUP(BN7,'Axe 2 Règles de gestion'!$D$2:$F$51,3, FALSE) -> Dans le cas d'un congé autre que CLM, CLD, CGM et CITIS, l'indicateur de requalification doit être à non et les impacts spécifiques à la requalification ne doivent pas être mobilisés ou l'impact rémunération est vide. | BP7: ABS_C_041 | BQ7: =VLOOKUP(BP7,'Axe 2 Règles de gestion'!$D$2:$F$51,3, FALSE) -> La période de référence du compteur de suivi du cumul total du congé saisi doit être initialisée sur une période allant du 01/01 au 31/12 de la même année.
A8: 19.00.00 | B8: M | C8: 43572.462 | D8: D0007 | E8: Congés/Absence | F8: S0060 | G8: Congé formation syndicale | H8: E0484 | I8: Congé pour formation syndicale | J8: Type de congé/absence saisi = 'Congé pour formation syndicale' | K8: A_COA_TYCOAB [Saisi] = 'CF005' | L8: T1636 | M8: Congé pour formation syndicale - Fin | N8: Modification | Q8: Contractuel | R8: P0003 | S8: Général | T8: Passant | U8: 40725 | W8: CFS_I_006 ET CFS_D_004 ET CDI_D_047 ET ABS_C_003 ET ABS_C_004 ET ABS_C_005 ET ABS_C_006 ET ABS_C_007 ET ABS_C_008 ET ABS_C_009 ET ABS_C_026 ET ABS_C_041 | X8: CFS_I_006 | Y8: =VLOOKUP(X8,'Axe 2 Règles de gestion'!$D$2:$F$51,3, FALSE) -> Lors de la reprise de fonctions, l'agent remet à son chef de service l'attestation d'assiduité délivrée à l'issue de son stage. | AJ8: CFS_D_004 | AK8: =VLOOKUP(AJ8,'Axe 2 Règles de gestion'!$D$2:$F$51,3, FALSE) -> Le congé est d'une durée maximale de 12 jours ouvrables par an. | AL8: CDI_D_047 | AM8: =VLOOKUP(AL8,'Axe 2 Règles de gestion'!$D$2:$F$51,3, FALSE) -> Les congés "Congé de formation de cadres et d'animateurs pour la jeunesse", "Congé pour siéger auprès d'une association, d'une mutuelle ou d'une instance de l'Etat ou d'une collectivité territoriale" et "Congé pour formation syndicale" ne peuvent se cumuler qu'à concurrence de 12 jours ouvrables pour une même année. | AT8: ABS_C_003 | AU8: =VLOOKUP(AT8,'Axe 2 Règles de gestion'!$D$2:$F$51,3, FALSE) -> La date de début du congé/absence doit être antérieure ou égale à la date de fin réelle du congé/absence. | AV8: ABS_C_004 | AW8: =VLOOKUP(AV8,'Axe 2 Règles de gestion'!$D$2:$F$51,3, FALSE) -> La date de début du congé/absence doit être antérieure ou égale à la date de fin prévisionnelle du congé/absence. | AX8: ABS_C_005 | AY8: =VLOOKUP(AX8,'Axe 2 Règles de gestion'!$D$2:$F$51,3, FALSE) -> La date de fin réelle du congé/absence doit être antérieure ou égale à la date limite de fin réelle ou prévisionnelle du lien juridique. | AZ8: ABS_C_006 | BA8: =VLOOKUP(AZ8,'Axe 2 Règles de gestion'!$D$2:$F$51,3, FALSE) -> La date de fin prévisionnelle du congé/absence doit être antérieure ou égale à la date limite de fin réelle ou prévisionnelle du lien juridique. | BB8: ABS_C_007 | BC8: =VLOOKUP(BB8,'Axe 2 Règles de gestion'!$D$2:$F$51,3, FALSE) -> La date de fin réelle du congé/absence doit être antérieure à la date limite de départ à la retraite. | BD8: ABS_C_008 | BE8: =VLOOKUP(BD8,'Axe 2 Règles de gestion'!$D$2:$F$51,3, FALSE) -> La date de fin prévisionnelle du congé/absence doit être antérieure à la date limite de départ à la retraite. | BF8: ABS_C_009 | BG8: =VLOOKUP(BF8,'Axe 2 Règles de gestion'!$D$2:$F$51,3, FALSE) -> La date de fin réelle ou la date de fin prévisionnelle du congé/absence doit être saisie. | BH8: ABS_C_026 | BI8: =VLOOKUP(BH8,'Axe 2 Règles de gestion'!$D$2:$F$51,3, FALSE) -> Dans le cas d'un congé autre que CLM, CLD, CGM et CITIS, l'indicateur de requalification doit être à non et les impacts spécifiques à la requalification ne doivent pas être mobilisés ou l'impact rémunération est vide. | BJ8: ABS_C_041 | BK8: =VLOOKUP(BJ8,'Axe 2 Règles de gestion'!$D$2:$F$51,3, FALSE) -> La période de référence du compteur de suivi du cumul total du congé saisi doit être initialisée sur une période allant du 01/01 au 31/12 de la même année.
A9: 19.00.00 | B9: M | C9: 43571.725 | D9: D0007 | E9: Congés/Absence | F9: S0060 | G9: Congé formation syndicale | H9: E0484 | I9: Congé pour formation syndicale | J9: Type de congé/absence saisi = 'Congé pour formation syndicale' | K9: A_COA_TYCOAB [Saisi] = 'CF005' | L9: T1177 | M9: Congé pour formation syndicale - Demande | N9: Création | Q9: Stagiaire ou auditeur ou élève | R9: P0004 | S9: Général | T9: Passant | U9: 40725 | W9: CFS_I_002 ET CFS_I_001 ET CFS_I_003 ET CFS_I_004 ET CFS_I_005 ET CFS_D_002 ET CDI_D_045 ET CFS_D_001 ET ABS_C_001 ET ABS_C_003 ET ABS_C_004 ET ABS_C_007 ET ABS_C_008 ET ABS_C_009 ET ABS_C_019 ET ABS_C_020 ET ABS_C_026 ET ABS_C_041 | X9: CFS_I_002 | Y9: =VLOOKUP(X9,'Axe 2 Règles de gestion'!$D$2:$F$51,3, FALSE) -> Le congé est accordé pour effectuer un stage ou suivre une session dans l'un des centres ou instituts qui figurent sur une liste arrêtée tous les 3 ans par le ministre chargé de la fonction publique. | Z9: CFS_I_001 | AA9: =VLOOKUP(Z9,'Axe 2 Règles de gestion'!$D$2:$F$51,3, FALSE) -> L'agent doit formuler sa demande par écrit au chef de service au moins 1 mois à l'avance. | AB9: CFS_I_003 | AC9: =VLOOKUP(AB9,'Axe 2 Règles de gestion'!$D$2:$F$51,3, FALSE) -> Le congé est réputé accordé, à défaut de réponse expresse de l'administration au plus tard le 15ème jour qui précède le début du stage ou de la session. | AD9: CFS_I_004 | AE9: =VLOOKUP(AD9,'Axe 2 Règles de gestion'!$D$2:$F$51,3, FALSE) -> L'administration ne peut refuser le bénéfice du congé que pour des raisons liées aux nécessités du service. | AF9: CFS_I_005 | AG9: =VLOOKUP(AF9,'Axe 2 Règles de gestion'!$D$2:$F$51,3, FALSE) -> La commission administrative paritaire ou la commission d'avancement est informée de la décision de rejet ainsi que des motifs de refus. | AJ9: CFS_D_002 | AK9: =VLOOKUP(AJ9,'Axe 2 Règles de gestion'!$D$2:$F$51,3, FALSE) -> Le congé de formation syndicale est d'une durée maximale de 12 jours ouvrables par an. | AL9: CDI_D_045 | AM9: =VLOOKUP(AL9,'Axe 2 Règles de gestion'!$D$2:$F$51,3, FALSE) -> Les congés "Congé de citoyenneté", "Congé pour siéger auprès d'une association, d'une mutuelle ou d'une instance de l'Etat ou d'une collectivité territoriale" et "Congé pour formation syndicale" ne peuvent se cumuler qu'à concurrence de 12 jours ouvrables pour une même année. | AN9: CFS_D_001 | AO9: =VLOOKUP(AN9,'Axe 2 Règles de gestion'!$D$2:$F$51,3, FALSE) -> L'agent doit être en activité. | AT9: ABS_C_001 | AU9: =VLOOKUP(AT9,'Axe 2 Règles de gestion'!$D$2:$F$51,3, FALSE) -> La date de début du congé/absence doit être postérieure ou égale à la date de recrutement dans la FPE ou dans la carrière militaire. | AV9: ABS_C_003 | AW9: =VLOOKUP(AV9,'Axe 2 Règles de gestion'!$D$2:$F$51,3, FALSE) -> La date de début du congé/absence doit être antérieure ou égale à la date de fin réelle du congé/absence. | AX9: ABS_C_004 | AY9: =VLOOKUP(AX9,'Axe 2 Règles de gestion'!$D$2:$F$51,3, FALSE) -> La date de début du congé/absence doit être antérieure ou égale à la date de fin prévisionnelle du congé/absence. | AZ9: ABS_C_007 | BA9: =VLOOKUP(AZ9,'Axe 2 Règles de gestion'!$D$2:$F$51,3, FALSE) -> La date de fin réelle du congé/absence doit être antérieure à la date limite de départ à la retraite. | BB9: ABS_C_008 | BC9: =VLOOKUP(BB9,'Axe 2 Règles de gestion'!$D$2:$F$51,3, FALSE) -> La date de fin prévisionnelle du congé/absence doit être antérieure à la date limite de départ à la retraite. | BD9: ABS_C_009 | BE9: =VLOOKUP(BD9,'Axe 2 Règles de gestion'!$D$2:$F$51,3, FALSE) -> La date de fin réelle ou la date de fin prévisionnelle du congé/absence doit être saisie. | BF9: ABS_C_019 | BG9: =VLOOKUP(BF9,'Axe 2 Règles de gestion'!$D$2:$F$51,3, FALSE) -> Si l'absence ne commence pas par une demi-journée et si l'absence précédente ne finit pas par une demi journée, la date de début de l'absence saisie est postérieure à la date de fin réelle de l'absence précédente. | BH9: ABS_C_020 | BI9: =VLOOKUP(BH9,'Axe 2 Règles de gestion'!$D$2:$F$51,3, FALSE) -> Si l'absence ne commence pas par une demi-journée et si l'absence précédente ne finit pas par une demi journée, la date de début de l'absence saisie est postérieure à la date de fin prévisionnelle de l'absence précédente. | BJ9: ABS_C_026 | BK9: =VLOOKUP(BJ9,'Axe 2 Règles de gestion'!$D$2:$F$51,3, FALSE) -> Dans le cas d'un congé autre que CLM, CLD, CGM et CITIS, l'indicateur de requalification doit être à non et les impacts spécifiques à la requalification ne doivent pas être mobilisés ou l'impact rémunération est vide. | BL9: ABS_C_041 | BM9: =VLOOKUP(BL9,'Axe 2 Règles de gestion'!$D$2:$F$51,3, FALSE) -> La période de référence du compteur de suivi du cumul total du congé saisi doit être initialisée sur une période allant du 01/01 au 31/12 de la même année.
A10: 19.00.00 | B10: M | C10: 43572.461 | D10: D0007 | E10: Congés/Absence | F10: S0060 | G10: Congé formation syndicale | H10: E0484 | I10: Congé pour formation syndicale | J10: Type de congé/absence saisi = 'Congé pour formation syndicale' | K10: A_COA_TYCOAB [Saisi] = 'CF005' | L10: T1636 | M10: Congé pour formation syndicale - Fin | N10: Modification | Q10: Stagiaire ou auditeur ou élève | R10: P0004 | S10: Général | T10: Passant | U10: 40725 | W10: CFS_I_006 ET CFS_D_002 ET CDI_D_045 ET ABS_C_003 ET ABS_C_004 ET ABS_C_007 ET ABS_C_008 ET ABS_C_009 ET ABS_C_026 ET ABS_C_041 | X10: CFS_I_006 | Y10: =VLOOKUP(X10,'Axe 2 Règles de gestion'!$D$2:$F$51,3, FALSE) -> Lors de la reprise de fonctions, l'agent remet à son chef de service l'attestation d'assiduité délivrée à l'issue de son stage. | AJ10: CFS_D_002 | AK10: =VLOOKUP(AJ10,'Axe 2 Règles de gestion'!$D$2:$F$51,3, FALSE) -> Le congé de formation syndicale est d'une durée maximale de 12 jours ouvrables par an. | AL10: CDI_D_045 | AM10: =VLOOKUP(AL10,'Axe 2 Règles de gestion'!$D$2:$F$51,3, FALSE) -> Les congés "Congé de citoyenneté", "Congé pour siéger auprès d'une association, d'une mutuelle ou d'une instance de l'Etat ou d'une collectivité territoriale" et "Congé pour formation syndicale" ne peuvent se cumuler qu'à concurrence de 12 jours ouvrables pour une même année. | AT10: ABS_C_003 | AU10: =VLOOKUP(AT10,'Axe 2 Règles de gestion'!$D$2:$F$51,3, FALSE) -> La date de début du congé/absence doit être antérieure ou égale à la date de fin réelle du congé/absence. | AV10: ABS_C_004 | AW10: =VLOOKUP(AV10,'Axe 2 Règles de gestion'!$D$2:$F$51,3, FALSE) -> La date de début du congé/absence doit être antérieure ou égale à la date de fin prévisionnelle du congé/absence. | AX10: ABS_C_007 | AY10: =VLOOKUP(AX10,'Axe 2 Règles de gestion'!$D$2:$F$51,3, FALSE) -> La date de fin réelle du congé/absence doit être antérieure à la date limite de départ à la retraite. | AZ10: ABS_C_008 | BA10: =VLOOKUP(AZ10,'Axe 2 Règles de gestion'!$D$2:$F$51,3, FALSE) -> La date de fin prévisionnelle du congé/absence doit être antérieure à la date limite de départ à la retraite. | BB10: ABS_C_009 | BC10: =VLOOKUP(BB10,'Axe 2 Règles de gestion'!$D$2:$F$51,3, FALSE) -> La date de fin réelle ou la date de fin prévisionnelle du congé/absence doit être saisie. | BD10: ABS_C_026 | BE10: =VLOOKUP(BD10,'Axe 2 Règles de gestion'!$D$2:$F$51,3, FALSE) -> Dans le cas d'un congé autre que CLM, CLD, CGM et CITIS, l'indicateur de requalification doit être à non et les impacts spécifiques à la requalification ne doivent pas être mobilisés ou l'impact rémunération est vide. | BF10: ABS_C_041 | BG10: =VLOOKUP(BF10,'Axe 2 Règles de gestion'!$D$2:$F$51,3, FALSE) -> La période de référence du compteur de suivi du cumul total du congé saisi doit être initialisée sur une période allant du 01/01 au 31/12 de la même année.
A11: 19.00.00 | B11: M | C11: 43571.733 | D11: D0007 | E11: Congés/Absence | F11: S0060 | G11: Congé formation syndicale | H11: E0484 | I11: Congé pour formation syndicale | J11: Type de congé/absence saisi = 'Congé pour formation syndicale' | K11: A_COA_TYCOAB [Saisi] = 'CF005' | L11: T1177 | M11: Congé pour formation syndicale - Demande | N11: Création | Q11: Ouvrier d'état | R11: P0005 | S11: Général | T11: Passant | U11: 40725 | W11: CFS_I_002 ET CFS_I_001 ET CFS_I_003 ET CFS_I_004 ET CFS_I_005 ET CFS_D_004 ET CDI_D_047 ET CFS_D_014 ET ABS_C_002 ET ABS_C_003 ET ABS_C_004 ET ABS_C_005 ET ABS_C_006 ET ABS_C_007 ET ABS_C_008 ET ABS_C_009 ET ABS_C_019 ET ABS_C_020 ET ABS_C_026 ET ABS_C_041 | X11: CFS_I_002 | Y11: =VLOOKUP(X11,'Axe 2 Règles de gestion'!$D$2:$F$51,3, FALSE) -> Le congé est accordé pour effectuer un stage ou suivre une session dans l'un des centres ou instituts qui figurent sur une liste arrêtée tous les 3 ans par le ministre chargé de la fonction publique. | Z11: CFS_I_001 | AA11: =VLOOKUP(Z11,'Axe 2 Règles de gestion'!$D$2:$F$51,3, FALSE) -> L'agent doit formuler sa demande par écrit au chef de service au moins 1 mois à l'avance. | AB11: CFS_I_003 | AC11: =VLOOKUP(AB11,'Axe 2 Règles de gestion'!$D$2:$F$51,3, FALSE) -> Le congé est réputé accordé, à défaut de réponse expresse de l'administration au plus tard le 15ème jour qui précède le début du stage ou de la session. | AD11: CFS_I_004 | AE11: =VLOOKUP(AD11,'Axe 2 Règles de gestion'!$D$2:$F$51,3, FALSE) -> L'administration ne peut refuser le bénéfice du congé que pour des raisons liées aux nécessités du service. | AF11: CFS_I_005 | AG11: =VLOOKUP(AF11,'Axe 2 Règles de gestion'!$D$2:$F$51,3, FALSE) -> La commission administrative paritaire ou la commission d'avancement est informée de la décision de rejet ainsi que des motifs de refus. | AJ11: CFS_D_004 | AK11: =VLOOKUP(AJ11,'Axe 2 Règles de gestion'!$D$2:$F$51,3, FALSE) -> Le congé est d'une durée maximale de 12 jours ouvrables par an. | AL11: CDI_D_047 | AM11: =VLOOKUP(AL11,'Axe 2 Règles de gestion'!$D$2:$F$51,3, FALSE) -> Les congés "Congé de formation de cadres et d'animateurs pour la jeunesse", "Congé pour siéger auprès d'une association, d'une mutuelle ou d'une instance de l'Etat ou d'une collectivité territoriale" et "Congé pour formation syndicale" ne peuvent se cumuler qu'à concurrence de 12 jours ouvrables pour une même année. | AN11: CFS_D_014 | AO11: =VLOOKUP(AN11,'Axe 2 Règles de gestion'!$D$2:$F$51,3, FALSE) -> L'agent doit être en activité. | AT11: ABS_C_002 | AU11: =VLOOKUP(AT11,'Axe 2 Règles de gestion'!$D$2:$F$51,3, FALSE) -> La date de début du congé/absence doit être postérieure ou égale à la date de début du lien juridique. | AV11: ABS_C_003 | AW11: =VLOOKUP(AV11,'Axe 2 Règles de gestion'!$D$2:$F$51,3, FALSE) -> La date de début du congé/absence doit être antérieure ou égale à la date de fin réelle du congé/absence. | AX11: ABS_C_004 | AY11: =VLOOKUP(AX11,'Axe 2 Règles de gestion'!$D$2:$F$51,3, FALSE) -> La date de début du congé/absence doit être antérieure ou égale à la date de fin prévisionnelle du congé/absence. | AZ11: ABS_C_005 | BA11: =VLOOKUP(AZ11,'Axe 2 Règles de gestion'!$D$2:$F$51,3, FALSE) -> La date de fin réelle du congé/absence doit être antérieure ou égale à la date limite de fin réelle ou prévisionnelle du lien juridique. | BB11: ABS_C_006 | BC11: =VLOOKUP(BB11,'Axe 2 Règles de gestion'!$D$2:$F$51,3, FALSE) -> La date de fin prévisionnelle du congé/absence doit être antérieure ou égale à la date limite de fin réelle ou prévisionnelle du lien juridique. | BD11: ABS_C_007 | BE11: =VLOOKUP(BD11,'Axe 2 Règles de gestion'!$D$2:$F$51,3, FALSE) -> La date de fin réelle du congé/absence doit être antérieure à la date limite de départ à la retraite. | BF11: ABS_C_008 | BG11: =VLOOKUP(BF11,'Axe 2 Règles de gestion'!$D$2:$F$51,3, FALSE) -> La date de fin prévisionnelle du congé/absence doit être antérieure à la date limite de départ à la retraite. | BH11: ABS_C_009 | BI11: =VLOOKUP(BH11,'Axe 2 Règles de gestion'!$D$2:$F$51,3, FALSE) -> La date de fin réelle ou la date de fin prévisionnelle du congé/absence doit être saisie. | BJ11: ABS_C_019 | BK11: =VLOOKUP(BJ11,'Axe 2 Règles de gestion'!$D$2:$F$51,3, FALSE) -> Si l'absence ne commence pas par une demi-journée et si l'absence précédente ne finit pas par une demi journée, la date de début de l'absence saisie est postérieure à la date de fin réelle de l'absence précédente. | BL11: ABS_C_020 | BM11: =VLOOKUP(BL11,'Axe 2 Règles de gestion'!$D$2:$F$51,3, FALSE) -> Si l'absence ne commence pas par une demi-journée et si l'absence précédente ne finit pas par une demi journée, la date de début de l'absence saisie est postérieure à la date de fin prévisionnelle de l'absence précédente. | BN11: ABS_C_026 | BO11: =VLOOKUP(BN11,'Axe 2 Règles de gestion'!$D$2:$F$51,3, FALSE) -> Dans le cas d'un congé autre que CLM, CLD, CGM et CITIS, l'indicateur de requalification doit être à non et les impacts spécifiques à la requalification ne doivent pas être mobilisés ou l'impact rémunération est vide. | BP11: ABS_C_041 | BQ11: =VLOOKUP(BP11,'Axe 2 Règles de gestion'!$D$2:$F$51,3, FALSE) -> La période de référence du compteur de suivi du cumul total du congé saisi doit être initialisée sur une période allant du 01/01 au 31/12 de la même année.
A12: 19.00.00 | B12: M | C12: 43572.462 | D12: D0007 | E12: Congés/Absence | F12: S0060 | G12: Congé formation syndicale | H12: E0484 | I12: Congé pour formation syndicale | J12: Type de congé/absence saisi = 'Congé pour formation syndicale' | K12: A_COA_TYCOAB [Saisi] = 'CF005' | L12: T1636 | M12: Congé pour formation syndicale - Fin | N12: Modification | Q12: Ouvrier d'état | R12: P0005 | S12: Général | T12: Passant | U12: 40725 | W12: CFS_I_006 ET CFS_D_004 ET CDI_D_047 ET ABS_C_003 ET ABS_C_004 ET ABS_C_005 ET ABS_C_006 ET ABS_C_007 ET ABS_C_008 ET ABS_C_009 ET ABS_C_026 ET ABS_C_041 | X12: CFS_I_006 | Y12: =VLOOKUP(X12,'Axe 2 Règles de gestion'!$D$2:$F$51,3, FALSE) -> Lors de la reprise de fonctions, l'agent remet à son chef de service l'attestation d'assiduité délivrée à l'issue de son stage. | AJ12: CFS_D_004 | AK12: =VLOOKUP(AJ12,'Axe 2 Règles de gestion'!$D$2:$F$51,3, FALSE) -> Le congé est d'une durée maximale de 12 jours ouvrables par an. | AL12: CDI_D_047 | AM12: =VLOOKUP(AL12,'Axe 2 Règles de gestion'!$D$2:$F$51,3, FALSE) -> Les congés "Congé de formation de cadres et d'animateurs pour la jeunesse", "Congé pour siéger auprès d'une association, d'une mutuelle ou d'une instance de l'Etat ou d'une collectivité territoriale" et "Congé pour formation syndicale" ne peuvent se cumuler qu'à concurrence de 12 jours ouvrables pour une même année. | AT12: ABS_C_003 | AU12: =VLOOKUP(AT12,'Axe 2 Règles de gestion'!$D$2:$F$51,3, FALSE) -> La date de début du congé/absence doit être antérieure ou égale à la date de fin réelle du congé/absence. | AV12: ABS_C_004 | AW12: =VLOOKUP(AV12,'Axe 2 Règles de gestion'!$D$2:$F$51,3, FALSE) -> La date de début du congé/absence doit être antérieure ou égale à la date de fin prévisionnelle du congé/absence. | AX12: ABS_C_005 | AY12: =VLOOKUP(AX12,'Axe 2 Règles de gestion'!$D$2:$F$51,3, FALSE) -> La date de fin réelle du congé/absence doit être antérieure ou égale à la date limite de fin réelle ou prévisionnelle du lien juridique. | AZ12: ABS_C_006 | BA12: =VLOOKUP(AZ12,'Axe 2 Règles de gestion'!$D$2:$F$51,3, FALSE) -> La date de fin prévisionnelle du congé/absence doit être antérieure ou égale à la date limite de fin réelle ou prévisionnelle du lien juridique. | BB12: ABS_C_007 | BC12: =VLOOKUP(BB12,'Axe 2 Règles de gestion'!$D$2:$F$51,3, FALSE) -> La date de fin réelle du congé/absence doit être antérieure à la date limite de départ à la retraite. | BD12: ABS_C_008 | BE12: =VLOOKUP(BD12,'Axe 2 Règles de gestion'!$D$2:$F$51,3, FALSE) -> La date de fin prévisionnelle du congé/absence doit être antérieure à la date limite de départ à la retraite. | BF12: ABS_C_009 | BG12: =VLOOKUP(BF12,'Axe 2 Règles de gestion'!$D$2:$F$51,3, FALSE) -> La date de fin réelle ou la date de fin prévisionnelle du congé/absence doit être saisie. | BH12: ABS_C_026 | BI12: =VLOOKUP(BH12,'Axe 2 Règles de gestion'!$D$2:$F$51,3, FALSE) -> Dans le cas d'un congé autre que CLM, CLD, CGM et CITIS, l'indicateur de requalification doit être à non et les impacts spécifiques à la requalification ne doivent pas être mobilisés ou l'impact rémunération est vide. | BJ12: ABS_C_041 | BK12: =VLOOKUP(BJ12,'Axe 2 Règles de gestion'!$D$2:$F$51,3, FALSE) -> La période de référence du compteur de suivi du cumul total du congé saisi doit être initialisée sur une période allant du 01/01 au 31/12 de la même année.
A13: 17.10.00 | B13: A | C13: 43152.5 | D13: D0007 | E13: Congés/Absence | F13: S0060 | G13: Congé formation syndicale | H13: E0484 | I13: Congé pour formation syndicale | J13: Type de congé/absence saisi = 'Congé pour formation syndicale' | K13: A_COA_TYCOAB [Saisi] = 'CF005' | L13: T1177 | M13: Congé pour formation syndicale - Demande | N13: Création | Q13: Magistrat de l'ordre judiciaire | R13: P0007 | S13: Particulier | T13: Exclu | U13: 40725
A14: 17.10.00 | B14: A | C14: 43152.5 | D14: D0007 | E14: Congés/Absence | F14: S0060 | G14: Congé formation syndicale | H14: E0484 | I14: Congé pour formation syndicale | J14: Type de congé/absence saisi = 'Congé pour formation syndicale' | K14: A_COA_TYCOAB [Saisi] = 'CF005' | L14: T1636 | M14: Congé pour formation syndicale - Fin | N14: Modification | Q14: Magistrat de l'ordre judiciaire | R14: P0007 | S14: Particulier | T14: Exclu | U14: 40725
A15: 17.10.00 | B15: A | C15: 43152.5 | D15: D0007 | E15: Congés/Absence | F15: S0060 | G15: Congé formation syndicale | H15: E0484 | I15: Congé pour formation syndicale | J15: Type de congé/absence saisi = 'Congé pour formation syndicale' | K15: A_COA_TYCOAB [Saisi] = 'CF005' | L15: T1177 | M15: Congé pour formation syndicale - Demande | N15: Création | Q15: Auditeur de justice | R15: P0009 | S15: Particulier | T15: Exclu | U15: 40725
A16: 17.10.00 | B16: A | C16: 43152.5 | D16: D0007 | E16: Congés/Absence | F16: S0060 | G16: Congé formation syndicale | H16: E0484 | I16: Congé pour formation syndicale | J16: Type de congé/absence saisi = 'Congé pour formation syndicale' | K16: A_COA_TYCOAB [Saisi] = 'CF005' | L16: T1636 | M16: Congé pour formation syndicale - Fin | N16: Modification | Q16: Auditeur de justice | R16: P0009 | S16: Particulier | T16: Exclu | U16: 40725
A17: 17.10.00 | B17: A | C17: 43152.5 | D17: D0007 | E17: Congés/Absence | F17: S0060 | G17: Congé formation syndicale | H17: E0484 | I17: Congé pour formation syndicale | J17: Type de congé/absence saisi = 'Congé pour formation syndicale' | K17: A_COA_TYCOAB [Saisi] = 'CF005' | L17: T1177 | M17: Congé pour formation syndicale - Demande | N17: Création | Q17: Préfet ou sous-préfet | R17: P0016 | S17: Particulier | T17: Exclu | U17: 40725
A18: 17.10.00 | B18: A | C18: 43152.5 | D18: D0007 | E18: Congés/Absence | F18: S0060 | G18: Congé formation syndicale | H18: E0484 | I18: Congé pour formation syndicale | J18: Type de congé/absence saisi = 'Congé pour formation syndicale' | K18: A_COA_TYCOAB [Saisi] = 'CF005' | L18: T1636 | M18: Congé pour formation syndicale - Fin | N18: Modification | Q18: Préfet ou sous-préfet | R18: P0016 | S18: Particulier | T18: Exclu | U18: 40725
A19: 17.10.00 | B19: A | C19: 43152.5 | D19: D0007 | E19: Congés/Absence | F19: S0060 | G19: Congé formation syndicale | H19: E0484 | I19: Congé pour formation syndicale | J19: Type de congé/absence saisi = 'Congé pour formation syndicale' | K19: A_COA_TYCOAB [Saisi] = 'CF005' | L19: T1177 | M19: Congé pour formation syndicale - Demande | N19: Création | Q19: Contractuel sous contrat PACTE ou contractuel en situation de handicap avant titularisation | R19: P0037 | S19: Particulier | T19: Exclu | U19: 40725
A20: 17.10.00 | B20: A | C20: 43152.5 | D20: D0007 | E20: Congés/Absence | F20: S0060 | G20: Congé formation syndicale | H20: E0484 | I20: Congé pour formation syndicale | J20: Type de congé/absence saisi = 'Congé pour formation syndicale' | K20: A_COA_TYCOAB [Saisi] = 'CF005' | L20: T1636 | M20: Congé pour formation syndicale - Fin | N20: Modification | Q20: Contractuel sous contrat PACTE ou contractuel en situation de handicap avant titularisation | R20: P0037 | S20: Particulier | T20: Exclu | U20: 40725
A21: 17.10.00 | B21: A | C21: 43152.5 | D21: D0007 | E21: Congés/Absence | F21: S0060 | G21: Congé formation syndicale | H21: E0484 | I21: Congé pour formation syndicale | J21: Type de congé/absence saisi = 'Congé pour formation syndicale' | K21: A_COA_TYCOAB [Saisi] = 'CF005' | L21: T1177 | M21: Congé pour formation syndicale - Demande | N21: Création | Q21: Conseiller ou avocat général à la Cour de cassation en service extraordinaire | R21: P0046 | S21: Particulier | T21: Exclu | U21: 40725
A22: 17.10.00 | B22: A | C22: 43152.5 | D22: D0007 | E22: Congés/Absence | F22: S0060 | G22: Congé formation syndicale | H22: E0484 | I22: Congé pour formation syndicale | J22: Type de congé/absence saisi = 'Congé pour formation syndicale' | K22: A_COA_TYCOAB [Saisi] = 'CF005' | L22: T1636 | M22: Congé pour formation syndicale - Fin | N22: Modification | Q22: Conseiller ou avocat général à la Cour de cassation en service extraordinaire | R22: P0046 | S22: Particulier | T22: Exclu | U22: 40725
A23: 17.10.00 | B23: A | C23: 43152.5 | D23: D0007 | E23: Congés/Absence | F23: S0060 | G23: Congé formation syndicale | H23: E0484 | I23: Congé pour formation syndicale | J23: Type de congé/absence saisi = 'Congé pour formation syndicale' | K23: A_COA_TYCOAB [Saisi] = 'CF005' | L23: T1177 | M23: Congé pour formation syndicale - Demande | N23: Création | Q23: Personnel civil payé à l'acte ou à la tâche | R23: P0054 | S23: Particulier | T23: Exclu | U23: 40725
A24: 17.10.00 | B24: A | C24: 43152.5 | D24: D0007 | E24: Congés/Absence | F24: S0060 | G24: Congé formation syndicale | H24: E0484 | I24: Congé pour formation syndicale | J24: Type de congé/absence saisi = 'Congé pour formation syndicale' | K24: A_COA_TYCOAB [Saisi] = 'CF005' | L24: T1636 | M24: Congé pour formation syndicale - Fin | N24: Modification | Q24: Personnel civil payé à l'acte ou à la tâche | R24: P0054 | S24: Particulier | T24: Exclu | U24: 40725
... A26: 19.00.00 | B26: A | C26: 43572.474 | D26: D0007 | E26: Congés/Absence | F26: S0060 | G26: Congé formation syndicale | H26: E0484 | I26: Congé pour formation syndicale | J26: Type de congé/absence saisi = 'Congé pour formation syndicale' | K26: A_COA_TYCOAB [Saisi] = 'CF005' | L26: T1636 | M26: Congé pour formation syndicale - Fin | N26: Modification | Q26: Contractuel de droit privé | R26: P0072 | S26: Particulier | T26: Exclu | U26: 40725
A27: 25.10.00 | B27: A | C27: 45995.671 | D27: D0007 | E27: Congés/Absence | F27: S0060 | G27: Congé formation syndicale | H27: E0484 | I27: Congé pour formation syndicale | J27: Type de congé/absence saisi = 'Congé pour formation syndicale' | K27: A_COA_TYCOAB [Saisi] = 'CF005' | L27: T1177 | M27: Congé pour formation syndicale - Demande | N27: Création | Q27: Ouvrier des parcs et ateliers confirmé ou stagiaire | R27: P0143 | S27: Particulier | T27: Passant | U27: 45901 | W27: CFS_I_012 ET CFS_I_002 ET CFS_I_001 ET CFS_I_003 ET CFS_I_004 ET CFS_I_005 ET CFS_D_002 ET CDI_D_045 ET CFS_D_001 ET ABS_C_041 ET ABS_C_001 ET ABS_C_003 ET ABS_C_004 ET ABS_C_007 ET ABS_C_008 ET ABS_C_019 ET ABS_C_020 ET ABS_C_009 ET ABS_C_026 | X27: CFS_I_012 | Y27: =VLOOKUP(X27,'Axe 2 Règles de gestion'!$D$2:$F$51,3, FALSE) -> L'agent bénéficie des dispositions applicables aux agents titulaires pour le congé pour formation syndicale. | Z27: CFS_I_002 | AA27: =VLOOKUP(Z27,'Axe 2 Règles de gestion'!$D$2:$F$51,3, FALSE) -> Le congé est accordé pour effectuer un stage ou suivre une session dans l'un des centres ou instituts qui figurent sur une liste arrêtée tous les 3 ans par le ministre chargé de la fonction publique. | AB27: CFS_I_001 | AC27: =VLOOKUP(AB27,'Axe 2 Règles de gestion'!$D$2:$F$51,3, FALSE) -> L'agent doit formuler sa demande par écrit au chef de service au moins 1 mois à l'avance. | AD27: CFS_I_003 | AE27: =VLOOKUP(AD27,'Axe 2 Règles de gestion'!$D$2:$F$51,3, FALSE) -> Le congé est réputé accordé, à défaut de réponse expresse de l'administration au plus tard le 15ème jour qui précède le début du stage ou de la session. | AF27: CFS_I_004 | AG27: =VLOOKUP(AF27,'Axe 2 Règles de gestion'!$D$2:$F$51,3, FALSE) -> L'administration ne peut refuser le bénéfice du congé que pour des raisons liées aux nécessités du service. | AH27: CFS_I_005 | AI27: =VLOOKUP(AH27,'Axe 2 Règles de gestion'!$D$2:$F$51,3, FALSE) -> La commission administrative paritaire ou la commission d'avancement est informée de la décision de rejet ainsi que des motifs de refus. | AJ27: CFS_D_002 | AK27: =VLOOKUP(AJ27,'Axe 2 Règles de gestion'!$D$2:$F$51,3, FALSE) -> Le congé de formation syndicale est d'une durée maximale de 12 jours ouvrables par an. | AL27: CDI_D_045 | AM27: =VLOOKUP(AL27,'Axe 2 Règles de gestion'!$D$2:$F$51,3, FALSE) -> Les congés "Congé de citoyenneté", "Congé pour siéger auprès d'une association, d'une mutuelle ou d'une instance de l'Etat ou d'une collectivité territoriale" et "Congé pour formation syndicale" ne peuvent se cumuler qu'à concurrence de 12 jours ouvrables pour une même année. | AN27: CFS_D_001 | AO27: =VLOOKUP(AN27,'Axe 2 Règles de gestion'!$D$2:$F$51,3, FALSE) -> L'agent doit être en activité. | AT27: ABS_C_041 | AU27: =VLOOKUP(AT27,'Axe 2 Règles de gestion'!$D$2:$F$51,3, FALSE) -> La période de référence du compteur de suivi du cumul total du congé saisi doit être initialisée sur une période allant du 01/01 au 31/12 de la même année. | AV27: ABS_C_001 | AW27: =VLOOKUP(AV27,'Axe 2 Règles de gestion'!$D$2:$F$51,3, FALSE) -> La date de début du congé/absence doit être postérieure ou égale à la date de recrutement dans la FPE ou dans la carrière militaire. | AX27: ABS_C_003 | AY27: =VLOOKUP(AX27,'Axe 2 Règles de gestion'!$D$2:$F$51,3, FALSE) -> La date de début du congé/absence doit être antérieure ou égale à la date de fin réelle du congé/absence. | AZ27: ABS_C_004 | BA27: =VLOOKUP(AZ27,'Axe 2 Règles de gestion'!$D$2:$F$51,3, FALSE) -> La date de début du congé/absence doit être antérieure ou égale à la date de fin prévisionnelle du congé/absence. | BB27: ABS_C_007 | BC27: =VLOOKUP(BB27,'Axe 2 Règles de gestion'!$D$2:$F$51,3, FALSE) -> La date de fin réelle du congé/absence doit être antérieure à la date limite de départ à la retraite. | BD27: ABS_C_008 | BE27: =VLOOKUP(BD27,'Axe 2 Règles de gestion'!$D$2:$F$51,3, FALSE) -> La date de fin prévisionnelle du congé/absence doit être antérieure à la date limite de départ à la retraite. | BF27: ABS_C_019 | BG27: =VLOOKUP(BF27,'Axe 2 Règles de gestion'!$D$2:$F$51,3, FALSE) -> Si l'absence ne commence pas par une demi-journée et si l'absence précédente ne finit pas par une demi journée, la date de début de l'absence saisie est postérieure à la date de fin réelle de l'absence précédente. | BH27: ABS_C_020 | BI27: =VLOOKUP(BH27,'Axe 2 Règles de gestion'!$D$2:$F$51,3, FALSE) -> Si l'absence ne commence pas par une demi-journée et si l'absence précédente ne finit pas par une demi journée, la date de début de l'absence saisie est postérieure à la date de fin prévisionnelle de l'absence précédente. | BJ27: ABS_C_009 | BK27: =VLOOKUP(BJ27,'Axe 2 Règles de gestion'!$D$2:$F$51,3, FALSE) -> La date de fin réelle ou la date de fin prévisionnelle du congé/absence doit être saisie. | BL27: ABS_C_026 | BM27: =VLOOKUP(BL27,'Axe 2 Règles de gestion'!$D$2:$F$51,3, FALSE) -> Dans le cas d'un congé autre que CLM, CLD, CGM et CITIS, l'indicateur de requalification doit être à non et les impacts spécifiques à la requalification ne doivent pas être mobilisés ou l'impact rémunération est vide. | BT27: 2025-119
A28: 25.10.00 | B28: A | C28: 45995.67 | D28: D0007 | E28: Congés/Absence | F28: S0060 | G28: Congé formation syndicale | H28: E0484 | I28: Congé pour formation syndicale | J28: Type de congé/absence saisi = 'Congé pour formation syndicale' | K28: A_COA_TYCOAB [Saisi] = 'CF005' | L28: T1636 | M28: Congé pour formation syndicale - Fin | N28: Modification | Q28: Ouvrier des parcs et ateliers confirmé ou stagiaire | R28: P0143 | S28: Particulier | T28: Passant | U28: 45901 | W28: CFS_I_012 ET CFS_I_006 ET CFS_D_002 ET CDI_D_045 ET ABS_C_003 ET ABS_C_004 ET ABS_C_007 ET ABS_C_008 ET ABS_C_009 ET ABS_C_026 ET ABS_C_041 | X28: CFS_I_012 | Y28: =VLOOKUP(X28,'Axe 2 Règles de gestion'!$D$2:$F$51,3, FALSE) -> L'agent bénéficie des dispositions applicables aux agents titulaires pour le congé pour formation syndicale. | Z28: CFS_I_006 | AA28: =VLOOKUP(Z28,'Axe 2 Règles de gestion'!$D$2:$F$51,3, FALSE) -> Lors de la reprise de fonctions, l'agent remet à son chef de service l'attestation d'assiduité délivrée à l'issue de son stage. | AJ28: CFS_D_002 | AK28: =VLOOKUP(AJ28,'Axe 2 Règles de gestion'!$D$2:$F$51,3, FALSE) -> Le congé de formation syndicale est d'une durée maximale de 12 jours ouvrables par an. | AL28: CDI_D_045 | AM28: =VLOOKUP(AL28,'Axe 2 Règles de gestion'!$D$2:$F$51,3, FALSE) -> Les congés "Congé de citoyenneté", "Congé pour siéger auprès d'une association, d'une mutuelle ou d'une instance de l'Etat ou d'une collectivité territoriale" et "Congé pour formation syndicale" ne peuvent se cumuler qu'à concurrence de 12 jours ouvrables pour une même année. | AT28: ABS_C_003 | AU28: =VLOOKUP(AT28,'Axe 2 Règles de gestion'!$D$2:$F$51,3, FALSE) -> La date de début du congé/absence doit être antérieure ou égale à la date de fin réelle du congé/absence. | AV28: ABS_C_004 | AW28: =VLOOKUP(AV28,'Axe 2 Règles de gestion'!$D$2:$F$51,3, FALSE) -> La date de début du congé/absence doit être antérieure ou égale à la date de fin prévisionnelle du congé/absence. | AX28: ABS_C_007 | AY28: =VLOOKUP(AX28,'Axe 2 Règles de gestion'!$D$2:$F$51,3, FALSE) -> La date de fin réelle du congé/absence doit être antérieure à la date limite de départ à la retraite. | AZ28: ABS_C_008 | BA28: =VLOOKUP(AZ28,'Axe 2 Règles de gestion'!$D$2:$F$51,3, FALSE) -> La date de fin prévisionnelle du congé/absence doit être antérieure à la date limite de départ à la retraite. | BB28: ABS_C_009 | BC28: =VLOOKUP(BB28,'Axe 2 Règles de gestion'!$D$2:$F$51,3, FALSE) -> La date de fin réelle ou la date de fin prévisionnelle du congé/absence doit être saisie. | BD28: ABS_C_026 | BE28: =VLOOKUP(BD28,'Axe 2 Règles de gestion'!$D$2:$F$51,3, FALSE) -> Dans le cas d'un congé autre que CLM, CLD, CGM et CITIS, l'indicateur de requalification doit être à non et les impacts spécifiques à la requalification ne doivent pas être mobilisés ou l'impact rémunération est vide. | BF28: ABS_C_041 | BG28: =VLOOKUP(BF28,'Axe 2 Règles de gestion'!$D$2:$F$51,3, FALSE) -> La période de référence du compteur de suivi du cumul total du congé saisi doit être initialisée sur une période allant du 01/01 au 31/12 de la même année. | BT28: 2025-119
A29: 17.10.00 | B29: A | C29: 43152.5 | D29: D0007 | E29: Congés/Absence | F29: S0060 | G29: Congé formation syndicale | H29: E0484 | I29: Congé pour formation syndicale | J29: Type de congé/absence saisi = 'Congé pour formation syndicale' | K29: A_COA_TYCOAB [Saisi] = 'CF005' | L29: T1177 | M29: Congé pour formation syndicale - Demande | N29: Création | Q29: Préfet contractuel | R29: P0188 | S29: Particulier | T29: Exclu | U29: 40725
A30: 17.10.00 | B30: A | C30: 43152.5 | D30: D0007 | E30: Congés/Absence | F30: S0060 | G30: Congé formation syndicale | H30: E0484 | I30: Congé pour formation syndicale | J30: Type de congé/absence saisi = 'Congé pour formation syndicale' | K30: A_COA_TYCOAB [Saisi] = 'CF005' | L30: T1636 | M30: Congé pour formation syndicale - Fin | N30: Modification | Q30: Préfet contractuel | R30: P0188 | S30: Particulier | T30: Exclu | U30: 40725
A31: 17.10.00 | B31: A | C31: 43165.488 | D31: D0007 | E31: Congés/Absence | F31: S0060 | G31: Congé formation syndicale | H31: E0484 | I31: Congé pour formation syndicale | J31: Type de congé/absence saisi = 'Congé pour formation syndicale' | K31: A_COA_TYCOAB [Saisi] = 'CF005' | L31: T1177 | M31: Congé pour formation syndicale - Demande | N31: Création | Q31: Contractuel recruté pour présenter un concours administratif pour accéder à un corps ou cadre d'emplois de la fonction publique de l'Etat | R31: P0225 | S31: Particulier | T31: Exclu | U31: 43101
A32: 17.10.00 | B32: A | C32: 43165.488 | D32: D0007 | E32: Congés/Absence | F32: S0060 | G32: Congé formation syndicale | H32: E0484 | I32: Congé pour formation syndicale | J32: Type de congé/absence saisi = 'Congé pour formation syndicale' | K32: A_COA_TYCOAB [Saisi] = 'CF005' | L32: T1636 | M32: Congé pour formation syndicale - Fin | N32: Modification | Q32: Contractuel recruté pour présenter un concours administratif pour accéder à un corps ou cadre d'emplois de la fonction publique de l'Etat | R32: P0225 | S32: Particulier | T32: Exclu | U32: 43101
A33: 17.10.00 | B33: A | C33: 43152.5 | D33: D0007 | E33: Congés/Absence | F33: S0060 | G33: Congé formation syndicale | H33: E0485 | I33: Congé de formation économique, sociale et environnementale et de formation syndicale | J33: Type de congé/absence saisi égal 'Congé de formation économique, sociale et environnementale et de formation syndicale' | K33: A_COA_TYCOAB [Saisi] = 'CF012' | L33: T1178 | M33: Congé de formation économique, sociale et environnementale et de formation syndicale - Demande | N33: Création | Q33: Titulaire ou magistrat | R33: P0001 | S33: Général | T33: Exclu | U33: 40725
A34: 17.10.00 | B34: A | C34: 43152.5 | D34: D0007 | E34: Congés/Absence | F34: S0060 | G34: Congé formation syndicale | H34: E0485 | I34: Congé de formation économique, sociale et environnementale et de formation syndicale | J34: Type de congé/absence saisi égal 'Congé de formation économique, sociale et environnementale et de formation syndicale' | K34: A_COA_TYCOAB [Saisi] = 'CF012' | L34: T1744 | M34: Congé de formation économique, sociale et environnementale et de formation syndicale - Fin | N34: Modification | Q34: Titulaire ou magistrat | R34: P0001 | S34: Général | T34: Exclu | U34: 40725
A35: 22.10.00 | B35: A | C35: 44886.487 | D35: D0007 | E35: Congés/Absence | F35: S0060 | G35: Congé formation syndicale | H35: E0485 | I35: Congé de formation économique, sociale et environnementale et de formation syndicale | J35: Type de congé/absence saisi égal 'Congé de formation économique, sociale et environnementale et de formation syndicale' | K35: A_COA_TYCOAB [Saisi] = 'CF012' | L35: T1178 | M35: Congé de formation économique, sociale et environnementale et de formation syndicale - Demande | N35: Création | Q35: Militaire | R35: P0002 | S35: Général | T35: Exclu | U35: 43831
A36: 22.10.00 | B36: A | C36: 44886.487 | D36: D0007 | E36: Congés/Absence | F36: S0060 | G36: Congé formation syndicale | H36: E0485 | I36: Congé de formation économique, sociale et environnementale et de formation syndicale | J36: Type de congé/absence saisi égal 'Congé de formation économique, sociale et environnementale et de formation syndicale' | K36: A_COA_TYCOAB [Saisi] = 'CF012' | L36: T1744 | M36: Congé de formation économique, sociale et environnementale et de formation syndicale - Fin | N36: Modification | Q36: Militaire | R36: P0002 | S36: Général | T36: Exclu | U36: 43831
A37: 17.10.00 | B37: A | C37: 43152.5 | D37: D0007 | E37: Congés/Absence | F37: S0060 | G37: Congé formation syndicale | H37: E0485 | I37: Congé de formation économique, sociale et environnementale et de formation syndicale | J37: Type de congé/absence saisi égal 'Congé de formation économique, sociale et environnementale et de formation syndicale' | K37: A_COA_TYCOAB [Saisi] = 'CF012' | L37: T1178 | M37: Congé de formation économique, sociale et environnementale et de formation syndicale - Demande | N37: Création | Q37: Contractuel | R37: P0003 | S37: Général | T37: Exclu | U37: 40725
A38: 17.10.00 | B38: A | C38: 43152.5 | D38: D0007 | E38: Congés/Absence | F38: S0060 | G38: Congé formation syndicale | H38: E0485 | I38: Congé de formation économique, sociale et environnementale et de formation syndicale | J38: Type de congé/absence saisi égal 'Congé de formation économique, sociale et environnementale et de formation syndicale' | K38: A_COA_TYCOAB [Saisi] = 'CF012' | L38: T1744 | M38: Congé de formation économique, sociale et environnementale et de formation syndicale - Fin | N38: Modification | Q38: Contractuel | R38: P0003 | S38: Général | T38: Exclu | U38: 40725
A39: 17.10.00 | B39: A | C39: 43152.5 | D39: D0007 | E39: Congés/Absence | F39: S0060 | G39: Congé formation syndicale | H39: E0485 | I39: Congé de formation économique, sociale et environnementale et de formation syndicale | J39: Type de congé/absence saisi égal 'Congé de formation économique, sociale et environnementale et de formation syndicale' | K39: A_COA_TYCOAB [Saisi] = 'CF012' | L39: T1178 | M39: Congé de formation économique, sociale et environnementale et de formation syndicale - Demande | N39: Création | Q39: Stagiaire ou auditeur ou élève | R39: P0004 | S39: Général | T39: Exclu | U39: 40725
A40: 17.10.00 | B40: A | C40: 43152.5 | D40: D0007 | E40: Congés/Absence | F40: S0060 | G40: Congé formation syndicale | H40: E0485 | I40: Congé de formation économique, sociale et environnementale et de formation syndicale | J40: Type de congé/absence saisi égal 'Congé de formation économique, sociale et environnementale et de formation syndicale' | K40: A_COA_TYCOAB [Saisi] = 'CF012' | L40: T1744 | M40: Congé de formation économique, sociale et environnementale et de formation syndicale - Fin | N40: Modification | Q40: Stagiaire ou auditeur ou élève | R40: P0004 | S40: Général | T40: Exclu | U40: 40725
... A42: 17.10.00 | B42: A | C42: 43189.5 | D42: D0007 | E42: Congés/Absence | F42: S0060 | G42: Congé formation syndicale | H42: E0485 | I42: Congé de formation économique, sociale et environnementale et de formation syndicale | J42: Type de congé/absence saisi égal 'Congé de formation économique, sociale et environnementale et de formation syndicale' | K42: A_COA_TYCOAB [Saisi] = 'CF012' | L42: T1744 | M42: Congé de formation économique, sociale et environnementale et de formation syndicale - Fin | N42: Modification | Q42: Ouvrier d'état | R42: P0005 | S42: Général | T42: Exclu | U42: 40725
A43: 18.10.00 | B43: M | C43: 43538.742 | D43: D0007 | E43: Congés/Absence | F43: S0060 | G43: Congé formation syndicale | H43: E0485 | I43: Congé de formation économique, sociale et environnementale et de formation syndicale | J43: Type de congé/absence saisi égal 'Congé de formation économique, sociale et environnementale et de formation syndicale' | K43: A_COA_TYCOAB [Saisi] = 'CF012' | L43: T1178 | M43: Congé de formation économique, sociale et environnementale et de formation syndicale - Demande | N43: Création | Q43: Contractuel de droit privé | R43: P0072 | S43: Particulier | T43: Passant | U43: 40725 | V43: 41705 | W43: ABS_C_010 ET CFS_D_027 ET CFS_D_028 ET CFS_D_029 ET CFS_D_405 ET ABS_C_041 ET ABS_C_003 ET ABS_C_004 ET ABS_C_002 ET ABS_C_005 ET ABS_C_006 ET ABS_C_019 ET ABS_C_020 ET ABS_C_009 ET ABS_C_026 ET ABS_C_007 ET ABS_C_008 | AJ43: CFS_D_027 | AK43: =VLOOKUP(AJ43,'Axe 2 Règles de gestion'!$D$2:$F$51,3, FALSE) -> La durée totale des congés de formation économique et social et de formation syndicale pris dans l'année ne peut excéder 12 jours. | AL43: CFS_D_028 | AM43: =VLOOKUP(AL43,'Axe 2 Règles de gestion'!$D$2:$F$51,3, FALSE) -> La durée totale des congés de formation économique et social et de formation syndicale ne peut excéder 18 jours pour les animateurs des stages et sessions. | AN43: CFS_D_029 | AO43: =VLOOKUP(AN43,'Axe 2 Règles de gestion'!$D$2:$F$51,3, FALSE) -> La durée de chaque congé ne peut être inférieure à 2 jours (date de fin réelle de l'absence). | AP43: CFS_D_405 | AQ43: =VLOOKUP(AP43,'Axe 2 Règles de gestion'!$D$2:$F$51,3, FALSE) -> La durée de chaque congé ne peut être inférieure à 2 jours (date de fin prévisionnelle de l'absence). | AT43: ABS_C_010 | AU43: =VLOOKUP(AT43,'Axe 2 Règles de gestion'!$D$2:$F$51,3, FALSE) -> L'agent doit être en activité. | AV43: ABS_C_041 | AW43: =VLOOKUP(AV43,'Axe 2 Règles de gestion'!$D$2:$F$51,3, FALSE) -> La période de référence du compteur de suivi du cumul total du congé saisi doit être initialisée sur une période allant du 01/01 au 31/12 de la même année. | AX43: ABS_C_003 | AY43: =VLOOKUP(AX43,'Axe 2 Règles de gestion'!$D$2:$F$51,3, FALSE) -> La date de début du congé/absence doit être antérieure ou égale à la date de fin réelle du congé/absence. | AZ43: ABS_C_004 | BA43: =VLOOKUP(AZ43,'Axe 2 Règles de gestion'!$D$2:$F$51,3, FALSE) -> La date de début du congé/absence doit être antérieure ou égale à la date de fin prévisionnelle du congé/absence. | BB43: ABS_C_002 | BC43: =VLOOKUP(BB43,'Axe 2 Règles de gestion'!$D$2:$F$51,3, FALSE) -> La date de début du congé/absence doit être postérieure ou égale à la date de début du lien juridique. | BD43: ABS_C_005 | BE43: =VLOOKUP(BD43,'Axe 2 Règles de gestion'!$D$2:$F$51,3, FALSE) -> La date de fin réelle du congé/absence doit être antérieure ou égale à la date limite de fin réelle ou prévisionnelle du lien juridique. | BF43: ABS_C_006 | BG43: =VLOOKUP(BF43,'Axe 2 Règles de gestion'!$D$2:$F$51,3, FALSE) -> La date de fin prévisionnelle du congé/absence doit être antérieure ou égale à la date limite de fin réelle ou prévisionnelle du lien juridique. | BH43: ABS_C_019 | BI43: =VLOOKUP(BH43,'Axe 2 Règles de gestion'!$D$2:$F$51,3, FALSE) -> Si l'absence ne commence pas par une demi-journée et si l'absence précédente ne finit pas par une demi journée, la date de début de l'absence saisie est postérieure à la date de fin réelle de l'absence précédente. | BJ43: ABS_C_020 | BK43: =VLOOKUP(BJ43,'Axe 2 Règles de gestion'!$D$2:$F$51,3, FALSE) -> Si l'absence ne commence pas par une demi-journée et si l'absence précédente ne finit pas par une demi journée, la date de début de l'absence saisie est postérieure à la date de fin prévisionnelle de l'absence précédente. | BL43: ABS_C_009 | BM43: =VLOOKUP(BL43,'Axe 2 Règles de gestion'!$D$2:$F$51,3, FALSE) -> La date de fin réelle ou la date de fin prévisionnelle du congé/absence doit être saisie. | BN43: ABS_C_026 | BO43: =VLOOKUP(BN43,'Axe 2 Règles de gestion'!$D$2:$F$51,3, FALSE) -> Dans le cas d'un congé autre que CLM, CLD, CGM et CITIS, l'indicateur de requalification doit être à non et les impacts spécifiques à la requalification ne doivent pas être mobilisés ou l'impact rémunération est vide. | BP43: ABS_C_007 | BQ43: =VLOOKUP(BP43,'Axe 2 Règles de gestion'!$D$2:$F$51,3, FALSE) -> La date de fin réelle du congé/absence doit être antérieure à la date limite de départ à la retraite. | BR43: ABS_C_008 | BS43: =VLOOKUP(BR43,'Axe 2 Règles de gestion'!$D$2:$F$51,3, FALSE) -> La date de fin prévisionnelle du congé/absence doit être antérieure à la date limite de départ à la retraite.
A44: 22.10.00 | B44: M | C44: 44934.824 | D44: D0007 | E44: Congés/Absence | F44: S0060 | G44: Congé formation syndicale | H44: E0485 | I44: Congé de formation économique, sociale et environnementale et de formation syndicale | J44: Type de congé/absence saisi égal 'Congé de formation économique, sociale et environnementale et de formation syndicale' | K44: A_COA_TYCOAB [Saisi] = 'CF012' | L44: T1178 | M44: Congé de formation économique, sociale et environnementale et de formation syndicale - Demande | N44: Création | Q44: Contractuel de droit privé | R44: P0072 | S44: Particulier | T44: Passant | U44: 41706 | W44: CFS_I_009 ET CFS_I_008 ET CFS_I_007 ET CFS_I_010 ET CFS_D_502 ET CFS_D_500 ET CFS_D_501 ET CFS_D_503 ET CDI_D_708 ET ABS_C_010 ET ABS_C_002 ET ABS_C_003 ET ABS_C_004 ET ABS_C_005 ET ABS_C_006 ET ABS_C_007 ET ABS_C_008 ET ABS_C_009 ET ABS_C_019 ET ABS_C_020 ET ABS_C_026 ET ABS_C_041 | X44: CFS_I_009 | Y44: =VLOOKUP(X44,'Axe 2 Règles de gestion'!$D$2:$F$51,3, FALSE) -> L'agent informe son employeur au moins 30 jours avant le début du congé. Il précise la date et la durée de l'absence sollicitée ainsi que le nom de l'organisme responsable du stage ou de la session. | Z44: CFS_I_008 | AA44: =VLOOKUP(Z44,'Axe 2 Règles de gestion'!$D$2:$F$51,3, FALSE) -> La liste des centres et instituts dont les stages et sessions ouvrant droit à ce congé est établie par arrêté du ministre chargé du travail pris après avis des organisations syndicales de salariés. | AB44: CFS_I_007 | AC44: =VLOOKUP(AB44,'Axe 2 Règles de gestion'!$D$2:$F$51,3, FALSE) -> L'administration ne peut refuser le bénéfice du congé que pour des raisons liées aux nécessités du service. Le refus doit être motivé. | AD44: CFS_I_010 | AE44: =VLOOKUP(AD44,'Axe 2 Règles de gestion'!$D$2:$F$51,3, FALSE) -> Le refus est notifié à l'agent dans un délai de 8 jours à compter de la réception de sa demande. | AJ44: CFS_D_502 | AK44: =VLOOKUP(AJ44,'Axe 2 Règles de gestion'!$D$2:$F$51,3, FALSE) -> La durée de chaque congé ne peut être inférieure à 1/2 journée (date de fin réelle de l'absence). | AL44: CFS_D_500 | AM44: =VLOOKUP(AL44,'Axe 2 Règles de gestion'!$D$2:$F$51,3, FALSE) -> La durée totale des congés de formation économique, sociale et environnementale et de formation syndicale pris dans l'année ne peut excéder 12 jours. | AN44: CFS_D_501 | AO44: =VLOOKUP(AN44,'Axe 2 Règles de gestion'!$D$2:$F$51,3, FALSE) -> La durée totale des congés de formation économique, sociale et environnementale et de formation syndicale ne peut excéder 18 jours pour les animateurs des stages et sessions. | AP44: CFS_D_503 | AQ44: =VLOOKUP(AP44,'Axe 2 Règles de gestion'!$D$2:$F$51,3, FALSE) -> La durée de chaque congé ne peut être inférieure à 1/2 jour (date de fin prévisionnelle de l'absence). | AR44: CDI_D_708 | AS44: =VLOOKUP(AR44,'Axe 2 Règles de gestion'!$D$2:$F$51,3, FALSE) -> Les congés "Congé de citoyenneté ou de formation de cadres et d'animateurs pour la jeunesse" et "Congé de formation économique, sociale, environnementale et syndicale" ne peuvent se cumuler qu'à concurrence de 12 jours ouvrables pour une même année. | AT44: ABS_C_010 | AU44: =VLOOKUP(AT44,'Axe 2 Règles de gestion'!$D$2:$F$51,3, FALSE) -> L'agent doit être en activité. | AV44: ABS_C_002 | AW44: =VLOOKUP(AV44,'Axe 2 Règles de gestion'!$D$2:$F$51,3, FALSE) -> La date de début du congé/absence doit être postérieure ou égale à la date de début du lien juridique. | AX44: ABS_C_003 | AY44: =VLOOKUP(AX44,'Axe 2 Règles de gestion'!$D$2:$F$51,3, FALSE) -> La date de début du congé/absence doit être antérieure ou égale à la date de fin réelle du congé/absence. | AZ44: ABS_C_004 | BA44: =VLOOKUP(AZ44,'Axe 2 Règles de gestion'!$D$2:$F$51,3, FALSE) -> La date de début du congé/absence doit être antérieure ou égale à la date de fin prévisionnelle du congé/absence. | BB44: ABS_C_005 | BC44: =VLOOKUP(BB44,'Axe 2 Règles de gestion'!$D$2:$F$51,3, FALSE) -> La date de fin réelle du congé/absence doit être antérieure ou égale à la date limite de fin réelle ou prévisionnelle du lien juridique. | BD44: ABS_C_006 | BE44: =VLOOKUP(BD44,'Axe 2 Règles de gestion'!$D$2:$F$51,3, FALSE) -> La date de fin prévisionnelle du congé/absence doit être antérieure ou égale à la date limite de fin réelle ou prévisionnelle du lien juridique. | BF44: ABS_C_007 | BG44: =VLOOKUP(BF44,'Axe 2 Règles de gestion'!$D$2:$F$51,3, FALSE) -> La date de fin réelle du congé/absence doit être antérieure à la date limite de départ à la retraite. | BH44: ABS_C_008 | BI44: =VLOOKUP(BH44,'Axe 2 Règles de gestion'!$D$2:$F$51,3, FALSE) -> La date de fin prévisionnelle du congé/absence doit être antérieure à la date limite de départ à la retraite. | BJ44: ABS_C_009 | BK44: =VLOOKUP(BJ44,'Axe 2 Règles de gestion'!$D$2:$F$51,3, FALSE) -> La date de fin réelle ou la date de fin prévisionnelle du congé/absence doit être saisie. | BL44: ABS_C_019 | BM44: =VLOOKUP(BL44,'Axe 2 Règles de gestion'!$D$2:$F$51,3, FALSE) -> Si l'absence ne commence pas par une demi-journée et si l'absence précédente ne finit pas par une demi journée, la date de début de l'absence saisie est postérieure à la date de fin réelle de l'absence précédente. | BN44: ABS_C_020 | BO44: =VLOOKUP(BN44,'Axe 2 Règles de gestion'!$D$2:$F$51,3, FALSE) -> Si l'absence ne commence pas par une demi-journée et si l'absence précédente ne finit pas par une demi journée, la date de début de l'absence saisie est postérieure à la date de fin prévisionnelle de l'absence précédente. | BP44: ABS_C_026 | BQ44: =VLOOKUP(BP44,'Axe 2 Règles de gestion'!$D$2:$F$51,3, FALSE) -> Dans le cas d'un congé autre que CLM, CLD, CGM et CITIS, l'indicateur de requalification doit être à non et les impacts spécifiques à la requalification ne doivent pas être mobilisés ou l'impact rémunération est vide. | BR44: ABS_C_041 | BS44: =VLOOKUP(BR44,'Axe 2 Règles de gestion'!$D$2:$F$51,3, FALSE) -> La période de référence du compteur de suivi du cumul total du congé saisi doit être initialisée sur une période allant du 01/01 au 31/12 de la même année.
A45: 18.10.00 | B45: M | C45: 43538.748 | D45: D0007 | E45: Congés/Absence | F45: S0060 | G45: Congé formation syndicale | H45: E0485 | I45: Congé de formation économique, sociale et environnementale et de formation syndicale | J45: Type de congé/absence saisi égal 'Congé de formation économique, sociale et environnementale et de formation syndicale' | K45: A_COA_TYCOAB [Saisi] = 'CF012' | L45: T1744 | M45: Congé de formation économique, sociale et environnementale et de formation syndicale - Fin | N45: Modification | Q45: Contractuel de droit privé | R45: P0072 | S45: Particulier | T45: Passant | U45: 40725 | V45: 41705 | W45: CFS_D_027 ET CFS_D_028 ET CFS_D_029 ET CFS_D_405 ET ABS_C_041 ET ABS_C_003 ET ABS_C_004 ET ABS_C_005 ET ABS_C_006 ET ABS_C_009 ET ABS_C_007 ET ABS_C_008 ET ABS_C_026 | AJ45: CFS_D_027 | AK45: =VLOOKUP(AJ45,'Axe 2 Règles de gestion'!$D$2:$F$51,3, FALSE) -> La durée totale des congés de formation économique et social et de formation syndicale pris dans l'année ne peut excéder 12 jours. | AL45: CFS_D_028 | AM45: =VLOOKUP(AL45,'Axe 2 Règles de gestion'!$D$2:$F$51,3, FALSE) -> La durée totale des congés de formation économique et social et de formation syndicale ne peut excéder 18 jours pour les animateurs des stages et sessions. | AN45: CFS_D_029 | AO45: =VLOOKUP(AN45,'Axe 2 Règles de gestion'!$D$2:$F$51,3, FALSE) -> La durée de chaque congé ne peut être inférieure à 2 jours (date de fin réelle de l'absence). | AP45: CFS_D_405 | AQ45: =VLOOKUP(AP45,'Axe 2 Règles de gestion'!$D$2:$F$51,3, FALSE) -> La durée de chaque congé ne peut être inférieure à 2 jours (date de fin prévisionnelle de l'absence). | AT45: ABS_C_041 | AU45: =VLOOKUP(AT45,'Axe 2 Règles de gestion'!$D$2:$F$51,3, FALSE) -> La période de référence du compteur de suivi du cumul total du congé saisi doit être initialisée sur une période allant du 01/01 au 31/12 de la même année. | AV45: ABS_C_003 | AW45: =VLOOKUP(AV45,'Axe 2 Règles de gestion'!$D$2:$F$51,3, FALSE) -> La date de début du congé/absence doit être antérieure ou égale à la date de fin réelle du congé/absence. | AX45: ABS_C_004 | AY45: =VLOOKUP(AX45,'Axe 2 Règles de gestion'!$D$2:$F$51,3, FALSE) -> La date de début du congé/absence doit être antérieure ou égale à la date de fin prévisionnelle du congé/absence. | AZ45: ABS_C_005 | BA45: =VLOOKUP(AZ45,'Axe 2 Règles de gestion'!$D$2:$F$51,3, FALSE) -> La date de fin réelle du congé/absence doit être antérieure ou égale à la date limite de fin réelle ou prévisionnelle du lien juridique. | BB45: ABS_C_006 | BC45: =VLOOKUP(BB45,'Axe 2 Règles de gestion'!$D$2:$F$51,3, FALSE) -> La date de fin prévisionnelle du congé/absence doit être antérieure ou égale à la date limite de fin réelle ou prévisionnelle du lien juridique. | BD45: ABS_C_009 | BE45: =VLOOKUP(BD45,'Axe 2 Règles de gestion'!$D$2:$F$51,3, FALSE) -> La date de fin réelle ou la date de fin prévisionnelle du congé/absence doit être saisie. | BF45: ABS_C_007 | BG45: =VLOOKUP(BF45,'Axe 2 Règles de gestion'!$D$2:$F$51,3, FALSE) -> La date de fin réelle du congé/absence doit être antérieure à la date limite de départ à la retraite. | BH45: ABS_C_008 | BI45: =VLOOKUP(BH45,'Axe 2 Règles de gestion'!$D$2:$F$51,3, FALSE) -> La date de fin prévisionnelle du congé/absence doit être antérieure à la date limite de départ à la retraite. | BJ45: ABS_C_026 | BK45: =VLOOKUP(BJ45,'Axe 2 Règles de gestion'!$D$2:$F$51,3, FALSE) -> Dans le cas d'un congé autre que CLM, CLD, CGM et CITIS, l'indicateur de requalification doit être à non et les impacts spécifiques à la requalification ne doivent pas être mobilisés ou l'impact rémunération est vide.
A46: 22.10.00 | B46: M | C46: 44934.824 | D46: D0007 | E46: Congés/Absence | F46: S0060 | G46: Congé formation syndicale | H46: E0485 | I46: Congé de formation économique, sociale et environnementale et de formation syndicale | J46: Type de congé/absence saisi égal 'Congé de formation économique, sociale et environnementale et de formation syndicale' | K46: A_COA_TYCOAB [Saisi] = 'CF012' | L46: T1744 | M46: Congé de formation économique, sociale et environnementale et de formation syndicale - Fin | N46: Modification | Q46: Contractuel de droit privé | R46: P0072 | S46: Particulier | T46: Passant | U46: 41706 | W46: CFS_I_011 ET CFS_D_502 ET CFS_D_500 ET CFS_D_501 ET CFS_D_503 ET CDI_D_708 ET ABS_C_003 ET ABS_C_004 ET ABS_C_005 ET ABS_C_006 ET ABS_C_007 ET ABS_C_008 ET ABS_C_009 ET ABS_C_026 ET ABS_C_041 | X46: CFS_I_011 | Y46: =VLOOKUP(X46,'Axe 2 Règles de gestion'!$D$2:$F$51,3, FALSE) -> Lors de la reprise de fonctions, l'agent remet à son chef de service l'attestation d'assiduité délivrée à l'issue de son stage. | AJ46: CFS_D_502 | AK46: =VLOOKUP(AJ46,'Axe 2 Règles de gestion'!$D$2:$F$51,3, FALSE) -> La durée de chaque congé ne peut être inférieure à 1/2 journée (date de fin réelle de l'absence). | AL46: CFS_D_500 | AM46: =VLOOKUP(AL46,'Axe 2 Règles de gestion'!$D$2:$F$51,3, FALSE) -> La durée totale des congés de formation économique, sociale et environnementale et de formation syndicale pris dans l'année ne peut excéder 12 jours. | AN46: CFS_D_501 | AO46: =VLOOKUP(AN46,'Axe 2 Règles de gestion'!$D$2:$F$51,3, FALSE) -> La durée totale des congés de formation économique, sociale et environnementale et de formation syndicale ne peut excéder 18 jours pour les animateurs des stages et sessions. | AP46: CFS_D_503 | AQ46: =VLOOKUP(AP46,'Axe 2 Règles de gestion'!$D$2:$F$51,3, FALSE) -> La durée de chaque congé ne peut être inférieure à 1/2 jour (date de fin prévisionnelle de l'absence). | AR46: CDI_D_708 | AS46: =VLOOKUP(AR46,'Axe 2 Règles de gestion'!$D$2:$F$51,3, FALSE) -> Les congés "Congé de citoyenneté ou de formation de cadres et d'animateurs pour la jeunesse" et "Congé de formation économique, sociale, environnementale et syndicale" ne peuvent se cumuler qu'à concurrence de 12 jours ouvrables pour une même année. | AT46: ABS_C_003 | AU46: =VLOOKUP(AT46,'Axe 2 Règles de gestion'!$D$2:$F$51,3, FALSE) -> La date de début du congé/absence doit être antérieure ou égale à la date de fin réelle du congé/absence. | AV46: ABS_C_004 | AW46: =VLOOKUP(AV46,'Axe 2 Règles de gestion'!$D$2:$F$51,3, FALSE) -> La date de début du congé/absence doit être antérieure ou égale à la date de fin prévisionnelle du congé/absence. | AX46: ABS_C_005 | AY46: =VLOOKUP(AX46,'Axe 2 Règles de gestion'!$D$2:$F$51,3, FALSE) -> La date de fin réelle du congé/absence doit être antérieure ou égale à la date limite de fin réelle ou prévisionnelle du lien juridique. | AZ46: ABS_C_006 | BA46: =VLOOKUP(AZ46,'Axe 2 Règles de gestion'!$D$2:$F$51,3, FALSE) -> La date de fin prévisionnelle du congé/absence doit être antérieure ou égale à la date limite de fin réelle ou prévisionnelle du lien juridique. | BB46: ABS_C_007 | BC46: =VLOOKUP(BB46,'Axe 2 Règles de gestion'!$D$2:$F$51,3, FALSE) -> La date de fin réelle du congé/absence doit être antérieure à la date limite de départ à la retraite. | BD46: ABS_C_008 | BE46: =VLOOKUP(BD46,'Axe 2 Règles de gestion'!$D$2:$F$51,3, FALSE) -> La date de fin prévisionnelle du congé/absence doit être antérieure à la date limite de départ à la retraite. | BF46: ABS_C_009 | BG46: =VLOOKUP(BF46,'Axe 2 Règles de gestion'!$D$2:$F$51,3, FALSE) -> La date de fin réelle ou la date de fin prévisionnelle du congé/absence doit être saisie. | BH46: ABS_C_026 | BI46: =VLOOKUP(BH46,'Axe 2 Règles de gestion'!$D$2:$F$51,3, FALSE) -> Dans le cas d'un congé autre que CLM, CLD, CGM et CITIS, l'indicateur de requalification doit être à non et les impacts spécifiques à la requalification ne doivent pas être mobilisés ou l'impact rémunération est vide. | BJ46: ABS_C_041 | BK46: =VLOOKUP(BJ46,'Axe 2 Règles de gestion'!$D$2:$F$51,3, FALSE) -> La période de référence du compteur de suivi du cumul total du congé saisi doit être initialisée sur une période allant du 01/01 au 31/12 de la même année.
A47: 17.10.00 | B47: A | C47: 43165.489 | D47: D0007 | E47: Congés/Absence | F47: S0060 | G47: Congé formation syndicale | H47: E0485 | I47: Congé de formation économique, sociale et environnementale et de formation syndicale | J47: Type de congé/absence saisi égal 'Congé de formation économique, sociale et environnementale et de formation syndicale' | K47: A_COA_TYCOAB [Saisi] = 'CF012' | L47: T1178 | M47: Congé de formation économique, sociale et environnementale et de formation syndicale - Demande | N47: Création | Q47: Contractuel recruté pour présenter un concours administratif pour accéder à un corps ou cadre d'emplois de la fonction publique de l'Etat | R47: P0225 | S47: Particulier | T47: Exclu | U47: 43101
A48: 17.10.00 | B48: A | C48: 43165.489 | D48: D0007 | E48: Congés/Absence | F48: S0060 | G48: Congé formation syndicale | H48: E0485 | I48: Congé de formation économique, sociale et environnementale et de formation syndicale | J48: Type de congé/absence saisi égal 'Congé de formation économique, sociale et environnementale et de formation syndicale' | K48: A_COA_TYCOAB [Saisi] = 'CF012' | L48: T1744 | M48: Congé de formation économique, sociale et environnementale et de formation syndicale - Fin | N48: Modification | Q48: Contractuel recruté pour présenter un concours administratif pour accéder à un corps ou cadre d'emplois de la fonction publique de l'Etat | R48: P0225 | S48: Particulier | T48: Exclu | U48: 43101

Sheet Axe 1 Enchaînement RG Impact
A1: Version | B1: Type de mise à jour | C1: Date de mise à jour | D1: Identifiant Domaine | E1: Libellé du Domaine | F1: Identifiant Sous-domaine | G1: Libellé du Sous-domaine | H1: Identifiant Evénement | I1: Libellé de l'évènement | J1: Libellé condition déclenchement Evènement | K1: Condition déclenchement Evènement | L1: Identifiant type d'évènement | M1: Libellé type d'évènement | N1: Type de mise à jour | O1: Libellé condition déclenchement Type Evènement | P1: Condition déclenchement Type Evènement | Q1: Libellé Population | R1: Codification Population | S1: Général / Particulier | T1: Passant / Exclu | U1: Date de début | V1: Date de fin | W1: Impacts | X1: Identifiant Impacts 1 | Y1: Libellé Impacts 1 | Z1: Identifiant Impacts 2 | AA1: Libellé Impacts 2 | AB1: Identifiant Impacts 3 | AC1: Libellé Impacts 3 | AD1: Identifiant Impacts 4 | AE1: Libellé Impacts 4 | AF1: Identifiant Impacts 5 | AG1: Libellé Impacts 5 | AH1: FIME | AI1: Statut de travail
A2: 19.00.00 | B2: M | C2: 43571.724 | D2: D0007 | E2: Congés/Absence | F2: S0060 | G2: Congé formation syndicale | H2: E0484 | I2: Congé pour formation syndicale | J2: Type de congé/absence saisi = 'Congé pour formation syndicale' | K2: A_COA_TYCOAB [Saisi] = 'CF005' | L2: T1177 | M2: Congé pour formation syndicale - Demande | N2: Création | Q2: Titulaire ou magistrat | R2: P0001 | S2: Général | T2: Passant | U2: 40725 | W2: CFS_P_001 ET CFS_P_002 ET CFS_P_006 ET CFS_P_007 | X2: CFS_P_001 | Y2: =VLOOKUP(X2,'Axe 2 Règles de gestion'!$D$2:$F$51,3, FALSE) -> Rémunération : L'agent continue de percevoir sa rémunération. | Z2: CFS_P_002 | AA2: =VLOOKUP(Z2,'Axe 2 Règles de gestion'!$D$2:$F$51,3, FALSE) -> Carrière : L'agent conserve ses droits à l'avancement d'échelon et à l'avancement de grade en totalité. | AB2: CFS_P_006 | AC2: =VLOOKUP(AB2,'Axe 2 Règles de gestion'!$D$2:$F$51,3, FALSE) -> Congés annuels : L'agent conserve son droit à congé annuel. | AD2: CFS_P_007 | AE2: =VLOOKUP(AD2,'Axe 2 Règles de gestion'!$D$2:$F$51,3, FALSE) -> Retraite : Le congé est considéré comme une période d'activité pour la retraite.
A3: 19.00.00 | B3: M | C3: 43571.649 | D3: D0007 | E3: Congés/Absence | F3: S0060 | G3: Congé formation syndicale | H3: E0484 | I3: Congé pour formation syndicale | J3: Type de congé/absence saisi = 'Congé pour formation syndicale' | K3: A_COA_TYCOAB [Saisi] = 'CF005' | L3: T1636 | M3: Congé pour formation syndicale - Fin | N3: Modification | Q3: Titulaire ou magistrat | R3: P0001 | S3: Général | T3: Passant | U3: 40725
A4: 22.10.00 | B4: A | C4: 44886.487 | D4: D0007 | E4: Congés/Absence | F4: S0060 | G4: Congé formation syndicale | H4: E0484 | I4: Congé pour formation syndicale | J4: Type de congé/absence saisi = 'Congé pour formation syndicale' | K4: A_COA_TYCOAB [Saisi] = 'CF005' | L4: T1177 | M4: Congé pour formation syndicale - Demande | N4: Création | Q4: Militaire | R4: P0002 | S4: Général | T4: Exclu | U4: 43831
A5: 22.10.00 | B5: A | C5: 44886.487 | D5: D0007 | E5: Congés/Absence | F5: S0060 | G5: Congé formation syndicale | H5: E0484 | I5: Congé pour formation syndicale | J5: Type de congé/absence saisi = 'Congé pour formation syndicale' | K5: A_COA_TYCOAB [Saisi] = 'CF005' | L5: T1636 | M5: Congé pour formation syndicale - Fin | N5: Modification | Q5: Militaire | R5: P0002 | S5: Général | T5: Exclu | U5: 43831
A6: 22.10.00 | B6: M | C6: 44832.52 | D6: D0007 | E6: Congés/Absence | F6: S0060 | G6: Congé formation syndicale | H6: E0484 | I6: Congé pour formation syndicale | J6: Type de congé/absence saisi = 'Congé pour formation syndicale' | K6: A_COA_TYCOAB [Saisi] = 'CF005' | L6: T1177 | M6: Congé pour formation syndicale - Demande | N6: Création | Q6: Contractuel | R6: P0003 | S6: Général | T6: Passant | U6: 40725 | V6: 44677 | W6: CFS_P_001 ET CFS_P_006 | X6: CFS_P_001 | Y6: =VLOOKUP(X6,'Axe 2 Règles de gestion'!$D$2:$F$51,3, FALSE) -> Rémunération : L'agent continue de percevoir sa rémunération. | Z6: CFS_P_006 | AA6: =VLOOKUP(Z6,'Axe 2 Règles de gestion'!$D$2:$F$51,3, FALSE) -> Congés annuels : L'agent conserve son droit à congé annuel.
A7: 22.10.00 | B7: A | C7: 44832.521 | D7: D0007 | E7: Congés/Absence | F7: S0060 | G7: Congé formation syndicale | H7: E0484 | I7: Congé pour formation syndicale | J7: Type de congé/absence saisi = 'Congé pour formation syndicale' | K7: A_COA_TYCOAB [Saisi] = 'CF005' | L7: T1177 | M7: Congé pour formation syndicale - Demande | N7: Création | Q7: Contractuel | R7: P0003 | S7: Général | T7: Passant | U7: 44678 | W7: CFS_P_001 ET CFS_P_006 | X7: CFS_P_001 | Y7: =VLOOKUP(X7,'Axe 2 Règles de gestion'!$D$2:$F$51,3, FALSE) -> Rémunération : L'agent continue de percevoir sa rémunération. | Z7: CFS_P_006 | AA7: =VLOOKUP(Z7,'Axe 2 Règles de gestion'!$D$2:$F$51,3, FALSE) -> Congés annuels : L'agent conserve son droit à congé annuel.
A8: 19.00.00 | B8: M | C8: 43572.462 | D8: D0007 | E8: Congés/Absence | F8: S0060 | G8: Congé formation syndicale | H8: E0484 | I8: Congé pour formation syndicale | J8: Type de congé/absence saisi = 'Congé pour formation syndicale' | K8: A_COA_TYCOAB [Saisi] = 'CF005' | L8: T1636 | M8: Congé pour formation syndicale - Fin | N8: Modification | Q8: Contractuel | R8: P0003 | S8: Général | T8: Passant | U8: 40725
A9: 19.00.00 | B9: M | C9: 43571.725 | D9: D0007 | E9: Congés/Absence | F9: S0060 | G9: Congé formation syndicale | H9: E0484 | I9: Congé pour formation syndicale | J9: Type de congé/absence saisi = 'Congé pour formation syndicale' | K9: A_COA_TYCOAB [Saisi] = 'CF005' | L9: T1177 | M9: Congé pour formation syndicale - Demande | N9: Création | Q9: Stagiaire ou auditeur ou élève | R9: P0004 | S9: Général | T9: Passant | U9: 40725 | W9: CFS_P_001 ET CFS_P_003 ET CFS_P_004 ET CFS_P_005 ET CFS_P_006 | X9: CFS_P_001 | Y9: =VLOOKUP(X9,'Axe 2 Règles de gestion'!$D$2:$F$51,3, FALSE) -> Rémunération : L'agent continue de percevoir sa rémunération. | Z9: CFS_P_003 | AA9: =VLOOKUP(Z9,'Axe 2 Règles de gestion'!$D$2:$F$51,3, FALSE) -> Carrière : L'agent conserve ses droits à l'avancement d'échelon. | AB9: CFS_P_004 | AC9: =VLOOKUP(AB9,'Axe 2 Règles de gestion'!$D$2:$F$51,3, FALSE) -> Stage : La date de fin de stage est reportée du nombre de jours de congé que l'agent a utilisés. | AD9: CFS_P_005 | AE9: =VLOOKUP(AD9,'Axe 2 Règles de gestion'!$D$2:$F$51,3, FALSE) -> Titularisation : La date de la titularisation prend effet au lendemain de la date de fin de stage ; date repoussée du nombre de jours utilisés de congé. | AF9: CFS_P_006 | AG9: =VLOOKUP(AF9,'Axe 2 Règles de gestion'!$D$2:$F$51,3, FALSE) -> Congés annuels : L'agent conserve son droit à congé annuel.
A10: 19.00.00 | B10: M | C10: 43572.461 | D10: D0007 | E10: Congés/Absence | F10: S0060 | G10: Congé formation syndicale | H10: E0484 | I10: Congé pour formation syndicale | J10: Type de congé/absence saisi = 'Congé pour formation syndicale' | K10: A_COA_TYCOAB [Saisi] = 'CF005' | L10: T1636 | M10: Congé pour formation syndicale - Fin | N10: Modification | Q10: Stagiaire ou auditeur ou élève | R10: P0004 | S10: Général | T10: Passant | U10: 40725
A11: 19.00.00 | B11: M | C11: 43571.733 | D11: D0007 | E11: Congés/Absence | F11: S0060 | G11: Congé formation syndicale | H11: E0484 | I11: Congé pour formation syndicale | J11: Type de congé/absence saisi = 'Congé pour formation syndicale' | K11: A_COA_TYCOAB [Saisi] = 'CF005' | L11: T1177 | M11: Congé pour formation syndicale - Demande | N11: Création | Q11: Ouvrier d'état | R11: P0005 | S11: Général | T11: Passant | U11: 40725 | W11: CFS_P_001 ET CFS_P_006 | X11: CFS_P_001 | Y11: =VLOOKUP(X11,'Axe 2 Règles de gestion'!$D$2:$F$51,3, FALSE) -> Rémunération : L'agent continue de percevoir sa rémunération. | Z11: CFS_P_006 | AA11: =VLOOKUP(Z11,'Axe 2 Règles de gestion'!$D$2:$F$51,3, FALSE) -> Congés annuels : L'agent conserve son droit à congé annuel.
A12: 19.00.00 | B12: M | C12: 43572.462 | D12: D0007 | E12: Congés/Absence | F12: S0060 | G12: Congé formation syndicale | H12: E0484 | I12: Congé pour formation syndicale | J12: Type de congé/absence saisi = 'Congé pour formation syndicale' | K12: A_COA_TYCOAB [Saisi] = 'CF005' | L12: T1636 | M12: Congé pour formation syndicale - Fin | N12: Modification | Q12: Ouvrier d'état | R12: P0005 | S12: Général | T12: Passant | U12: 40725
A13: 17.10.00 | B13: A | C13: 43152.5 | D13: D0007 | E13: Congés/Absence | F13: S0060 | G13: Congé formation syndicale | H13: E0484 | I13: Congé pour formation syndicale | J13: Type de congé/absence saisi = 'Congé pour formation syndicale' | K13: A_COA_TYCOAB [Saisi] = 'CF005' | L13: T1177 | M13: Congé pour formation syndicale - Demande | N13: Création | Q13: Magistrat de l'ordre judiciaire | R13: P0007 | S13: Particulier | T13: Exclu | U13: 40725
A14: 17.10.00 | B14: A | C14: 43152.5 | D14: D0007 | E14: Congés/Absence | F14: S0060 | G14: Congé formation syndicale | H14: E0484 | I14: Congé pour formation syndicale | J14: Type de congé/absence saisi = 'Congé pour formation syndicale' | K14: A_COA_TYCOAB [Saisi] = 'CF005' | L14: T1636 | M14: Congé pour formation syndicale - Fin | N14: Modification | Q14: Magistrat de l'ordre judiciaire | R14: P0007 | S14: Particulier | T14: Exclu | U14: 40725
A15: 17.10.00 | B15: A | C15: 43152.5 | D15: D0007 | E15: Congés/Absence | F15: S0060 | G15: Congé formation syndicale | H15: E0484 | I15: Congé pour formation syndicale | J15: Type de congé/absence saisi = 'Congé pour formation syndicale' | K15: A_COA_TYCOAB [Saisi] = 'CF005' | L15: T1177 | M15: Congé pour formation syndicale - Demande | N15: Création | Q15: Auditeur de justice | R15: P0009 | S15: Particulier | T15: Exclu | U15: 40725
A16: 17.10.00 | B16: A | C16: 43152.5 | D16: D0007 | E16: Congés/Absence | F16: S0060 | G16: Congé formation syndicale | H16: E0484 | I16: Congé pour formation syndicale | J16: Type de congé/absence saisi = 'Congé pour formation syndicale' | K16: A_COA_TYCOAB [Saisi] = 'CF005' | L16: T1636 | M16: Congé pour formation syndicale - Fin | N16: Modification | Q16: Auditeur de justice | R16: P0009 | S16: Particulier | T16: Exclu | U16: 40725
A17: 17.10.00 | B17: A | C17: 43152.5 | D17: D0007 | E17: Congés/Absence | F17: S0060 | G17: Congé formation syndicale | H17: E0484 | I17: Congé pour formation syndicale | J17: Type de congé/absence saisi = 'Congé pour formation syndicale' | K17: A_COA_TYCOAB [Saisi] = 'CF005' | L17: T1177 | M17: Congé pour formation syndicale - Demande | N17: Création | Q17: Préfet ou sous-préfet | R17: P0016 | S17: Particulier | T17: Exclu | U17: 40725
A18: 17.10.00 | B18: A | C18: 43152.5 | D18: D0007 | E18: Congés/Absence | F18: S0060 | G18: Congé formation syndicale | H18: E0484 | I18: Congé pour formation syndicale | J18: Type de congé/absence saisi = 'Congé pour formation syndicale' | K18: A_COA_TYCOAB [Saisi] = 'CF005' | L18: T1636 | M18: Congé pour formation syndicale - Fin | N18: Modification | Q18: Préfet ou sous-préfet | R18: P0016 | S18: Particulier | T18: Exclu | U18: 40725
A19: 17.10.00 | B19: A | C19: 43152.5 | D19: D0007 | E19: Congés/Absence | F19: S0060 | G19: Congé formation syndicale | H19: E0484 | I19: Congé pour formation syndicale | J19: Type de congé/absence saisi = 'Congé pour formation syndicale' | K19: A_COA_TYCOAB [Saisi] = 'CF005' | L19: T1177 | M19: Congé pour formation syndicale - Demande | N19: Création | Q19: Contractuel sous contrat PACTE ou contractuel en situation de handicap avant titularisation | R19: P0037 | S19: Particulier | T19: Exclu | U19: 40725
A20: 17.10.00 | B20: A | C20: 43152.5 | D20: D0007 | E20: Congés/Absence | F20: S0060 | G20: Congé formation syndicale | H20: E0484 | I20: Congé pour formation syndicale | J20: Type de congé/absence saisi = 'Congé pour formation syndicale' | K20: A_COA_TYCOAB [Saisi] = 'CF005' | L20: T1636 | M20: Congé pour formation syndicale - Fin | N20: Modification | Q20: Contractuel sous contrat PACTE ou contractuel en situation de handicap avant titularisation | R20: P0037 | S20: Particulier | T20: Exclu | U20: 40725
A21: 17.10.00 | B21: A | C21: 43152.5 | D21: D0007 | E21: Congés/Absence | F21: S0060 | G21: Congé formation syndicale | H21: E0484 | I21: Congé pour formation syndicale | J21: Type de congé/absence saisi = 'Congé pour formation syndicale' | K21: A_COA_TYCOAB [Saisi] = 'CF005' | L21: T1177 | M21: Congé pour formation syndicale - Demande | N21: Création | Q21: Conseiller ou avocat général à la Cour de cassation en service extraordinaire | R21: P0046 | S21: Particulier | T21: Exclu | U21: 40725
A22: 17.10.00 | B22: A | C22: 43152.5 | D22: D0007 | E22: Congés/Absence | F22: S0060 | G22: Congé formation syndicale | H22: E0484 | I22: Congé pour formation syndicale | J22: Type de congé/absence saisi = 'Congé pour formation syndicale' | K22: A_COA_TYCOAB [Saisi] = 'CF005' | L22: T1636 | M22: Congé pour formation syndicale - Fin | N22: Modification | Q22: Conseiller ou avocat général à la Cour de cassation en service extraordinaire | R22: P0046 | S22: Particulier | T22: Exclu | U22: 40725
A23: 17.10.00 | B23: A | C23: 43152.5 | D23: D0007 | E23: Congés/Absence | F23: S0060 | G23: Congé formation syndicale | H23: E0484 | I23: Congé pour formation syndicale | J23: Type de congé/absence saisi = 'Congé pour formation syndicale' | K23: A_COA_TYCOAB [Saisi] = 'CF005' | L23: T1177 | M23: Congé pour formation syndicale - Demande | N23: Création | Q23: Personnel civil payé à l'acte ou à la tâche | R23: P0054 | S23: Particulier | T23: Exclu | U23: 40725
... A26: 19.00.00 | B26: A | C26: 43572.474 | D26: D0007 | E26: Congés/Absence | F26: S0060 | G26: Congé formation syndicale | H26: E0484 | I26: Congé pour formation syndicale | J26: Type de congé/absence saisi = 'Congé pour formation syndicale' | K26: A_COA_TYCOAB [Saisi] = 'CF005' | L26: T1636 | M26: Congé pour formation syndicale - Fin | N26: Modification | Q26: Contractuel de droit privé | R26: P0072 | S26: Particulier | T26: Exclu | U26: 40725
A27: 25.10.00 | B27: A | C27: 45995.671 | D27: D0007 | E27: Congés/Absence | F27: S0060 | G27: Congé formation syndicale | H27: E0484 | I27: Congé pour formation syndicale | J27: Type de congé/absence saisi = 'Congé pour formation syndicale' | K27: A_COA_TYCOAB [Saisi] = 'CF005' | L27: T1177 | M27: Congé pour formation syndicale - Demande | N27: Création | Q27: Ouvrier des parcs et ateliers confirmé ou stagiaire | R27: P0143 | S27: Particulier | T27: Passant | U27: 45901 | AH27: 2025-119
A28: 25.10.00 | B28: A | C28: 45995.67 | D28: D0007 | E28: Congés/Absence | F28: S0060 | G28: Congé formation syndicale | H28: E0484 | I28: Congé pour formation syndicale | J28: Type de congé/absence saisi = 'Congé pour formation syndicale' | K28: A_COA_TYCOAB [Saisi] = 'CF005' | L28: T1636 | M28: Congé pour formation syndicale - Fin | N28: Modification | Q28: Ouvrier des parcs et ateliers confirmé ou stagiaire | R28: P0143 | S28: Particulier | T28: Passant | U28: 45901 | AH28: 2025-119
A29: 17.10.00 | B29: A | C29: 43152.5 | D29: D0007 | E29: Congés/Absence | F29: S0060 | G29: Congé formation syndicale | H29: E0484 | I29: Congé pour formation syndicale | J29: Type de congé/absence saisi = 'Congé pour formation syndicale' | K29: A_COA_TYCOAB [Saisi] = 'CF005' | L29: T1177 | M29: Congé pour formation syndicale - Demande | N29: Création | Q29: Préfet contractuel | R29: P0188 | S29: Particulier | T29: Exclu | U29: 40725
A30: 17.10.00 | B30: A | C30: 43152.5 | D30: D0007 | E30: Congés/Absence | F30: S0060 | G30: Congé formation syndicale | H30: E0484 | I30: Congé pour formation syndicale | J30: Type de congé/absence saisi = 'Congé pour formation syndicale' | K30: A_COA_TYCOAB [Saisi] = 'CF005' | L30: T1636 | M30: Congé pour formation syndicale - Fin | N30: Modification | Q30: Préfet contractuel | R30: P0188 | S30: Particulier | T30: Exclu | U30: 40725
A31: 17.10.00 | B31: A | C31: 43165.488 | D31: D0007 | E31: Congés/Absence | F31: S0060 | G31: Congé formation syndicale | H31: E0484 | I31: Congé pour formation syndicale | J31: Type de congé/absence saisi = 'Congé pour formation syndicale' | K31: A_COA_TYCOAB [Saisi] = 'CF005' | L31: T1177 | M31: Congé pour formation syndicale - Demande | N31: Création | Q31: Contractuel recruté pour présenter un concours administratif pour accéder à un corps ou cadre d'emplois de la fonction publique de l'Etat | R31: P0225 | S31: Particulier | T31: Exclu | U31: 43101
A32: 17.10.00 | B32: A | C32: 43165.488 | D32: D0007 | E32: Congés/Absence | F32: S0060 | G32: Congé formation syndicale | H32: E0484 | I32: Congé pour formation syndicale | J32: Type de congé/absence saisi = 'Congé pour formation syndicale' | K32: A_COA_TYCOAB [Saisi] = 'CF005' | L32: T1636 | M32: Congé pour formation syndicale - Fin | N32: Modification | Q32: Contractuel recruté pour présenter un concours administratif pour accéder à un corps ou cadre d'emplois de la fonction publique de l'Etat | R32: P0225 | S32: Particulier | T32: Exclu | U32: 43101
A33: 17.10.00 | B33: A | C33: 43152.5 | D33: D0007 | E33: Congés/Absence | F33: S0060 | G33: Congé formation syndicale | H33: E0485 | I33: Congé de formation économique, sociale et environnementale et de formation syndicale | J33: Type de congé/absence saisi égal 'Congé de formation économique, sociale et environnementale et de formation syndicale' | K33: A_COA_TYCOAB [Saisi] = 'CF012' | L33: T1178 | M33: Congé de formation économique, sociale et environnementale et de formation syndicale - Demande | N33: Création | Q33: Titulaire ou magistrat | R33: P0001 | S33: Général | T33: Exclu | U33: 40725
A34: 17.10.00 | B34: A | C34: 43152.5 | D34: D0007 | E34: Congés/Absence | F34: S0060 | G34: Congé formation syndicale | H34: E0485 | I34: Congé de formation économique, sociale et environnementale et de formation syndicale | J34: Type de congé/absence saisi égal 'Congé de formation économique, sociale et environnementale et de formation syndicale' | K34: A_COA_TYCOAB [Saisi] = 'CF012' | L34: T1744 | M34: Congé de formation économique, sociale et environnementale et de formation syndicale - Fin | N34: Modification | Q34: Titulaire ou magistrat | R34: P0001 | S34: Général | T34: Exclu | U34: 40725
A35: 22.10.00 | B35: A | C35: 44886.487 | D35: D0007 | E35: Congés/Absence | F35: S0060 | G35: Congé formation syndicale | H35: E0485 | I35: Congé de formation économique, sociale et environnementale et de formation syndicale | J35: Type de congé/absence saisi égal 'Congé de formation économique, sociale et environnementale et de formation syndicale' | K35: A_COA_TYCOAB [Saisi] = 'CF012' | L35: T1178 | M35: Congé de formation économique, sociale et environnementale et de formation syndicale - Demande | N35: Création | Q35: Militaire | R35: P0002 | S35: Général | T35: Exclu | U35: 43831
A36: 22.10.00 | B36: A | C36: 44886.487 | D36: D0007 | E36: Congés/Absence | F36: S0060 | G36: Congé formation syndicale | H36: E0485 | I36: Congé de formation économique, sociale et environnementale et de formation syndicale | J36: Type de congé/absence saisi égal 'Congé de formation économique, sociale et environnementale et de formation syndicale' | K36: A_COA_TYCOAB [Saisi] = 'CF012' | L36: T1744 | M36: Congé de formation économique, sociale et environnementale et de formation syndicale - Fin | N36: Modification | Q36: Militaire | R36: P0002 | S36: Général | T36: Exclu | U36: 43831
A37: 17.10.00 | B37: A | C37: 43152.5 | D37: D0007 | E37: Congés/Absence | F37: S0060 | G37: Congé formation syndicale | H37: E0485 | I37: Congé de formation économique, sociale et environnementale et de formation syndicale | J37: Type de congé/absence saisi égal 'Congé de formation économique, sociale et environnementale et de formation syndicale' | K37: A_COA_TYCOAB [Saisi] = 'CF012' | L37: T1178 | M37: Congé de formation économique, sociale et environnementale et de formation syndicale - Demande | N37: Création | Q37: Contractuel | R37: P0003 | S37: Général | T37: Exclu | U37: 40725
A38: 17.10.00 | B38: A | C38: 43152.5 | D38: D0007 | E38: Congés/Absence | F38: S0060 | G38: Congé formation syndicale | H38: E0485 | I38: Congé de formation économique, sociale et environnementale et de formation syndicale | J38: Type de congé/absence saisi égal 'Congé de formation économique, sociale et environnementale et de formation syndicale' | K38: A_COA_TYCOAB [Saisi] = 'CF012' | L38: T1744 | M38: Congé de formation économique, sociale et environnementale et de formation syndicale - Fin | N38: Modification | Q38: Contractuel | R38: P0003 | S38: Général | T38: Exclu | U38: 40725
A39: 17.10.00 | B39: A | C39: 43152.5 | D39: D0007 | E39: Congés/Absence | F39: S0060 | G39: Congé formation syndicale | H39: E0485 | I39: Congé de formation économique, sociale et environnementale et de formation syndicale | J39: Type de congé/absence saisi égal 'Congé de formation économique, sociale et environnementale et de formation syndicale' | K39: A_COA_TYCOAB [Saisi] = 'CF012' | L39: T1178 | M39: Congé de formation économique, sociale et environnementale et de formation syndicale - Demande | N39: Création | Q39: Stagiaire ou auditeur ou élève | R39: P0004 | S39: Général | T39: Exclu | U39: 40725
A40: 17.10.00 | B40: A | C40: 43152.5 | D40: D0007 | E40: Congés/Absence | F40: S0060 | G40: Congé formation syndicale | H40: E0485 | I40: Congé de formation économique, sociale et environnementale et de formation syndicale | J40: Type de congé/absence saisi égal 'Congé de formation économique, sociale et environnementale et de formation syndicale' | K40: A_COA_TYCOAB [Saisi] = 'CF012' | L40: T1744 | M40: Congé de formation économique, sociale et environnementale et de formation syndicale - Fin | N40: Modification | Q40: Stagiaire ou auditeur ou élève | R40: P0004 | S40: Général | T40: Exclu | U40: 40725
... A42: 17.10.00 | B42: A | C42: 43189.5 | D42: D0007 | E42: Congés/Absence | F42: S0060 | G42: Congé formation syndicale | H42: E0485 | I42: Congé de formation économique, sociale et environnementale et de formation syndicale | J42: Type de congé/absence saisi égal 'Congé de formation économique, sociale et environnementale et de formation syndicale' | K42: A_COA_TYCOAB [Saisi] = 'CF012' | L42: T1744 | M42: Congé de formation économique, sociale et environnementale et de formation syndicale - Fin | N42: Modification | Q42: Ouvrier d'état | R42: P0005 | S42: Général | T42: Exclu | U42: 40725
A43: 18.10.00 | B43: M | C43: 43538.742 | D43: D0007 | E43: Congés/Absence | F43: S0060 | G43: Congé formation syndicale | H43: E0485 | I43: Congé de formation économique, sociale et environnementale et de formation syndicale | J43: Type de congé/absence saisi égal 'Congé de formation économique, sociale et environnementale et de formation syndicale' | K43: A_COA_TYCOAB [Saisi] = 'CF012' | L43: T1178 | M43: Congé de formation économique, sociale et environnementale et de formation syndicale - Demande | N43: Création | Q43: Contractuel de droit privé | R43: P0072 | S43: Particulier | T43: Passant | U43: 40725 | V43: 41705
A44: 22.10.00 | B44: M | C44: 44934.824 | D44: D0007 | E44: Congés/Absence | F44: S0060 | G44: Congé formation syndicale | H44: E0485 | I44: Congé de formation économique, sociale et environnementale et de formation syndicale | J44: Type de congé/absence saisi égal 'Congé de formation économique, sociale et environnementale et de formation syndicale' | K44: A_COA_TYCOAB [Saisi] = 'CF012' | L44: T1178 | M44: Congé de formation économique, sociale et environnementale et de formation syndicale - Demande | N44: Création | Q44: Contractuel de droit privé | R44: P0072 | S44: Particulier | T44: Passant | U44: 41706
A45: 18.10.00 | B45: M | C45: 43538.748 | D45: D0007 | E45: Congés/Absence | F45: S0060 | G45: Congé formation syndicale | H45: E0485 | I45: Congé de formation économique, sociale et environnementale et de formation syndicale | J45: Type de congé/absence saisi égal 'Congé de formation économique, sociale et environnementale et de formation syndicale' | K45: A_COA_TYCOAB [Saisi] = 'CF012' | L45: T1744 | M45: Congé de formation économique, sociale et environnementale et de formation syndicale - Fin | N45: Modification | Q45: Contractuel de droit privé | R45: P0072 | S45: Particulier | T45: Passant | U45: 40725 | V45: 41705
A46: 22.10.00 | B46: M | C46: 44934.824 | D46: D0007 | E46: Congés/Absence | F46: S0060 | G46: Congé formation syndicale | H46: E0485 | I46: Congé de formation économique, sociale et environnementale et de formation syndicale | J46: Type de congé/absence saisi égal 'Congé de formation économique, sociale et environnementale et de formation syndicale' | K46: A_COA_TYCOAB [Saisi] = 'CF012' | L46: T1744 | M46: Congé de formation économique, sociale et environnementale et de formation syndicale - Fin | N46: Modification | Q46: Contractuel de droit privé | R46: P0072 | S46: Particulier | T46: Passant | U46: 41706
A47: 17.10.00 | B47: A | C47: 43165.489 | D47: D0007 | E47: Congés/Absence | F47: S0060 | G47: Congé formation syndicale | H47: E0485 | I47: Congé de formation économique, sociale et environnementale et de formation syndicale | J47: Type de congé/absence saisi égal 'Congé de formation économique, sociale et environnementale et de formation syndicale' | K47: A_COA_TYCOAB [Saisi] = 'CF012' | L47: T1178 | M47: Congé de formation économique, sociale et environnementale et de formation syndicale - Demande | N47: Création | Q47: Contractuel recruté pour présenter un concours administratif pour accéder à un corps ou cadre d'emplois de la fonction publique de l'Etat | R47: P0225 | S47: Particulier | T47: Exclu | U47: 43101
A48: 17.10.00 | B48: A | C48: 43165.489 | D48: D0007 | E48: Congés/Absence | F48: S0060 | G48: Congé formation syndicale | H48: E0485 | I48: Congé de formation économique, sociale et environnementale et de formation syndicale | J48: Type de congé/absence saisi égal 'Congé de formation économique, sociale et environnementale et de formation syndicale' | K48: A_COA_TYCOAB [Saisi] = 'CF012' | L48: T1744 | M48: Congé de formation économique, sociale et environnementale et de formation syndicale - Fin | N48: Modification | Q48: Contractuel recruté pour présenter un concours administratif pour accéder à un corps ou cadre d'emplois de la fonction publique de l'Etat | R48: P0225 | S48: Particulier | T48: Exclu | U48: 43101

Sheet Axe 1 Rattachement des actes
A1: Version | B1: Type de mise à jour | C1: Date de mise à jour | D1: Identifiant Domaine | E1: Libellé du Domaine | F1: Identifiant Sous-domaine | G1: Libellé du Sous-domaine | H1: Identifiant Evénement | I1: Libellé de l'évènement | J1: Libellé condition déclenchement Evènement | K1: Condition déclenchement Evènement | L1: Identifiant type d'évènement | M1: Libellé type d'évènement | N1: Type de mise à jour | O1: Libellé condition déclenchement Type Evènement | P1: Condition déclenchement Type Evènement | Q1: Libellé Population | R1: Codification Population | S1: Général / Particulier | T1: Passant / Exclu | U1: Date de début | V1: Date de fin | W1: Libellé condition de déclenchement 1 | X1: Condition de déclenchement 1 | Y1: Code nature 1 | Z1: Libellé nature 1 | AA1: Libellé condition de déclenchement 2 | AB1: Condition de déclenchement 2 | AC1: Code nature 2 | AD1: Libellé nature 2 | AE1: Libellé condition de déclenchement 3 | AF1: Condition de déclenchement 3 | AG1: Code nature 3 | AH1: Libellé nature 3 | AI1: Libellé condition de déclenchement 4 | AJ1: Condition de déclenchement 4 | AK1: Code nature 4 | AL1: Libellé nature 4 | AM1: Commentaire | AN1: FIME | AO1: Statut de travail
A2: 19.00.00 | B2: M | C2: 43571.724 | D2: D0007 | E2: Congés/Absence | F2: S0060 | G2: Congé formation syndicale | H2: E0484 | I2: Congé pour formation syndicale | J2: Type de congé/absence saisi = 'Congé pour formation syndicale' | K2: A_COA_TYCOAB [Saisi] = 'CF005' | L2: T1177 | M2: Congé pour formation syndicale - Demande | N2: Création | Q2: Titulaire ou magistrat | R2: P0001 | S2: Général | T2: Passant | U2: 40725 | W2: La date de fin réelle du congé saisie est strictement antérieure à la date de fin réelle du congé "avant saisie" OU La date de fin réelle du congé saisie est strictement antérieure à la date de fin prévisionnelle du congé "avant saisie" | X2: A_COA_DFRECA [Saisi] < A_COA_DFRECA [Valeur avant saisie] OU A_COA_DFRECA [Saisi] < A_COA_DAFIPR [Valeur avant saisie] | Y2: INTABS0093 | Z2: Reprise fonctions suite congé sans impact (T) | AC2: INTABS0046 | AD2: Congé de formation syndicale (T) | AO2: En cours
A3: 19.00.00 | B3: M | C3: 43571.649 | D3: D0007 | E3: Congés/Absence | F3: S0060 | G3: Congé formation syndicale | H3: E0484 | I3: Congé pour formation syndicale | J3: Type de congé/absence saisi = 'Congé pour formation syndicale' | K3: A_COA_TYCOAB [Saisi] = 'CF005' | L3: T1636 | M3: Congé pour formation syndicale - Fin | N3: Modification | Q3: Titulaire ou magistrat | R3: P0001 | S3: Général | T3: Passant | U3: 40725 | W3: La date de fin réelle du congé saisie est strictement antérieure à la date de fin réelle du congé "avant saisie" OU La date de fin réelle du congé saisie est strictement antérieure à la date de fin prévisionnelle du congé "avant saisie" | X3: A_COA_DFRECA [Saisi] < A_COA_DFRECA [Valeur avant saisie] OU A_COA_DFRECA [Saisi] < A_COA_DAFIPR [Valeur avant saisie] | Y3: INTABS0093 | Z3: Reprise fonctions suite congé sans impact (T) | AC3: INTABS0046 | AD3: Congé de formation syndicale (T) | AO3: En cours
A4: 22.10.00 | B4: A | C4: 44886.487 | D4: D0007 | E4: Congés/Absence | F4: S0060 | G4: Congé formation syndicale | H4: E0484 | I4: Congé pour formation syndicale | J4: Type de congé/absence saisi = 'Congé pour formation syndicale' | K4: A_COA_TYCOAB [Saisi] = 'CF005' | L4: T1177 | M4: Congé pour formation syndicale - Demande | N4: Création | Q4: Militaire | R4: P0002 | S4: Général | T4: Exclu | U4: 43831
A5: 22.10.00 | B5: A | C5: 44886.487 | D5: D0007 | E5: Congés/Absence | F5: S0060 | G5: Congé formation syndicale | H5: E0484 | I5: Congé pour formation syndicale | J5: Type de congé/absence saisi = 'Congé pour formation syndicale' | K5: A_COA_TYCOAB [Saisi] = 'CF005' | L5: T1636 | M5: Congé pour formation syndicale - Fin | N5: Modification | Q5: Militaire | R5: P0002 | S5: Général | T5: Exclu | U5: 43831
A6: 22.10.00 | B6: M | C6: 44832.52 | D6: D0007 | E6: Congés/Absence | F6: S0060 | G6: Congé formation syndicale | H6: E0484 | I6: Congé pour formation syndicale | J6: Type de congé/absence saisi = 'Congé pour formation syndicale' | K6: A_COA_TYCOAB [Saisi] = 'CF005' | L6: T1177 | M6: Congé pour formation syndicale - Demande | N6: Création | Q6: Contractuel | R6: P0003 | S6: Général | T6: Passant | U6: 40725 | V6: 44677 | Y6: INTABS0036 | Z6: Congé de formation syndicale (C) | AO6: En cours
A7: 22.10.00 | B7: A | C7: 44832.521 | D7: D0007 | E7: Congés/Absence | F7: S0060 | G7: Congé formation syndicale | H7: E0484 | I7: Congé pour formation syndicale | J7: Type de congé/absence saisi = 'Congé pour formation syndicale' | K7: A_COA_TYCOAB [Saisi] = 'CF005' | L7: T1177 | M7: Congé pour formation syndicale - Demande | N7: Création | Q7: Contractuel | R7: P0003 | S7: Général | T7: Passant | U7: 44678
A8: 19.00.00 | B8: M | C8: 43572.462 | D8: D0007 | E8: Congés/Absence | F8: S0060 | G8: Congé formation syndicale | H8: E0484 | I8: Congé pour formation syndicale | J8: Type de congé/absence saisi = 'Congé pour formation syndicale' | K8: A_COA_TYCOAB [Saisi] = 'CF005' | L8: T1636 | M8: Congé pour formation syndicale - Fin | N8: Modification | Q8: Contractuel | R8: P0003 | S8: Général | T8: Passant | U8: 40725 | W8: La date de fin réelle du congé saisie est strictement antérieure à la date de fin réelle du congé "avant saisie" OU La date de fin réelle du congé saisie est strictement antérieure à la date de fin prévisionnelle du congé "avant saisie" | X8: A_COA_DFRECA [Saisi] < A_COA_DFRECA [Valeur avant saisie] OU A_COA_DFRECA [Saisi] < A_COA_DAFIPR [Valeur avant saisie] | Y8: INTABS0090 | Z8: Reprise fonctions suite congé sans impact (C) | AC8: INTABS0036 | AD8: Congé de formation syndicale (C) | AO8: En cours
A9: 19.00.00 | B9: M | C9: 43571.725 | D9: D0007 | E9: Congés/Absence | F9: S0060 | G9: Congé formation syndicale | H9: E0484 | I9: Congé pour formation syndicale | J9: Type de congé/absence saisi = 'Congé pour formation syndicale' | K9: A_COA_TYCOAB [Saisi] = 'CF005' | L9: T1177 | M9: Congé pour formation syndicale - Demande | N9: Création | Q9: Stagiaire ou auditeur ou élève | R9: P0004 | S9: Général | T9: Passant | U9: 40725
A10: 19.00.00 | B10: M | C10: 43572.461 | D10: D0007 | E10: Congés/Absence | F10: S0060 | G10: Congé formation syndicale | H10: E0484 | I10: Congé pour formation syndicale | J10: Type de congé/absence saisi = 'Congé pour formation syndicale' | K10: A_COA_TYCOAB [Saisi] = 'CF005' | L10: T1636 | M10: Congé pour formation syndicale - Fin | N10: Modification | Q10: Stagiaire ou auditeur ou élève | R10: P0004 | S10: Général | T10: Passant | U10: 40725
A11: 19.00.00 | B11: M | C11: 43571.733 | D11: D0007 | E11: Congés/Absence | F11: S0060 | G11: Congé formation syndicale | H11: E0484 | I11: Congé pour formation syndicale | J11: Type de congé/absence saisi = 'Congé pour formation syndicale' | K11: A_COA_TYCOAB [Saisi] = 'CF005' | L11: T1177 | M11: Congé pour formation syndicale - Demande | N11: Création | Q11: Ouvrier d'état | R11: P0005 | S11: Général | T11: Passant | U11: 40725
A12: 19.00.00 | B12: M | C12: 43572.462 | D12: D0007 | E12: Congés/Absence | F12: S0060 | G12: Congé formation syndicale | H12: E0484 | I12: Congé pour formation syndicale | J12: Type de congé/absence saisi = 'Congé pour formation syndicale' | K12: A_COA_TYCOAB [Saisi] = 'CF005' | L12: T1636 | M12: Congé pour formation syndicale - Fin | N12: Modification | Q12: Ouvrier d'état | R12: P0005 | S12: Général | T12: Passant | U12: 40725
A13: 17.10.00 | B13: A | C13: 43152.5 | D13: D0007 | E13: Congés/Absence | F13: S0060 | G13: Congé formation syndicale | H13: E0484 | I13: Congé pour formation syndicale | J13: Type de congé/absence saisi = 'Congé pour formation syndicale' | K13: A_COA_TYCOAB [Saisi] = 'CF005' | L13: T1177 | M13: Congé pour formation syndicale - Demande | N13: Création | Q13: Magistrat de l'ordre judiciaire | R13: P0007 | S13: Particulier | T13: Exclu | U13: 40725
A14: 17.10.00 | B14: A | C14: 43152.5 | D14: D0007 | E14: Congés/Absence | F14: S0060 | G14: Congé formation syndicale | H14: E0484 | I14: Congé pour formation syndicale | J14: Type de congé/absence saisi = 'Congé pour formation syndicale' | K14: A_COA_TYCOAB [Saisi] = 'CF005' | L14: T1636 | M14: Congé pour formation syndicale - Fin | N14: Modification | Q14: Magistrat de l'ordre judiciaire | R14: P0007 | S14: Particulier | T14: Exclu | U14: 40725
A15: 17.10.00 | B15: A | C15: 43152.5 | D15: D0007 | E15: Congés/Absence | F15: S0060 | G15: Congé formation syndicale | H15: E0484 | I15: Congé pour formation syndicale | J15: Type de congé/absence saisi = 'Congé pour formation syndicale' | K15: A_COA_TYCOAB [Saisi] = 'CF005' | L15: T1177 | M15: Congé pour formation syndicale - Demande | N15: Création | Q15: Auditeur de justice | R15: P0009 | S15: Particulier | T15: Exclu | U15: 40725
A16: 17.10.00 | B16: A | C16: 43152.5 | D16: D0007 | E16: Congés/Absence | F16: S0060 | G16: Congé formation syndicale | H16: E0484 | I16: Congé pour formation syndicale | J16: Type de congé/absence saisi = 'Congé pour formation syndicale' | K16: A_COA_TYCOAB [Saisi] = 'CF005' | L16: T1636 | M16: Congé pour formation syndicale - Fin | N16: Modification | Q16: Auditeur de justice | R16: P0009 | S16: Particulier | T16: Exclu | U16: 40725
A17: 17.10.00 | B17: A | C17: 43152.5 | D17: D0007 | E17: Congés/Absence | F17: S0060 | G17: Congé formation syndicale | H17: E0484 | I17: Congé pour formation syndicale | J17: Type de congé/absence saisi = 'Congé pour formation syndicale' | K17: A_COA_TYCOAB [Saisi] = 'CF005' | L17: T1177 | M17: Congé pour formation syndicale - Demande | N17: Création | Q17: Préfet ou sous-préfet | R17: P0016 | S17: Particulier | T17: Exclu | U17: 40725
A18: 17.10.00 | B18: A | C18: 43152.5 | D18: D0007 | E18: Congés/Absence | F18: S0060 | G18: Congé formation syndicale | H18: E0484 | I18: Congé pour formation syndicale | J18: Type de congé/absence saisi = 'Congé pour formation syndicale' | K18: A_COA_TYCOAB [Saisi] = 'CF005' | L18: T1636 | M18: Congé pour formation syndicale - Fin | N18: Modification | Q18: Préfet ou sous-préfet | R18: P0016 | S18: Particulier | T18: Exclu | U18: 40725
A19: 17.10.00 | B19: A | C19: 43152.5 | D19: D0007 | E19: Congés/Absence | F19: S0060 | G19: Congé formation syndicale | H19: E0484 | I19: Congé pour formation syndicale | J19: Type de congé/absence saisi = 'Congé pour formation syndicale' | K19: A_COA_TYCOAB [Saisi] = 'CF005' | L19: T1177 | M19: Congé pour formation syndicale - Demande | N19: Création | Q19: Contractuel sous contrat PACTE ou contractuel en situation de handicap avant titularisation | R19: P0037 | S19: Particulier | T19: Exclu | U19: 40725
A20: 17.10.00 | B20: A | C20: 43152.5 | D20: D0007 | E20: Congés/Absence | F20: S0060 | G20: Congé formation syndicale | H20: E0484 | I20: Congé pour formation syndicale | J20: Type de congé/absence saisi = 'Congé pour formation syndicale' | K20: A_COA_TYCOAB [Saisi] = 'CF005' | L20: T1636 | M20: Congé pour formation syndicale - Fin | N20: Modification | Q20: Contractuel sous contrat PACTE ou contractuel en situation de handicap avant titularisation | R20: P0037 | S20: Particulier | T20: Exclu | U20: 40725
... A42: 17.10.00 | B42: A | C42: 43189.5 | D42: D0007 | E42: Congés/Absence | F42: S0060 | G42: Congé formation syndicale | H42: E0485 | I42: Congé de formation économique, sociale et environnementale et de formation syndicale | J42: Type de congé/absence saisi égal 'Congé de formation économique, sociale et environnementale et de formation syndicale' | K42: A_COA_TYCOAB [Saisi] = 'CF012' | L42: T1744 | M42: Congé de formation économique, sociale et environnementale et de formation syndicale - Fin | N42: Modification | Q42: Ouvrier d'état | R42: P0005 | S42: Général | T42: Exclu | U42: 40725
A43: 18.10.00 | B43: M | C43: 43538.742 | D43: D0007 | E43: Congés/Absence | F43: S0060 | G43: Congé formation syndicale | H43: E0485 | I43: Congé de formation économique, sociale et environnementale et de formation syndicale | J43: Type de congé/absence saisi égal 'Congé de formation économique, sociale et environnementale et de formation syndicale' | K43: A_COA_TYCOAB [Saisi] = 'CF012' | L43: T1178 | M43: Congé de formation économique, sociale et environnementale et de formation syndicale - Demande | N43: Création | Q43: Contractuel de droit privé | R43: P0072 | S43: Particulier | T43: Passant | U43: 40725 | V43: 41705
A44: 22.10.00 | B44: M | C44: 44934.824 | D44: D0007 | E44: Congés/Absence | F44: S0060 | G44: Congé formation syndicale | H44: E0485 | I44: Congé de formation économique, sociale et environnementale et de formation syndicale | J44: Type de congé/absence saisi égal 'Congé de formation économique, sociale et environnementale et de formation syndicale' | K44: A_COA_TYCOAB [Saisi] = 'CF012' | L44: T1178 | M44: Congé de formation économique, sociale et environnementale et de formation syndicale - Demande | N44: Création | Q44: Contractuel de droit privé | R44: P0072 | S44: Particulier | T44: Passant | U44: 41706
A45: 18.10.00 | B45: M | C45: 43538.748 | D45: D0007 | E45: Congés/Absence | F45: S0060 | G45: Congé formation syndicale | H45: E0485 | I45: Congé de formation économique, sociale et environnementale et de formation syndicale | J45: Type de congé/absence saisi égal 'Congé de formation économique, sociale et environnementale et de formation syndicale' | K45: A_COA_TYCOAB [Saisi] = 'CF012' | L45: T1744 | M45: Congé de formation économique, sociale et environnementale et de formation syndicale - Fin | N45: Modification | Q45: Contractuel de droit privé | R45: P0072 | S45: Particulier | T45: Passant | U45: 40725 | V45: 41705
A46: 22.10.00 | B46: M | C46: 44934.824 | D46: D0007 | E46: Congés/Absence | F46: S0060 | G46: Congé formation syndicale | H46: E0485 | I46: Congé de formation économique, sociale et environnementale et de formation syndicale | J46: Type de congé/absence saisi égal 'Congé de formation économique, sociale et environnementale et de formation syndicale' | K46: A_COA_TYCOAB [Saisi] = 'CF012' | L46: T1744 | M46: Congé de formation économique, sociale et environnementale et de formation syndicale - Fin | N46: Modification | Q46: Contractuel de droit privé | R46: P0072 | S46: Particulier | T46: Passant | U46: 41706
A47: 17.10.00 | B47: A | C47: 43165.489 | D47: D0007 | E47: Congés/Absence | F47: S0060 | G47: Congé formation syndicale | H47: E0485 | I47: Congé de formation économique, sociale et environnementale et de formation syndicale | J47: Type de congé/absence saisi égal 'Congé de formation économique, sociale et environnementale et de formation syndicale' | K47: A_COA_TYCOAB [Saisi] = 'CF012' | L47: T1178 | M47: Congé de formation économique, sociale et environnementale et de formation syndicale - Demande | N47: Création | Q47: Contractuel recruté pour présenter un concours administratif pour accéder à un corps ou cadre d'emplois de la fonction publique de l'Etat | R47: P0225 | S47: Particulier | T47: Exclu | U47: 43101
A48: 17.10.00 | B48: A | C48: 43165.489 | D48: D0007 | E48: Congés/Absence | F48: S0060 | G48: Congé formation syndicale | H48: E0485 | I48: Congé de formation économique, sociale et environnementale et de formation syndicale | J48: Type de congé/absence saisi égal 'Congé de formation économique, sociale et environnementale et de formation syndicale' | K48: A_COA_TYCOAB [Saisi] = 'CF012' | L48: T1744 | M48: Congé de formation économique, sociale et environnementale et de formation syndicale - Fin | N48: Modification | Q48: Contractuel recruté pour présenter un concours administratif pour accéder à un corps ou cadre d'emplois de la fonction publique de l'Etat | R48: P0225 | S48: Particulier | T48: Exclu | U48: 43101

Sheet Axe 2 Règles de gestion
A1: Version | B1: Type de mise à jour | C1: Date de mise à jour | D1: Code de la règle | E1: Type de règle | F1: Règle littérale | G1: Références juridiques | H1: Date de début | I1: Date de fin | J1: Condition | K1: Articulation | L1: Type de contrôle | M1: Commentaire | N1: Typage RG condition | O1: Typage RG contrôle | P1: Typage RG intellectuel | Q1: Typage RG impact | R1: FIME | S1: Statut de travail | T1: Règle retenue | U1: Expression littérale
A2: 22.10.00 | B2: M | C2: 44933.806 | D2: CDI_D_045 | E2: Condition | F2: Les congés "Congé de citoyenneté", "Congé pour siéger auprès d'une association, d'une mutuelle ou d'une instance de l'Etat ou d'une collectivité territoriale" et "Congé pour formation syndicale" ne peuvent se cumuler qu'à concurrence de 12 jours ouvrables pour une même année. | G2: Code général de la fonction publique L642-2 | H2: 40725 | K2: # La somme des occurrences de tous les compteurs (A_COA_DTOCOF) tels que A_COA_TYPCOF DANS ('CD002', 'CD003', 'CF005') doit être <= 00/00/12 OUVRABLE# | L2: Bloquant | M2: Pour cette règle, il est nécessaire d'additionner les compteurs des absences CD002, CD003 et CF005. Le fonctionnement du compteur tient compte de la date (réelle ou prévisionnelle) qui a été saisie. | N2: P0143 / P0078 / P0079 - P0001 / P0004 - E0501 / E0502 / E0484 - Demande / Fin | T2: x | U2: Les Congé de citoyenneté, Congé pour siéger auprès d'une association ou mutuelle ou instance de l'Etat ou collectivité territoriale et Congé pour formation syndicale peuvent se cumuler dans la limite de 12 jours ouvrables pour 1 année.
A3: 22.10.00 | B3: M | C3: 44933.809 | D3: CDI_D_047 | E3: Condition | F3: Les congés "Congé de formation de cadres et d'animateurs pour la jeunesse", "Congé pour siéger auprès d'une association, d'une mutuelle ou d'une instance de l'Etat ou d'une collectivité territoriale" et "Congé pour formation syndicale" ne peuvent se cumuler qu'à concurrence de 12 jours ouvrables pour une même année. | G3: Décret 86-83 A11 | H3: 40725 | K3: # La somme des occurrences de tous les compteurs (A_COA_DTOCOF) tels que A_COA_TYPCOF DANS ('CD002', 'CD003', 'CF005') doit être <= 00/00/12 OUVRABLE# | L3: Bloquant | M3: Il faut additionner les compteurs des absences CD002, CD003 et CF005. Le compteur tient compte de la date réelle/prévisionnelle saisie. Il cumule les jours calendaires. Une évolution doit permettre de faire le calcul en jours ouvrés/ouvrables. | N3: P0003 - E0484 / E0501 / E0502 - Demande / Fin | T3: x | U3: Les congés "organisation de jeunesse", "pour siéger auprès d'une association, d'une mutuelle, d'une instance de l'Etat, d'une collectivité territoriale", "pour formation syndicale" ne peuvent se cumuler qu'à concurrence de 12 jours ouvrables par an.
A4: 22.10.00 | B4: A | C4: 44933.906 | D4: CDI_D_708 | E4: Condition | F4: Les congés "Congé de citoyenneté ou de formation de cadres et d'animateurs pour la jeunesse" et "Congé de formation économique, sociale, environnementale et syndicale" ne peuvent se cumuler qu'à concurrence de 12 jours ouvrables pour une même année. | G4: Code du travail L3142-59 | H4: 40725 | K4: # La somme des occurrences de tous les compteurs (A_COA_DTOCOF) tels que A_COA_TYPCOF DANS ('CD002', 'CF012') doit être <= 00/00/12 OUVRABLE# | L4: Bloquant | M4: Il faut additionner les compteurs des absences CD002 et CF012. Le compteur tient compte de la date réelle/prévisionnelle saisie. Il cumule les jours calendaires. Une évolution doit permettre de faire le calcul en jours ouvrés/ouvrables. | N4: P0072 - E0501 / E0485 - Demande / Fin | T4: x | U4: Les congés "Congé de citoyenneté ou de formation de cadres et d'animateurs pour la jeunesse" et "Congé de formation économique, sociale, environnementale et syndicale" ne peuvent se cumuler qu'à concurrence de 12 jours ouvrables pour une même année.
A5: 25.10.00 | B5: M | C5: 45943.733 | D5: CFS_D_001 | E5: Condition | F5: L'agent doit être en activité. | G5: Code général de la fonction publique L215-1 | H5: 40725 | K5: A_POS_POSIAD [Dossier] = POSITION_SITUATION.R_FOR_IDEN05 ET (POSITION_SITUATION.R_REL_PSSAG2 DANS ('ACI','HCA','MAD','DEL','MDE','MLD')) OU (POSITION_SITUATION.R_REL_PSSAG1 DANS ('DEE00',?'DES00')) | L5: Bloquant | N5: P0143 - P0001 / P0004 - E0484 | R5: 2025-70 | T5: x | U5: L'agent doit être en activité.
A6: 22.00.00 | B6: M | C6: 44713.714 | D6: CFS_D_002 | E6: Condition | F6: Le congé de formation syndicale est d'une durée maximale de 12 jours ouvrables par an. | G6: Code général de la fonction publique L215-1 | H6: 40725 | K6: A_COA_TYPCOF [Saisi] = 'CF005' ET A_COA_DTOCOF [Saisi] <= 00/00/12 OUVRABLE | L6: Bloquant | M6: Le fonctionnement du compteur tient compte de la date réelle ou prévisionnelle qui a été saisie. Actuellement, les compteurs cumulent les jours en calendaire. Une évolution future doit permettre de calculer ces cumuls en jours ouvrés / ouvrables. | N6: P0143 - P0001 / P0004 - E0484 | T6: x | U6: Le congé est d'une durée maximale de 12 jours ouvrables par an.
A7: 25.10.00 | B7: M | C7: 45943.733 | D7: CFS_D_003 | E7: Condition | F7: L'agent doit être en activité. | G7: Code général de la fonction publique L215-1 / Décret 86-83 A11 | H7: 40725 | K7: A_POS_POSIAD [Dossier] = POSITION_SITUATION.R_FOR_IDEN05 ET (POSITION_SITUATION.R_REL_PSSAG2 DANS ('ACI','HCA','MAD','DEL','MDE','MLD')) OU (POSITION_SITUATION.R_REL_PSSAG1 DANS ('DEE00','?DES00'?)) | L7: Bloquant | N7: P0003 - E0484 | R7: 2025-70 | T7: x | U7: L'agent doit être en activité.
A8: 22.00.00 | B8: M | C8: 44713.715 | D8: CFS_D_004 | E8: Condition | F8: Le congé est d'une durée maximale de 12 jours ouvrables par an. | G8: Code général de la fonction publique L215-1 / Décret 86-83 A11 | H8: 40725 | K8: A_COA_TYPCOF [Saisi] = 'CF005' ET A_COA_DTOCOF [Saisi] <= 00/00/12 OUVRABLE | L8: Bloquant | M8: Le fonctionnement du compteur tient compte de la date réelle ou prévisionnelle qui a été saisie. Actuellement, les compteurs cumulent les jours en calendaire. Une évolution future doit permettre de calculer ces cumuls en jours ouvrés / ouvrables. | N8: P0003 / P0005 - E0484 | T8: x | U8: Le congé est d'une durée maximale de 12 jours ouvrables par an.
A9: 25.10.00 | B9: M | C9: 45943.734 | D9: CFS_D_014 | E9: Condition | F9: L'agent doit être en activité. | G9: Code général de la fonction publique L215-1 | H9: 40725 | K9: A_POS_POSIAD [Dossier] = POSITION_SITUATION.R_FOR_IDEN05 ET (POSITION_SITUATION.R_REL_PSSAG2 DANS ('ACI','HCA','MAD','DEL','MDE','MLD') OU (POSITION_SITUATION.R_REL_PSSAG1 DANS ('DEE00', 'DES00')) | L9: Bloquant | N9: P0005 - E0484 | R9: 2025-70 | T9: x | U9: L'agent doit être en activité.
A10: 19.00.00 | B10: M | C10: 43571.689 | D10: CFS_D_027 | E10: Condition | F10: La durée totale des congés de formation économique et social et de formation syndicale pris dans l'année ne peut excéder 12 jours. | G10: Code du travail L3142-9 | H10: 40725 | I10: 41705 | K10: A_COA_TYPCOF [Saisi] = 'CF012' ET A_COA_DTOCOF [Saisi] <= 00/00/12 OUVRABLE | L10: Non Bloquant | M10: Le fonctionnement du compteur tient compte de la date réelle ou prévisionnelle qui a été saisie. Actuellement, les compteurs cumulent les jours en calendaire. Une évolution future doit permettre de calculer ces cumuls en jours ouvrés / ouvrables.
A11: 19.00.00 | B11: M | C11: 43571.689 | D11: CFS_D_028 | E11: Condition | F11: La durée totale des congés de formation économique et social et de formation syndicale ne peut excéder 18 jours pour les animateurs des stages et sessions. | G11: Code du travail L3142-9 | H11: 40725 | I11: 41705 | K11: A_COA_TYPCOF [Saisi] = 'CF012' ET A_COA_DTOCOF [Saisi] <= 00/00/18 OUVRABLE | L11: Bloquant | M11: Le fonctionnement du compteur tient compte de la date réelle ou prévisionnelle qui a été saisie. Actuellement, les compteurs cumulent les jours en calendaire. Une évolution future doit permettre de calculer ces cumuls en jours ouvrés / ouvrables.
A12: 18.10.00 | B12: M | C12: 43537.719 | D12: CFS_D_029 | E12: Condition | F12: La durée de chaque congé ne peut être inférieure à 2 jours (date de fin réelle de l'absence). | G12: Code du travail L3142-9 | H12: 40725 | I12: 41705 | J12: SI A_COA_DFRECA [Saisi] <> Vide | K12: A_COA_DFRECA [saisi] - A_COA_DADBCA [Saisi] >= 2 OUVRABLE | L12: Bloquant
A13: 18.10.00 | B13: M | C13: 43537.72 | D13: CFS_D_405 | E13: Condition | F13: La durée de chaque congé ne peut être inférieure à 2 jours (date de fin prévisionnelle de l'absence). | G13: Code du travail L3142-9 | H13: 40725 | I13: 41705 | J13: SI A_COA_DAFIPR [Saisi] <> Vide ET A_COA_DFRECA [Saisi] = Vide | K13: A_COA_DAFIPR [Saisi] - A_COA_DADBCA [Saisi] >= 2 OUVRABLE | L13: Bloquant
A14: 23.10.00 | B14: M | C14: 45215.45 | D14: CFS_D_500 | E14: Condition | F14: La durée totale des congés de formation économique, sociale et environnementale et de formation syndicale pris dans l'année ne peut excéder 12 jours. | G14: Code du travail L2145-7 | H14: 41706 | K14: A_COA_TYPCOF [Saisi] = 'CF012' ET A_COA_DTOCOF [Saisi] <= 00/00/12 OUVRABLE | L14: Non Bloquant | M14: Le fonctionnement du compteur tient compte de la date réelle ou prévisionnelle qui a été saisie. Actuellement, les compteurs cumulent les jours en calendaire. Une évolution future doit permettre de calculer ces cumuls en jours ouvrés / ouvrables. | N14: P0072 - E0485 | T14: x | U14: La durée totale des congés de formation économique, sociale et environnementale et de formation syndicale pris dans l'année ne peut excéder 12 jours.
A15: 23.10.00 | B15: M | C15: 45215.45 | D15: CFS_D_501 | E15: Condition | F15: La durée totale des congés de formation économique, sociale et environnementale et de formation syndicale ne peut excéder 18 jours pour les animateurs des stages et sessions. | G15: Code du travail L2145-7 | H15: 41706 | K15: A_COA_TYPCOF [Saisi] = 'CF012' ET A_COA_DTOCOF [Saisi] <= 00/00/18 OUVRABLE | L15: Bloquant | M15: Le fonctionnement du compteur tient compte de la date réelle ou prévisionnelle qui a été saisie. Actuellement, les compteurs cumulent les jours en calendaire. Une évolution future doit permettre de calculer ces cumuls en jours ouvrés / ouvrables. | N15: P0072 - E0485 | T15: x | U15: La durée totale des congés de formation économique, sociale et environnementale et de formation syndicale ne peut excéder 18 jours pour les animateurs des stages et sessions.
A16: 23.10.00 | B16: M | C16: 45215.451 | D16: CFS_D_502 | E16: Condition | F16: La durée de chaque congé ne peut être inférieure à 1/2 journée (date de fin réelle de l'absence). | G16: Code du travail L2145-7 | H16: 41706 | J16: SI A_COA_DFRECA [Saisi] <> Vide | K16: A_COA_DFRECA [saisi] - A_COA_DADBCA [Saisi] >= 0,5 OUVRABLE | L16: Bloquant | N16: P0072 - E0485 | T16: x | U16: La durée de chaque congé ne peut être inférieure à 1/2 journée.
A17: 19.00.00 | B17: M | C17: 43579.624 | D17: CFS_D_503 | E17: Condition | F17: La durée de chaque congé ne peut être inférieure à 1/2 jour (date de fin prévisionnelle de l'absence). | G17: Code du travail L2145-7 | H17: 41706 | J17: SI A_COA_DAFIPR [Saisi] <> Vide ET A_COA_DFRECA [Saisi] = Vide | K17: A_COA_DAFIPR [Saisi] - A_COA_DADBCA [Saisi] >= 0,5 OUVRABLE | L17: Bloquant
A18: 17.10.00 | B18: A | C18: 43152.5 | D18: ABS_C_001 | E18: Contrôle | F18: La date de début du congé/absence doit être postérieure ou égale à la date de recrutement dans la FPE ou dans la carrière militaire. | H18: 40725 | K18: A_COA_DADBCA [Saisi] >= A_SAP_DENFPE [Dossier] | L18: Bloquant
A19: 17.10.00 | B19: A | C19: 43152.5 | D19: ABS_C_002 | E19: Contrôle | F19: La date de début du congé/absence doit être postérieure ou égale à la date de début du lien juridique. | H19: 40725 | K19: A_COA_DADBCA [Saisi] >= A_CAR_DDLIJU [Dossier] | L19: Bloquant
A20: 17.10.00 | B20: A | C20: 43152.5 | D20: ABS_C_003 | E20: Contrôle | F20: La date de début du congé/absence doit être antérieure ou égale à la date de fin réelle du congé/absence. | H20: 40725 | J20: SI A_COA_DFRECA [Saisi] <> Vide | K20: A_COA_DADBCA [Saisi] <= A_COA_DFRECA [Saisi] | L20: Bloquant
A21: 17.10.00 | B21: A | C21: 43152.5 | D21: ABS_C_004 | E21: Contrôle | F21: La date de début du congé/absence doit être antérieure ou égale à la date de fin prévisionnelle du congé/absence. | H21: 40725 | J21: SI A_COA_DAFIPR [Saisi] <> Vide ET A_COA_DFRECA [Saisi] = Vide | K21: A_COA_DADBCA [Saisi] <= A_COA_DAFIPR [Saisi] | L21: Bloquant
A22: 17.10.00 | B22: A | C22: 43152.5 | D22: ABS_C_005 | E22: Contrôle | F22: La date de fin réelle du congé/absence doit être antérieure ou égale à la date limite de fin réelle ou prévisionnelle du lien juridique. | H22: 40725 | J22: SI A_CAR_TYPCOT [Dossier] = 'TC01' ET A_COA_DFRECA [Saisi] <> Vide | K22: A_COA_DFRECA [Saisi] <= [Date limite de fin réelle ou prévisionnelle du lien juridique] | L22: Bloquant
A23: 17.10.00 | B23: A | C23: 43152.5 | D23: ABS_C_006 | E23: Contrôle | F23: La date de fin prévisionnelle du congé/absence doit être antérieure ou égale à la date limite de fin réelle ou prévisionnelle du lien juridique. | H23: 40725 | J23: SI A_CAR_TYPCOT [Dossier] = 'TC01' ET A_COA_DFRECA [Saisi] = Vide ET A_COA_DAFIPR [Saisi] <> Vide | K23: A_COA_DAFIPR [Saisi] <= [Date limite de fin réelle ou prévisionnelle du lien juridique] | L23: Bloquant
A24: 17.10.00 | B24: A | C24: 43152.5 | D24: ABS_C_007 | E24: Contrôle | F24: La date de fin réelle du congé/absence doit être antérieure à la date limite de départ à la retraite. | H24: 40725 | J24: SI A_COA_DFRECA [Saisi] <> Vide | K24: A_COA_DFRECA [Saisi] < A_SAP_DLDPRE [Dossier] | L24: Non Bloquant
A25: 17.10.00 | B25: A | C25: 43152.5 | D25: ABS_C_008 | E25: Contrôle | F25: La date de fin prévisionnelle du congé/absence doit être antérieure à la date limite de départ à la retraite. | H25: 40725 | J25: SI A_COA_DAFIPR [Saisi] <> Vide ET A_COA_DFRECA [Saisi] = Vide | K25: A_COA_DAFIPR [Saisi] < A_SAP_DLDPRE [Dossier] | L25: Non Bloquant
A26: 17.10.00 | B26: A | C26: 43152.5 | D26: ABS_C_009 | E26: Contrôle | F26: La date de fin réelle ou la date de fin prévisionnelle du congé/absence doit être saisie. | H26: 40725 | K26: A_COA_DAFIPR [Saisi] <> Vide OU A_COA_DFRECA [Saisi] <> Vide | L26: Bloquant
A27: 18.00.00 | B27: M | C27: 43571.697 | D27: ABS_C_010 | E27: Contrôle | F27: L'agent doit être en activité. | H27: 40725 | K27: A_POS_POSIAD [Dossier] = POSITION_SITUATION.R_FOR_IDEN05 ET (POSITION_SITUATION.R_REL_PSSAG2 DANS ('ACI','HCA','MAD','DEL','MDE','MLD') OU (POSITION_SITUATION.R_REL_PSSAG1 DANS ('DEE00', 'DES00')) | L27: Bloquant | O27: P0072 - E0485 | T27: x | U27: L'agent doit être en activité.
A28: 17.10.00 | B28: A | C28: 44932.469 | D28: ABS_C_019 | E28: Contrôle | F28: Si l'absence ne commence pas par une demi-journée et si l'absence précédente ne finit pas par une demi journée, la date de début de l'absence saisie est postérieure à la date de fin réelle de l'absence précédente. | H28: 40725 | J28: SI A_COA_TDAMPM [Saisi] = Vide ET A_COA_TFAMPM [Occurrence précédente] = Vide ET A_COA_DFRECA [Occurrence précédente] <> Vide | K28: A_COA_DADBCA [Saisi] > A_COA_DFRECA [Occurrence précédente] | L28: Bloquant | M28: On peut avoir deux absences le même jour une le matin et l'autre l'après-midi
A29: 17.10.00 | B29: A | C29: 44932.471 | D29: ABS_C_020 | E29: Contrôle | F29: Si l'absence ne commence pas par une demi-journée et si l'absence précédente ne finit pas par une demi journée, la date de début de l'absence saisie est postérieure à la date de fin prévisionnelle de l'absence précédente. | H29: 40725 | J29: SI A_COA_TDAMPM [Saisi] = Vide ET A_COA_TFAMPM [Occurrence précédente] = Vide ET A_COA_DAFIPR [Occurrence précédente] <> Vide ET A_COA_DFRECA [Occurrence précédente] = Vide | K29: A_COA_DADBCA [Saisi] > A_COA_DAFIPR [Occurrence précédente] | L29: Bloquant | M29: On peut avoir deux absences le même jour une le matin et l'autre l'après-midi
A30: 19.00.00 | B30: M | C30: 43669.657 | D30: ABS_C_026 | E30: Contrôle | F30: Dans le cas d'un congé autre que CLM, CLD, CGM et CITIS, l'indicateur de requalification doit être à non et les impacts spécifiques à la requalification ne doivent pas être mobilisés ou l'impact rémunération est vide. | H30: 40725 | K30: A_COA_CMOREQ [Saisi] = 0 ET ((A_COA_IMPPAY [Saisi] = IMPACT_REMU.R_FOR_IDEN04 ET IMPACT_REMU.R_FOR_REQUAL = '0') OU A_COA_IMPPAY [Saisi] = Vide) | L30: Bloquant
A31: 17.10.00 | B31: A | C31: 43152.5 | D31: ABS_C_041 | E31: Contrôle | F31: La période de référence du compteur de suivi du cumul total du congé saisi doit être initialisée sur une période allant du 01/01 au 31/12 de la même année. | H31: 40725 | K31: A_COA_TYPCOF [Saisi] = A_COA_TYCOAB [Saisi] ET ( [ANNEE(A_COA_DADBCA [Saisi])] = [ANNEE(A_COA_DDICOF [Saisi])] OU [ANNEE(A_COA_DFRECA [Saisi])] = [ANNEE(A_COA_DDICOF [Saisi])] OU [ANNEE(A_COA_DAFIPR [Saisi])] = [ANNEE(A_COA_DDICOF [Saisi])] ) ET A_COA_DDICOF [Saisi] = '01/01/[ANNEE(A_COA_DDICOF [Saisi])]' ET A_COA_DFUCOF [Saisi] = '31/12/[ANNEE(A_COA_DDICOF [Saisi])]' | L31: Bloquant | M31: Dans le cas d'un congé en cours d'année ou à cheval sur 2 années, l'objectif est de contrôler que le gestionnaire a initialisé la période de référence du compteur sur l'année civile du 01/01/AAAA au 31/12/AAAA (AAAA: année date de début/fin du congé).
A32: 25.00.00 | B32: M | C32: 45686.656 | D32: CFS_I_001 | E32: Intellectuel | F32: L'agent doit formuler sa demande par écrit au chef de service au moins 1 mois à l'avance. | G32: Code général de la fonction publique R215-3 | H32: 40725 | L32: Non Bloquant | P32: P0143 - P0001 / P0003 / P0004 / P0005 - E0484 | T32: x | U32: L'agent doit formuler sa demande par écrit au chef de service au moins 1 mois à l'avance.
A33: 25.00.00 | B33: M | C33: 45686.656 | D33: CFS_I_002 | E33: Intellectuel | F33: Le congé est accordé pour effectuer un stage ou suivre une session dans l'un des centres ou instituts qui figurent sur une liste arrêtée tous les 3 ans par le ministre chargé de la fonction publique. | G33: Code général de la fonction publique R215-1 | H33: 40725 | L33: Non Bloquant | P33: P0143 - P0001 / P0003 / P0004 / P0005 - E0484 | T33: x | U33: Le congé est accordé pour effectuer un stage ou suivre une session dans l'un des centres ou instituts qui figurent sur une liste arrêtée tous les 3 ans par le ministre chargé de la fonction publique.
A34: 25.00.00 | B34: M | C34: 45686.658 | D34: CFS_I_003 | E34: Intellectuel | F34: Le congé est réputé accordé, à défaut de réponse expresse de l'administration au plus tard le 15ème jour qui précède le début du stage ou de la session. | G34: Code général de la fonction publique R215-3 | H34: 40725 | L34: Non Bloquant | P34: P0143 - P0001 / P0003 / P0004 / P0005 - E0484 | T34: x | U34: Le congé est réputé accordé, à défaut de réponse expresse de l'administration au plus tard le 15ème jour qui précède le début du stage ou de la session.
A35: 25.00.00 | B35: M | C35: 45686.658 | D35: CFS_I_004 | E35: Intellectuel | F35: L'administration ne peut refuser le bénéfice du congé que pour des raisons liées aux nécessités du service. | G35: Code général de la fonction publique R215-4 | H35: 40725 | L35: Non Bloquant | P35: P0143 - P0001 / P0003 / P0004 / P0005 - E0484 | T35: x | U35: L'administration ne peut refuser le bénéfice du congé que pour des raisons liées aux nécessités du service.
A36: 25.00.00 | B36: M | C36: 45686.66 | D36: CFS_I_005 | E36: Intellectuel | F36: La commission administrative paritaire ou la commission d'avancement est informée de la décision de rejet ainsi que des motifs de refus. | G36: Code général de la fonction publique R215-4 / Circulaire 302661 | H36: 40725 | L36: Non Bloquant | P36: P0143 - P0001 / P0003 / P0004 / P0005 - E0484 | T36: x | U36: La commission administrative paritaire ou la commission d'avancement est informée de la décision de rejet ainsi que des motifs de refus.
A37: 25.00.00 | B37: M | C37: 45686.66 | D37: CFS_I_006 | E37: Intellectuel | F37: Lors de la reprise de fonctions, l'agent remet à son chef de service l'attestation d'assiduité délivrée à l'issue de son stage. | G37: Code général de la fonction publique R215-5 | H37: 40725 | L37: Non Bloquant | P37: P0143 - P0001 / P0003 / P0004 / P0005 - E0484 | T37: x | U37: Lors de la reprise de fonctions, l'agent remet à son chef de service l'attestation d'assiduité délivrée à l'issue de son stage.
A38: 19.00.00 | B38: A | C38: 43571.622 | D38: CFS_I_007 | E38: Intellectuel | F38: L'administration ne peut refuser le bénéfice du congé que pour des raisons liées aux nécessités du service. Le refus doit être motivé. | G38: Code du travail L2145-11 | H38: 40725 | L38: Non Bloquant | P38: P0072 - E0485 | T38: x | U38: L'administration ne peut refuser le bénéfice du congé que pour des raisons liées aux nécessités du service. Le refus doit être motivé.
A39: 19.00.00 | B39: A | C39: 43571.626 | D39: CFS_I_008 | E39: Intellectuel | F39: La liste des centres et instituts dont les stages et sessions ouvrant droit à ce congé est établie par arrêté du ministre chargé du travail pris après avis des organisations syndicales de salariés. | G39: Code du travail R2145-3 | H39: 40725 | L39: Non Bloquant | P39: P0072 - E0485 | T39: x | U39: La liste des centres et instituts dont les stages et sessions ouvrant droit à ce congé est établie par arrêté du ministre chargé du travail pris après avis des organisations syndicales de salariés.
A40: 19.00.00 | B40: A | C40: 43571.628 | D40: CFS_I_009 | E40: Intellectuel | F40: L'agent informe son employeur au moins 30 jours avant le début du congé. Il précise la date et la durée de l'absence sollicitée ainsi que le nom de l'organisme responsable du stage ou de la session. | G40: Code du travail R2145-4 | H40: 40725 | L40: Non Bloquant | P40: P0072 - E0485 | T40: x | U40: L'agent informe son employeur au moins 30 jours avant le début du congé. Il précise la date et la durée de l'absence sollicitée ainsi que le nom de l'organisme responsable du stage ou de la session.
A41: 19.00.00 | B41: A | C41: 43571.63 | D41: CFS_I_010 | E41: Intellectuel | F41: Le refus est notifié à l'agent dans un délai de 8 jours à compter de la réception de sa demande. | G41: Code du travail R2145-5 | H41: 40725 | L41: Non Bloquant | P41: P0072 - E0485 | T41: x | U41: Le refus est notifié à l'agent dans un délai de 8 jours à compter de la réception de sa demande.
A42: 19.00.00 | B42: A | C42: 43571.634 | D42: CFS_I_011 | E42: Intellectuel | F42: Lors de la reprise de fonctions, l'agent remet à son chef de service l'attestation d'assiduité délivrée à l'issue de son stage. | G42: Code du travail R2145-6 | H42: 40725 | L42: Non Bloquant | P42: P0072 - E0485 | T42: x | U42: Lors de la reprise de fonctions, l'agent remet à son chef de service l'attestation d'assiduité délivrée à l'issue de son stage.
A43: 25.10.00 | B43: A | C43: 45995.667 | D43: CFS_I_012 | E43: Intellectuel | F43: L'agent bénéficie des dispositions applicables aux agents titulaires pour le congé pour formation syndicale. | G43: Code général de la fonction publique R215-1 / Code général de la fonction publique L215-1 / Décret 65-382 A19 | H43: 45901 | L43: Non Bloquant | P43: P0143 - E0484 - Demande / Fin | R43: 2025-119 | T43: x | U43: L'agent bénéficie des dispositions applicables aux agents titulaires pour le congé pour formation syndicale.
A44: 25.00.00 | B44: M | C44: 45783.584 | D44: CFS_I_015 | E44: Intellectuel | F44: La décision de refus d'octroi du congé fait l'objet d'une saisie pour avis de la commission consultative paritaire. | G44: Code général de la fonction publique R271-11 | H44: 44678 | L44: Non Bloquant | P44: P0003 - E0484 - Demande | T44: x | U44: La décision de refus d'octroi du congé fait l'objet d'une saisie pour avis de la commission consultative paritaire.
A45: 19.00.00 | B45: A | C45: 43570.678 | D45: CFS_P_001 | E45: Impact | F45: Rémunération : L'agent continue de percevoir sa rémunération. | H45: 40725 | L45: Non Bloquant | Q45: P0001 / P0003 / P0004 / P0005 - E0484 - Rémunération | T45: x | U45: Rémunération : L'agent continue de percevoir sa rémunération.
A46: 19.00.00 | B46: A | C46: 43570.678 | D46: CFS_P_002 | E46: Impact | F46: Carrière : L'agent conserve ses droits à l'avancement d'échelon et à l'avancement de grade en totalité. | H46: 40725 | L46: Non Bloquant | Q46: P0001 - E0484 - Carrière | T46: x | U46: Carrière : L'agent conserve ses droits à l'avancement d'échelon et à l'avancement de grade en totalité.
A47: 19.00.00 | B47: A | C47: 43570.679 | D47: CFS_P_003 | E47: Impact | F47: Carrière : L'agent conserve ses droits à l'avancement d'échelon. | H47: 40725 | L47: Non Bloquant | Q47: P0004 - E0484 - Carrière | T47: x | U47: Carrière : L'agent conserve ses droits à l'avancement d'échelon.
A48: 19.00.00 | B48: A | C48: 43570.68 | D48: CFS_P_004 | E48: Impact | F48: Stage : La date de fin de stage est reportée du nombre de jours de congé que l'agent a utilisés. | H48: 40725 | L48: Non Bloquant | Q48: P0004 - Stage | T48: x | U48: Stage : La date de fin de stage est reportée du nombre de jours de congé que l'agent a utilisés.
A49: 19.00.00 | B49: A | C49: 43570.681 | D49: CFS_P_005 | E49: Impact | F49: Titularisation : La date de la titularisation prend effet au lendemain de la date de fin de stage ; date repoussée du nombre de jours utilisés de congé. | H49: 40725 | L49: Non Bloquant | Q49: P0004 - E0484 - Titularisation | T49: x | U49: Titularisation : La date de la titularisation prend effet au lendemain de la date de fin de stage ; date repoussée du nombre de jours utilisés de congé.
A50: 19.00.00 | B50: A | C50: 43570.682 | D50: CFS_P_006 | E50: Impact | F50: Congés annuels : L'agent conserve son droit à congé annuel. | H50: 40725 | L50: Non Bloquant | Q50: P0001 / P0003 / P0004 / P0005 - E0484 - Congés annuels | T50: x | U50: Congés annuels : L'agent conserve son droit à congé annuel.
A51: 19.00.00 | B51: A | C51: 43570.683 | D51: CFS_P_007 | E51: Impact | F51: Retraite : Le congé est considéré comme une période d'activité pour la retraite. | H51: 40725 | L51: Non Bloquant | Q51: P0001 - E0484 - Retraite | T51: x | U51: Retraite : Le congé est considéré comme une période d'activité pour la retraite.
