Workbook
Name date_DIADC: 'Mode opératoire'!#REF!
Name notice_DIADC: 'Mode opératoire'!#REF!
Name notice_ENCHN: 'Mode opératoire'!$B$1:$B$4
Name notice_ICA: 'Mode opératoire'!#REF!

Sheet Mode opératoire
B1: MODE OPERATOIRE
B2: La transaction s'effectue au niveau de la rubrique "Congés/absences", elle inclut l'ensemble des sous-rubriques listées ci-dessous : - Congés/absences - Complément pour congé / absence : impact rémunération - Compteurs de périodes de congés

Sheet Axe 1 Enchainement des RG
A1: Version | B1: Type de mise à jour | C1: Date de mise à jour | D1: Identifiant Domaine | E1: Libellé du Domaine | F1: Identifiant Sous-domaine | G1: Libellé du Sous-domaine | H1: Identifiant Evénement | I1: Libellé de l'évènement | J1: Libellé condition déclenchement Evènement | K1: Condition déclenchement Evènement | L1: Identifiant type d'évènement | M1: Libellé type d'évènement | N1: Type de mise à jour | O1: Libellé condition déclenchement Type Evènement | P1: Condition déclenchement Type Evènement | Q1: Libellé Population | R1: Codification Population | S1: Typologie de population | T1: Général / Particulier | U1: Passant / Exclu | V1: Date de début | W1: Date de fin | X1: Règles mobilisées | Y1: Identifiant Règle de contrôle intellectuel 1 | Z1: Libellé Règle de contrôle intellectuel 1 | AA1: Identifiant Règle de contrôle intellectuel 2 | AB1: Libellé Règle de contrôle intellectuel 2 | AC1: Identifiant Règle de contrôle intellectuel 3 | AD1: Libellé Règle de contrôle intellectuel 3 | AE1: Identifiant Règle de contrôle intellectuel 4 | AF1: Libellé Règle de contrôle intellectuel 4 | AG1: Identifiant Règle de contrôle intellectuel 5 | AH1: Libellé Règle de contrôle intellectuel 5 | AI1: Identifiant Règle de contrôle intellectuel 6 | AJ1: Libellé Règle de contrôle intellectuel 6 | AK1: Identifiant Règle de contrôle intellectuel 7 | AL1: Libellé Règle de contrôle intellectuel 7 | AM1: Identifiant Règle de contrôle intellectuel 8 | AN1: Libellé Règle de contrôle intellectuel 8 | AO1: Identifiant Règle de contrôle intellectuel 9 | AP1: Libellé Règle de contrôle intellectuel 9 | AQ1: Identifiant Règle de contrôle intellectuel 10 | AR1: Libellé Règle de contrôle intellectuel 10 | AS1: Identifiant Règle de contrôle intellectuel 11 | AT1: Libellé Règle de contrôle intellectuel 11 | AU1: Identifiant Règle de contrôle intellectuel 12 | AV1: Libellé Règle de contrôle intellectuel 12 | AW1: Identifiant Règle de contrôle intellectuel 13 | AX1: Libellé Règle de contrôle intellectuel 13 | AY1: Identifiant Règle de contrôle intellectuel 14 | AZ1: Libellé Règle de contrôle intellectuel 14 | BA1: Identifiant Règle de contrôle intellectuel 15 | BB1: Libellé Règle de contrôle intellectuel 15 | BC1: Identifiant Règle de contrôle intellectuel 16 | BD1: Libellé Règle de contrôle intellectuel 16 | BE1: Identifiant Règle de condition 1 | BF1: Libellé Règle de condition 1 | BG1: Identifiant Règle de condition 2 | BH1: Libellé Règle de condition 2 | BI1: Identifiant Règle de condition 3 | BJ1: Libellé Règle de condition 3 | BK1: Identifiant Règle de condition 4 | BL1: Libellé Règle de condition 4 | BM1: Identifiant Règle de contrôle 1 | BN1: Libellé Règle de contrôle 1 | BO1: Identifiant Règle de contrôle 2 | BP1: Libellé Règle de contrôle 2 | BQ1: Identifiant Règle de contrôle 3 | BR1: Libellé Règle de contrôle 3 | BS1: Identifiant Règle de contrôle 4 | BT1: Libellé Règle de contrôle 4 | BU1: Identifiant Règle de contrôle 5 | BV1: Libellé Règle de contrôle 5 | BW1: Identifiant Règle de contrôle 6 | BX1: Libellé Règle de contrôle 6 | BY1: Identifiant Règle de contrôle 7 | BZ1: Libellé Règle de contrôle 7 | CA1: FIME | CB1: Statut de travail
A2: 20.00.00 | B2: A | C2: 43899.684 | D2: D0007 | E2: Congés/Absence | F2: S0146 | G2: Congé de transition professionnelle | H2: E0813 | I2: Congé de transition professionnelle | J2: Type de congé/absence saisi = 'Congé de transition professionnelle' | K2: A_COA_TYCOAB [Saisi] = 'CF016' | L2: T2009 | M2: Congé de transition professionnelle - Demande | N2: Création | Q2: Titulaire ou magistrat | R2: P0001 | S2: T | T2: Général | U2: Passant | V2: 43826 | X2: CTP_I_001 ET CTP_I_003 ET CTP_I_004 ET CTP_I_005 ET CTP_I_006 ET CTP_I_007 ET CTP_I_008 ET CTP_I_009 ET CTP_I_010 ET CTP_I_011 ET CTP_I_002 ET CTP_I_014 ET CTP_D_001 ET CTP_D_002 ET CTP_D_003 ET ABS_C_001 ET ABS_C_002 ET ABS_C_003 ET ABS_C_004 ET ABS_C_019 ET ABS_C_020 ET ABS_C_026 | Y2: CTP_I_001 | Z2: =VLOOKUP(Y2,'Axe 2 Règles de gestion'!$D$2:$F$65,3, FALSE) -> L'agent peut bénéficier du congé si l'administration envisage de supprimer son emploi en cas de restructuration de son service, dont le périmètre et la durée sont définis par arrêté. | AA2: CTP_I_003 | AB2: =VLOOKUP(AA2,'Axe 2 Règles de gestion'!$D$2:$F$65,3, FALSE) -> Le comité social d'administration compétent est consulté sur la mise en place du congé. | AC2: CTP_I_004 | AD2: =VLOOKUP(AC2,'Axe 2 Règles de gestion'!$D$2:$F$65,3, FALSE) -> Le congé peut être fractionné en mois, semaines ou journées. | AE2: CTP_I_005 | AF2: =VLOOKUP(AE2,'Axe 2 Règles de gestion'!$D$2:$F$65,3, FALSE) -> Le congé permet à l'agent de suivre une formation d'une durée égale ou supérieure à 120 heures sanctionnée par une certification professionnelle ou à 70 heures pour accompagner ou conseiller les créateurs ou repreneurs d'entreprises. | AG2: CTP_I_006 | AH2: =VLOOKUP(AG2,'Axe 2 Règles de gestion'!$D$2:$F$65,3, FALSE) -> L'agent doit effectuer une demande. | AI2: CTP_I_007 | AJ2: =VLOOKUP(AI2,'Axe 2 Règles de gestion'!$D$2:$F$65,3, FALSE) -> La demande de congé précise la nature de la formation, sa durée, le nom de l'organisme qui la dispense et l'objectif professionnel visé. | AK2: CTP_I_008 | AL2: =VLOOKUP(AK2,'Axe 2 Règles de gestion'!$D$2:$F$65,3, FALSE) -> L'administration informe l'agent de sa réponse par écrit dans le délai de 30 jours suivant la réception de la demande. | AM2: CTP_I_009 | AN2: =VLOOKUP(AM2,'Axe 2 Règles de gestion'!$D$2:$F$65,3, FALSE) -> La décision de rejet du congé doit être motivée. | AO2: CTP_I_010 | AP2: =VLOOKUP(AO2,'Axe 2 Règles de gestion'!$D$2:$F$65,3, FALSE) -> Le bénéfice du congé peut être différé dans l'intérêt du service. | AQ2: CTP_I_011 | AR2: =VLOOKUP(AQ2,'Axe 2 Règles de gestion'!$D$2:$F$65,3, FALSE) -> L'agent transmet les attestations établies par l'organisme de formation, justifiant son assiduité à l'action de formation, sinon il perd le bénéfice de ce congé. | AS2: CTP_I_002 | AT2: =VLOOKUP(AS2,'Axe 2 Règles de gestion'!$D$2:$F$65,3, FALSE) -> Si le projet professionnel nécessite des actions de formation dont la durée totale est supérieure à 12 mois, alors le congé est prolongé en un congé de formation professionnelle pour une durée cumulée ne pouvant excéder 3 ans. | AU2: CTP_I_014 | AV2: =VLOOKUP(AU2,'Axe 2 Règles de gestion'!$D$2:$F$65,3, FALSE) -> Le silence gardé par l'administration à l'issue de ce délai vaut rejet de la demande. | BE2: CTP_D_001 | BF2: =VLOOKUP(BE2,'Axe 2 Règles de gestion'!$D$2:$F$65,3, FALSE) -> L'agent doit être en activité. | BG2: CTP_D_002 | BH2: =VLOOKUP(BG2,'Axe 2 Règles de gestion'!$D$2:$F$65,3, FALSE) -> Le congé est accordé pour une durée maximale de 12 mois. | BI2: CTP_D_003 | BJ2: =VLOOKUP(BI2,'Axe 2 Règles de gestion'!$D$2:$F$65,3, FALSE) -> La demande de congé doit être formulée au moins 60 jours avant la date de début de la formation liée au congé. | BM2: ABS_C_001 | BN2: =VLOOKUP(BM2,'Axe 2 Règles de gestion'!$D$2:$F$65,3, FALSE) -> La date de début du congé/absence doit être postérieure ou égale à la date de recrutement dans la FPE ou dans la carrière militaire. | BO2: ABS_C_002 | BP2: =VLOOKUP(BO2,'Axe 2 Règles de gestion'!$D$2:$F$65,3, FALSE) -> La date de début du congé/absence doit être postérieure ou égale à la date de début du lien juridique. | BQ2: ABS_C_003 | BR2: =VLOOKUP(BQ2,'Axe 2 Règles de gestion'!$D$2:$F$65,3, FALSE) -> La date de début du congé/absence doit être antérieure ou égale à la date de fin réelle du congé/absence. | BS2: ABS_C_004 | BT2: =VLOOKUP(BS2,'Axe 2 Règles de gestion'!$D$2:$F$65,3, FALSE) -> La date de début du congé/absence doit être antérieure ou égale à la date de fin prévisionnelle du congé/absence. | BU2: ABS_C_019 | BV2: =VLOOKUP(BU2,'Axe 2 Règles de gestion'!$D$2:$F$65,3, FALSE) -> Si l'absence ne commence pas par une demi-journée et si l'absence précédente ne finit pas par une demi journée, la date de début de l'absence saisie est postérieure à la date de fin réelle de l'absence précédente. | BW2: ABS_C_020 | BX2: =VLOOKUP(BW2,'Axe 2 Règles de gestion'!$D$2:$F$65,3, FALSE) -> Si l'absence ne commence pas par une demi-journée et si l'absence précédente ne finit pas par une demi journée, la date de début de l'absence saisie est postérieure à la date de fin prévisionnelle de l'absence précédente. | BY2: ABS_C_026 | BZ2: =VLOOKUP(BY2,'Axe 2 Règles de gestion'!$D$2:$F$65,3, FALSE) -> Dans le cas d'un congé autre que CLM, CLD, CGM et CITIS, l'indicateur de requalification doit être à non et les impacts spécifiques à la requalification ne doivent pas être mobilisés ou l'impact rémunération est vide.
A3: 22.00.00 | B3: M | C3: 44725.416 | D3: D0007 | E3: Congés/Absence | F3: S0146 | G3: Congé de transition professionnelle | H3: E0813 | I3: Congé de transition professionnelle | J3: Type de congé/absence saisi = 'Congé de transition professionnelle' | K3: A_COA_TYCOAB [Saisi] = 'CF016' | L3: T2010 | M3: Congé de transition professionnelle - Fin | N3: Modification | Q3: Titulaire ou magistrat | R3: P0001 | S3: T | T3: Général | U3: Passant | V3: 43826 | X3: CTP_I_012 ET CTP_D_002 ET ABS_C_005 ET ABS_C_006 ET ABS_C_007 ET ABS_C_008 ET ABS_C_009 | Y3: CTP_I_012 | Z3: =VLOOKUP(Y3,'Axe 2 Règles de gestion'!$D$2:$F$65,3, FALSE) -> Le congé s'achève avant le terme de la période de restructuration sauf si l'agent a débuté sa formation moins de 12 mois avant ce terme du fait d'une décision de report dans l'intérêt du service. | BE3: CTP_D_002 | BF3: =VLOOKUP(BE3,'Axe 2 Règles de gestion'!$D$2:$F$65,3, FALSE) -> Le congé est accordé pour une durée maximale de 12 mois. | BM3: ABS_C_005 | BN3: =VLOOKUP(BM3,'Axe 2 Règles de gestion'!$D$2:$F$65,3, FALSE) -> La date de fin réelle du congé/absence doit être antérieure ou égale à la date limite de fin réelle ou prévisionnelle du lien juridique. | BO3: ABS_C_006 | BP3: =VLOOKUP(BO3,'Axe 2 Règles de gestion'!$D$2:$F$65,3, FALSE) -> La date de fin prévisionnelle du congé/absence doit être antérieure ou égale à la date limite de fin réelle ou prévisionnelle du lien juridique. | BQ3: ABS_C_007 | BR3: =VLOOKUP(BQ3,'Axe 2 Règles de gestion'!$D$2:$F$65,3, FALSE) -> La date de fin réelle du congé/absence doit être antérieure à la date limite de départ à la retraite. | BS3: ABS_C_008 | BT3: =VLOOKUP(BS3,'Axe 2 Règles de gestion'!$D$2:$F$65,3, FALSE) -> La date de fin prévisionnelle du congé/absence doit être antérieure à la date limite de départ à la retraite. | BU3: ABS_C_009 | BV3: =VLOOKUP(BU3,'Axe 2 Règles de gestion'!$D$2:$F$65,3, FALSE) -> La date de fin réelle ou la date de fin prévisionnelle du congé/absence doit être saisie.
A4: 22.10.00 | B4: A | C4: 44886.485 | D4: D0007 | E4: Congés/Absence | F4: S0146 | G4: Congé de transition professionnelle | H4: E0813 | I4: Congé de transition professionnelle | J4: Type de congé/absence saisi = 'Congé de transition professionnelle' | K4: A_COA_TYCOAB [Saisi] = 'CF016' | L4: T2009 | M4: Congé de transition professionnelle - Demande | N4: Création | Q4: Militaire | R4: P0002 | S4: M | T4: Général | U4: Exclu | V4: 43831
A5: 22.10.00 | B5: A | C5: 44886.485 | D5: D0007 | E5: Congés/Absence | F5: S0146 | G5: Congé de transition professionnelle | H5: E0813 | I5: Congé de transition professionnelle | J5: Type de congé/absence saisi = 'Congé de transition professionnelle' | K5: A_COA_TYCOAB [Saisi] = 'CF016' | L5: T2010 | M5: Congé de transition professionnelle - Fin | N5: Modification | Q5: Militaire | R5: P0002 | S5: M | T5: Général | U5: Exclu | V5: 43831
A6: 22.10.00 | B6: M | C6: 44837.723 | D6: D0007 | E6: Congés/Absence | F6: S0146 | G6: Congé de transition professionnelle | H6: E0813 | I6: Congé de transition professionnelle | J6: Type de congé/absence saisi = 'Congé de transition professionnelle' | K6: A_COA_TYCOAB [Saisi] = 'CF016' | L6: T2009 | M6: Congé de transition professionnelle - Demande | N6: Création | Q6: Contractuel | R6: P0003 | S6: N | T6: Général | U6: Passant | V6: 43826 | W6: 44677 | X6: CTP_I_001 ET CTP_I_003 ET CTP_I_004 ET CTP_I_005 ET CTP_I_006 ET CTP_I_007 ET CTP_I_008 ET CTP_I_009 ET CTP_I_010 ET CTP_I_011 ET CTP_I_002 ET CTP_I_014 ET CTP_D_001 ET CTP_D_004 ET CTP_D_003 ET CTP_D_005 ET ABS_C_001 ET ABS_C_002 ET ABS_C_003 ET ABS_C_004 ET ABS_C_019 ET ABS_C_020 ET ABS_C_026 | Y6: CTP_I_001 | Z6: =VLOOKUP(Y6,'Axe 2 Règles de gestion'!$D$2:$F$65,3, FALSE) -> L'agent peut bénéficier du congé si l'administration envisage de supprimer son emploi en cas de restructuration de son service, dont le périmètre et la durée sont définis par arrêté. | AA6: CTP_I_003 | AB6: =VLOOKUP(AA6,'Axe 2 Règles de gestion'!$D$2:$F$65,3, FALSE) -> Le comité social d'administration compétent est consulté sur la mise en place du congé. | AC6: CTP_I_004 | AD6: =VLOOKUP(AC6,'Axe 2 Règles de gestion'!$D$2:$F$65,3, FALSE) -> Le congé peut être fractionné en mois, semaines ou journées. | AE6: CTP_I_005 | AF6: =VLOOKUP(AE6,'Axe 2 Règles de gestion'!$D$2:$F$65,3, FALSE) -> Le congé permet à l'agent de suivre une formation d'une durée égale ou supérieure à 120 heures sanctionnée par une certification professionnelle ou à 70 heures pour accompagner ou conseiller les créateurs ou repreneurs d'entreprises. | AG6: CTP_I_006 | AH6: =VLOOKUP(AG6,'Axe 2 Règles de gestion'!$D$2:$F$65,3, FALSE) -> L'agent doit effectuer une demande. | AI6: CTP_I_007 | AJ6: =VLOOKUP(AI6,'Axe 2 Règles de gestion'!$D$2:$F$65,3, FALSE) -> La demande de congé précise la nature de la formation, sa durée, le nom de l'organisme qui la dispense et l'objectif professionnel visé. | AK6: CTP_I_008 | AL6: =VLOOKUP(AK6,'Axe 2 Règles de gestion'!$D$2:$F$65,3, FALSE) -> L'administration informe l'agent de sa réponse par écrit dans le délai de 30 jours suivant la réception de la demande. | AM6: CTP_I_009 | AN6: =VLOOKUP(AM6,'Axe 2 Règles de gestion'!$D$2:$F$65,3, FALSE) -> La décision de rejet du congé doit être motivée. | AO6: CTP_I_010 | AP6: =VLOOKUP(AO6,'Axe 2 Règles de gestion'!$D$2:$F$65,3, FALSE) -> Le bénéfice du congé peut être différé dans l'intérêt du service. | AQ6: CTP_I_011 | AR6: =VLOOKUP(AQ6,'Axe 2 Règles de gestion'!$D$2:$F$65,3, FALSE) -> L'agent transmet les attestations établies par l'organisme de formation, justifiant son assiduité à l'action de formation, sinon il perd le bénéfice de ce congé. | AS6: CTP_I_002 | AT6: =VLOOKUP(AS6,'Axe 2 Règles de gestion'!$D$2:$F$65,3, FALSE) -> Si le projet professionnel nécessite des actions de formation dont la durée totale est supérieure à 12 mois, alors le congé est prolongé en un congé de formation professionnelle pour une durée cumulée ne pouvant excéder 3 ans. | AU6: CTP_I_014 | AV6: =VLOOKUP(AU6,'Axe 2 Règles de gestion'!$D$2:$F$65,3, FALSE) -> Le silence gardé par l'administration à l'issue de ce délai vaut rejet de la demande. | BE6: CTP_D_001 | BF6: =VLOOKUP(BE6,'Axe 2 Règles de gestion'!$D$2:$F$65,3, FALSE) -> L'agent doit être en activité. | BG6: CTP_D_004 | BH6: =VLOOKUP(BG6,'Axe 2 Règles de gestion'!$D$2:$F$65,3, FALSE) -> Le congé est accordé pour une durée maximale de 12 mois. | BI6: CTP_D_003 | BJ6: =VLOOKUP(BI6,'Axe 2 Règles de gestion'!$D$2:$F$65,3, FALSE) -> La demande de congé doit être formulée au moins 60 jours avant la date de début de la formation liée au congé. | BK6: CTP_D_005 | BL6: =VLOOKUP(BK6,'Axe 2 Règles de gestion'!$D$2:$F$65,3, FALSE) -> Les agents contractuels recrutés pour une durée indéterminée bénéficient du congé. | BM6: ABS_C_001 | BN6: =VLOOKUP(BM6,'Axe 2 Règles de gestion'!$D$2:$F$65,3, FALSE) -> La date de début du congé/absence doit être postérieure ou égale à la date de recrutement dans la FPE ou dans la carrière militaire. | BO6: ABS_C_002 | BP6: =VLOOKUP(BO6,'Axe 2 Règles de gestion'!$D$2:$F$65,3, FALSE) -> La date de début du congé/absence doit être postérieure ou égale à la date de début du lien juridique. | BQ6: ABS_C_003 | BR6: =VLOOKUP(BQ6,'Axe 2 Règles de gestion'!$D$2:$F$65,3, FALSE) -> La date de début du congé/absence doit être antérieure ou égale à la date de fin réelle du congé/absence. | BS6: ABS_C_004 | BT6: =VLOOKUP(BS6,'Axe 2 Règles de gestion'!$D$2:$F$65,3, FALSE) -> La date de début du congé/absence doit être antérieure ou égale à la date de fin prévisionnelle du congé/absence. | BU6: ABS_C_019 | BV6: =VLOOKUP(BU6,'Axe 2 Règles de gestion'!$D$2:$F$65,3, FALSE) -> Si l'absence ne commence pas par une demi-journée et si l'absence précédente ne finit pas par une demi journée, la date de début de l'absence saisie est postérieure à la date de fin réelle de l'absence précédente. | BW6: ABS_C_020 | BX6: =VLOOKUP(BW6,'Axe 2 Règles de gestion'!$D$2:$F$65,3, FALSE) -> Si l'absence ne commence pas par une demi-journée et si l'absence précédente ne finit pas par une demi journée, la date de début de l'absence saisie est postérieure à la date de fin prévisionnelle de l'absence précédente. | BY6: ABS_C_026 | BZ6: =VLOOKUP(BY6,'Axe 2 Règles de gestion'!$D$2:$F$65,3, FALSE) -> Dans le cas d'un congé autre que CLM, CLD, CGM et CITIS, l'indicateur de requalification doit être à non et les impacts spécifiques à la requalification ne doivent pas être mobilisés ou l'impact rémunération est vide.
A7: 22.10.00 | B7: A | C7: 44959.574 | D7: D0007 | E7: Congés/Absence | F7: S0146 | G7: Congé de transition professionnelle | H7: E0813 | I7: Congé de transition professionnelle | J7: Type de congé/absence saisi = 'Congé de transition professionnelle' | K7: A_COA_TYCOAB [Saisi] = 'CF016' | L7: T2009 | M7: Congé de transition professionnelle - Demande | N7: Création | Q7: Contractuel | R7: P0003 | S7: N | T7: Général | U7: Passant | V7: 44678 | X7: CTP_I_001 ET CTP_I_003 ET CTP_I_004 ET CTP_I_005 ET CTP_I_006 ET CTP_I_007 ET CTP_I_008 ET CTP_I_009 ET CTP_I_010 ET CTP_I_011 ET CTP_I_002 ET CTP_I_014 ET CTP_D_001 ET CTP_D_004 ET CTP_D_003 ET CTP_D_006 ET ABS_C_001 ET ABS_C_002 ET ABS_C_003 ET ABS_C_004 ET ABS_C_019 ET ABS_C_020 ET ABS_C_026 | Y7: CTP_I_001 | Z7: =VLOOKUP(Y7,'Axe 2 Règles de gestion'!$D$2:$F$65,3, FALSE) -> L'agent peut bénéficier du congé si l'administration envisage de supprimer son emploi en cas de restructuration de son service, dont le périmètre et la durée sont définis par arrêté. | AA7: CTP_I_003 | AB7: =VLOOKUP(AA7,'Axe 2 Règles de gestion'!$D$2:$F$65,3, FALSE) -> Le comité social d'administration compétent est consulté sur la mise en place du congé. | AC7: CTP_I_004 | AD7: =VLOOKUP(AC7,'Axe 2 Règles de gestion'!$D$2:$F$65,3, FALSE) -> Le congé peut être fractionné en mois, semaines ou journées. | AE7: CTP_I_005 | AF7: =VLOOKUP(AE7,'Axe 2 Règles de gestion'!$D$2:$F$65,3, FALSE) -> Le congé permet à l'agent de suivre une formation d'une durée égale ou supérieure à 120 heures sanctionnée par une certification professionnelle ou à 70 heures pour accompagner ou conseiller les créateurs ou repreneurs d'entreprises. | AG7: CTP_I_006 | AH7: =VLOOKUP(AG7,'Axe 2 Règles de gestion'!$D$2:$F$65,3, FALSE) -> L'agent doit effectuer une demande. | AI7: CTP_I_007 | AJ7: =VLOOKUP(AI7,'Axe 2 Règles de gestion'!$D$2:$F$65,3, FALSE) -> La demande de congé précise la nature de la formation, sa durée, le nom de l'organisme qui la dispense et l'objectif professionnel visé. | AK7: CTP_I_008 | AL7: =VLOOKUP(AK7,'Axe 2 Règles de gestion'!$D$2:$F$65,3, FALSE) -> L'administration informe l'agent de sa réponse par écrit dans le délai de 30 jours suivant la réception de la demande. | AM7: CTP_I_009 | AN7: =VLOOKUP(AM7,'Axe 2 Règles de gestion'!$D$2:$F$65,3, FALSE) -> La décision de rejet du congé doit être motivée. | AO7: CTP_I_010 | AP7: =VLOOKUP(AO7,'Axe 2 Règles de gestion'!$D$2:$F$65,3, FALSE) -> Le bénéfice du congé peut être différé dans l'intérêt du service. | AQ7: CTP_I_011 | AR7: =VLOOKUP(AQ7,'Axe 2 Règles de gestion'!$D$2:$F$65,3, FALSE) -> L'agent transmet les attestations établies par l'organisme de formation, justifiant son assiduité à l'action de formation, sinon il perd le bénéfice de ce congé. | AS7: CTP_I_002 | AT7: =VLOOKUP(AS7,'Axe 2 Règles de gestion'!$D$2:$F$65,3, FALSE) -> Si le projet professionnel nécessite des actions de formation dont la durée totale est supérieure à 12 mois, alors le congé est prolongé en un congé de formation professionnelle pour une durée cumulée ne pouvant excéder 3 ans. | AU7: CTP_I_014 | AV7: =VLOOKUP(AU7,'Axe 2 Règles de gestion'!$D$2:$F$65,3, FALSE) -> Le silence gardé par l'administration à l'issue de ce délai vaut rejet de la demande. | BE7: CTP_D_001 | BF7: =VLOOKUP(BE7,'Axe 2 Règles de gestion'!$D$2:$F$65,3, FALSE) -> L'agent doit être en activité. | BG7: CTP_D_004 | BH7: =VLOOKUP(BG7,'Axe 2 Règles de gestion'!$D$2:$F$65,3, FALSE) -> Le congé est accordé pour une durée maximale de 12 mois. | BI7: CTP_D_003 | BJ7: =VLOOKUP(BI7,'Axe 2 Règles de gestion'!$D$2:$F$65,3, FALSE) -> La demande de congé doit être formulée au moins 60 jours avant la date de début de la formation liée au congé. | BK7: CTP_D_006 | BL7: =VLOOKUP(BK7,'Axe 2 Règles de gestion'!$D$2:$F$65,3, FALSE) -> Les agents contractuels recrutés pour une durée indéterminée bénéficient du congé. | BM7: ABS_C_001 | BN7: =VLOOKUP(BM7,'Axe 2 Règles de gestion'!$D$2:$F$65,3, FALSE) -> La date de début du congé/absence doit être postérieure ou égale à la date de recrutement dans la FPE ou dans la carrière militaire. | BO7: ABS_C_002 | BP7: =VLOOKUP(BO7,'Axe 2 Règles de gestion'!$D$2:$F$65,3, FALSE) -> La date de début du congé/absence doit être postérieure ou égale à la date de début du lien juridique. | BQ7: ABS_C_003 | BR7: =VLOOKUP(BQ7,'Axe 2 Règles de gestion'!$D$2:$F$65,3, FALSE) -> La date de début du congé/absence doit être antérieure ou égale à la date de fin réelle du congé/absence. | BS7: ABS_C_004 | BT7: =VLOOKUP(BS7,'Axe 2 Règles de gestion'!$D$2:$F$65,3, FALSE) -> La date de début du congé/absence doit être antérieure ou égale à la date de fin prévisionnelle du congé/absence. | BU7: ABS_C_019 | BV7: =VLOOKUP(BU7,'Axe 2 Règles de gestion'!$D$2:$F$65,3, FALSE) -> Si l'absence ne commence pas par une demi-journée et si l'absence précédente ne finit pas par une demi journée, la date de début de l'absence saisie est postérieure à la date de fin réelle de l'absence précédente. | BW7: ABS_C_020 | BX7: =VLOOKUP(BW7,'Axe 2 Règles de gestion'!$D$2:$F$65,3, FALSE) -> Si l'absence ne commence pas par une demi-journée et si l'absence précédente ne finit pas par une demi journée, la date de début de l'absence saisie est postérieure à la date de fin prévisionnelle de l'absence précédente. | BY7: ABS_C_026 | BZ7: =VLOOKUP(BY7,'Axe 2 Règles de gestion'!$D$2:$F$65,3, FALSE) -> Dans le cas d'un congé autre que CLM, CLD, CGM et CITIS, l'indicateur de requalification doit être à non et les impacts spécifiques à la requalification ne doivent pas être mobilisés ou l'impact rémunération est vide.
A8: 22.00.00 | B8: M | C8: 44725.417 | D8: D0007 | E8: Congés/Absence | F8: S0146 | G8: Congé de transition professionnelle | H8: E0813 | I8: Congé de transition professionnelle | J8: Type de congé/absence saisi = 'Congé de transition professionnelle' | K8: A_COA_TYCOAB [Saisi] = 'CF016' | L8: T2010 | M8: Congé de transition professionnelle - Fin | N8: Modification | Q8: Contractuel | R8: P0003 | S8: N | T8: Général | U8: Passant | V8: 43826 | X8: CTP_I_012 ET CTP_D_004 ET ABS_C_005 ET ABS_C_006 ET ABS_C_007 ET ABS_C_008 ET ABS_C_009 | Y8: CTP_I_012 | Z8: =VLOOKUP(Y8,'Axe 2 Règles de gestion'!$D$2:$F$65,3, FALSE) -> Le congé s'achève avant le terme de la période de restructuration sauf si l'agent a débuté sa formation moins de 12 mois avant ce terme du fait d'une décision de report dans l'intérêt du service. | BE8: CTP_D_004 | BF8: =VLOOKUP(BE8,'Axe 2 Règles de gestion'!$D$2:$F$65,3, FALSE) -> Le congé est accordé pour une durée maximale de 12 mois. | BM8: ABS_C_005 | BN8: =VLOOKUP(BM8,'Axe 2 Règles de gestion'!$D$2:$F$65,3, FALSE) -> La date de fin réelle du congé/absence doit être antérieure ou égale à la date limite de fin réelle ou prévisionnelle du lien juridique. | BO8: ABS_C_006 | BP8: =VLOOKUP(BO8,'Axe 2 Règles de gestion'!$D$2:$F$65,3, FALSE) -> La date de fin prévisionnelle du congé/absence doit être antérieure ou égale à la date limite de fin réelle ou prévisionnelle du lien juridique. | BQ8: ABS_C_007 | BR8: =VLOOKUP(BQ8,'Axe 2 Règles de gestion'!$D$2:$F$65,3, FALSE) -> La date de fin réelle du congé/absence doit être antérieure à la date limite de départ à la retraite. | BS8: ABS_C_008 | BT8: =VLOOKUP(BS8,'Axe 2 Règles de gestion'!$D$2:$F$65,3, FALSE) -> La date de fin prévisionnelle du congé/absence doit être antérieure à la date limite de départ à la retraite. | BU8: ABS_C_009 | BV8: =VLOOKUP(BU8,'Axe 2 Règles de gestion'!$D$2:$F$65,3, FALSE) -> La date de fin réelle ou la date de fin prévisionnelle du congé/absence doit être saisie.
A9: 22.00.00 | B9: M | C9: 44725.465 | D9: D0007 | E9: Congés/Absence | F9: S0146 | G9: Congé de transition professionnelle | H9: E0813 | I9: Congé de transition professionnelle | J9: Type de congé/absence saisi = 'Congé de transition professionnelle' | K9: A_COA_TYCOAB [Saisi] = 'CF016' | L9: T2009 | M9: Congé de transition professionnelle - Demande | N9: Création | Q9: Stagiaire ou auditeur ou élève | R9: P0004 | S9: S | T9: Général | U9: Passant | V9: 43826 | X9: CTP_I_001 ET CTP_I_003 ET CTP_I_004 ET CTP_I_005 ET CTP_I_006 ET CTP_I_007 ET CTP_I_008 ET CTP_I_009 ET CTP_I_010 ET CTP_I_011 ET CTP_I_013 ET CTP_I_014 ET CTP_D_001 ET CTP_D_004 ET CTP_D_003 ET ABS_C_001 ET ABS_C_002 ET ABS_C_003 ET ABS_C_004 ET ABS_C_019 ET ABS_C_020 ET ABS_C_026 | Y9: CTP_I_001 | Z9: =VLOOKUP(Y9,'Axe 2 Règles de gestion'!$D$2:$F$65,3, FALSE) -> L'agent peut bénéficier du congé si l'administration envisage de supprimer son emploi en cas de restructuration de son service, dont le périmètre et la durée sont définis par arrêté. | AA9: CTP_I_003 | AB9: =VLOOKUP(AA9,'Axe 2 Règles de gestion'!$D$2:$F$65,3, FALSE) -> Le comité social d'administration compétent est consulté sur la mise en place du congé. | AC9: CTP_I_004 | AD9: =VLOOKUP(AC9,'Axe 2 Règles de gestion'!$D$2:$F$65,3, FALSE) -> Le congé peut être fractionné en mois, semaines ou journées. | AE9: CTP_I_005 | AF9: =VLOOKUP(AE9,'Axe 2 Règles de gestion'!$D$2:$F$65,3, FALSE) -> Le congé permet à l'agent de suivre une formation d'une durée égale ou supérieure à 120 heures sanctionnée par une certification professionnelle ou à 70 heures pour accompagner ou conseiller les créateurs ou repreneurs d'entreprises. | AG9: CTP_I_006 | AH9: =VLOOKUP(AG9,'Axe 2 Règles de gestion'!$D$2:$F$65,3, FALSE) -> L'agent doit effectuer une demande. | AI9: CTP_I_007 | AJ9: =VLOOKUP(AI9,'Axe 2 Règles de gestion'!$D$2:$F$65,3, FALSE) -> La demande de congé précise la nature de la formation, sa durée, le nom de l'organisme qui la dispense et l'objectif professionnel visé. | AK9: CTP_I_008 | AL9: =VLOOKUP(AK9,'Axe 2 Règles de gestion'!$D$2:$F$65,3, FALSE) -> L'administration informe l'agent de sa réponse par écrit dans le délai de 30 jours suivant la réception de la demande. | AM9: CTP_I_009 | AN9: =VLOOKUP(AM9,'Axe 2 Règles de gestion'!$D$2:$F$65,3, FALSE) -> La décision de rejet du congé doit être motivée. | AO9: CTP_I_010 | AP9: =VLOOKUP(AO9,'Axe 2 Règles de gestion'!$D$2:$F$65,3, FALSE) -> Le bénéfice du congé peut être différé dans l'intérêt du service. | AQ9: CTP_I_011 | AR9: =VLOOKUP(AQ9,'Axe 2 Règles de gestion'!$D$2:$F$65,3, FALSE) -> L'agent transmet les attestations établies par l'organisme de formation, justifiant son assiduité à l'action de formation, sinon il perd le bénéfice de ce congé. | AS9: CTP_I_013 | AT9: =VLOOKUP(AS9,'Axe 2 Règles de gestion'!$D$2:$F$65,3, FALSE) -> L'agent ne bénéficiant pas du congé de formation professionnelle, ne peut pas voir son congé de transition professionnelle prolongé au-delà des 12 mois. | AU9: CTP_I_014 | AV9: =VLOOKUP(AU9,'Axe 2 Règles de gestion'!$D$2:$F$65,3, FALSE) -> Le silence gardé par l'administration à l'issue de ce délai vaut rejet de la demande. | BE9: CTP_D_001 | BF9: =VLOOKUP(BE9,'Axe 2 Règles de gestion'!$D$2:$F$65,3, FALSE) -> L'agent doit être en activité. | BG9: CTP_D_004 | BH9: =VLOOKUP(BG9,'Axe 2 Règles de gestion'!$D$2:$F$65,3, FALSE) -> Le congé est accordé pour une durée maximale de 12 mois. | BI9: CTP_D_003 | BJ9: =VLOOKUP(BI9,'Axe 2 Règles de gestion'!$D$2:$F$65,3, FALSE) -> La demande de congé doit être formulée au moins 60 jours avant la date de début de la formation liée au congé. | BM9: ABS_C_001 | BN9: =VLOOKUP(BM9,'Axe 2 Règles de gestion'!$D$2:$F$65,3, FALSE) -> La date de début du congé/absence doit être postérieure ou égale à la date de recrutement dans la FPE ou dans la carrière militaire. | BO9: ABS_C_002 | BP9: =VLOOKUP(BO9,'Axe 2 Règles de gestion'!$D$2:$F$65,3, FALSE) -> La date de début du congé/absence doit être postérieure ou égale à la date de début du lien juridique. | BQ9: ABS_C_003 | BR9: =VLOOKUP(BQ9,'Axe 2 Règles de gestion'!$D$2:$F$65,3, FALSE) -> La date de début du congé/absence doit être antérieure ou égale à la date de fin réelle du congé/absence. | BS9: ABS_C_004 | BT9: =VLOOKUP(BS9,'Axe 2 Règles de gestion'!$D$2:$F$65,3, FALSE) -> La date de début du congé/absence doit être antérieure ou égale à la date de fin prévisionnelle du congé/absence. | BU9: ABS_C_019 | BV9: =VLOOKUP(BU9,'Axe 2 Règles de gestion'!$D$2:$F$65,3, FALSE) -> Si l'absence ne commence pas par une demi-journée et si l'absence précédente ne finit pas par une demi journée, la date de début de l'absence saisie est postérieure à la date de fin réelle de l'absence précédente. | BW9: ABS_C_020 | BX9: =VLOOKUP(BW9,'Axe 2 Règles de gestion'!$D$2:$F$65,3, FALSE) -> Si l'absence ne commence pas par une demi-journée et si l'absence précédente ne finit pas par une demi journée, la date de début de l'absence saisie est postérieure à la date de fin prévisionnelle de l'absence précédente. | BY9: ABS_C_026 | BZ9: =VLOOKUP(BY9,'Axe 2 Règles de gestion'!$D$2:$F$65,3, FALSE) -> Dans le cas d'un congé autre que CLM, CLD, CGM et CITIS, l'indicateur de requalification doit être à non et les impacts spécifiques à la requalification ne doivent pas être mobilisés ou l'impact rémunération est vide.
A10: 22.00.00 | B10: M | C10: 44725.461 | D10: D0007 | E10: Congés/Absence | F10: S0146 | G10: Congé de transition professionnelle | H10: E0813 | I10: Congé de transition professionnelle | J10: Type de congé/absence saisi = 'Congé de transition professionnelle' | K10: A_COA_TYCOAB [Saisi] = 'CF016' | L10: T2010 | M10: Congé de transition professionnelle - Fin | N10: Modification | Q10: Stagiaire ou auditeur ou élève | R10: P0004 | S10: S | T10: Général | U10: Passant | V10: 43826 | X10: CTP_I_012 ET CTP_D_004 ET ABS_C_005 ET ABS_C_006 ET ABS_C_007 ET ABS_C_008 ET ABS_C_009 | Y10: CTP_I_012 | Z10: =VLOOKUP(Y10,'Axe 2 Règles de gestion'!$D$2:$F$65,3, FALSE) -> Le congé s'achève avant le terme de la période de restructuration sauf si l'agent a débuté sa formation moins de 12 mois avant ce terme du fait d'une décision de report dans l'intérêt du service. | BE10: CTP_D_004 | BF10: =VLOOKUP(BE10,'Axe 2 Règles de gestion'!$D$2:$F$65,3, FALSE) -> Le congé est accordé pour une durée maximale de 12 mois. | BM10: ABS_C_005 | BN10: =VLOOKUP(BM10,'Axe 2 Règles de gestion'!$D$2:$F$65,3, FALSE) -> La date de fin réelle du congé/absence doit être antérieure ou égale à la date limite de fin réelle ou prévisionnelle du lien juridique. | BO10: ABS_C_006 | BP10: =VLOOKUP(BO10,'Axe 2 Règles de gestion'!$D$2:$F$65,3, FALSE) -> La date de fin prévisionnelle du congé/absence doit être antérieure ou égale à la date limite de fin réelle ou prévisionnelle du lien juridique. | BQ10: ABS_C_007 | BR10: =VLOOKUP(BQ10,'Axe 2 Règles de gestion'!$D$2:$F$65,3, FALSE) -> La date de fin réelle du congé/absence doit être antérieure à la date limite de départ à la retraite. | BS10: ABS_C_008 | BT10: =VLOOKUP(BS10,'Axe 2 Règles de gestion'!$D$2:$F$65,3, FALSE) -> La date de fin prévisionnelle du congé/absence doit être antérieure à la date limite de départ à la retraite. | BU10: ABS_C_009 | BV10: =VLOOKUP(BU10,'Axe 2 Règles de gestion'!$D$2:$F$65,3, FALSE) -> La date de fin réelle ou la date de fin prévisionnelle du congé/absence doit être saisie.
A11: 20.00.00 | B11: A | C11: 43899.688 | D11: D0007 | E11: Congés/Absence | F11: S0146 | G11: Congé de transition professionnelle | H11: E0813 | I11: Congé de transition professionnelle | J11: Type de congé/absence saisi = 'Congé de transition professionnelle' | K11: A_COA_TYCOAB [Saisi] = 'CF016' | L11: T2009 | M11: Congé de transition professionnelle - Demande | N11: Création | Q11: Ouvrier d'état | R11: P0005 | S11: O | T11: Général | U11: Passant | V11: 43826 | X11: CTP_I_001 ET CTP_I_003 ET CTP_I_004 ET CTP_I_005 ET CTP_I_006 ET CTP_I_007 ET CTP_I_008 ET CTP_I_009 ET CTP_I_010 ET CTP_I_011 ET CTP_I_002 ET CTP_I_014 ET CTP_D_001 ET CTP_D_004 ET CTP_D_003 ET ABS_C_001 ET ABS_C_002 ET ABS_C_003 ET ABS_C_004 ET ABS_C_019 ET ABS_C_020 ET ABS_C_026 | Y11: CTP_I_001 | Z11: =VLOOKUP(Y11,'Axe 2 Règles de gestion'!$D$2:$F$65,3, FALSE) -> L'agent peut bénéficier du congé si l'administration envisage de supprimer son emploi en cas de restructuration de son service, dont le périmètre et la durée sont définis par arrêté. | AA11: CTP_I_003 | AB11: =VLOOKUP(AA11,'Axe 2 Règles de gestion'!$D$2:$F$65,3, FALSE) -> Le comité social d'administration compétent est consulté sur la mise en place du congé. | AC11: CTP_I_004 | AD11: =VLOOKUP(AC11,'Axe 2 Règles de gestion'!$D$2:$F$65,3, FALSE) -> Le congé peut être fractionné en mois, semaines ou journées. | AE11: CTP_I_005 | AF11: =VLOOKUP(AE11,'Axe 2 Règles de gestion'!$D$2:$F$65,3, FALSE) -> Le congé permet à l'agent de suivre une formation d'une durée égale ou supérieure à 120 heures sanctionnée par une certification professionnelle ou à 70 heures pour accompagner ou conseiller les créateurs ou repreneurs d'entreprises. | AG11: CTP_I_006 | AH11: =VLOOKUP(AG11,'Axe 2 Règles de gestion'!$D$2:$F$65,3, FALSE) -> L'agent doit effectuer une demande. | AI11: CTP_I_007 | AJ11: =VLOOKUP(AI11,'Axe 2 Règles de gestion'!$D$2:$F$65,3, FALSE) -> La demande de congé précise la nature de la formation, sa durée, le nom de l'organisme qui la dispense et l'objectif professionnel visé. | AK11: CTP_I_008 | AL11: =VLOOKUP(AK11,'Axe 2 Règles de gestion'!$D$2:$F$65,3, FALSE) -> L'administration informe l'agent de sa réponse par écrit dans le délai de 30 jours suivant la réception de la demande. | AM11: CTP_I_009 | AN11: =VLOOKUP(AM11,'Axe 2 Règles de gestion'!$D$2:$F$65,3, FALSE) -> La décision de rejet du congé doit être motivée. | AO11: CTP_I_010 | AP11: =VLOOKUP(AO11,'Axe 2 Règles de gestion'!$D$2:$F$65,3, FALSE) -> Le bénéfice du congé peut être différé dans l'intérêt du service. | AQ11: CTP_I_011 | AR11: =VLOOKUP(AQ11,'Axe 2 Règles de gestion'!$D$2:$F$65,3, FALSE) -> L'agent transmet les attestations établies par l'organisme de formation, justifiant son assiduité à l'action de formation, sinon il perd le bénéfice de ce congé. | AS11: CTP_I_002 | AT11: =VLOOKUP(AS11,'Axe 2 Règles de gestion'!$D$2:$F$65,3, FALSE) -> Si le projet professionnel nécessite des actions de formation dont la durée totale est supérieure à 12 mois, alors le congé est prolongé en un congé de formation professionnelle pour une durée cumulée ne pouvant excéder 3 ans. | AU11: CTP_I_014 | AV11: =VLOOKUP(AU11,'Axe 2 Règles de gestion'!$D$2:$F$65,3, FALSE) -> Le silence gardé par l'administration à l'issue de ce délai vaut rejet de la demande. | BE11: CTP_D_001 | BF11: =VLOOKUP(BE11,'Axe 2 Règles de gestion'!$D$2:$F$65,3, FALSE) -> L'agent doit être en activité. | BG11: CTP_D_004 | BH11: =VLOOKUP(BG11,'Axe 2 Règles de gestion'!$D$2:$F$65,3, FALSE) -> Le congé est accordé pour une durée maximale de 12 mois. | BI11: CTP_D_003 | BJ11: =VLOOKUP(BI11,'Axe 2 Règles de gestion'!$D$2:$F$65,3, FALSE) -> La demande de congé doit être formulée au moins 60 jours avant la date de début de la formation liée au congé. | BM11: ABS_C_001 | BN11: =VLOOKUP(BM11,'Axe 2 Règles de gestion'!$D$2:$F$65,3, FALSE) -> La date de début du congé/absence doit être postérieure ou égale à la date de recrutement dans la FPE ou dans la carrière militaire. | BO11: ABS_C_002 | BP11: =VLOOKUP(BO11,'Axe 2 Règles de gestion'!$D$2:$F$65,3, FALSE) -> La date de début du congé/absence doit être postérieure ou égale à la date de début du lien juridique. | BQ11: ABS_C_003 | BR11: =VLOOKUP(BQ11,'Axe 2 Règles de gestion'!$D$2:$F$65,3, FALSE) -> La date de début du congé/absence doit être antérieure ou égale à la date de fin réelle du congé/absence. | BS11: ABS_C_004 | BT11: =VLOOKUP(BS11,'Axe 2 Règles de gestion'!$D$2:$F$65,3, FALSE) -> La date de début du congé/absence doit être antérieure ou égale à la date de fin prévisionnelle du congé/absence. | BU11: ABS_C_019 | BV11: =VLOOKUP(BU11,'Axe 2 Règles de gestion'!$D$2:$F$65,3, FALSE) -> Si l'absence ne commence pas par une demi-journée et si l'absence précédente ne finit pas par une demi journée, la date de début de l'absence saisie est postérieure à la date de fin réelle de l'absence précédente. | BW11: ABS_C_020 | BX11: =VLOOKUP(BW11,'Axe 2 Règles de gestion'!$D$2:$F$65,3, FALSE) -> Si l'absence ne commence pas par une demi-journée et si l'absence précédente ne finit pas par une demi journée, la date de début de l'absence saisie est postérieure à la date de fin prévisionnelle de l'absence précédente. | BY11: ABS_C_026 | BZ11: =VLOOKUP(BY11,'Axe 2 Règles de gestion'!$D$2:$F$65,3, FALSE) -> Dans le cas d'un congé autre que CLM, CLD, CGM et CITIS, l'indicateur de requalification doit être à non et les impacts spécifiques à la requalification ne doivent pas être mobilisés ou l'impact rémunération est vide.
A12: 22.00.00 | B12: M | C12: 44725.417 | D12: D0007 | E12: Congés/Absence | F12: S0146 | G12: Congé de transition professionnelle | H12: E0813 | I12: Congé de transition professionnelle | J12: Type de congé/absence saisi = 'Congé de transition professionnelle' | K12: A_COA_TYCOAB [Saisi] = 'CF016' | L12: T2010 | M12: Congé de transition professionnelle - Fin | N12: Modification | Q12: Ouvrier d'état | R12: P0005 | S12: O | T12: Général | U12: Passant | V12: 43826 | X12: CTP_I_012 ET CTP_D_004 ET ABS_C_005 ET ABS_C_006 ET ABS_C_007 ET ABS_C_008 ET ABS_C_009 | Y12: CTP_I_012 | Z12: =VLOOKUP(Y12,'Axe 2 Règles de gestion'!$D$2:$F$65,3, FALSE) -> Le congé s'achève avant le terme de la période de restructuration sauf si l'agent a débuté sa formation moins de 12 mois avant ce terme du fait d'une décision de report dans l'intérêt du service. | BE12: CTP_D_004 | BF12: =VLOOKUP(BE12,'Axe 2 Règles de gestion'!$D$2:$F$65,3, FALSE) -> Le congé est accordé pour une durée maximale de 12 mois. | BM12: ABS_C_005 | BN12: =VLOOKUP(BM12,'Axe 2 Règles de gestion'!$D$2:$F$65,3, FALSE) -> La date de fin réelle du congé/absence doit être antérieure ou égale à la date limite de fin réelle ou prévisionnelle du lien juridique. | BO12: ABS_C_006 | BP12: =VLOOKUP(BO12,'Axe 2 Règles de gestion'!$D$2:$F$65,3, FALSE) -> La date de fin prévisionnelle du congé/absence doit être antérieure ou égale à la date limite de fin réelle ou prévisionnelle du lien juridique. | BQ12: ABS_C_007 | BR12: =VLOOKUP(BQ12,'Axe 2 Règles de gestion'!$D$2:$F$65,3, FALSE) -> La date de fin réelle du congé/absence doit être antérieure à la date limite de départ à la retraite. | BS12: ABS_C_008 | BT12: =VLOOKUP(BS12,'Axe 2 Règles de gestion'!$D$2:$F$65,3, FALSE) -> La date de fin prévisionnelle du congé/absence doit être antérieure à la date limite de départ à la retraite. | BU12: ABS_C_009 | BV12: =VLOOKUP(BU12,'Axe 2 Règles de gestion'!$D$2:$F$65,3, FALSE) -> La date de fin réelle ou la date de fin prévisionnelle du congé/absence doit être saisie.
A13: 20.00.00 | B13: A | C13: 43894.619 | D13: D0007 | E13: Congés/Absence | F13: S0146 | G13: Congé de transition professionnelle | H13: E0813 | I13: Congé de transition professionnelle | J13: Type de congé/absence saisi = 'Congé de transition professionnelle' | K13: A_COA_TYCOAB [Saisi] = 'CF016' | L13: T2009 | M13: Congé de transition professionnelle - Demande | N13: Création | Q13: Magistrat de l'ordre judiciaire | R13: P0007 | S13: T | T13: Particulier | U13: Exclu | V13: 43826
A14: 20.00.00 | B14: A | C14: 43894.611 | D14: D0007 | E14: Congés/Absence | F14: S0146 | G14: Congé de transition professionnelle | H14: E0813 | I14: Congé de transition professionnelle | J14: Type de congé/absence saisi = 'Congé de transition professionnelle' | K14: A_COA_TYCOAB [Saisi] = 'CF016' | L14: T2010 | M14: Congé de transition professionnelle - Fin | N14: Modification | Q14: Magistrat de l'ordre judiciaire | R14: P0007 | S14: T | T14: Particulier | U14: Exclu | V14: 43826
A15: 20.00.00 | B15: A | C15: 43894.62 | D15: D0007 | E15: Congés/Absence | F15: S0146 | G15: Congé de transition professionnelle | H15: E0813 | I15: Congé de transition professionnelle | J15: Type de congé/absence saisi = 'Congé de transition professionnelle' | K15: A_COA_TYCOAB [Saisi] = 'CF016' | L15: T2009 | M15: Congé de transition professionnelle - Demande | N15: Création | Q15: Auditeur de justice | R15: P0009 | S15: S | T15: Particulier | U15: Exclu | V15: 43826
A16: 20.00.00 | B16: A | C16: 43894.611 | D16: D0007 | E16: Congés/Absence | F16: S0146 | G16: Congé de transition professionnelle | H16: E0813 | I16: Congé de transition professionnelle | J16: Type de congé/absence saisi = 'Congé de transition professionnelle' | K16: A_COA_TYCOAB [Saisi] = 'CF016' | L16: T2010 | M16: Congé de transition professionnelle - Fin | N16: Modification | Q16: Auditeur de justice | R16: P0009 | S16: S | T16: Particulier | U16: Exclu | V16: 43826
A17: 20.00.00 | B17: A | C17: 43894.62 | D17: D0007 | E17: Congés/Absence | F17: S0146 | G17: Congé de transition professionnelle | H17: E0813 | I17: Congé de transition professionnelle | J17: Type de congé/absence saisi = 'Congé de transition professionnelle' | K17: A_COA_TYCOAB [Saisi] = 'CF016' | L17: T2009 | M17: Congé de transition professionnelle - Demande | N17: Création | Q17: Conseiller ou avocat général à la Cour de cassation en service extraordinaire | R17: P0046 | S17: N | T17: Particulier | U17: Exclu | V17: 43826
A18: 20.00.00 | B18: A | C18: 43894.612 | D18: D0007 | E18: Congés/Absence | F18: S0146 | G18: Congé de transition professionnelle | H18: E0813 | I18: Congé de transition professionnelle | J18: Type de congé/absence saisi = 'Congé de transition professionnelle' | K18: A_COA_TYCOAB [Saisi] = 'CF016' | L18: T2010 | M18: Congé de transition professionnelle - Fin | N18: Modification | Q18: Conseiller ou avocat général à la Cour de cassation en service extraordinaire | R18: P0046 | S18: N | T18: Particulier | U18: Exclu | V18: 43826
A19: 20.00.00 | B19: A | C19: 43894.621 | D19: D0007 | E19: Congés/Absence | F19: S0146 | G19: Congé de transition professionnelle | H19: E0813 | I19: Congé de transition professionnelle | J19: Type de congé/absence saisi = 'Congé de transition professionnelle' | K19: A_COA_TYCOAB [Saisi] = 'CF016' | L19: T2009 | M19: Congé de transition professionnelle - Demande | N19: Création | Q19: Personnel civil payé à l'acte ou à la tâche | R19: P0054 | S19: N | T19: Particulier | U19: Exclu | V19: 43826
A20: 20.00.00 | B20: A | C20: 43894.613 | D20: D0007 | E20: Congés/Absence | F20: S0146 | G20: Congé de transition professionnelle | H20: E0813 | I20: Congé de transition professionnelle | J20: Type de congé/absence saisi = 'Congé de transition professionnelle' | K20: A_COA_TYCOAB [Saisi] = 'CF016' | L20: T2010 | M20: Congé de transition professionnelle - Fin | N20: Modification | Q20: Personnel civil payé à l'acte ou à la tâche | R20: P0054 | S20: N | T20: Particulier | U20: Exclu | V20: 43826
A21: 20.00.00 | B21: A | C21: 43894.625 | D21: D0007 | E21: Congés/Absence | F21: S0146 | G21: Congé de transition professionnelle | H21: E0813 | I21: Congé de transition professionnelle | J21: Type de congé/absence saisi = 'Congé de transition professionnelle' | K21: A_COA_TYCOAB [Saisi] = 'CF016' | L21: T2009 | M21: Congé de transition professionnelle - Demande | N21: Création | Q21: Contractuel de droit privé | R21: P0072 | S21: N | T21: Particulier | U21: Exclu | V21: 43826
A22: 20.00.00 | B22: A | C22: 43894.613 | D22: D0007 | E22: Congés/Absence | F22: S0146 | G22: Congé de transition professionnelle | H22: E0813 | I22: Congé de transition professionnelle | J22: Type de congé/absence saisi = 'Congé de transition professionnelle' | K22: A_COA_TYCOAB [Saisi] = 'CF016' | L22: T2010 | M22: Congé de transition professionnelle - Fin | N22: Modification | Q22: Contractuel de droit privé | R22: P0072 | S22: N | T22: Particulier | U22: Exclu | V22: 43826
A23: 20.00.00 | B23: A | C23: 43894.626 | D23: D0007 | E23: Congés/Absence | F23: S0146 | G23: Congé de transition professionnelle | H23: E0813 | I23: Congé de transition professionnelle | J23: Type de congé/absence saisi = 'Congé de transition professionnelle' | K23: A_COA_TYCOAB [Saisi] = 'CF016' | L23: T2009 | M23: Congé de transition professionnelle - Demande | N23: Création | Q23: Ouvrier de la défense auxiliaire non affilié ou temporaire non mensualisé | R23: P0182 | S23: O | T23: Particulier | U23: Exclu | V23: 43826
A24: 20.00.00 | B24: A | C24: 43894.614 | D24: D0007 | E24: Congés/Absence | F24: S0146 | G24: Congé de transition professionnelle | H24: E0813 | I24: Congé de transition professionnelle | J24: Type de congé/absence saisi = 'Congé de transition professionnelle' | K24: A_COA_TYCOAB [Saisi] = 'CF016' | L24: T2010 | M24: Congé de transition professionnelle - Fin | N24: Modification | Q24: Ouvrier de la défense auxiliaire non affilié ou temporaire non mensualisé | R24: P0182 | S24: O | T24: Particulier | U24: Exclu | V24: 43826
A25: 25.10.00 | B25: M | C25: 45995.637 | D25: D0007 | E25: Congés/Absence | F25: S0146 | G25: Congé de transition professionnelle | H25: E0813 | I25: Congé de transition professionnelle | J25: Type de congé/absence saisi = 'Congé de transition professionnelle' | K25: A_COA_TYCOAB [Saisi] = 'CF016' | L25: T2009 | M25: Congé de transition professionnelle - Demande | N25: Création | Q25: Ouvrier des parcs et ateliers confirmé non affilié ou stagiaire | R25: P0185 | S25: O | T25: Particulier | U25: Exclu | V25: 43826 | W25: 45900
A26: 25.10.00 | B26: A | C26: 45995.637 | D26: D0007 | E26: Congés/Absence | F26: S0146 | G26: Congé de transition professionnelle | H26: E0813 | I26: Congé de transition professionnelle | J26: Type de congé/absence saisi = 'Congé de transition professionnelle' | K26: A_COA_TYCOAB [Saisi] = 'CF016' | L26: T2009 | M26: Congé de transition professionnelle - Demande | N26: Création | Q26: Ouvrier des parcs et ateliers confirmé non affilié ou stagiaire | R26: P0185 | S26: O | T26: Particulier | U26: Passant | V26: 45901 | X26: CTP_I_034 ET CTP_I_001 ET CTP_I_003 ET CTP_I_004 ET CTP_I_005 ET CTP_I_006 ET CTP_I_007 ET CTP_I_008 ET CTP_I_009 ET CTP_I_010 ET CTP_I_011 ET CTP_I_002 ET CTP_I_014 ET CTP_D_001 ET CTP_D_004 ET CTP_D_003 ET ABS_C_001 ET ABS_C_002 ET ABS_C_003 ET ABS_C_004 ET ABS_C_019 ET ABS_C_020 ET ABS_C_026 | Y26: CTP_I_034 | Z26: =VLOOKUP(Y26,'Axe 2 Règles de gestion'!$D$2:$F$65,3, FALSE) -> L'agent bénéficie des dispositions applicables aux agents ouvriers affiliés pour le congé de transition professionnelle. | AA26: CTP_I_001 | AB26: =VLOOKUP(AA26,'Axe 2 Règles de gestion'!$D$2:$F$65,3, FALSE) -> L'agent peut bénéficier du congé si l'administration envisage de supprimer son emploi en cas de restructuration de son service, dont le périmètre et la durée sont définis par arrêté. | AC26: CTP_I_003 | AD26: =VLOOKUP(AC26,'Axe 2 Règles de gestion'!$D$2:$F$65,3, FALSE) -> Le comité social d'administration compétent est consulté sur la mise en place du congé. | AE26: CTP_I_004 | AF26: =VLOOKUP(AE26,'Axe 2 Règles de gestion'!$D$2:$F$65,3, FALSE) -> Le congé peut être fractionné en mois, semaines ou journées. | AG26: CTP_I_005 | AH26: =VLOOKUP(AG26,'Axe 2 Règles de gestion'!$D$2:$F$65,3, FALSE) -> Le congé permet à l'agent de suivre une formation d'une durée égale ou supérieure à 120 heures sanctionnée par une certification professionnelle ou à 70 heures pour accompagner ou conseiller les créateurs ou repreneurs d'entreprises. | AI26: CTP_I_006 | AJ26: =VLOOKUP(AI26,'Axe 2 Règles de gestion'!$D$2:$F$65,3, FALSE) -> L'agent doit effectuer une demande. | AK26: CTP_I_007 | AL26: =VLOOKUP(AK26,'Axe 2 Règles de gestion'!$D$2:$F$65,3, FALSE) -> La demande de congé précise la nature de la formation, sa durée, le nom de l'organisme qui la dispense et l'objectif professionnel visé. | AM26: CTP_I_008 | AN26: =VLOOKUP(AM26,'Axe 2 Règles de gestion'!$D$2:$F$65,3, FALSE) -> L'administration informe l'agent de sa réponse par écrit dans le délai de 30 jours suivant la réception de la demande. | AO26: CTP_I_009 | AP26: =VLOOKUP(AO26,'Axe 2 Règles de gestion'!$D$2:$F$65,3, FALSE) -> La décision de rejet du congé doit être motivée. | AQ26: CTP_I_010 | AR26: =VLOOKUP(AQ26,'Axe 2 Règles de gestion'!$D$2:$F$65,3, FALSE) -> Le bénéfice du congé peut être différé dans l'intérêt du service. | AS26: CTP_I_011 | AT26: =VLOOKUP(AS26,'Axe 2 Règles de gestion'!$D$2:$F$65,3, FALSE) -> L'agent transmet les attestations établies par l'organisme de formation, justifiant son assiduité à l'action de formation, sinon il perd le bénéfice de ce congé. | AU26: CTP_I_002 | AV26: =VLOOKUP(AU26,'Axe 2 Règles de gestion'!$D$2:$F$65,3, FALSE) -> Si le projet professionnel nécessite des actions de formation dont la durée totale est supérieure à 12 mois, alors le congé est prolongé en un congé de formation professionnelle pour une durée cumulée ne pouvant excéder 3 ans. | AW26: CTP_I_014 | AX26: =VLOOKUP(AW26,'Axe 2 Règles de gestion'!$D$2:$F$65,3, FALSE) -> Le silence gardé par l'administration à l'issue de ce délai vaut rejet de la demande. | BE26: CTP_D_001 | BF26: =VLOOKUP(BE26,'Axe 2 Règles de gestion'!$D$2:$F$65,3, FALSE) -> L'agent doit être en activité. | BG26: CTP_D_004 | BH26: =VLOOKUP(BG26,'Axe 2 Règles de gestion'!$D$2:$F$65,3, FALSE) -> Le congé est accordé pour une durée maximale de 12 mois. | BI26: CTP_D_003 | BJ26: =VLOOKUP(BI26,'Axe 2 Règles de gestion'!$D$2:$F$65,3, FALSE) -> La demande de congé doit être formulée au moins 60 jours avant la date de début de la formation liée au congé. | BM26: ABS_C_001 | BN26: =VLOOKUP(BM26,'Axe 2 Règles de gestion'!$D$2:$F$65,3, FALSE) -> La date de début du congé/absence doit être postérieure ou égale à la date de recrutement dans la FPE ou dans la carrière militaire. | BO26: ABS_C_002 | BP26: =VLOOKUP(BO26,'Axe 2 Règles de gestion'!$D$2:$F$65,3, FALSE) -> La date de début du congé/absence doit être postérieure ou égale à la date de début du lien juridique. | BQ26: ABS_C_003 | BR26: =VLOOKUP(BQ26,'Axe 2 Règles de gestion'!$D$2:$F$65,3, FALSE) -> La date de début du congé/absence doit être antérieure ou égale à la date de fin réelle du congé/absence. | BS26: ABS_C_004 | BT26: =VLOOKUP(BS26,'Axe 2 Règles de gestion'!$D$2:$F$65,3, FALSE) -> La date de début du congé/absence doit être antérieure ou égale à la date de fin prévisionnelle du congé/absence. | BU26: ABS_C_019 | BV26: =VLOOKUP(BU26,'Axe 2 Règles de gestion'!$D$2:$F$65,3, FALSE) -> Si l'absence ne commence pas par une demi-journée et si l'absence précédente ne finit pas par une demi journée, la date de début de l'absence saisie est postérieure à la date de fin réelle de l'absence précédente. | BW26: ABS_C_020 | BX26: =VLOOKUP(BW26,'Axe 2 Règles de gestion'!$D$2:$F$65,3, FALSE) -> Si l'absence ne commence pas par une demi-journée et si l'absence précédente ne finit pas par une demi journée, la date de début de l'absence saisie est postérieure à la date de fin prévisionnelle de l'absence précédente. | BY26: ABS_C_026 | BZ26: =VLOOKUP(BY26,'Axe 2 Règles de gestion'!$D$2:$F$65,3, FALSE) -> Dans le cas d'un congé autre que CLM, CLD, CGM et CITIS, l'indicateur de requalification doit être à non et les impacts spécifiques à la requalification ne doivent pas être mobilisés ou l'impact rémunération est vide.
A27: 25.10.00 | B27: M | C27: 45995.639 | D27: D0007 | E27: Congés/Absence | F27: S0146 | G27: Congé de transition professionnelle | H27: E0813 | I27: Congé de transition professionnelle | J27: Type de congé/absence saisi = 'Congé de transition professionnelle' | K27: A_COA_TYCOAB [Saisi] = 'CF016' | L27: T2010 | M27: Congé de transition professionnelle - Fin | N27: Modification | Q27: Ouvrier des parcs et ateliers confirmé non affilié ou stagiaire | R27: P0185 | S27: O | T27: Particulier | U27: Exclu | V27: 43826 | W27: 45900
A28: 25.10.00 | B28: A | C28: 45995.639 | D28: D0007 | E28: Congés/Absence | F28: S0146 | G28: Congé de transition professionnelle | H28: E0813 | I28: Congé de transition professionnelle | J28: Type de congé/absence saisi = 'Congé de transition professionnelle' | K28: A_COA_TYCOAB [Saisi] = 'CF016' | L28: T2010 | M28: Congé de transition professionnelle - Fin | N28: Modification | Q28: Ouvrier des parcs et ateliers confirmé non affilié ou stagiaire | R28: P0185 | S28: O | T28: Particulier | U28: Passant | V28: 45901 | X28: CTP_I_034 ET CTP_I_012 ET CTP_D_004 ET ABS_C_005 ET ABS_C_006 ET ABS_C_007 ET ABS_C_008 ET ABS_C_009 | Y28: CTP_I_034 | Z28: =VLOOKUP(Y28,'Axe 2 Règles de gestion'!$D$2:$F$65,3, FALSE) -> L'agent bénéficie des dispositions applicables aux agents ouvriers affiliés pour le congé de transition professionnelle. | AA28: CTP_I_012 | AB28: =VLOOKUP(AA28,'Axe 2 Règles de gestion'!$D$2:$F$65,3, FALSE) -> Le congé s'achève avant le terme de la période de restructuration sauf si l'agent a débuté sa formation moins de 12 mois avant ce terme du fait d'une décision de report dans l'intérêt du service. | BE28: CTP_D_004 | BF28: =VLOOKUP(BE28,'Axe 2 Règles de gestion'!$D$2:$F$65,3, FALSE) -> Le congé est accordé pour une durée maximale de 12 mois. | BM28: ABS_C_005 | BN28: =VLOOKUP(BM28,'Axe 2 Règles de gestion'!$D$2:$F$65,3, FALSE) -> La date de fin réelle du congé/absence doit être antérieure ou égale à la date limite de fin réelle ou prévisionnelle du lien juridique. | BO28: ABS_C_006 | BP28: =VLOOKUP(BO28,'Axe 2 Règles de gestion'!$D$2:$F$65,3, FALSE) -> La date de fin prévisionnelle du congé/absence doit être antérieure ou égale à la date limite de fin réelle ou prévisionnelle du lien juridique. | BQ28: ABS_C_007 | BR28: =VLOOKUP(BQ28,'Axe 2 Règles de gestion'!$D$2:$F$65,3, FALSE) -> La date de fin réelle du congé/absence doit être antérieure à la date limite de départ à la retraite. | BS28: ABS_C_008 | BT28: =VLOOKUP(BS28,'Axe 2 Règles de gestion'!$D$2:$F$65,3, FALSE) -> La date de fin prévisionnelle du congé/absence doit être antérieure à la date limite de départ à la retraite. | BU28: ABS_C_009 | BV28: =VLOOKUP(BU28,'Axe 2 Règles de gestion'!$D$2:$F$65,3, FALSE) -> La date de fin réelle ou la date de fin prévisionnelle du congé/absence doit être saisie.
A29: 20.00.00 | B29: A | C29: 43894.628 | D29: D0007 | E29: Congés/Absence | F29: S0146 | G29: Congé de transition professionnelle | H29: E0813 | I29: Congé de transition professionnelle | J29: Type de congé/absence saisi = 'Congé de transition professionnelle' | K29: A_COA_TYCOAB [Saisi] = 'CF016' | L29: T2009 | M29: Congé de transition professionnelle - Demande | N29: Création | Q29: Ouvrier du service des alcools confirmé non affilié | R29: P0221 | S29: O | T29: Particulier | U29: Exclu | V29: 43826
A30: 20.00.00 | B30: A | C30: 43894.615 | D30: D0007 | E30: Congés/Absence | F30: S0146 | G30: Congé de transition professionnelle | H30: E0813 | I30: Congé de transition professionnelle | J30: Type de congé/absence saisi = 'Congé de transition professionnelle' | K30: A_COA_TYCOAB [Saisi] = 'CF016' | L30: T2010 | M30: Congé de transition professionnelle - Fin | N30: Modification | Q30: Ouvrier du service des alcools confirmé non affilié | R30: P0221 | S30: O | T30: Particulier | U30: Exclu | V30: 43826
A31: 22.10.00 | B31: A | C31: 44959.599 | D31: D0007 | E31: Congés/Absence | F31: S0146 | G31: Congé de transition professionnelle | H31: E0913 | I31: Congé de transition professionnelle aménagé | J31: Type de congé/absence saisi = 'Congé de transition professionnelle aménagé' | K31: A_COA_TYCOAB [Saisi] = 'CF020' | L31: T2231 | M31: Congé de transition professionnelle aménagé - Demande | N31: Création | Q31: Titulaire ou magistrat | R31: P0001 | S31: T | T31: Général | U31: Passant | V31: 44767 | X31: CTP_I_018 ET CTP_I_021 ET CTP_I_024 ET CTP_I_027 ET CTP_I_030 ET CTP_I_003 ET CTP_I_004 ET CTP_I_005 ET CTP_I_006 ET CTP_I_007 ET CTP_I_015 ET CTP_I_009 ET CTP_I_010 ET CTP_I_011 ET CTP_I_002 ET CTP_D_001 ET CTP_D_002 ET CTP_D_007 ET ABS_C_001 ET ABS_C_002 ET ABS_C_003 ET ABS_C_004 ET ABS_C_019 ET ABS_C_020 ET ABS_C_026 | Y31: CTP_I_018 | Z31: =VLOOKUP(Y31,'Axe 2 Règles de gestion'!$D$2:$F$65,3, FALSE) -> Soit l'agent doit appartenir à un corps ou à un cadre d'emplois de catégorie C et ne pas avoir atteint un niveau de formation sanctionné par un diplôme ou un titre professionnel correspondant à un niveau requis. | AA31: CTP_I_021 | AB31: =VLOOKUP(AA31,'Axe 2 Règles de gestion'!$D$2:$F$65,3, FALSE) -> Le niveau de formation requis est sanctionné par un diplôme ou un titre professionnel enregistré et classé au niveau 4 au sens du répertoire national des certifications professionnelles. | AC31: CTP_I_024 | AD31: =VLOOKUP(AC31,'Axe 2 Règles de gestion'!$D$2:$F$65,3, FALSE) -> Soit l'agent doit être en situation de handicap. | AE31: CTP_I_027 | AF31: =VLOOKUP(AE31,'Axe 2 Règles de gestion'!$D$2:$F$65,3, FALSE) -> Soit l'agent doit avoir été particulièrement exposé, compte tenu de sa situation professionnelle individuelle, à un risque d'usure professionnelle, constaté, après avis du médecin du travail compétent. | AG31: CTP_I_030 | AH31: =VLOOKUP(AG31,'Axe 2 Règles de gestion'!$D$2:$F$65,3, FALSE) -> L'agent peut bénéficier du congé afin de suivre une action ou un parcours de formation en vue d'exercer un nouveau métier au sein du secteur public ou du secteur privé. | AI31: CTP_I_003 | AJ31: =VLOOKUP(AI31,'Axe 2 Règles de gestion'!$D$2:$F$65,3, FALSE) -> Le comité social d'administration compétent est consulté sur la mise en place du congé. | AK31: CTP_I_004 | AL31: =VLOOKUP(AK31,'Axe 2 Règles de gestion'!$D$2:$F$65,3, FALSE) -> Le congé peut être fractionné en mois, semaines ou journées. | AM31: CTP_I_005 | AN31: =VLOOKUP(AM31,'Axe 2 Règles de gestion'!$D$2:$F$65,3, FALSE) -> Le congé permet à l'agent de suivre une formation d'une durée égale ou supérieure à 120 heures sanctionnée par une certification professionnelle ou à 70 heures pour accompagner ou conseiller les créateurs ou repreneurs d'entreprises. | AO31: CTP_I_006 | AP31: =VLOOKUP(AO31,'Axe 2 Règles de gestion'!$D$2:$F$65,3, FALSE) -> L'agent doit effectuer une demande. | AQ31: CTP_I_007 | AR31: =VLOOKUP(AQ31,'Axe 2 Règles de gestion'!$D$2:$F$65,3, FALSE) -> La demande de congé précise la nature de la formation, sa durée, le nom de l'organisme qui la dispense et l'objectif professionnel visé. | AS31: CTP_I_015 | AT31: =VLOOKUP(AS31,'Axe 2 Règles de gestion'!$D$2:$F$65,3, FALSE) -> L'administration informe l'agent de sa réponse par écrit dans le délai de 2 mois suivant la réception de la demande. | AU31: CTP_I_009 | AV31: =VLOOKUP(AU31,'Axe 2 Règles de gestion'!$D$2:$F$65,3, FALSE) -> La décision de rejet du congé doit être motivée. | AW31: CTP_I_010 | AX31: =VLOOKUP(AW31,'Axe 2 Règles de gestion'!$D$2:$F$65,3, FALSE) -> Le bénéfice du congé peut être différé dans l'intérêt du service. | AY31: CTP_I_011 | AZ31: =VLOOKUP(AY31,'Axe 2 Règles de gestion'!$D$2:$F$65,3, FALSE) -> L'agent transmet les attestations établies par l'organisme de formation, justifiant son assiduité à l'action de formation, sinon il perd le bénéfice de ce congé. | BA31: CTP_I_002 | BB31: =VLOOKUP(BA31,'Axe 2 Règles de gestion'!$D$2:$F$65,3, FALSE) -> Si le projet professionnel nécessite des actions de formation dont la durée totale est supérieure à 12 mois, alors le congé est prolongé en un congé de formation professionnelle pour une durée cumulée ne pouvant excéder 3 ans. | BE31: CTP_D_001 | BF31: =VLOOKUP(BE31,'Axe 2 Règles de gestion'!$D$2:$F$65,3, FALSE) -> L'agent doit être en activité. | BG31: CTP_D_002 | BH31: =VLOOKUP(BG31,'Axe 2 Règles de gestion'!$D$2:$F$65,3, FALSE) -> Le congé est accordé pour une durée maximale de 12 mois. | BI31: CTP_D_007 | BJ31: =VLOOKUP(BI31,'Axe 2 Règles de gestion'!$D$2:$F$65,3, FALSE) -> La demande de congé doit être formulée au moins 3 mois avant la date de début de la formation liée au congé. | BM31: ABS_C_001 | BN31: =VLOOKUP(BM31,'Axe 2 Règles de gestion'!$D$2:$F$65,3, FALSE) -> La date de début du congé/absence doit être postérieure ou égale à la date de recrutement dans la FPE ou dans la carrière militaire. | BO31: ABS_C_002 | BP31: =VLOOKUP(BO31,'Axe 2 Règles de gestion'!$D$2:$F$65,3, FALSE) -> La date de début du congé/absence doit être postérieure ou égale à la date de début du lien juridique. | BQ31: ABS_C_003 | BR31: =VLOOKUP(BQ31,'Axe 2 Règles de gestion'!$D$2:$F$65,3, FALSE) -> La date de début du congé/absence doit être antérieure ou égale à la date de fin réelle du congé/absence. | BS31: ABS_C_004 | BT31: =VLOOKUP(BS31,'Axe 2 Règles de gestion'!$D$2:$F$65,3, FALSE) -> La date de début du congé/absence doit être antérieure ou égale à la date de fin prévisionnelle du congé/absence. | BU31: ABS_C_019 | BV31: =VLOOKUP(BU31,'Axe 2 Règles de gestion'!$D$2:$F$65,3, FALSE) -> Si l'absence ne commence pas par une demi-journée et si l'absence précédente ne finit pas par une demi journée, la date de début de l'absence saisie est postérieure à la date de fin réelle de l'absence précédente. | BW31: ABS_C_020 | BX31: =VLOOKUP(BW31,'Axe 2 Règles de gestion'!$D$2:$F$65,3, FALSE) -> Si l'absence ne commence pas par une demi-journée et si l'absence précédente ne finit pas par une demi journée, la date de début de l'absence saisie est postérieure à la date de fin prévisionnelle de l'absence précédente. | BY31: ABS_C_026 | BZ31: =VLOOKUP(BY31,'Axe 2 Règles de gestion'!$D$2:$F$65,3, FALSE) -> Dans le cas d'un congé autre que CLM, CLD, CGM et CITIS, l'indicateur de requalification doit être à non et les impacts spécifiques à la requalification ne doivent pas être mobilisés ou l'impact rémunération est vide.
A32: 22.10.00 | B32: A | C32: 44959.581 | D32: D0007 | E32: Congés/Absence | F32: S0146 | G32: Congé de transition professionnelle | H32: E0913 | I32: Congé de transition professionnelle aménagé | J32: Type de congé/absence saisi = 'Congé de transition professionnelle aménagé' | K32: A_COA_TYCOAB [Saisi] = 'CF020' | L32: T2232 | M32: Congé de transition professionnelle aménagé - Fin | N32: Modification | Q32: Titulaire ou magistrat | R32: P0001 | S32: T | T32: Général | U32: Passant | V32: 44767 | X32: CTP_D_002 ET ABS_C_005 ET ABS_C_006 ET ABS_C_007 ET ABS_C_008 ET ABS_C_009 | BE32: CTP_D_002 | BF32: =VLOOKUP(BE32,'Axe 2 Règles de gestion'!$D$2:$F$65,3, FALSE) -> Le congé est accordé pour une durée maximale de 12 mois. | BM32: ABS_C_005 | BN32: =VLOOKUP(BM32,'Axe 2 Règles de gestion'!$D$2:$F$65,3, FALSE) -> La date de fin réelle du congé/absence doit être antérieure ou égale à la date limite de fin réelle ou prévisionnelle du lien juridique. | BO32: ABS_C_006 | BP32: =VLOOKUP(BO32,'Axe 2 Règles de gestion'!$D$2:$F$65,3, FALSE) -> La date de fin prévisionnelle du congé/absence doit être antérieure ou égale à la date limite de fin réelle ou prévisionnelle du lien juridique. | BQ32: ABS_C_007 | BR32: =VLOOKUP(BQ32,'Axe 2 Règles de gestion'!$D$2:$F$65,3, FALSE) -> La date de fin réelle du congé/absence doit être antérieure à la date limite de départ à la retraite. | BS32: ABS_C_008 | BT32: =VLOOKUP(BS32,'Axe 2 Règles de gestion'!$D$2:$F$65,3, FALSE) -> La date de fin prévisionnelle du congé/absence doit être antérieure à la date limite de départ à la retraite. | BU32: ABS_C_009 | BV32: =VLOOKUP(BU32,'Axe 2 Règles de gestion'!$D$2:$F$65,3, FALSE) -> La date de fin réelle ou la date de fin prévisionnelle du congé/absence doit être saisie.
A33: 22.10.00 | B33: A | C33: 44959.575 | D33: D0007 | E33: Congés/Absence | F33: S0146 | G33: Congé de transition professionnelle | H33: E0913 | I33: Congé de transition professionnelle aménagé | J33: Type de congé/absence saisi = 'Congé de transition professionnelle aménagé' | K33: A_COA_TYCOAB [Saisi] = 'CF020' | L33: T2231 | M33: Congé de transition professionnelle aménagé - Demande | N33: Création | Q33: Militaire | R33: P0002 | S33: M | T33: Général | U33: Exclu | V33: 44767
A34: 22.10.00 | B34: A | C34: 44959.583 | D34: D0007 | E34: Congés/Absence | F34: S0146 | G34: Congé de transition professionnelle | H34: E0913 | I34: Congé de transition professionnelle aménagé | J34: Type de congé/absence saisi = 'Congé de transition professionnelle aménagé' | K34: A_COA_TYCOAB [Saisi] = 'CF020' | L34: T2232 | M34: Congé de transition professionnelle aménagé - Fin | N34: Modification | Q34: Militaire | R34: P0002 | S34: M | T34: Général | U34: Exclu | V34: 44767
A35: 22.10.00 | B35: A | C35: 44959.599 | D35: D0007 | E35: Congés/Absence | F35: S0146 | G35: Congé de transition professionnelle | H35: E0913 | I35: Congé de transition professionnelle aménagé | J35: Type de congé/absence saisi = 'Congé de transition professionnelle aménagé' | K35: A_COA_TYCOAB [Saisi] = 'CF020' | L35: T2231 | M35: Congé de transition professionnelle aménagé - Demande | N35: Création | Q35: Contractuel | R35: P0003 | S35: N | T35: Général | U35: Passant | V35: 44767 | X35: CTP_I_020 ET CTP_I_023 ET CTP_I_026 ET CTP_I_029 ET CTP_I_032 ET CTP_I_003 ET CTP_I_004 ET CTP_I_005 ET CTP_I_006 ET CTP_I_007 ET CTP_I_017 ET CTP_I_009 ET CTP_I_010 ET CTP_I_011 ET CTP_I_002 ET CTP_D_001 ET CTP_D_004 ET CTP_D_009 ET ABS_C_001 ET ABS_C_002 ET ABS_C_003 ET ABS_C_004 ET ABS_C_019 ET ABS_C_020 ET ABS_C_026 | Y35: CTP_I_020 | Z35: =VLOOKUP(Y35,'Axe 2 Règles de gestion'!$D$2:$F$65,3, FALSE) -> Soit l'agent doit occuper un emploi de niveau de catégorie C et ne pas avoir atteint un niveau de formation sanctionné par un diplôme ou un titre professionnel correspondant à un niveau requis. | AA35: CTP_I_023 | AB35: =VLOOKUP(AA35,'Axe 2 Règles de gestion'!$D$2:$F$65,3, FALSE) -> Le niveau de formation requis est sanctionné par un diplôme ou un titre professionnel enregistré et classé au niveau 4 au sens du répertoire national des certifications professionnelles. | AC35: CTP_I_026 | AD35: =VLOOKUP(AC35,'Axe 2 Règles de gestion'!$D$2:$F$65,3, FALSE) -> Soit l'agent doit être en situation de handicap. | AE35: CTP_I_029 | AF35: =VLOOKUP(AE35,'Axe 2 Règles de gestion'!$D$2:$F$65,3, FALSE) -> Soit l'agent doit avoir été particulièrement exposé, compte tenu de sa situation professionnelle individuelle, à un risque d'usure professionnelle, constaté, après avis du médecin du travail compétent. | AG35: CTP_I_032 | AH35: =VLOOKUP(AG35,'Axe 2 Règles de gestion'!$D$2:$F$65,3, FALSE) -> L'agent peut bénéficier du congé afin de suivre une action ou un parcours de formation en vue d'exercer un nouveau métier au sein du secteur public ou du secteur privé. | AI35: CTP_I_003 | AJ35: =VLOOKUP(AI35,'Axe 2 Règles de gestion'!$D$2:$F$65,3, FALSE) -> Le comité social d'administration compétent est consulté sur la mise en place du congé. | AK35: CTP_I_004 | AL35: =VLOOKUP(AK35,'Axe 2 Règles de gestion'!$D$2:$F$65,3, FALSE) -> Le congé peut être fractionné en mois, semaines ou journées. | AM35: CTP_I_005 | AN35: =VLOOKUP(AM35,'Axe 2 Règles de gestion'!$D$2:$F$65,3, FALSE) -> Le congé permet à l'agent de suivre une formation d'une durée égale ou supérieure à 120 heures sanctionnée par une certification professionnelle ou à 70 heures pour accompagner ou conseiller les créateurs ou repreneurs d'entreprises. | AO35: CTP_I_006 | AP35: =VLOOKUP(AO35,'Axe 2 Règles de gestion'!$D$2:$F$65,3, FALSE) -> L'agent doit effectuer une demande. | AQ35: CTP_I_007 | AR35: =VLOOKUP(AQ35,'Axe 2 Règles de gestion'!$D$2:$F$65,3, FALSE) -> La demande de congé précise la nature de la formation, sa durée, le nom de l'organisme qui la dispense et l'objectif professionnel visé. | AS35: CTP_I_017 | AT35: =VLOOKUP(AS35,'Axe 2 Règles de gestion'!$D$2:$F$65,3, FALSE) -> L'administration informe l'agent de sa réponse par écrit dans le délai de 2 mois suivant la réception de la demande. | AU35: CTP_I_009 | AV35: =VLOOKUP(AU35,'Axe 2 Règles de gestion'!$D$2:$F$65,3, FALSE) -> La décision de rejet du congé doit être motivée. | AW35: CTP_I_010 | AX35: =VLOOKUP(AW35,'Axe 2 Règles de gestion'!$D$2:$F$65,3, FALSE) -> Le bénéfice du congé peut être différé dans l'intérêt du service. | AY35: CTP_I_011 | AZ35: =VLOOKUP(AY35,'Axe 2 Règles de gestion'!$D$2:$F$65,3, FALSE) -> L'agent transmet les attestations établies par l'organisme de formation, justifiant son assiduité à l'action de formation, sinon il perd le bénéfice de ce congé. | BA35: CTP_I_002 | BB35: =VLOOKUP(BA35,'Axe 2 Règles de gestion'!$D$2:$F$65,3, FALSE) -> Si le projet professionnel nécessite des actions de formation dont la durée totale est supérieure à 12 mois, alors le congé est prolongé en un congé de formation professionnelle pour une durée cumulée ne pouvant excéder 3 ans. | BE35: CTP_D_001 | BF35: =VLOOKUP(BE35,'Axe 2 Règles de gestion'!$D$2:$F$65,3, FALSE) -> L'agent doit être en activité. | BG35: CTP_D_004 | BH35: =VLOOKUP(BG35,'Axe 2 Règles de gestion'!$D$2:$F$65,3, FALSE) -> Le congé est accordé pour une durée maximale de 12 mois. | BI35: CTP_D_009 | BJ35: =VLOOKUP(BI35,'Axe 2 Règles de gestion'!$D$2:$F$65,3, FALSE) -> La demande de congé doit être formulée au moins 3 mois avant la date de début de la formation liée au congé. | BM35: ABS_C_001 | BN35: =VLOOKUP(BM35,'Axe 2 Règles de gestion'!$D$2:$F$65,3, FALSE) -> La date de début du congé/absence doit être postérieure ou égale à la date de recrutement dans la FPE ou dans la carrière militaire. | BO35: ABS_C_002 | BP35: =VLOOKUP(BO35,'Axe 2 Règles de gestion'!$D$2:$F$65,3, FALSE) -> La date de début du congé/absence doit être postérieure ou égale à la date de début du lien juridique. | BQ35: ABS_C_003 | BR35: =VLOOKUP(BQ35,'Axe 2 Règles de gestion'!$D$2:$F$65,3, FALSE) -> La date de début du congé/absence doit être antérieure ou égale à la date de fin réelle du congé/absence. | BS35: ABS_C_004 | BT35: =VLOOKUP(BS35,'Axe 2 Règles de gestion'!$D$2:$F$65,3, FALSE) -> La date de début du congé/absence doit être antérieure ou égale à la date de fin prévisionnelle du congé/absence. | BU35: ABS_C_019 | BV35: =VLOOKUP(BU35,'Axe 2 Règles de gestion'!$D$2:$F$65,3, FALSE) -> Si l'absence ne commence pas par une demi-journée et si l'absence précédente ne finit pas par une demi journée, la date de début de l'absence saisie est postérieure à la date de fin réelle de l'absence précédente. | BW35: ABS_C_020 | BX35: =VLOOKUP(BW35,'Axe 2 Règles de gestion'!$D$2:$F$65,3, FALSE) -> Si l'absence ne commence pas par une demi-journée et si l'absence précédente ne finit pas par une demi journée, la date de début de l'absence saisie est postérieure à la date de fin prévisionnelle de l'absence précédente. | BY35: ABS_C_026 | BZ35: =VLOOKUP(BY35,'Axe 2 Règles de gestion'!$D$2:$F$65,3, FALSE) -> Dans le cas d'un congé autre que CLM, CLD, CGM et CITIS, l'indicateur de requalification doit être à non et les impacts spécifiques à la requalification ne doivent pas être mobilisés ou l'impact rémunération est vide.
A36: 22.10.00 | B36: A | C36: 44959.583 | D36: D0007 | E36: Congés/Absence | F36: S0146 | G36: Congé de transition professionnelle | H36: E0913 | I36: Congé de transition professionnelle aménagé | J36: Type de congé/absence saisi = 'Congé de transition professionnelle aménagé' | K36: A_COA_TYCOAB [Saisi] = 'CF020' | L36: T2232 | M36: Congé de transition professionnelle aménagé - Fin | N36: Modification | Q36: Contractuel | R36: P0003 | S36: N | T36: Général | U36: Passant | V36: 44767 | X36: CTP_D_004 ET ABS_C_005 ET ABS_C_006 ET ABS_C_007 ET ABS_C_008 ET ABS_C_009 | BE36: CTP_D_004 | BF36: =VLOOKUP(BE36,'Axe 2 Règles de gestion'!$D$2:$F$65,3, FALSE) -> Le congé est accordé pour une durée maximale de 12 mois. | BM36: ABS_C_005 | BN36: =VLOOKUP(BM36,'Axe 2 Règles de gestion'!$D$2:$F$65,3, FALSE) -> La date de fin réelle du congé/absence doit être antérieure ou égale à la date limite de fin réelle ou prévisionnelle du lien juridique. | BO36: ABS_C_006 | BP36: =VLOOKUP(BO36,'Axe 2 Règles de gestion'!$D$2:$F$65,3, FALSE) -> La date de fin prévisionnelle du congé/absence doit être antérieure ou égale à la date limite de fin réelle ou prévisionnelle du lien juridique. | BQ36: ABS_C_007 | BR36: =VLOOKUP(BQ36,'Axe 2 Règles de gestion'!$D$2:$F$65,3, FALSE) -> La date de fin réelle du congé/absence doit être antérieure à la date limite de départ à la retraite. | BS36: ABS_C_008 | BT36: =VLOOKUP(BS36,'Axe 2 Règles de gestion'!$D$2:$F$65,3, FALSE) -> La date de fin prévisionnelle du congé/absence doit être antérieure à la date limite de départ à la retraite. | BU36: ABS_C_009 | BV36: =VLOOKUP(BU36,'Axe 2 Règles de gestion'!$D$2:$F$65,3, FALSE) -> La date de fin réelle ou la date de fin prévisionnelle du congé/absence doit être saisie.
A37: 25.10.00 | B37: M | C37: 45993.49 | D37: D0007 | E37: Congés/Absence | F37: S0146 | G37: Congé de transition professionnelle | H37: E0913 | I37: Congé de transition professionnelle aménagé | J37: Type de congé/absence saisi = 'Congé de transition professionnelle aménagé' | K37: A_COA_TYCOAB [Saisi] = 'CF020' | L37: T2231 | M37: Congé de transition professionnelle aménagé - Demande | N37: Création | Q37: Stagiaire ou auditeur ou élève | R37: P0004 | S37: S | T37: Général | U37: Passant | V37: 44767 | X37: CTP_I_033 ET CTP_I_018 ET CTP_I_021 ET CTP_I_024 ET CTP_I_027 ET CTP_I_030 ET CTP_I_003 ET CTP_I_004 ET CTP_I_005 ET CTP_I_006 ET CTP_I_007 ET CTP_I_015 ET CTP_I_009 ET CTP_I_010 ET CTP_I_011 ET CTP_I_002 ET CTP_D_001 ET CTP_D_004 ET CTP_D_007 ET ABS_C_001 ET ABS_C_002 ET ABS_C_003 ET ABS_C_004 ET ABS_C_019 ET ABS_C_020 ET ABS_C_026 | Y37: CTP_I_033 | Z37: =VLOOKUP(Y37,'Axe 2 Règles de gestion'!$D$2:$F$65,3, FALSE) -> L'agent bénéficie des dispositions applicables aux agents titulaires pour le congé de transition professionnelle aménagé, sauf dispositions particulières. | AA37: CTP_I_018 | AB37: =VLOOKUP(AA37,'Axe 2 Règles de gestion'!$D$2:$F$65,3, FALSE) -> Soit l'agent doit appartenir à un corps ou à un cadre d'emplois de catégorie C et ne pas avoir atteint un niveau de formation sanctionné par un diplôme ou un titre professionnel correspondant à un niveau requis. | AC37: CTP_I_021 | AD37: =VLOOKUP(AC37,'Axe 2 Règles de gestion'!$D$2:$F$65,3, FALSE) -> Le niveau de formation requis est sanctionné par un diplôme ou un titre professionnel enregistré et classé au niveau 4 au sens du répertoire national des certifications professionnelles. | AE37: CTP_I_024 | AF37: =VLOOKUP(AE37,'Axe 2 Règles de gestion'!$D$2:$F$65,3, FALSE) -> Soit l'agent doit être en situation de handicap. | AG37: CTP_I_027 | AH37: =VLOOKUP(AG37,'Axe 2 Règles de gestion'!$D$2:$F$65,3, FALSE) -> Soit l'agent doit avoir été particulièrement exposé, compte tenu de sa situation professionnelle individuelle, à un risque d'usure professionnelle, constaté, après avis du médecin du travail compétent. | AI37: CTP_I_030 | AJ37: =VLOOKUP(AI37,'Axe 2 Règles de gestion'!$D$2:$F$65,3, FALSE) -> L'agent peut bénéficier du congé afin de suivre une action ou un parcours de formation en vue d'exercer un nouveau métier au sein du secteur public ou du secteur privé. | AK37: CTP_I_003 | AL37: =VLOOKUP(AK37,'Axe 2 Règles de gestion'!$D$2:$F$65,3, FALSE) -> Le comité social d'administration compétent est consulté sur la mise en place du congé. | AM37: CTP_I_004 | AN37: =VLOOKUP(AM37,'Axe 2 Règles de gestion'!$D$2:$F$65,3, FALSE) -> Le congé peut être fractionné en mois, semaines ou journées. | AO37: CTP_I_005 | AP37: =VLOOKUP(AO37,'Axe 2 Règles de gestion'!$D$2:$F$65,3, FALSE) -> Le congé permet à l'agent de suivre une formation d'une durée égale ou supérieure à 120 heures sanctionnée par une certification professionnelle ou à 70 heures pour accompagner ou conseiller les créateurs ou repreneurs d'entreprises. | AQ37: CTP_I_006 | AR37: =VLOOKUP(AQ37,'Axe 2 Règles de gestion'!$D$2:$F$65,3, FALSE) -> L'agent doit effectuer une demande. | AS37: CTP_I_007 | AT37: =VLOOKUP(AS37,'Axe 2 Règles de gestion'!$D$2:$F$65,3, FALSE) -> La demande de congé précise la nature de la formation, sa durée, le nom de l'organisme qui la dispense et l'objectif professionnel visé. | AU37: CTP_I_015 | AV37: =VLOOKUP(AU37,'Axe 2 Règles de gestion'!$D$2:$F$65,3, FALSE) -> L'administration informe l'agent de sa réponse par écrit dans le délai de 2 mois suivant la réception de la demande. | AW37: CTP_I_009 | AX37: =VLOOKUP(AW37,'Axe 2 Règles de gestion'!$D$2:$F$65,3, FALSE) -> La décision de rejet du congé doit être motivée. | AY37: CTP_I_010 | AZ37: =VLOOKUP(AY37,'Axe 2 Règles de gestion'!$D$2:$F$65,3, FALSE) -> Le bénéfice du congé peut être différé dans l'intérêt du service. | BA37: CTP_I_011 | BB37: =VLOOKUP(BA37,'Axe 2 Règles de gestion'!$D$2:$F$65,3, FALSE) -> L'agent transmet les attestations établies par l'organisme de formation, justifiant son assiduité à l'action de formation, sinon il perd le bénéfice de ce congé. | BC37: CTP_I_002 | BD37: =VLOOKUP(BC37,'Axe 2 Règles de gestion'!$D$2:$F$65,3, FALSE) -> Si le projet professionnel nécessite des actions de formation dont la durée totale est supérieure à 12 mois, alors le congé est prolongé en un congé de formation professionnelle pour une durée cumulée ne pouvant excéder 3 ans. | BE37: CTP_D_001 | BF37: =VLOOKUP(BE37,'Axe 2 Règles de gestion'!$D$2:$F$65,3, FALSE) -> L'agent doit être en activité. | BG37: CTP_D_004 | BH37: =VLOOKUP(BG37,'Axe 2 Règles de gestion'!$D$2:$F$65,3, FALSE) -> Le congé est accordé pour une durée maximale de 12 mois. | BI37: CTP_D_007 | BJ37: =VLOOKUP(BI37,'Axe 2 Règles de gestion'!$D$2:$F$65,3, FALSE) -> La demande de congé doit être formulée au moins 3 mois avant la date de début de la formation liée au congé. | BM37: ABS_C_001 | BN37: =VLOOKUP(BM37,'Axe 2 Règles de gestion'!$D$2:$F$65,3, FALSE) -> La date de début du congé/absence doit être postérieure ou égale à la date de recrutement dans la FPE ou dans la carrière militaire. | BO37: ABS_C_002 | BP37: =VLOOKUP(BO37,'Axe 2 Règles de gestion'!$D$2:$F$65,3, FALSE) -> La date de début du congé/absence doit être postérieure ou égale à la date de début du lien juridique. | BQ37: ABS_C_003 | BR37: =VLOOKUP(BQ37,'Axe 2 Règles de gestion'!$D$2:$F$65,3, FALSE) -> La date de début du congé/absence doit être antérieure ou égale à la date de fin réelle du congé/absence. | BS37: ABS_C_004 | BT37: =VLOOKUP(BS37,'Axe 2 Règles de gestion'!$D$2:$F$65,3, FALSE) -> La date de début du congé/absence doit être antérieure ou égale à la date de fin prévisionnelle du congé/absence. | BU37: ABS_C_019 | BV37: =VLOOKUP(BU37,'Axe 2 Règles de gestion'!$D$2:$F$65,3, FALSE) -> Si l'absence ne commence pas par une demi-journée et si l'absence précédente ne finit pas par une demi journée, la date de début de l'absence saisie est postérieure à la date de fin réelle de l'absence précédente. | BW37: ABS_C_020 | BX37: =VLOOKUP(BW37,'Axe 2 Règles de gestion'!$D$2:$F$65,3, FALSE) -> Si l'absence ne commence pas par une demi-journée et si l'absence précédente ne finit pas par une demi journée, la date de début de l'absence saisie est postérieure à la date de fin prévisionnelle de l'absence précédente. | BY37: ABS_C_026 | BZ37: =VLOOKUP(BY37,'Axe 2 Règles de gestion'!$D$2:$F$65,3, FALSE) -> Dans le cas d'un congé autre que CLM, CLD, CGM et CITIS, l'indicateur de requalification doit être à non et les impacts spécifiques à la requalification ne doivent pas être mobilisés ou l'impact rémunération est vide.
A38: 25.10.00 | B38: M | C38: 45993.46 | D38: D0007 | E38: Congés/Absence | F38: S0146 | G38: Congé de transition professionnelle | H38: E0913 | I38: Congé de transition professionnelle aménagé | J38: Type de congé/absence saisi = 'Congé de transition professionnelle aménagé' | K38: A_COA_TYCOAB [Saisi] = 'CF020' | L38: T2232 | M38: Congé de transition professionnelle aménagé - Fin | N38: Modification | Q38: Stagiaire ou auditeur ou élève | R38: P0004 | S38: S | T38: Général | U38: Passant | V38: 44767 | X38: CTP_I_033 ET CTP_D_002 ET ABS_C_005 ET ABS_C_006 ET ABS_C_007 ET ABS_C_008 ET ABS_C_009 | Y38: CTP_I_033 | Z38: =VLOOKUP(Y38,'Axe 2 Règles de gestion'!$D$2:$F$65,3, FALSE) -> L'agent bénéficie des dispositions applicables aux agents titulaires pour le congé de transition professionnelle aménagé, sauf dispositions particulières. | BE38: CTP_D_002 | BF38: =VLOOKUP(BE38,'Axe 2 Règles de gestion'!$D$2:$F$65,3, FALSE) -> Le congé est accordé pour une durée maximale de 12 mois. | BM38: ABS_C_005 | BN38: =VLOOKUP(BM38,'Axe 2 Règles de gestion'!$D$2:$F$65,3, FALSE) -> La date de fin réelle du congé/absence doit être antérieure ou égale à la date limite de fin réelle ou prévisionnelle du lien juridique. | BO38: ABS_C_006 | BP38: =VLOOKUP(BO38,'Axe 2 Règles de gestion'!$D$2:$F$65,3, FALSE) -> La date de fin prévisionnelle du congé/absence doit être antérieure ou égale à la date limite de fin réelle ou prévisionnelle du lien juridique. | BQ38: ABS_C_007 | BR38: =VLOOKUP(BQ38,'Axe 2 Règles de gestion'!$D$2:$F$65,3, FALSE) -> La date de fin réelle du congé/absence doit être antérieure à la date limite de départ à la retraite. | BS38: ABS_C_008 | BT38: =VLOOKUP(BS38,'Axe 2 Règles de gestion'!$D$2:$F$65,3, FALSE) -> La date de fin prévisionnelle du congé/absence doit être antérieure à la date limite de départ à la retraite. | BU38: ABS_C_009 | BV38: =VLOOKUP(BU38,'Axe 2 Règles de gestion'!$D$2:$F$65,3, FALSE) -> La date de fin réelle ou la date de fin prévisionnelle du congé/absence doit être saisie.
A39: 22.10.00 | B39: A | C39: 44959.601 | D39: D0007 | E39: Congés/Absence | F39: S0146 | G39: Congé de transition professionnelle | H39: E0913 | I39: Congé de transition professionnelle aménagé | J39: Type de congé/absence saisi = 'Congé de transition professionnelle aménagé' | K39: A_COA_TYCOAB [Saisi] = 'CF020' | L39: T2231 | M39: Congé de transition professionnelle aménagé - Demande | N39: Création | Q39: Ouvrier d'état | R39: P0005 | S39: O | T39: Général | U39: Passant | V39: 44767 | X39: CTP_I_020 ET CTP_I_023 ET CTP_I_026 ET CTP_I_029 ET CTP_I_032 ET CTP_I_003 ET CTP_I_004 ET CTP_I_005 ET CTP_I_006 ET CTP_I_007 ET CTP_I_017 ET CTP_I_009 ET CTP_I_010 ET CTP_I_011 ET CTP_I_002 ET CTP_D_001 ET CTP_D_004 ET CTP_D_009 ET ABS_C_001 ET ABS_C_002 ET ABS_C_003 ET ABS_C_004 ET ABS_C_019 ET ABS_C_020 ET ABS_C_026 | Y39: CTP_I_020 | Z39: =VLOOKUP(Y39,'Axe 2 Règles de gestion'!$D$2:$F$65,3, FALSE) -> Soit l'agent doit occuper un emploi de niveau de catégorie C et ne pas avoir atteint un niveau de formation sanctionné par un diplôme ou un titre professionnel correspondant à un niveau requis. | AA39: CTP_I_023 | AB39: =VLOOKUP(AA39,'Axe 2 Règles de gestion'!$D$2:$F$65,3, FALSE) -> Le niveau de formation requis est sanctionné par un diplôme ou un titre professionnel enregistré et classé au niveau 4 au sens du répertoire national des certifications professionnelles. | AC39: CTP_I_026 | AD39: =VLOOKUP(AC39,'Axe 2 Règles de gestion'!$D$2:$F$65,3, FALSE) -> Soit l'agent doit être en situation de handicap. | AE39: CTP_I_029 | AF39: =VLOOKUP(AE39,'Axe 2 Règles de gestion'!$D$2:$F$65,3, FALSE) -> Soit l'agent doit avoir été particulièrement exposé, compte tenu de sa situation professionnelle individuelle, à un risque d'usure professionnelle, constaté, après avis du médecin du travail compétent. | AG39: CTP_I_032 | AH39: =VLOOKUP(AG39,'Axe 2 Règles de gestion'!$D$2:$F$65,3, FALSE) -> L'agent peut bénéficier du congé afin de suivre une action ou un parcours de formation en vue d'exercer un nouveau métier au sein du secteur public ou du secteur privé. | AI39: CTP_I_003 | AJ39: =VLOOKUP(AI39,'Axe 2 Règles de gestion'!$D$2:$F$65,3, FALSE) -> Le comité social d'administration compétent est consulté sur la mise en place du congé. | AK39: CTP_I_004 | AL39: =VLOOKUP(AK39,'Axe 2 Règles de gestion'!$D$2:$F$65,3, FALSE) -> Le congé peut être fractionné en mois, semaines ou journées. | AM39: CTP_I_005 | AN39: =VLOOKUP(AM39,'Axe 2 Règles de gestion'!$D$2:$F$65,3, FALSE) -> Le congé permet à l'agent de suivre une formation d'une durée égale ou supérieure à 120 heures sanctionnée par une certification professionnelle ou à 70 heures pour accompagner ou conseiller les créateurs ou repreneurs d'entreprises. | AO39: CTP_I_006 | AP39: =VLOOKUP(AO39,'Axe 2 Règles de gestion'!$D$2:$F$65,3, FALSE) -> L'agent doit effectuer une demande. | AQ39: CTP_I_007 | AR39: =VLOOKUP(AQ39,'Axe 2 Règles de gestion'!$D$2:$F$65,3, FALSE) -> La demande de congé précise la nature de la formation, sa durée, le nom de l'organisme qui la dispense et l'objectif professionnel visé. | AS39: CTP_I_017 | AT39: =VLOOKUP(AS39,'Axe 2 Règles de gestion'!$D$2:$F$65,3, FALSE) -> L'administration informe l'agent de sa réponse par écrit dans le délai de 2 mois suivant la réception de la demande. | AU39: CTP_I_009 | AV39: =VLOOKUP(AU39,'Axe 2 Règles de gestion'!$D$2:$F$65,3, FALSE) -> La décision de rejet du congé doit être motivée. | AW39: CTP_I_010 | AX39: =VLOOKUP(AW39,'Axe 2 Règles de gestion'!$D$2:$F$65,3, FALSE) -> Le bénéfice du congé peut être différé dans l'intérêt du service. | AY39: CTP_I_011 | AZ39: =VLOOKUP(AY39,'Axe 2 Règles de gestion'!$D$2:$F$65,3, FALSE) -> L'agent transmet les attestations établies par l'organisme de formation, justifiant son assiduité à l'action de formation, sinon il perd le bénéfice de ce congé. | BA39: CTP_I_002 | BB39: =VLOOKUP(BA39,'Axe 2 Règles de gestion'!$D$2:$F$65,3, FALSE) -> Si le projet professionnel nécessite des actions de formation dont la durée totale est supérieure à 12 mois, alors le congé est prolongé en un congé de formation professionnelle pour une durée cumulée ne pouvant excéder 3 ans. | BE39: CTP_D_001 | BF39: =VLOOKUP(BE39,'Axe 2 Règles de gestion'!$D$2:$F$65,3, FALSE) -> L'agent doit être en activité. | BG39: CTP_D_004 | BH39: =VLOOKUP(BG39,'Axe 2 Règles de gestion'!$D$2:$F$65,3, FALSE) -> Le congé est accordé pour une durée maximale de 12 mois. | BI39: CTP_D_009 | BJ39: =VLOOKUP(BI39,'Axe 2 Règles de gestion'!$D$2:$F$65,3, FALSE) -> La demande de congé doit être formulée au moins 3 mois avant la date de début de la formation liée au congé. | BM39: ABS_C_001 | BN39: =VLOOKUP(BM39,'Axe 2 Règles de gestion'!$D$2:$F$65,3, FALSE) -> La date de début du congé/absence doit être postérieure ou égale à la date de recrutement dans la FPE ou dans la carrière militaire. | BO39: ABS_C_002 | BP39: =VLOOKUP(BO39,'Axe 2 Règles de gestion'!$D$2:$F$65,3, FALSE) -> La date de début du congé/absence doit être postérieure ou égale à la date de début du lien juridique. | BQ39: ABS_C_003 | BR39: =VLOOKUP(BQ39,'Axe 2 Règles de gestion'!$D$2:$F$65,3, FALSE) -> La date de début du congé/absence doit être antérieure ou égale à la date de fin réelle du congé/absence. | BS39: ABS_C_004 | BT39: =VLOOKUP(BS39,'Axe 2 Règles de gestion'!$D$2:$F$65,3, FALSE) -> La date de début du congé/absence doit être antérieure ou égale à la date de fin prévisionnelle du congé/absence. | BU39: ABS_C_019 | BV39: =VLOOKUP(BU39,'Axe 2 Règles de gestion'!$D$2:$F$65,3, FALSE) -> Si l'absence ne commence pas par une demi-journée et si l'absence précédente ne finit pas par une demi journée, la date de début de l'absence saisie est postérieure à la date de fin réelle de l'absence précédente. | BW39: ABS_C_020 | BX39: =VLOOKUP(BW39,'Axe 2 Règles de gestion'!$D$2:$F$65,3, FALSE) -> Si l'absence ne commence pas par une demi-journée et si l'absence précédente ne finit pas par une demi journée, la date de début de l'absence saisie est postérieure à la date de fin prévisionnelle de l'absence précédente. | BY39: ABS_C_026 | BZ39: =VLOOKUP(BY39,'Axe 2 Règles de gestion'!$D$2:$F$65,3, FALSE) -> Dans le cas d'un congé autre que CLM, CLD, CGM et CITIS, l'indicateur de requalification doit être à non et les impacts spécifiques à la requalification ne doivent pas être mobilisés ou l'impact rémunération est vide.
A40: 22.10.00 | B40: A | C40: 44959.582 | D40: D0007 | E40: Congés/Absence | F40: S0146 | G40: Congé de transition professionnelle | H40: E0913 | I40: Congé de transition professionnelle aménagé | J40: Type de congé/absence saisi = 'Congé de transition professionnelle aménagé' | K40: A_COA_TYCOAB [Saisi] = 'CF020' | L40: T2232 | M40: Congé de transition professionnelle aménagé - Fin | N40: Modification | Q40: Ouvrier d'état | R40: P0005 | S40: O | T40: Général | U40: Passant | V40: 44767 | X40: CTP_D_004 ET ABS_C_005 ET ABS_C_006 ET ABS_C_007 ET ABS_C_008 ET ABS_C_009 | BE40: CTP_D_004 | BF40: =VLOOKUP(BE40,'Axe 2 Règles de gestion'!$D$2:$F$65,3, FALSE) -> Le congé est accordé pour une durée maximale de 12 mois. | BM40: ABS_C_005 | BN40: =VLOOKUP(BM40,'Axe 2 Règles de gestion'!$D$2:$F$65,3, FALSE) -> La date de fin réelle du congé/absence doit être antérieure ou égale à la date limite de fin réelle ou prévisionnelle du lien juridique. | BO40: ABS_C_006 | BP40: =VLOOKUP(BO40,'Axe 2 Règles de gestion'!$D$2:$F$65,3, FALSE) -> La date de fin prévisionnelle du congé/absence doit être antérieure ou égale à la date limite de fin réelle ou prévisionnelle du lien juridique. | BQ40: ABS_C_007 | BR40: =VLOOKUP(BQ40,'Axe 2 Règles de gestion'!$D$2:$F$65,3, FALSE) -> La date de fin réelle du congé/absence doit être antérieure à la date limite de départ à la retraite. | BS40: ABS_C_008 | BT40: =VLOOKUP(BS40,'Axe 2 Règles de gestion'!$D$2:$F$65,3, FALSE) -> La date de fin prévisionnelle du congé/absence doit être antérieure à la date limite de départ à la retraite. | BU40: ABS_C_009 | BV40: =VLOOKUP(BU40,'Axe 2 Règles de gestion'!$D$2:$F$65,3, FALSE) -> La date de fin réelle ou la date de fin prévisionnelle du congé/absence doit être saisie.
A41: 22.10.00 | B41: A | C41: 44959.545 | D41: D0007 | E41: Congés/Absence | F41: S0146 | G41: Congé de transition professionnelle | H41: E0913 | I41: Congé de transition professionnelle aménagé | J41: Type de congé/absence saisi = 'Congé de transition professionnelle aménagé' | K41: A_COA_TYCOAB [Saisi] = 'CF020' | L41: T2231 | M41: Congé de transition professionnelle aménagé - Demande | N41: Création | Q41: Magistrat de l'ordre judiciaire | R41: P0007 | S41: T | T41: Particulier | U41: Exclu | V41: 44767
A42: 22.10.00 | B42: A | C42: 44959.547 | D42: D0007 | E42: Congés/Absence | F42: S0146 | G42: Congé de transition professionnelle | H42: E0913 | I42: Congé de transition professionnelle aménagé | J42: Type de congé/absence saisi = 'Congé de transition professionnelle aménagé' | K42: A_COA_TYCOAB [Saisi] = 'CF020' | L42: T2232 | M42: Congé de transition professionnelle aménagé - Fin | N42: Modification | Q42: Magistrat de l'ordre judiciaire | R42: P0007 | S42: T | T42: Particulier | U42: Exclu | V42: 44767
A43: 22.10.00 | B43: A | C43: 44959.545 | D43: D0007 | E43: Congés/Absence | F43: S0146 | G43: Congé de transition professionnelle | H43: E0913 | I43: Congé de transition professionnelle aménagé | J43: Type de congé/absence saisi = 'Congé de transition professionnelle aménagé' | K43: A_COA_TYCOAB [Saisi] = 'CF020' | L43: T2231 | M43: Congé de transition professionnelle aménagé - Demande | N43: Création | Q43: Auditeur de justice | R43: P0009 | S43: S | T43: Particulier | U43: Exclu | V43: 44767
A44: 22.10.00 | B44: A | C44: 44959.547 | D44: D0007 | E44: Congés/Absence | F44: S0146 | G44: Congé de transition professionnelle | H44: E0913 | I44: Congé de transition professionnelle aménagé | J44: Type de congé/absence saisi = 'Congé de transition professionnelle aménagé' | K44: A_COA_TYCOAB [Saisi] = 'CF020' | L44: T2232 | M44: Congé de transition professionnelle aménagé - Fin | N44: Modification | Q44: Auditeur de justice | R44: P0009 | S44: S | T44: Particulier | U44: Exclu | V44: 44767
A45: 22.10.00 | B45: A | C45: 44959.545 | D45: D0007 | E45: Congés/Absence | F45: S0146 | G45: Congé de transition professionnelle | H45: E0913 | I45: Congé de transition professionnelle aménagé | J45: Type de congé/absence saisi = 'Congé de transition professionnelle aménagé' | K45: A_COA_TYCOAB [Saisi] = 'CF020' | L45: T2231 | M45: Congé de transition professionnelle aménagé - Demande | N45: Création | Q45: Conseiller ou avocat général à la Cour de cassation en service extraordinaire | R45: P0046 | S45: N | T45: Particulier | U45: Exclu | V45: 44767
A46: 22.10.00 | B46: A | C46: 44959.547 | D46: D0007 | E46: Congés/Absence | F46: S0146 | G46: Congé de transition professionnelle | H46: E0913 | I46: Congé de transition professionnelle aménagé | J46: Type de congé/absence saisi = 'Congé de transition professionnelle aménagé' | K46: A_COA_TYCOAB [Saisi] = 'CF020' | L46: T2232 | M46: Congé de transition professionnelle aménagé - Fin | N46: Modification | Q46: Conseiller ou avocat général à la Cour de cassation en service extraordinaire | R46: P0046 | S46: N | T46: Particulier | U46: Exclu | V46: 44767
A47: 22.10.00 | B47: A | C47: 44959.545 | D47: D0007 | E47: Congés/Absence | F47: S0146 | G47: Congé de transition professionnelle | H47: E0913 | I47: Congé de transition professionnelle aménagé | J47: Type de congé/absence saisi = 'Congé de transition professionnelle aménagé' | K47: A_COA_TYCOAB [Saisi] = 'CF020' | L47: T2231 | M47: Congé de transition professionnelle aménagé - Demande | N47: Création | Q47: Personnel civil payé à l'acte ou à la tâche | R47: P0054 | S47: N | T47: Particulier | U47: Exclu | V47: 44767
A48: 22.10.00 | B48: A | C48: 44959.547 | D48: D0007 | E48: Congés/Absence | F48: S0146 | G48: Congé de transition professionnelle | H48: E0913 | I48: Congé de transition professionnelle aménagé | J48: Type de congé/absence saisi = 'Congé de transition professionnelle aménagé' | K48: A_COA_TYCOAB [Saisi] = 'CF020' | L48: T2232 | M48: Congé de transition professionnelle aménagé - Fin | N48: Modification | Q48: Personnel civil payé à l'acte ou à la tâche | R48: P0054 | S48: N | T48: Particulier | U48: Exclu | V48: 44767
A49: 22.10.00 | B49: A | C49: 44959.546 | D49: D0007 | E49: Congés/Absence | F49: S0146 | G49: Congé de transition professionnelle | H49: E0913 | I49: Congé de transition professionnelle aménagé | J49: Type de congé/absence saisi = 'Congé de transition professionnelle aménagé' | K49: A_COA_TYCOAB [Saisi] = 'CF020' | L49: T2231 | M49: Congé de transition professionnelle aménagé - Demande | N49: Création | Q49: Contractuel de droit privé | R49: P0072 | S49: N | T49: Particulier | U49: Exclu | V49: 44767
A50: 22.10.00 | B50: A | C50: 44959.547 | D50: D0007 | E50: Congés/Absence | F50: S0146 | G50: Congé de transition professionnelle | H50: E0913 | I50: Congé de transition professionnelle aménagé | J50: Type de congé/absence saisi = 'Congé de transition professionnelle aménagé' | K50: A_COA_TYCOAB [Saisi] = 'CF020' | L50: T2232 | M50: Congé de transition professionnelle aménagé - Fin | N50: Modification | Q50: Contractuel de droit privé | R50: P0072 | S50: N | T50: Particulier | U50: Exclu | V50: 44767
A51: 22.10.00 | B51: A | C51: 44959.546 | D51: D0007 | E51: Congés/Absence | F51: S0146 | G51: Congé de transition professionnelle | H51: E0913 | I51: Congé de transition professionnelle aménagé | J51: Type de congé/absence saisi = 'Congé de transition professionnelle aménagé' | K51: A_COA_TYCOAB [Saisi] = 'CF020' | L51: T2231 | M51: Congé de transition professionnelle aménagé - Demande | N51: Création | Q51: Ouvrier de la défense auxiliaire non affilié ou temporaire non mensualisé | R51: P0182 | S51: O | T51: Particulier | U51: Exclu | V51: 44767
A52: 22.10.00 | B52: A | C52: 44959.547 | D52: D0007 | E52: Congés/Absence | F52: S0146 | G52: Congé de transition professionnelle | H52: E0913 | I52: Congé de transition professionnelle aménagé | J52: Type de congé/absence saisi = 'Congé de transition professionnelle aménagé' | K52: A_COA_TYCOAB [Saisi] = 'CF020' | L52: T2232 | M52: Congé de transition professionnelle aménagé - Fin | N52: Modification | Q52: Ouvrier de la défense auxiliaire non affilié ou temporaire non mensualisé | R52: P0182 | S52: O | T52: Particulier | U52: Exclu | V52: 44767
A53: 25.10.00 | B53: M | C53: 45995.641 | D53: D0007 | E53: Congés/Absence | F53: S0146 | G53: Congé de transition professionnelle | H53: E0913 | I53: Congé de transition professionnelle aménagé | J53: Type de congé/absence saisi = 'Congé de transition professionnelle aménagé' | K53: A_COA_TYCOAB [Saisi] = 'CF020' | L53: T2231 | M53: Congé de transition professionnelle aménagé - Demande | N53: Création | Q53: Ouvrier des parcs et ateliers confirmé non affilié ou stagiaire | R53: P0185 | S53: O | T53: Particulier | U53: Exclu | V53: 44767 | W53: 45900
A54: 25.10.00 | B54: A | C54: 45995.641 | D54: D0007 | E54: Congés/Absence | F54: S0146 | G54: Congé de transition professionnelle | H54: E0913 | I54: Congé de transition professionnelle aménagé | J54: Type de congé/absence saisi = 'Congé de transition professionnelle aménagé' | K54: A_COA_TYCOAB [Saisi] = 'CF020' | L54: T2231 | M54: Congé de transition professionnelle aménagé - Demande | N54: Création | Q54: Ouvrier des parcs et ateliers confirmé non affilié ou stagiaire | R54: P0185 | S54: O | T54: Particulier | U54: Passant | V54: 45901 | X54: CTP_I_035 ET CTP_I_020 ET CTP_I_023 ET CTP_I_026 ET CTP_I_029 ET CTP_I_032 ET CTP_I_003 ET CTP_I_004 ET CTP_I_005 ET CTP_I_006 ET CTP_I_007 ET CTP_I_017 ET CTP_I_009 ET CTP_I_010 ET CTP_I_011 ET CTP_I_002 ET CTP_D_001 ET CTP_D_004 ET CTP_D_009 ET ABS_C_001 ET ABS_C_002 ET ABS_C_003 ET ABS_C_004 ET ABS_C_019 ET ABS_C_020 ET ABS_C_026 | Y54: CTP_I_035 | Z54: =VLOOKUP(Y54,'Axe 2 Règles de gestion'!$D$2:$F$65,3, FALSE) -> L'agent bénéficie des dispositions applicables aux agents ouvriers affiliés pour le congé de transition professionnelle aménagé. | AA54: CTP_I_020 | AB54: =VLOOKUP(AA54,'Axe 2 Règles de gestion'!$D$2:$F$65,3, FALSE) -> Soit l'agent doit occuper un emploi de niveau de catégorie C et ne pas avoir atteint un niveau de formation sanctionné par un diplôme ou un titre professionnel correspondant à un niveau requis. | AC54: CTP_I_023 | AD54: =VLOOKUP(AC54,'Axe 2 Règles de gestion'!$D$2:$F$65,3, FALSE) -> Le niveau de formation requis est sanctionné par un diplôme ou un titre professionnel enregistré et classé au niveau 4 au sens du répertoire national des certifications professionnelles. | AE54: CTP_I_026 | AF54: =VLOOKUP(AE54,'Axe 2 Règles de gestion'!$D$2:$F$65,3, FALSE) -> Soit l'agent doit être en situation de handicap. | AG54: CTP_I_029 | AH54: =VLOOKUP(AG54,'Axe 2 Règles de gestion'!$D$2:$F$65,3, FALSE) -> Soit l'agent doit avoir été particulièrement exposé, compte tenu de sa situation professionnelle individuelle, à un risque d'usure professionnelle, constaté, après avis du médecin du travail compétent. | AI54: CTP_I_032 | AJ54: =VLOOKUP(AI54,'Axe 2 Règles de gestion'!$D$2:$F$65,3, FALSE) -> L'agent peut bénéficier du congé afin de suivre une action ou un parcours de formation en vue d'exercer un nouveau métier au sein du secteur public ou du secteur privé. | AK54: CTP_I_003 | AL54: =VLOOKUP(AK54,'Axe 2 Règles de gestion'!$D$2:$F$65,3, FALSE) -> Le comité social d'administration compétent est consulté sur la mise en place du congé. | AM54: CTP_I_004 | AN54: =VLOOKUP(AM54,'Axe 2 Règles de gestion'!$D$2:$F$65,3, FALSE) -> Le congé peut être fractionné en mois, semaines ou journées. | AO54: CTP_I_005 | AP54: =VLOOKUP(AO54,'Axe 2 Règles de gestion'!$D$2:$F$65,3, FALSE) -> Le congé permet à l'agent de suivre une formation d'une durée égale ou supérieure à 120 heures sanctionnée par une certification professionnelle ou à 70 heures pour accompagner ou conseiller les créateurs ou repreneurs d'entreprises. | AQ54: CTP_I_006 | AR54: =VLOOKUP(AQ54,'Axe 2 Règles de gestion'!$D$2:$F$65,3, FALSE) -> L'agent doit effectuer une demande. | AS54: CTP_I_007 | AT54: =VLOOKUP(AS54,'Axe 2 Règles de gestion'!$D$2:$F$65,3, FALSE) -> La demande de congé précise la nature de la formation, sa durée, le nom de l'organisme qui la dispense et l'objectif professionnel visé. | AU54: CTP_I_017 | AV54: =VLOOKUP(AU54,'Axe 2 Règles de gestion'!$D$2:$F$65,3, FALSE) -> L'administration informe l'agent de sa réponse par écrit dans le délai de 2 mois suivant la réception de la demande. | AW54: CTP_I_009 | AX54: =VLOOKUP(AW54,'Axe 2 Règles de gestion'!$D$2:$F$65,3, FALSE) -> La décision de rejet du congé doit être motivée. | AY54: CTP_I_010 | AZ54: =VLOOKUP(AY54,'Axe 2 Règles de gestion'!$D$2:$F$65,3, FALSE) -> Le bénéfice du congé peut être différé dans l'intérêt du service. | BA54: CTP_I_011 | BB54: =VLOOKUP(BA54,'Axe 2 Règles de gestion'!$D$2:$F$65,3, FALSE) -> L'agent transmet les attestations établies par l'organisme de formation, justifiant son assiduité à l'action de formation, sinon il perd le bénéfice de ce congé. | BC54: CTP_I_002 | BD54: =VLOOKUP(BC54,'Axe 2 Règles de gestion'!$D$2:$F$65,3, FALSE) -> Si le projet professionnel nécessite des actions de formation dont la durée totale est supérieure à 12 mois, alors le congé est prolongé en un congé de formation professionnelle pour une durée cumulée ne pouvant excéder 3 ans. | BE54: CTP_D_001 | BF54: =VLOOKUP(BE54,'Axe 2 Règles de gestion'!$D$2:$F$65,3, FALSE) -> L'agent doit être en activité. | BG54: CTP_D_004 | BH54: =VLOOKUP(BG54,'Axe 2 Règles de gestion'!$D$2:$F$65,3, FALSE) -> Le congé est accordé pour une durée maximale de 12 mois. | BI54: CTP_D_009 | BJ54: =VLOOKUP(BI54,'Axe 2 Règles de gestion'!$D$2:$F$65,3, FALSE) -> La demande de congé doit être formulée au moins 3 mois avant la date de début de la formation liée au congé. | BM54: ABS_C_001 | BN54: =VLOOKUP(BM54,'Axe 2 Règles de gestion'!$D$2:$F$65,3, FALSE) -> La date de début du congé/absence doit être postérieure ou égale à la date de recrutement dans la FPE ou dans la carrière militaire. | BO54: ABS_C_002 | BP54: =VLOOKUP(BO54,'Axe 2 Règles de gestion'!$D$2:$F$65,3, FALSE) -> La date de début du congé/absence doit être postérieure ou égale à la date de début du lien juridique. | BQ54: ABS_C_003 | BR54: =VLOOKUP(BQ54,'Axe 2 Règles de gestion'!$D$2:$F$65,3, FALSE) -> La date de début du congé/absence doit être antérieure ou égale à la date de fin réelle du congé/absence. | BS54: ABS_C_004 | BT54: =VLOOKUP(BS54,'Axe 2 Règles de gestion'!$D$2:$F$65,3, FALSE) -> La date de début du congé/absence doit être antérieure ou égale à la date de fin prévisionnelle du congé/absence. | BU54: ABS_C_019 | BV54: =VLOOKUP(BU54,'Axe 2 Règles de gestion'!$D$2:$F$65,3, FALSE) -> Si l'absence ne commence pas par une demi-journée et si l'absence précédente ne finit pas par une demi journée, la date de début de l'absence saisie est postérieure à la date de fin réelle de l'absence précédente. | BW54: ABS_C_020 | BX54: =VLOOKUP(BW54,'Axe 2 Règles de gestion'!$D$2:$F$65,3, FALSE) -> Si l'absence ne commence pas par une demi-journée et si l'absence précédente ne finit pas par une demi journée, la date de début de l'absence saisie est postérieure à la date de fin prévisionnelle de l'absence précédente. | BY54: ABS_C_026 | BZ54: =VLOOKUP(BY54,'Axe 2 Règles de gestion'!$D$2:$F$65,3, FALSE) -> Dans le cas d'un congé autre que CLM, CLD, CGM et CITIS, l'indicateur de requalification doit être à non et les impacts spécifiques à la requalification ne doivent pas être mobilisés ou l'impact rémunération est vide.
A55: 25.10.00 | B55: M | C55: 45995.642 | D55: D0007 | E55: Congés/Absence | F55: S0146 | G55: Congé de transition professionnelle | H55: E0913 | I55: Congé de transition professionnelle aménagé | J55: Type de congé/absence saisi = 'Congé de transition professionnelle aménagé' | K55: A_COA_TYCOAB [Saisi] = 'CF020' | L55: T2232 | M55: Congé de transition professionnelle aménagé - Fin | N55: Modification | Q55: Ouvrier des parcs et ateliers confirmé non affilié ou stagiaire | R55: P0185 | S55: O | T55: Particulier | U55: Exclu | V55: 44767 | W55: 45900
A56: 25.10.00 | B56: A | C56: 45995.642 | D56: D0007 | E56: Congés/Absence | F56: S0146 | G56: Congé de transition professionnelle | H56: E0913 | I56: Congé de transition professionnelle aménagé | J56: Type de congé/absence saisi = 'Congé de transition professionnelle aménagé' | K56: A_COA_TYCOAB [Saisi] = 'CF020' | L56: T2232 | M56: Congé de transition professionnelle aménagé - Fin | N56: Modification | Q56: Ouvrier des parcs et ateliers confirmé non affilié ou stagiaire | R56: P0185 | S56: O | T56: Particulier | U56: Passant | V56: 45901 | X56: CTP_I_035 ET CTP_D_004 ET ABS_C_005 ET ABS_C_006 ET ABS_C_007 ET ABS_C_008 ET ABS_C_009 | Y56: CTP_I_035 | Z56: =VLOOKUP(Y56,'Axe 2 Règles de gestion'!$D$2:$F$65,3, FALSE) -> L'agent bénéficie des dispositions applicables aux agents ouvriers affiliés pour le congé de transition professionnelle aménagé. | BE56: CTP_D_004 | BF56: =VLOOKUP(BE56,'Axe 2 Règles de gestion'!$D$2:$F$65,3, FALSE) -> Le congé est accordé pour une durée maximale de 12 mois. | BM56: ABS_C_005 | BN56: =VLOOKUP(BM56,'Axe 2 Règles de gestion'!$D$2:$F$65,3, FALSE) -> La date de fin réelle du congé/absence doit être antérieure ou égale à la date limite de fin réelle ou prévisionnelle du lien juridique. | BO56: ABS_C_006 | BP56: =VLOOKUP(BO56,'Axe 2 Règles de gestion'!$D$2:$F$65,3, FALSE) -> La date de fin prévisionnelle du congé/absence doit être antérieure ou égale à la date limite de fin réelle ou prévisionnelle du lien juridique. | BQ56: ABS_C_007 | BR56: =VLOOKUP(BQ56,'Axe 2 Règles de gestion'!$D$2:$F$65,3, FALSE) -> La date de fin réelle du congé/absence doit être antérieure à la date limite de départ à la retraite. | BS56: ABS_C_008 | BT56: =VLOOKUP(BS56,'Axe 2 Règles de gestion'!$D$2:$F$65,3, FALSE) -> La date de fin prévisionnelle du congé/absence doit être antérieure à la date limite de départ à la retraite. | BU56: ABS_C_009 | BV56: =VLOOKUP(BU56,'Axe 2 Règles de gestion'!$D$2:$F$65,3, FALSE) -> La date de fin réelle ou la date de fin prévisionnelle du congé/absence doit être saisie.
A57: 22.10.00 | B57: A | C57: 44959.547 | D57: D0007 | E57: Congés/Absence | F57: S0146 | G57: Congé de transition professionnelle | H57: E0913 | I57: Congé de transition professionnelle aménagé | J57: Type de congé/absence saisi = 'Congé de transition professionnelle aménagé' | K57: A_COA_TYCOAB [Saisi] = 'CF020' | L57: T2231 | M57: Congé de transition professionnelle aménagé - Demande | N57: Création | Q57: Ouvrier du service des alcools confirmé non affilié | R57: P0221 | S57: O | T57: Particulier | U57: Exclu | V57: 44767
A58: 22.10.00 | B58: A | C58: 44959.548 | D58: D0007 | E58: Congés/Absence | F58: S0146 | G58: Congé de transition professionnelle | H58: E0913 | I58: Congé de transition professionnelle aménagé | J58: Type de congé/absence saisi = 'Congé de transition professionnelle aménagé' | K58: A_COA_TYCOAB [Saisi] = 'CF020' | L58: T2232 | M58: Congé de transition professionnelle aménagé - Fin | N58: Modification | Q58: Ouvrier du service des alcools confirmé non affilié | R58: P0221 | S58: O | T58: Particulier | U58: Exclu | V58: 44767

Sheet Axe 1 Enchaînement RG Impact
A1: Version | B1: Type de mise à jour | C1: Date de mise à jour | D1: Identifiant Domaine | E1: Libellé du Domaine | F1: Identifiant Sous-domaine | G1: Libellé du Sous-domaine | H1: Identifiant Evénement | I1: Libellé de l'évènement | J1: Libellé condition déclenchement Evènement | K1: Condition déclenchement Evènement | L1: Identifiant type d'évènement | M1: Libellé type d'évènement | N1: Type de mise à jour | O1: Libellé condition déclenchement Type Evènement | P1: Condition déclenchement Type Evènement | Q1: Libellé Population | R1: Codification Population | S1: Typologie de population | T1: Général / Particulier | U1: Passant / Exclu | V1: Date de début | W1: Date de fin | X1: Impacts | Y1: Identifiant Impacts 1 | Z1: Libellé Impacts 1 | AA1: Identifiant Impacts 2 | AB1: Libellé Impacts 2 | AC1: Identifiant Impacts 3 | AD1: Libellé Impacts 3 | AE1: Identifiant Impacts 4 | AF1: Libellé Impacts 4 | AG1: Identifiant Impacts 5 | AH1: Libellé Impacts 5 | AI1: Identifiant Impacts 6 | AJ1: Libellé Impacts 6 | AK1: Identifiant Impacts 7 | AL1: Libellé Impacts 7 | AM1: Identifiant Impacts 8 | AN1: Libellé Impacts 8 | AO1: FIME | AP1: Statut de travail
A2: 20.00.00 | B2: A | C2: 43899.684 | D2: D0007 | E2: Congés/Absence | F2: S0146 | G2: Congé de transition professionnelle | H2: E0813 | I2: Congé de transition professionnelle | J2: Type de congé/absence saisi = 'Congé de transition professionnelle' | K2: A_COA_TYCOAB [Saisi] = 'CF016' | L2: T2009 | M2: Congé de transition professionnelle - Demande | N2: Création | Q2: Titulaire ou magistrat | R2: P0001 | S2: T | T2: Général | U2: Passant | V2: 43826 | X2: CTP_P_001 ET CTP_P_004 ET CTP_P_009 ET CTP_P_010 ET CTP_P_013 ET CTP_P_015 | Y2: CTP_P_001 | Z2: =VLOOKUP(Y2,'Axe 2 Règles de gestion'!$D$2:$F$65,3, FALSE) -> Rémunération : L'agent perçoit son traitement brut, 80 % du régime indemnitaire dont il bénéficiait à la date du placement en congé sauf dérogation prévue par le texte et le cas échéant, l'indemnité de résidence et le supplément familial de traitement. | AA2: CTP_P_004 | AB2: =VLOOKUP(AA2,'Axe 2 Règles de gestion'!$D$2:$F$65,3, FALSE) -> Carrière : L'agent conserve ses droits à l'avancement d'échelon et à l'avancement de grade en totalité. La durée du congé est prise en compte comme service effectif. | AC2: CTP_P_009 | AD2: =VLOOKUP(AC2,'Axe 2 Règles de gestion'!$D$2:$F$65,3, FALSE) -> Congés annuels : L'agent conserve son droit à congé annuel. | AE2: CTP_P_010 | AF2: =VLOOKUP(AE2,'Axe 2 Règles de gestion'!$D$2:$F$65,3, FALSE) -> Congés maladie : L'agent conserve ses droits à congés de maladie ordinaire, de longue maladie, de longue durée, pour invalidité temporaire imputable au service. | AG2: CTP_P_013 | AH2: =VLOOKUP(AG2,'Axe 2 Règles de gestion'!$D$2:$F$65,3, FALSE) -> Retraite : Ce congé est considéré comme une période d'activité pour la retraite. | AI2: CTP_P_015 | AJ2: =VLOOKUP(AI2,'Axe 2 Règles de gestion'!$D$2:$F$65,3, FALSE) -> Acte : Un acte administratif doit être produit.
A3: 22.00.00 | B3: M | C3: 44725.416 | D3: D0007 | E3: Congés/Absence | F3: S0146 | G3: Congé de transition professionnelle | H3: E0813 | I3: Congé de transition professionnelle | J3: Type de congé/absence saisi = 'Congé de transition professionnelle' | K3: A_COA_TYCOAB [Saisi] = 'CF016' | L3: T2010 | M3: Congé de transition professionnelle - Fin | N3: Modification | Q3: Titulaire ou magistrat | R3: P0001 | S3: T | T3: Général | U3: Passant | V3: 43826
A4: 22.10.00 | B4: A | C4: 44886.485 | D4: D0007 | E4: Congés/Absence | F4: S0146 | G4: Congé de transition professionnelle | H4: E0813 | I4: Congé de transition professionnelle | J4: Type de congé/absence saisi = 'Congé de transition professionnelle' | K4: A_COA_TYCOAB [Saisi] = 'CF016' | L4: T2009 | M4: Congé de transition professionnelle - Demande | N4: Création | Q4: Militaire | R4: P0002 | S4: M | T4: Général | U4: Exclu | V4: 43831
A5: 22.10.00 | B5: A | C5: 44886.485 | D5: D0007 | E5: Congés/Absence | F5: S0146 | G5: Congé de transition professionnelle | H5: E0813 | I5: Congé de transition professionnelle | J5: Type de congé/absence saisi = 'Congé de transition professionnelle' | K5: A_COA_TYCOAB [Saisi] = 'CF016' | L5: T2010 | M5: Congé de transition professionnelle - Fin | N5: Modification | Q5: Militaire | R5: P0002 | S5: M | T5: Général | U5: Exclu | V5: 43831
A6: 22.10.00 | B6: M | C6: 44837.723 | D6: D0007 | E6: Congés/Absence | F6: S0146 | G6: Congé de transition professionnelle | H6: E0813 | I6: Congé de transition professionnelle | J6: Type de congé/absence saisi = 'Congé de transition professionnelle' | K6: A_COA_TYCOAB [Saisi] = 'CF016' | L6: T2009 | M6: Congé de transition professionnelle - Demande | N6: Création | Q6: Contractuel | R6: P0003 | S6: N | T6: Général | U6: Passant | V6: 43826 | W6: 44677 | X6: CTP_P_002 ET CTP_P_006 ET CTP_P_009 ET CTP_P_011 ET CTP_P_013 ET CTP_P_015 | Y6: CTP_P_002 | Z6: =VLOOKUP(Y6,'Axe 2 Règles de gestion'!$D$2:$F$65,3, FALSE) -> Rémunération : L'agent perçoit sa rémunération, le cas échéant, l'indemnité de résidence et le supplément familial de traitement. | AA6: CTP_P_006 | AB6: =VLOOKUP(AA6,'Axe 2 Règles de gestion'!$D$2:$F$65,3, FALSE) -> Carrière : La période de congé de transition professionnelle est prise en compte comme service effectif. | AC6: CTP_P_009 | AD6: =VLOOKUP(AC6,'Axe 2 Règles de gestion'!$D$2:$F$65,3, FALSE) -> Congés annuels : L'agent conserve son droit à congé annuel. | AE6: CTP_P_011 | AF6: =VLOOKUP(AE6,'Axe 2 Règles de gestion'!$D$2:$F$65,3, FALSE) -> Congés maladie : L'agent conserve ses droits à congés de maladie ordinaire, de grave maladie, pour accident du travail ou maladie professionnelle. | AG6: CTP_P_013 | AH6: =VLOOKUP(AG6,'Axe 2 Règles de gestion'!$D$2:$F$65,3, FALSE) -> Retraite : Ce congé est considéré comme une période d'activité pour la retraite. | AI6: CTP_P_015 | AJ6: =VLOOKUP(AI6,'Axe 2 Règles de gestion'!$D$2:$F$65,3, FALSE) -> Acte : Un acte administratif doit être produit.
A7: 22.10.00 | B7: A | C7: 44959.574 | D7: D0007 | E7: Congés/Absence | F7: S0146 | G7: Congé de transition professionnelle | H7: E0813 | I7: Congé de transition professionnelle | J7: Type de congé/absence saisi = 'Congé de transition professionnelle' | K7: A_COA_TYCOAB [Saisi] = 'CF016' | L7: T2009 | M7: Congé de transition professionnelle - Demande | N7: Création | Q7: Contractuel | R7: P0003 | S7: N | T7: Général | U7: Passant | V7: 44678 | X7: CTP_P_002 ET CTP_P_006 ET CTP_P_009 ET CTP_P_011 ET CTP_P_013 ET CTP_P_015 | Y7: CTP_P_002 | Z7: =VLOOKUP(Y7,'Axe 2 Règles de gestion'!$D$2:$F$65,3, FALSE) -> Rémunération : L'agent perçoit sa rémunération, le cas échéant, l'indemnité de résidence et le supplément familial de traitement. | AA7: CTP_P_006 | AB7: =VLOOKUP(AA7,'Axe 2 Règles de gestion'!$D$2:$F$65,3, FALSE) -> Carrière : La période de congé de transition professionnelle est prise en compte comme service effectif. | AC7: CTP_P_009 | AD7: =VLOOKUP(AC7,'Axe 2 Règles de gestion'!$D$2:$F$65,3, FALSE) -> Congés annuels : L'agent conserve son droit à congé annuel. | AE7: CTP_P_011 | AF7: =VLOOKUP(AE7,'Axe 2 Règles de gestion'!$D$2:$F$65,3, FALSE) -> Congés maladie : L'agent conserve ses droits à congés de maladie ordinaire, de grave maladie, pour accident du travail ou maladie professionnelle. | AG7: CTP_P_013 | AH7: =VLOOKUP(AG7,'Axe 2 Règles de gestion'!$D$2:$F$65,3, FALSE) -> Retraite : Ce congé est considéré comme une période d'activité pour la retraite. | AI7: CTP_P_015 | AJ7: =VLOOKUP(AI7,'Axe 2 Règles de gestion'!$D$2:$F$65,3, FALSE) -> Acte : Un acte administratif doit être produit.
A8: 22.00.00 | B8: M | C8: 44725.417 | D8: D0007 | E8: Congés/Absence | F8: S0146 | G8: Congé de transition professionnelle | H8: E0813 | I8: Congé de transition professionnelle | J8: Type de congé/absence saisi = 'Congé de transition professionnelle' | K8: A_COA_TYCOAB [Saisi] = 'CF016' | L8: T2010 | M8: Congé de transition professionnelle - Fin | N8: Modification | Q8: Contractuel | R8: P0003 | S8: N | T8: Général | U8: Passant | V8: 43826
A9: 22.00.00 | B9: M | C9: 44725.465 | D9: D0007 | E9: Congés/Absence | F9: S0146 | G9: Congé de transition professionnelle | H9: E0813 | I9: Congé de transition professionnelle | J9: Type de congé/absence saisi = 'Congé de transition professionnelle' | K9: A_COA_TYCOAB [Saisi] = 'CF016' | L9: T2009 | M9: Congé de transition professionnelle - Demande | N9: Création | Q9: Stagiaire ou auditeur ou élève | R9: P0004 | S9: S | T9: Général | U9: Passant | V9: 43826 | X9: CTP_P_001 ET CTP_P_005 ET CTP_P_007 ET CTP_P_008 ET CTP_P_009 ET CTP_P_010 ET CTP_P_013 ET CTP_P_015 | Y9: CTP_P_001 | Z9: =VLOOKUP(Y9,'Axe 2 Règles de gestion'!$D$2:$F$65,3, FALSE) -> Rémunération : L'agent perçoit son traitement brut, 80 % du régime indemnitaire dont il bénéficiait à la date du placement en congé sauf dérogation prévue par le texte et le cas échéant, l'indemnité de résidence et le supplément familial de traitement. | AA9: CTP_P_005 | AB9: =VLOOKUP(AA9,'Axe 2 Règles de gestion'!$D$2:$F$65,3, FALSE) -> Carrière : L'agent conserve ses droits à l'avancement d'échelon en totalité. La durée du congé est prise en compte comme service effectif. | AC9: CTP_P_007 | AD9: =VLOOKUP(AC9,'Axe 2 Règles de gestion'!$D$2:$F$65,3, FALSE) -> Stage : La durée du stage est prolongée pour la période du congés excédant 1/10ème de la durée statutaire du stage. Pour un stage de 1 an, les jours de congé pris à partir du 37ème jour repoussent d'autant la date de fin de stage. | AE9: CTP_P_008 | AF9: =VLOOKUP(AE9,'Axe 2 Règles de gestion'!$D$2:$F$65,3, FALSE) -> Titularisation : Si ce congé a entrainé une prolongation du stage, la titularisation de l'agent est repoussée au lendemain de la date de fin de stage. | AG9: CTP_P_009 | AH9: =VLOOKUP(AG9,'Axe 2 Règles de gestion'!$D$2:$F$65,3, FALSE) -> Congés annuels : L'agent conserve son droit à congé annuel. | AI9: CTP_P_010 | AJ9: =VLOOKUP(AI9,'Axe 2 Règles de gestion'!$D$2:$F$65,3, FALSE) -> Congés maladie : L'agent conserve ses droits à congés de maladie ordinaire, de longue maladie, de longue durée, pour invalidité temporaire imputable au service. | AK9: CTP_P_013 | AL9: =VLOOKUP(AK9,'Axe 2 Règles de gestion'!$D$2:$F$65,3, FALSE) -> Retraite : Ce congé est considéré comme une période d'activité pour la retraite. | AM9: CTP_P_015 | AN9: =VLOOKUP(AM9,'Axe 2 Règles de gestion'!$D$2:$F$65,3, FALSE) -> Acte : Un acte administratif doit être produit.
A10: 22.00.00 | B10: M | C10: 44725.461 | D10: D0007 | E10: Congés/Absence | F10: S0146 | G10: Congé de transition professionnelle | H10: E0813 | I10: Congé de transition professionnelle | J10: Type de congé/absence saisi = 'Congé de transition professionnelle' | K10: A_COA_TYCOAB [Saisi] = 'CF016' | L10: T2010 | M10: Congé de transition professionnelle - Fin | N10: Modification | Q10: Stagiaire ou auditeur ou élève | R10: P0004 | S10: S | T10: Général | U10: Passant | V10: 43826
A11: 20.00.00 | B11: A | C11: 43899.688 | D11: D0007 | E11: Congés/Absence | F11: S0146 | G11: Congé de transition professionnelle | H11: E0813 | I11: Congé de transition professionnelle | J11: Type de congé/absence saisi = 'Congé de transition professionnelle' | K11: A_COA_TYCOAB [Saisi] = 'CF016' | L11: T2009 | M11: Congé de transition professionnelle - Demande | N11: Création | Q11: Ouvrier d'état | R11: P0005 | S11: O | T11: Général | U11: Passant | V11: 43826 | X11: CTP_P_003 ET CTP_P_006 ET CTP_P_009 ET CTP_P_012 ET CTP_P_014 ET CTP_P_015 | Y11: CTP_P_003 | Z11: =VLOOKUP(Y11,'Axe 2 Règles de gestion'!$D$2:$F$65,3, FALSE) -> Rémunération : L'agent perçoit son salaire. | AA11: CTP_P_006 | AB11: =VLOOKUP(AA11,'Axe 2 Règles de gestion'!$D$2:$F$65,3, FALSE) -> Carrière : La période de congé de transition professionnelle est prise en compte comme service effectif. | AC11: CTP_P_009 | AD11: =VLOOKUP(AC11,'Axe 2 Règles de gestion'!$D$2:$F$65,3, FALSE) -> Congés annuels : L'agent conserve son droit à congé annuel. | AE11: CTP_P_012 | AF11: =VLOOKUP(AE11,'Axe 2 Règles de gestion'!$D$2:$F$65,3, FALSE) -> Congés maladie : L'agent conserve ses droits à congés de maladie ordinaire, de longue maladie, pour accident de service ou maladie professionnelle, de longue durée. | AG11: CTP_P_014 | AH11: =VLOOKUP(AG11,'Axe 2 Règles de gestion'!$D$2:$F$65,3, FALSE) -> Retraite : La durée de ce congé est prise en compte pour la constitution du droit à pension et la liquidation de celle-ci. | AI11: CTP_P_015 | AJ11: =VLOOKUP(AI11,'Axe 2 Règles de gestion'!$D$2:$F$65,3, FALSE) -> Acte : Un acte administratif doit être produit.
A12: 22.00.00 | B12: M | C12: 44725.417 | D12: D0007 | E12: Congés/Absence | F12: S0146 | G12: Congé de transition professionnelle | H12: E0813 | I12: Congé de transition professionnelle | J12: Type de congé/absence saisi = 'Congé de transition professionnelle' | K12: A_COA_TYCOAB [Saisi] = 'CF016' | L12: T2010 | M12: Congé de transition professionnelle - Fin | N12: Modification | Q12: Ouvrier d'état | R12: P0005 | S12: O | T12: Général | U12: Passant | V12: 43826
A13: 20.00.00 | B13: A | C13: 43894.619 | D13: D0007 | E13: Congés/Absence | F13: S0146 | G13: Congé de transition professionnelle | H13: E0813 | I13: Congé de transition professionnelle | J13: Type de congé/absence saisi = 'Congé de transition professionnelle' | K13: A_COA_TYCOAB [Saisi] = 'CF016' | L13: T2009 | M13: Congé de transition professionnelle - Demande | N13: Création | Q13: Magistrat de l'ordre judiciaire | R13: P0007 | S13: T | T13: Particulier | U13: Exclu | V13: 43826
A14: 20.00.00 | B14: A | C14: 43894.611 | D14: D0007 | E14: Congés/Absence | F14: S0146 | G14: Congé de transition professionnelle | H14: E0813 | I14: Congé de transition professionnelle | J14: Type de congé/absence saisi = 'Congé de transition professionnelle' | K14: A_COA_TYCOAB [Saisi] = 'CF016' | L14: T2010 | M14: Congé de transition professionnelle - Fin | N14: Modification | Q14: Magistrat de l'ordre judiciaire | R14: P0007 | S14: T | T14: Particulier | U14: Exclu | V14: 43826
A15: 20.00.00 | B15: A | C15: 43894.62 | D15: D0007 | E15: Congés/Absence | F15: S0146 | G15: Congé de transition professionnelle | H15: E0813 | I15: Congé de transition professionnelle | J15: Type de congé/absence saisi = 'Congé de transition professionnelle' | K15: A_COA_TYCOAB [Saisi] = 'CF016' | L15: T2009 | M15: Congé de transition professionnelle - Demande | N15: Création | Q15: Auditeur de justice | R15: P0009 | S15: S | T15: Particulier | U15: Exclu | V15: 43826
A16: 20.00.00 | B16: A | C16: 43894.611 | D16: D0007 | E16: Congés/Absence | F16: S0146 | G16: Congé de transition professionnelle | H16: E0813 | I16: Congé de transition professionnelle | J16: Type de congé/absence saisi = 'Congé de transition professionnelle' | K16: A_COA_TYCOAB [Saisi] = 'CF016' | L16: T2010 | M16: Congé de transition professionnelle - Fin | N16: Modification | Q16: Auditeur de justice | R16: P0009 | S16: S | T16: Particulier | U16: Exclu | V16: 43826
A17: 20.00.00 | B17: A | C17: 43894.62 | D17: D0007 | E17: Congés/Absence | F17: S0146 | G17: Congé de transition professionnelle | H17: E0813 | I17: Congé de transition professionnelle | J17: Type de congé/absence saisi = 'Congé de transition professionnelle' | K17: A_COA_TYCOAB [Saisi] = 'CF016' | L17: T2009 | M17: Congé de transition professionnelle - Demande | N17: Création | Q17: Conseiller ou avocat général à la Cour de cassation en service extraordinaire | R17: P0046 | S17: N | T17: Particulier | U17: Exclu | V17: 43826
A18: 20.00.00 | B18: A | C18: 43894.612 | D18: D0007 | E18: Congés/Absence | F18: S0146 | G18: Congé de transition professionnelle | H18: E0813 | I18: Congé de transition professionnelle | J18: Type de congé/absence saisi = 'Congé de transition professionnelle' | K18: A_COA_TYCOAB [Saisi] = 'CF016' | L18: T2010 | M18: Congé de transition professionnelle - Fin | N18: Modification | Q18: Conseiller ou avocat général à la Cour de cassation en service extraordinaire | R18: P0046 | S18: N | T18: Particulier | U18: Exclu | V18: 43826
A19: 20.00.00 | B19: A | C19: 43894.621 | D19: D0007 | E19: Congés/Absence | F19: S0146 | G19: Congé de transition professionnelle | H19: E0813 | I19: Congé de transition professionnelle | J19: Type de congé/absence saisi = 'Congé de transition professionnelle' | K19: A_COA_TYCOAB [Saisi] = 'CF016' | L19: T2009 | M19: Congé de transition professionnelle - Demande | N19: Création | Q19: Personnel civil payé à l'acte ou à la tâche | R19: P0054 | S19: N | T19: Particulier | U19: Exclu | V19: 43826
A20: 20.00.00 | B20: A | C20: 43894.613 | D20: D0007 | E20: Congés/Absence | F20: S0146 | G20: Congé de transition professionnelle | H20: E0813 | I20: Congé de transition professionnelle | J20: Type de congé/absence saisi = 'Congé de transition professionnelle' | K20: A_COA_TYCOAB [Saisi] = 'CF016' | L20: T2010 | M20: Congé de transition professionnelle - Fin | N20: Modification | Q20: Personnel civil payé à l'acte ou à la tâche | R20: P0054 | S20: N | T20: Particulier | U20: Exclu | V20: 43826
A21: 20.00.00 | B21: A | C21: 43894.625 | D21: D0007 | E21: Congés/Absence | F21: S0146 | G21: Congé de transition professionnelle | H21: E0813 | I21: Congé de transition professionnelle | J21: Type de congé/absence saisi = 'Congé de transition professionnelle' | K21: A_COA_TYCOAB [Saisi] = 'CF016' | L21: T2009 | M21: Congé de transition professionnelle - Demande | N21: Création | Q21: Contractuel de droit privé | R21: P0072 | S21: N | T21: Particulier | U21: Exclu | V21: 43826
A22: 20.00.00 | B22: A | C22: 43894.613 | D22: D0007 | E22: Congés/Absence | F22: S0146 | G22: Congé de transition professionnelle | H22: E0813 | I22: Congé de transition professionnelle | J22: Type de congé/absence saisi = 'Congé de transition professionnelle' | K22: A_COA_TYCOAB [Saisi] = 'CF016' | L22: T2010 | M22: Congé de transition professionnelle - Fin | N22: Modification | Q22: Contractuel de droit privé | R22: P0072 | S22: N | T22: Particulier | U22: Exclu | V22: 43826
A23: 20.00.00 | B23: A | C23: 43894.626 | D23: D0007 | E23: Congés/Absence | F23: S0146 | G23: Congé de transition professionnelle | H23: E0813 | I23: Congé de transition professionnelle | J23: Type de congé/absence saisi = 'Congé de transition professionnelle' | K23: A_COA_TYCOAB [Saisi] = 'CF016' | L23: T2009 | M23: Congé de transition professionnelle - Demande | N23: Création | Q23: Ouvrier de la défense auxiliaire non affilié ou temporaire non mensualisé | R23: P0182 | S23: O | T23: Particulier | U23: Exclu | V23: 43826
A24: 20.00.00 | B24: A | C24: 43894.614 | D24: D0007 | E24: Congés/Absence | F24: S0146 | G24: Congé de transition professionnelle | H24: E0813 | I24: Congé de transition professionnelle | J24: Type de congé/absence saisi = 'Congé de transition professionnelle' | K24: A_COA_TYCOAB [Saisi] = 'CF016' | L24: T2010 | M24: Congé de transition professionnelle - Fin | N24: Modification | Q24: Ouvrier de la défense auxiliaire non affilié ou temporaire non mensualisé | R24: P0182 | S24: O | T24: Particulier | U24: Exclu | V24: 43826
A25: 25.10.00 | B25: M | C25: 45995.637 | D25: D0007 | E25: Congés/Absence | F25: S0146 | G25: Congé de transition professionnelle | H25: E0813 | I25: Congé de transition professionnelle | J25: Type de congé/absence saisi = 'Congé de transition professionnelle' | K25: A_COA_TYCOAB [Saisi] = 'CF016' | L25: T2009 | M25: Congé de transition professionnelle - Demande | N25: Création | Q25: Ouvrier des parcs et ateliers confirmé non affilié ou stagiaire | R25: P0185 | S25: O | T25: Particulier | U25: Exclu | V25: 43826 | W25: 45900
A26: 25.10.00 | B26: A | C26: 45995.637 | D26: D0007 | E26: Congés/Absence | F26: S0146 | G26: Congé de transition professionnelle | H26: E0813 | I26: Congé de transition professionnelle | J26: Type de congé/absence saisi = 'Congé de transition professionnelle' | K26: A_COA_TYCOAB [Saisi] = 'CF016' | L26: T2009 | M26: Congé de transition professionnelle - Demande | N26: Création | Q26: Ouvrier des parcs et ateliers confirmé non affilié ou stagiaire | R26: P0185 | S26: O | T26: Particulier | U26: Passant | V26: 45901
A27: 25.10.00 | B27: M | C27: 45995.639 | D27: D0007 | E27: Congés/Absence | F27: S0146 | G27: Congé de transition professionnelle | H27: E0813 | I27: Congé de transition professionnelle | J27: Type de congé/absence saisi = 'Congé de transition professionnelle' | K27: A_COA_TYCOAB [Saisi] = 'CF016' | L27: T2010 | M27: Congé de transition professionnelle - Fin | N27: Modification | Q27: Ouvrier des parcs et ateliers confirmé non affilié ou stagiaire | R27: P0185 | S27: O | T27: Particulier | U27: Exclu | V27: 43826 | W27: 45900
A28: 25.10.00 | B28: A | C28: 45995.639 | D28: D0007 | E28: Congés/Absence | F28: S0146 | G28: Congé de transition professionnelle | H28: E0813 | I28: Congé de transition professionnelle | J28: Type de congé/absence saisi = 'Congé de transition professionnelle' | K28: A_COA_TYCOAB [Saisi] = 'CF016' | L28: T2010 | M28: Congé de transition professionnelle - Fin | N28: Modification | Q28: Ouvrier des parcs et ateliers confirmé non affilié ou stagiaire | R28: P0185 | S28: O | T28: Particulier | U28: Passant | V28: 45901
A29: 20.00.00 | B29: A | C29: 43894.628 | D29: D0007 | E29: Congés/Absence | F29: S0146 | G29: Congé de transition professionnelle | H29: E0813 | I29: Congé de transition professionnelle | J29: Type de congé/absence saisi = 'Congé de transition professionnelle' | K29: A_COA_TYCOAB [Saisi] = 'CF016' | L29: T2009 | M29: Congé de transition professionnelle - Demande | N29: Création | Q29: Ouvrier du service des alcools confirmé non affilié | R29: P0221 | S29: O | T29: Particulier | U29: Exclu | V29: 43826
A30: 20.00.00 | B30: A | C30: 43894.615 | D30: D0007 | E30: Congés/Absence | F30: S0146 | G30: Congé de transition professionnelle | H30: E0813 | I30: Congé de transition professionnelle | J30: Type de congé/absence saisi = 'Congé de transition professionnelle' | K30: A_COA_TYCOAB [Saisi] = 'CF016' | L30: T2010 | M30: Congé de transition professionnelle - Fin | N30: Modification | Q30: Ouvrier du service des alcools confirmé non affilié | R30: P0221 | S30: O | T30: Particulier | U30: Exclu | V30: 43826
A31: 22.10.00 | B31: A | C31: 44959.599 | D31: D0007 | E31: Congés/Absence | F31: S0146 | G31: Congé de transition professionnelle | H31: E0913 | I31: Congé de transition professionnelle aménagé | J31: Type de congé/absence saisi = 'Congé de transition professionnelle aménagé' | K31: A_COA_TYCOAB [Saisi] = 'CF020' | L31: T2231 | M31: Congé de transition professionnelle aménagé - Demande | N31: Création | Q31: Titulaire ou magistrat | R31: P0001 | S31: T | T31: Général | U31: Passant | V31: 44767 | X31: CTP_P_001 ET CTP_P_004 ET CTP_P_009 ET CTP_P_010 ET CTP_P_013 ET CTP_P_015 | Y31: CTP_P_001 | Z31: =VLOOKUP(Y31,'Axe 2 Règles de gestion'!$D$2:$F$65,3, FALSE) -> Rémunération : L'agent perçoit son traitement brut, 80 % du régime indemnitaire dont il bénéficiait à la date du placement en congé sauf dérogation prévue par le texte et le cas échéant, l'indemnité de résidence et le supplément familial de traitement. | AA31: CTP_P_004 | AB31: =VLOOKUP(AA31,'Axe 2 Règles de gestion'!$D$2:$F$65,3, FALSE) -> Carrière : L'agent conserve ses droits à l'avancement d'échelon et à l'avancement de grade en totalité. La durée du congé est prise en compte comme service effectif. | AC31: CTP_P_009 | AD31: =VLOOKUP(AC31,'Axe 2 Règles de gestion'!$D$2:$F$65,3, FALSE) -> Congés annuels : L'agent conserve son droit à congé annuel. | AE31: CTP_P_010 | AF31: =VLOOKUP(AE31,'Axe 2 Règles de gestion'!$D$2:$F$65,3, FALSE) -> Congés maladie : L'agent conserve ses droits à congés de maladie ordinaire, de longue maladie, de longue durée, pour invalidité temporaire imputable au service. | AG31: CTP_P_013 | AH31: =VLOOKUP(AG31,'Axe 2 Règles de gestion'!$D$2:$F$65,3, FALSE) -> Retraite : Ce congé est considéré comme une période d'activité pour la retraite. | AI31: CTP_P_015 | AJ31: =VLOOKUP(AI31,'Axe 2 Règles de gestion'!$D$2:$F$65,3, FALSE) -> Acte : Un acte administratif doit être produit.
A32: 22.10.00 | B32: A | C32: 44959.581 | D32: D0007 | E32: Congés/Absence | F32: S0146 | G32: Congé de transition professionnelle | H32: E0913 | I32: Congé de transition professionnelle aménagé | J32: Type de congé/absence saisi = 'Congé de transition professionnelle aménagé' | K32: A_COA_TYCOAB [Saisi] = 'CF020' | L32: T2232 | M32: Congé de transition professionnelle aménagé - Fin | N32: Modification | Q32: Titulaire ou magistrat | R32: P0001 | S32: T | T32: Général | U32: Passant | V32: 44767
A33: 22.10.00 | B33: A | C33: 44959.575 | D33: D0007 | E33: Congés/Absence | F33: S0146 | G33: Congé de transition professionnelle | H33: E0913 | I33: Congé de transition professionnelle aménagé | J33: Type de congé/absence saisi = 'Congé de transition professionnelle aménagé' | K33: A_COA_TYCOAB [Saisi] = 'CF020' | L33: T2231 | M33: Congé de transition professionnelle aménagé - Demande | N33: Création | Q33: Militaire | R33: P0002 | S33: M | T33: Général | U33: Exclu | V33: 44767
A34: 22.10.00 | B34: A | C34: 44959.583 | D34: D0007 | E34: Congés/Absence | F34: S0146 | G34: Congé de transition professionnelle | H34: E0913 | I34: Congé de transition professionnelle aménagé | J34: Type de congé/absence saisi = 'Congé de transition professionnelle aménagé' | K34: A_COA_TYCOAB [Saisi] = 'CF020' | L34: T2232 | M34: Congé de transition professionnelle aménagé - Fin | N34: Modification | Q34: Militaire | R34: P0002 | S34: M | T34: Général | U34: Exclu | V34: 44767
A35: 22.10.00 | B35: A | C35: 44959.599 | D35: D0007 | E35: Congés/Absence | F35: S0146 | G35: Congé de transition professionnelle | H35: E0913 | I35: Congé de transition professionnelle aménagé | J35: Type de congé/absence saisi = 'Congé de transition professionnelle aménagé' | K35: A_COA_TYCOAB [Saisi] = 'CF020' | L35: T2231 | M35: Congé de transition professionnelle aménagé - Demande | N35: Création | Q35: Contractuel | R35: P0003 | S35: N | T35: Général | U35: Passant | V35: 44767 | X35: CTP_P_002 ET CTP_P_006 ET CTP_P_009 ET CTP_P_011 ET CTP_P_013 ET CTP_P_015 | Y35: CTP_P_002 | Z35: =VLOOKUP(Y35,'Axe 2 Règles de gestion'!$D$2:$F$65,3, FALSE) -> Rémunération : L'agent perçoit sa rémunération, le cas échéant, l'indemnité de résidence et le supplément familial de traitement. | AA35: CTP_P_006 | AB35: =VLOOKUP(AA35,'Axe 2 Règles de gestion'!$D$2:$F$65,3, FALSE) -> Carrière : La période de congé de transition professionnelle est prise en compte comme service effectif. | AC35: CTP_P_009 | AD35: =VLOOKUP(AC35,'Axe 2 Règles de gestion'!$D$2:$F$65,3, FALSE) -> Congés annuels : L'agent conserve son droit à congé annuel. | AE35: CTP_P_011 | AF35: =VLOOKUP(AE35,'Axe 2 Règles de gestion'!$D$2:$F$65,3, FALSE) -> Congés maladie : L'agent conserve ses droits à congés de maladie ordinaire, de grave maladie, pour accident du travail ou maladie professionnelle. | AG35: CTP_P_013 | AH35: =VLOOKUP(AG35,'Axe 2 Règles de gestion'!$D$2:$F$65,3, FALSE) -> Retraite : Ce congé est considéré comme une période d'activité pour la retraite. | AI35: CTP_P_015 | AJ35: =VLOOKUP(AI35,'Axe 2 Règles de gestion'!$D$2:$F$65,3, FALSE) -> Acte : Un acte administratif doit être produit.
A36: 22.10.00 | B36: A | C36: 44959.583 | D36: D0007 | E36: Congés/Absence | F36: S0146 | G36: Congé de transition professionnelle | H36: E0913 | I36: Congé de transition professionnelle aménagé | J36: Type de congé/absence saisi = 'Congé de transition professionnelle aménagé' | K36: A_COA_TYCOAB [Saisi] = 'CF020' | L36: T2232 | M36: Congé de transition professionnelle aménagé - Fin | N36: Modification | Q36: Contractuel | R36: P0003 | S36: N | T36: Général | U36: Passant | V36: 44767
A37: 25.10.00 | B37: M | C37: 45993.49 | D37: D0007 | E37: Congés/Absence | F37: S0146 | G37: Congé de transition professionnelle | H37: E0913 | I37: Congé de transition professionnelle aménagé | J37: Type de congé/absence saisi = 'Congé de transition professionnelle aménagé' | K37: A_COA_TYCOAB [Saisi] = 'CF020' | L37: T2231 | M37: Congé de transition professionnelle aménagé - Demande | N37: Création | Q37: Stagiaire ou auditeur ou élève | R37: P0004 | S37: S | T37: Général | U37: Passant | V37: 44767 | X37: CTP_P_001 ET CTP_P_005 ET CTP_P_007 ET CTP_P_008 ET CTP_P_009 ET CTP_P_010 ET CTP_P_013 ET CTP_P_015 | Y37: CTP_P_001 | Z37: =VLOOKUP(Y37,'Axe 2 Règles de gestion'!$D$2:$F$65,3, FALSE) -> Rémunération : L'agent perçoit son traitement brut, 80 % du régime indemnitaire dont il bénéficiait à la date du placement en congé sauf dérogation prévue par le texte et le cas échéant, l'indemnité de résidence et le supplément familial de traitement. | AA37: CTP_P_005 | AB37: =VLOOKUP(AA37,'Axe 2 Règles de gestion'!$D$2:$F$65,3, FALSE) -> Carrière : L'agent conserve ses droits à l'avancement d'échelon en totalité. La durée du congé est prise en compte comme service effectif. | AC37: CTP_P_007 | AD37: =VLOOKUP(AC37,'Axe 2 Règles de gestion'!$D$2:$F$65,3, FALSE) -> Stage : La durée du stage est prolongée pour la période du congés excédant 1/10ème de la durée statutaire du stage. Pour un stage de 1 an, les jours de congé pris à partir du 37ème jour repoussent d'autant la date de fin de stage. | AE37: CTP_P_008 | AF37: =VLOOKUP(AE37,'Axe 2 Règles de gestion'!$D$2:$F$65,3, FALSE) -> Titularisation : Si ce congé a entrainé une prolongation du stage, la titularisation de l'agent est repoussée au lendemain de la date de fin de stage. | AG37: CTP_P_009 | AH37: =VLOOKUP(AG37,'Axe 2 Règles de gestion'!$D$2:$F$65,3, FALSE) -> Congés annuels : L'agent conserve son droit à congé annuel. | AI37: CTP_P_010 | AJ37: =VLOOKUP(AI37,'Axe 2 Règles de gestion'!$D$2:$F$65,3, FALSE) -> Congés maladie : L'agent conserve ses droits à congés de maladie ordinaire, de longue maladie, de longue durée, pour invalidité temporaire imputable au service. | AK37: CTP_P_013 | AL37: =VLOOKUP(AK37,'Axe 2 Règles de gestion'!$D$2:$F$65,3, FALSE) -> Retraite : Ce congé est considéré comme une période d'activité pour la retraite. | AM37: CTP_P_015 | AN37: =VLOOKUP(AM37,'Axe 2 Règles de gestion'!$D$2:$F$65,3, FALSE) -> Acte : Un acte administratif doit être produit.
A38: 25.10.00 | B38: M | C38: 45993.46 | D38: D0007 | E38: Congés/Absence | F38: S0146 | G38: Congé de transition professionnelle | H38: E0913 | I38: Congé de transition professionnelle aménagé | J38: Type de congé/absence saisi = 'Congé de transition professionnelle aménagé' | K38: A_COA_TYCOAB [Saisi] = 'CF020' | L38: T2232 | M38: Congé de transition professionnelle aménagé - Fin | N38: Modification | Q38: Stagiaire ou auditeur ou élève | R38: P0004 | S38: S | T38: Général | U38: Passant | V38: 44767
A39: 22.10.00 | B39: A | C39: 44959.601 | D39: D0007 | E39: Congés/Absence | F39: S0146 | G39: Congé de transition professionnelle | H39: E0913 | I39: Congé de transition professionnelle aménagé | J39: Type de congé/absence saisi = 'Congé de transition professionnelle aménagé' | K39: A_COA_TYCOAB [Saisi] = 'CF020' | L39: T2231 | M39: Congé de transition professionnelle aménagé - Demande | N39: Création | Q39: Ouvrier d'état | R39: P0005 | S39: O | T39: Général | U39: Passant | V39: 44767 | X39: CTP_P_003 ET CTP_P_006 ET CTP_P_009 ET CTP_P_012 ET CTP_P_014 ET CTP_P_015 | Y39: CTP_P_003 | Z39: =VLOOKUP(Y39,'Axe 2 Règles de gestion'!$D$2:$F$65,3, FALSE) -> Rémunération : L'agent perçoit son salaire. | AA39: CTP_P_006 | AB39: =VLOOKUP(AA39,'Axe 2 Règles de gestion'!$D$2:$F$65,3, FALSE) -> Carrière : La période de congé de transition professionnelle est prise en compte comme service effectif. | AC39: CTP_P_009 | AD39: =VLOOKUP(AC39,'Axe 2 Règles de gestion'!$D$2:$F$65,3, FALSE) -> Congés annuels : L'agent conserve son droit à congé annuel. | AE39: CTP_P_012 | AF39: =VLOOKUP(AE39,'Axe 2 Règles de gestion'!$D$2:$F$65,3, FALSE) -> Congés maladie : L'agent conserve ses droits à congés de maladie ordinaire, de longue maladie, pour accident de service ou maladie professionnelle, de longue durée. | AG39: CTP_P_014 | AH39: =VLOOKUP(AG39,'Axe 2 Règles de gestion'!$D$2:$F$65,3, FALSE) -> Retraite : La durée de ce congé est prise en compte pour la constitution du droit à pension et la liquidation de celle-ci. | AI39: CTP_P_015 | AJ39: =VLOOKUP(AI39,'Axe 2 Règles de gestion'!$D$2:$F$65,3, FALSE) -> Acte : Un acte administratif doit être produit.
A40: 22.10.00 | B40: A | C40: 44959.582 | D40: D0007 | E40: Congés/Absence | F40: S0146 | G40: Congé de transition professionnelle | H40: E0913 | I40: Congé de transition professionnelle aménagé | J40: Type de congé/absence saisi = 'Congé de transition professionnelle aménagé' | K40: A_COA_TYCOAB [Saisi] = 'CF020' | L40: T2232 | M40: Congé de transition professionnelle aménagé - Fin | N40: Modification | Q40: Ouvrier d'état | R40: P0005 | S40: O | T40: Général | U40: Passant | V40: 44767
A41: 22.10.00 | B41: A | C41: 44959.545 | D41: D0007 | E41: Congés/Absence | F41: S0146 | G41: Congé de transition professionnelle | H41: E0913 | I41: Congé de transition professionnelle aménagé | J41: Type de congé/absence saisi = 'Congé de transition professionnelle aménagé' | K41: A_COA_TYCOAB [Saisi] = 'CF020' | L41: T2231 | M41: Congé de transition professionnelle aménagé - Demande | N41: Création | Q41: Magistrat de l'ordre judiciaire | R41: P0007 | S41: T | T41: Particulier | U41: Exclu | V41: 44767
A42: 22.10.00 | B42: A | C42: 44959.547 | D42: D0007 | E42: Congés/Absence | F42: S0146 | G42: Congé de transition professionnelle | H42: E0913 | I42: Congé de transition professionnelle aménagé | J42: Type de congé/absence saisi = 'Congé de transition professionnelle aménagé' | K42: A_COA_TYCOAB [Saisi] = 'CF020' | L42: T2232 | M42: Congé de transition professionnelle aménagé - Fin | N42: Modification | Q42: Magistrat de l'ordre judiciaire | R42: P0007 | S42: T | T42: Particulier | U42: Exclu | V42: 44767
A43: 22.10.00 | B43: A | C43: 44959.545 | D43: D0007 | E43: Congés/Absence | F43: S0146 | G43: Congé de transition professionnelle | H43: E0913 | I43: Congé de transition professionnelle aménagé | J43: Type de congé/absence saisi = 'Congé de transition professionnelle aménagé' | K43: A_COA_TYCOAB [Saisi] = 'CF020' | L43: T2231 | M43: Congé de transition professionnelle aménagé - Demande | N43: Création | Q43: Auditeur de justice | R43: P0009 | S43: S | T43: Particulier | U43: Exclu | V43: 44767
A44: 22.10.00 | B44: A | C44: 44959.547 | D44: D0007 | E44: Congés/Absence | F44: S0146 | G44: Congé de transition professionnelle | H44: E0913 | I44: Congé de transition professionnelle aménagé | J44: Type de congé/absence saisi = 'Congé de transition professionnelle aménagé' | K44: A_COA_TYCOAB [Saisi] = 'CF020' | L44: T2232 | M44: Congé de transition professionnelle aménagé - Fin | N44: Modification | Q44: Auditeur de justice | R44: P0009 | S44: S | T44: Particulier | U44: Exclu | V44: 44767
A45: 22.10.00 | B45: A | C45: 44959.545 | D45: D0007 | E45: Congés/Absence | F45: S0146 | G45: Congé de transition professionnelle | H45: E0913 | I45: Congé de transition professionnelle aménagé | J45: Type de congé/absence saisi = 'Congé de transition professionnelle aménagé' | K45: A_COA_TYCOAB [Saisi] = 'CF020' | L45: T2231 | M45: Congé de transition professionnelle aménagé - Demande | N45: Création | Q45: Conseiller ou avocat général à la Cour de cassation en service extraordinaire | R45: P0046 | S45: N | T45: Particulier | U45: Exclu | V45: 44767
A46: 22.10.00 | B46: A | C46: 44959.547 | D46: D0007 | E46: Congés/Absence | F46: S0146 | G46: Congé de transition professionnelle | H46: E0913 | I46: Congé de transition professionnelle aménagé | J46: Type de congé/absence saisi = 'Congé de transition professionnelle aménagé' | K46: A_COA_TYCOAB [Saisi] = 'CF020' | L46: T2232 | M46: Congé de transition professionnelle aménagé - Fin | N46: Modification | Q46: Conseiller ou avocat général à la Cour de cassation en service extraordinaire | R46: P0046 | S46: N | T46: Particulier | U46: Exclu | V46: 44767
A47: 22.10.00 | B47: A | C47: 44959.545 | D47: D0007 | E47: Congés/Absence | F47: S0146 | G47: Congé de transition professionnelle | H47: E0913 | I47: Congé de transition professionnelle aménagé | J47: Type de congé/absence saisi = 'Congé de transition professionnelle aménagé' | K47: A_COA_TYCOAB [Saisi] = 'CF020' | L47: T2231 | M47: Congé de transition professionnelle aménagé - Demande | N47: Création | Q47: Personnel civil payé à l'acte ou à la tâche | R47: P0054 | S47: N | T47: Particulier | U47: Exclu | V47: 44767
A48: 22.10.00 | B48: A | C48: 44959.547 | D48: D0007 | E48: Congés/Absence | F48: S0146 | G48: Congé de transition professionnelle | H48: E0913 | I48: Congé de transition professionnelle aménagé | J48: Type de congé/absence saisi = 'Congé de transition professionnelle aménagé' | K48: A_COA_TYCOAB [Saisi] = 'CF020' | L48: T2232 | M48: Congé de transition professionnelle aménagé - Fin | N48: Modification | Q48: Personnel civil payé à l'acte ou à la tâche | R48: P0054 | S48: N | T48: Particulier | U48: Exclu | V48: 44767
A49: 22.10.00 | B49: A | C49: 44959.546 | D49: D0007 | E49: Congés/Absence | F49: S0146 | G49: Congé de transition professionnelle | H49: E0913 | I49: Congé de transition professionnelle aménagé | J49: Type de congé/absence saisi = 'Congé de transition professionnelle aménagé' | K49: A_COA_TYCOAB [Saisi] = 'CF020' | L49: T2231 | M49: Congé de transition professionnelle aménagé - Demande | N49: Création | Q49: Contractuel de droit privé | R49: P0072 | S49: N | T49: Particulier | U49: Exclu | V49: 44767
A50: 22.10.00 | B50: A | C50: 44959.547 | D50: D0007 | E50: Congés/Absence | F50: S0146 | G50: Congé de transition professionnelle | H50: E0913 | I50: Congé de transition professionnelle aménagé | J50: Type de congé/absence saisi = 'Congé de transition professionnelle aménagé' | K50: A_COA_TYCOAB [Saisi] = 'CF020' | L50: T2232 | M50: Congé de transition professionnelle aménagé - Fin | N50: Modification | Q50: Contractuel de droit privé | R50: P0072 | S50: N | T50: Particulier | U50: Exclu | V50: 44767
A51: 22.10.00 | B51: A | C51: 44959.546 | D51: D0007 | E51: Congés/Absence | F51: S0146 | G51: Congé de transition professionnelle | H51: E0913 | I51: Congé de transition professionnelle aménagé | J51: Type de congé/absence saisi = 'Congé de transition professionnelle aménagé' | K51: A_COA_TYCOAB [Saisi] = 'CF020' | L51: T2231 | M51: Congé de transition professionnelle aménagé - Demande | N51: Création | Q51: Ouvrier de la défense auxiliaire non affilié ou temporaire non mensualisé | R51: P0182 | S51: O | T51: Particulier | U51: Exclu | V51: 44767
A52: 22.10.00 | B52: A | C52: 44959.547 | D52: D0007 | E52: Congés/Absence | F52: S0146 | G52: Congé de transition professionnelle | H52: E0913 | I52: Congé de transition professionnelle aménagé | J52: Type de congé/absence saisi = 'Congé de transition professionnelle aménagé' | K52: A_COA_TYCOAB [Saisi] = 'CF020' | L52: T2232 | M52: Congé de transition professionnelle aménagé - Fin | N52: Modification | Q52: Ouvrier de la défense auxiliaire non affilié ou temporaire non mensualisé | R52: P0182 | S52: O | T52: Particulier | U52: Exclu | V52: 44767
A53: 25.10.00 | B53: M | C53: 45995.641 | D53: D0007 | E53: Congés/Absence | F53: S0146 | G53: Congé de transition professionnelle | H53: E0913 | I53: Congé de transition professionnelle aménagé | J53: Type de congé/absence saisi = 'Congé de transition professionnelle aménagé' | K53: A_COA_TYCOAB [Saisi] = 'CF020' | L53: T2231 | M53: Congé de transition professionnelle aménagé - Demande | N53: Création | Q53: Ouvrier des parcs et ateliers confirmé non affilié ou stagiaire | R53: P0185 | S53: O | T53: Particulier | U53: Exclu | V53: 44767 | W53: 45900
A54: 25.10.00 | B54: A | C54: 45995.641 | D54: D0007 | E54: Congés/Absence | F54: S0146 | G54: Congé de transition professionnelle | H54: E0913 | I54: Congé de transition professionnelle aménagé | J54: Type de congé/absence saisi = 'Congé de transition professionnelle aménagé' | K54: A_COA_TYCOAB [Saisi] = 'CF020' | L54: T2231 | M54: Congé de transition professionnelle aménagé - Demande | N54: Création | Q54: Ouvrier des parcs et ateliers confirmé non affilié ou stagiaire | R54: P0185 | S54: O | T54: Particulier | U54: Passant | V54: 45901
A55: 25.10.00 | B55: M | C55: 45995.642 | D55: D0007 | E55: Congés/Absence | F55: S0146 | G55: Congé de transition professionnelle | H55: E0913 | I55: Congé de transition professionnelle aménagé | J55: Type de congé/absence saisi = 'Congé de transition professionnelle aménagé' | K55: A_COA_TYCOAB [Saisi] = 'CF020' | L55: T2232 | M55: Congé de transition professionnelle aménagé - Fin | N55: Modification | Q55: Ouvrier des parcs et ateliers confirmé non affilié ou stagiaire | R55: P0185 | S55: O | T55: Particulier | U55: Exclu | V55: 44767 | W55: 45900
A56: 25.10.00 | B56: A | C56: 45995.642 | D56: D0007 | E56: Congés/Absence | F56: S0146 | G56: Congé de transition professionnelle | H56: E0913 | I56: Congé de transition professionnelle aménagé | J56: Type de congé/absence saisi = 'Congé de transition professionnelle aménagé' | K56: A_COA_TYCOAB [Saisi] = 'CF020' | L56: T2232 | M56: Congé de transition professionnelle aménagé - Fin | N56: Modification | Q56: Ouvrier des parcs et ateliers confirmé non affilié ou stagiaire | R56: P0185 | S56: O | T56: Particulier | U56: Passant | V56: 45901
A57: 22.10.00 | B57: A | C57: 44959.547 | D57: D0007 | E57: Congés/Absence | F57: S0146 | G57: Congé de transition professionnelle | H57: E0913 | I57: Congé de transition professionnelle aménagé | J57: Type de congé/absence saisi = 'Congé de transition professionnelle aménagé' | K57: A_COA_TYCOAB [Saisi] = 'CF020' | L57: T2231 | M57: Congé de transition professionnelle aménagé - Demande | N57: Création | Q57: Ouvrier du service des alcools confirmé non affilié | R57: P0221 | S57: O | T57: Particulier | U57: Exclu | V57: 44767
A58: 22.10.00 | B58: A | C58: 44959.548 | D58: D0007 | E58: Congés/Absence | F58: S0146 | G58: Congé de transition professionnelle | H58: E0913 | I58: Congé de transition professionnelle aménagé | J58: Type de congé/absence saisi = 'Congé de transition professionnelle aménagé' | K58: A_COA_TYCOAB [Saisi] = 'CF020' | L58: T2232 | M58: Congé de transition professionnelle aménagé - Fin | N58: Modification | Q58: Ouvrier du service des alcools confirmé non affilié | R58: P0221 | S58: O | T58: Particulier | U58: Exclu | V58: 44767

Sheet Axe 1 Rattachement des actes
A1: Version | B1: Type de mise à jour | C1: Date de mise à jour | D1: Identifiant Domaine | E1: Libellé du Domaine | F1: Identifiant Sous-domaine | G1: Libellé du Sous-domaine | H1: Identifiant Evénement | I1: Libellé de l'évènement | J1: Libellé condition déclenchement Evènement | K1: Condition déclenchement Evènement | L1: Identifiant type d'évènement | M1: Libellé type d'évènement | N1: Type de mise à jour | O1: Libellé condition déclenchement Type Evènement | P1: Condition déclenchement Type Evènement | Q1: Libellé Population | R1: Codification Population | S1: Général / Particulier | T1: Passant / Exclu | U1: Date de début | V1: Date de fin | W1: Libellé condition de déclenchement 1 | X1: Condition de déclenchement 1 | Y1: Code nature 1 | Z1: Libellé nature 1 | AA1: Libellé condition de déclenchement 2 | AB1: Condition de déclenchement 2 | AC1: Code nature 2 | AD1: Libellé nature 2 | AE1: Libellé condition de déclenchement 3 | AF1: Condition de déclenchement 3 | AG1: Code nature 3 | AH1: Libellé nature 3 | AI1: Libellé condition de déclenchement 4 | AJ1: Condition de déclenchement 4 | AK1: Code nature 4 | AL1: Libellé nature 4 | AM1: Commentaire | AN1: FIME | AO1: Statut de travail
A2: 20.00.00 | B2: A | C2: 43899.684 | D2: D0007 | E2: Congés/Absence | F2: S0146 | G2: Congé de transition professionnelle | H2: E0813 | I2: Congé de transition professionnelle | J2: Type de congé/absence saisi = 'Congé de transition professionnelle' | K2: A_COA_TYCOAB [Saisi] = 'CF016' | L2: T2009 | M2: Congé de transition professionnelle - Demande | N2: Création | Q2: Titulaire ou magistrat | R2: P0001 | S2: Général | T2: Passant | U2: 27/12/2019
A3: 22.00.00 | B3: M | C3: 44725.416 | D3: D0007 | E3: Congés/Absence | F3: S0146 | G3: Congé de transition professionnelle | H3: E0813 | I3: Congé de transition professionnelle | J3: Type de congé/absence saisi = 'Congé de transition professionnelle' | K3: A_COA_TYCOAB [Saisi] = 'CF016' | L3: T2010 | M3: Congé de transition professionnelle - Fin | N3: Modification | Q3: Titulaire ou magistrat | R3: P0001 | S3: Général | T3: Passant | U3: 27/12/2019
A4: 22.10.00 | B4: A | C4: 44886.485 | D4: D0007 | E4: Congés/Absence | F4: S0146 | G4: Congé de transition professionnelle | H4: E0813 | I4: Congé de transition professionnelle | J4: Type de congé/absence saisi = 'Congé de transition professionnelle' | K4: A_COA_TYCOAB [Saisi] = 'CF016' | L4: T2009 | M4: Congé de transition professionnelle - Demande | N4: Création | Q4: Militaire | R4: P0002 | S4: Général | T4: Exclu | U4: 43831
A5: 22.10.00 | B5: A | C5: 44886.485 | D5: D0007 | E5: Congés/Absence | F5: S0146 | G5: Congé de transition professionnelle | H5: E0813 | I5: Congé de transition professionnelle | J5: Type de congé/absence saisi = 'Congé de transition professionnelle' | K5: A_COA_TYCOAB [Saisi] = 'CF016' | L5: T2010 | M5: Congé de transition professionnelle - Fin | N5: Modification | Q5: Militaire | R5: P0002 | S5: Général | T5: Exclu | U5: 43831
A6: 22.10.00 | B6: M | C6: 44837.723 | D6: D0007 | E6: Congés/Absence | F6: S0146 | G6: Congé de transition professionnelle | H6: E0813 | I6: Congé de transition professionnelle | J6: Type de congé/absence saisi = 'Congé de transition professionnelle' | K6: A_COA_TYCOAB [Saisi] = 'CF016' | L6: T2009 | M6: Congé de transition professionnelle - Demande | N6: Création | Q6: Contractuel | R6: P0003 | S6: Général | T6: Passant | U6: 27/12/2019 | V6: 44677 | Y6: INTABS0110 | Z6: Congé de transition professionnelle (C) | AO6: En cours
A7: 22.10.00 | B7: A | C7: 44959.574 | D7: D0007 | E7: Congés/Absence | F7: S0146 | G7: Congé de transition professionnelle | H7: E0813 | I7: Congé de transition professionnelle | J7: Type de congé/absence saisi = 'Congé de transition professionnelle' | K7: A_COA_TYCOAB [Saisi] = 'CF016' | L7: T2009 | M7: Congé de transition professionnelle - Demande | N7: Création | Q7: Contractuel | R7: P0003 | S7: Général | T7: Passant | U7: 27/04/2022
A8: 22.00.00 | B8: M | C8: 44725.417 | D8: D0007 | E8: Congés/Absence | F8: S0146 | G8: Congé de transition professionnelle | H8: E0813 | I8: Congé de transition professionnelle | J8: Type de congé/absence saisi = 'Congé de transition professionnelle' | K8: A_COA_TYCOAB [Saisi] = 'CF016' | L8: T2010 | M8: Congé de transition professionnelle - Fin | N8: Modification | Q8: Contractuel | R8: P0003 | S8: Général | T8: Passant | U8: 27/12/2019 | Y8: INTABS0110 | Z8: Congé de transition professionnelle (C) | AO8: En cours
A9: 22.00.00 | B9: M | C9: 44725.465 | D9: D0007 | E9: Congés/Absence | F9: S0146 | G9: Congé de transition professionnelle | H9: E0813 | I9: Congé de transition professionnelle | J9: Type de congé/absence saisi = 'Congé de transition professionnelle' | K9: A_COA_TYCOAB [Saisi] = 'CF016' | L9: T2009 | M9: Congé de transition professionnelle - Demande | N9: Création | Q9: Stagiaire ou auditeur ou élève | R9: P0004 | S9: Général | T9: Passant | U9: 27/12/2019
A10: 22.00.00 | B10: M | C10: 44725.461 | D10: D0007 | E10: Congés/Absence | F10: S0146 | G10: Congé de transition professionnelle | H10: E0813 | I10: Congé de transition professionnelle | J10: Type de congé/absence saisi = 'Congé de transition professionnelle' | K10: A_COA_TYCOAB [Saisi] = 'CF016' | L10: T2010 | M10: Congé de transition professionnelle - Fin | N10: Modification | Q10: Stagiaire ou auditeur ou élève | R10: P0004 | S10: Général | T10: Passant | U10: 27/12/2019
A11: 20.00.00 | B11: A | C11: 43899.688 | D11: D0007 | E11: Congés/Absence | F11: S0146 | G11: Congé de transition professionnelle | H11: E0813 | I11: Congé de transition professionnelle | J11: Type de congé/absence saisi = 'Congé de transition professionnelle' | K11: A_COA_TYCOAB [Saisi] = 'CF016' | L11: T2009 | M11: Congé de transition professionnelle - Demande | N11: Création | Q11: Ouvrier d'état | R11: P0005 | S11: Général | T11: Passant | U11: 27/12/2019
A12: 22.00.00 | B12: M | C12: 44725.417 | D12: D0007 | E12: Congés/Absence | F12: S0146 | G12: Congé de transition professionnelle | H12: E0813 | I12: Congé de transition professionnelle | J12: Type de congé/absence saisi = 'Congé de transition professionnelle' | K12: A_COA_TYCOAB [Saisi] = 'CF016' | L12: T2010 | M12: Congé de transition professionnelle - Fin | N12: Modification | Q12: Ouvrier d'état | R12: P0005 | S12: Général | T12: Passant | U12: 27/12/2019
A13: 20.00.00 | B13: A | C13: 43894.619 | D13: D0007 | E13: Congés/Absence | F13: S0146 | G13: Congé de transition professionnelle | H13: E0813 | I13: Congé de transition professionnelle | J13: Type de congé/absence saisi = 'Congé de transition professionnelle' | K13: A_COA_TYCOAB [Saisi] = 'CF016' | L13: T2009 | M13: Congé de transition professionnelle - Demande | N13: Création | Q13: Magistrat de l'ordre judiciaire | R13: P0007 | S13: Particulier | T13: Exclu | U13: 27/12/2019
A14: 20.00.00 | B14: A | C14: 43894.611 | D14: D0007 | E14: Congés/Absence | F14: S0146 | G14: Congé de transition professionnelle | H14: E0813 | I14: Congé de transition professionnelle | J14: Type de congé/absence saisi = 'Congé de transition professionnelle' | K14: A_COA_TYCOAB [Saisi] = 'CF016' | L14: T2010 | M14: Congé de transition professionnelle - Fin | N14: Modification | Q14: Magistrat de l'ordre judiciaire | R14: P0007 | S14: Particulier | T14: Exclu | U14: 27/12/2019
A15: 20.00.00 | B15: A | C15: 43894.62 | D15: D0007 | E15: Congés/Absence | F15: S0146 | G15: Congé de transition professionnelle | H15: E0813 | I15: Congé de transition professionnelle | J15: Type de congé/absence saisi = 'Congé de transition professionnelle' | K15: A_COA_TYCOAB [Saisi] = 'CF016' | L15: T2009 | M15: Congé de transition professionnelle - Demande | N15: Création | Q15: Auditeur de justice | R15: P0009 | S15: Particulier | T15: Exclu | U15: 27/12/2019
A16: 20.00.00 | B16: A | C16: 43894.611 | D16: D0007 | E16: Congés/Absence | F16: S0146 | G16: Congé de transition professionnelle | H16: E0813 | I16: Congé de transition professionnelle | J16: Type de congé/absence saisi = 'Congé de transition professionnelle' | K16: A_COA_TYCOAB [Saisi] = 'CF016' | L16: T2010 | M16: Congé de transition professionnelle - Fin | N16: Modification | Q16: Auditeur de justice | R16: P0009 | S16: Particulier | T16: Exclu | U16: 27/12/2019
A17: 20.00.00 | B17: A | C17: 43894.62 | D17: D0007 | E17: Congés/Absence | F17: S0146 | G17: Congé de transition professionnelle | H17: E0813 | I17: Congé de transition professionnelle | J17: Type de congé/absence saisi = 'Congé de transition professionnelle' | K17: A_COA_TYCOAB [Saisi] = 'CF016' | L17: T2009 | M17: Congé de transition professionnelle - Demande | N17: Création | Q17: Conseiller ou avocat général à la Cour de cassation en service extraordinaire | R17: P0046 | S17: Particulier | T17: Exclu | U17: 27/12/2019
A18: 20.00.00 | B18: A | C18: 43894.612 | D18: D0007 | E18: Congés/Absence | F18: S0146 | G18: Congé de transition professionnelle | H18: E0813 | I18: Congé de transition professionnelle | J18: Type de congé/absence saisi = 'Congé de transition professionnelle' | K18: A_COA_TYCOAB [Saisi] = 'CF016' | L18: T2010 | M18: Congé de transition professionnelle - Fin | N18: Modification | Q18: Conseiller ou avocat général à la Cour de cassation en service extraordinaire | R18: P0046 | S18: Particulier | T18: Exclu | U18: 27/12/2019
A19: 20.00.00 | B19: A | C19: 43894.621 | D19: D0007 | E19: Congés/Absence | F19: S0146 | G19: Congé de transition professionnelle | H19: E0813 | I19: Congé de transition professionnelle | J19: Type de congé/absence saisi = 'Congé de transition professionnelle' | K19: A_COA_TYCOAB [Saisi] = 'CF016' | L19: T2009 | M19: Congé de transition professionnelle - Demande | N19: Création | Q19: Personnel civil payé à l'acte ou à la tâche | R19: P0054 | S19: Particulier | T19: Exclu | U19: 27/12/2019
A20: 20.00.00 | B20: A | C20: 43894.613 | D20: D0007 | E20: Congés/Absence | F20: S0146 | G20: Congé de transition professionnelle | H20: E0813 | I20: Congé de transition professionnelle | J20: Type de congé/absence saisi = 'Congé de transition professionnelle' | K20: A_COA_TYCOAB [Saisi] = 'CF016' | L20: T2010 | M20: Congé de transition professionnelle - Fin | N20: Modification | Q20: Personnel civil payé à l'acte ou à la tâche | R20: P0054 | S20: Particulier | T20: Exclu | U20: 27/12/2019
... A24: 20.00.00 | B24: A | C24: 43894.614 | D24: D0007 | E24: Congés/Absence | F24: S0146 | G24: Congé de transition professionnelle | H24: E0813 | I24: Congé de transition professionnelle | J24: Type de congé/absence saisi = 'Congé de transition professionnelle' | K24: A_COA_TYCOAB [Saisi] = 'CF016' | L24: T2010 | M24: Congé de transition professionnelle - Fin | N24: Modification | Q24: Ouvrier de la défense auxiliaire non affilié ou temporaire non mensualisé | R24: P0182 | S24: Particulier | T24: Exclu | U24: 27/12/2019
A25: 25.10.00 | B25: M | C25: 45995.637 | D25: D0007 | E25: Congés/Absence | F25: S0146 | G25: Congé de transition professionnelle | H25: E0813 | I25: Congé de transition professionnelle | J25: Type de congé/absence saisi = 'Congé de transition professionnelle' | K25: A_COA_TYCOAB [Saisi] = 'CF016' | L25: T2009 | M25: Congé de transition professionnelle - Demande | N25: Création | Q25: Ouvrier des parcs et ateliers confirmé non affilié ou stagiaire | R25: P0185 | S25: Particulier | T25: Exclu | U25: 27/12/2019 | V25: 45900
A26: 25.10.00 | B26: A | C26: 45995.637 | D26: D0007 | E26: Congés/Absence | F26: S0146 | G26: Congé de transition professionnelle | H26: E0813 | I26: Congé de transition professionnelle | J26: Type de congé/absence saisi = 'Congé de transition professionnelle' | K26: A_COA_TYCOAB [Saisi] = 'CF016' | L26: T2009 | M26: Congé de transition professionnelle - Demande | N26: Création | Q26: Ouvrier des parcs et ateliers confirmé non affilié ou stagiaire | R26: P0185 | S26: Particulier | T26: Passant | U26: 45666
A27: 25.10.00 | B27: M | C27: 45995.639 | D27: D0007 | E27: Congés/Absence | F27: S0146 | G27: Congé de transition professionnelle | H27: E0813 | I27: Congé de transition professionnelle | J27: Type de congé/absence saisi = 'Congé de transition professionnelle' | K27: A_COA_TYCOAB [Saisi] = 'CF016' | L27: T2010 | M27: Congé de transition professionnelle - Fin | N27: Modification | Q27: Ouvrier des parcs et ateliers confirmé non affilié ou stagiaire | R27: P0185 | S27: Particulier | T27: Exclu | U27: 27/12/2019 | V27: 45900
A28: 25.10.00 | B28: A | C28: 45995.639 | D28: D0007 | E28: Congés/Absence | F28: S0146 | G28: Congé de transition professionnelle | H28: E0813 | I28: Congé de transition professionnelle | J28: Type de congé/absence saisi = 'Congé de transition professionnelle' | K28: A_COA_TYCOAB [Saisi] = 'CF016' | L28: T2010 | M28: Congé de transition professionnelle - Fin | N28: Modification | Q28: Ouvrier des parcs et ateliers confirmé non affilié ou stagiaire | R28: P0185 | S28: Particulier | T28: Passant | U28: 45666
A29: 20.00.00 | B29: A | C29: 43894.628 | D29: D0007 | E29: Congés/Absence | F29: S0146 | G29: Congé de transition professionnelle | H29: E0813 | I29: Congé de transition professionnelle | J29: Type de congé/absence saisi = 'Congé de transition professionnelle' | K29: A_COA_TYCOAB [Saisi] = 'CF016' | L29: T2009 | M29: Congé de transition professionnelle - Demande | N29: Création | Q29: Ouvrier du service des alcools confirmé non affilié | R29: P0221 | S29: Particulier | T29: Exclu | U29: 27/12/2019
A30: 20.00.00 | B30: A | C30: 43894.615 | D30: D0007 | E30: Congés/Absence | F30: S0146 | G30: Congé de transition professionnelle | H30: E0813 | I30: Congé de transition professionnelle | J30: Type de congé/absence saisi = 'Congé de transition professionnelle' | K30: A_COA_TYCOAB [Saisi] = 'CF016' | L30: T2010 | M30: Congé de transition professionnelle - Fin | N30: Modification | Q30: Ouvrier du service des alcools confirmé non affilié | R30: P0221 | S30: Particulier | T30: Exclu | U30: 27/12/2019
A31: 22.10.00 | B31: A | C31: 44959.599 | D31: D0007 | E31: Congés/Absence | F31: S0146 | G31: Congé de transition professionnelle | H31: E0913 | I31: Congé de transition professionnelle aménagé | J31: Type de congé/absence saisi = 'Congé de transition professionnelle aménagé' | K31: A_COA_TYCOAB [Saisi] = 'CF020' | L31: T2231 | M31: Congé de transition professionnelle aménagé - Demande | N31: Création | Q31: Titulaire ou magistrat | R31: P0001 | S31: Général | T31: Passant | U31: 25/07/2022
A32: 22.10.00 | B32: A | C32: 44959.581 | D32: D0007 | E32: Congés/Absence | F32: S0146 | G32: Congé de transition professionnelle | H32: E0913 | I32: Congé de transition professionnelle aménagé | J32: Type de congé/absence saisi = 'Congé de transition professionnelle aménagé' | K32: A_COA_TYCOAB [Saisi] = 'CF020' | L32: T2232 | M32: Congé de transition professionnelle aménagé - Fin | N32: Modification | Q32: Titulaire ou magistrat | R32: P0001 | S32: Général | T32: Passant | U32: 25/07/2022
A33: 22.10.00 | B33: A | C33: 44959.575 | D33: D0007 | E33: Congés/Absence | F33: S0146 | G33: Congé de transition professionnelle | H33: E0913 | I33: Congé de transition professionnelle aménagé | J33: Type de congé/absence saisi = 'Congé de transition professionnelle aménagé' | K33: A_COA_TYCOAB [Saisi] = 'CF020' | L33: T2231 | M33: Congé de transition professionnelle aménagé - Demande | N33: Création | Q33: Militaire | R33: P0002 | S33: Général | T33: Exclu | U33: 25/07/2022
A34: 22.10.00 | B34: A | C34: 44959.583 | D34: D0007 | E34: Congés/Absence | F34: S0146 | G34: Congé de transition professionnelle | H34: E0913 | I34: Congé de transition professionnelle aménagé | J34: Type de congé/absence saisi = 'Congé de transition professionnelle aménagé' | K34: A_COA_TYCOAB [Saisi] = 'CF020' | L34: T2232 | M34: Congé de transition professionnelle aménagé - Fin | N34: Modification | Q34: Militaire | R34: P0002 | S34: Général | T34: Exclu | U34: 25/07/2022
A35: 22.10.00 | B35: A | C35: 44959.599 | D35: D0007 | E35: Congés/Absence | F35: S0146 | G35: Congé de transition professionnelle | H35: E0913 | I35: Congé de transition professionnelle aménagé | J35: Type de congé/absence saisi = 'Congé de transition professionnelle aménagé' | K35: A_COA_TYCOAB [Saisi] = 'CF020' | L35: T2231 | M35: Congé de transition professionnelle aménagé - Demande | N35: Création | Q35: Contractuel | R35: P0003 | S35: Général | T35: Passant | U35: 25/07/2022
A36: 22.10.00 | B36: A | C36: 44959.583 | D36: D0007 | E36: Congés/Absence | F36: S0146 | G36: Congé de transition professionnelle | H36: E0913 | I36: Congé de transition professionnelle aménagé | J36: Type de congé/absence saisi = 'Congé de transition professionnelle aménagé' | K36: A_COA_TYCOAB [Saisi] = 'CF020' | L36: T2232 | M36: Congé de transition professionnelle aménagé - Fin | N36: Modification | Q36: Contractuel | R36: P0003 | S36: Général | T36: Passant | U36: 25/07/2022
A37: 25.10.00 | B37: M | C37: 45993.49 | D37: D0007 | E37: Congés/Absence | F37: S0146 | G37: Congé de transition professionnelle | H37: E0913 | I37: Congé de transition professionnelle aménagé | J37: Type de congé/absence saisi = 'Congé de transition professionnelle aménagé' | K37: A_COA_TYCOAB [Saisi] = 'CF020' | L37: T2231 | M37: Congé de transition professionnelle aménagé - Demande | N37: Création | Q37: Stagiaire ou auditeur ou élève | R37: P0004 | S37: Général | T37: Passant | U37: 25/07/2022
A38: 25.10.00 | B38: M | C38: 45993.46 | D38: D0007 | E38: Congés/Absence | F38: S0146 | G38: Congé de transition professionnelle | H38: E0913 | I38: Congé de transition professionnelle aménagé | J38: Type de congé/absence saisi = 'Congé de transition professionnelle aménagé' | K38: A_COA_TYCOAB [Saisi] = 'CF020' | L38: T2232 | M38: Congé de transition professionnelle aménagé - Fin | N38: Modification | Q38: Stagiaire ou auditeur ou élève | R38: P0004 | S38: Général | T38: Passant | U38: 25/07/2022
A39: 22.10.00 | B39: A | C39: 44959.601 | D39: D0007 | E39: Congés/Absence | F39: S0146 | G39: Congé de transition professionnelle | H39: E0913 | I39: Congé de transition professionnelle aménagé | J39: Type de congé/absence saisi = 'Congé de transition professionnelle aménagé' | K39: A_COA_TYCOAB [Saisi] = 'CF020' | L39: T2231 | M39: Congé de transition professionnelle aménagé - Demande | N39: Création | Q39: Ouvrier d'état | R39: P0005 | S39: Général | T39: Passant | U39: 25/07/2022
A40: 22.10.00 | B40: A | C40: 44959.582 | D40: D0007 | E40: Congés/Absence | F40: S0146 | G40: Congé de transition professionnelle | H40: E0913 | I40: Congé de transition professionnelle aménagé | J40: Type de congé/absence saisi = 'Congé de transition professionnelle aménagé' | K40: A_COA_TYCOAB [Saisi] = 'CF020' | L40: T2232 | M40: Congé de transition professionnelle aménagé - Fin | N40: Modification | Q40: Ouvrier d'état | R40: P0005 | S40: Général | T40: Passant | U40: 25/07/2022
... A52: 22.10.00 | B52: A | C52: 44959.547 | D52: D0007 | E52: Congés/Absence | F52: S0146 | G52: Congé de transition professionnelle | H52: E0913 | I52: Congé de transition professionnelle aménagé | J52: Type de congé/absence saisi = 'Congé de transition professionnelle aménagé' | K52: A_COA_TYCOAB [Saisi] = 'CF020' | L52: T2232 | M52: Congé de transition professionnelle aménagé - Fin | N52: Modification | Q52: Ouvrier de la défense auxiliaire non affilié ou temporaire non mensualisé | R52: P0182 | S52: Particulier | T52: Exclu | U52: 25/07/2022
A53: 25.10.00 | B53: M | C53: 45995.641 | D53: D0007 | E53: Congés/Absence | F53: S0146 | G53: Congé de transition professionnelle | H53: E0913 | I53: Congé de transition professionnelle aménagé | J53: Type de congé/absence saisi = 'Congé de transition professionnelle aménagé' | K53: A_COA_TYCOAB [Saisi] = 'CF020' | L53: T2231 | M53: Congé de transition professionnelle aménagé - Demande | N53: Création | Q53: Ouvrier des parcs et ateliers confirmé non affilié ou stagiaire | R53: P0185 | S53: Particulier | T53: Exclu | U53: 25/07/2022 | V53: 45900
A54: 25.10.00 | B54: A | C54: 45995.641 | D54: D0007 | E54: Congés/Absence | F54: S0146 | G54: Congé de transition professionnelle | H54: E0913 | I54: Congé de transition professionnelle aménagé | J54: Type de congé/absence saisi = 'Congé de transition professionnelle aménagé' | K54: A_COA_TYCOAB [Saisi] = 'CF020' | L54: T2231 | M54: Congé de transition professionnelle aménagé - Demande | N54: Création | Q54: Ouvrier des parcs et ateliers confirmé non affilié ou stagiaire | R54: P0185 | S54: Particulier | T54: Passant | U54: 45666
A55: 25.10.00 | B55: M | C55: 45995.642 | D55: D0007 | E55: Congés/Absence | F55: S0146 | G55: Congé de transition professionnelle | H55: E0913 | I55: Congé de transition professionnelle aménagé | J55: Type de congé/absence saisi = 'Congé de transition professionnelle aménagé' | K55: A_COA_TYCOAB [Saisi] = 'CF020' | L55: T2232 | M55: Congé de transition professionnelle aménagé - Fin | N55: Modification | Q55: Ouvrier des parcs et ateliers confirmé non affilié ou stagiaire | R55: P0185 | S55: Particulier | T55: Exclu | U55: 25/07/2022 | V55: 45900
A56: 25.10.00 | B56: A | C56: 45995.642 | D56: D0007 | E56: Congés/Absence | F56: S0146 | G56: Congé de transition professionnelle | H56: E0913 | I56: Congé de transition professionnelle aménagé | J56: Type de congé/absence saisi = 'Congé de transition professionnelle aménagé' | K56: A_COA_TYCOAB [Saisi] = 'CF020' | L56: T2232 | M56: Congé de transition professionnelle aménagé - Fin | N56: Modification | Q56: Ouvrier des parcs et ateliers confirmé non affilié ou stagiaire | R56: P0185 | S56: Particulier | T56: Passant | U56: 45666
A57: 22.10.00 | B57: A | C57: 44959.547 | D57: D0007 | E57: Congés/Absence | F57: S0146 | G57: Congé de transition professionnelle | H57: E0913 | I57: Congé de transition professionnelle aménagé | J57: Type de congé/absence saisi = 'Congé de transition professionnelle aménagé' | K57: A_COA_TYCOAB [Saisi] = 'CF020' | L57: T2231 | M57: Congé de transition professionnelle aménagé - Demande | N57: Création | Q57: Ouvrier du service des alcools confirmé non affilié | R57: P0221 | S57: Particulier | T57: Exclu | U57: 25/07/2022
A58: 22.10.00 | B58: A | C58: 44959.548 | D58: D0007 | E58: Congés/Absence | F58: S0146 | G58: Congé de transition professionnelle | H58: E0913 | I58: Congé de transition professionnelle aménagé | J58: Type de congé/absence saisi = 'Congé de transition professionnelle aménagé' | K58: A_COA_TYCOAB [Saisi] = 'CF020' | L58: T2232 | M58: Congé de transition professionnelle aménagé - Fin | N58: Modification | Q58: Ouvrier du service des alcools confirmé non affilié | R58: P0221 | S58: Particulier | T58: Exclu | U58: 25/07/2022

Sheet Axe 2 Règles de gestion
A1: Version | B1: Type de mise à jour | C1: Date de mise à jour | D1: Code de la règle | E1: Type de règle | F1: Règle littérale | G1: Références juridiques | H1: Date de début | I1: Date de fin | J1: Condition | K1: Articulation | L1: Type de contrôle | M1: Commentaire | N1: Typage RG exclusion | O1: Typage RG condition | P1: Typage RG contrôle | Q1: Typage RG intellectuel | R1: Typage RG impact | S1: FIME | T1: Statut de travail | U1: Règle retenue | V1: Expression littérale
A2: 26.00.00 | B2: M | C2: 46157.445 | D2: CTP_D_001 | E2: Condition | F2: L'agent doit être en activité. | G2: Décret 2019-1441 A9 | H2: 43826 | K2: A_POS_POSIAD [Dossier] = POSITION_SITUATION.R_FOR_IDEN05 ET ((POSITION_SITUATION.R_REL_PSSAG2 DANS ('ACI', 'HCA', 'MAD', 'DEL', 'MDE', 'MLD')) OU (POSITION_SITUATION.R_REL_PSSAG1 DANS ('DEE00', 'DES00', 'DEG00'))) | L2: Bloquant | O2: P0185 - P0001 / P0003 / P0004 / P0005 - E0813 / E0913 | S2: 2026-44 | U2: x | V2: L'agent doit être en activité.
A3: 22.00.00 | B3: M | C3: 44713.706 | D3: CTP_D_002 | E3: Condition | F3: Le congé est accordé pour une durée maximale de 12 mois. | G3: Code général de la fonction publique L442-4 / Décret 2019-1441 A7 | H3: 43826 | K3: A_COA_TYPCOF [Saisi] = 'CF016' ET A_COA_DTOCOF [Saisi] <= 00/12/00 | L3: Bloquant | O3: P0001 / P0004 - E0813 / E0913 | U3: x | V3: Le congé est accordé pour une durée maximale de 12 mois.
A4: 20.00.00 | B4: A | C4: 43894.49 | D4: CTP_D_003 | E4: Condition | F4: La demande de congé doit être formulée au moins 60 jours avant la date de début de la formation liée au congé. | G4: Décret 2019-1441 A8 | H4: 43826 | J4: SI A_COA_DADECA [Saisi] <> Vide | K4: A_COA_DADBCA [Saisi] - A_COA_DADECA [Saisi] >= 60 JOUR | L4: Bloquant | O4: P0185 - P0001 / P0003 / P0004 / P0005 - E0813 | U4: x | V4: La demande de congé doit être formulée au moins 60 jours avant la date de début de la formation liée au congé.
A5: 20.00.00 | B5: A | C5: 43894.489 | D5: CTP_D_004 | E5: Condition | F5: Le congé est accordé pour une durée maximale de 12 mois. | G5: Décret 2019-1441 A7 | H5: 43826 | K5: A_COA_TYPCOF [Saisi] = 'CF016' ET A_COA_DTOCOF [Saisi] <= 00/12/00 | L5: Bloquant | O5: P0185 - P0003 / P0004 / P0005 - E0813 / E0913 | U5: x | V5: Le congé est accordé pour une durée maximale de 12 mois.
A6: 22.10.00 | B6: M | C6: 44914.394 | D6: CTP_D_005 | E6: Condition | F6: Les agents contractuels recrutés pour une durée indéterminée bénéficient du congé. | G6: Décret 2019-1441 A2 | H6: 43826 | I6: 44677 | K6: A_CAR_TYPCOT [Dossier] = 'TC02' | L6: Bloquant | O6: P0003 - E0813 | U6: x | V6: L'agent doit être en contrat à durée indéterminée.
A7: 22.10.00 | B7: A | C7: 44964.386 | D7: CTP_D_006 | E7: Condition | F7: Les agents contractuels recrutés pour une durée indéterminée bénéficient du congé. | G7: Décret 2019-1441 A2 / Décret 86-83 A50 | H7: 44677 | K7: A_CAR_TYPCOT [Dossier] = 'TC02' | L7: Bloquant | O7: P0003 - E0813 | U7: x | V7: Les agents contractuels recrutés pour une durée indéterminée bénéficient du congé.
A8: 22.10.00 | B8: A | C8: 44946.401 | D8: CTP_D_007 | E8: Condition | F8: La demande de congé doit être formulée au moins 3 mois avant la date de début de la formation liée au congé. | G8: Code général de la fonction publique L422-3 / Décret 2019-1441 A8 / Décret 2007-1470 A18-1 | H8: 44767 | J8: SI A_COA_DADECA [Saisi] <> Vide | K8: A_COA_DADBCA [Saisi] - A_COA_DADECA [Saisi] >= 3 MOIS | L8: Bloquant | O8: P0001 / P0004 - E0913 | U8: x | V8: La demande de congé doit être formulée au moins 3 mois avant la date de début de la formation liée au congé.
A9: 22.10.00 | B9: A | C9: 44946.408 | D9: CTP_D_009 | E9: Condition | F9: La demande de congé doit être formulée au moins 3 mois avant la date de début de la formation liée au congé. | G9: Code général de la fonction publique L422-3 / Décret 2019-1441 A8 / Décret 2007-1470 A18-1 / Décret 2007-1942 A10-1 | H9: 44767 | J9: SI A_COA_DADECA [Saisi] <> Vide | K9: A_COA_DADBCA [Saisi] - A_COA_DADECA [Saisi] >= 3 MOIS | L9: Bloquant | O9: P0185 - P0003 / P0005 - E0913 | U9: x | V9: La demande de congé doit être formulée au moins 3 mois avant la date de début de la formation liée au congé.
A10: 17.10.00 | B10: A | C10: 43152.5 | D10: ABS_C_001 | E10: Contrôle | F10: La date de début du congé/absence doit être postérieure ou égale à la date de recrutement dans la FPE ou dans la carrière militaire. | H10: 40725 | K10: A_COA_DADBCA [Saisi] >= A_SAP_DENFPE [Dossier] | L10: Bloquant
A11: 17.10.00 | B11: A | C11: 43152.5 | D11: ABS_C_002 | E11: Contrôle | F11: La date de début du congé/absence doit être postérieure ou égale à la date de début du lien juridique. | H11: 40725 | K11: A_COA_DADBCA [Saisi] >= A_CAR_DDLIJU [Dossier] | L11: Bloquant
A12: 17.10.00 | B12: A | C12: 43152.5 | D12: ABS_C_003 | E12: Contrôle | F12: La date de début du congé/absence doit être antérieure ou égale à la date de fin réelle du congé/absence. | H12: 40725 | J12: SI A_COA_DFRECA [Saisi] <> Vide | K12: A_COA_DADBCA [Saisi] <= A_COA_DFRECA [Saisi] | L12: Bloquant
A13: 17.10.00 | B13: A | C13: 43152.5 | D13: ABS_C_004 | E13: Contrôle | F13: La date de début du congé/absence doit être antérieure ou égale à la date de fin prévisionnelle du congé/absence. | H13: 40725 | J13: SI A_COA_DAFIPR [Saisi] <> Vide ET A_COA_DFRECA [Saisi] = Vide | K13: A_COA_DADBCA [Saisi] <= A_COA_DAFIPR [Saisi] | L13: Bloquant
A14: 17.10.00 | B14: A | C14: 43152.5 | D14: ABS_C_005 | E14: Contrôle | F14: La date de fin réelle du congé/absence doit être antérieure ou égale à la date limite de fin réelle ou prévisionnelle du lien juridique. | H14: 40725 | J14: SI A_CAR_TYPCOT [Dossier] = 'TC01' ET A_COA_DFRECA [Saisi] <> Vide | K14: A_COA_DFRECA [Saisi] <= [Date limite de fin réelle ou prévisionnelle du lien juridique] | L14: Bloquant
A15: 17.10.00 | B15: A | C15: 43152.5 | D15: ABS_C_006 | E15: Contrôle | F15: La date de fin prévisionnelle du congé/absence doit être antérieure ou égale à la date limite de fin réelle ou prévisionnelle du lien juridique. | H15: 40725 | J15: SI A_CAR_TYPCOT [Dossier] = 'TC01' ET A_COA_DFRECA [Saisi] = Vide ET A_COA_DAFIPR [Saisi] <> Vide | K15: A_COA_DAFIPR [Saisi] <= [Date limite de fin réelle ou prévisionnelle du lien juridique] | L15: Bloquant
A16: 17.10.00 | B16: A | C16: 43152.5 | D16: ABS_C_007 | E16: Contrôle | F16: La date de fin réelle du congé/absence doit être antérieure à la date limite de départ à la retraite. | H16: 40725 | J16: SI A_COA_DFRECA [Saisi] <> Vide | K16: A_COA_DFRECA [Saisi] < A_SAP_DLDPRE [Dossier] | L16: Non Bloquant
A17: 17.10.00 | B17: A | C17: 43152.5 | D17: ABS_C_008 | E17: Contrôle | F17: La date de fin prévisionnelle du congé/absence doit être antérieure à la date limite de départ à la retraite. | H17: 40725 | J17: SI A_COA_DAFIPR [Saisi] <> Vide ET A_COA_DFRECA [Saisi] = Vide | K17: A_COA_DAFIPR [Saisi] < A_SAP_DLDPRE [Dossier] | L17: Non Bloquant
A18: 17.10.00 | B18: A | C18: 43152.5 | D18: ABS_C_009 | E18: Contrôle | F18: La date de fin réelle ou la date de fin prévisionnelle du congé/absence doit être saisie. | H18: 40725 | K18: A_COA_DAFIPR [Saisi] <> Vide OU A_COA_DFRECA [Saisi] <> Vide | L18: Bloquant
A19: 17.10.00 | B19: A | C19: 44932.469 | D19: ABS_C_019 | E19: Contrôle | F19: Si l'absence ne commence pas par une demi-journée et si l'absence précédente ne finit pas par une demi journée, la date de début de l'absence saisie est postérieure à la date de fin réelle de l'absence précédente. | H19: 40725 | J19: SI A_COA_TDAMPM [Saisi] = Vide ET A_COA_TFAMPM [Occurrence précédente] = Vide ET A_COA_DFRECA [Occurrence précédente] <> Vide | K19: A_COA_DADBCA [Saisi] > A_COA_DFRECA [Occurrence précédente] | L19: Bloquant | M19: On peut avoir deux absences le même jour une le matin et l'autre l'après-midi
A20: 17.10.00 | B20: A | C20: 44932.471 | D20: ABS_C_020 | E20: Contrôle | F20: Si l'absence ne commence pas par une demi-journée et si l'absence précédente ne finit pas par une demi journée, la date de début de l'absence saisie est postérieure à la date de fin prévisionnelle de l'absence précédente. | H20: 40725 | J20: SI A_COA_TDAMPM [Saisi] = Vide ET A_COA_TFAMPM [Occurrence précédente] = Vide ET A_COA_DAFIPR [Occurrence précédente] <> Vide ET A_COA_DFRECA [Occurrence précédente] = Vide | K20: A_COA_DADBCA [Saisi] > A_COA_DAFIPR [Occurrence précédente] | L20: Bloquant | M20: On peut avoir deux absences le même jour une le matin et l'autre l'après-midi
A21: 19.00.00 | B21: M | C21: 43669.657 | D21: ABS_C_026 | E21: Contrôle | F21: Dans le cas d'un congé autre que CLM, CLD, CGM et CITIS, l'indicateur de requalification doit être à non et les impacts spécifiques à la requalification ne doivent pas être mobilisés ou l'impact rémunération est vide. | H21: 40725 | K21: A_COA_CMOREQ [Saisi] = 0 ET ((A_COA_IMPPAY [Saisi] = IMPACT_REMU.R_FOR_IDEN04 ET IMPACT_REMU.R_FOR_REQUAL = '0') OU A_COA_IMPPAY [Saisi] = Vide) | L21: Bloquant
A22: 20.00.00 | B22: A | C22: 43894.586 | D22: CTP_I_001 | E22: Intellectuel | F22: L'agent peut bénéficier du congé si l'administration envisage de supprimer son emploi en cas de restructuration de son service, dont le périmètre et la durée sont définis par arrêté. | G22: Décret 2019-1441 A1 et A6 | H22: 43826 | L22: Non Bloquant | Q22: P0185 - P0001 / P0003 / P0004 / P0005 - E0813 | U22: x | V22: L'agent peut bénéficier du congé en cas de restructuration de son service.
A23: 20.00.00 | B23: A | C23: 43894.588 | D23: CTP_I_002 | E23: Intellectuel | F23: Si le projet professionnel nécessite des actions de formation dont la durée totale est supérieure à 12 mois, alors le congé est prolongé en un congé de formation professionnelle pour une durée cumulée ne pouvant excéder 3 ans. | G23: Décret 2019-1441 A7 | H23: 43826 | L23: Non Bloquant | Q23: P0185 - P0001 / P0003 / P0004 / P0005 - E0813 / E0913 | U23: x | V23: Si le projet professionnel nécessite des actions de formation dont la durée totale est supérieure à 12 mois, alors le congé devient un congé de formation professionnelle pour une durée cumulée ne pouvant excéder 3 ans.
A24: 20.00.00 | B24: A | C24: 43894.592 | D24: CTP_I_003 | E24: Intellectuel | F24: Le comité social d'administration compétent est consulté sur la mise en place du congé. | G24: Décret 2019-1441 A2 | H24: 43826 | L24: Non Bloquant | Q24: P0185 - P0001 / P0003 / P0004 / P0005 - E0813 / E0913 | U24: x | V24: Le comité social d'administration compétent est consulté sur la mise en place du congé.
A25: 20.00.00 | B25: A | C25: 43894.593 | D25: CTP_I_004 | E25: Intellectuel | F25: Le congé peut être fractionné en mois, semaines ou journées. | G25: Décret 2019-1441 A7 | H25: 43826 | L25: Non Bloquant | Q25: P0185 - P0001 / P0003 / P0004 / P0005 - E0813 / E0913 | U25: x | V25: Le congé peut être fractionné en mois, semaines ou journées.
A26: 20.00.00 | B26: A | C26: 43894.595 | D26: CTP_I_005 | E26: Intellectuel | F26: Le congé permet à l'agent de suivre une formation d'une durée égale ou supérieure à 120 heures sanctionnée par une certification professionnelle ou à 70 heures pour accompagner ou conseiller les créateurs ou repreneurs d'entreprises. | G26: Décret 2019-1441 A6 | H26: 43826 | L26: Non Bloquant | Q26: P0185 - P0001 / P0003 / P0004 / P0005 - E0813 / E0913 | U26: x | V26: Le congé permet à l'agent de suivre une formation d'une durée égale ou supérieure à 120 heures sanctionnée par une certification professionnelle ou à 70 heures pour accompagner ou conseiller les créateurs ou repreneurs d'entreprises.
A27: 20.00.00 | B27: A | C27: 43896.421 | D27: CTP_I_006 | E27: Intellectuel | F27: L'agent doit effectuer une demande. | G27: Décret 2019-1441 A8 | H27: 43826 | L27: Non Bloquant | Q27: P0185 - P0001 / P0003 / P0004 / P0005 - E0813 / E0913 | U27: x | V27: L'agent doit effectuer une demande.
A28: 20.00.00 | B28: A | C28: 43894.597 | D28: CTP_I_007 | E28: Intellectuel | F28: La demande de congé précise la nature de la formation, sa durée, le nom de l'organisme qui la dispense et l'objectif professionnel visé. | G28: Décret 2019-1441 A8 | H28: 43826 | L28: Non Bloquant | Q28: P0185 - P0001 / P0003 / P0004 / P0005 - E0813 / E0913 | U28: x | V28: La demande de congé précise la nature de la formation, sa durée, le nom de l'organisme qui la dispense et l'objectif professionnel visé.
A29: 20.00.00 | B29: A | C29: 43894.599 | D29: CTP_I_008 | E29: Intellectuel | F29: L'administration informe l'agent de sa réponse par écrit dans le délai de 30 jours suivant la réception de la demande. | G29: Décret 2019-1441 A8 | H29: 43826 | L29: Non Bloquant | Q29: P0185 - P0001 / P0003 / P0004 / P0005 - E0813 | U29: x | V29: L'administration informe l'agent de sa réponse par écrit dans le délai de 30 jours suivant la réception de la demande.
A30: 20.00.00 | B30: A | C30: 43894.599 | D30: CTP_I_009 | E30: Intellectuel | F30: La décision de rejet du congé doit être motivée. | G30: Décret 2019-1441 A8 | H30: 43826 | L30: Non Bloquant | Q30: P0185 - P0001 / P0003 / P0004 / P0005 - E0813 / E0913 | U30: x | V30: La décision de rejet du congé doit être motivée.
A31: 20.00.00 | B31: A | C31: 43894.601 | D31: CTP_I_010 | E31: Intellectuel | F31: Le bénéfice du congé peut être différé dans l'intérêt du service. | G31: Décret 2019-1441 A8 | H31: 43826 | L31: Non Bloquant | Q31: P0185 - P0001 / P0003 / P0004 / P0005 - E0813 / E0913 | U31: x | V31: Le bénéfice du congé peut être différé dans l'intérêt du service.
A32: 20.00.00 | B32: A | C32: 43894.602 | D32: CTP_I_011 | E32: Intellectuel | F32: L'agent transmet les attestations établies par l'organisme de formation, justifiant son assiduité à l'action de formation, sinon il perd le bénéfice de ce congé. | G32: Décret 2019-1441 A11 | H32: 43826 | L32: Non Bloquant | Q32: P0185 - P0001 / P0003 / P0004 / P0005 - E0813 / E0913 | U32: x | V32: L'agent transmet les attestations établies par l'organisme de formation, justifiant son assiduité à l'action de formation, sinon il perd le bénéfice de ce congé.
A33: 20.00.00 | B33: A | C33: 43894.603 | D33: CTP_I_012 | E33: Intellectuel | F33: Le congé s'achève avant le terme de la période de restructuration sauf si l'agent a débuté sa formation moins de 12 mois avant ce terme du fait d'une décision de report dans l'intérêt du service. | G33: Décret 2019-1441 A7 | H33: 43826 | L33: Non Bloquant | Q33: P0185 - P0001 / P0003 / P0004 / P0005 - E0813 | U33: x | V33: Le congé s'achève avant le terme de la période de restructuration sauf si l'agent a débuté sa formation moins de 12 mois avant ce terme du fait d'une décision de report dans l'intérêt du service.
... A50: 25.10.00 | B50: A | C50: 45995.634 | D50: CTP_I_035 | E50: Intellectuel | F50: L'agent bénéficie des dispositions applicables aux agents ouvriers affiliés pour le congé de transition professionnelle aménagé. | G50: Code général de la fonction publique L422-3 / Décret 2019-1441 / Décret 2007-1470 A18-1 / Décret 65-382 A8-2 | H50: 45901 | L50: Non Bloquant | Q50: P0185 - E0913 - Demande / Fin | U50: x | V50: L'agent bénéficie des dispositions applicables aux agents ouvriers affiliés pour le congé de transition professionnelle aménagé.
A51: 20.00.00 | B51: A | C51: 43899.543 | D51: CTP_P_001 | E51: Impact | F51: Rémunération : L'agent perçoit son traitement brut, 80 % du régime indemnitaire dont il bénéficiait à la date du placement en congé sauf dérogation prévue par le texte et le cas échéant, l'indemnité de résidence et le supplément familial de traitement. | H51: 43826 | L51: Non Bloquant | R51: P0001 / P0004 - E0813 / E0913 - Rémunération | U51: x | V51: Rémunération : L'agent perçoit son traitement brut, 80 % du régime indemnitaire dont il bénéficiait à la date du placement en congé sauf dérogation prévue par le texte et le cas échéant, l'indemnité de résidence et le supplément familial de traitement.
A52: 20.00.00 | B52: A | C52: 43899.544 | D52: CTP_P_002 | E52: Impact | F52: Rémunération : L'agent perçoit sa rémunération, le cas échéant, l'indemnité de résidence et le supplément familial de traitement. | H52: 43826 | L52: Non Bloquant | R52: P0003 - E0813 / E0913 - Rémunération | U52: x | V52: Rémunération : L'agent perçoit sa rémunération, le cas échéant, l'indemnité de résidence et le supplément familial de traitement.
A53: 20.00.00 | B53: A | C53: 43899.545 | D53: CTP_P_003 | E53: Impact | F53: Rémunération : L'agent perçoit son salaire. | H53: 43826 | L53: Non Bloquant | R53: P0005 - E0813 / E0913 - Rémunération | U53: x | V53: Rémunération : L'agent perçoit son salaire.
A54: 20.00.00 | B54: A | C54: 43899.547 | D54: CTP_P_004 | E54: Impact | F54: Carrière : L'agent conserve ses droits à l'avancement d'échelon et à l'avancement de grade en totalité. La durée du congé est prise en compte comme service effectif. | H54: 43826 | L54: Non Bloquant | R54: P0001 - E0813 / E0913 - Carrière | U54: x | V54: Carrière : L'agent conserve ses droits à l'avancement d'échelon et à l'avancement de grade en totalité. La durée du congé est prise en compte comme service effectif.
A55: 20.00.00 | B55: A | C55: 43899.569 | D55: CTP_P_005 | E55: Impact | F55: Carrière : L'agent conserve ses droits à l'avancement d'échelon en totalité. La durée du congé est prise en compte comme service effectif. | H55: 43826 | L55: Non Bloquant | R55: P0004 - E0913 / E0813 - Carrière | U55: x | V55: Carrière : L'agent conserve ses droits à l'avancement d'échelon en totalité. La durée du congé est prise en compte comme service effectif.
A56: 20.00.00 | B56: A | C56: 43899.571 | D56: CTP_P_006 | E56: Impact | F56: Carrière : La période de congé de transition professionnelle est prise en compte comme service effectif. | H56: 43826 | L56: Non Bloquant | R56: P0003 / P0005 - E0813 / E0913 - Carrière | U56: x | V56: Carrière : La période de congé de transition professionnelle est prise en compte comme service effectif.
A57: 20.10.00 | B57: M | C57: 44196.402 | D57: CTP_P_007 | E57: Impact | F57: Stage : La durée du stage est prolongée pour la période du congés excédant 1/10ème de la durée statutaire du stage. Pour un stage de 1 an, les jours de congé pris à partir du 37ème jour repoussent d'autant la date de fin de stage. | H57: 43826 | L57: Non Bloquant | R57: P0004 - E0813 / E0913 - Stage | U57: x | V57: Stage : La durée du stage est prolongée pour la période du congés excédant 1/10ème de la durée statutaire du stage. Pour un stage de 1 an, les jours de congé pris à partir du 37ème jour repoussent d'autant la date de fin de stage.
A58: 20.00.00 | B58: A | C58: 43899.574 | D58: CTP_P_008 | E58: Impact | F58: Titularisation : Si ce congé a entrainé une prolongation du stage, la titularisation de l'agent est repoussée au lendemain de la date de fin de stage. | H58: 43826 | L58: Non Bloquant | R58: P0004 - E0813 / E0913 - Titularisation | U58: x | V58: Titularisation : Si ce congé a entrainé une prolongation du stage, la titularisation de l'agent est repoussée au lendemain de la date de fin de stage.
A59: 20.00.00 | B59: A | C59: 43899.574 | D59: CTP_P_009 | E59: Impact | F59: Congés annuels : L'agent conserve son droit à congé annuel. | H59: 43826 | L59: Non Bloquant | R59: P0001 / P0003 / P0004 / P0005 - E0813 / E0913 - Congés annuels | U59: x | V59: Congés annuels : L'agent conserve son droit à congé annuel.
A60: 20.00.00 | B60: A | C60: 43899.576 | D60: CTP_P_010 | E60: Impact | F60: Congés maladie : L'agent conserve ses droits à congés de maladie ordinaire, de longue maladie, de longue durée, pour invalidité temporaire imputable au service. | H60: 43826 | L60: Non Bloquant | R60: P0001 / P0004 - E0813 / E0913 - Maladie | U60: x | V60: Congés maladie : L'agent conserve ses droits à congés de maladie ordinaire, de longue maladie, de longue durée, pour invalidité temporaire imputable au service.
A61: 20.00.00 | B61: A | C61: 43899.614 | D61: CTP_P_011 | E61: Impact | F61: Congés maladie : L'agent conserve ses droits à congés de maladie ordinaire, de grave maladie, pour accident du travail ou maladie professionnelle. | H61: 43826 | L61: Non Bloquant | R61: P0003 - E0813 / E0913 - Maladie | U61: x | V61: Congés maladie : L'agent conserve ses droits à congés de maladie ordinaire, de grave maladie, pour accident du travail ou maladie professionnelle.
A62: 20.00.00 | B62: A | C62: 43899.617 | D62: CTP_P_012 | E62: Impact | F62: Congés maladie : L'agent conserve ses droits à congés de maladie ordinaire, de longue maladie, pour accident de service ou maladie professionnelle, de longue durée. | H62: 43826 | L62: Non Bloquant | R62: P0005 - E0813 / E0913 - Maladie | U62: x | V62: Congés maladie : L'agent conserve ses droits à congés de maladie ordinaire, de longue maladie, pour accident de service ou maladie professionnelle, de longue durée.
... A65: 20.00.00 | B65: A | C65: 43899.621 | D65: CTP_P_015 | E65: Impact | F65: Acte : Un acte administratif doit être produit. | H65: 43826 | L65: Non Bloquant | R65: P0001 / P0003 / P0004 / P0005 - E0813 / E0913 - Acte | U65: x | V65: Acte : Un acte administratif doit être produit.
