Workbook
Name date_DIADC: 'Mode opératoire'!#REF!
Name notice_DIADC: 'Mode opératoire'!#REF!
Name notice_ENCHN: 'Mode opératoire'!$B$1:$B$4
Name notice_ICA: 'Mode opératoire'!#REF!

Sheet Mode opératoire
B1: MODE OPERATOIRE
B2: La transaction s'effectue pour l'évènement E0971 'Compte épargne-temps' au niveau des sous rubriques : - Compte épargne-temps - Ouverture - Compte épargne-temps - Alimentation - Compte épargne-temps - Choix d'option La transaction s'effectue pour l'évènement E0972 'Compte épargne-temps historique' au niveau de la sous rubrique : - Compte épargne-temps historique - Choix d'option La transaction s'effectue pour l'évènement E0973 'Compte épargne-temps - Mobilité/Fin de fonction' au niveau de la sous rubrique : - Compte épargne-temps - Mobilité/Fin de fonction

Sheet Axe 1 Enchainement des RG
A1: Version | B1: Type de mise à jour | C1: Date de mise à jour | D1: Identifiant Domaine | E1: Libellé du Domaine | F1: Identifiant Sous-domaine | G1: Libellé du Sous-domaine | H1: Identifiant Evénement | I1: Libellé de l'évènement | J1: Libellé condition déclenchement Evènement | K1: Condition déclenchement Evènement | L1: Identifiant type d'évènement | M1: Libellé type d'évènement | N1: Type de mise à jour | O1: Libellé condition déclenchement Type Evènement | P1: Condition déclenchement Type Evènement | Q1: Libellé Population | R1: Codification Population | S1: Typologie de population | T1: Général / Particulier | U1: Passant / Exclu | V1: Date de début | W1: Date de fin | X1: Règles mobilisées | Y1: Identifiant Règle de contrôle intellectuel 1 | Z1: Libellé Règle de contrôle intellectuel 1 | AA1: Identifiant Règle de contrôle intellectuel 2 | AB1: Libellé Règle de contrôle intellectuel 2 | AC1: Identifiant Règle de contrôle intellectuel 3 | AD1: Libellé Règle de contrôle intellectuel 3 | AE1: Identifiant Règle de contrôle intellectuel 4 | AF1: Libellé Règle de contrôle intellectuel 4 | AG1: Identifiant Règle de contrôle intellectuel 5 | AH1: Libellé Règle de contrôle intellectuel 5 | AI1: Identifiant Règle de contrôle intellectuel 6 | AJ1: Libellé Règle de contrôle intellectuel 6 | AK1: Identifiant Règle de contrôle intellectuel 7 | AL1: Libellé Règle de contrôle intellectuel 7 | AM1: Identifiant Règle de condition 1 | AN1: Libellé Règle de condition 1 | AO1: Identifiant Règle de condition 2 | AP1: Libellé Règle de condition 2 | AQ1: Identifiant Règle de condition 3 | AR1: Libellé Règle de condition 3 | AS1: Identifiant Règle de condition 4 | AT1: Libellé Règle de condition 4 | AU1: Identifiant Règle de contrôle 1 | AV1: Libellé Règle de contrôle 1 | AW1: Identifiant Règle de contrôle 2 | AX1: Libellé Règle de contrôle 2 | AY1: Identifiant Règle de contrôle 3 | AZ1: Libellé Règle de contrôle 3 | BA1: Identifiant Règle de contrôle 4 | BB1: Libellé Règle de contrôle 4 | BC1: FIME | BD1: Statut de travail
A2: 24.10.00 | B2: A | C2: 45628.64 | D2: D0007 | E2: Congés/Absence | F2: S0183 | G2: Compte épargne-temps | H2: E0971 | I2: Compte épargne-temps (CET) | J2: La date d'observation saisie du CET est non vide | K2: A_CET_DAGCET [Saisi] <> Vide | L2: T2358 | M2: Compte épargne-temps - Ouverture | N2: Création Modification | O2: La date d'ouverture saisie est non vide et la date de l'opération est vide | P2: A_CET_DCRCET [Saisi] <> VIDE ET A_CET_DOOCET [Saisi] = VIDE | Q2: Titulaire ou magistrat | R2: P0001 | S2: T | T2: Général | U2: Passant | V2: 45323 | X2: CET_I_050 ET CET_D_400 ET CET_D_407 ET CET_C_017 ET CET_C_031 | Y2: CET_I_050 | Z2: =VLOOKUP(Y2,'Axe 2 Règles de gestion'!$D$2:$F$61,3, FALSE) -> L'agent doit effectuer une demande d'ouverture d'un compte épargne-temps. | AM2: CET_D_400 | AN2: =VLOOKUP(AM2,'Axe 2 Règles de gestion'!$D$2:$F$61,3, FALSE) -> L'agent ne doit pas relever des régimes d'obligation de service. | AO2: CET_D_407 | AP2: =VLOOKUP(AO2,'Axe 2 Règles de gestion'!$D$2:$F$61,3, FALSE) -> L'agent est employé de manière continue et a accompli au moins 1 année de service. | AU2: CET_C_017 | AV2: =VLOOKUP(AU2,'Axe 2 Règles de gestion'!$D$2:$F$61,3, FALSE) -> La date d'ouverture du compte épargne temps global doit être postérieure ou égale à la date d'entrée dans le SIRH. | AW2: CET_C_031 | AX2: =VLOOKUP(AW2,'Axe 2 Règles de gestion'!$D$2:$F$61,3, FALSE) -> Les champs "Origine", "Nombre de jours de l'opération", "Nombre de jours pour valorisation financière" et "Nombre de jours pour cotisation RAFP" ne doivent pas être renseignés.
A3: 24.10.00 | B3: A | C3: 45628.644 | D3: D0007 | E3: Congés/Absence | F3: S0183 | G3: Compte épargne-temps | H3: E0971 | I3: Compte épargne-temps (CET) | J3: La date d'observation saisie du CET est non vide | K3: A_CET_DAGCET [Saisi] <> Vide | L3: T2359 | M3: Compte épargne-temps - Alimentation | N3: Création Modification | O3: La date de l'opération saisie est non vide et le sens de l'opération est "Versé" | P3: A_CET_DOOCET [Saisi] <> Vide ET A_CET_SEOCET [Saisi] = 'V' | Q3: Titulaire ou magistrat | R3: P0001 | S3: T | T3: Général | U3: Passant | V3: 45323 | W3: 45688 | X3: CET_I_061 ET CET_I_060 ET CET_D_401 ET CET_D_402 ET CET_D_403 ET CET_D_404 ET CET_C_023 ET CET_C_026 | Y3: CET_I_061 | Z3: =VLOOKUP(Y3,'Axe 2 Règles de gestion'!$D$2:$F$61,3, FALSE) -> Pour les agents en service à l'étranger, le compte épargne-temps est alimenté par le report des jours de congés annuels dont ils bénéficient au titre du pays dans lequel ils sont affectés. | AA3: CET_I_060 | AB3: =VLOOKUP(AA3,'Axe 2 Règles de gestion'!$D$2:$F$61,3, FALSE) -> L'agent ne peut pas alimenter son compte épargne-temps par le report de congés bonifiés. | AM3: CET_D_401 | AN3: =VLOOKUP(AM3,'Axe 2 Règles de gestion'!$D$2:$F$61,3, FALSE) -> L'agent peut alimenter son compte épargne-temps par le report de jours de réduction du temps de travail, par le report de congés annuels et de fractionnement et si un arrêté le prévoit par le report de jours de repos compensateur. | AO3: CET_D_402 | AP3: =VLOOKUP(AO3,'Axe 2 Règles de gestion'!$D$2:$F$61,3, FALSE) -> L'agent pour pouvoir alimenter son compte épargne-temps doit avoir pris dans l'année au moins 20 jours de congés. | AQ3: CET_D_403 | AR3: =VLOOKUP(AQ3,'Axe 2 Règles de gestion'!$D$2:$F$61,3, FALSE) -> Lorsque le compte épargne-temps atteint 15 jours, l'agent peut épargner ensuite chaque année 10 jours au maximum. | AS3: CET_D_404 | AT3: =VLOOKUP(AS3,'Axe 2 Règles de gestion'!$D$2:$F$61,3, FALSE) -> L'agent peut au titre de l'année 2024, lorsque le compte épargne-temps atteint 15 jours, épargner 20 jours au maximum en raison de l'organisation des jeux olympiques et paralympiques. | AU3: CET_C_023 | AV3: =VLOOKUP(AU3,'Axe 2 Règles de gestion'!$D$2:$F$61,3, FALSE) -> Lorsque le sens de l'opération est à "Versé", le compteur global saisi est égal au compteur global de l'occurrence précédente auquel sont ajoutés les jours versés. | AW3: CET_C_026 | AX3: =VLOOKUP(AW3,'Axe 2 Règles de gestion'!$D$2:$F$61,3, FALSE) -> Lorsque le sens de l'opération est égal à "versé", le nombre de jours pour valorisation financière et le nombre de jours pour cotisation RAFP ne doivent pas être renseignés.
A4: 24.10.00 | B4: A | C4: 45628.645 | D4: D0007 | E4: Congés/Absence | F4: S0183 | G4: Compte épargne-temps | H4: E0971 | I4: Compte épargne-temps (CET) | J4: La date d'observation saisie du CET est non vide | K4: A_CET_DAGCET [Saisi] <> Vide | L4: T2359 | M4: Compte épargne-temps - Alimentation | N4: Création Modification | O4: La date de l'opération saisie est non vide et le sens de l'opération est "Versé" | P4: A_CET_DOOCET [Saisi] <> Vide ET A_CET_SEOCET [Saisi] = 'V' | Q4: Titulaire ou magistrat | R4: P0001 | S4: T | T4: Général | U4: Passant | V4: 45689 | X4: CET_I_061 ET CET_I_060 ET CET_D_401 ET CET_D_402 ET CET_D_403 ET CET_C_023 ET CET_C_026 | Y4: CET_I_061 | Z4: =VLOOKUP(Y4,'Axe 2 Règles de gestion'!$D$2:$F$61,3, FALSE) -> Pour les agents en service à l'étranger, le compte épargne-temps est alimenté par le report des jours de congés annuels dont ils bénéficient au titre du pays dans lequel ils sont affectés. | AA4: CET_I_060 | AB4: =VLOOKUP(AA4,'Axe 2 Règles de gestion'!$D$2:$F$61,3, FALSE) -> L'agent ne peut pas alimenter son compte épargne-temps par le report de congés bonifiés. | AM4: CET_D_401 | AN4: =VLOOKUP(AM4,'Axe 2 Règles de gestion'!$D$2:$F$61,3, FALSE) -> L'agent peut alimenter son compte épargne-temps par le report de jours de réduction du temps de travail, par le report de congés annuels et de fractionnement et si un arrêté le prévoit par le report de jours de repos compensateur. | AO4: CET_D_402 | AP4: =VLOOKUP(AO4,'Axe 2 Règles de gestion'!$D$2:$F$61,3, FALSE) -> L'agent pour pouvoir alimenter son compte épargne-temps doit avoir pris dans l'année au moins 20 jours de congés. | AQ4: CET_D_403 | AR4: =VLOOKUP(AQ4,'Axe 2 Règles de gestion'!$D$2:$F$61,3, FALSE) -> Lorsque le compte épargne-temps atteint 15 jours, l'agent peut épargner ensuite chaque année 10 jours au maximum. | AU4: CET_C_023 | AV4: =VLOOKUP(AU4,'Axe 2 Règles de gestion'!$D$2:$F$61,3, FALSE) -> Lorsque le sens de l'opération est à "Versé", le compteur global saisi est égal au compteur global de l'occurrence précédente auquel sont ajoutés les jours versés. | AW4: CET_C_026 | AX4: =VLOOKUP(AW4,'Axe 2 Règles de gestion'!$D$2:$F$61,3, FALSE) -> Lorsque le sens de l'opération est égal à "versé", le nombre de jours pour valorisation financière et le nombre de jours pour cotisation RAFP ne doivent pas être renseignés.
A5: 24.10.00 | B5: A | C5: 45628.659 | D5: D0007 | E5: Congés/Absence | F5: S0183 | G5: Compte épargne-temps | H5: E0971 | I5: Compte épargne-temps (CET) | J5: La date d'observation saisie du CET est non vide | K5: A_CET_DAGCET [Saisi] <> Vide | L5: T2360 | M5: Compte épargne-temps - Choix d'option | N5: Création Modification | O5: La date de l'opération saisie est non vide et le sens de l'opération est "Consommé" | P5: A_CET_DOOCET [Saisi] <> Vide ET A_CET_SEOCET [Saisi] = 'C' | Q5: Titulaire ou magistrat | R5: P0001 | S5: T | T5: Général | U5: Passant | V5: 45323 | X5: CET_I_052 ET CET_I_054 ET CET_I_055 ET CET_I_057 ET CET_I_059 ET CET_D_405 ET CET_D_406 ET CET_D_408 ET CET_C_004 ET CET_C_024 ET CET_C_027 | Y5: CET_I_052 | Z5: =VLOOKUP(Y5,'Axe 2 Règles de gestion'!$D$2:$F$61,3, FALSE) -> L'agent est informé chaque année, par l'administration, des jours épargnés et consommés. | AA5: CET_I_054 | AB5: =VLOOKUP(AA5,'Axe 2 Règles de gestion'!$D$2:$F$61,3, FALSE) -> Si le nombre de jours inscrits est supérieur à 15 jours au terme de l'année civile, l'agent ne peut utiliser ces 15 jours que sous forme de congés, pour les autres jours il doit exercer une option au plus le tard le 31 janvier de l'année suivante. | AC5: CET_I_055 | AD5: =VLOOKUP(AC5,'Axe 2 Règles de gestion'!$D$2:$F$61,3, FALSE) -> L'agent peut opter dans les proportions qu'il souhaite pour un prise en compte au sein du régime de retraite additionnelle de la fonction publique, pour une indemnisation ou pour un maintien sur le compte épargne-temps. | AE5: CET_I_057 | AF5: =VLOOKUP(AE5,'Axe 2 Règles de gestion'!$D$2:$F$61,3, FALSE) -> Si l'agent n'exerce pas son droit d'option, les jours au-delà de 15 sont pris en compte au sein du régime de retraite additionnelle de la fonction publique. | AG5: CET_I_059 | AH5: =VLOOKUP(AG5,'Axe 2 Règles de gestion'!$D$2:$F$61,3, FALSE) -> Les années suivantes, les jours ainsi épargnés excédant le plafond global de jours prévu peuvent être maintenus sur le compte épargne-temps ou être consommés. | AM5: CET_D_405 | AN5: =VLOOKUP(AM5,'Axe 2 Règles de gestion'!$D$2:$F$61,3, FALSE) -> Le nombre de jours maintenus sur le compte épargne-temps ne doit pas dépasser un plafond annuel de 60 jours. | AO5: CET_D_406 | AP5: =VLOOKUP(AO5,'Axe 2 Règles de gestion'!$D$2:$F$61,3, FALSE) -> Au terme de l'année 2024, en raison de l'organisation des jeux olympiques et paralympiques, ce plafond annuel passe à 70 jours ou si le nombre de jours épargnés au terme de l'année 2023 excède 60 jours, au nombre de jours épargnés augmentés de 10 jours. | AQ5: CET_D_408 | AR5: =VLOOKUP(AQ5,'Axe 2 Règles de gestion'!$D$2:$F$61,3, FALSE) -> Si le nombre de jours inscrits sur le compte épargne-temps est inférieur ou égal à 15 jours au terme de l'année civile, l'agent ne peut utiliser ces jours épargnés que sous forme de congés. | AU5: CET_C_004 | AV5: =VLOOKUP(AU5,'Axe 2 Règles de gestion'!$D$2:$F$61,3, FALSE) -> Le nombre de jours de l'opération doit être inférieur ou égal au nombre de jours du compteur global du CET. | AW5: CET_C_024 | AX5: =VLOOKUP(AW5,'Axe 2 Règles de gestion'!$D$2:$F$61,3, FALSE) -> Lorsque le sens de l'opération est à "consommé", le compteur global saisi est égal au compteur global de l'occurrence précédente duquel sont soustraits les jours consommés en congés, les jours pour valorisation financière et les jours pour cotisation RAFP. | AY5: CET_C_027 | AZ5: =VLOOKUP(AY5,'Axe 2 Règles de gestion'!$D$2:$F$61,3, FALSE) -> Lorsque le sens de l'opération est égal à "consommé", l'origine des jours n'est pas à renseigner.
A6: 24.10.00 | B6: A | C6: 45628.64 | D6: D0007 | E6: Congés/Absence | F6: S0183 | G6: Compte épargne-temps | H6: E0971 | I6: Compte épargne-temps (CET) | J6: La date d'observation saisie du CET est non vide | K6: A_CET_DAGCET [Saisi] <> Vide | L6: T2358 | M6: Compte épargne-temps - Ouverture | N6: Création Modification | O6: La date d'ouverture saisie est non vide et la date de l'opération est vide | P6: A_CET_DCRCET [Saisi] <> VIDE ET A_CET_DOOCET [Saisi] = VIDE | Q6: Militaire | R6: P0002 | S6: M | T6: Général | U6: Exclu | V6: 45323
A7: 24.10.00 | B7: A | C7: 45628.645 | D7: D0007 | E7: Congés/Absence | F7: S0183 | G7: Compte épargne-temps | H7: E0971 | I7: Compte épargne-temps (CET) | J7: La date d'observation saisie du CET est non vide | K7: A_CET_DAGCET [Saisi] <> Vide | L7: T2359 | M7: Compte épargne-temps - Alimentation | N7: Création Modification | O7: La date de l'opération saisie est non vide et le sens de l'opération est "Versé" | P7: A_CET_DOOCET [Saisi] <> Vide ET A_CET_SEOCET [Saisi] = 'V' | Q7: Militaire | R7: P0002 | S7: M | T7: Général | U7: Exclu | V7: 45323
A8: 24.10.00 | B8: A | C8: 45628.66 | D8: D0007 | E8: Congés/Absence | F8: S0183 | G8: Compte épargne-temps | H8: E0971 | I8: Compte épargne-temps (CET) | J8: La date d'observation saisie du CET est non vide | K8: A_CET_DAGCET [Saisi] <> Vide | L8: T2360 | M8: Compte épargne-temps - Choix d'option | N8: Création Modification | O8: La date de l'opération saisie est non vide et le sens de l'opération est "Consommé" | P8: A_CET_DOOCET [Saisi] <> Vide ET A_CET_SEOCET [Saisi] = 'C' | Q8: Militaire | R8: P0002 | S8: M | T8: Général | U8: Exclu | V8: 45323
A9: 24.10.00 | B9: A | C9: 45628.64 | D9: D0007 | E9: Congés/Absence | F9: S0183 | G9: Compte épargne-temps | H9: E0971 | I9: Compte épargne-temps (CET) | J9: La date d'observation saisie du CET est non vide | K9: A_CET_DAGCET [Saisi] <> Vide | L9: T2358 | M9: Compte épargne-temps - Ouverture | N9: Création Modification | O9: La date d'ouverture saisie est non vide et la date de l'opération est vide | P9: A_CET_DCRCET [Saisi] <> VIDE ET A_CET_DOOCET [Saisi] = VIDE | Q9: Contractuel | R9: P0003 | S9: N | T9: Général | U9: Passant | V9: 45323 | X9: CET_I_050 ET CET_D_400 ET CET_D_407 ET CET_C_017 ET CET_C_031 | Y9: CET_I_050 | Z9: =VLOOKUP(Y9,'Axe 2 Règles de gestion'!$D$2:$F$61,3, FALSE) -> L'agent doit effectuer une demande d'ouverture d'un compte épargne-temps. | AM9: CET_D_400 | AN9: =VLOOKUP(AM9,'Axe 2 Règles de gestion'!$D$2:$F$61,3, FALSE) -> L'agent ne doit pas relever des régimes d'obligation de service. | AO9: CET_D_407 | AP9: =VLOOKUP(AO9,'Axe 2 Règles de gestion'!$D$2:$F$61,3, FALSE) -> L'agent est employé de manière continue et a accompli au moins 1 année de service. | AU9: CET_C_017 | AV9: =VLOOKUP(AU9,'Axe 2 Règles de gestion'!$D$2:$F$61,3, FALSE) -> La date d'ouverture du compte épargne temps global doit être postérieure ou égale à la date d'entrée dans le SIRH. | AW9: CET_C_031 | AX9: =VLOOKUP(AW9,'Axe 2 Règles de gestion'!$D$2:$F$61,3, FALSE) -> Les champs "Origine", "Nombre de jours de l'opération", "Nombre de jours pour valorisation financière" et "Nombre de jours pour cotisation RAFP" ne doivent pas être renseignés.
A10: 24.10.00 | B10: A | C10: 45635.722 | D10: D0007 | E10: Congés/Absence | F10: S0183 | G10: Compte épargne-temps | H10: E0971 | I10: Compte épargne-temps (CET) | J10: La date d'observation saisie du CET est non vide | K10: A_CET_DAGCET [Saisi] <> Vide | L10: T2359 | M10: Compte épargne-temps - Alimentation | N10: Création Modification | O10: La date de l'opération saisie est non vide et le sens de l'opération est "Versé" | P10: A_CET_DOOCET [Saisi] <> Vide ET A_CET_SEOCET [Saisi] = 'V' | Q10: Contractuel | R10: P0003 | S10: N | T10: Général | U10: Passant | V10: 45323 | W10: 45688 | X10: CET_I_061 ET CET_I_060 ET CET_D_401 ET CET_D_402 ET CET_D_403 ET CET_D_404 ET CET_C_023 ET CET_C_026 | Y10: CET_I_061 | Z10: =VLOOKUP(Y10,'Axe 2 Règles de gestion'!$D$2:$F$61,3, FALSE) -> Pour les agents en service à l'étranger, le compte épargne-temps est alimenté par le report des jours de congés annuels dont ils bénéficient au titre du pays dans lequel ils sont affectés. | AA10: CET_I_060 | AB10: =VLOOKUP(AA10,'Axe 2 Règles de gestion'!$D$2:$F$61,3, FALSE) -> L'agent ne peut pas alimenter son compte épargne-temps par le report de congés bonifiés. | AM10: CET_D_401 | AN10: =VLOOKUP(AM10,'Axe 2 Règles de gestion'!$D$2:$F$61,3, FALSE) -> L'agent peut alimenter son compte épargne-temps par le report de jours de réduction du temps de travail, par le report de congés annuels et de fractionnement et si un arrêté le prévoit par le report de jours de repos compensateur. | AO10: CET_D_402 | AP10: =VLOOKUP(AO10,'Axe 2 Règles de gestion'!$D$2:$F$61,3, FALSE) -> L'agent pour pouvoir alimenter son compte épargne-temps doit avoir pris dans l'année au moins 20 jours de congés. | AQ10: CET_D_403 | AR10: =VLOOKUP(AQ10,'Axe 2 Règles de gestion'!$D$2:$F$61,3, FALSE) -> Lorsque le compte épargne-temps atteint 15 jours, l'agent peut épargner ensuite chaque année 10 jours au maximum. | AS10: CET_D_404 | AT10: =VLOOKUP(AS10,'Axe 2 Règles de gestion'!$D$2:$F$61,3, FALSE) -> L'agent peut au titre de l'année 2024, lorsque le compte épargne-temps atteint 15 jours, épargner 20 jours au maximum en raison de l'organisation des jeux olympiques et paralympiques. | AU10: CET_C_023 | AV10: =VLOOKUP(AU10,'Axe 2 Règles de gestion'!$D$2:$F$61,3, FALSE) -> Lorsque le sens de l'opération est à "Versé", le compteur global saisi est égal au compteur global de l'occurrence précédente auquel sont ajoutés les jours versés. | AW10: CET_C_026 | AX10: =VLOOKUP(AW10,'Axe 2 Règles de gestion'!$D$2:$F$61,3, FALSE) -> Lorsque le sens de l'opération est égal à "versé", le nombre de jours pour valorisation financière et le nombre de jours pour cotisation RAFP ne doivent pas être renseignés.
A11: 24.10.00 | B11: A | C11: 45635.722 | D11: D0007 | E11: Congés/Absence | F11: S0183 | G11: Compte épargne-temps | H11: E0971 | I11: Compte épargne-temps (CET) | J11: La date d'observation saisie du CET est non vide | K11: A_CET_DAGCET [Saisi] <> Vide | L11: T2359 | M11: Compte épargne-temps - Alimentation | N11: Création Modification | O11: La date de l'opération saisie est non vide et le sens de l'opération est "Versé" | P11: A_CET_DOOCET [Saisi] <> Vide ET A_CET_SEOCET [Saisi] = 'V' | Q11: Contractuel | R11: P0003 | S11: N | T11: Général | U11: Passant | V11: 45689 | X11: CET_I_061 ET CET_I_060 ET CET_D_401 ET CET_D_402 ET CET_D_403 ET CET_C_023 ET CET_C_026 | Y11: CET_I_061 | Z11: =VLOOKUP(Y11,'Axe 2 Règles de gestion'!$D$2:$F$61,3, FALSE) -> Pour les agents en service à l'étranger, le compte épargne-temps est alimenté par le report des jours de congés annuels dont ils bénéficient au titre du pays dans lequel ils sont affectés. | AA11: CET_I_060 | AB11: =VLOOKUP(AA11,'Axe 2 Règles de gestion'!$D$2:$F$61,3, FALSE) -> L'agent ne peut pas alimenter son compte épargne-temps par le report de congés bonifiés. | AM11: CET_D_401 | AN11: =VLOOKUP(AM11,'Axe 2 Règles de gestion'!$D$2:$F$61,3, FALSE) -> L'agent peut alimenter son compte épargne-temps par le report de jours de réduction du temps de travail, par le report de congés annuels et de fractionnement et si un arrêté le prévoit par le report de jours de repos compensateur. | AO11: CET_D_402 | AP11: =VLOOKUP(AO11,'Axe 2 Règles de gestion'!$D$2:$F$61,3, FALSE) -> L'agent pour pouvoir alimenter son compte épargne-temps doit avoir pris dans l'année au moins 20 jours de congés. | AQ11: CET_D_403 | AR11: =VLOOKUP(AQ11,'Axe 2 Règles de gestion'!$D$2:$F$61,3, FALSE) -> Lorsque le compte épargne-temps atteint 15 jours, l'agent peut épargner ensuite chaque année 10 jours au maximum. | AU11: CET_C_023 | AV11: =VLOOKUP(AU11,'Axe 2 Règles de gestion'!$D$2:$F$61,3, FALSE) -> Lorsque le sens de l'opération est à "Versé", le compteur global saisi est égal au compteur global de l'occurrence précédente auquel sont ajoutés les jours versés. | AW11: CET_C_026 | AX11: =VLOOKUP(AW11,'Axe 2 Règles de gestion'!$D$2:$F$61,3, FALSE) -> Lorsque le sens de l'opération est égal à "versé", le nombre de jours pour valorisation financière et le nombre de jours pour cotisation RAFP ne doivent pas être renseignés.
A12: 24.10.00 | B12: A | C12: 45628.66 | D12: D0007 | E12: Congés/Absence | F12: S0183 | G12: Compte épargne-temps | H12: E0971 | I12: Compte épargne-temps (CET) | J12: La date d'observation saisie du CET est non vide | K12: A_CET_DAGCET [Saisi] <> Vide | L12: T2360 | M12: Compte épargne-temps - Choix d'option | N12: Création Modification | O12: La date de l'opération saisie est non vide et le sens de l'opération est "Consommé" | P12: A_CET_DOOCET [Saisi] <> Vide ET A_CET_SEOCET [Saisi] = 'C' | Q12: Contractuel | R12: P0003 | S12: N | T12: Général | U12: Passant | V12: 45323 | X12: CET_I_052 ET CET_I_054 ET CET_I_056 ET CET_I_058 ET CET_I_059 ET CET_D_405 ET CET_D_406 ET CET_D_408 ET CET_C_004 ET CET_C_024 ET CET_C_027 | Y12: CET_I_052 | Z12: =VLOOKUP(Y12,'Axe 2 Règles de gestion'!$D$2:$F$61,3, FALSE) -> L'agent est informé chaque année, par l'administration, des jours épargnés et consommés. | AA12: CET_I_054 | AB12: =VLOOKUP(AA12,'Axe 2 Règles de gestion'!$D$2:$F$61,3, FALSE) -> Si le nombre de jours inscrits est supérieur à 15 jours au terme de l'année civile, l'agent ne peut utiliser ces 15 jours que sous forme de congés, pour les autres jours il doit exercer une option au plus le tard le 31 janvier de l'année suivante. | AC12: CET_I_056 | AD12: =VLOOKUP(AC12,'Axe 2 Règles de gestion'!$D$2:$F$61,3, FALSE) -> L'agent peut opter dans les proportions qu'il souhaite pour une indemnisation ou pour un maintien sur le compte épargne-temps. | AE12: CET_I_058 | AF12: =VLOOKUP(AE12,'Axe 2 Règles de gestion'!$D$2:$F$61,3, FALSE) -> Si l'agent n'exerce pas son droit d'option, les jours au-delà de 15 sont indemnisés. | AG12: CET_I_059 | AH12: =VLOOKUP(AG12,'Axe 2 Règles de gestion'!$D$2:$F$61,3, FALSE) -> Les années suivantes, les jours ainsi épargnés excédant le plafond global de jours prévu peuvent être maintenus sur le compte épargne-temps ou être consommés. | AM12: CET_D_405 | AN12: =VLOOKUP(AM12,'Axe 2 Règles de gestion'!$D$2:$F$61,3, FALSE) -> Le nombre de jours maintenus sur le compte épargne-temps ne doit pas dépasser un plafond annuel de 60 jours. | AO12: CET_D_406 | AP12: =VLOOKUP(AO12,'Axe 2 Règles de gestion'!$D$2:$F$61,3, FALSE) -> Au terme de l'année 2024, en raison de l'organisation des jeux olympiques et paralympiques, ce plafond annuel passe à 70 jours ou si le nombre de jours épargnés au terme de l'année 2023 excède 60 jours, au nombre de jours épargnés augmentés de 10 jours. | AQ12: CET_D_408 | AR12: =VLOOKUP(AQ12,'Axe 2 Règles de gestion'!$D$2:$F$61,3, FALSE) -> Si le nombre de jours inscrits sur le compte épargne-temps est inférieur ou égal à 15 jours au terme de l'année civile, l'agent ne peut utiliser ces jours épargnés que sous forme de congés. | AU12: CET_C_004 | AV12: =VLOOKUP(AU12,'Axe 2 Règles de gestion'!$D$2:$F$61,3, FALSE) -> Le nombre de jours de l'opération doit être inférieur ou égal au nombre de jours du compteur global du CET. | AW12: CET_C_024 | AX12: =VLOOKUP(AW12,'Axe 2 Règles de gestion'!$D$2:$F$61,3, FALSE) -> Lorsque le sens de l'opération est à "consommé", le compteur global saisi est égal au compteur global de l'occurrence précédente duquel sont soustraits les jours consommés en congés, les jours pour valorisation financière et les jours pour cotisation RAFP. | AY12: CET_C_027 | AZ12: =VLOOKUP(AY12,'Axe 2 Règles de gestion'!$D$2:$F$61,3, FALSE) -> Lorsque le sens de l'opération est égal à "consommé", l'origine des jours n'est pas à renseigner.
A13: 24.10.00 | B13: A | C13: 45628.641 | D13: D0007 | E13: Congés/Absence | F13: S0183 | G13: Compte épargne-temps | H13: E0971 | I13: Compte épargne-temps (CET) | J13: La date d'observation saisie du CET est non vide | K13: A_CET_DAGCET [Saisi] <> Vide | L13: T2358 | M13: Compte épargne-temps - Ouverture | N13: Création Modification | O13: La date d'ouverture saisie est non vide et la date de l'opération est vide | P13: A_CET_DCRCET [Saisi] <> VIDE ET A_CET_DOOCET [Saisi] = VIDE | Q13: Stagiaire ou auditeur ou élève | R13: P0004 | S13: S | T13: Général | U13: Exclu | V13: 45323
A14: 24.10.00 | B14: A | C14: 45628.647 | D14: D0007 | E14: Congés/Absence | F14: S0183 | G14: Compte épargne-temps | H14: E0971 | I14: Compte épargne-temps (CET) | J14: La date d'observation saisie du CET est non vide | K14: A_CET_DAGCET [Saisi] <> Vide | L14: T2359 | M14: Compte épargne-temps - Alimentation | N14: Création Modification | O14: La date de l'opération saisie est non vide et le sens de l'opération est "Versé" | P14: A_CET_DOOCET [Saisi] <> Vide ET A_CET_SEOCET [Saisi] = 'V' | Q14: Stagiaire ou auditeur ou élève | R14: P0004 | S14: S | T14: Général | U14: Exclu | V14: 45323
A15: 24.10.00 | B15: A | C15: 45628.661 | D15: D0007 | E15: Congés/Absence | F15: S0183 | G15: Compte épargne-temps | H15: E0971 | I15: Compte épargne-temps (CET) | J15: La date d'observation saisie du CET est non vide | K15: A_CET_DAGCET [Saisi] <> Vide | L15: T2360 | M15: Compte épargne-temps - Choix d'option | N15: Création Modification | O15: La date de l'opération saisie est non vide et le sens de l'opération est "Consommé" | P15: A_CET_DOOCET [Saisi] <> Vide ET A_CET_SEOCET [Saisi] = 'C' | Q15: Stagiaire ou auditeur ou élève | R15: P0004 | S15: S | T15: Général | U15: Exclu | V15: 45323
A16: 26.00.00 | B16: M | C16: 46175.674 | D16: D0007 | E16: Congés/Absence | F16: S0183 | G16: Compte épargne-temps | H16: E0971 | I16: Compte épargne-temps (CET) | J16: La date d'observation saisie du CET est non vide | K16: A_CET_DAGCET [Saisi] <> Vide | L16: T2358 | M16: Compte épargne-temps - Ouverture | N16: Création Modification | O16: La date d'ouverture saisie est non vide et la date de l'opération est vide | P16: A_CET_DCRCET [Saisi] <> VIDE ET A_CET_DOOCET [Saisi] = VIDE | Q16: Ouvrier d'état | R16: P0005 | S16: O | T16: Général | U16: Passant | V16: 45901 | X16: CET_C_017 ET CET_C_031 | AU16: CET_C_017 | AV16: =VLOOKUP(AU16,'Axe 2 Règles de gestion'!$D$2:$F$61,3, FALSE) -> La date d'ouverture du compte épargne temps global doit être postérieure ou égale à la date d'entrée dans le SIRH. | AW16: CET_C_031 | AX16: =VLOOKUP(AW16,'Axe 2 Règles de gestion'!$D$2:$F$61,3, FALSE) -> Les champs "Origine", "Nombre de jours de l'opération", "Nombre de jours pour valorisation financière" et "Nombre de jours pour cotisation RAFP" ne doivent pas être renseignés. | BC16: 2026-45
A17: 26.00.00 | B17: M | C17: 46175.674 | D17: D0007 | E17: Congés/Absence | F17: S0183 | G17: Compte épargne-temps | H17: E0971 | I17: Compte épargne-temps (CET) | J17: La date d'observation saisie du CET est non vide | K17: A_CET_DAGCET [Saisi] <> Vide | L17: T2359 | M17: Compte épargne-temps - Alimentation | N17: Création Modification | O17: La date de l'opération saisie est non vide et le sens de l'opération est "Versé" | P17: A_CET_DOOCET [Saisi] <> Vide ET A_CET_SEOCET [Saisi] = 'V' | Q17: Ouvrier d'état | R17: P0005 | S17: O | T17: Général | U17: Passant | V17: 45901 | X17: CET_C_004 ET CET_C_017 ET CET_C_023 | AU17: CET_C_004 | AV17: =VLOOKUP(AU17,'Axe 2 Règles de gestion'!$D$2:$F$61,3, FALSE) -> Le nombre de jours de l'opération doit être inférieur ou égal au nombre de jours du compteur global du CET. | AW17: CET_C_017 | AX17: =VLOOKUP(AW17,'Axe 2 Règles de gestion'!$D$2:$F$61,3, FALSE) -> La date d'ouverture du compte épargne temps global doit être postérieure ou égale à la date d'entrée dans le SIRH. | AY17: CET_C_023 | AZ17: =VLOOKUP(AY17,'Axe 2 Règles de gestion'!$D$2:$F$61,3, FALSE) -> Lorsque le sens de l'opération est à "Versé", le compteur global saisi est égal au compteur global de l'occurrence précédente auquel sont ajoutés les jours versés. | BC17: 2026-45
A18: 26.00.00 | B18: M | C18: 46175.675 | D18: D0007 | E18: Congés/Absence | F18: S0183 | G18: Compte épargne-temps | H18: E0971 | I18: Compte épargne-temps (CET) | J18: La date d'observation saisie du CET est non vide | K18: A_CET_DAGCET [Saisi] <> Vide | L18: T2360 | M18: Compte épargne-temps - Choix d'option | N18: Création Modification | O18: La date de l'opération saisie est non vide et le sens de l'opération est "Consommé" | P18: A_CET_DOOCET [Saisi] <> Vide ET A_CET_SEOCET [Saisi] = 'C' | Q18: Ouvrier d'état | R18: P0005 | S18: O | T18: Général | U18: Passant | V18: 45901 | X18: CET_C_004 ET CET_C_024 ET CET_C_027 | AU18: CET_C_004 | AV18: =VLOOKUP(AU18,'Axe 2 Règles de gestion'!$D$2:$F$61,3, FALSE) -> Le nombre de jours de l'opération doit être inférieur ou égal au nombre de jours du compteur global du CET. | AW18: CET_C_024 | AX18: =VLOOKUP(AW18,'Axe 2 Règles de gestion'!$D$2:$F$61,3, FALSE) -> Lorsque le sens de l'opération est à "consommé", le compteur global saisi est égal au compteur global de l'occurrence précédente duquel sont soustraits les jours consommés en congés, les jours pour valorisation financière et les jours pour cotisation RAFP. | AY18: CET_C_027 | AZ18: =VLOOKUP(AY18,'Axe 2 Règles de gestion'!$D$2:$F$61,3, FALSE) -> Lorsque le sens de l'opération est égal à "consommé", l'origine des jours n'est pas à renseigner. | BC18: 2026-45
A19: 24.10.00 | B19: A | C19: 45628.642 | D19: D0007 | E19: Congés/Absence | F19: S0183 | G19: Compte épargne-temps | H19: E0971 | I19: Compte épargne-temps (CET) | J19: La date d'observation saisie du CET est non vide | K19: A_CET_DAGCET [Saisi] <> Vide | L19: T2358 | M19: Compte épargne-temps - Ouverture | N19: Création Modification | O19: La date d'ouverture saisie est non vide et la date de l'opération est vide | P19: A_CET_DCRCET [Saisi] <> VIDE ET A_CET_DOOCET [Saisi] = VIDE | Q19: Expert technique international | R19: P0018 | S19: N | T19: Particulier | U19: Exclu | V19: 45323
A20: 24.10.00 | B20: A | C20: 45628.647 | D20: D0007 | E20: Congés/Absence | F20: S0183 | G20: Compte épargne-temps | H20: E0971 | I20: Compte épargne-temps (CET) | J20: La date d'observation saisie du CET est non vide | K20: A_CET_DAGCET [Saisi] <> Vide | L20: T2359 | M20: Compte épargne-temps - Alimentation | N20: Création Modification | O20: La date de l'opération saisie est non vide et le sens de l'opération est "Versé" | P20: A_CET_DOOCET [Saisi] <> Vide ET A_CET_SEOCET [Saisi] = 'V' | Q20: Expert technique international | R20: P0018 | S20: N | T20: Particulier | U20: Exclu | V20: 45323
A21: 24.10.00 | B21: A | C21: 45628.662 | D21: D0007 | E21: Congés/Absence | F21: S0183 | G21: Compte épargne-temps | H21: E0971 | I21: Compte épargne-temps (CET) | J21: La date d'observation saisie du CET est non vide | K21: A_CET_DAGCET [Saisi] <> Vide | L21: T2360 | M21: Compte épargne-temps - Choix d'option | N21: Création Modification | O21: La date de l'opération saisie est non vide et le sens de l'opération est "Consommé" | P21: A_CET_DOOCET [Saisi] <> Vide ET A_CET_SEOCET [Saisi] = 'C' | Q21: Expert technique international | R21: P0018 | S21: N | T21: Particulier | U21: Exclu | V21: 45323
A22: 24.10.00 | B22: A | C22: 45628.642 | D22: D0007 | E22: Congés/Absence | F22: S0183 | G22: Compte épargne-temps | H22: E0971 | I22: Compte épargne-temps (CET) | J22: La date d'observation saisie du CET est non vide | K22: A_CET_DAGCET [Saisi] <> Vide | L22: T2358 | M22: Compte épargne-temps - Ouverture | N22: Création Modification | O22: La date d'ouverture saisie est non vide et la date de l'opération est vide | P22: A_CET_DCRCET [Saisi] <> VIDE ET A_CET_DOOCET [Saisi] = VIDE | Q22: Personnel civil payé à l'acte ou à la tâche | R22: P0054 | S22: N | T22: Particulier | U22: Exclu | V22: 45323
A23: 24.10.00 | B23: A | C23: 45628.648 | D23: D0007 | E23: Congés/Absence | F23: S0183 | G23: Compte épargne-temps | H23: E0971 | I23: Compte épargne-temps (CET) | J23: La date d'observation saisie du CET est non vide | K23: A_CET_DAGCET [Saisi] <> Vide | L23: T2359 | M23: Compte épargne-temps - Alimentation | N23: Création Modification | O23: La date de l'opération saisie est non vide et le sens de l'opération est "Versé" | P23: A_CET_DOOCET [Saisi] <> Vide ET A_CET_SEOCET [Saisi] = 'V' | Q23: Personnel civil payé à l'acte ou à la tâche | R23: P0054 | S23: N | T23: Particulier | U23: Exclu | V23: 45323
A24: 24.10.00 | B24: A | C24: 45628.662 | D24: D0007 | E24: Congés/Absence | F24: S0183 | G24: Compte épargne-temps | H24: E0971 | I24: Compte épargne-temps (CET) | J24: La date d'observation saisie du CET est non vide | K24: A_CET_DAGCET [Saisi] <> Vide | L24: T2360 | M24: Compte épargne-temps - Choix d'option | N24: Création Modification | O24: La date de l'opération saisie est non vide et le sens de l'opération est "Consommé" | P24: A_CET_DOOCET [Saisi] <> Vide ET A_CET_SEOCET [Saisi] = 'C' | Q24: Personnel civil payé à l'acte ou à la tâche | R24: P0054 | S24: N | T24: Particulier | U24: Exclu | V24: 45323
A25: 24.10.00 | B25: A | C25: 45628.642 | D25: D0007 | E25: Congés/Absence | F25: S0183 | G25: Compte épargne-temps | H25: E0971 | I25: Compte épargne-temps (CET) | J25: La date d'observation saisie du CET est non vide | K25: A_CET_DAGCET [Saisi] <> Vide | L25: T2358 | M25: Compte épargne-temps - Ouverture | N25: Création Modification | O25: La date d'ouverture saisie est non vide et la date de l'opération est vide | P25: A_CET_DCRCET [Saisi] <> VIDE ET A_CET_DOOCET [Saisi] = VIDE | Q25: Contractuel de droit privé | R25: P0072 | S25: N | T25: Particulier | U25: Exclu | V25: 45323
A26: 24.10.00 | B26: A | C26: 45628.648 | D26: D0007 | E26: Congés/Absence | F26: S0183 | G26: Compte épargne-temps | H26: E0971 | I26: Compte épargne-temps (CET) | J26: La date d'observation saisie du CET est non vide | K26: A_CET_DAGCET [Saisi] <> Vide | L26: T2359 | M26: Compte épargne-temps - Alimentation | N26: Création Modification | O26: La date de l'opération saisie est non vide et le sens de l'opération est "Versé" | P26: A_CET_DOOCET [Saisi] <> Vide ET A_CET_SEOCET [Saisi] = 'V' | Q26: Contractuel de droit privé | R26: P0072 | S26: N | T26: Particulier | U26: Exclu | V26: 45323
A27: 24.10.00 | B27: A | C27: 45628.662 | D27: D0007 | E27: Congés/Absence | F27: S0183 | G27: Compte épargne-temps | H27: E0971 | I27: Compte épargne-temps (CET) | J27: La date d'observation saisie du CET est non vide | K27: A_CET_DAGCET [Saisi] <> Vide | L27: T2360 | M27: Compte épargne-temps - Choix d'option | N27: Création Modification | O27: La date de l'opération saisie est non vide et le sens de l'opération est "Consommé" | P27: A_CET_DOOCET [Saisi] <> Vide ET A_CET_SEOCET [Saisi] = 'C' | Q27: Contractuel de droit privé | R27: P0072 | S27: N | T27: Particulier | U27: Exclu | V27: 45323
A28: 26.00.00 | B28: A | C28: 46175.676 | D28: D0007 | E28: Congés/Absence | F28: S0183 | G28: Compte épargne-temps | H28: E0971 | I28: Compte épargne-temps (CET) | J28: La date d'observation saisie du CET est non vide | K28: A_CET_DAGCET [Saisi] <> Vide | L28: T2358 | M28: Compte épargne-temps - Ouverture | N28: Création Modification | O28: La date d'ouverture saisie est non vide et la date de l'opération est vide | P28: A_CET_DCRCET [Saisi] <> VIDE ET A_CET_DOOCET [Saisi] = VIDE | Q28: Ouvrier de la défense réglementé affilié | R28: P0093 | S28: O | T28: Particulier | U28: Passant | V28: 45323 | X28: CET_I_031 ET CET_I_005 ET CET_D_412 ET CET_D_409 ET CET_C_017 ET CET_C_031 | Y28: CET_I_031 | Z28: =VLOOKUP(Y28,'Axe 2 Règles de gestion'!$D$2:$F$61,3, FALSE) -> L'agent demande l'ouverture d'un compte épargne-temps auprès du service gestionnaire. | AA28: CET_I_005 | AB28: =VLOOKUP(AA28,'Axe 2 Règles de gestion'!$D$2:$F$61,3, FALSE) -> Une instruction du ministre de la Défense détermine, dans le respect de l'intérêt du service, les règles d'ouverture, de fonctionnement, de gestion et de fermeture du compte épargne-temps, ainsi que les modalités de son utilisation par l'agent. | AM28: CET_D_412 | AN28: =VLOOKUP(AM28,'Axe 2 Règles de gestion'!$D$2:$F$61,3, FALSE) -> Les agents exerçant des fonctions d'enseignement et dont les obligations horaires ont été prédéfinies et quantifiées dans des régimes d'obligations de service n'ont pas le droit au CET. | AO28: CET_D_409 | AP28: =VLOOKUP(AO28,'Axe 2 Règles de gestion'!$D$2:$F$61,3, FALSE) -> L'agent doit être employé de manière continue et avoir accompli au moins 1 année de service au sein du ministère de la Défense ou de ses établissements publics. | AU28: CET_C_017 | AV28: =VLOOKUP(AU28,'Axe 2 Règles de gestion'!$D$2:$F$61,3, FALSE) -> La date d'ouverture du compte épargne temps global doit être postérieure ou égale à la date d'entrée dans le SIRH. | AW28: CET_C_031 | AX28: =VLOOKUP(AW28,'Axe 2 Règles de gestion'!$D$2:$F$61,3, FALSE) -> Les champs "Origine", "Nombre de jours de l'opération", "Nombre de jours pour valorisation financière" et "Nombre de jours pour cotisation RAFP" ne doivent pas être renseignés. | BC28: 2026-45
A29: 26.00.00 | B29: A | C29: 46175.677 | D29: D0007 | E29: Congés/Absence | F29: S0183 | G29: Compte épargne-temps | H29: E0971 | I29: Compte épargne-temps (CET) | J29: La date d'observation saisie du CET est non vide | K29: A_CET_DAGCET [Saisi] <> Vide | L29: T2359 | M29: Compte épargne-temps - Alimentation | N29: Création Modification | O29: La date de l'opération saisie est non vide et le sens de l'opération est "Versé" | P29: A_CET_DOOCET [Saisi] <> Vide ET A_CET_SEOCET [Saisi] = 'V' | Q29: Ouvrier de la défense réglementé affilié | R29: P0093 | S29: O | T29: Particulier | U29: Passant | V29: 45323 | X29: CET_I_008 ET CET_I_032 ET CET_D_092 ET CET_D_215 ET CET_D_410 ET CET_C_004 ET CET_C_017 ET CET_C_023 ET CET_C_026 | Y29: CET_I_008 | Z29: =VLOOKUP(Y29,'Axe 2 Règles de gestion'!$D$2:$F$61,3, FALSE) -> L'administration informe annuellement l'agent des droits épargnés et consommés. | AA29: CET_I_032 | AB29: =VLOOKUP(AA29,'Axe 2 Règles de gestion'!$D$2:$F$61,3, FALSE) -> L'agent demande, en une fois, au service gestionnaire l'alimentation de son compte épargne-temps avant le 31 décembre de l'année en cours. | AM29: CET_D_092 | AN29: =VLOOKUP(AM29,'Axe 2 Règles de gestion'!$D$2:$F$61,3, FALSE) -> Le CET est alimenté par le report de jours de réduction du temps de travail (ARTT), par le report de congés annuels, le report des jours de repos compensateur et/ou le report d'une partie des congés de fin de séjour pour les ouvriers de l'Etat mutés dans les DOM, les TOM ou à l'étranger. | AO29: CET_D_215 | AP29: =VLOOKUP(AO29,'Axe 2 Règles de gestion'!$D$2:$F$61,3, FALSE) -> Le nombre de jours de congés pris dans l'année doit être supérieur ou égal à 20 jours. | AQ29: CET_D_410 | AR29: =VLOOKUP(AQ29,'Axe 2 Règles de gestion'!$D$2:$F$61,3, FALSE) -> Le CET peut être alimenté dans la limite de 18 jours par an. | AU29: CET_C_004 | AV29: =VLOOKUP(AU29,'Axe 2 Règles de gestion'!$D$2:$F$61,3, FALSE) -> Le nombre de jours de l'opération doit être inférieur ou égal au nombre de jours du compteur global du CET. | AW29: CET_C_017 | AX29: =VLOOKUP(AW29,'Axe 2 Règles de gestion'!$D$2:$F$61,3, FALSE) -> La date d'ouverture du compte épargne temps global doit être postérieure ou égale à la date d'entrée dans le SIRH. | AY29: CET_C_023 | AZ29: =VLOOKUP(AY29,'Axe 2 Règles de gestion'!$D$2:$F$61,3, FALSE) -> Lorsque le sens de l'opération est à "Versé", le compteur global saisi est égal au compteur global de l'occurrence précédente auquel sont ajoutés les jours versés. | BA29: CET_C_026 | BB29: =VLOOKUP(BA29,'Axe 2 Règles de gestion'!$D$2:$F$61,3, FALSE) -> Lorsque le sens de l'opération est égal à "versé", le nombre de jours pour valorisation financière et le nombre de jours pour cotisation RAFP ne doivent pas être renseignés. | BC29: 2026-45
A30: 26.00.00 | B30: A | C30: 46175.679 | D30: D0007 | E30: Congés/Absence | F30: S0183 | G30: Compte épargne-temps | H30: E0971 | I30: Compte épargne-temps (CET) | J30: La date d'observation saisie du CET est non vide | K30: A_CET_DAGCET [Saisi] <> Vide | L30: T2360 | M30: Compte épargne-temps - Choix d'option | N30: Création Modification | O30: La date de l'opération saisie est non vide et le sens de l'opération est "Consommé" | P30: A_CET_DOOCET [Saisi] <> Vide ET A_CET_SEOCET [Saisi] = 'C' | Q30: Ouvrier de la défense réglementé affilié | R30: P0093 | S30: O | T30: Particulier | U30: Passant | V30: 45323 | X30: CET_I_008 ET CET_I_034 ET CET_I_035 ET CET_I_071 ET CET_I_072 ET CET_I_073 ET CET_I_074 ET CET_D_411 ET CET_C_004 ET CET_C_024 ET CET_C_027 | Y30: CET_I_008 | Z30: =VLOOKUP(Y30,'Axe 2 Règles de gestion'!$D$2:$F$61,3, FALSE) -> L'administration informe annuellement l'agent des droits épargnés et consommés. | AA30: CET_I_034 | AB30: =VLOOKUP(AA30,'Axe 2 Règles de gestion'!$D$2:$F$61,3, FALSE) -> La demande d'utilisation du compte épargne-temps de l'agent doit être déposée auprès du service gestionnaire dans un délai de 2 mois avant un congé d'au plus 40 jours ouvrés pris en continu et dans un délai de 4 mois s'il est d'une plus longue durée. | AC30: CET_I_035 | AD30: =VLOOKUP(AC30,'Axe 2 Règles de gestion'!$D$2:$F$61,3, FALSE) -> Le service gestionnaire informe l'agent que si le nombre de jours épargnés est d'au moins 40, alors les droits à congés doivent être exercés dans un délai de 10 ans à compter de cette notification. | AE30: CET_I_071 | AF30: =VLOOKUP(AE30,'Axe 2 Règles de gestion'!$D$2:$F$61,3, FALSE) -> Les droits à congés acquis au titre du compte épargne-temps ne peuvent être exercés qu'à compter de la date à laquelle l'agent a accumulé 40 jours sur son compte. | AG30: CET_I_072 | AH30: =VLOOKUP(AG30,'Axe 2 Règles de gestion'!$D$2:$F$61,3, FALSE) -> L'agent qui n'a pu, du fait de l'administration, utiliser à cette échéance les droits à congés accumulés sur son compte épargne-temps en bénéficie de plein droit. | AI30: CET_I_073 | AJ30: =VLOOKUP(AI30,'Axe 2 Règles de gestion'!$D$2:$F$61,3, FALSE) -> Lorsque l'agent a bénéficié de congés de présence parentale, de congés de longue maladie ou de congés de longue durée, le délai est prorogé d'une durée égale à celle desdits congés. | AK30: CET_I_074 | AL30: =VLOOKUP(AK30,'Axe 2 Règles de gestion'!$D$2:$F$61,3, FALSE) -> Les conditions de durée minimum d'accumulation et de délai, ne peuvent être opposées aux agents à la date de leur radiation des contrôles ou de leur licenciement. | AM30: CET_D_411 | AN30: =VLOOKUP(AM30,'Axe 2 Règles de gestion'!$D$2:$F$61,3, FALSE) -> Le CET ne peut être utilisé que pour rémunérer des congés d'une durée minimale de 5 jours ouvrés. | AU30: CET_C_004 | AV30: =VLOOKUP(AU30,'Axe 2 Règles de gestion'!$D$2:$F$61,3, FALSE) -> Le nombre de jours de l'opération doit être inférieur ou égal au nombre de jours du compteur global du CET. | AW30: CET_C_024 | AX30: =VLOOKUP(AW30,'Axe 2 Règles de gestion'!$D$2:$F$61,3, FALSE) -> Lorsque le sens de l'opération est à "consommé", le compteur global saisi est égal au compteur global de l'occurrence précédente duquel sont soustraits les jours consommés en congés, les jours pour valorisation financière et les jours pour cotisation RAFP. | AY30: CET_C_027 | AZ30: =VLOOKUP(AY30,'Axe 2 Règles de gestion'!$D$2:$F$61,3, FALSE) -> Lorsque le sens de l'opération est égal à "consommé", l'origine des jours n'est pas à renseigner. | BC30: 2026-45
A31: 25.10.00 | B31: A | C31: 45994.438 | D31: D0007 | E31: Congés/Absence | F31: S0183 | G31: Compte épargne-temps | H31: E0971 | I31: Compte épargne-temps (CET) | J31: La date d'observation saisie du CET est non vide | K31: A_CET_DAGCET [Saisi] <> Vide | L31: T2358 | M31: Compte épargne-temps - Ouverture | N31: Création Modification | O31: La date d'ouverture saisie est non vide et la date de l'opération est vide | P31: A_CET_DCRCET [Saisi] <> VIDE ET A_CET_DOOCET [Saisi] = VIDE | Q31: Ouvrier des parcs et ateliers ou assimilé confirmé | R31: P0096 | S31: O | T31: Particulier | U31: Passant | V31: 45901 | X31: CET_I_036 ET CET_I_050 ET CET_D_400 ET CET_D_407 ET CET_C_017 ET CET_C_031 | Y31: CET_I_036 | Z31: =VLOOKUP(Y31,'Axe 2 Règles de gestion'!$D$2:$F$61,3, FALSE) -> L'agent bénéficie des dispositions applicables aux agents titulaires pour le compte épargne-temps, sauf dispositions contraires. | AA31: CET_I_050 | AB31: =VLOOKUP(AA31,'Axe 2 Règles de gestion'!$D$2:$F$61,3, FALSE) -> L'agent doit effectuer une demande d'ouverture d'un compte épargne-temps. | AM31: CET_D_400 | AN31: =VLOOKUP(AM31,'Axe 2 Règles de gestion'!$D$2:$F$61,3, FALSE) -> L'agent ne doit pas relever des régimes d'obligation de service. | AO31: CET_D_407 | AP31: =VLOOKUP(AO31,'Axe 2 Règles de gestion'!$D$2:$F$61,3, FALSE) -> L'agent est employé de manière continue et a accompli au moins 1 année de service. | AU31: CET_C_017 | AV31: =VLOOKUP(AU31,'Axe 2 Règles de gestion'!$D$2:$F$61,3, FALSE) -> La date d'ouverture du compte épargne temps global doit être postérieure ou égale à la date d'entrée dans le SIRH. | AW31: CET_C_031 | AX31: =VLOOKUP(AW31,'Axe 2 Règles de gestion'!$D$2:$F$61,3, FALSE) -> Les champs "Origine", "Nombre de jours de l'opération", "Nombre de jours pour valorisation financière" et "Nombre de jours pour cotisation RAFP" ne doivent pas être renseignés.
A32: 25.10.00 | B32: A | C32: 45994.44 | D32: D0007 | E32: Congés/Absence | F32: S0183 | G32: Compte épargne-temps | H32: E0971 | I32: Compte épargne-temps (CET) | J32: La date d'observation saisie du CET est non vide | K32: A_CET_DAGCET [Saisi] <> Vide | L32: T2359 | M32: Compte épargne-temps - Alimentation | N32: Création Modification | O32: La date de l'opération saisie est non vide et le sens de l'opération est "Versé" | P32: A_CET_DOOCET [Saisi] <> Vide ET A_CET_SEOCET [Saisi] = 'V' | Q32: Ouvrier des parcs et ateliers ou assimilé confirmé | R32: P0096 | S32: O | T32: Particulier | U32: Passant | V32: 45901 | X32: CET_I_036 ET CET_I_061 ET CET_I_060 ET CET_D_401 ET CET_D_402 ET CET_D_403 ET CET_C_023 ET CET_C_026 | Y32: CET_I_036 | Z32: =VLOOKUP(Y32,'Axe 2 Règles de gestion'!$D$2:$F$61,3, FALSE) -> L'agent bénéficie des dispositions applicables aux agents titulaires pour le compte épargne-temps, sauf dispositions contraires. | AA32: CET_I_061 | AB32: =VLOOKUP(AA32,'Axe 2 Règles de gestion'!$D$2:$F$61,3, FALSE) -> Pour les agents en service à l'étranger, le compte épargne-temps est alimenté par le report des jours de congés annuels dont ils bénéficient au titre du pays dans lequel ils sont affectés. | AC32: CET_I_060 | AD32: =VLOOKUP(AC32,'Axe 2 Règles de gestion'!$D$2:$F$61,3, FALSE) -> L'agent ne peut pas alimenter son compte épargne-temps par le report de congés bonifiés. | AM32: CET_D_401 | AN32: =VLOOKUP(AM32,'Axe 2 Règles de gestion'!$D$2:$F$61,3, FALSE) -> L'agent peut alimenter son compte épargne-temps par le report de jours de réduction du temps de travail, par le report de congés annuels et de fractionnement et si un arrêté le prévoit par le report de jours de repos compensateur. | AO32: CET_D_402 | AP32: =VLOOKUP(AO32,'Axe 2 Règles de gestion'!$D$2:$F$61,3, FALSE) -> L'agent pour pouvoir alimenter son compte épargne-temps doit avoir pris dans l'année au moins 20 jours de congés. | AQ32: CET_D_403 | AR32: =VLOOKUP(AQ32,'Axe 2 Règles de gestion'!$D$2:$F$61,3, FALSE) -> Lorsque le compte épargne-temps atteint 15 jours, l'agent peut épargner ensuite chaque année 10 jours au maximum. | AU32: CET_C_023 | AV32: =VLOOKUP(AU32,'Axe 2 Règles de gestion'!$D$2:$F$61,3, FALSE) -> Lorsque le sens de l'opération est à "Versé", le compteur global saisi est égal au compteur global de l'occurrence précédente auquel sont ajoutés les jours versés. | AW32: CET_C_026 | AX32: =VLOOKUP(AW32,'Axe 2 Règles de gestion'!$D$2:$F$61,3, FALSE) -> Lorsque le sens de l'opération est égal à "versé", le nombre de jours pour valorisation financière et le nombre de jours pour cotisation RAFP ne doivent pas être renseignés.
A33: 25.10.00 | B33: A | C33: 45994.442 | D33: D0007 | E33: Congés/Absence | F33: S0183 | G33: Compte épargne-temps | H33: E0971 | I33: Compte épargne-temps (CET) | J33: La date d'observation saisie du CET est non vide | K33: A_CET_DAGCET [Saisi] <> Vide | L33: T2360 | M33: Compte épargne-temps - Choix d'option | N33: Création Modification | O33: La date de l'opération saisie est non vide et le sens de l'opération est "Consommé" | P33: A_CET_DOOCET [Saisi] <> Vide ET A_CET_SEOCET [Saisi] = 'C' | Q33: Ouvrier des parcs et ateliers ou assimilé confirmé | R33: P0096 | S33: O | T33: Particulier | U33: Passant | V33: 45901 | X33: CET_I_036 ET CET_I_052 ET CET_I_054 ET CET_I_037 ET CET_I_038 ET CET_I_059 ET CET_D_405 ET CET_D_406 ET CET_D_408 ET CET_C_004 ET CET_C_024 ET CET_C_027 | Y33: CET_I_036 | Z33: =VLOOKUP(Y33,'Axe 2 Règles de gestion'!$D$2:$F$61,3, FALSE) -> L'agent bénéficie des dispositions applicables aux agents titulaires pour le compte épargne-temps, sauf dispositions contraires. | AA33: CET_I_052 | AB33: =VLOOKUP(AA33,'Axe 2 Règles de gestion'!$D$2:$F$61,3, FALSE) -> L'agent est informé chaque année, par l'administration, des jours épargnés et consommés. | AC33: CET_I_054 | AD33: =VLOOKUP(AC33,'Axe 2 Règles de gestion'!$D$2:$F$61,3, FALSE) -> Si le nombre de jours inscrits est supérieur à 15 jours au terme de l'année civile, l'agent ne peut utiliser ces 15 jours que sous forme de congés, pour les autres jours il doit exercer une option au plus le tard le 31 janvier de l'année suivante. | AE33: CET_I_037 | AF33: =VLOOKUP(AE33,'Axe 2 Règles de gestion'!$D$2:$F$61,3, FALSE) -> L'agent peut opter dans les proportions qu'il souhaite pour une indemnisation ou pour un maintien sur le compte épargne-temps. | AG33: CET_I_038 | AH33: =VLOOKUP(AG33,'Axe 2 Règles de gestion'!$D$2:$F$61,3, FALSE) -> Si l'agent n'exerce pas son droit d'option, les jours au-delà de 15 sont indemnisés. | AI33: CET_I_059 | AJ33: =VLOOKUP(AI33,'Axe 2 Règles de gestion'!$D$2:$F$61,3, FALSE) -> Les années suivantes, les jours ainsi épargnés excédant le plafond global de jours prévu peuvent être maintenus sur le compte épargne-temps ou être consommés. | AM33: CET_D_405 | AN33: =VLOOKUP(AM33,'Axe 2 Règles de gestion'!$D$2:$F$61,3, FALSE) -> Le nombre de jours maintenus sur le compte épargne-temps ne doit pas dépasser un plafond annuel de 60 jours. | AO33: CET_D_406 | AP33: =VLOOKUP(AO33,'Axe 2 Règles de gestion'!$D$2:$F$61,3, FALSE) -> Au terme de l'année 2024, en raison de l'organisation des jeux olympiques et paralympiques, ce plafond annuel passe à 70 jours ou si le nombre de jours épargnés au terme de l'année 2023 excède 60 jours, au nombre de jours épargnés augmentés de 10 jours. | AQ33: CET_D_408 | AR33: =VLOOKUP(AQ33,'Axe 2 Règles de gestion'!$D$2:$F$61,3, FALSE) -> Si le nombre de jours inscrits sur le compte épargne-temps est inférieur ou égal à 15 jours au terme de l'année civile, l'agent ne peut utiliser ces jours épargnés que sous forme de congés. | AU33: CET_C_004 | AV33: =VLOOKUP(AU33,'Axe 2 Règles de gestion'!$D$2:$F$61,3, FALSE) -> Le nombre de jours de l'opération doit être inférieur ou égal au nombre de jours du compteur global du CET. | AW33: CET_C_024 | AX33: =VLOOKUP(AW33,'Axe 2 Règles de gestion'!$D$2:$F$61,3, FALSE) -> Lorsque le sens de l'opération est à "consommé", le compteur global saisi est égal au compteur global de l'occurrence précédente duquel sont soustraits les jours consommés en congés, les jours pour valorisation financière et les jours pour cotisation RAFP. | AY33: CET_C_027 | AZ33: =VLOOKUP(AY33,'Axe 2 Règles de gestion'!$D$2:$F$61,3, FALSE) -> Lorsque le sens de l'opération est égal à "consommé", l'origine des jours n'est pas à renseigner.
A34: 24.10.00 | B34: A | C34: 45628.643 | D34: D0007 | E34: Congés/Absence | F34: S0183 | G34: Compte épargne-temps | H34: E0971 | I34: Compte épargne-temps (CET) | J34: La date d'observation saisie du CET est non vide | K34: A_CET_DAGCET [Saisi] <> Vide | L34: T2358 | M34: Compte épargne-temps - Ouverture | N34: Création Modification | O34: La date d'ouverture saisie est non vide et la date de l'opération est vide | P34: A_CET_DCRCET [Saisi] <> VIDE ET A_CET_DOOCET [Saisi] = VIDE | Q34: Volontaire International | R34: P0178 | S34: N | T34: Particulier | U34: Exclu | V34: 45323
A35: 24.10.00 | B35: A | C35: 45628.648 | D35: D0007 | E35: Congés/Absence | F35: S0183 | G35: Compte épargne-temps | H35: E0971 | I35: Compte épargne-temps (CET) | J35: La date d'observation saisie du CET est non vide | K35: A_CET_DAGCET [Saisi] <> Vide | L35: T2359 | M35: Compte épargne-temps - Alimentation | N35: Création Modification | O35: La date de l'opération saisie est non vide et le sens de l'opération est "Versé" | P35: A_CET_DOOCET [Saisi] <> Vide ET A_CET_SEOCET [Saisi] = 'V' | Q35: Volontaire International | R35: P0178 | S35: N | T35: Particulier | U35: Exclu | V35: 45323
A36: 24.10.00 | B36: A | C36: 45628.662 | D36: D0007 | E36: Congés/Absence | F36: S0183 | G36: Compte épargne-temps | H36: E0971 | I36: Compte épargne-temps (CET) | J36: La date d'observation saisie du CET est non vide | K36: A_CET_DAGCET [Saisi] <> Vide | L36: T2360 | M36: Compte épargne-temps - Choix d'option | N36: Création Modification | O36: La date de l'opération saisie est non vide et le sens de l'opération est "Consommé" | P36: A_CET_DOOCET [Saisi] <> Vide ET A_CET_SEOCET [Saisi] = 'C' | Q36: Volontaire International | R36: P0178 | S36: N | T36: Particulier | U36: Exclu | V36: 45323
A37: 26.00.00 | B37: A | C37: 46175.679 | D37: D0007 | E37: Congés/Absence | F37: S0183 | G37: Compte épargne-temps | H37: E0971 | I37: Compte épargne-temps (CET) | J37: La date d'observation saisie du CET est non vide | K37: A_CET_DAGCET [Saisi] <> Vide | L37: T2358 | M37: Compte épargne-temps - Ouverture | N37: Création Modification | O37: La date d'ouverture saisie est non vide et la date de l'opération est vide | P37: A_CET_DCRCET [Saisi] <> VIDE ET A_CET_DOOCET [Saisi] = VIDE | Q37: Ouvrier de la défense auxiliaire non affilié ou temporaire non mensualisé | R37: P0182 | S37: O | T37: Particulier | U37: Exclu | V37: 45323 | BC37: 2026-45
A38: 26.00.00 | B38: A | C38: 46175.68 | D38: D0007 | E38: Congés/Absence | F38: S0183 | G38: Compte épargne-temps | H38: E0971 | I38: Compte épargne-temps (CET) | J38: La date d'observation saisie du CET est non vide | K38: A_CET_DAGCET [Saisi] <> Vide | L38: T2359 | M38: Compte épargne-temps - Alimentation | N38: Création Modification | O38: La date de l'opération saisie est non vide et le sens de l'opération est "Versé" | P38: A_CET_DOOCET [Saisi] <> Vide ET A_CET_SEOCET [Saisi] = 'V' | Q38: Ouvrier de la défense auxiliaire non affilié ou temporaire non mensualisé | R38: P0182 | S38: O | T38: Particulier | U38: Exclu | V38: 45323 | BC38: 2026-45
A39: 26.00.00 | B39: A | C39: 46175.681 | D39: D0007 | E39: Congés/Absence | F39: S0183 | G39: Compte épargne-temps | H39: E0971 | I39: Compte épargne-temps (CET) | J39: La date d'observation saisie du CET est non vide | K39: A_CET_DAGCET [Saisi] <> Vide | L39: T2360 | M39: Compte épargne-temps - Choix d'option | N39: Création Modification | O39: La date de l'opération saisie est non vide et le sens de l'opération est "Consommé" | P39: A_CET_DOOCET [Saisi] <> Vide ET A_CET_SEOCET [Saisi] = 'C' | Q39: Ouvrier de la défense auxiliaire non affilié ou temporaire non mensualisé | R39: P0182 | S39: O | T39: Particulier | U39: Exclu | V39: 45323 | BC39: 2026-45
A40: 24.10.00 | B40: A | C40: 45628.643 | D40: D0007 | E40: Congés/Absence | F40: S0183 | G40: Compte épargne-temps | H40: E0971 | I40: Compte épargne-temps (CET) | J40: La date d'observation saisie du CET est non vide | K40: A_CET_DAGCET [Saisi] <> Vide | L40: T2358 | M40: Compte épargne-temps - Ouverture | N40: Création Modification | O40: La date d'ouverture saisie est non vide et la date de l'opération est vide | P40: A_CET_DCRCET [Saisi] <> VIDE ET A_CET_DOOCET [Saisi] = VIDE | Q40: Personnel civil de coopération (assistant technique) | R40: P0214 | S40: N | T40: Particulier | U40: Exclu | V40: 45323
A41: 24.10.00 | B41: A | C41: 45628.649 | D41: D0007 | E41: Congés/Absence | F41: S0183 | G41: Compte épargne-temps | H41: E0971 | I41: Compte épargne-temps (CET) | J41: La date d'observation saisie du CET est non vide | K41: A_CET_DAGCET [Saisi] <> Vide | L41: T2359 | M41: Compte épargne-temps - Alimentation | N41: Création Modification | O41: La date de l'opération saisie est non vide et le sens de l'opération est "Versé" | P41: A_CET_DOOCET [Saisi] <> Vide ET A_CET_SEOCET [Saisi] = 'V' | Q41: Personnel civil de coopération (assistant technique) | R41: P0214 | S41: N | T41: Particulier | U41: Exclu | V41: 45323
A42: 24.10.00 | B42: A | C42: 45628.663 | D42: D0007 | E42: Congés/Absence | F42: S0183 | G42: Compte épargne-temps | H42: E0971 | I42: Compte épargne-temps (CET) | J42: La date d'observation saisie du CET est non vide | K42: A_CET_DAGCET [Saisi] <> Vide | L42: T2360 | M42: Compte épargne-temps - Choix d'option | N42: Création Modification | O42: La date de l'opération saisie est non vide et le sens de l'opération est "Consommé" | P42: A_CET_DOOCET [Saisi] <> Vide ET A_CET_SEOCET [Saisi] = 'C' | Q42: Personnel civil de coopération (assistant technique) | R42: P0214 | S42: N | T42: Particulier | U42: Exclu | V42: 45323
A43: 25.10.00 | B43: A | C43: 45994.446 | D43: D0007 | E43: Congés/Absence | F43: S0183 | G43: Compte épargne-temps | H43: E0971 | I43: Compte épargne-temps (CET) | J43: La date d'observation saisie du CET est non vide | K43: A_CET_DAGCET [Saisi] <> Vide | L43: T2358 | M43: Compte épargne-temps - Ouverture | N43: Création Modification | O43: La date d'ouverture saisie est non vide et la date de l'opération est vide | P43: A_CET_DCRCET [Saisi] <> VIDE ET A_CET_DOOCET [Saisi] = VIDE | Q43: Ouvrier des parcs et ateliers stagiaire | R43: P0226 | S43: O | T43: Particulier | U43: Exclu | V43: 45901
A44: 25.10.00 | B44: A | C44: 45994.649 | D44: D0007 | E44: Congés/Absence | F44: S0183 | G44: Compte épargne-temps | H44: E0971 | I44: Compte épargne-temps (CET) | J44: La date d'observation saisie du CET est non vide | K44: A_CET_DAGCET [Saisi] <> Vide | L44: T2359 | M44: Compte épargne-temps - Alimentation | N44: Création Modification | O44: La date de l'opération saisie est non vide et le sens de l'opération est "Versé" | P44: A_CET_DOOCET [Saisi] <> Vide ET A_CET_SEOCET [Saisi] = 'V' | Q44: Ouvrier des parcs et ateliers stagiaire | R44: P0226 | S44: O | T44: Particulier | U44: Exclu | V44: 45901
A45: 25.10.00 | B45: A | C45: 45994.651 | D45: D0007 | E45: Congés/Absence | F45: S0183 | G45: Compte épargne-temps | H45: E0971 | I45: Compte épargne-temps (CET) | J45: La date d'observation saisie du CET est non vide | K45: A_CET_DAGCET [Saisi] <> Vide | L45: T2360 | M45: Compte épargne-temps - Choix d'option | N45: Création Modification | O45: La date de l'opération saisie est non vide et le sens de l'opération est "Consommé" | P45: A_CET_DOOCET [Saisi] <> Vide ET A_CET_SEOCET [Saisi] = 'C' | Q45: Ouvrier des parcs et ateliers stagiaire | R45: P0226 | S45: O | T45: Particulier | U45: Exclu | V45: 45901
A46: 24.10.00 | B46: A | C46: 45628.665 | D46: D0007 | E46: Congés/Absence | F46: S0183 | G46: Compte épargne-temps | H46: E0972 | I46: Compte épargne-temps (CET) historique | J46: La date d'observation saisie du CET historique est non vide | K46: A_CET_DAGTRA [Saisi] <> Vide | L46: T2361 | M46: Compte épargne-temps historique - Choix d'option | N46: Création Modification | O46: La date de l'opération saisie est non vide pour le CET historique | P46: A_CET_DOOCET [Saisi] <> Vide #pour le CET historique# | Q46: Titulaire ou magistrat | R46: P0001 | S46: T | T46: Général | U46: Passant | V46: 45323 | X46: CET_I_062 ET CET_I_069 ET CET_C_004 ET CET_C_024 ET CET_C_027 ET CET_C_030 | Y46: CET_I_062 | Z46: =VLOOKUP(Y46,'Axe 2 Règles de gestion'!$D$2:$F$61,3, FALSE) -> L'agent titulaire d'un compte épargne-temps historique peut utiliser ses jours épargnés sous forme de congés ou les faire indemniser ou pour une prise en compte au sein du régime additionnel de la fonction publique. | AA46: CET_I_069 | AB46: =VLOOKUP(AA46,'Axe 2 Règles de gestion'!$D$2:$F$61,3, FALSE) -> Depuis 2009, l'ouverture et l'alimentation du compte épargne-temps historique ne sont plus autorisées. | AU46: CET_C_004 | AV46: =VLOOKUP(AU46,'Axe 2 Règles de gestion'!$D$2:$F$61,3, FALSE) -> Le nombre de jours de l'opération doit être inférieur ou égal au nombre de jours du compteur global du CET. | AW46: CET_C_024 | AX46: =VLOOKUP(AW46,'Axe 2 Règles de gestion'!$D$2:$F$61,3, FALSE) -> Lorsque le sens de l'opération est à "consommé", le compteur global saisi est égal au compteur global de l'occurrence précédente duquel sont soustraits les jours consommés en congés, les jours pour valorisation financière et les jours pour cotisation RAFP. | AY46: CET_C_027 | AZ46: =VLOOKUP(AY46,'Axe 2 Règles de gestion'!$D$2:$F$61,3, FALSE) -> Lorsque le sens de l'opération est égal à "consommé", l'origine des jours n'est pas à renseigner. | BA46: CET_C_030 | BB46: =VLOOKUP(BA46,'Axe 2 Règles de gestion'!$D$2:$F$61,3, FALSE) -> Le sens de l'opération doit être à "consommé".
A47: 24.10.00 | B47: A | C47: 45628.665 | D47: D0007 | E47: Congés/Absence | F47: S0183 | G47: Compte épargne-temps | H47: E0972 | I47: Compte épargne-temps (CET) historique | J47: La date d'observation saisie du CET historique est non vide | K47: A_CET_DAGTRA [Saisi] <> Vide | L47: T2361 | M47: Compte épargne-temps historique - Choix d'option | N47: Création Modification | O47: La date de l'opération saisie est non vide pour le CET historique | P47: A_CET_DOOCET [Saisi] <> Vide #pour le CET historique# | Q47: Militaire | R47: P0002 | S47: M | T47: Général | U47: Exclu | V47: 45323
A48: 25.10.00 | B48: M | C48: 45994.658 | D48: D0007 | E48: Congés/Absence | F48: S0183 | G48: Compte épargne-temps | H48: E0972 | I48: Compte épargne-temps (CET) historique | J48: La date d'observation saisie du CET historique est non vide | K48: A_CET_DAGTRA [Saisi] <> Vide | L48: T2361 | M48: Compte épargne-temps historique - Choix d'option | N48: Création Modification | O48: La date de l'opération saisie est non vide pour le CET historique | P48: A_CET_DOOCET [Saisi] <> Vide #pour le CET historique# | Q48: Contractuel | R48: P0003 | S48: N | T48: Général | U48: Passant | V48: 45323 | X48: CET_I_039 ET CET_I_069 ET CET_C_004 ET CET_C_024 ET CET_C_027 ET CET_C_030 | Y48: CET_I_039 | Z48: =VLOOKUP(Y48,'Axe 2 Règles de gestion'!$D$2:$F$61,3, FALSE) -> L'agent titulaire d'un compte épargne-temps historique peut utiliser ses jours épargnés sous forme de congés ou les faire indemniser. | AA48: CET_I_069 | AB48: =VLOOKUP(AA48,'Axe 2 Règles de gestion'!$D$2:$F$61,3, FALSE) -> Depuis 2009, l'ouverture et l'alimentation du compte épargne-temps historique ne sont plus autorisées. | AU48: CET_C_004 | AV48: =VLOOKUP(AU48,'Axe 2 Règles de gestion'!$D$2:$F$61,3, FALSE) -> Le nombre de jours de l'opération doit être inférieur ou égal au nombre de jours du compteur global du CET. | AW48: CET_C_024 | AX48: =VLOOKUP(AW48,'Axe 2 Règles de gestion'!$D$2:$F$61,3, FALSE) -> Lorsque le sens de l'opération est à "consommé", le compteur global saisi est égal au compteur global de l'occurrence précédente duquel sont soustraits les jours consommés en congés, les jours pour valorisation financière et les jours pour cotisation RAFP. | AY48: CET_C_027 | AZ48: =VLOOKUP(AY48,'Axe 2 Règles de gestion'!$D$2:$F$61,3, FALSE) -> Lorsque le sens de l'opération est égal à "consommé", l'origine des jours n'est pas à renseigner. | BA48: CET_C_030 | BB48: =VLOOKUP(BA48,'Axe 2 Règles de gestion'!$D$2:$F$61,3, FALSE) -> Le sens de l'opération doit être à "consommé".
A49: 24.10.00 | B49: A | C49: 45628.666 | D49: D0007 | E49: Congés/Absence | F49: S0183 | G49: Compte épargne-temps | H49: E0972 | I49: Compte épargne-temps (CET) historique | J49: La date d'observation saisie du CET historique est non vide | K49: A_CET_DAGTRA [Saisi] <> Vide | L49: T2361 | M49: Compte épargne-temps historique - Choix d'option | N49: Création Modification | O49: La date de l'opération saisie est non vide pour le CET historique | P49: A_CET_DOOCET [Saisi] <> Vide #pour le CET historique# | Q49: Stagiaire ou auditeur ou élève | R49: P0004 | S49: S | T49: Général | U49: Exclu | V49: 45323
A50: 26.00.00 | B50: M | C50: 46175.681 | D50: D0007 | E50: Congés/Absence | F50: S0183 | G50: Compte épargne-temps | H50: E0972 | I50: Compte épargne-temps (CET) historique | J50: La date d'observation saisie du CET historique est non vide | K50: A_CET_DAGTRA [Saisi] <> Vide | L50: T2361 | M50: Compte épargne-temps historique - Choix d'option | N50: Création Modification | O50: La date de l'opération saisie est non vide pour le CET historique | P50: A_CET_DOOCET [Saisi] <> Vide #pour le CET historique# | Q50: Ouvrier d'état | R50: P0005 | S50: O | T50: Général | U50: Passant | V50: 45901 | X50: CET_C_029 | AU50: CET_C_029 | AV50: =VLOOKUP(AU50,'Axe 2 Règles de gestion'!$D$2:$F$61,3, FALSE) -> Pour les opérations d'inventaires, les champs "Année de référence" et "Nombre de jours demandés restant à payer (à la date d'observation)" doivent être saisis. | BC50: 2026-45
A51: 24.10.00 | B51: A | C51: 45628.666 | D51: D0007 | E51: Congés/Absence | F51: S0183 | G51: Compte épargne-temps | H51: E0972 | I51: Compte épargne-temps (CET) historique | J51: La date d'observation saisie du CET historique est non vide | K51: A_CET_DAGTRA [Saisi] <> Vide | L51: T2361 | M51: Compte épargne-temps historique - Choix d'option | N51: Création Modification | O51: La date de l'opération saisie est non vide pour le CET historique | P51: A_CET_DOOCET [Saisi] <> Vide #pour le CET historique# | Q51: Expert technique international | R51: P0018 | S51: N | T51: Particulier | U51: Exclu | V51: 45323
A52: 24.10.00 | B52: A | C52: 45628.667 | D52: D0007 | E52: Congés/Absence | F52: S0183 | G52: Compte épargne-temps | H52: E0972 | I52: Compte épargne-temps (CET) historique | J52: La date d'observation saisie du CET historique est non vide | K52: A_CET_DAGTRA [Saisi] <> Vide | L52: T2361 | M52: Compte épargne-temps historique - Choix d'option | N52: Création Modification | O52: La date de l'opération saisie est non vide pour le CET historique | P52: A_CET_DOOCET [Saisi] <> Vide #pour le CET historique# | Q52: Personnel civil payé à l'acte ou à la tâche | R52: P0054 | S52: N | T52: Particulier | U52: Exclu | V52: 45323
A53: 24.10.00 | B53: A | C53: 45628.667 | D53: D0007 | E53: Congés/Absence | F53: S0183 | G53: Compte épargne-temps | H53: E0972 | I53: Compte épargne-temps (CET) historique | J53: La date d'observation saisie du CET historique est non vide | K53: A_CET_DAGTRA [Saisi] <> Vide | L53: T2361 | M53: Compte épargne-temps historique - Choix d'option | N53: Création Modification | O53: La date de l'opération saisie est non vide pour le CET historique | P53: A_CET_DOOCET [Saisi] <> Vide #pour le CET historique# | Q53: Contractuel de droit privé | R53: P0072 | S53: N | T53: Particulier | U53: Exclu | V53: 45323
A54: 25.10.00 | B54: A | C54: 45994.443 | D54: D0007 | E54: Congés/Absence | F54: S0183 | G54: Compte épargne-temps | H54: E0972 | I54: Compte épargne-temps (CET) historique | J54: La date d'observation saisie du CET historique est non vide | K54: A_CET_DAGTRA [Saisi] <> Vide | L54: T2361 | M54: Compte épargne-temps historique - Choix d'option | N54: Création Modification | O54: La date de l'opération saisie est non vide pour le CET historique | P54: A_CET_DOOCET [Saisi] <> Vide #pour le CET historique# | Q54: Ouvrier des parcs et ateliers ou assimilé confirmé | R54: P0096 | S54: O | T54: Particulier | U54: Passant | V54: 45901 | X54: CET_I_036 ET CET_I_039 ET CET_I_069 ET CET_C_004 ET CET_C_024 ET CET_C_027 ET CET_C_030 | Y54: CET_I_036 | Z54: =VLOOKUP(Y54,'Axe 2 Règles de gestion'!$D$2:$F$61,3, FALSE) -> L'agent bénéficie des dispositions applicables aux agents titulaires pour le compte épargne-temps, sauf dispositions contraires. | AA54: CET_I_039 | AB54: =VLOOKUP(AA54,'Axe 2 Règles de gestion'!$D$2:$F$61,3, FALSE) -> L'agent titulaire d'un compte épargne-temps historique peut utiliser ses jours épargnés sous forme de congés ou les faire indemniser. | AC54: CET_I_069 | AD54: =VLOOKUP(AC54,'Axe 2 Règles de gestion'!$D$2:$F$61,3, FALSE) -> Depuis 2009, l'ouverture et l'alimentation du compte épargne-temps historique ne sont plus autorisées. | AU54: CET_C_004 | AV54: =VLOOKUP(AU54,'Axe 2 Règles de gestion'!$D$2:$F$61,3, FALSE) -> Le nombre de jours de l'opération doit être inférieur ou égal au nombre de jours du compteur global du CET. | AW54: CET_C_024 | AX54: =VLOOKUP(AW54,'Axe 2 Règles de gestion'!$D$2:$F$61,3, FALSE) -> Lorsque le sens de l'opération est à "consommé", le compteur global saisi est égal au compteur global de l'occurrence précédente duquel sont soustraits les jours consommés en congés, les jours pour valorisation financière et les jours pour cotisation RAFP. | AY54: CET_C_027 | AZ54: =VLOOKUP(AY54,'Axe 2 Règles de gestion'!$D$2:$F$61,3, FALSE) -> Lorsque le sens de l'opération est égal à "consommé", l'origine des jours n'est pas à renseigner. | BA54: CET_C_030 | BB54: =VLOOKUP(BA54,'Axe 2 Règles de gestion'!$D$2:$F$61,3, FALSE) -> Le sens de l'opération doit être à "consommé".
A55: 24.10.00 | B55: A | C55: 45628.667 | D55: D0007 | E55: Congés/Absence | F55: S0183 | G55: Compte épargne-temps | H55: E0972 | I55: Compte épargne-temps (CET) historique | J55: La date d'observation saisie du CET historique est non vide | K55: A_CET_DAGTRA [Saisi] <> Vide | L55: T2361 | M55: Compte épargne-temps historique - Choix d'option | N55: Création Modification | O55: La date de l'opération saisie est non vide pour le CET historique | P55: A_CET_DOOCET [Saisi] <> Vide #pour le CET historique# | Q55: Volontaire International | R55: P0178 | S55: N | T55: Particulier | U55: Exclu | V55: 45323
A56: 24.10.00 | B56: A | C56: 45628.667 | D56: D0007 | E56: Congés/Absence | F56: S0183 | G56: Compte épargne-temps | H56: E0972 | I56: Compte épargne-temps (CET) historique | J56: La date d'observation saisie du CET historique est non vide | K56: A_CET_DAGTRA [Saisi] <> Vide | L56: T2361 | M56: Compte épargne-temps historique - Choix d'option | N56: Création Modification | O56: La date de l'opération saisie est non vide pour le CET historique | P56: A_CET_DOOCET [Saisi] <> Vide #pour le CET historique# | Q56: Personnel civil de coopération (assistant technique) | R56: P0214 | S56: N | T56: Particulier | U56: Exclu | V56: 45323
A57: 25.10.00 | B57: A | C57: 45994.652 | D57: D0007 | E57: Congés/Absence | F57: S0183 | G57: Compte épargne-temps | H57: E0972 | I57: Compte épargne-temps (CET) historique | J57: La date d'observation saisie du CET historique est non vide | K57: A_CET_DAGTRA [Saisi] <> Vide | L57: T2361 | M57: Compte épargne-temps historique - Choix d'option | N57: Création Modification | O57: La date de l'opération saisie est non vide pour le CET historique | P57: A_CET_DOOCET [Saisi] <> Vide #pour le CET historique# | Q57: Ouvrier des parcs et ateliers stagiaire | R57: P0226 | S57: O | T57: Particulier | U57: Exclu | V57: 45901
A58: 24.10.00 | B58: A | C58: 45628.669 | D58: D0007 | E58: Congés/Absence | F58: S0183 | G58: Compte épargne-temps | H58: E0973 | I58: Compte épargne-temps (CET) - Mobilité/Fin de fonction | L58: T2362 | M58: Compte épargne-temps - Mobilité/Fin de fonction | N58: Création Modification | Q58: Titulaire ou magistrat | R58: P0001 | S58: T | T58: Général | U58: Passant | V58: 45323 | X58: CET_I_063 ET CET_I_064 ET CET_I_067 ET CET_I_068 | Y58: CET_I_063 | Z58: =VLOOKUP(Y58,'Axe 2 Règles de gestion'!$D$2:$F$61,3, FALSE) -> En cas de mutation, d'intégration directe, de mise à disposition, de détachement dans la fonction publique d'Etat, l'agent peut utiliser son compte épargne-temps. Sa gestion est assurée par l'administration d'accueil. | AA58: CET_I_064 | AB58: =VLOOKUP(AA58,'Axe 2 Règles de gestion'!$D$2:$F$61,3, FALSE) -> En cas de disponibilité ou en cas de congé parental, l'agent peut utiliser son compte épargne-temps à condition d'avoir obtenu l'autorisation de son administration d'origine. | AC58: CET_I_067 | AD58: =VLOOKUP(AC58,'Axe 2 Règles de gestion'!$D$2:$F$61,3, FALSE) -> En cas de décès de l'agent, les ayants droit bénéficient d'une indemnisation des jours accumulés sur le compte épargne-temps. | AE58: CET_I_068 | AF58: =VLOOKUP(AE58,'Axe 2 Règles de gestion'!$D$2:$F$61,3, FALSE) -> Si l'agent cesse définitivement ses fonctions, le solde éventuel de l'indemnisation dû à sa cessation de fonctions est versé à cette date.
A59: 24.10.00 | B59: A | C59: 45628.669 | D59: D0007 | E59: Congés/Absence | F59: S0183 | G59: Compte épargne-temps | H59: E0973 | I59: Compte épargne-temps (CET) - Mobilité/Fin de fonction | L59: T2362 | M59: Compte épargne-temps - Mobilité/Fin de fonction | N59: Création Modification | Q59: Militaire | R59: P0002 | S59: M | T59: Général | U59: Exclu | V59: 45323
A60: 24.10.00 | B60: A | C60: 45628.67 | D60: D0007 | E60: Congés/Absence | F60: S0183 | G60: Compte épargne-temps | H60: E0973 | I60: Compte épargne-temps (CET) - Mobilité/Fin de fonction | L60: T2362 | M60: Compte épargne-temps - Mobilité/Fin de fonction | N60: Création Modification | Q60: Contractuel | R60: P0003 | S60: N | T60: Général | U60: Passant | V60: 45323 | X60: CET_I_063 ET CET_I_065 ET CET_I_066 ET CET_I_067 ET CET_I_068 | Y60: CET_I_063 | Z60: =VLOOKUP(Y60,'Axe 2 Règles de gestion'!$D$2:$F$61,3, FALSE) -> En cas de mutation, d'intégration directe, de mise à disposition, de détachement dans la fonction publique d'Etat, l'agent peut utiliser son compte épargne-temps. Sa gestion est assurée par l'administration d'accueil. | AA60: CET_I_065 | AB60: =VLOOKUP(AA60,'Axe 2 Règles de gestion'!$D$2:$F$61,3, FALSE) -> En cas de congé parental, l'agent peut utiliser son compte épargne-temps à condition d'avoir obtenu l'autorisation de son administration d'origine. | AC60: CET_I_066 | AD60: =VLOOKUP(AC60,'Axe 2 Règles de gestion'!$D$2:$F$61,3, FALSE) -> En cas de congé de mobilité, l'agent peut utiliser son compte épargne-temps. Sa gestion est assurée par l'administration d'accueil. | AE60: CET_I_067 | AF60: =VLOOKUP(AE60,'Axe 2 Règles de gestion'!$D$2:$F$61,3, FALSE) -> En cas de décès de l'agent, les ayants droit bénéficient d'une indemnisation des jours accumulés sur le compte épargne-temps. | AG60: CET_I_068 | AH60: =VLOOKUP(AG60,'Axe 2 Règles de gestion'!$D$2:$F$61,3, FALSE) -> Si l'agent cesse définitivement ses fonctions, le solde éventuel de l'indemnisation dû à sa cessation de fonctions est versé à cette date.
A61: 24.10.00 | B61: A | C61: 45628.67 | D61: D0007 | E61: Congés/Absence | F61: S0183 | G61: Compte épargne-temps | H61: E0973 | I61: Compte épargne-temps (CET) - Mobilité/Fin de fonction | L61: T2362 | M61: Compte épargne-temps - Mobilité/Fin de fonction | N61: Création Modification | Q61: Stagiaire ou auditeur ou élève | R61: P0004 | S61: S | T61: Général | U61: Exclu | V61: 45323
A62: 26.00.00 | B62: M | C62: 46175.681 | D62: D0007 | E62: Congés/Absence | F62: S0183 | G62: Compte épargne-temps | H62: E0973 | I62: Compte épargne-temps (CET) - Mobilité/Fin de fonction | L62: T2362 | M62: Compte épargne-temps - Mobilité/Fin de fonction | N62: Création Modification | Q62: Ouvrier d'état | R62: P0005 | S62: O | T62: Général | U62: Passant | V62: 45901 | X62: CET_C_029 | AU62: CET_C_029 | AV62: =VLOOKUP(AU62,'Axe 2 Règles de gestion'!$D$2:$F$61,3, FALSE) -> Pour les opérations d'inventaires, les champs "Année de référence" et "Nombre de jours demandés restant à payer (à la date d'observation)" doivent être saisis. | BC62: 2026-45
A63: 24.10.00 | B63: A | C63: 45628.671 | D63: D0007 | E63: Congés/Absence | F63: S0183 | G63: Compte épargne-temps | H63: E0973 | I63: Compte épargne-temps (CET) - Mobilité/Fin de fonction | L63: T2362 | M63: Compte épargne-temps - Mobilité/Fin de fonction | N63: Création Modification | Q63: Expert technique international | R63: P0018 | S63: N | T63: Particulier | U63: Exclu | V63: 45323
A64: 24.10.00 | B64: A | C64: 45628.671 | D64: D0007 | E64: Congés/Absence | F64: S0183 | G64: Compte épargne-temps | H64: E0973 | I64: Compte épargne-temps (CET) - Mobilité/Fin de fonction | L64: T2362 | M64: Compte épargne-temps - Mobilité/Fin de fonction | N64: Création Modification | Q64: Personnel civil payé à l'acte ou à la tâche | R64: P0054 | S64: N | T64: Particulier | U64: Exclu | V64: 45323
A65: 24.10.00 | B65: A | C65: 45628.672 | D65: D0007 | E65: Congés/Absence | F65: S0183 | G65: Compte épargne-temps | H65: E0973 | I65: Compte épargne-temps (CET) - Mobilité/Fin de fonction | L65: T2362 | M65: Compte épargne-temps - Mobilité/Fin de fonction | N65: Création Modification | Q65: Contractuel de droit privé | R65: P0072 | S65: N | T65: Particulier | U65: Exclu | V65: 45323
A66: 26.00.00 | B66: A | C66: 46175.685 | D66: D0007 | E66: Congés/Absence | F66: S0183 | G66: Compte épargne-temps | H66: E0973 | I66: Compte épargne-temps (CET) - Mobilité/Fin de fonction | L66: T2362 | M66: Compte épargne-temps - Mobilité/Fin de fonction | N66: Création Modification | Q66: Ouvrier de la défense réglementé affilié | R66: P0093 | S66: O | T66: Particulier | U66: Passant | V66: 45323 | X66: CET_I_008 ET CET_I_033 ET CET_I_035 ET CET_I_074 ET CET_C_029 | Y66: CET_I_008 | Z66: =VLOOKUP(Y66,'Axe 2 Règles de gestion'!$D$2:$F$61,3, FALSE) -> L'administration informe annuellement l'agent des droits épargnés et consommés. | AA66: CET_I_033 | AB66: =VLOOKUP(AA66,'Axe 2 Règles de gestion'!$D$2:$F$61,3, FALSE) -> L'agent est informé de son droit à utiliser les congés accumulés à la date de clôture du compte dans un délai au moins égal à la somme de ces congés plus 1 mois. | AC66: CET_I_035 | AD66: =VLOOKUP(AC66,'Axe 2 Règles de gestion'!$D$2:$F$61,3, FALSE) -> Le service gestionnaire informe l'agent que si le nombre de jours épargnés est d'au moins 40, alors les droits à congés doivent être exercés dans un délai de 10 ans à compter de cette notification. | AE66: CET_I_074 | AF66: =VLOOKUP(AE66,'Axe 2 Règles de gestion'!$D$2:$F$61,3, FALSE) -> Les conditions de durée minimum d'accumulation et de délai, ne peuvent être opposées aux agents à la date de leur radiation des contrôles ou de leur licenciement. | AU66: CET_C_029 | AV66: =VLOOKUP(AU66,'Axe 2 Règles de gestion'!$D$2:$F$61,3, FALSE) -> Pour les opérations d'inventaires, les champs "Année de référence" et "Nombre de jours demandés restant à payer (à la date d'observation)" doivent être saisis. | BC66: 2026-45
A67: 25.10.00 | B67: A | C67: 45994.445 | D67: D0007 | E67: Congés/Absence | F67: S0183 | G67: Compte épargne-temps | H67: E0973 | I67: Compte épargne-temps (CET) - Mobilité/Fin de fonction | L67: T2362 | M67: Compte épargne-temps - Mobilité/Fin de fonction | N67: Création Modification | Q67: Ouvrier des parcs et ateliers ou assimilé confirmé | R67: P0096 | S67: O | T67: Particulier | U67: Passant | V67: 45901 | X67: CET_I_036 ET CET_I_063 ET CET_I_064 ET CET_I_067 ET CET_I_068 | Y67: CET_I_036 | Z67: =VLOOKUP(Y67,'Axe 2 Règles de gestion'!$D$2:$F$61,3, FALSE) -> L'agent bénéficie des dispositions applicables aux agents titulaires pour le compte épargne-temps, sauf dispositions contraires. | AA67: CET_I_063 | AB67: =VLOOKUP(AA67,'Axe 2 Règles de gestion'!$D$2:$F$61,3, FALSE) -> En cas de mutation, d'intégration directe, de mise à disposition, de détachement dans la fonction publique d'Etat, l'agent peut utiliser son compte épargne-temps. Sa gestion est assurée par l'administration d'accueil. | AC67: CET_I_064 | AD67: =VLOOKUP(AC67,'Axe 2 Règles de gestion'!$D$2:$F$61,3, FALSE) -> En cas de disponibilité ou en cas de congé parental, l'agent peut utiliser son compte épargne-temps à condition d'avoir obtenu l'autorisation de son administration d'origine. | AE67: CET_I_067 | AF67: =VLOOKUP(AE67,'Axe 2 Règles de gestion'!$D$2:$F$61,3, FALSE) -> En cas de décès de l'agent, les ayants droit bénéficient d'une indemnisation des jours accumulés sur le compte épargne-temps. | AG67: CET_I_068 | AH67: =VLOOKUP(AG67,'Axe 2 Règles de gestion'!$D$2:$F$61,3, FALSE) -> Si l'agent cesse définitivement ses fonctions, le solde éventuel de l'indemnisation dû à sa cessation de fonctions est versé à cette date.
A68: 24.10.00 | B68: A | C68: 45628.672 | D68: D0007 | E68: Congés/Absence | F68: S0183 | G68: Compte épargne-temps | H68: E0973 | I68: Compte épargne-temps (CET) - Mobilité/Fin de fonction | L68: T2362 | M68: Compte épargne-temps - Mobilité/Fin de fonction | N68: Création Modification | Q68: Volontaire International | R68: P0178 | S68: N | T68: Particulier | U68: Exclu | V68: 45323
A69: 26.00.00 | B69: A | C69: 46175.686 | D69: D0007 | E69: Congés/Absence | F69: S0183 | G69: Compte épargne-temps | H69: E0973 | I69: Compte épargne-temps (CET) - Mobilité/Fin de fonction | L69: T2362 | M69: Compte épargne-temps - Mobilité/Fin de fonction | N69: Création Modification | Q69: Ouvrier de la défense auxiliaire non affilié ou temporaire non mensualisé | R69: P0182 | S69: O | T69: Particulier | U69: Exclu | V69: 45323 | BC69: 2026-45
A70: 24.10.00 | B70: A | C70: 45628.672 | D70: D0007 | E70: Congés/Absence | F70: S0183 | G70: Compte épargne-temps | H70: E0973 | I70: Compte épargne-temps (CET) - Mobilité/Fin de fonction | L70: T2362 | M70: Compte épargne-temps - Mobilité/Fin de fonction | N70: Création Modification | Q70: Personnel civil de coopération (assistant technique) | R70: P0214 | S70: N | T70: Particulier | U70: Exclu | V70: 45323
A71: 25.10.00 | B71: A | C71: 45994.653 | D71: D0007 | E71: Congés/Absence | F71: S0183 | G71: Compte épargne-temps | H71: E0973 | I71: Compte épargne-temps (CET) - Mobilité/Fin de fonction | L71: T2362 | M71: Compte épargne-temps - Mobilité/Fin de fonction | N71: Création Modification | Q71: Ouvrier des parcs et ateliers stagiaire | R71: P0226 | S71: O | T71: Particulier | U71: Exclu | V71: 45901

Sheet Axe 1 Enchaînement RG Impact
A1: Version | B1: Type de mise à jour | C1: Date de mise à jour | D1: Identifiant Domaine | E1: Libellé du Domaine | F1: Identifiant Sous-domaine | G1: Libellé du Sous-domaine | H1: Identifiant Evénement | I1: Libellé de l'évènement | J1: Libellé condition déclenchement Evènement | K1: Condition déclenchement Evènement | L1: Identifiant type d'évènement | M1: Libellé type d'évènement | N1: Type de mise à jour | O1: Libellé condition déclenchement Type Evènement | P1: Condition déclenchement Type Evènement | Q1: Libellé Population | R1: Codification Population | S1: Typologie de population | T1: Général / Particulier | U1: Passant / Exclu | V1: Date de début | W1: Date de fin | X1: Impacts | Y1: Identifiant Impacts 1 | Z1: Libellé Impacts 1 | AA1: Identifiant Impacts 2 | AB1: Libellé Impacts 2 | AC1: Identifiant Impacts 3 | AD1: Libellé Impacts 3 | AE1: FIME | AF1: Statut de travail
A2: 24.10.00 | B2: A | C2: 45628.64 | D2: D0007 | E2: Congés/Absence | F2: S0183 | G2: Compte épargne-temps | H2: E0971 | I2: Compte épargne-temps (CET) | J2: La date d'observation saisie du CET est non vide | K2: A_CET_DAGCET [Saisi] <> Vide | L2: T2358 | M2: Compte épargne-temps - Ouverture | N2: Création Modification | O2: La date d'ouverture saisie est non vide et la date de l'opération est vide | P2: A_CET_DCRCET [Saisi] <> VIDE ET A_CET_DOOCET [Saisi] = VIDE | Q2: Titulaire ou magistrat | R2: P0001 | S2: T | T2: Général | U2: Passant | V2: 45323 | X2: CET_P_001 ET CET_P_006 ET CET_P_007 | Y2: CET_P_001 | Z2: =VLOOKUP(Y2,'Axe 2 Règles de gestion'!$D$2:$F$61,3, FALSE) -> Rémunération : En cas d'indemnisation, le montant versé est un montant forfaitaire qui dépend de la catégorie statutaire d'appartenance de l'agent. | AA2: CET_P_006 | AB2: =VLOOKUP(AA2,'Axe 2 Règles de gestion'!$D$2:$F$61,3, FALSE) -> Stage : L'agent ne peut pas demander l'ouverture ou l'utilisation d'un compte épargne-temps durant la durée de son stage. | AC2: CET_P_007 | AD2: =VLOOKUP(AC2,'Axe 2 Règles de gestion'!$D$2:$F$61,3, FALSE) -> Congés annuels : L'agent conserve son droit à congé annuel.
A3: 24.10.00 | B3: A | C3: 45628.644 | D3: D0007 | E3: Congés/Absence | F3: S0183 | G3: Compte épargne-temps | H3: E0971 | I3: Compte épargne-temps (CET) | J3: La date d'observation saisie du CET est non vide | K3: A_CET_DAGCET [Saisi] <> Vide | L3: T2359 | M3: Compte épargne-temps - Alimentation | N3: Création Modification | O3: La date de l'opération saisie est non vide et le sens de l'opération est "Versé" | P3: A_CET_DOOCET [Saisi] <> Vide ET A_CET_SEOCET [Saisi] = 'V' | Q3: Titulaire ou magistrat | R3: P0001 | S3: T | T3: Général | U3: Passant | V3: 45323 | W3: 45688 | X3: CET_P_001 ET CET_P_006 ET CET_P_007 | Y3: CET_P_001 | Z3: =VLOOKUP(Y3,'Axe 2 Règles de gestion'!$D$2:$F$61,3, FALSE) -> Rémunération : En cas d'indemnisation, le montant versé est un montant forfaitaire qui dépend de la catégorie statutaire d'appartenance de l'agent. | AA3: CET_P_006 | AB3: =VLOOKUP(AA3,'Axe 2 Règles de gestion'!$D$2:$F$61,3, FALSE) -> Stage : L'agent ne peut pas demander l'ouverture ou l'utilisation d'un compte épargne-temps durant la durée de son stage. | AC3: CET_P_007 | AD3: =VLOOKUP(AC3,'Axe 2 Règles de gestion'!$D$2:$F$61,3, FALSE) -> Congés annuels : L'agent conserve son droit à congé annuel.
A4: 24.10.00 | B4: A | C4: 45628.645 | D4: D0007 | E4: Congés/Absence | F4: S0183 | G4: Compte épargne-temps | H4: E0971 | I4: Compte épargne-temps (CET) | J4: La date d'observation saisie du CET est non vide | K4: A_CET_DAGCET [Saisi] <> Vide | L4: T2359 | M4: Compte épargne-temps - Alimentation | N4: Création Modification | O4: La date de l'opération saisie est non vide et le sens de l'opération est "Versé" | P4: A_CET_DOOCET [Saisi] <> Vide ET A_CET_SEOCET [Saisi] = 'V' | Q4: Titulaire ou magistrat | R4: P0001 | S4: T | T4: Général | U4: Passant | V4: 45689 | X4: CET_P_001 ET CET_P_006 ET CET_P_007 | Y4: CET_P_001 | Z4: =VLOOKUP(Y4,'Axe 2 Règles de gestion'!$D$2:$F$61,3, FALSE) -> Rémunération : En cas d'indemnisation, le montant versé est un montant forfaitaire qui dépend de la catégorie statutaire d'appartenance de l'agent. | AA4: CET_P_006 | AB4: =VLOOKUP(AA4,'Axe 2 Règles de gestion'!$D$2:$F$61,3, FALSE) -> Stage : L'agent ne peut pas demander l'ouverture ou l'utilisation d'un compte épargne-temps durant la durée de son stage. | AC4: CET_P_007 | AD4: =VLOOKUP(AC4,'Axe 2 Règles de gestion'!$D$2:$F$61,3, FALSE) -> Congés annuels : L'agent conserve son droit à congé annuel.
A5: 24.10.00 | B5: A | C5: 45628.659 | D5: D0007 | E5: Congés/Absence | F5: S0183 | G5: Compte épargne-temps | H5: E0971 | I5: Compte épargne-temps (CET) | J5: La date d'observation saisie du CET est non vide | K5: A_CET_DAGCET [Saisi] <> Vide | L5: T2360 | M5: Compte épargne-temps - Choix d'option | N5: Création Modification | O5: La date de l'opération saisie est non vide et le sens de l'opération est "Consommé" | P5: A_CET_DOOCET [Saisi] <> Vide ET A_CET_SEOCET [Saisi] = 'C' | Q5: Titulaire ou magistrat | R5: P0001 | S5: T | T5: Général | U5: Passant | V5: 45323 | X5: CET_P_001 ET CET_P_006 ET CET_P_007 | Y5: CET_P_001 | Z5: =VLOOKUP(Y5,'Axe 2 Règles de gestion'!$D$2:$F$61,3, FALSE) -> Rémunération : En cas d'indemnisation, le montant versé est un montant forfaitaire qui dépend de la catégorie statutaire d'appartenance de l'agent. | AA5: CET_P_006 | AB5: =VLOOKUP(AA5,'Axe 2 Règles de gestion'!$D$2:$F$61,3, FALSE) -> Stage : L'agent ne peut pas demander l'ouverture ou l'utilisation d'un compte épargne-temps durant la durée de son stage. | AC5: CET_P_007 | AD5: =VLOOKUP(AC5,'Axe 2 Règles de gestion'!$D$2:$F$61,3, FALSE) -> Congés annuels : L'agent conserve son droit à congé annuel.
A6: 24.10.00 | B6: A | C6: 45628.64 | D6: D0007 | E6: Congés/Absence | F6: S0183 | G6: Compte épargne-temps | H6: E0971 | I6: Compte épargne-temps (CET) | J6: La date d'observation saisie du CET est non vide | K6: A_CET_DAGCET [Saisi] <> Vide | L6: T2358 | M6: Compte épargne-temps - Ouverture | N6: Création Modification | O6: La date d'ouverture saisie est non vide et la date de l'opération est vide | P6: A_CET_DCRCET [Saisi] <> VIDE ET A_CET_DOOCET [Saisi] = VIDE | Q6: Militaire | R6: P0002 | S6: M | T6: Général | U6: Exclu | V6: 45323
A7: 24.10.00 | B7: A | C7: 45628.645 | D7: D0007 | E7: Congés/Absence | F7: S0183 | G7: Compte épargne-temps | H7: E0971 | I7: Compte épargne-temps (CET) | J7: La date d'observation saisie du CET est non vide | K7: A_CET_DAGCET [Saisi] <> Vide | L7: T2359 | M7: Compte épargne-temps - Alimentation | N7: Création Modification | O7: La date de l'opération saisie est non vide et le sens de l'opération est "Versé" | P7: A_CET_DOOCET [Saisi] <> Vide ET A_CET_SEOCET [Saisi] = 'V' | Q7: Militaire | R7: P0002 | S7: M | T7: Général | U7: Exclu | V7: 45323
A8: 24.10.00 | B8: A | C8: 45628.66 | D8: D0007 | E8: Congés/Absence | F8: S0183 | G8: Compte épargne-temps | H8: E0971 | I8: Compte épargne-temps (CET) | J8: La date d'observation saisie du CET est non vide | K8: A_CET_DAGCET [Saisi] <> Vide | L8: T2360 | M8: Compte épargne-temps - Choix d'option | N8: Création Modification | O8: La date de l'opération saisie est non vide et le sens de l'opération est "Consommé" | P8: A_CET_DOOCET [Saisi] <> Vide ET A_CET_SEOCET [Saisi] = 'C' | Q8: Militaire | R8: P0002 | S8: M | T8: Général | U8: Exclu | V8: 45323
A9: 24.10.00 | B9: A | C9: 45628.64 | D9: D0007 | E9: Congés/Absence | F9: S0183 | G9: Compte épargne-temps | H9: E0971 | I9: Compte épargne-temps (CET) | J9: La date d'observation saisie du CET est non vide | K9: A_CET_DAGCET [Saisi] <> Vide | L9: T2358 | M9: Compte épargne-temps - Ouverture | N9: Création Modification | O9: La date d'ouverture saisie est non vide et la date de l'opération est vide | P9: A_CET_DCRCET [Saisi] <> VIDE ET A_CET_DOOCET [Saisi] = VIDE | Q9: Contractuel | R9: P0003 | S9: N | T9: Général | U9: Passant | V9: 45323 | X9: CET_P_001 ET CET_P_007 | Y9: CET_P_001 | Z9: =VLOOKUP(Y9,'Axe 2 Règles de gestion'!$D$2:$F$61,3, FALSE) -> Rémunération : En cas d'indemnisation, le montant versé est un montant forfaitaire qui dépend de la catégorie statutaire d'appartenance de l'agent. | AA9: CET_P_007 | AB9: =VLOOKUP(AA9,'Axe 2 Règles de gestion'!$D$2:$F$61,3, FALSE) -> Congés annuels : L'agent conserve son droit à congé annuel.
A10: 24.10.00 | B10: A | C10: 45635.722 | D10: D0007 | E10: Congés/Absence | F10: S0183 | G10: Compte épargne-temps | H10: E0971 | I10: Compte épargne-temps (CET) | J10: La date d'observation saisie du CET est non vide | K10: A_CET_DAGCET [Saisi] <> Vide | L10: T2359 | M10: Compte épargne-temps - Alimentation | N10: Création Modification | O10: La date de l'opération saisie est non vide et le sens de l'opération est "Versé" | P10: A_CET_DOOCET [Saisi] <> Vide ET A_CET_SEOCET [Saisi] = 'V' | Q10: Contractuel | R10: P0003 | S10: N | T10: Général | U10: Passant | V10: 45323 | W10: 45688 | X10: CET_P_001 ET CET_P_007 | Y10: CET_P_001 | Z10: =VLOOKUP(Y10,'Axe 2 Règles de gestion'!$D$2:$F$61,3, FALSE) -> Rémunération : En cas d'indemnisation, le montant versé est un montant forfaitaire qui dépend de la catégorie statutaire d'appartenance de l'agent. | AA10: CET_P_007 | AB10: =VLOOKUP(AA10,'Axe 2 Règles de gestion'!$D$2:$F$61,3, FALSE) -> Congés annuels : L'agent conserve son droit à congé annuel.
A11: 24.10.00 | B11: A | C11: 45635.722 | D11: D0007 | E11: Congés/Absence | F11: S0183 | G11: Compte épargne-temps | H11: E0971 | I11: Compte épargne-temps (CET) | J11: La date d'observation saisie du CET est non vide | K11: A_CET_DAGCET [Saisi] <> Vide | L11: T2359 | M11: Compte épargne-temps - Alimentation | N11: Création Modification | O11: La date de l'opération saisie est non vide et le sens de l'opération est "Versé" | P11: A_CET_DOOCET [Saisi] <> Vide ET A_CET_SEOCET [Saisi] = 'V' | Q11: Contractuel | R11: P0003 | S11: N | T11: Général | U11: Passant | V11: 45689 | X11: CET_P_001 ET CET_P_007 | Y11: CET_P_001 | Z11: =VLOOKUP(Y11,'Axe 2 Règles de gestion'!$D$2:$F$61,3, FALSE) -> Rémunération : En cas d'indemnisation, le montant versé est un montant forfaitaire qui dépend de la catégorie statutaire d'appartenance de l'agent. | AA11: CET_P_007 | AB11: =VLOOKUP(AA11,'Axe 2 Règles de gestion'!$D$2:$F$61,3, FALSE) -> Congés annuels : L'agent conserve son droit à congé annuel.
A12: 24.10.00 | B12: A | C12: 45628.66 | D12: D0007 | E12: Congés/Absence | F12: S0183 | G12: Compte épargne-temps | H12: E0971 | I12: Compte épargne-temps (CET) | J12: La date d'observation saisie du CET est non vide | K12: A_CET_DAGCET [Saisi] <> Vide | L12: T2360 | M12: Compte épargne-temps - Choix d'option | N12: Création Modification | O12: La date de l'opération saisie est non vide et le sens de l'opération est "Consommé" | P12: A_CET_DOOCET [Saisi] <> Vide ET A_CET_SEOCET [Saisi] = 'C' | Q12: Contractuel | R12: P0003 | S12: N | T12: Général | U12: Passant | V12: 45323 | X12: CET_P_001 ET CET_P_007 | Y12: CET_P_001 | Z12: =VLOOKUP(Y12,'Axe 2 Règles de gestion'!$D$2:$F$61,3, FALSE) -> Rémunération : En cas d'indemnisation, le montant versé est un montant forfaitaire qui dépend de la catégorie statutaire d'appartenance de l'agent. | AA12: CET_P_007 | AB12: =VLOOKUP(AA12,'Axe 2 Règles de gestion'!$D$2:$F$61,3, FALSE) -> Congés annuels : L'agent conserve son droit à congé annuel.
A13: 24.10.00 | B13: A | C13: 45628.641 | D13: D0007 | E13: Congés/Absence | F13: S0183 | G13: Compte épargne-temps | H13: E0971 | I13: Compte épargne-temps (CET) | J13: La date d'observation saisie du CET est non vide | K13: A_CET_DAGCET [Saisi] <> Vide | L13: T2358 | M13: Compte épargne-temps - Ouverture | N13: Création Modification | O13: La date d'ouverture saisie est non vide et la date de l'opération est vide | P13: A_CET_DCRCET [Saisi] <> VIDE ET A_CET_DOOCET [Saisi] = VIDE | Q13: Stagiaire ou auditeur ou élève | R13: P0004 | S13: S | T13: Général | U13: Exclu | V13: 45323
A14: 24.10.00 | B14: A | C14: 45628.647 | D14: D0007 | E14: Congés/Absence | F14: S0183 | G14: Compte épargne-temps | H14: E0971 | I14: Compte épargne-temps (CET) | J14: La date d'observation saisie du CET est non vide | K14: A_CET_DAGCET [Saisi] <> Vide | L14: T2359 | M14: Compte épargne-temps - Alimentation | N14: Création Modification | O14: La date de l'opération saisie est non vide et le sens de l'opération est "Versé" | P14: A_CET_DOOCET [Saisi] <> Vide ET A_CET_SEOCET [Saisi] = 'V' | Q14: Stagiaire ou auditeur ou élève | R14: P0004 | S14: S | T14: Général | U14: Exclu | V14: 45323
A15: 24.10.00 | B15: A | C15: 45628.661 | D15: D0007 | E15: Congés/Absence | F15: S0183 | G15: Compte épargne-temps | H15: E0971 | I15: Compte épargne-temps (CET) | J15: La date d'observation saisie du CET est non vide | K15: A_CET_DAGCET [Saisi] <> Vide | L15: T2360 | M15: Compte épargne-temps - Choix d'option | N15: Création Modification | O15: La date de l'opération saisie est non vide et le sens de l'opération est "Consommé" | P15: A_CET_DOOCET [Saisi] <> Vide ET A_CET_SEOCET [Saisi] = 'C' | Q15: Stagiaire ou auditeur ou élève | R15: P0004 | S15: S | T15: Général | U15: Exclu | V15: 45323
A16: 26.00.00 | B16: M | C16: 46175.674 | D16: D0007 | E16: Congés/Absence | F16: S0183 | G16: Compte épargne-temps | H16: E0971 | I16: Compte épargne-temps (CET) | J16: La date d'observation saisie du CET est non vide | K16: A_CET_DAGCET [Saisi] <> Vide | L16: T2358 | M16: Compte épargne-temps - Ouverture | N16: Création Modification | O16: La date d'ouverture saisie est non vide et la date de l'opération est vide | P16: A_CET_DCRCET [Saisi] <> VIDE ET A_CET_DOOCET [Saisi] = VIDE | Q16: Ouvrier d'état | R16: P0005 | S16: O | T16: Général | U16: Passant | V16: 45901 | AE16: 2026-45
A17: 26.00.00 | B17: M | C17: 46175.674 | D17: D0007 | E17: Congés/Absence | F17: S0183 | G17: Compte épargne-temps | H17: E0971 | I17: Compte épargne-temps (CET) | J17: La date d'observation saisie du CET est non vide | K17: A_CET_DAGCET [Saisi] <> Vide | L17: T2359 | M17: Compte épargne-temps - Alimentation | N17: Création Modification | O17: La date de l'opération saisie est non vide et le sens de l'opération est "Versé" | P17: A_CET_DOOCET [Saisi] <> Vide ET A_CET_SEOCET [Saisi] = 'V' | Q17: Ouvrier d'état | R17: P0005 | S17: O | T17: Général | U17: Passant | V17: 45901 | AE17: 2026-45
A18: 26.00.00 | B18: M | C18: 46175.675 | D18: D0007 | E18: Congés/Absence | F18: S0183 | G18: Compte épargne-temps | H18: E0971 | I18: Compte épargne-temps (CET) | J18: La date d'observation saisie du CET est non vide | K18: A_CET_DAGCET [Saisi] <> Vide | L18: T2360 | M18: Compte épargne-temps - Choix d'option | N18: Création Modification | O18: La date de l'opération saisie est non vide et le sens de l'opération est "Consommé" | P18: A_CET_DOOCET [Saisi] <> Vide ET A_CET_SEOCET [Saisi] = 'C' | Q18: Ouvrier d'état | R18: P0005 | S18: O | T18: Général | U18: Passant | V18: 45901 | AE18: 2026-45
A19: 24.10.00 | B19: A | C19: 45628.642 | D19: D0007 | E19: Congés/Absence | F19: S0183 | G19: Compte épargne-temps | H19: E0971 | I19: Compte épargne-temps (CET) | J19: La date d'observation saisie du CET est non vide | K19: A_CET_DAGCET [Saisi] <> Vide | L19: T2358 | M19: Compte épargne-temps - Ouverture | N19: Création Modification | O19: La date d'ouverture saisie est non vide et la date de l'opération est vide | P19: A_CET_DCRCET [Saisi] <> VIDE ET A_CET_DOOCET [Saisi] = VIDE | Q19: Expert technique international | R19: P0018 | S19: N | T19: Particulier | U19: Exclu | V19: 45323
A20: 24.10.00 | B20: A | C20: 45628.647 | D20: D0007 | E20: Congés/Absence | F20: S0183 | G20: Compte épargne-temps | H20: E0971 | I20: Compte épargne-temps (CET) | J20: La date d'observation saisie du CET est non vide | K20: A_CET_DAGCET [Saisi] <> Vide | L20: T2359 | M20: Compte épargne-temps - Alimentation | N20: Création Modification | O20: La date de l'opération saisie est non vide et le sens de l'opération est "Versé" | P20: A_CET_DOOCET [Saisi] <> Vide ET A_CET_SEOCET [Saisi] = 'V' | Q20: Expert technique international | R20: P0018 | S20: N | T20: Particulier | U20: Exclu | V20: 45323
A21: 24.10.00 | B21: A | C21: 45628.662 | D21: D0007 | E21: Congés/Absence | F21: S0183 | G21: Compte épargne-temps | H21: E0971 | I21: Compte épargne-temps (CET) | J21: La date d'observation saisie du CET est non vide | K21: A_CET_DAGCET [Saisi] <> Vide | L21: T2360 | M21: Compte épargne-temps - Choix d'option | N21: Création Modification | O21: La date de l'opération saisie est non vide et le sens de l'opération est "Consommé" | P21: A_CET_DOOCET [Saisi] <> Vide ET A_CET_SEOCET [Saisi] = 'C' | Q21: Expert technique international | R21: P0018 | S21: N | T21: Particulier | U21: Exclu | V21: 45323
A22: 24.10.00 | B22: A | C22: 45628.642 | D22: D0007 | E22: Congés/Absence | F22: S0183 | G22: Compte épargne-temps | H22: E0971 | I22: Compte épargne-temps (CET) | J22: La date d'observation saisie du CET est non vide | K22: A_CET_DAGCET [Saisi] <> Vide | L22: T2358 | M22: Compte épargne-temps - Ouverture | N22: Création Modification | O22: La date d'ouverture saisie est non vide et la date de l'opération est vide | P22: A_CET_DCRCET [Saisi] <> VIDE ET A_CET_DOOCET [Saisi] = VIDE | Q22: Personnel civil payé à l'acte ou à la tâche | R22: P0054 | S22: N | T22: Particulier | U22: Exclu | V22: 45323
A23: 24.10.00 | B23: A | C23: 45628.648 | D23: D0007 | E23: Congés/Absence | F23: S0183 | G23: Compte épargne-temps | H23: E0971 | I23: Compte épargne-temps (CET) | J23: La date d'observation saisie du CET est non vide | K23: A_CET_DAGCET [Saisi] <> Vide | L23: T2359 | M23: Compte épargne-temps - Alimentation | N23: Création Modification | O23: La date de l'opération saisie est non vide et le sens de l'opération est "Versé" | P23: A_CET_DOOCET [Saisi] <> Vide ET A_CET_SEOCET [Saisi] = 'V' | Q23: Personnel civil payé à l'acte ou à la tâche | R23: P0054 | S23: N | T23: Particulier | U23: Exclu | V23: 45323
A24: 24.10.00 | B24: A | C24: 45628.662 | D24: D0007 | E24: Congés/Absence | F24: S0183 | G24: Compte épargne-temps | H24: E0971 | I24: Compte épargne-temps (CET) | J24: La date d'observation saisie du CET est non vide | K24: A_CET_DAGCET [Saisi] <> Vide | L24: T2360 | M24: Compte épargne-temps - Choix d'option | N24: Création Modification | O24: La date de l'opération saisie est non vide et le sens de l'opération est "Consommé" | P24: A_CET_DOOCET [Saisi] <> Vide ET A_CET_SEOCET [Saisi] = 'C' | Q24: Personnel civil payé à l'acte ou à la tâche | R24: P0054 | S24: N | T24: Particulier | U24: Exclu | V24: 45323
A25: 24.10.00 | B25: A | C25: 45628.642 | D25: D0007 | E25: Congés/Absence | F25: S0183 | G25: Compte épargne-temps | H25: E0971 | I25: Compte épargne-temps (CET) | J25: La date d'observation saisie du CET est non vide | K25: A_CET_DAGCET [Saisi] <> Vide | L25: T2358 | M25: Compte épargne-temps - Ouverture | N25: Création Modification | O25: La date d'ouverture saisie est non vide et la date de l'opération est vide | P25: A_CET_DCRCET [Saisi] <> VIDE ET A_CET_DOOCET [Saisi] = VIDE | Q25: Contractuel de droit privé | R25: P0072 | S25: N | T25: Particulier | U25: Exclu | V25: 45323
A26: 24.10.00 | B26: A | C26: 45628.648 | D26: D0007 | E26: Congés/Absence | F26: S0183 | G26: Compte épargne-temps | H26: E0971 | I26: Compte épargne-temps (CET) | J26: La date d'observation saisie du CET est non vide | K26: A_CET_DAGCET [Saisi] <> Vide | L26: T2359 | M26: Compte épargne-temps - Alimentation | N26: Création Modification | O26: La date de l'opération saisie est non vide et le sens de l'opération est "Versé" | P26: A_CET_DOOCET [Saisi] <> Vide ET A_CET_SEOCET [Saisi] = 'V' | Q26: Contractuel de droit privé | R26: P0072 | S26: N | T26: Particulier | U26: Exclu | V26: 45323
A27: 24.10.00 | B27: A | C27: 45628.662 | D27: D0007 | E27: Congés/Absence | F27: S0183 | G27: Compte épargne-temps | H27: E0971 | I27: Compte épargne-temps (CET) | J27: La date d'observation saisie du CET est non vide | K27: A_CET_DAGCET [Saisi] <> Vide | L27: T2360 | M27: Compte épargne-temps - Choix d'option | N27: Création Modification | O27: La date de l'opération saisie est non vide et le sens de l'opération est "Consommé" | P27: A_CET_DOOCET [Saisi] <> Vide ET A_CET_SEOCET [Saisi] = 'C' | Q27: Contractuel de droit privé | R27: P0072 | S27: N | T27: Particulier | U27: Exclu | V27: 45323
A28: 26.00.00 | B28: A | C28: 46175.676 | D28: D0007 | E28: Congés/Absence | F28: S0183 | G28: Compte épargne-temps | H28: E0971 | I28: Compte épargne-temps (CET) | J28: La date d'observation saisie du CET est non vide | K28: A_CET_DAGCET [Saisi] <> Vide | L28: T2358 | M28: Compte épargne-temps - Ouverture | N28: Création Modification | O28: La date d'ouverture saisie est non vide et la date de l'opération est vide | P28: A_CET_DCRCET [Saisi] <> VIDE ET A_CET_DOOCET [Saisi] = VIDE | Q28: Ouvrier de la défense réglementé affilié | R28: P0093 | S28: O | T28: Particulier | U28: Passant | V28: 45323 | AE28: 2026-45
A29: 26.00.00 | B29: A | C29: 46175.677 | D29: D0007 | E29: Congés/Absence | F29: S0183 | G29: Compte épargne-temps | H29: E0971 | I29: Compte épargne-temps (CET) | J29: La date d'observation saisie du CET est non vide | K29: A_CET_DAGCET [Saisi] <> Vide | L29: T2359 | M29: Compte épargne-temps - Alimentation | N29: Création Modification | O29: La date de l'opération saisie est non vide et le sens de l'opération est "Versé" | P29: A_CET_DOOCET [Saisi] <> Vide ET A_CET_SEOCET [Saisi] = 'V' | Q29: Ouvrier de la défense réglementé affilié | R29: P0093 | S29: O | T29: Particulier | U29: Passant | V29: 45323 | AE29: 2026-45
A30: 26.00.00 | B30: A | C30: 46175.679 | D30: D0007 | E30: Congés/Absence | F30: S0183 | G30: Compte épargne-temps | H30: E0971 | I30: Compte épargne-temps (CET) | J30: La date d'observation saisie du CET est non vide | K30: A_CET_DAGCET [Saisi] <> Vide | L30: T2360 | M30: Compte épargne-temps - Choix d'option | N30: Création Modification | O30: La date de l'opération saisie est non vide et le sens de l'opération est "Consommé" | P30: A_CET_DOOCET [Saisi] <> Vide ET A_CET_SEOCET [Saisi] = 'C' | Q30: Ouvrier de la défense réglementé affilié | R30: P0093 | S30: O | T30: Particulier | U30: Passant | V30: 45323 | AE30: 2026-45
A31: 25.10.00 | B31: A | C31: 45994.438 | D31: D0007 | E31: Congés/Absence | F31: S0183 | G31: Compte épargne-temps | H31: E0971 | I31: Compte épargne-temps (CET) | J31: La date d'observation saisie du CET est non vide | K31: A_CET_DAGCET [Saisi] <> Vide | L31: T2358 | M31: Compte épargne-temps - Ouverture | N31: Création Modification | O31: La date d'ouverture saisie est non vide et la date de l'opération est vide | P31: A_CET_DCRCET [Saisi] <> VIDE ET A_CET_DOOCET [Saisi] = VIDE | Q31: Ouvrier des parcs et ateliers ou assimilé confirmé | R31: P0096 | S31: O | T31: Particulier | U31: Passant | V31: 45901
A32: 25.10.00 | B32: A | C32: 45994.44 | D32: D0007 | E32: Congés/Absence | F32: S0183 | G32: Compte épargne-temps | H32: E0971 | I32: Compte épargne-temps (CET) | J32: La date d'observation saisie du CET est non vide | K32: A_CET_DAGCET [Saisi] <> Vide | L32: T2359 | M32: Compte épargne-temps - Alimentation | N32: Création Modification | O32: La date de l'opération saisie est non vide et le sens de l'opération est "Versé" | P32: A_CET_DOOCET [Saisi] <> Vide ET A_CET_SEOCET [Saisi] = 'V' | Q32: Ouvrier des parcs et ateliers ou assimilé confirmé | R32: P0096 | S32: O | T32: Particulier | U32: Passant | V32: 45901
A33: 25.10.00 | B33: A | C33: 45994.442 | D33: D0007 | E33: Congés/Absence | F33: S0183 | G33: Compte épargne-temps | H33: E0971 | I33: Compte épargne-temps (CET) | J33: La date d'observation saisie du CET est non vide | K33: A_CET_DAGCET [Saisi] <> Vide | L33: T2360 | M33: Compte épargne-temps - Choix d'option | N33: Création Modification | O33: La date de l'opération saisie est non vide et le sens de l'opération est "Consommé" | P33: A_CET_DOOCET [Saisi] <> Vide ET A_CET_SEOCET [Saisi] = 'C' | Q33: Ouvrier des parcs et ateliers ou assimilé confirmé | R33: P0096 | S33: O | T33: Particulier | U33: Passant | V33: 45901
A34: 24.10.00 | B34: A | C34: 45628.643 | D34: D0007 | E34: Congés/Absence | F34: S0183 | G34: Compte épargne-temps | H34: E0971 | I34: Compte épargne-temps (CET) | J34: La date d'observation saisie du CET est non vide | K34: A_CET_DAGCET [Saisi] <> Vide | L34: T2358 | M34: Compte épargne-temps - Ouverture | N34: Création Modification | O34: La date d'ouverture saisie est non vide et la date de l'opération est vide | P34: A_CET_DCRCET [Saisi] <> VIDE ET A_CET_DOOCET [Saisi] = VIDE | Q34: Volontaire International | R34: P0178 | S34: N | T34: Particulier | U34: Exclu | V34: 45323
A35: 24.10.00 | B35: A | C35: 45628.648 | D35: D0007 | E35: Congés/Absence | F35: S0183 | G35: Compte épargne-temps | H35: E0971 | I35: Compte épargne-temps (CET) | J35: La date d'observation saisie du CET est non vide | K35: A_CET_DAGCET [Saisi] <> Vide | L35: T2359 | M35: Compte épargne-temps - Alimentation | N35: Création Modification | O35: La date de l'opération saisie est non vide et le sens de l'opération est "Versé" | P35: A_CET_DOOCET [Saisi] <> Vide ET A_CET_SEOCET [Saisi] = 'V' | Q35: Volontaire International | R35: P0178 | S35: N | T35: Particulier | U35: Exclu | V35: 45323
A36: 24.10.00 | B36: A | C36: 45628.662 | D36: D0007 | E36: Congés/Absence | F36: S0183 | G36: Compte épargne-temps | H36: E0971 | I36: Compte épargne-temps (CET) | J36: La date d'observation saisie du CET est non vide | K36: A_CET_DAGCET [Saisi] <> Vide | L36: T2360 | M36: Compte épargne-temps - Choix d'option | N36: Création Modification | O36: La date de l'opération saisie est non vide et le sens de l'opération est "Consommé" | P36: A_CET_DOOCET [Saisi] <> Vide ET A_CET_SEOCET [Saisi] = 'C' | Q36: Volontaire International | R36: P0178 | S36: N | T36: Particulier | U36: Exclu | V36: 45323
A37: 26.00.00 | B37: A | C37: 46175.679 | D37: D0007 | E37: Congés/Absence | F37: S0183 | G37: Compte épargne-temps | H37: E0971 | I37: Compte épargne-temps (CET) | J37: La date d'observation saisie du CET est non vide | K37: A_CET_DAGCET [Saisi] <> Vide | L37: T2358 | M37: Compte épargne-temps - Ouverture | N37: Création Modification | O37: La date d'ouverture saisie est non vide et la date de l'opération est vide | P37: A_CET_DCRCET [Saisi] <> VIDE ET A_CET_DOOCET [Saisi] = VIDE | Q37: Ouvrier de la défense auxiliaire non affilié ou temporaire non mensualisé | R37: P0182 | S37: O | T37: Particulier | U37: Exclu | V37: 45323 | AE37: 2026-45
A38: 26.00.00 | B38: A | C38: 46175.68 | D38: D0007 | E38: Congés/Absence | F38: S0183 | G38: Compte épargne-temps | H38: E0971 | I38: Compte épargne-temps (CET) | J38: La date d'observation saisie du CET est non vide | K38: A_CET_DAGCET [Saisi] <> Vide | L38: T2359 | M38: Compte épargne-temps - Alimentation | N38: Création Modification | O38: La date de l'opération saisie est non vide et le sens de l'opération est "Versé" | P38: A_CET_DOOCET [Saisi] <> Vide ET A_CET_SEOCET [Saisi] = 'V' | Q38: Ouvrier de la défense auxiliaire non affilié ou temporaire non mensualisé | R38: P0182 | S38: O | T38: Particulier | U38: Exclu | V38: 45323 | AE38: 2026-45
A39: 26.00.00 | B39: A | C39: 46175.681 | D39: D0007 | E39: Congés/Absence | F39: S0183 | G39: Compte épargne-temps | H39: E0971 | I39: Compte épargne-temps (CET) | J39: La date d'observation saisie du CET est non vide | K39: A_CET_DAGCET [Saisi] <> Vide | L39: T2360 | M39: Compte épargne-temps - Choix d'option | N39: Création Modification | O39: La date de l'opération saisie est non vide et le sens de l'opération est "Consommé" | P39: A_CET_DOOCET [Saisi] <> Vide ET A_CET_SEOCET [Saisi] = 'C' | Q39: Ouvrier de la défense auxiliaire non affilié ou temporaire non mensualisé | R39: P0182 | S39: O | T39: Particulier | U39: Exclu | V39: 45323 | AE39: 2026-45
A40: 24.10.00 | B40: A | C40: 45628.643 | D40: D0007 | E40: Congés/Absence | F40: S0183 | G40: Compte épargne-temps | H40: E0971 | I40: Compte épargne-temps (CET) | J40: La date d'observation saisie du CET est non vide | K40: A_CET_DAGCET [Saisi] <> Vide | L40: T2358 | M40: Compte épargne-temps - Ouverture | N40: Création Modification | O40: La date d'ouverture saisie est non vide et la date de l'opération est vide | P40: A_CET_DCRCET [Saisi] <> VIDE ET A_CET_DOOCET [Saisi] = VIDE | Q40: Personnel civil de coopération (assistant technique) | R40: P0214 | S40: N | T40: Particulier | U40: Exclu | V40: 45323
A41: 24.10.00 | B41: A | C41: 45628.649 | D41: D0007 | E41: Congés/Absence | F41: S0183 | G41: Compte épargne-temps | H41: E0971 | I41: Compte épargne-temps (CET) | J41: La date d'observation saisie du CET est non vide | K41: A_CET_DAGCET [Saisi] <> Vide | L41: T2359 | M41: Compte épargne-temps - Alimentation | N41: Création Modification | O41: La date de l'opération saisie est non vide et le sens de l'opération est "Versé" | P41: A_CET_DOOCET [Saisi] <> Vide ET A_CET_SEOCET [Saisi] = 'V' | Q41: Personnel civil de coopération (assistant technique) | R41: P0214 | S41: N | T41: Particulier | U41: Exclu | V41: 45323
A42: 24.10.00 | B42: A | C42: 45628.663 | D42: D0007 | E42: Congés/Absence | F42: S0183 | G42: Compte épargne-temps | H42: E0971 | I42: Compte épargne-temps (CET) | J42: La date d'observation saisie du CET est non vide | K42: A_CET_DAGCET [Saisi] <> Vide | L42: T2360 | M42: Compte épargne-temps - Choix d'option | N42: Création Modification | O42: La date de l'opération saisie est non vide et le sens de l'opération est "Consommé" | P42: A_CET_DOOCET [Saisi] <> Vide ET A_CET_SEOCET [Saisi] = 'C' | Q42: Personnel civil de coopération (assistant technique) | R42: P0214 | S42: N | T42: Particulier | U42: Exclu | V42: 45323
A43: 25.10.00 | B43: A | C43: 45994.446 | D43: D0007 | E43: Congés/Absence | F43: S0183 | G43: Compte épargne-temps | H43: E0971 | I43: Compte épargne-temps (CET) | J43: La date d'observation saisie du CET est non vide | K43: A_CET_DAGCET [Saisi] <> Vide | L43: T2358 | M43: Compte épargne-temps - Ouverture | N43: Création Modification | O43: La date d'ouverture saisie est non vide et la date de l'opération est vide | P43: A_CET_DCRCET [Saisi] <> VIDE ET A_CET_DOOCET [Saisi] = VIDE | Q43: Ouvrier des parcs et ateliers stagiaire | R43: P0226 | S43: O | T43: Particulier | U43: Exclu | V43: 45901
A44: 25.10.00 | B44: A | C44: 45994.649 | D44: D0007 | E44: Congés/Absence | F44: S0183 | G44: Compte épargne-temps | H44: E0971 | I44: Compte épargne-temps (CET) | J44: La date d'observation saisie du CET est non vide | K44: A_CET_DAGCET [Saisi] <> Vide | L44: T2359 | M44: Compte épargne-temps - Alimentation | N44: Création Modification | O44: La date de l'opération saisie est non vide et le sens de l'opération est "Versé" | P44: A_CET_DOOCET [Saisi] <> Vide ET A_CET_SEOCET [Saisi] = 'V' | Q44: Ouvrier des parcs et ateliers stagiaire | R44: P0226 | S44: O | T44: Particulier | U44: Exclu | V44: 45901
A45: 25.10.00 | B45: A | C45: 45994.651 | D45: D0007 | E45: Congés/Absence | F45: S0183 | G45: Compte épargne-temps | H45: E0971 | I45: Compte épargne-temps (CET) | J45: La date d'observation saisie du CET est non vide | K45: A_CET_DAGCET [Saisi] <> Vide | L45: T2360 | M45: Compte épargne-temps - Choix d'option | N45: Création Modification | O45: La date de l'opération saisie est non vide et le sens de l'opération est "Consommé" | P45: A_CET_DOOCET [Saisi] <> Vide ET A_CET_SEOCET [Saisi] = 'C' | Q45: Ouvrier des parcs et ateliers stagiaire | R45: P0226 | S45: O | T45: Particulier | U45: Exclu | V45: 45901
A46: 24.10.00 | B46: A | C46: 45628.665 | D46: D0007 | E46: Congés/Absence | F46: S0183 | G46: Compte épargne-temps | H46: E0972 | I46: Compte épargne-temps (CET) historique | J46: La date d'observation saisie du CET historique est non vide | K46: A_CET_DAGTRA [Saisi] <> Vide | L46: T2361 | M46: Compte épargne-temps historique - Choix d'option | N46: Création Modification | O46: La date de l'opération saisie est non vide pour le CET historique | P46: A_CET_DOOCET [Saisi] <> Vide #pour le CET historique# | Q46: Titulaire ou magistrat | R46: P0001 | S46: T | T46: Général | U46: Passant | V46: 45323 | X46: CET_P_001 ET CET_P_007 | Y46: CET_P_001 | Z46: =VLOOKUP(Y46,'Axe 2 Règles de gestion'!$D$2:$F$61,3, FALSE) -> Rémunération : En cas d'indemnisation, le montant versé est un montant forfaitaire qui dépend de la catégorie statutaire d'appartenance de l'agent. | AA46: CET_P_007 | AB46: =VLOOKUP(AA46,'Axe 2 Règles de gestion'!$D$2:$F$61,3, FALSE) -> Congés annuels : L'agent conserve son droit à congé annuel.
A47: 24.10.00 | B47: A | C47: 45628.665 | D47: D0007 | E47: Congés/Absence | F47: S0183 | G47: Compte épargne-temps | H47: E0972 | I47: Compte épargne-temps (CET) historique | J47: La date d'observation saisie du CET historique est non vide | K47: A_CET_DAGTRA [Saisi] <> Vide | L47: T2361 | M47: Compte épargne-temps historique - Choix d'option | N47: Création Modification | O47: La date de l'opération saisie est non vide pour le CET historique | P47: A_CET_DOOCET [Saisi] <> Vide #pour le CET historique# | Q47: Militaire | R47: P0002 | S47: M | T47: Général | U47: Exclu | V47: 45323
A48: 25.10.00 | B48: M | C48: 45994.658 | D48: D0007 | E48: Congés/Absence | F48: S0183 | G48: Compte épargne-temps | H48: E0972 | I48: Compte épargne-temps (CET) historique | J48: La date d'observation saisie du CET historique est non vide | K48: A_CET_DAGTRA [Saisi] <> Vide | L48: T2361 | M48: Compte épargne-temps historique - Choix d'option | N48: Création Modification | O48: La date de l'opération saisie est non vide pour le CET historique | P48: A_CET_DOOCET [Saisi] <> Vide #pour le CET historique# | Q48: Contractuel | R48: P0003 | S48: N | T48: Général | U48: Passant | V48: 45323 | X48: CET_P_001 ET CET_P_007 | Y48: CET_P_001 | Z48: =VLOOKUP(Y48,'Axe 2 Règles de gestion'!$D$2:$F$61,3, FALSE) -> Rémunération : En cas d'indemnisation, le montant versé est un montant forfaitaire qui dépend de la catégorie statutaire d'appartenance de l'agent. | AA48: CET_P_007 | AB48: =VLOOKUP(AA48,'Axe 2 Règles de gestion'!$D$2:$F$61,3, FALSE) -> Congés annuels : L'agent conserve son droit à congé annuel.
A49: 24.10.00 | B49: A | C49: 45628.666 | D49: D0007 | E49: Congés/Absence | F49: S0183 | G49: Compte épargne-temps | H49: E0972 | I49: Compte épargne-temps (CET) historique | J49: La date d'observation saisie du CET historique est non vide | K49: A_CET_DAGTRA [Saisi] <> Vide | L49: T2361 | M49: Compte épargne-temps historique - Choix d'option | N49: Création Modification | O49: La date de l'opération saisie est non vide pour le CET historique | P49: A_CET_DOOCET [Saisi] <> Vide #pour le CET historique# | Q49: Stagiaire ou auditeur ou élève | R49: P0004 | S49: S | T49: Général | U49: Exclu | V49: 45323
A50: 26.00.00 | B50: M | C50: 46175.681 | D50: D0007 | E50: Congés/Absence | F50: S0183 | G50: Compte épargne-temps | H50: E0972 | I50: Compte épargne-temps (CET) historique | J50: La date d'observation saisie du CET historique est non vide | K50: A_CET_DAGTRA [Saisi] <> Vide | L50: T2361 | M50: Compte épargne-temps historique - Choix d'option | N50: Création Modification | O50: La date de l'opération saisie est non vide pour le CET historique | P50: A_CET_DOOCET [Saisi] <> Vide #pour le CET historique# | Q50: Ouvrier d'état | R50: P0005 | S50: O | T50: Général | U50: Passant | V50: 45901 | AE50: 2026-45
A51: 24.10.00 | B51: A | C51: 45628.666 | D51: D0007 | E51: Congés/Absence | F51: S0183 | G51: Compte épargne-temps | H51: E0972 | I51: Compte épargne-temps (CET) historique | J51: La date d'observation saisie du CET historique est non vide | K51: A_CET_DAGTRA [Saisi] <> Vide | L51: T2361 | M51: Compte épargne-temps historique - Choix d'option | N51: Création Modification | O51: La date de l'opération saisie est non vide pour le CET historique | P51: A_CET_DOOCET [Saisi] <> Vide #pour le CET historique# | Q51: Expert technique international | R51: P0018 | S51: N | T51: Particulier | U51: Exclu | V51: 45323
A52: 24.10.00 | B52: A | C52: 45628.667 | D52: D0007 | E52: Congés/Absence | F52: S0183 | G52: Compte épargne-temps | H52: E0972 | I52: Compte épargne-temps (CET) historique | J52: La date d'observation saisie du CET historique est non vide | K52: A_CET_DAGTRA [Saisi] <> Vide | L52: T2361 | M52: Compte épargne-temps historique - Choix d'option | N52: Création Modification | O52: La date de l'opération saisie est non vide pour le CET historique | P52: A_CET_DOOCET [Saisi] <> Vide #pour le CET historique# | Q52: Personnel civil payé à l'acte ou à la tâche | R52: P0054 | S52: N | T52: Particulier | U52: Exclu | V52: 45323
A53: 24.10.00 | B53: A | C53: 45628.667 | D53: D0007 | E53: Congés/Absence | F53: S0183 | G53: Compte épargne-temps | H53: E0972 | I53: Compte épargne-temps (CET) historique | J53: La date d'observation saisie du CET historique est non vide | K53: A_CET_DAGTRA [Saisi] <> Vide | L53: T2361 | M53: Compte épargne-temps historique - Choix d'option | N53: Création Modification | O53: La date de l'opération saisie est non vide pour le CET historique | P53: A_CET_DOOCET [Saisi] <> Vide #pour le CET historique# | Q53: Contractuel de droit privé | R53: P0072 | S53: N | T53: Particulier | U53: Exclu | V53: 45323
A54: 25.10.00 | B54: A | C54: 45994.443 | D54: D0007 | E54: Congés/Absence | F54: S0183 | G54: Compte épargne-temps | H54: E0972 | I54: Compte épargne-temps (CET) historique | J54: La date d'observation saisie du CET historique est non vide | K54: A_CET_DAGTRA [Saisi] <> Vide | L54: T2361 | M54: Compte épargne-temps historique - Choix d'option | N54: Création Modification | O54: La date de l'opération saisie est non vide pour le CET historique | P54: A_CET_DOOCET [Saisi] <> Vide #pour le CET historique# | Q54: Ouvrier des parcs et ateliers ou assimilé confirmé | R54: P0096 | S54: O | T54: Particulier | U54: Passant | V54: 45901
A55: 24.10.00 | B55: A | C55: 45628.667 | D55: D0007 | E55: Congés/Absence | F55: S0183 | G55: Compte épargne-temps | H55: E0972 | I55: Compte épargne-temps (CET) historique | J55: La date d'observation saisie du CET historique est non vide | K55: A_CET_DAGTRA [Saisi] <> Vide | L55: T2361 | M55: Compte épargne-temps historique - Choix d'option | N55: Création Modification | O55: La date de l'opération saisie est non vide pour le CET historique | P55: A_CET_DOOCET [Saisi] <> Vide #pour le CET historique# | Q55: Volontaire International | R55: P0178 | S55: N | T55: Particulier | U55: Exclu | V55: 45323
A56: 24.10.00 | B56: A | C56: 45628.667 | D56: D0007 | E56: Congés/Absence | F56: S0183 | G56: Compte épargne-temps | H56: E0972 | I56: Compte épargne-temps (CET) historique | J56: La date d'observation saisie du CET historique est non vide | K56: A_CET_DAGTRA [Saisi] <> Vide | L56: T2361 | M56: Compte épargne-temps historique - Choix d'option | N56: Création Modification | O56: La date de l'opération saisie est non vide pour le CET historique | P56: A_CET_DOOCET [Saisi] <> Vide #pour le CET historique# | Q56: Personnel civil de coopération (assistant technique) | R56: P0214 | S56: N | T56: Particulier | U56: Exclu | V56: 45323
A57: 25.10.00 | B57: A | C57: 45994.652 | D57: D0007 | E57: Congés/Absence | F57: S0183 | G57: Compte épargne-temps | H57: E0972 | I57: Compte épargne-temps (CET) historique | J57: La date d'observation saisie du CET historique est non vide | K57: A_CET_DAGTRA [Saisi] <> Vide | L57: T2361 | M57: Compte épargne-temps historique - Choix d'option | N57: Création Modification | O57: La date de l'opération saisie est non vide pour le CET historique | P57: A_CET_DOOCET [Saisi] <> Vide #pour le CET historique# | Q57: Ouvrier des parcs et ateliers stagiaire | R57: P0226 | S57: O | T57: Particulier | U57: Exclu | V57: 45901
A58: 24.10.00 | B58: A | C58: 45628.669 | D58: D0007 | E58: Congés/Absence | F58: S0183 | G58: Compte épargne-temps | H58: E0973 | I58: Compte épargne-temps (CET) - Mobilité/Fin de fonction | L58: T2362 | M58: Compte épargne-temps - Mobilité/Fin de fonction | N58: Création Modification | Q58: Titulaire ou magistrat | R58: P0001 | S58: T | T58: Général | U58: Passant | V58: 45323 | X58: CET_P_001 ET CET_P_006 ET CET_P_007 | Y58: CET_P_001 | Z58: =VLOOKUP(Y58,'Axe 2 Règles de gestion'!$D$2:$F$61,3, FALSE) -> Rémunération : En cas d'indemnisation, le montant versé est un montant forfaitaire qui dépend de la catégorie statutaire d'appartenance de l'agent. | AA58: CET_P_006 | AB58: =VLOOKUP(AA58,'Axe 2 Règles de gestion'!$D$2:$F$61,3, FALSE) -> Stage : L'agent ne peut pas demander l'ouverture ou l'utilisation d'un compte épargne-temps durant la durée de son stage. | AC58: CET_P_007 | AD58: =VLOOKUP(AC58,'Axe 2 Règles de gestion'!$D$2:$F$61,3, FALSE) -> Congés annuels : L'agent conserve son droit à congé annuel.
A59: 24.10.00 | B59: A | C59: 45628.669 | D59: D0007 | E59: Congés/Absence | F59: S0183 | G59: Compte épargne-temps | H59: E0973 | I59: Compte épargne-temps (CET) - Mobilité/Fin de fonction | L59: T2362 | M59: Compte épargne-temps - Mobilité/Fin de fonction | N59: Création Modification | Q59: Militaire | R59: P0002 | S59: M | T59: Général | U59: Exclu | V59: 45323
A60: 24.10.00 | B60: A | C60: 45628.67 | D60: D0007 | E60: Congés/Absence | F60: S0183 | G60: Compte épargne-temps | H60: E0973 | I60: Compte épargne-temps (CET) - Mobilité/Fin de fonction | L60: T2362 | M60: Compte épargne-temps - Mobilité/Fin de fonction | N60: Création Modification | Q60: Contractuel | R60: P0003 | S60: N | T60: Général | U60: Passant | V60: 45323 | X60: CET_P_001 ET CET_P_007 | Y60: CET_P_001 | Z60: =VLOOKUP(Y60,'Axe 2 Règles de gestion'!$D$2:$F$61,3, FALSE) -> Rémunération : En cas d'indemnisation, le montant versé est un montant forfaitaire qui dépend de la catégorie statutaire d'appartenance de l'agent. | AA60: CET_P_007 | AB60: =VLOOKUP(AA60,'Axe 2 Règles de gestion'!$D$2:$F$61,3, FALSE) -> Congés annuels : L'agent conserve son droit à congé annuel.
A61: 24.10.00 | B61: A | C61: 45628.67 | D61: D0007 | E61: Congés/Absence | F61: S0183 | G61: Compte épargne-temps | H61: E0973 | I61: Compte épargne-temps (CET) - Mobilité/Fin de fonction | L61: T2362 | M61: Compte épargne-temps - Mobilité/Fin de fonction | N61: Création Modification | Q61: Stagiaire ou auditeur ou élève | R61: P0004 | S61: S | T61: Général | U61: Exclu | V61: 45323
A62: 26.00.00 | B62: M | C62: 46175.681 | D62: D0007 | E62: Congés/Absence | F62: S0183 | G62: Compte épargne-temps | H62: E0973 | I62: Compte épargne-temps (CET) - Mobilité/Fin de fonction | L62: T2362 | M62: Compte épargne-temps - Mobilité/Fin de fonction | N62: Création Modification | Q62: Ouvrier d'état | R62: P0005 | S62: O | T62: Général | U62: Passant | V62: 45901 | AE62: 2026-45
A63: 24.10.00 | B63: A | C63: 45628.671 | D63: D0007 | E63: Congés/Absence | F63: S0183 | G63: Compte épargne-temps | H63: E0973 | I63: Compte épargne-temps (CET) - Mobilité/Fin de fonction | L63: T2362 | M63: Compte épargne-temps - Mobilité/Fin de fonction | N63: Création Modification | Q63: Expert technique international | R63: P0018 | S63: N | T63: Particulier | U63: Exclu | V63: 45323
A64: 24.10.00 | B64: A | C64: 45628.671 | D64: D0007 | E64: Congés/Absence | F64: S0183 | G64: Compte épargne-temps | H64: E0973 | I64: Compte épargne-temps (CET) - Mobilité/Fin de fonction | L64: T2362 | M64: Compte épargne-temps - Mobilité/Fin de fonction | N64: Création Modification | Q64: Personnel civil payé à l'acte ou à la tâche | R64: P0054 | S64: N | T64: Particulier | U64: Exclu | V64: 45323
A65: 24.10.00 | B65: A | C65: 45628.672 | D65: D0007 | E65: Congés/Absence | F65: S0183 | G65: Compte épargne-temps | H65: E0973 | I65: Compte épargne-temps (CET) - Mobilité/Fin de fonction | L65: T2362 | M65: Compte épargne-temps - Mobilité/Fin de fonction | N65: Création Modification | Q65: Contractuel de droit privé | R65: P0072 | S65: N | T65: Particulier | U65: Exclu | V65: 45323
A66: 26.00.00 | B66: A | C66: 46175.685 | D66: D0007 | E66: Congés/Absence | F66: S0183 | G66: Compte épargne-temps | H66: E0973 | I66: Compte épargne-temps (CET) - Mobilité/Fin de fonction | L66: T2362 | M66: Compte épargne-temps - Mobilité/Fin de fonction | N66: Création Modification | Q66: Ouvrier de la défense réglementé affilié | R66: P0093 | S66: O | T66: Particulier | U66: Passant | V66: 45323 | AE66: 2026-45
A67: 25.10.00 | B67: A | C67: 45994.445 | D67: D0007 | E67: Congés/Absence | F67: S0183 | G67: Compte épargne-temps | H67: E0973 | I67: Compte épargne-temps (CET) - Mobilité/Fin de fonction | L67: T2362 | M67: Compte épargne-temps - Mobilité/Fin de fonction | N67: Création Modification | Q67: Ouvrier des parcs et ateliers ou assimilé confirmé | R67: P0096 | S67: O | T67: Particulier | U67: Passant | V67: 45901
A68: 24.10.00 | B68: A | C68: 45628.672 | D68: D0007 | E68: Congés/Absence | F68: S0183 | G68: Compte épargne-temps | H68: E0973 | I68: Compte épargne-temps (CET) - Mobilité/Fin de fonction | L68: T2362 | M68: Compte épargne-temps - Mobilité/Fin de fonction | N68: Création Modification | Q68: Volontaire International | R68: P0178 | S68: N | T68: Particulier | U68: Exclu | V68: 45323
A69: 26.00.00 | B69: A | C69: 46175.686 | D69: D0007 | E69: Congés/Absence | F69: S0183 | G69: Compte épargne-temps | H69: E0973 | I69: Compte épargne-temps (CET) - Mobilité/Fin de fonction | L69: T2362 | M69: Compte épargne-temps - Mobilité/Fin de fonction | N69: Création Modification | Q69: Ouvrier de la défense auxiliaire non affilié ou temporaire non mensualisé | R69: P0182 | S69: O | T69: Particulier | U69: Exclu | V69: 45323 | AE69: 2026-45
A70: 24.10.00 | B70: A | C70: 45628.672 | D70: D0007 | E70: Congés/Absence | F70: S0183 | G70: Compte épargne-temps | H70: E0973 | I70: Compte épargne-temps (CET) - Mobilité/Fin de fonction | L70: T2362 | M70: Compte épargne-temps - Mobilité/Fin de fonction | N70: Création Modification | Q70: Personnel civil de coopération (assistant technique) | R70: P0214 | S70: N | T70: Particulier | U70: Exclu | V70: 45323
A71: 25.10.00 | B71: A | C71: 45994.653 | D71: D0007 | E71: Congés/Absence | F71: S0183 | G71: Compte épargne-temps | H71: E0973 | I71: Compte épargne-temps (CET) - Mobilité/Fin de fonction | L71: T2362 | M71: Compte épargne-temps - Mobilité/Fin de fonction | N71: Création Modification | Q71: Ouvrier des parcs et ateliers stagiaire | R71: P0226 | S71: O | T71: Particulier | U71: Exclu | V71: 45901

Sheet Axe 1 Rattachement des actes
A1: Version | B1: Type de mise à jour | C1: Date de mise à jour | D1: Identifiant Domaine | E1: Libellé du Domaine | F1: Identifiant Sous-domaine | G1: Libellé du Sous-domaine | H1: Identifiant Evénement | I1: Libellé de l'évènement | J1: Libellé condition déclenchement Evènement | K1: Condition déclenchement Evènement | L1: Identifiant type d'évènement | M1: Libellé type d'évènement | N1: Type de mise à jour | O1: Libellé condition déclenchement Type Evènement | P1: Condition déclenchement Type Evènement | Q1: Libellé Population | R1: Codification Population | S1: Général / Particulier | T1: Passant / Exclu | U1: Date de début | V1: Date de fin | W1: Libellé condition de déclenchement 1 | X1: Condition de déclenchement 1 | Y1: Code nature 1 | Z1: Libellé nature 1 | AA1: Libellé condition de déclenchement 2 | AB1: Condition de déclenchement 2 | AC1: Code nature 2 | AD1: Libellé nature 2 | AE1: Libellé condition de déclenchement 3 | AF1: Condition de déclenchement 3 | AG1: Code nature 3 | AH1: Libellé nature 3 | AI1: Libellé condition de déclenchement 4 | AJ1: Condition de déclenchement 4 | AK1: Code nature 4 | AL1: Libellé nature 4 | AM1: Commentaire | AN1: FIME | AO1: Statut de travail
A2: 24.10.00 | B2: A | C2: 45628.64 | D2: D0007 | E2: Congés/Absence | F2: S0183 | G2: Compte épargne-temps | H2: E0971 | I2: Compte épargne-temps (CET) | J2: La date d'observation saisie du CET est non vide | K2: A_CET_DAGCET [Saisi] <> Vide | L2: T2358 | M2: Compte épargne-temps - Ouverture | N2: Création Modification | O2: La date d'ouverture saisie est non vide et la date de l'opération est vide | P2: A_CET_DCRCET [Saisi] <> VIDE ET A_CET_DOOCET [Saisi] = VIDE | Q2: Titulaire ou magistrat | R2: P0001 | S2: Général | T2: Passant | U2: 45293
A3: 24.10.00 | B3: A | C3: 45628.644 | D3: D0007 | E3: Congés/Absence | F3: S0183 | G3: Compte épargne-temps | H3: E0971 | I3: Compte épargne-temps (CET) | J3: La date d'observation saisie du CET est non vide | K3: A_CET_DAGCET [Saisi] <> Vide | L3: T2359 | M3: Compte épargne-temps - Alimentation | N3: Création Modification | O3: La date de l'opération saisie est non vide et le sens de l'opération est "Versé" | P3: A_CET_DOOCET [Saisi] <> Vide ET A_CET_SEOCET [Saisi] = 'V' | Q3: Titulaire ou magistrat | R3: P0001 | S3: Général | T3: Passant | U3: 45293 | V3: 45688
A4: 24.10.00 | B4: A | C4: 45628.645 | D4: D0007 | E4: Congés/Absence | F4: S0183 | G4: Compte épargne-temps | H4: E0971 | I4: Compte épargne-temps (CET) | J4: La date d'observation saisie du CET est non vide | K4: A_CET_DAGCET [Saisi] <> Vide | L4: T2359 | M4: Compte épargne-temps - Alimentation | N4: Création Modification | O4: La date de l'opération saisie est non vide et le sens de l'opération est "Versé" | P4: A_CET_DOOCET [Saisi] <> Vide ET A_CET_SEOCET [Saisi] = 'V' | Q4: Titulaire ou magistrat | R4: P0001 | S4: Général | T4: Passant | U4: 45659
A5: 24.10.00 | B5: A | C5: 45628.659 | D5: D0007 | E5: Congés/Absence | F5: S0183 | G5: Compte épargne-temps | H5: E0971 | I5: Compte épargne-temps (CET) | J5: La date d'observation saisie du CET est non vide | K5: A_CET_DAGCET [Saisi] <> Vide | L5: T2360 | M5: Compte épargne-temps - Choix d'option | N5: Création Modification | O5: La date de l'opération saisie est non vide et le sens de l'opération est "Consommé" | P5: A_CET_DOOCET [Saisi] <> Vide ET A_CET_SEOCET [Saisi] = 'C' | Q5: Titulaire ou magistrat | R5: P0001 | S5: Général | T5: Passant | U5: 45293
A6: 24.10.00 | B6: A | C6: 45628.64 | D6: D0007 | E6: Congés/Absence | F6: S0183 | G6: Compte épargne-temps | H6: E0971 | I6: Compte épargne-temps (CET) | J6: La date d'observation saisie du CET est non vide | K6: A_CET_DAGCET [Saisi] <> Vide | L6: T2358 | M6: Compte épargne-temps - Ouverture | N6: Création Modification | O6: La date d'ouverture saisie est non vide et la date de l'opération est vide | P6: A_CET_DCRCET [Saisi] <> VIDE ET A_CET_DOOCET [Saisi] = VIDE | Q6: Militaire | R6: P0002 | S6: Général | T6: Exclu | U6: 45293
A7: 24.10.00 | B7: A | C7: 45628.645 | D7: D0007 | E7: Congés/Absence | F7: S0183 | G7: Compte épargne-temps | H7: E0971 | I7: Compte épargne-temps (CET) | J7: La date d'observation saisie du CET est non vide | K7: A_CET_DAGCET [Saisi] <> Vide | L7: T2359 | M7: Compte épargne-temps - Alimentation | N7: Création Modification | O7: La date de l'opération saisie est non vide et le sens de l'opération est "Versé" | P7: A_CET_DOOCET [Saisi] <> Vide ET A_CET_SEOCET [Saisi] = 'V' | Q7: Militaire | R7: P0002 | S7: Général | T7: Exclu | U7: 45293
A8: 24.10.00 | B8: A | C8: 45628.66 | D8: D0007 | E8: Congés/Absence | F8: S0183 | G8: Compte épargne-temps | H8: E0971 | I8: Compte épargne-temps (CET) | J8: La date d'observation saisie du CET est non vide | K8: A_CET_DAGCET [Saisi] <> Vide | L8: T2360 | M8: Compte épargne-temps - Choix d'option | N8: Création Modification | O8: La date de l'opération saisie est non vide et le sens de l'opération est "Consommé" | P8: A_CET_DOOCET [Saisi] <> Vide ET A_CET_SEOCET [Saisi] = 'C' | Q8: Militaire | R8: P0002 | S8: Général | T8: Exclu | U8: 45293
A9: 24.10.00 | B9: A | C9: 45628.64 | D9: D0007 | E9: Congés/Absence | F9: S0183 | G9: Compte épargne-temps | H9: E0971 | I9: Compte épargne-temps (CET) | J9: La date d'observation saisie du CET est non vide | K9: A_CET_DAGCET [Saisi] <> Vide | L9: T2358 | M9: Compte épargne-temps - Ouverture | N9: Création Modification | O9: La date d'ouverture saisie est non vide et la date de l'opération est vide | P9: A_CET_DCRCET [Saisi] <> VIDE ET A_CET_DOOCET [Saisi] = VIDE | Q9: Contractuel | R9: P0003 | S9: Général | T9: Passant | U9: 45293
A10: 24.10.00 | B10: A | C10: 45635.722 | D10: D0007 | E10: Congés/Absence | F10: S0183 | G10: Compte épargne-temps | H10: E0971 | I10: Compte épargne-temps (CET) | J10: La date d'observation saisie du CET est non vide | K10: A_CET_DAGCET [Saisi] <> Vide | L10: T2359 | M10: Compte épargne-temps - Alimentation | N10: Création Modification | O10: La date de l'opération saisie est non vide et le sens de l'opération est "Versé" | P10: A_CET_DOOCET [Saisi] <> Vide ET A_CET_SEOCET [Saisi] = 'V' | Q10: Contractuel | R10: P0003 | S10: Général | T10: Passant | U10: 45293 | V10: 45688
A11: 24.10.00 | B11: A | C11: 45635.722 | D11: D0007 | E11: Congés/Absence | F11: S0183 | G11: Compte épargne-temps | H11: E0971 | I11: Compte épargne-temps (CET) | J11: La date d'observation saisie du CET est non vide | K11: A_CET_DAGCET [Saisi] <> Vide | L11: T2359 | M11: Compte épargne-temps - Alimentation | N11: Création Modification | O11: La date de l'opération saisie est non vide et le sens de l'opération est "Versé" | P11: A_CET_DOOCET [Saisi] <> Vide ET A_CET_SEOCET [Saisi] = 'V' | Q11: Contractuel | R11: P0003 | S11: Général | T11: Passant | U11: 45659
A12: 24.10.00 | B12: A | C12: 45628.66 | D12: D0007 | E12: Congés/Absence | F12: S0183 | G12: Compte épargne-temps | H12: E0971 | I12: Compte épargne-temps (CET) | J12: La date d'observation saisie du CET est non vide | K12: A_CET_DAGCET [Saisi] <> Vide | L12: T2360 | M12: Compte épargne-temps - Choix d'option | N12: Création Modification | O12: La date de l'opération saisie est non vide et le sens de l'opération est "Consommé" | P12: A_CET_DOOCET [Saisi] <> Vide ET A_CET_SEOCET [Saisi] = 'C' | Q12: Contractuel | R12: P0003 | S12: Général | T12: Passant | U12: 45293
A13: 24.10.00 | B13: A | C13: 45628.641 | D13: D0007 | E13: Congés/Absence | F13: S0183 | G13: Compte épargne-temps | H13: E0971 | I13: Compte épargne-temps (CET) | J13: La date d'observation saisie du CET est non vide | K13: A_CET_DAGCET [Saisi] <> Vide | L13: T2358 | M13: Compte épargne-temps - Ouverture | N13: Création Modification | O13: La date d'ouverture saisie est non vide et la date de l'opération est vide | P13: A_CET_DCRCET [Saisi] <> VIDE ET A_CET_DOOCET [Saisi] = VIDE | Q13: Stagiaire ou auditeur ou élève | R13: P0004 | S13: Général | T13: Exclu | U13: 45293
A14: 24.10.00 | B14: A | C14: 45628.647 | D14: D0007 | E14: Congés/Absence | F14: S0183 | G14: Compte épargne-temps | H14: E0971 | I14: Compte épargne-temps (CET) | J14: La date d'observation saisie du CET est non vide | K14: A_CET_DAGCET [Saisi] <> Vide | L14: T2359 | M14: Compte épargne-temps - Alimentation | N14: Création Modification | O14: La date de l'opération saisie est non vide et le sens de l'opération est "Versé" | P14: A_CET_DOOCET [Saisi] <> Vide ET A_CET_SEOCET [Saisi] = 'V' | Q14: Stagiaire ou auditeur ou élève | R14: P0004 | S14: Général | T14: Exclu | U14: 45293
A15: 24.10.00 | B15: A | C15: 45628.661 | D15: D0007 | E15: Congés/Absence | F15: S0183 | G15: Compte épargne-temps | H15: E0971 | I15: Compte épargne-temps (CET) | J15: La date d'observation saisie du CET est non vide | K15: A_CET_DAGCET [Saisi] <> Vide | L15: T2360 | M15: Compte épargne-temps - Choix d'option | N15: Création Modification | O15: La date de l'opération saisie est non vide et le sens de l'opération est "Consommé" | P15: A_CET_DOOCET [Saisi] <> Vide ET A_CET_SEOCET [Saisi] = 'C' | Q15: Stagiaire ou auditeur ou élève | R15: P0004 | S15: Général | T15: Exclu | U15: 45293
A16: 26.00.00 | B16: M | C16: 46175.674 | D16: D0007 | E16: Congés/Absence | F16: S0183 | G16: Compte épargne-temps | H16: E0971 | I16: Compte épargne-temps (CET) | J16: La date d'observation saisie du CET est non vide | K16: A_CET_DAGCET [Saisi] <> Vide | L16: T2358 | M16: Compte épargne-temps - Ouverture | N16: Création Modification | O16: La date d'ouverture saisie est non vide et la date de l'opération est vide | P16: A_CET_DCRCET [Saisi] <> VIDE ET A_CET_DOOCET [Saisi] = VIDE | Q16: Ouvrier d'état | R16: P0005 | S16: Général | T16: Passant | U16: 45666
A17: 26.00.00 | B17: M | C17: 46175.674 | D17: D0007 | E17: Congés/Absence | F17: S0183 | G17: Compte épargne-temps | H17: E0971 | I17: Compte épargne-temps (CET) | J17: La date d'observation saisie du CET est non vide | K17: A_CET_DAGCET [Saisi] <> Vide | L17: T2359 | M17: Compte épargne-temps - Alimentation | N17: Création Modification | O17: La date de l'opération saisie est non vide et le sens de l'opération est "Versé" | P17: A_CET_DOOCET [Saisi] <> Vide ET A_CET_SEOCET [Saisi] = 'V' | Q17: Ouvrier d'état | R17: P0005 | S17: Général | T17: Passant | U17: 45666
A18: 26.00.00 | B18: M | C18: 46175.675 | D18: D0007 | E18: Congés/Absence | F18: S0183 | G18: Compte épargne-temps | H18: E0971 | I18: Compte épargne-temps (CET) | J18: La date d'observation saisie du CET est non vide | K18: A_CET_DAGCET [Saisi] <> Vide | L18: T2360 | M18: Compte épargne-temps - Choix d'option | N18: Création Modification | O18: La date de l'opération saisie est non vide et le sens de l'opération est "Consommé" | P18: A_CET_DOOCET [Saisi] <> Vide ET A_CET_SEOCET [Saisi] = 'C' | Q18: Ouvrier d'état | R18: P0005 | S18: Général | T18: Passant | U18: 45666
A19: 24.10.00 | B19: A | C19: 45628.642 | D19: D0007 | E19: Congés/Absence | F19: S0183 | G19: Compte épargne-temps | H19: E0971 | I19: Compte épargne-temps (CET) | J19: La date d'observation saisie du CET est non vide | K19: A_CET_DAGCET [Saisi] <> Vide | L19: T2358 | M19: Compte épargne-temps - Ouverture | N19: Création Modification | O19: La date d'ouverture saisie est non vide et la date de l'opération est vide | P19: A_CET_DCRCET [Saisi] <> VIDE ET A_CET_DOOCET [Saisi] = VIDE | Q19: Expert technique international | R19: P0018 | S19: Particulier | T19: Exclu | U19: 45293
A20: 24.10.00 | B20: A | C20: 45628.647 | D20: D0007 | E20: Congés/Absence | F20: S0183 | G20: Compte épargne-temps | H20: E0971 | I20: Compte épargne-temps (CET) | J20: La date d'observation saisie du CET est non vide | K20: A_CET_DAGCET [Saisi] <> Vide | L20: T2359 | M20: Compte épargne-temps - Alimentation | N20: Création Modification | O20: La date de l'opération saisie est non vide et le sens de l'opération est "Versé" | P20: A_CET_DOOCET [Saisi] <> Vide ET A_CET_SEOCET [Saisi] = 'V' | Q20: Expert technique international | R20: P0018 | S20: Particulier | T20: Exclu | U20: 45293
A21: 24.10.00 | B21: A | C21: 45628.662 | D21: D0007 | E21: Congés/Absence | F21: S0183 | G21: Compte épargne-temps | H21: E0971 | I21: Compte épargne-temps (CET) | J21: La date d'observation saisie du CET est non vide | K21: A_CET_DAGCET [Saisi] <> Vide | L21: T2360 | M21: Compte épargne-temps - Choix d'option | N21: Création Modification | O21: La date de l'opération saisie est non vide et le sens de l'opération est "Consommé" | P21: A_CET_DOOCET [Saisi] <> Vide ET A_CET_SEOCET [Saisi] = 'C' | Q21: Expert technique international | R21: P0018 | S21: Particulier | T21: Exclu | U21: 45293
A22: 24.10.00 | B22: A | C22: 45628.642 | D22: D0007 | E22: Congés/Absence | F22: S0183 | G22: Compte épargne-temps | H22: E0971 | I22: Compte épargne-temps (CET) | J22: La date d'observation saisie du CET est non vide | K22: A_CET_DAGCET [Saisi] <> Vide | L22: T2358 | M22: Compte épargne-temps - Ouverture | N22: Création Modification | O22: La date d'ouverture saisie est non vide et la date de l'opération est vide | P22: A_CET_DCRCET [Saisi] <> VIDE ET A_CET_DOOCET [Saisi] = VIDE | Q22: Personnel civil payé à l'acte ou à la tâche | R22: P0054 | S22: Particulier | T22: Exclu | U22: 45293
... A57: 25.10.00 | B57: A | C57: 45994.652 | D57: D0007 | E57: Congés/Absence | F57: S0183 | G57: Compte épargne-temps | H57: E0972 | I57: Compte épargne-temps (CET) historique | J57: La date d'observation saisie du CET historique est non vide | K57: A_CET_DAGTRA [Saisi] <> Vide | L57: T2361 | M57: Compte épargne-temps historique - Choix d'option | N57: Création Modification | O57: La date de l'opération saisie est non vide pour le CET historique | P57: A_CET_DOOCET [Saisi] <> Vide #pour le CET historique# | Q57: Ouvrier des parcs et ateliers stagiaire | R57: P0226 | S57: Particulier | T57: Exclu | U57: 45666
A58: 24.10.00 | B58: A | C58: 45628.669 | D58: D0007 | E58: Congés/Absence | F58: S0183 | G58: Compte épargne-temps | H58: E0973 | I58: Compte épargne-temps (CET) - Mobilité/Fin de fonction | L58: T2362 | M58: Compte épargne-temps - Mobilité/Fin de fonction | N58: Création Modification | Q58: Titulaire ou magistrat | R58: P0001 | S58: Général | T58: Passant | U58: 45293
A59: 24.10.00 | B59: A | C59: 45628.669 | D59: D0007 | E59: Congés/Absence | F59: S0183 | G59: Compte épargne-temps | H59: E0973 | I59: Compte épargne-temps (CET) - Mobilité/Fin de fonction | L59: T2362 | M59: Compte épargne-temps - Mobilité/Fin de fonction | N59: Création Modification | Q59: Militaire | R59: P0002 | S59: Général | T59: Exclu | U59: 45293
A60: 24.10.00 | B60: A | C60: 45628.67 | D60: D0007 | E60: Congés/Absence | F60: S0183 | G60: Compte épargne-temps | H60: E0973 | I60: Compte épargne-temps (CET) - Mobilité/Fin de fonction | L60: T2362 | M60: Compte épargne-temps - Mobilité/Fin de fonction | N60: Création Modification | Q60: Contractuel | R60: P0003 | S60: Général | T60: Passant | U60: 45293
A61: 24.10.00 | B61: A | C61: 45628.67 | D61: D0007 | E61: Congés/Absence | F61: S0183 | G61: Compte épargne-temps | H61: E0973 | I61: Compte épargne-temps (CET) - Mobilité/Fin de fonction | L61: T2362 | M61: Compte épargne-temps - Mobilité/Fin de fonction | N61: Création Modification | Q61: Stagiaire ou auditeur ou élève | R61: P0004 | S61: Général | T61: Exclu | U61: 45293
A62: 26.00.00 | B62: M | C62: 46175.681 | D62: D0007 | E62: Congés/Absence | F62: S0183 | G62: Compte épargne-temps | H62: E0973 | I62: Compte épargne-temps (CET) - Mobilité/Fin de fonction | L62: T2362 | M62: Compte épargne-temps - Mobilité/Fin de fonction | N62: Création Modification | Q62: Ouvrier d'état | R62: P0005 | S62: Général | T62: Passant | U62: 45666
A63: 24.10.00 | B63: A | C63: 45628.671 | D63: D0007 | E63: Congés/Absence | F63: S0183 | G63: Compte épargne-temps | H63: E0973 | I63: Compte épargne-temps (CET) - Mobilité/Fin de fonction | L63: T2362 | M63: Compte épargne-temps - Mobilité/Fin de fonction | N63: Création Modification | Q63: Expert technique international | R63: P0018 | S63: Particulier | T63: Exclu | U63: 45293
A64: 24.10.00 | B64: A | C64: 45628.671 | D64: D0007 | E64: Congés/Absence | F64: S0183 | G64: Compte épargne-temps | H64: E0973 | I64: Compte épargne-temps (CET) - Mobilité/Fin de fonction | L64: T2362 | M64: Compte épargne-temps - Mobilité/Fin de fonction | N64: Création Modification | Q64: Personnel civil payé à l'acte ou à la tâche | R64: P0054 | S64: Particulier | T64: Exclu | U64: 45293
A65: 24.10.00 | B65: A | C65: 45628.672 | D65: D0007 | E65: Congés/Absence | F65: S0183 | G65: Compte épargne-temps | H65: E0973 | I65: Compte épargne-temps (CET) - Mobilité/Fin de fonction | L65: T2362 | M65: Compte épargne-temps - Mobilité/Fin de fonction | N65: Création Modification | Q65: Contractuel de droit privé | R65: P0072 | S65: Particulier | T65: Exclu | U65: 45293
A66: 26.00.00 | B66: A | C66: 46175.685 | D66: D0007 | E66: Congés/Absence | F66: S0183 | G66: Compte épargne-temps | H66: E0973 | I66: Compte épargne-temps (CET) - Mobilité/Fin de fonction | L66: T2362 | M66: Compte épargne-temps - Mobilité/Fin de fonction | N66: Création Modification | Q66: Ouvrier de la défense réglementé affilié | R66: P0093 | S66: Particulier | T66: Passant | U66: 45293
A67: 25.10.00 | B67: A | C67: 45994.445 | D67: D0007 | E67: Congés/Absence | F67: S0183 | G67: Compte épargne-temps | H67: E0973 | I67: Compte épargne-temps (CET) - Mobilité/Fin de fonction | L67: T2362 | M67: Compte épargne-temps - Mobilité/Fin de fonction | N67: Création Modification | Q67: Ouvrier des parcs et ateliers ou assimilé confirmé | R67: P0096 | S67: Particulier | T67: Passant | U67: 45666
A68: 24.10.00 | B68: A | C68: 45628.672 | D68: D0007 | E68: Congés/Absence | F68: S0183 | G68: Compte épargne-temps | H68: E0973 | I68: Compte épargne-temps (CET) - Mobilité/Fin de fonction | L68: T2362 | M68: Compte épargne-temps - Mobilité/Fin de fonction | N68: Création Modification | Q68: Volontaire International | R68: P0178 | S68: Particulier | T68: Exclu | U68: 45293
A69: 26.00.00 | B69: A | C69: 46175.686 | D69: D0007 | E69: Congés/Absence | F69: S0183 | G69: Compte épargne-temps | H69: E0973 | I69: Compte épargne-temps (CET) - Mobilité/Fin de fonction | L69: T2362 | M69: Compte épargne-temps - Mobilité/Fin de fonction | N69: Création Modification | Q69: Ouvrier de la défense auxiliaire non affilié ou temporaire non mensualisé | R69: P0182 | S69: Particulier | T69: Exclu | U69: 45293
... A71: 25.10.00 | B71: A | C71: 45994.653 | D71: D0007 | E71: Congés/Absence | F71: S0183 | G71: Compte épargne-temps | H71: E0973 | I71: Compte épargne-temps (CET) - Mobilité/Fin de fonction | L71: T2362 | M71: Compte épargne-temps - Mobilité/Fin de fonction | N71: Création Modification | Q71: Ouvrier des parcs et ateliers stagiaire | R71: P0226 | S71: Particulier | T71: Exclu | U71: 45666

Sheet Axe 2 Règles de gestion
A1: Version | B1: Type de mise à jour | C1: Date de mise à jour | D1: Code de la règle | E1: Type de règle | F1: Règle littérale | G1: Références juridiques | H1: Date de début | I1: Date de fin | J1: Condition | K1: Articulation | L1: Type de contrôle | M1: Commentaire | N1: Typage RG exclusion | O1: Typage RG condition | P1: Typage RG contrôle | Q1: Typage RG intellectuel | R1: Typage RG impact | S1: FIME | T1: Statut de travail | U1: Règle retenue | V1: Expression littérale
A2: 18.10.00 | B2: M | C2: 43411.424 | D2: CET_D_092 | E2: Condition | F2: Le CET est alimenté par le report de jours de réduction du temps de travail (ARTT), par le report de congés annuels, le report des jours de repos compensateur et/ou le report d'une partie des congés de fin de séjour pour les ouvriers de l'Etat mutés dans les DOM, les TOM ou à l'étranger. | G2: Instruction 301964 A3 | H2: 40725 | K2: A_CET_ORICET [Saisi] DANS ('CV000','CV001','CV002','CV010','CE000','CE001') | L2: Bloquant | O2: P0093 - E0971 / E0972 / E0973 | U2: x | V2: Le Compte Epargne Temps est alimenté par le report de jours de réduction du temps de travail, de congés annuels, de jours de repos compensateur et/ou de congés de fin de séjour pour les ouvriers de l'Etat mutés des DOM, des TOM ou à l'étranger.
A3: 18.10.00 | B3: M | C3: 43411.409 | D3: CET_D_215 | E3: Condition | F3: Le nombre de jours de congés pris dans l'année doit être supérieur ou égal à 20 jours. | G3: Instruction 301964 A3 | H3: 40725 | K3: A_COA_TYCONG [Dossier] DANS ('CV000','CV001','CV002','CV010','CE000','CE001') ET #la somme des droits consommés (A_COA_DROCON) pour ces motifs est supérieure ou égale à 20 jours# | L3: Bloquant | O3: P0093 - E0971 / E0972 / E0973 | U3: x | V3: Le nombre de jours de congés pris dans l'année doit être supérieur ou égal à 20 jours.
A4: 24.10.00 | B4: A | C4: 45628.435 | D4: CET_D_400 | E4: Condition | F4: L'agent ne doit pas relever des régimes d'obligation de service. | G4: Décret 2002-634 A2 / Décret 2000-815 A2 | H4: 45323 | K4: A_MOS_INDORS [Dossier] = '0' | L4: Bloquant | O4: P0096 - P0001 / P0003 - E0971 | U4: x | V4: L'agent ne doit pas relever des régimes d'obligation de service.
A5: 24.10.00 | B5: A | C5: 45628.437 | D5: CET_D_401 | E5: Condition | F5: L'agent peut alimenter son compte épargne-temps par le report de jours de réduction du temps de travail, par le report de congés annuels et de fractionnement et si un arrêté le prévoit par le report de jours de repos compensateur. | G5: Décret 2002-634 A3 | H5: 45323 | K5: A_CET_ORICET [Saisi] DANS ('CV000','CV001','CV002','CV010','CE000','CE001') | L5: Bloquant | O5: P0096 - P0001 / P0003 - E0971 | U5: x | V5: L'agent peut alimenter son compte épargne-temps par le report de jours de réduction du temps de travail, par le report de congés annuels et de fractionnement et si un arrêté le prévoit par le report de jours de repos compensateur.
A6: 24.10.00 | B6: A | C6: 45628.438 | D6: CET_D_402 | E6: Condition | F6: L'agent pour pouvoir alimenter son compte épargne-temps doit avoir pris dans l'année au moins 20 jours de congés. | G6: Décret 2002-634 A3 | H6: 45323 | K6: A_COA_TYCONG [Dossier] DANS ('CV000','CV001','CV002','CV010','CE000','CE001') ET # La somme des droits consommés (A_COA_DROCON) pour ces motifs dans l'année est supérieure ou égale à 20 jours.# | L6: Bloquant | O6: P0096 - P0001 / P0003 - E0971 | U6: x | V6: L'agent pour pouvoir alimenter son compte épargne-temps doit avoir pris dans l'année au moins 20 jours de congés.
A7: 24.10.00 | B7: A | C7: 46148.447 | D7: CET_D_403 | E7: Condition | F7: Lorsque le compte épargne-temps atteint 15 jours, l'agent peut épargner ensuite chaque année 10 jours au maximum. | G7: Décret 2002-634 A6-3 / Arrêté du 28 aout 2009 A2 | H7: 45323 | J7: SI A_CET_COGCET [Occurrence précédente] >= 15,0 | K7: A_CET_MOPCET [Saisi] <= 10,0 | L7: Bloquant | M7: Pour la période transitoire liée à l'organisation des jeux Olympiques et Paralympiques, cette règle sera non bloquante car la progression annuelle maximale du nombre de jours pouvant être inscrits sur le CET est fixée à 20 jours, au titre de l'année 2024. | O7: P0096 - P0001 / P0003 - E0971 | U7: x | V7: Lorsque le compte épargne-temps atteint 15 jours, l'agent peut épargner ensuite chaque année 10 jours au maximum.
A8: 24.10.00 | B8: A | C8: 45628.45 | D8: CET_D_404 | E8: Condition | F8: L'agent peut au titre de l'année 2024, lorsque le compte épargne-temps atteint 15 jours, épargner 20 jours au maximum en raison de l'organisation des jeux olympiques et paralympiques. | G8: Arrêté du 22 février 2024 A2 / Décret 2002-634 A6-3 / Arrêté du 28 aout 2009 A2 | H8: 45323 | I8: 45688 | J8: SI A_CET_COGCET [Occurrence précédente] >= 15,0 | K8: A_CET_MOPCET [Saisi] <= 20,0 | L8: Bloquant | O8: P0001 / P0003 - E0971 | U8: x | V8: L'agent peut au titre de l'année 2024, lorsque le compte épargne-temps atteint 15 jours, épargner 20 jours au maximum en raison de l'organisation des jeux olympiques et paralympiques.
A9: 24.10.00 | B9: A | C9: 45628.453 | D9: CET_D_405 | E9: Condition | F9: Le nombre de jours maintenus sur le compte épargne-temps ne doit pas dépasser un plafond annuel de 60 jours. | G9: Décret 2002-634 A6-3 / Arrêté du 28 aout 2009 A3 | H9: 45323 | K9: A_CET_COGCET [Saisi] <= 60,0 | L9: Non Bloquant | M9: Ce contrôle est non bloquant car les 60 jours doivent être atteints au 31/01 de l'année considérée. | O9: P0096 - P0001 / P0003 - E0971 | U9: x | V9: Le nombre de jours maintenus sur le compte épargne-temps ne doit pas dépasser un plafond annuel de 60 jours.
A10: 24.10.00 | B10: A | C10: 45628.456 | D10: CET_D_406 | E10: Condition | F10: Au terme de l'année 2024, en raison de l'organisation des jeux olympiques et paralympiques, ce plafond annuel passe à 70 jours ou si le nombre de jours épargnés au terme de l'année 2023 excède 60 jours, au nombre de jours épargnés augmentés de 10 jours. | G10: Arrêté du 22 février 2024 A2 / Décret 2002-634 A6-3 / Arrêté du 28 aout 2009 A3 | H10: 45323 | K10: A_CET_COGCET [Saisi] <= 80,0 | L10: Non Bloquant | M10: Ce contrôle est non bloquant car les 80 jours doivent être atteints au 31/01 de l'année considérée. | O10: P0096 - P0001 / P0003 - E0971 | U10: x | V10: Au terme de l'année 2024, en raison de l'organisation des jeux olympiques et paralympiques, ce plafond annuel passe à 70 jours ou si le nombre de jours épargnés au terme de l'année 2023 excède 60 jours, au nombre de jours épargnés augmentés de 10 jours.
A11: 24.10.00 | B11: A | C11: 45628.457 | D11: CET_D_407 | E11: Condition | F11: L'agent est employé de manière continue et a accompli au moins 1 année de service. | G11: Décret 2002-634 A2 | H11: 45323 | K11: A_AND_TYPANC [Dossier] = 'ANCGS' ET (A_CET_DCRCET [Saisi] - A_AND_DACAAN [Dossier] >= 1 AN-3D) | L11: Non Bloquant | M11: Contrôle non bloquant, car le contrôle de l'ancienneté de l'agent reste de la responsabilité du gestionnaire ministériel qui peut le modifier en fonction d'un contexte qui le justifie. | O11: P0096 - P0001 / P0003 - E0971 | U11: x | V11: L'agent est employé de manière continue et a accompli au moins 1 année de service.
A12: 24.10.00 | B12: A | C12: 45628.458 | D12: CET_D_408 | E12: Condition | F12: Si le nombre de jours inscrits sur le compte épargne-temps est inférieur ou égal à 15 jours au terme de l'année civile, l'agent ne peut utiliser ces jours épargnés que sous forme de congés. | G12: Décret 2002-634 A5 / Arrêté du 28 aout 2009 A1 | H12: 45323 | J12: SI A_CET_COGCET [Saisi] <= 15,0 | K12: A_CET_MOPCET [Saisi] <> VIDE ET A_CET_VFICET [Saisi] = VIDE ET A_CET_RAFCET [Saisi] = VIDE | L12: Bloquant | O12: P0096 - P0001 / P0003 - E0971 | U12: x | V12: Si le nombre de jours inscrits sur le compte épargne-temps est inférieur ou égal à 15 jours au terme de l'année civile, l'agent ne peut utiliser ces jours épargnés que sous forme de congés.
A13: 26.00.00 | B13: A | C13: 46163.484 | D13: CET_D_409 | E13: Condition | F13: L'agent doit être employé de manière continue et avoir accompli au moins 1 année de service au sein du ministère de la Défense ou de ses établissements publics. | G13: Instruction 301964 A2 | H13: 40725 | K13: A_AND_TYPANC [Dossier] = 'ANCGS' ET (A_CET_DCRCET [Saisi] - A_AND_DACAAN [Dossier] >= 1 AN-3D) | L13: Non Bloquant | M13: Contrôle non bloquant, car le contrôle de l'ancienneté de l'agent reste de la responsabilité du gestionnaire ministériel qui peut le modifier en fonction d'un contexte qui le justifie. | O13: P0093 - E0971 | S13: 2026-45 | U13: x | V13: L'agent est employé de manière continue et a accompli au moins 1 année de service.
A14: 26.00.00 | B14: A | C14: 46163.486 | D14: CET_D_410 | E14: Condition | F14: Le CET peut être alimenté dans la limite de 18 jours par an. | G14: Instruction 301964 A3 | H14: 40725 | K14: A_CET_MOPCET [Saisi] <= 18,0 | L14: Bloquant | O14: P0093 - E0971 | S14: 2026-45 | U14: x | V14: Le CET peut être alimenté dans la limite de 18 jours par an.
A15: 26.00.00 | B15: A | C15: 46197.473 | D15: CET_D_411 | E15: Condition | F15: Le CET ne peut être utilisé que pour rémunérer des congés d'une durée minimale de 5 jours ouvrés. | G15: Instruction 301964 A4 | H15: 40725 | K15: A_CET_VFICET[Saisi] >= 5 | L15: Non Bloquant | M15: . | O15: P0093 - E0971 | S15: 2026-45 | U15: x | V15: Le CET ne peut être utilisé que pour rémunérer des congés d'une durée minimale de 5 jours ouvrés.
A16: 26.00.00 | B16: A | C16: 46176.678 | D16: CET_D_412 | E16: Condition | F16: Les agents exerçant des fonctions d'enseignement et dont les obligations horaires ont été prédéfinies et quantifiées dans des régimes d'obligations de service n'ont pas le droit au CET. | G16: Instruction 301964 A2 | H16: 40725 | K16: A_MOS_INDORS [Dossier] = '0' | L16: Bloquant | O16: P0093 - E0971 | S16: 2026-45 | U16: x | V16: Les agents exerçant des fonctions d'enseignement et dont les obligations horaires ont été prédéfinies et quantifiées dans des régimes d'obligations de service n'ont pas le droit au CET.
A17: 17.10.00 | B17: A | C17: 43152.5 | D17: CET_C_004 | E17: Contrôle | F17: Le nombre de jours de l'opération doit être inférieur ou égal au nombre de jours du compteur global du CET. | H17: 40725 | K17: A_CET_MOPCET [Saisi] <= A_CET_COGCET [Saisi] | L17: Bloquant
A18: 17.10.00 | B18: A | C18: 43691.751 | D18: CET_C_017 | E18: Contrôle | F18: La date d'ouverture du compte épargne temps global doit être postérieure ou égale à la date d'entrée dans le SIRH. | H18: 40725 | K18: A_CET_DCRCET [Saisi] >= A_SAP_DESIRH [Dossier] | L18: Non Bloquant | M18: Ce contrôle est non bloquant pour permettre les cas de transfert de CET lors de détachement ...
A19: 17.10.00 | B19: A | C19: 43152.5 | D19: CET_C_023 | E19: Contrôle | F19: Lorsque le sens de l'opération est à "Versé", le compteur global saisi est égal au compteur global de l'occurrence précédente auquel sont ajoutés les jours versés. | H19: 40725 | K19: A_CET_COGCET [Saisi] = A_CET_COGCET [Occurrence précédente] + A_CET_MOPCET [Saisi] | L19: Bloquant
A20: 17.10.00 | B20: A | C20: 43152.5 | D20: CET_C_024 | E20: Contrôle | F20: Lorsque le sens de l'opération est à "consommé", le compteur global saisi est égal au compteur global de l'occurrence précédente duquel sont soustraits les jours consommés en congés, les jours pour valorisation financière et les jours pour cotisation RAFP. | H20: 40725 | K20: A_CET_COGCET [Saisi] = A_CET_COGCET [Occurrence précédente] - (A_CET_MOPCET [Saisi] + A_CET_VFICET [Saisi] + A_CET_RAFCET [Saisi]) | L20: Bloquant
A21: 17.10.00 | B21: A | C21: 43152.5 | D21: CET_C_026 | E21: Contrôle | F21: Lorsque le sens de l'opération est égal à "versé", le nombre de jours pour valorisation financière et le nombre de jours pour cotisation RAFP ne doivent pas être renseignés. | H21: 40725 | K21: A_CET_VFICET [Saisi] = Vide ET A_CET_RAFCET [Saisi] = Vide | L21: Bloquant
A22: 17.10.00 | B22: A | C22: 43152.5 | D22: CET_C_027 | E22: Contrôle | F22: Lorsque le sens de l'opération est égal à "consommé", l'origine des jours n'est pas à renseigner. | H22: 40725 | K22: A_CET_ORICET [Saisi] = Vide | L22: Bloquant
A23: 17.10.00 | B23: A | C23: 43152.5 | D23: CET_C_029 | E23: Contrôle | F23: Pour les opérations d'inventaires, les champs "Année de référence" et "Nombre de jours demandés restant à payer (à la date d'observation)" doivent être saisis. | H23: 40725 | K23: A_CET_ANRCET [Saisi] <> Vide ET A_CET_NBJCET [Saisi] <> Vide | L23: Bloquant
A24: 17.10.00 | B24: A | C24: 43152.5 | D24: CET_C_030 | E24: Contrôle | F24: Le sens de l'opération doit être à "consommé". | H24: 40725 | K24: A_CET_SEOCET [Saisi] = 'C' | L24: Bloquant
A25: 17.10.00 | B25: A | C25: 43152.5 | D25: CET_C_031 | E25: Contrôle | F25: Les champs "Origine", "Nombre de jours de l'opération", "Nombre de jours pour valorisation financière" et "Nombre de jours pour cotisation RAFP" ne doivent pas être renseignés. | H25: 40725 | K25: A_CET_ORICET [Saisi] = Vide ET A_CET_MOPCET [Saisi] ET A_CET_VFICET [Saisi] = Vide ET A_CET_RAFCET [Saisi] = Vide | L25: Bloquant
A26: 18.10.00 | B26: A | C26: 43410.412 | D26: CET_I_005 | E26: Intellectuel | F26: Une instruction du ministre de la Défense détermine, dans le respect de l'intérêt du service, les règles d'ouverture, de fonctionnement, de gestion et de fermeture du compte épargne-temps, ainsi que les modalités de son utilisation par l'agent. | G26: Instruction 301964 A2 | H26: 40725 | L26: Non Bloquant | Q26: P0093 - E0971 | U26: x | V26: Une instruction du ministre de la Défense détermine, dans le respect de l'intérêt du service, les règles d'ouverture, de fonctionnement, de gestion et de fermeture du compte épargne-temps, ainsi que les modalités de son utilisation par l'agent.
A27: 18.10.00 | B27: A | C27: 43410.506 | D27: CET_I_008 | E27: Intellectuel | F27: L'administration informe annuellement l'agent des droits épargnés et consommés. | G27: Instruction 301964 A1 | H27: 40725 | L27: Non Bloquant | Q27: P0093 - E0971 / E0973 | U27: x | V27: L'administration informe annuellement l'agent des droits épargnés et consommés.
A28: 18.10.00 | B28: A | C28: 43410.676 | D28: CET_I_031 | E28: Intellectuel | F28: L'agent demande l'ouverture d'un compte épargne-temps auprès du service gestionnaire. | G28: Instruction 301964 A1 | H28: 40725 | L28: Non Bloquant | Q28: P0093 - E0971 / E0972 / E0973 | U28: x | V28: L'agent demande l'ouverture d'un compte épargne-temps auprès du service gestionnaire.
A29: 26.00.00 | B29: M | C29: 46163.585 | D29: CET_I_032 | E29: Intellectuel | F29: L'agent demande, en une fois, au service gestionnaire l'alimentation de son compte épargne-temps avant le 31 décembre de l'année en cours. | G29: Instruction 301964 A5 | H29: 40725 | L29: Non Bloquant | Q29: P0093 - E0971 / E0972 / E0973 | S29: 2026-45 | U29: x | V29: L'agent demande, en une fois, au service gestionnaire l'alimentation de son compte épargne-temps avant le 31 décembre de l'année en cours.
A30: 18.10.00 | B30: A | C30: 43410.681 | D30: CET_I_033 | E30: Intellectuel | F30: L'agent est informé de son droit à utiliser les congés accumulés à la date de clôture du compte dans un délai au moins égal à la somme de ces congés plus 1 mois. | G30: Instruction 301964 A5 | H30: 40725 | L30: Non Bloquant | Q30: P0093 - E0971 / E0972 / E0973 | U30: x | V30: L'agent est informé de son droit à utiliser les congés accumulés à la date de clôture du compte dans un délai au moins égal à la somme de ces congés plus 1 mois.
A31: 18.10.00 | B31: A | C31: 43410.683 | D31: CET_I_034 | E31: Intellectuel | F31: La demande d'utilisation du compte épargne-temps de l'agent doit être déposée auprès du service gestionnaire dans un délai de 2 mois avant un congé d'au plus 40 jours ouvrés pris en continu et dans un délai de 4 mois s'il est d'une plus longue durée. | G31: Instruction 301964 A8 | H31: 40725 | L31: Non Bloquant | Q31: P0093 - E0971 / E0972 / E0973 | U31: x | V31: La demande d'utilisation du compte épargne-temps de l'agent doit être déposée auprès du service gestionnaire dans un délai de 2 mois avant un congé d'au plus 40 jours ouvrés pris en continu et dans un délai de 4 mois s'il est d'une plus longue durée.
A32: 18.10.00 | B32: A | C32: 43410.685 | D32: CET_I_035 | E32: Intellectuel | F32: Le service gestionnaire informe l'agent que si le nombre de jours épargnés est d'au moins 40, alors les droits à congés doivent être exercés dans un délai de 10 ans à compter de cette notification. | G32: Instruction 301964 A6 | H32: 40725 | L32: Non Bloquant | Q32: P0093 - E0971 / E0972 / E0973 | U32: x | V32: Le service gestionnaire informe l'agent que si le nombre de jours épargnés est d'au moins 40, alors les droits à congés doivent être exercés dans un délai de 10 ans à compter de cette notification.
A33: 25.10.00 | B33: A | C33: 45994.424 | D33: CET_I_036 | E33: Intellectuel | F33: L'agent bénéficie des dispositions applicables aux agents titulaires pour le compte épargne-temps, sauf dispositions contraires. | G33: Décret 65-382 A19 | H33: 45901 | L33: Non Bloquant | Q33: P0096 - E0971 / E0972 / E0973 | U33: x | V33: L'agent bénéficie des dispositions applicables aux agents titulaires pour le compte épargne-temps, sauf dispositions contraires.
A34: 25.10.00 | B34: A | C34: 45994.426 | D34: CET_I_037 | E34: Intellectuel | F34: L'agent peut opter dans les proportions qu'il souhaite pour une indemnisation ou pour un maintien sur le compte épargne-temps. | G34: Décret 2002-634 A6-II-2° / Décret 65-382 A19 | H34: 45901 | L34: Non Bloquant | Q34: P0096 - E0971 - Choix d'option | U34: x | V34: L'agent peut opter dans les proportions qu'il souhaite pour une indemnisation ou pour un maintien sur le compte épargne-temps.
A35: 25.10.00 | B35: A | C35: 45994.428 | D35: CET_I_038 | E35: Intellectuel | F35: Si l'agent n'exerce pas son droit d'option, les jours au-delà de 15 sont indemnisés. | G35: Décret 2002-634 A6-II-2° / Décret 65-382 A19 | H35: 45901 | L35: Non Bloquant | Q35: P0096 - E0971 - Choix d'option | U35: x | V35: Si l'agent n'exerce pas son droit d'option, les jours au-delà de 15 sont indemnisés.
A36: 25.10.00 | B36: A | C36: 45994.658 | D36: CET_I_039 | E36: Intellectuel | F36: L'agent titulaire d'un compte épargne-temps historique peut utiliser ses jours épargnés sous forme de congés ou les faire indemniser. | G36: Décret 2009-1065 A9 | H36: 45323 | L36: Non Bloquant | Q36: P0096 - P0003 - E0972 | U36: x | V36: L'agent titulaire d'un compte épargne-temps historique peut utiliser ses jours épargnés sous forme de congés ou les faire indemniser.
A37: 24.10.00 | B37: A | C37: 45628.607 | D37: CET_I_050 | E37: Intellectuel | F37: L'agent doit effectuer une demande d'ouverture d'un compte épargne-temps. | G37: Décret 2002-634 A1 | H37: 45323 | L37: Non Bloquant | Q37: P0096 - P0001 / P0003 - E0971 | U37: x | V37: L'agent doit effectuer une demande d'ouverture d'un compte épargne-temps.
A38: 24.10.00 | B38: A | C38: 45628.608 | D38: CET_I_052 | E38: Intellectuel | F38: L'agent est informé chaque année, par l'administration, des jours épargnés et consommés. | G38: Décret 2002-634 A1 | H38: 45323 | L38: Non Bloquant | Q38: P0096 - P0001 / P0003 - E0971 | U38: x | V38: L'agent est informé chaque année, par l'administration, des jours épargnés et consommés.
A39: 24.10.00 | B39: A | C39: 45628.609 | D39: CET_I_054 | E39: Intellectuel | F39: Si le nombre de jours inscrits est supérieur à 15 jours au terme de l'année civile, l'agent ne peut utiliser ces 15 jours que sous forme de congés, pour les autres jours il doit exercer une option au plus le tard le 31 janvier de l'année suivante. | G39: Décret 2002-634 A6 / Arrêté du 28 aout 2009 A1 | H39: 45323 | L39: Non Bloquant | Q39: P0096 - P0001 / P0003 - E0971 | U39: x | V39: Si le nombre de jours inscrits est supérieur à 15 jours au terme de l'année civile, l'agent ne peut utiliser ces 15 jours que sous forme de congés, pour les autres jours il doit exercer une option au plus le tard le 31 janvier de l'année suivante.
A40: 24.10.00 | B40: A | C40: 45628.61 | D40: CET_I_055 | E40: Intellectuel | F40: L'agent peut opter dans les proportions qu'il souhaite pour un prise en compte au sein du régime de retraite additionnelle de la fonction publique, pour une indemnisation ou pour un maintien sur le compte épargne-temps. | G40: Décret 2002-634 A6 | H40: 45323 | L40: Non Bloquant | Q40: P0001 - E0971 | U40: x | V40: L'agent peut opter dans les proportions qu'il souhaite pour un prise en compte au sein du régime de retraite additionnelle de la fonction publique, pour une indemnisation ou pour un maintien sur le compte épargne-temps.
A41: 24.10.00 | B41: A | C41: 45628.611 | D41: CET_I_056 | E41: Intellectuel | F41: L'agent peut opter dans les proportions qu'il souhaite pour une indemnisation ou pour un maintien sur le compte épargne-temps. | G41: Décret 2002-634 A6 | H41: 45323 | L41: Non Bloquant | Q41: P0003 - E0971 | U41: x | V41: L'agent peut opter dans les proportions qu'il souhaite pour une indemnisation ou pour un maintien sur le compte épargne-temps.
... A54: 24.10.00 | B54: A | C54: 45629.406 | D54: CET_I_069 | E54: Intellectuel | F54: Depuis 2009, l'ouverture et l'alimentation du compte épargne-temps historique ne sont plus autorisées. | G54: Décret 2009-1065 | H54: 45323 | L54: Non Bloquant | Q54: P0096 - P0001 / P0003 - E0972 | U54: x | V54: Depuis 2009, l'ouverture et l'alimentation du compte épargne-temps historique ne sont plus autorisées.
A55: 26.00.00 | B55: A | C55: 46163.586 | D55: CET_I_071 | E55: Intellectuel | F55: Les droits à congés acquis au titre du compte épargne-temps ne peuvent être exercés qu'à compter de la date à laquelle l'agent a accumulé 40 jours sur son compte. | G55: Instruction 301964 A5 | H55: 40725 | L55: Non Bloquant | Q55: P0093 - E0971 / E0972 / E0973 | S55: 2026-45 | U55: x | V55: Les droits à congés acquis au titre du compte épargne-temps ne peuvent être exercés qu'à compter de la date à laquelle l'agent a accumulé 40 jours sur son compte.
A56: 26.00.00 | B56: A | C56: 46163.588 | D56: CET_I_072 | E56: Intellectuel | F56: L'agent qui n'a pu, du fait de l'administration, utiliser à cette échéance les droits à congés accumulés sur son compte épargne-temps en bénéficie de plein droit. | G56: Instruction 301964 A6 | H56: 40725 | L56: Non Bloquant | Q56: P0093 - E0971 / E0972 / E0973 | S56: 2026-45 | U56: x | V56: L'agent qui n'a pu, du fait de l'administration, utiliser à cette échéance les droits à congés accumulés sur son compte épargne-temps en bénéficie de plein droit.
A57: 26.00.00 | B57: A | C57: 46163.588 | D57: CET_I_073 | E57: Intellectuel | F57: Lorsque l'agent a bénéficié de congés de présence parentale, de congés de longue maladie ou de congés de longue durée, le délai est prorogé d'une durée égale à celle desdits congés. | G57: Instruction 301964 A6 | H57: 40725 | L57: Non Bloquant | Q57: P0093 - E0971 / E0972 / E0973 | S57: 2026-45 | U57: x | V57: Lorsque l'agent a bénéficié de congés de présence parentale, de congés de longue maladie ou de congés de longue durée, le délai est prorogé d'une durée égale à celle desdits congés.
A58: 26.00.00 | B58: A | C58: 46163.589 | D58: CET_I_074 | E58: Intellectuel | F58: Les conditions de durée minimum d'accumulation et de délai, ne peuvent être opposées aux agents à la date de leur radiation des contrôles ou de leur licenciement. | G58: Instruction 301964 A7 | H58: 40725 | L58: Non Bloquant | Q58: P0093 - E0971 / E0972 / E0973 | S58: 2026-45 | U58: x | V58: Les conditions de durée minimum d'accumulation et de délai, ne peuvent être opposées aux agents à la date de leur radiation des contrôles ou de leur licenciement.
A59: 24.10.00 | B59: M | C59: 45635.722 | D59: CET_P_001 | E59: Impact | F59: Rémunération : En cas d'indemnisation, le montant versé est un montant forfaitaire qui dépend de la catégorie statutaire d'appartenance de l'agent. | G59: Décret 2002-634 A3 | H59: 40725 | L59: Non Bloquant | R59: P0001 / P0003 - E0466 / E0468 / E0971 / E0972 / E0973 - Rémunération | U59: x | V59: Rémunération : En cas d'indemnisation, le montant versé est un montant forfaitaire qui dépend de la catégorie statutaire d'appartenance de l'agent.
A60: 24.10.00 | B60: M | C60: 45628.63 | D60: CET_P_006 | E60: Impact | F60: Stage : L'agent ne peut pas demander l'ouverture ou l'utilisation d'un compte épargne-temps durant la durée de son stage. | G60: Décret 2002-634 A2 | H60: 40725 | L60: Non Bloquant | R60: P0001 / P0003 - E0971 / E0466 / E0468 / E0972 / E0973 - Stage | U60: x | V60: Stage : L'agent ne peut pas demander l'ouverture ou l'utilisation d'un compte épargne-temps durant la durée de son stage.
A61: 24.10.00 | B61: M | C61: 45628.63 | D61: CET_P_007 | E61: Impact | F61: Congés annuels : L'agent conserve son droit à congé annuel. | G61: Décret 2002-634 A3 | H61: 40725 | L61: Non Bloquant | R61: P0001 / P0003 - E0466 / E0468 / E0971 / E0972 / E0973 - Congés annuels | U61: x | V61: Congés annuels : L'agent conserve son droit à congé annuel.
