Workbook
Name date_DIADC: 'Mode opératoire'!#REF!
Name notice_DIADC: 'Mode opératoire'!#REF!
Name notice_ENCHN: 'Mode opératoire'!$B$1:$B$4
Name notice_ICA: 'Mode opératoire'!#REF!

Sheet Mode opératoire
B1: MODE OPERATOIRE
B2: La transaction s'effectue au niveau de la rubrique "Congés/absences", elle inclut l'ensemble des sous-rubriques listées ci-dessous : - Congés/absences - Complément pour congé / absence : impact rémunération - Compteurs de périodes de congés On notera que : La sous-rubrique "Complément pour congé / absence : impact rémunération" est réputée, suite au découpage des absences en tranche de rémunération, avoir des dates de début et de fin alignées sur les dates de début et de fin de la sous-rubrique "Congés/absences" (contrôle bloquant)

Sheet Axe 1 Enchainement des RG
A1: Version | B1: Type de mise à jour | C1: Date de mise à jour | D1: Identifiant Domaine | E1: Libellé du Domaine | F1: Identifiant Sous-domaine | G1: Libellé du Sous-domaine | H1: Identifiant Evénement | I1: Libellé de l'évènement | J1: Libellé condition déclenchement Evènement | K1: Condition déclenchement Evènement | L1: Identifiant type d'évènement | M1: Libellé type d'évènement | N1: Type de mise à jour | O1: Libellé condition déclenchement Type Evènement | P1: Condition déclenchement Type Evènement | Q1: Libellé Population | R1: Codification Population | S1: Typologie de population | T1: Général / Particulier | U1: Passant / Exclu | V1: Date de début | W1: Date de fin | X1: Règles mobilisées | Y1: Identifiant Règle de contrôle intellectuel 1 | Z1: Libellé Règle de contrôle intellectuel 1 | AA1: Identifiant Règle de contrôle intellectuel 2 | AB1: Libellé Règle de contrôle intellectuel 2 | AC1: Identifiant Règle de contrôle intellectuel 3 | AD1: Libellé Règle de contrôle intellectuel 3 | AE1: Identifiant Règle de contrôle intellectuel 4 | AF1: Libellé Règle de contrôle intellectuel 4 | AG1: Identifiant Règle de contrôle intellectuel 5 | AH1: Libellé Règle de contrôle intellectuel 5 | AI1: Identifiant Règle de contrôle intellectuel 6 | AJ1: Libellé Règle de contrôle intellectuel 6 | AK1: Identifiant Règle de contrôle intellectuel 7 | AL1: Libellé Règle de contrôle intellectuel 7 | AM1: Identifiant Règle de contrôle intellectuel 8 | AN1: Libellé Règle de contrôle intellectuel 8 | AO1: Identifiant Règle de contrôle intellectuel 9 | AP1: Libellé Règle de contrôle intellectuel 9 | AQ1: Identifiant Règle de contrôle intellectuel 10 | AR1: Libellé Règle de contrôle intellectuel 10 | AS1: Identifiant Règle de contrôle intellectuel 11 | AT1: Libellé Règle de contrôle intellectuel 11 | AU1: Identifiant Règle de contrôle intellectuel 12 | AV1: Libellé Règle de contrôle intellectuel 12 | AW1: Identifiant Règle de contrôle intellectuel 13 | AX1: Libellé Règle de contrôle intellectuel 13 | AY1: Identifiant Règle de contrôle intellectuel 14 | AZ1: Libellé Règle de contrôle intellectuel 14 | BA1: Identifiant Règle de contrôle intellectuel 15 | BB1: Libellé Règle de contrôle intellectuel 15 | BC1: Identifiant Règle de contrôle intellectuel 16 | BD1: Libellé Règle de contrôle intellectuel 16 | BE1: Identifiant Règle de contrôle intellectuel 17 | BF1: Libellé Règle de contrôle intellectuel 17 | BG1: Identifiant Règle de contrôle intellectuel 18 | BH1: Libellé Règle de contrôle intellectuel 18 | BI1: Identifiant Règle de contrôle intellectuel 19 | BJ1: Libellé Règle de contrôle intellectuel 19 | BK1: Identifiant Règle de contrôle intellectuel 20 | BL1: Libellé Règle de contrôle intellectuel 20 | BM1: Identifiant Règle de contrôle intellectuel 21 | BN1: Libellé Règle de contrôle intellectuel 21 | BO1: Identifiant Règle de condition 1 | BP1: Libellé Règle de condition 1 | BQ1: Identifiant Règle de condition 2 | BR1: Libellé Règle de condition 2 | BS1: Identifiant Règle de condition 3 | BT1: Libellé Règle de condition 3 | BU1: Identifiant Règle de condition 4 | BV1: Libellé Règle de condition 4 | BW1: Identifiant Règle de condition 5 | BX1: Libellé Règle de condition 5 | BY1: Identifiant Règle de condition 6 | BZ1: Libellé Règle de condition 6 | CA1: Identifiant Règle de condition 7 | CB1: Libellé Règle de condition 7 | CC1: Identifiant Règle de contrôle 1 | CD1: Libellé Règle de contrôle 1 | CE1: Identifiant Règle de contrôle 2 | CF1: Libellé Règle de contrôle 2 | CG1: Identifiant Règle de contrôle 3 | CH1: Libellé Règle de contrôle 3 | CI1: Identifiant Règle de contrôle 4 | CJ1: Libellé Règle de contrôle 4 | CK1: Identifiant Règle de contrôle 5 | CL1: Libellé Règle de contrôle 5 | CM1: Identifiant Règle de contrôle 6 | CN1: Libellé Règle de contrôle 6 | CO1: Identifiant Règle de contrôle 7 | CP1: Libellé Règle de contrôle 7 | CQ1: Identifiant Règle de contrôle 8 | CR1: Libellé Règle de contrôle 8 | CS1: Identifiant Règle de contrôle 9 | CT1: Libellé Règle de contrôle 9 | CU1: Identifiant Règle de contrôle 10 | CV1: Libellé Règle de contrôle 10 | CW1: Identifiant Règle de contrôle 11 | CX1: Libellé Règle de contrôle 11 | CY1: Identifiant Règle de contrôle 12 | CZ1: Libellé Règle de contrôle 12 | DA1: Identifiant Règle de contrôle 13 | DB1: Libellé Règle de contrôle 13 | DC1: Identifiant Règle de contrôle 14 | DD1: Libellé Règle de contrôle 14 | DE1: Identifiant Règle de contrôle 15 | DF1: Libellé Règle de contrôle 15 | DG1: FIME | DH1: Statut de travail
A2: 21.00.00 | B2: M | C2: 45223.631 | D2: D0007 | E2: Congés/Absence | F2: S0057 | G2: Congé de présence parentale | H2: E0478 | I2: Congé de présence parentale | J2: Congé saisi égal à 'Congé de présence parentale' | K2: A_COA_TYCOAB [Saisi] = 'CG102' | L2: T1166 | M2: Congé de présence parentale - Initial | N2: Création Modification | O2: La valeur de l'Etat du congé est différente de 'Renouvellement' et la valeur de l'Etat du congé saisie est différente de celle avant saisie | P2: A_COA_ETCOMA [Saisi] <> 'EC02' ET A_COA_ETCOMA [Saisi] <> A_COA_ETCOMA [Valeur avant saisie] | Q2: Titulaire ou magistrat | R2: P0001 | S2: T | T2: Général | U2: Passant | V2: 40725 | W2: 44167 | X2: CPP_I_004 ET CPP_I_005 ET CPP_I_006 ET CPP_I_007 ET CPP_I_010 ET CPP_I_001 ET CPP_I_012 ET CPP_I_013 ET CPP_I_014 ET CPP_I_009 ET CPP_I_011 ET CPP_I_003 ET CPP_D_009 ET CPP_D_001 ET CPP_D_005 ET ABS_C_001 ET ABS_C_003 ET ABS_C_004 ET ABS_C_007 ET ABS_C_008 ET ABS_C_009 ET ABS_C_019 ET ABS_C_020 ET ABS_C_026 ET ABS_C_038 ET ABS_C_039 | Y2: CPP_I_004 | Z2: =VLOOKUP(Y2,'Axe 2 Règles de gestion'!$D$2:$F$366,3, FALSE) -> La demande doit être formulée par écrit au moins 15 jours avant le début du congé. | AA2: CPP_I_005 | AB2: =VLOOKUP(AA2,'Axe 2 Règles de gestion'!$D$2:$F$366,3, FALSE) -> La demande est accompagnée d'un certificat médical. | AC2: CPP_I_006 | AD2: =VLOOKUP(AC2,'Axe 2 Règles de gestion'!$D$2:$F$366,3, FALSE) -> Le certificat médical doit attester de la gravité de la maladie, de l'accident ou du handicap et de la nécessité de la présence soutenue d'un parent et de soins contraignants. Il doit également préciser la durée de l'absence. | AE2: CPP_I_007 | AF2: =VLOOKUP(AE2,'Axe 2 Règles de gestion'!$D$2:$F$366,3, FALSE) -> En cas d'urgence liée à l'état de santé de l'enfant, le congé débute à la date de la demande; l'agent transmet sous 15 jours le certificat médical requis. | AG2: CPP_I_010 | AH2: =VLOOKUP(AG2,'Axe 2 Règles de gestion'!$D$2:$F$366,3, FALSE) -> Si la durée du congé excède 6 mois, la pathologie et la nécessité de présence soutenue et de soins contraignants font tous les 6 mois l'objet d'un nouvel examen qui donne lieu à un certificat médical transmis sans délai à l'autorité dont relève l'agent. | AI2: CPP_I_001 | AJ2: =VLOOKUP(AI2,'Axe 2 Règles de gestion'!$D$2:$F$366,3, FALSE) -> Le congé est accordé de droit à l'agent. | AK2: CPP_I_012 | AL2: =VLOOKUP(AK2,'Axe 2 Règles de gestion'!$D$2:$F$366,3, FALSE) -> L'agent doit communiquer par écrit à l'autorité dont il relève le calendrier mensuel de ses journées de congé de présence parentale, au plus tard 15 jours avant le début de chaque mois. | AM2: CPP_I_013 | AN2: =VLOOKUP(AM2,'Axe 2 Règles de gestion'!$D$2:$F$366,3, FALSE) -> Lorsque l'agent souhaite prendre un ou plusieurs jours de congé ne correspondant pas au calendrier transmis, il doit en informer l'autorité au moins 48 heures à l'avance. | AO2: CPP_I_014 | AP2: =VLOOKUP(AO2,'Axe 2 Règles de gestion'!$D$2:$F$366,3, FALSE) -> L'autorité qui a accordé le congé fait procéder aux enquêtes nécessaires pour s'assurer que l'activité de l'agent est réellement consacrée à donner des soins à son enfant. | AQ2: CPP_I_009 | AR2: =VLOOKUP(AQ2,'Axe 2 Règles de gestion'!$D$2:$F$366,3, FALSE) -> En cas de rechute ou de récidive de la pathologie qui affecte l'enfant, le bénéfice du droit à congé peut être rouvert pour une nouvelle période sur présentation d'un certificat médical le justifiant. | AS2: CPP_I_011 | AT2: =VLOOKUP(AS2,'Axe 2 Règles de gestion'!$D$2:$F$366,3, FALSE) -> En cas de nouvelle pathologie affectant l'enfant, de même qu'en cas de rechute ou de récidive de la pathologie initialement traitée, un nouveau droit à congé est ouvert à l'issue de la période de 36 mois. | AU2: CPP_I_003 | AV2: =VLOOKUP(AU2,'Axe 2 Règles de gestion'!$D$2:$F$366,3, FALSE) -> Ce congé est ouvert au père ou à la mère. | BO2: CPP_D_009 | BP2: =VLOOKUP(BO2,'Axe 2 Règles de gestion'!$D$2:$F$366,3, FALSE) -> La durée réelle de congé de présence parentale dont peut bénéficier le fonctionnaire pour un même enfant et en raison d'une même pathologie est au maximum de 310 jours ouvrés au cours d'une période de 36 mois. (date de fin réelle de l'absence). | BQ2: CPP_D_001 | BR2: =VLOOKUP(BQ2,'Axe 2 Règles de gestion'!$D$2:$F$366,3, FALSE) -> L'agent doit être en activité. | BS2: CPP_D_005 | BT2: =VLOOKUP(BS2,'Axe 2 Règles de gestion'!$D$2:$F$366,3, FALSE) -> L'agent doit avoir un enfant lié à ce congé. | CC2: ABS_C_001 | CD2: =VLOOKUP(CC2,'Axe 2 Règles de gestion'!$D$2:$F$366,3, FALSE) -> La date de début du congé/absence doit être postérieure ou égale à la date de recrutement dans la FPE ou dans la carrière militaire. | CE2: ABS_C_003 | CF2: =VLOOKUP(CE2,'Axe 2 Règles de gestion'!$D$2:$F$366,3, FALSE) -> La date de début du congé/absence doit être antérieure ou égale à la date de fin réelle du congé/absence. | CG2: ABS_C_004 | CH2: =VLOOKUP(CG2,'Axe 2 Règles de gestion'!$D$2:$F$366,3, FALSE) -> La date de début du congé/absence doit être antérieure ou égale à la date de fin prévisionnelle du congé/absence. | CI2: ABS_C_007 | CJ2: =VLOOKUP(CI2,'Axe 2 Règles de gestion'!$D$2:$F$366,3, FALSE) -> La date de fin réelle du congé/absence doit être antérieure à la date limite de départ à la retraite. | CK2: ABS_C_008 | CL2: =VLOOKUP(CK2,'Axe 2 Règles de gestion'!$D$2:$F$366,3, FALSE) -> La date de fin prévisionnelle du congé/absence doit être antérieure à la date limite de départ à la retraite. | CM2: ABS_C_009 | CN2: =VLOOKUP(CM2,'Axe 2 Règles de gestion'!$D$2:$F$366,3, FALSE) -> La date de fin réelle ou la date de fin prévisionnelle du congé/absence doit être saisie. | CO2: ABS_C_019 | CP2: =VLOOKUP(CO2,'Axe 2 Règles de gestion'!$D$2:$F$366,3, FALSE) -> Si l'absence ne commence pas par une demi-journée et si l'absence précédente ne finit pas par une demi journée, la date de début de l'absence saisie est postérieure à la date de fin réelle de l'absence précédente. | CQ2: ABS_C_020 | CR2: =VLOOKUP(CQ2,'Axe 2 Règles de gestion'!$D$2:$F$366,3, FALSE) -> Si l'absence ne commence pas par une demi-journée et si l'absence précédente ne finit pas par une demi journée, la date de début de l'absence saisie est postérieure à la date de fin prévisionnelle de l'absence précédente. | CS2: ABS_C_026 | CT2: =VLOOKUP(CS2,'Axe 2 Règles de gestion'!$D$2:$F$366,3, FALSE) -> Dans le cas d'un congé autre que CLM, CLD, CGM et CITIS, l'indicateur de requalification doit être à non et les impacts spécifiques à la requalification ne doivent pas être mobilisés ou l'impact rémunération est vide. | CU2: ABS_C_038 | CV2: =VLOOKUP(CU2,'Axe 2 Règles de gestion'!$D$2:$F$366,3, FALSE) -> Le congé prend fin à la date de décès de l'enfant (date de fin réelle). | CW2: ABS_C_039 | CX2: =VLOOKUP(CW2,'Axe 2 Règles de gestion'!$D$2:$F$366,3, FALSE) -> Le congé prend fin à la date de décès de l'enfant (date de fin prévisionnelle).
A3: 23.10.00 | B3: M | C3: 45223.631 | D3: D0007 | E3: Congés/Absence | F3: S0057 | G3: Congé de présence parentale | H3: E0478 | I3: Congé de présence parentale | J3: Congé saisi égal à 'Congé de présence parentale' | K3: A_COA_TYCOAB [Saisi] = 'CG102' | L3: T1166 | M3: Congé de présence parentale - Initial | N3: Création Modification | O3: La valeur de l'Etat du congé est différente de 'Renouvellement' et la valeur de l'Etat du congé saisie est différente de celle avant saisie | P3: A_COA_ETCOMA [Saisi] <> 'EC02' ET A_COA_ETCOMA [Saisi] <> A_COA_ETCOMA [Valeur avant saisie] | Q3: Titulaire ou magistrat | R3: P0001 | S3: T | T3: Général | U3: Passant | V3: 44168 | W3: 45165 | X3: CPP_I_004 ET CPP_I_005 ET CPP_I_006 ET CPP_I_113 ET CPP_I_114 ET CPP_I_115 ET CPP_I_117 ET CPP_I_118 ET CPP_I_119 ET CPP_I_001 ET CPP_I_014 ET CPP_I_009 ET CPP_I_011 ET CPP_I_120 ET CPP_I_003 ET CPP_I_112 ET CPP_D_009 ET CPP_D_190 ET CPP_D_191 ET CPP_D_001 ET CPP_D_005 ET ABS_C_001 ET ABS_C_003 ET ABS_C_004 ET ABS_C_007 ET ABS_C_008 ET ABS_C_009 ET ABS_C_019 ET ABS_C_020 ET ABS_C_026 ET ABS_C_038 ET ABS_C_039 ET ABS_C_065 | Y3: CPP_I_004 | Z3: =VLOOKUP(Y3,'Axe 2 Règles de gestion'!$D$2:$F$366,3, FALSE) -> La demande doit être formulée par écrit au moins 15 jours avant le début du congé. | AA3: CPP_I_005 | AB3: =VLOOKUP(AA3,'Axe 2 Règles de gestion'!$D$2:$F$366,3, FALSE) -> La demande est accompagnée d'un certificat médical. | AC3: CPP_I_006 | AD3: =VLOOKUP(AC3,'Axe 2 Règles de gestion'!$D$2:$F$366,3, FALSE) -> Le certificat médical doit attester de la gravité de la maladie, de l'accident ou du handicap et de la nécessité de la présence soutenue d'un parent et de soins contraignants. Il doit également préciser la durée de l'absence. | AE3: CPP_I_113 | AF3: =VLOOKUP(AE3,'Axe 2 Règles de gestion'!$D$2:$F$366,3, FALSE) -> L'agent indique, dans sa demande de congé, la ou les modalités d'utilisation du congé et les dates de congé prévisionnelles afférentes. | AG3: CPP_I_114 | AH3: =VLOOKUP(AG3,'Axe 2 Règles de gestion'!$D$2:$F$366,3, FALSE) -> L'agent doit informer par écrit l'administration avec un préavis d'au moins 48 heures des changements de la ou des modalités d'utilisation et des dates de congé prévisionnelles afférentes. | AI3: CPP_I_115 | AJ3: =VLOOKUP(AI3,'Axe 2 Règles de gestion'!$D$2:$F$366,3, FALSE) -> Les délais de préavis liés à la demande du congé ne s'appliquent pas en cas de dégradation soudaine de l'état de santé de l'enfant ou en cas de situation de crise nécessitant une présence immédiate auprès de l'enfant. | AK3: CPP_I_117 | AL3: =VLOOKUP(AK3,'Axe 2 Règles de gestion'!$D$2:$F$366,3, FALSE) -> Les délais de préavis liés au changement de modalités d'utilisation du congé ne s'appliquent pas en cas de dégradation soudaine de l'état de santé de l'enfant ou en cas de situation de crise nécessitant une présence immédiate auprès de l'enfant. | AM3: CPP_I_118 | AN3: =VLOOKUP(AM3,'Axe 2 Règles de gestion'!$D$2:$F$366,3, FALSE) -> Les délais de préavis liés au changement de dates prévisionnelles du congé ne s'appliquent pas en cas de dégradation soudaine de l'état de santé de l'enfant ou en cas de situation de crise nécessitant une présence immédiate auprès de l'enfant. | AO3: CPP_I_119 | AP3: =VLOOKUP(AO3,'Axe 2 Règles de gestion'!$D$2:$F$366,3, FALSE) -> La durée prévisible de traitement fait l'objet d'un nouvel examen dans un délai compris entre 6 mois et 1 an maximum. Ce nouvel examen donne lieu à un certificat médical transmis à l'autorité dont relève l'agent. | AQ3: CPP_I_001 | AR3: =VLOOKUP(AQ3,'Axe 2 Règles de gestion'!$D$2:$F$366,3, FALSE) -> Le congé est accordé de droit à l'agent. | AS3: CPP_I_014 | AT3: =VLOOKUP(AS3,'Axe 2 Règles de gestion'!$D$2:$F$366,3, FALSE) -> L'autorité qui a accordé le congé fait procéder aux enquêtes nécessaires pour s'assurer que l'activité de l'agent est réellement consacrée à donner des soins à son enfant. | AU3: CPP_I_009 | AV3: =VLOOKUP(AU3,'Axe 2 Règles de gestion'!$D$2:$F$366,3, FALSE) -> En cas de rechute ou de récidive de la pathologie qui affecte l'enfant, le bénéfice du droit à congé peut être rouvert pour une nouvelle période sur présentation d'un certificat médical le justifiant. | AW3: CPP_I_011 | AX3: =VLOOKUP(AW3,'Axe 2 Règles de gestion'!$D$2:$F$366,3, FALSE) -> En cas de nouvelle pathologie affectant l'enfant, de même qu'en cas de rechute ou de récidive de la pathologie initialement traitée, un nouveau droit à congé est ouvert à l'issue de la période de 36 mois. | AY3: CPP_I_120 | AZ3: =VLOOKUP(AY3,'Axe 2 Règles de gestion'!$D$2:$F$366,3, FALSE) -> Lorsque la gravité de la pathologie de l'enfant initialement traitée nécessite une présence soutenue et des soins contraignants, un nouveau congé est ouvert à l'issue de la période de 36 mois sur présentation d'un certificat médical le justifiant. | BA3: CPP_I_003 | BB3: =VLOOKUP(BA3,'Axe 2 Règles de gestion'!$D$2:$F$366,3, FALSE) -> Ce congé est ouvert au père ou à la mère. | BC3: CPP_I_112 | BD3: =VLOOKUP(BC3,'Axe 2 Règles de gestion'!$D$2:$F$366,3, FALSE) -> Dans la limite de 36 mois, l'agent peut choisir d'utiliser les 310 jours ouvrés de congé sous la forme soit d'une période continue, soit d'une ou plusieurs périodes fractionnées d'au moins une journée soit d'un service à temps partiel. | BO3: CPP_D_009 | BP3: =VLOOKUP(BO3,'Axe 2 Règles de gestion'!$D$2:$F$366,3, FALSE) -> La durée réelle de congé de présence parentale dont peut bénéficier le fonctionnaire pour un même enfant et en raison d'une même pathologie est au maximum de 310 jours ouvrés au cours d'une période de 36 mois. (date de fin réelle de l'absence). | BQ3: CPP_D_190 | BR3: =VLOOKUP(BQ3,'Axe 2 Règles de gestion'!$D$2:$F$366,3, FALSE) -> Le congé de présence parentale peut être fractionné mais chaque absence doit être d'une durée réelle minimale de 1 jour. | BS3: CPP_D_191 | BT3: =VLOOKUP(BS3,'Axe 2 Règles de gestion'!$D$2:$F$366,3, FALSE) -> Le congé de présence parentale peut être fractionné mais chaque absence doit être d'une durée prévisionnelle minimale de 1 jour. | BU3: CPP_D_001 | BV3: =VLOOKUP(BU3,'Axe 2 Règles de gestion'!$D$2:$F$366,3, FALSE) -> L'agent doit être en activité. | BW3: CPP_D_005 | BX3: =VLOOKUP(BW3,'Axe 2 Règles de gestion'!$D$2:$F$366,3, FALSE) -> L'agent doit avoir un enfant lié à ce congé. | CC3: ABS_C_001 | CD3: =VLOOKUP(CC3,'Axe 2 Règles de gestion'!$D$2:$F$366,3, FALSE) -> La date de début du congé/absence doit être postérieure ou égale à la date de recrutement dans la FPE ou dans la carrière militaire. | CE3: ABS_C_003 | CF3: =VLOOKUP(CE3,'Axe 2 Règles de gestion'!$D$2:$F$366,3, FALSE) -> La date de début du congé/absence doit être antérieure ou égale à la date de fin réelle du congé/absence. | CG3: ABS_C_004 | CH3: =VLOOKUP(CG3,'Axe 2 Règles de gestion'!$D$2:$F$366,3, FALSE) -> La date de début du congé/absence doit être antérieure ou égale à la date de fin prévisionnelle du congé/absence. | CI3: ABS_C_007 | CJ3: =VLOOKUP(CI3,'Axe 2 Règles de gestion'!$D$2:$F$366,3, FALSE) -> La date de fin réelle du congé/absence doit être antérieure à la date limite de départ à la retraite. | CK3: ABS_C_008 | CL3: =VLOOKUP(CK3,'Axe 2 Règles de gestion'!$D$2:$F$366,3, FALSE) -> La date de fin prévisionnelle du congé/absence doit être antérieure à la date limite de départ à la retraite. | CM3: ABS_C_009 | CN3: =VLOOKUP(CM3,'Axe 2 Règles de gestion'!$D$2:$F$366,3, FALSE) -> La date de fin réelle ou la date de fin prévisionnelle du congé/absence doit être saisie. | CO3: ABS_C_019 | CP3: =VLOOKUP(CO3,'Axe 2 Règles de gestion'!$D$2:$F$366,3, FALSE) -> Si l'absence ne commence pas par une demi-journée et si l'absence précédente ne finit pas par une demi journée, la date de début de l'absence saisie est postérieure à la date de fin réelle de l'absence précédente. | CQ3: ABS_C_020 | CR3: =VLOOKUP(CQ3,'Axe 2 Règles de gestion'!$D$2:$F$366,3, FALSE) -> Si l'absence ne commence pas par une demi-journée et si l'absence précédente ne finit pas par une demi journée, la date de début de l'absence saisie est postérieure à la date de fin prévisionnelle de l'absence précédente. | CS3: ABS_C_026 | CT3: =VLOOKUP(CS3,'Axe 2 Règles de gestion'!$D$2:$F$366,3, FALSE) -> Dans le cas d'un congé autre que CLM, CLD, CGM et CITIS, l'indicateur de requalification doit être à non et les impacts spécifiques à la requalification ne doivent pas être mobilisés ou l'impact rémunération est vide. | CU3: ABS_C_038 | CV3: =VLOOKUP(CU3,'Axe 2 Règles de gestion'!$D$2:$F$366,3, FALSE) -> Le congé prend fin à la date de décès de l'enfant (date de fin réelle). | CW3: ABS_C_039 | CX3: =VLOOKUP(CW3,'Axe 2 Règles de gestion'!$D$2:$F$366,3, FALSE) -> Le congé prend fin à la date de décès de l'enfant (date de fin prévisionnelle). | CY3: ABS_C_065 | CZ3: =VLOOKUP(CY3,'Axe 2 Règles de gestion'!$D$2:$F$366,3, FALSE) -> L'agent en congé de présence parentale / congé de proche aidant / congé de solidarité familiale ne peut se voir accorder de manière simultanée un temps partiel pour congé de présence parentale / pour congé de proche aidant / pour congé de solidarité familiale.
A4: 23.10.00 | B4: M | C4: 45223.639 | D4: D0007 | E4: Congés/Absence | F4: S0057 | G4: Congé de présence parentale | H4: E0478 | I4: Congé de présence parentale | J4: Congé saisi égal à 'Congé de présence parentale' | K4: A_COA_TYCOAB [Saisi] = 'CG102' | L4: T1166 | M4: Congé de présence parentale - Initial | N4: Création Modification | O4: La valeur de l'Etat du congé est différente de 'Renouvellement' et la valeur de l'Etat du congé saisie est différente de celle avant saisie | P4: A_COA_ETCOMA [Saisi] <> 'EC02' ET A_COA_ETCOMA [Saisi] <> A_COA_ETCOMA [Valeur avant saisie] | Q4: Titulaire ou magistrat | R4: P0001 | S4: T | T4: Général | U4: Passant | V4: 45166 | X4: CPP_I_004 ET CPP_I_005 ET CPP_I_006 ET CPP_I_113 ET CPP_I_114 ET CPP_I_115 ET CPP_I_117 ET CPP_I_118 ET CPP_I_119 ET CPP_I_001 ET CPP_I_014 ET CPP_I_009 ET CPP_I_011 ET CPP_I_120 ET CPP_I_003 ET CPP_I_314 ET CPP_I_008 ET CPP_I_121 ET CPP_I_323 ET CPP_D_009 ET CPP_D_001 ET CPP_D_005 ET CPP_D_025 ET ABS_C_001 ET ABS_C_003 ET ABS_C_004 ET ABS_C_007 ET ABS_C_008 ET ABS_C_009 ET ABS_C_019 ET ABS_C_020 ET ABS_C_026 ET ABS_C_038 ET ABS_C_039 ET ABS_C_065 | Y4: CPP_I_004 | Z4: =VLOOKUP(Y4,'Axe 2 Règles de gestion'!$D$2:$F$366,3, FALSE) -> La demande doit être formulée par écrit au moins 15 jours avant le début du congé. | AA4: CPP_I_005 | AB4: =VLOOKUP(AA4,'Axe 2 Règles de gestion'!$D$2:$F$366,3, FALSE) -> La demande est accompagnée d'un certificat médical. | AC4: CPP_I_006 | AD4: =VLOOKUP(AC4,'Axe 2 Règles de gestion'!$D$2:$F$366,3, FALSE) -> Le certificat médical doit attester de la gravité de la maladie, de l'accident ou du handicap et de la nécessité de la présence soutenue d'un parent et de soins contraignants. Il doit également préciser la durée de l'absence. | AE4: CPP_I_113 | AF4: =VLOOKUP(AE4,'Axe 2 Règles de gestion'!$D$2:$F$366,3, FALSE) -> L'agent indique, dans sa demande de congé, la ou les modalités d'utilisation du congé et les dates de congé prévisionnelles afférentes. | AG4: CPP_I_114 | AH4: =VLOOKUP(AG4,'Axe 2 Règles de gestion'!$D$2:$F$366,3, FALSE) -> L'agent doit informer par écrit l'administration avec un préavis d'au moins 48 heures des changements de la ou des modalités d'utilisation et des dates de congé prévisionnelles afférentes. | AI4: CPP_I_115 | AJ4: =VLOOKUP(AI4,'Axe 2 Règles de gestion'!$D$2:$F$366,3, FALSE) -> Les délais de préavis liés à la demande du congé ne s'appliquent pas en cas de dégradation soudaine de l'état de santé de l'enfant ou en cas de situation de crise nécessitant une présence immédiate auprès de l'enfant. | AK4: CPP_I_117 | AL4: =VLOOKUP(AK4,'Axe 2 Règles de gestion'!$D$2:$F$366,3, FALSE) -> Les délais de préavis liés au changement de modalités d'utilisation du congé ne s'appliquent pas en cas de dégradation soudaine de l'état de santé de l'enfant ou en cas de situation de crise nécessitant une présence immédiate auprès de l'enfant. | AM4: CPP_I_118 | AN4: =VLOOKUP(AM4,'Axe 2 Règles de gestion'!$D$2:$F$366,3, FALSE) -> Les délais de préavis liés au changement de dates prévisionnelles du congé ne s'appliquent pas en cas de dégradation soudaine de l'état de santé de l'enfant ou en cas de situation de crise nécessitant une présence immédiate auprès de l'enfant. | AO4: CPP_I_119 | AP4: =VLOOKUP(AO4,'Axe 2 Règles de gestion'!$D$2:$F$366,3, FALSE) -> La durée prévisible de traitement fait l'objet d'un nouvel examen dans un délai compris entre 6 mois et 1 an maximum. Ce nouvel examen donne lieu à un certificat médical transmis à l'autorité dont relève l'agent. | AQ4: CPP_I_001 | AR4: =VLOOKUP(AQ4,'Axe 2 Règles de gestion'!$D$2:$F$366,3, FALSE) -> Le congé est accordé de droit à l'agent. | AS4: CPP_I_014 | AT4: =VLOOKUP(AS4,'Axe 2 Règles de gestion'!$D$2:$F$366,3, FALSE) -> L'autorité qui a accordé le congé fait procéder aux enquêtes nécessaires pour s'assurer que l'activité de l'agent est réellement consacrée à donner des soins à son enfant. | AU4: CPP_I_009 | AV4: =VLOOKUP(AU4,'Axe 2 Règles de gestion'!$D$2:$F$366,3, FALSE) -> En cas de rechute ou de récidive de la pathologie qui affecte l'enfant, le bénéfice du droit à congé peut être rouvert pour une nouvelle période sur présentation d'un certificat médical le justifiant. | AW4: CPP_I_011 | AX4: =VLOOKUP(AW4,'Axe 2 Règles de gestion'!$D$2:$F$366,3, FALSE) -> En cas de nouvelle pathologie affectant l'enfant, de même qu'en cas de rechute ou de récidive de la pathologie initialement traitée, un nouveau droit à congé est ouvert à l'issue de la période de 36 mois. | AY4: CPP_I_120 | AZ4: =VLOOKUP(AY4,'Axe 2 Règles de gestion'!$D$2:$F$366,3, FALSE) -> Lorsque la gravité de la pathologie de l'enfant initialement traitée nécessite une présence soutenue et des soins contraignants, un nouveau congé est ouvert à l'issue de la période de 36 mois sur présentation d'un certificat médical le justifiant. | BA4: CPP_I_003 | BB4: =VLOOKUP(BA4,'Axe 2 Règles de gestion'!$D$2:$F$366,3, FALSE) -> Ce congé est ouvert au père ou à la mère. | BC4: CPP_I_314 | BD4: =VLOOKUP(BC4,'Axe 2 Règles de gestion'!$D$2:$F$366,3, FALSE) -> Dans la limite de 36 mois, l'agent peut choisir d'utiliser les 310 jours ouvrés de congé sous la forme soit d'une période continue, soit d'une ou plusieurs périodes fractionnées d'au moins d'une demi-journée soit d'un service à temps partiel. | BE4: CPP_I_008 | BF4: =VLOOKUP(BE4,'Axe 2 Règles de gestion'!$D$2:$F$366,3, FALSE) -> Au terme de la durée initiale, le bénéfice du droit à congé peut être prolongé sur présentation d'un certificat médical le justifiant. | BG4: CPP_I_121 | BH4: =VLOOKUP(BG4,'Axe 2 Règles de gestion'!$D$2:$F$366,3, FALSE) -> La demande de renouvellement ou de prolongation du congé doit être adressée par écrit au supérieur hiérarchique au moins 15 jours avant le terme du congé. | BI4: CPP_I_323 | BJ4: =VLOOKUP(BI4,'Axe 2 Règles de gestion'!$D$2:$F$366,3, FALSE) -> Le congé de présence parentale peut être fractionné et chaque absence doit être d'une durée minimale d'une demi-journée. | BO4: CPP_D_009 | BP4: =VLOOKUP(BO4,'Axe 2 Règles de gestion'!$D$2:$F$366,3, FALSE) -> La durée réelle de congé de présence parentale dont peut bénéficier le fonctionnaire pour un même enfant et en raison d'une même pathologie est au maximum de 310 jours ouvrés au cours d'une période de 36 mois. (date de fin réelle de l'absence). | BQ4: CPP_D_001 | BR4: =VLOOKUP(BQ4,'Axe 2 Règles de gestion'!$D$2:$F$366,3, FALSE) -> L'agent doit être en activité. | BS4: CPP_D_005 | BT4: =VLOOKUP(BS4,'Axe 2 Règles de gestion'!$D$2:$F$366,3, FALSE) -> L'agent doit avoir un enfant lié à ce congé. | BU4: CPP_D_025 | BV4: =VLOOKUP(BU4,'Axe 2 Règles de gestion'!$D$2:$F$366,3, FALSE) -> Au terme de la durée réelle initiale, ou en cas de rechute ou de récidive de la pathologie qui affecte l'enfant, le bénéfice du droit à congé peut être prolongé ou rouvert pour une nouvelle période sur présentation d'un certificat médical le justifiant, dans la limite des 310 jours et des 36 mois. Le décompte de la période de 36 mois s'effectue à partir de la date initiale d'ouverture du droit à congé. | CC4: ABS_C_001 | CD4: =VLOOKUP(CC4,'Axe 2 Règles de gestion'!$D$2:$F$366,3, FALSE) -> La date de début du congé/absence doit être postérieure ou égale à la date de recrutement dans la FPE ou dans la carrière militaire. | CE4: ABS_C_003 | CF4: =VLOOKUP(CE4,'Axe 2 Règles de gestion'!$D$2:$F$366,3, FALSE) -> La date de début du congé/absence doit être antérieure ou égale à la date de fin réelle du congé/absence. | CG4: ABS_C_004 | CH4: =VLOOKUP(CG4,'Axe 2 Règles de gestion'!$D$2:$F$366,3, FALSE) -> La date de début du congé/absence doit être antérieure ou égale à la date de fin prévisionnelle du congé/absence. | CI4: ABS_C_007 | CJ4: =VLOOKUP(CI4,'Axe 2 Règles de gestion'!$D$2:$F$366,3, FALSE) -> La date de fin réelle du congé/absence doit être antérieure à la date limite de départ à la retraite. | CK4: ABS_C_008 | CL4: =VLOOKUP(CK4,'Axe 2 Règles de gestion'!$D$2:$F$366,3, FALSE) -> La date de fin prévisionnelle du congé/absence doit être antérieure à la date limite de départ à la retraite. | CM4: ABS_C_009 | CN4: =VLOOKUP(CM4,'Axe 2 Règles de gestion'!$D$2:$F$366,3, FALSE) -> La date de fin réelle ou la date de fin prévisionnelle du congé/absence doit être saisie. | CO4: ABS_C_019 | CP4: =VLOOKUP(CO4,'Axe 2 Règles de gestion'!$D$2:$F$366,3, FALSE) -> Si l'absence ne commence pas par une demi-journée et si l'absence précédente ne finit pas par une demi journée, la date de début de l'absence saisie est postérieure à la date de fin réelle de l'absence précédente. | CQ4: ABS_C_020 | CR4: =VLOOKUP(CQ4,'Axe 2 Règles de gestion'!$D$2:$F$366,3, FALSE) -> Si l'absence ne commence pas par une demi-journée et si l'absence précédente ne finit pas par une demi journée, la date de début de l'absence saisie est postérieure à la date de fin prévisionnelle de l'absence précédente. | CS4: ABS_C_026 | CT4: =VLOOKUP(CS4,'Axe 2 Règles de gestion'!$D$2:$F$366,3, FALSE) -> Dans le cas d'un congé autre que CLM, CLD, CGM et CITIS, l'indicateur de requalification doit être à non et les impacts spécifiques à la requalification ne doivent pas être mobilisés ou l'impact rémunération est vide. | CU4: ABS_C_038 | CV4: =VLOOKUP(CU4,'Axe 2 Règles de gestion'!$D$2:$F$366,3, FALSE) -> Le congé prend fin à la date de décès de l'enfant (date de fin réelle). | CW4: ABS_C_039 | CX4: =VLOOKUP(CW4,'Axe 2 Règles de gestion'!$D$2:$F$366,3, FALSE) -> Le congé prend fin à la date de décès de l'enfant (date de fin prévisionnelle). | CY4: ABS_C_065 | CZ4: =VLOOKUP(CY4,'Axe 2 Règles de gestion'!$D$2:$F$366,3, FALSE) -> L'agent en congé de présence parentale / congé de proche aidant / congé de solidarité familiale ne peut se voir accorder de manière simultanée un temps partiel pour congé de présence parentale / pour congé de proche aidant / pour congé de solidarité familiale.
A5: 21.00.00 | B5: M | C5: 45223.632 | D5: D0007 | E5: Congés/Absence | F5: S0057 | G5: Congé de présence parentale | H5: E0478 | I5: Congé de présence parentale | J5: Congé saisi égal à 'Congé de présence parentale' | K5: A_COA_TYCOAB [Saisi] = 'CG102' | L5: T1167 | M5: Congé de présence parentale - Renouvellement | N5: Création Modification | O5: La valeur de l'Etat du congé est 'Renouvellement' et la valeur de l'Etat du congé saisie est différente de celle avant saisie | P5: A_COA_ETCOMA [Saisi] = 'EC02' ET A_COA_ETCOMA [Saisi] <> A_COA_ETCOMA [Valeur avant saisie] | Q5: Titulaire ou magistrat | R5: P0001 | S5: T | T5: Général | U5: Passant | V5: 40725 | W5: 44167 | X5: CPP_I_008 ET CPP_I_010 ET CPP_I_012 ET CPP_I_013 ET CPP_I_014 ET CPP_D_025 ET CPP_D_001 ET CPP_D_005 ET ABS_C_003 ET ABS_C_004 ET ABS_C_007 ET ABS_C_008 ET ABS_C_009 ET ABS_C_019 ET ABS_C_020 ET ABS_C_026 ET ABS_C_038 ET ABS_C_039 | Y5: CPP_I_008 | Z5: =VLOOKUP(Y5,'Axe 2 Règles de gestion'!$D$2:$F$366,3, FALSE) -> Au terme de la durée initiale, le bénéfice du droit à congé peut être prolongé sur présentation d'un certificat médical le justifiant. | AA5: CPP_I_010 | AB5: =VLOOKUP(AA5,'Axe 2 Règles de gestion'!$D$2:$F$366,3, FALSE) -> Si la durée du congé excède 6 mois, la pathologie et la nécessité de présence soutenue et de soins contraignants font tous les 6 mois l'objet d'un nouvel examen qui donne lieu à un certificat médical transmis sans délai à l'autorité dont relève l'agent. | AC5: CPP_I_012 | AD5: =VLOOKUP(AC5,'Axe 2 Règles de gestion'!$D$2:$F$366,3, FALSE) -> L'agent doit communiquer par écrit à l'autorité dont il relève le calendrier mensuel de ses journées de congé de présence parentale, au plus tard 15 jours avant le début de chaque mois. | AE5: CPP_I_013 | AF5: =VLOOKUP(AE5,'Axe 2 Règles de gestion'!$D$2:$F$366,3, FALSE) -> Lorsque l'agent souhaite prendre un ou plusieurs jours de congé ne correspondant pas au calendrier transmis, il doit en informer l'autorité au moins 48 heures à l'avance. | AG5: CPP_I_014 | AH5: =VLOOKUP(AG5,'Axe 2 Règles de gestion'!$D$2:$F$366,3, FALSE) -> L'autorité qui a accordé le congé fait procéder aux enquêtes nécessaires pour s'assurer que l'activité de l'agent est réellement consacrée à donner des soins à son enfant. | BO5: CPP_D_025 | BP5: =VLOOKUP(BO5,'Axe 2 Règles de gestion'!$D$2:$F$366,3, FALSE) -> Au terme de la durée réelle initiale, ou en cas de rechute ou de récidive de la pathologie qui affecte l'enfant, le bénéfice du droit à congé peut être prolongé ou rouvert pour une nouvelle période sur présentation d'un certificat médical le justifiant, dans la limite des 310 jours et des 36 mois. Le décompte de la période de 36 mois s'effectue à partir de la date initiale d'ouverture du droit à congé. | BQ5: CPP_D_001 | BR5: =VLOOKUP(BQ5,'Axe 2 Règles de gestion'!$D$2:$F$366,3, FALSE) -> L'agent doit être en activité. | BS5: CPP_D_005 | BT5: =VLOOKUP(BS5,'Axe 2 Règles de gestion'!$D$2:$F$366,3, FALSE) -> L'agent doit avoir un enfant lié à ce congé. | CC5: ABS_C_003 | CD5: =VLOOKUP(CC5,'Axe 2 Règles de gestion'!$D$2:$F$366,3, FALSE) -> La date de début du congé/absence doit être antérieure ou égale à la date de fin réelle du congé/absence. | CE5: ABS_C_004 | CF5: =VLOOKUP(CE5,'Axe 2 Règles de gestion'!$D$2:$F$366,3, FALSE) -> La date de début du congé/absence doit être antérieure ou égale à la date de fin prévisionnelle du congé/absence. | CG5: ABS_C_007 | CH5: =VLOOKUP(CG5,'Axe 2 Règles de gestion'!$D$2:$F$366,3, FALSE) -> La date de fin réelle du congé/absence doit être antérieure à la date limite de départ à la retraite. | CI5: ABS_C_008 | CJ5: =VLOOKUP(CI5,'Axe 2 Règles de gestion'!$D$2:$F$366,3, FALSE) -> La date de fin prévisionnelle du congé/absence doit être antérieure à la date limite de départ à la retraite. | CK5: ABS_C_009 | CL5: =VLOOKUP(CK5,'Axe 2 Règles de gestion'!$D$2:$F$366,3, FALSE) -> La date de fin réelle ou la date de fin prévisionnelle du congé/absence doit être saisie. | CM5: ABS_C_019 | CN5: =VLOOKUP(CM5,'Axe 2 Règles de gestion'!$D$2:$F$366,3, FALSE) -> Si l'absence ne commence pas par une demi-journée et si l'absence précédente ne finit pas par une demi journée, la date de début de l'absence saisie est postérieure à la date de fin réelle de l'absence précédente. | CO5: ABS_C_020 | CP5: =VLOOKUP(CO5,'Axe 2 Règles de gestion'!$D$2:$F$366,3, FALSE) -> Si l'absence ne commence pas par une demi-journée et si l'absence précédente ne finit pas par une demi journée, la date de début de l'absence saisie est postérieure à la date de fin prévisionnelle de l'absence précédente. | CQ5: ABS_C_026 | CR5: =VLOOKUP(CQ5,'Axe 2 Règles de gestion'!$D$2:$F$366,3, FALSE) -> Dans le cas d'un congé autre que CLM, CLD, CGM et CITIS, l'indicateur de requalification doit être à non et les impacts spécifiques à la requalification ne doivent pas être mobilisés ou l'impact rémunération est vide. | CS5: ABS_C_038 | CT5: =VLOOKUP(CS5,'Axe 2 Règles de gestion'!$D$2:$F$366,3, FALSE) -> Le congé prend fin à la date de décès de l'enfant (date de fin réelle). | CU5: ABS_C_039 | CV5: =VLOOKUP(CU5,'Axe 2 Règles de gestion'!$D$2:$F$366,3, FALSE) -> Le congé prend fin à la date de décès de l'enfant (date de fin prévisionnelle).
A6: 23.10.00 | B6: M | C6: 45223.632 | D6: D0007 | E6: Congés/Absence | F6: S0057 | G6: Congé de présence parentale | H6: E0478 | I6: Congé de présence parentale | J6: Congé saisi égal à 'Congé de présence parentale' | K6: A_COA_TYCOAB [Saisi] = 'CG102' | L6: T1167 | M6: Congé de présence parentale - Renouvellement | N6: Création Modification | O6: La valeur de l'Etat du congé est 'Renouvellement' et la valeur de l'Etat du congé saisie est différente de celle avant saisie | P6: A_COA_ETCOMA [Saisi] = 'EC02' ET A_COA_ETCOMA [Saisi] <> A_COA_ETCOMA [Valeur avant saisie] | Q6: Titulaire ou magistrat | R6: P0001 | S6: T | T6: Général | U6: Passant | V6: 44168 | W6: 45165 | X6: CPP_I_008 ET CPP_I_121 ET CPP_I_119 ET CPP_I_113 ET CPP_I_114 ET CPP_I_116 ET CPP_I_117 ET CPP_I_118 ET CPP_I_112 ET CPP_D_025 ET CPP_D_190 ET CPP_D_191 ET CPP_D_138 ET CPP_D_141 ET ABS_C_003 ET ABS_C_004 ET ABS_C_007 ET ABS_C_008 ET ABS_C_009 ET ABS_C_019 ET ABS_C_020 ET ABS_C_026 ET ABS_C_038 ET ABS_C_039 ET ABS_C_065 | Y6: CPP_I_008 | Z6: =VLOOKUP(Y6,'Axe 2 Règles de gestion'!$D$2:$F$366,3, FALSE) -> Au terme de la durée initiale, le bénéfice du droit à congé peut être prolongé sur présentation d'un certificat médical le justifiant. | AA6: CPP_I_121 | AB6: =VLOOKUP(AA6,'Axe 2 Règles de gestion'!$D$2:$F$366,3, FALSE) -> La demande de renouvellement ou de prolongation du congé doit être adressée par écrit au supérieur hiérarchique au moins 15 jours avant le terme du congé. | AC6: CPP_I_119 | AD6: =VLOOKUP(AC6,'Axe 2 Règles de gestion'!$D$2:$F$366,3, FALSE) -> La durée prévisible de traitement fait l'objet d'un nouvel examen dans un délai compris entre 6 mois et 1 an maximum. Ce nouvel examen donne lieu à un certificat médical transmis à l'autorité dont relève l'agent. | AE6: CPP_I_113 | AF6: =VLOOKUP(AE6,'Axe 2 Règles de gestion'!$D$2:$F$366,3, FALSE) -> L'agent indique, dans sa demande de congé, la ou les modalités d'utilisation du congé et les dates de congé prévisionnelles afférentes. | AG6: CPP_I_114 | AH6: =VLOOKUP(AG6,'Axe 2 Règles de gestion'!$D$2:$F$366,3, FALSE) -> L'agent doit informer par écrit l'administration avec un préavis d'au moins 48 heures des changements de la ou des modalités d'utilisation et des dates de congé prévisionnelles afférentes. | AI6: CPP_I_116 | AJ6: =VLOOKUP(AI6,'Axe 2 Règles de gestion'!$D$2:$F$366,3, FALSE) -> Les délais de préavis liés au renouvellement du congé ne s'appliquent pas en cas de dégradation soudaine de l'état de santé de l'enfant ou en cas de situation de crise nécessitant une présence immédiate auprès de l'enfant. | AK6: CPP_I_117 | AL6: =VLOOKUP(AK6,'Axe 2 Règles de gestion'!$D$2:$F$366,3, FALSE) -> Les délais de préavis liés au changement de modalités d'utilisation du congé ne s'appliquent pas en cas de dégradation soudaine de l'état de santé de l'enfant ou en cas de situation de crise nécessitant une présence immédiate auprès de l'enfant. | AM6: CPP_I_118 | AN6: =VLOOKUP(AM6,'Axe 2 Règles de gestion'!$D$2:$F$366,3, FALSE) -> Les délais de préavis liés au changement de dates prévisionnelles du congé ne s'appliquent pas en cas de dégradation soudaine de l'état de santé de l'enfant ou en cas de situation de crise nécessitant une présence immédiate auprès de l'enfant. | AO6: CPP_I_112 | AP6: =VLOOKUP(AO6,'Axe 2 Règles de gestion'!$D$2:$F$366,3, FALSE) -> Dans la limite de 36 mois, l'agent peut choisir d'utiliser les 310 jours ouvrés de congé sous la forme soit d'une période continue, soit d'une ou plusieurs périodes fractionnées d'au moins une journée soit d'un service à temps partiel. | BO6: CPP_D_025 | BP6: =VLOOKUP(BO6,'Axe 2 Règles de gestion'!$D$2:$F$366,3, FALSE) -> Au terme de la durée réelle initiale, ou en cas de rechute ou de récidive de la pathologie qui affecte l'enfant, le bénéfice du droit à congé peut être prolongé ou rouvert pour une nouvelle période sur présentation d'un certificat médical le justifiant, dans la limite des 310 jours et des 36 mois. Le décompte de la période de 36 mois s'effectue à partir de la date initiale d'ouverture du droit à congé. | BQ6: CPP_D_190 | BR6: =VLOOKUP(BQ6,'Axe 2 Règles de gestion'!$D$2:$F$366,3, FALSE) -> Le congé de présence parentale peut être fractionné mais chaque absence doit être d'une durée réelle minimale de 1 jour. | BS6: CPP_D_191 | BT6: =VLOOKUP(BS6,'Axe 2 Règles de gestion'!$D$2:$F$366,3, FALSE) -> Le congé de présence parentale peut être fractionné mais chaque absence doit être d'une durée prévisionnelle minimale de 1 jour. | BU6: CPP_D_138 | BV6: =VLOOKUP(BU6,'Axe 2 Règles de gestion'!$D$2:$F$366,3, FALSE) -> L'agent doit être en activité. | BW6: CPP_D_141 | BX6: =VLOOKUP(BW6,'Axe 2 Règles de gestion'!$D$2:$F$366,3, FALSE) -> L'agent doit avoir un enfant lié à ce congé. | CC6: ABS_C_003 | CD6: =VLOOKUP(CC6,'Axe 2 Règles de gestion'!$D$2:$F$366,3, FALSE) -> La date de début du congé/absence doit être antérieure ou égale à la date de fin réelle du congé/absence. | CE6: ABS_C_004 | CF6: =VLOOKUP(CE6,'Axe 2 Règles de gestion'!$D$2:$F$366,3, FALSE) -> La date de début du congé/absence doit être antérieure ou égale à la date de fin prévisionnelle du congé/absence. | CG6: ABS_C_007 | CH6: =VLOOKUP(CG6,'Axe 2 Règles de gestion'!$D$2:$F$366,3, FALSE) -> La date de fin réelle du congé/absence doit être antérieure à la date limite de départ à la retraite. | CI6: ABS_C_008 | CJ6: =VLOOKUP(CI6,'Axe 2 Règles de gestion'!$D$2:$F$366,3, FALSE) -> La date de fin prévisionnelle du congé/absence doit être antérieure à la date limite de départ à la retraite. | CK6: ABS_C_009 | CL6: =VLOOKUP(CK6,'Axe 2 Règles de gestion'!$D$2:$F$366,3, FALSE) -> La date de fin réelle ou la date de fin prévisionnelle du congé/absence doit être saisie. | CM6: ABS_C_019 | CN6: =VLOOKUP(CM6,'Axe 2 Règles de gestion'!$D$2:$F$366,3, FALSE) -> Si l'absence ne commence pas par une demi-journée et si l'absence précédente ne finit pas par une demi journée, la date de début de l'absence saisie est postérieure à la date de fin réelle de l'absence précédente. | CO6: ABS_C_020 | CP6: =VLOOKUP(CO6,'Axe 2 Règles de gestion'!$D$2:$F$366,3, FALSE) -> Si l'absence ne commence pas par une demi-journée et si l'absence précédente ne finit pas par une demi journée, la date de début de l'absence saisie est postérieure à la date de fin prévisionnelle de l'absence précédente. | CQ6: ABS_C_026 | CR6: =VLOOKUP(CQ6,'Axe 2 Règles de gestion'!$D$2:$F$366,3, FALSE) -> Dans le cas d'un congé autre que CLM, CLD, CGM et CITIS, l'indicateur de requalification doit être à non et les impacts spécifiques à la requalification ne doivent pas être mobilisés ou l'impact rémunération est vide. | CS6: ABS_C_038 | CT6: =VLOOKUP(CS6,'Axe 2 Règles de gestion'!$D$2:$F$366,3, FALSE) -> Le congé prend fin à la date de décès de l'enfant (date de fin réelle). | CU6: ABS_C_039 | CV6: =VLOOKUP(CU6,'Axe 2 Règles de gestion'!$D$2:$F$366,3, FALSE) -> Le congé prend fin à la date de décès de l'enfant (date de fin prévisionnelle). | CW6: ABS_C_065 | CX6: =VLOOKUP(CW6,'Axe 2 Règles de gestion'!$D$2:$F$366,3, FALSE) -> L'agent en congé de présence parentale / congé de proche aidant / congé de solidarité familiale ne peut se voir accorder de manière simultanée un temps partiel pour congé de présence parentale / pour congé de proche aidant / pour congé de solidarité familiale.
A7: 24.00.00 | B7: M | C7: 45412.449 | D7: D0007 | E7: Congés/Absence | F7: S0057 | G7: Congé de présence parentale | H7: E0478 | I7: Congé de présence parentale | J7: Congé saisi égal à 'Congé de présence parentale' | K7: A_COA_TYCOAB [Saisi] = 'CG102' | L7: T1167 | M7: Congé de présence parentale - Renouvellement | N7: Création Modification | O7: La valeur de l'Etat du congé est 'Renouvellement' et la valeur de l'Etat du congé saisie est différente de celle avant saisie | P7: A_COA_ETCOMA [Saisi] = 'EC02' ET A_COA_ETCOMA [Saisi] <> A_COA_ETCOMA [Valeur avant saisie] | Q7: Titulaire ou magistrat | R7: P0001 | S7: T | T7: Général | U7: Passant | V7: 45166 | X7: CPP_I_321 ET CPP_I_322 ET CPP_I_121 ET CPP_I_119 ET CPP_I_113 ET CPP_I_114 ET CPP_I_116 ET CPP_I_117 ET CPP_I_118 ET CPP_I_314 ET CPP_I_323 ET CPP_D_267 ET CPP_D_138 ET CPP_D_141 ET CPP_D_013 ET ABS_C_003 ET ABS_C_004 ET ABS_C_007 ET ABS_C_008 ET ABS_C_009 ET ABS_C_019 ET ABS_C_020 ET ABS_C_026 ET ABS_C_038 ET ABS_C_039 ET ABS_C_065 | Y7: CPP_I_321 | Z7: =VLOOKUP(Y7,'Axe 2 Règles de gestion'!$D$2:$F$366,3, FALSE) -> Lorsque le nombre maximal de jours de congé est atteint avant le terme de la période initiale, le congé peut être renouvelé une fois au titre de la même maladie ou du même handicap ou du fait de l'accident dont l'enfant a été victime. | AA7: CPP_I_322 | AB7: =VLOOKUP(AA7,'Axe 2 Règles de gestion'!$D$2:$F$366,3, FALSE) -> Le congé est renouvelé pour au maximum 310 jours ouvrés sur une nouvelle période de 36 mois. | AC7: CPP_I_121 | AD7: =VLOOKUP(AC7,'Axe 2 Règles de gestion'!$D$2:$F$366,3, FALSE) -> La demande de renouvellement ou de prolongation du congé doit être adressée par écrit au supérieur hiérarchique au moins 15 jours avant le terme du congé. | AE7: CPP_I_119 | AF7: =VLOOKUP(AE7,'Axe 2 Règles de gestion'!$D$2:$F$366,3, FALSE) -> La durée prévisible de traitement fait l'objet d'un nouvel examen dans un délai compris entre 6 mois et 1 an maximum. Ce nouvel examen donne lieu à un certificat médical transmis à l'autorité dont relève l'agent. | AG7: CPP_I_113 | AH7: =VLOOKUP(AG7,'Axe 2 Règles de gestion'!$D$2:$F$366,3, FALSE) -> L'agent indique, dans sa demande de congé, la ou les modalités d'utilisation du congé et les dates de congé prévisionnelles afférentes. | AI7: CPP_I_114 | AJ7: =VLOOKUP(AI7,'Axe 2 Règles de gestion'!$D$2:$F$366,3, FALSE) -> L'agent doit informer par écrit l'administration avec un préavis d'au moins 48 heures des changements de la ou des modalités d'utilisation et des dates de congé prévisionnelles afférentes. | AK7: CPP_I_116 | AL7: =VLOOKUP(AK7,'Axe 2 Règles de gestion'!$D$2:$F$366,3, FALSE) -> Les délais de préavis liés au renouvellement du congé ne s'appliquent pas en cas de dégradation soudaine de l'état de santé de l'enfant ou en cas de situation de crise nécessitant une présence immédiate auprès de l'enfant. | AM7: CPP_I_117 | AN7: =VLOOKUP(AM7,'Axe 2 Règles de gestion'!$D$2:$F$366,3, FALSE) -> Les délais de préavis liés au changement de modalités d'utilisation du congé ne s'appliquent pas en cas de dégradation soudaine de l'état de santé de l'enfant ou en cas de situation de crise nécessitant une présence immédiate auprès de l'enfant. | AO7: CPP_I_118 | AP7: =VLOOKUP(AO7,'Axe 2 Règles de gestion'!$D$2:$F$366,3, FALSE) -> Les délais de préavis liés au changement de dates prévisionnelles du congé ne s'appliquent pas en cas de dégradation soudaine de l'état de santé de l'enfant ou en cas de situation de crise nécessitant une présence immédiate auprès de l'enfant. | AQ7: CPP_I_314 | AR7: =VLOOKUP(AQ7,'Axe 2 Règles de gestion'!$D$2:$F$366,3, FALSE) -> Dans la limite de 36 mois, l'agent peut choisir d'utiliser les 310 jours ouvrés de congé sous la forme soit d'une période continue, soit d'une ou plusieurs périodes fractionnées d'au moins d'une demi-journée soit d'un service à temps partiel. | AS7: CPP_I_323 | AT7: =VLOOKUP(AS7,'Axe 2 Règles de gestion'!$D$2:$F$366,3, FALSE) -> Le congé de présence parentale peut être fractionné et chaque absence doit être d'une durée minimale d'une demi-journée. | BO7: CPP_D_267 | BP7: =VLOOKUP(BO7,'Axe 2 Règles de gestion'!$D$2:$F$366,3, FALSE) -> Avant le terme de la durée réelle initiale, le bénéfice du droit à congé peut être renouvelé pour une nouvelle période sur présentation d'un certificat médical le justifiant, dans la limite des 310 jours et des 36 mois. | BQ7: CPP_D_138 | BR7: =VLOOKUP(BQ7,'Axe 2 Règles de gestion'!$D$2:$F$366,3, FALSE) -> L'agent doit être en activité. | BS7: CPP_D_141 | BT7: =VLOOKUP(BS7,'Axe 2 Règles de gestion'!$D$2:$F$366,3, FALSE) -> L'agent doit avoir un enfant lié à ce congé. | BU7: CPP_D_013 | BV7: =VLOOKUP(BU7,'Axe 2 Règles de gestion'!$D$2:$F$366,3, FALSE) -> Attention : L'acte de RENOUVELLEMENT est à utiliser uniquement après épuisement des 310 jours accordés par l'acte INITIAL. L'acte de PROLONGATION est à utiliser pour prolonger les droits accordés par l'acte INITIAL ou l'acte de RENOUVELLEMENT. | CC7: ABS_C_003 | CD7: =VLOOKUP(CC7,'Axe 2 Règles de gestion'!$D$2:$F$366,3, FALSE) -> La date de début du congé/absence doit être antérieure ou égale à la date de fin réelle du congé/absence. | CE7: ABS_C_004 | CF7: =VLOOKUP(CE7,'Axe 2 Règles de gestion'!$D$2:$F$366,3, FALSE) -> La date de début du congé/absence doit être antérieure ou égale à la date de fin prévisionnelle du congé/absence. | CG7: ABS_C_007 | CH7: =VLOOKUP(CG7,'Axe 2 Règles de gestion'!$D$2:$F$366,3, FALSE) -> La date de fin réelle du congé/absence doit être antérieure à la date limite de départ à la retraite. | CI7: ABS_C_008 | CJ7: =VLOOKUP(CI7,'Axe 2 Règles de gestion'!$D$2:$F$366,3, FALSE) -> La date de fin prévisionnelle du congé/absence doit être antérieure à la date limite de départ à la retraite. | CK7: ABS_C_009 | CL7: =VLOOKUP(CK7,'Axe 2 Règles de gestion'!$D$2:$F$366,3, FALSE) -> La date de fin réelle ou la date de fin prévisionnelle du congé/absence doit être saisie. | CM7: ABS_C_019 | CN7: =VLOOKUP(CM7,'Axe 2 Règles de gestion'!$D$2:$F$366,3, FALSE) -> Si l'absence ne commence pas par une demi-journée et si l'absence précédente ne finit pas par une demi journée, la date de début de l'absence saisie est postérieure à la date de fin réelle de l'absence précédente. | CO7: ABS_C_020 | CP7: =VLOOKUP(CO7,'Axe 2 Règles de gestion'!$D$2:$F$366,3, FALSE) -> Si l'absence ne commence pas par une demi-journée et si l'absence précédente ne finit pas par une demi journée, la date de début de l'absence saisie est postérieure à la date de fin prévisionnelle de l'absence précédente. | CQ7: ABS_C_026 | CR7: =VLOOKUP(CQ7,'Axe 2 Règles de gestion'!$D$2:$F$366,3, FALSE) -> Dans le cas d'un congé autre que CLM, CLD, CGM et CITIS, l'indicateur de requalification doit être à non et les impacts spécifiques à la requalification ne doivent pas être mobilisés ou l'impact rémunération est vide. | CS7: ABS_C_038 | CT7: =VLOOKUP(CS7,'Axe 2 Règles de gestion'!$D$2:$F$366,3, FALSE) -> Le congé prend fin à la date de décès de l'enfant (date de fin réelle). | CU7: ABS_C_039 | CV7: =VLOOKUP(CU7,'Axe 2 Règles de gestion'!$D$2:$F$366,3, FALSE) -> Le congé prend fin à la date de décès de l'enfant (date de fin prévisionnelle). | CW7: ABS_C_065 | CX7: =VLOOKUP(CW7,'Axe 2 Règles de gestion'!$D$2:$F$366,3, FALSE) -> L'agent en congé de présence parentale / congé de proche aidant / congé de solidarité familiale ne peut se voir accorder de manière simultanée un temps partiel pour congé de présence parentale / pour congé de proche aidant / pour congé de solidarité familiale.
A8: 21.00.00 | B8: M | C8: 44298.4 | D8: D0007 | E8: Congés/Absence | F8: S0057 | G8: Congé de présence parentale | H8: E0478 | I8: Congé de présence parentale | J8: Congé saisi égal à 'Congé de présence parentale' | K8: A_COA_TYCOAB [Saisi] = 'CG102' | L8: T1168 | M8: Congé de présence parentale - Fin (Ancien dispositif) | N8: Modification | O8: La valeur de l'Etat du congé saisie est égale à celle avant saisie et ((la date de début du congé saisie est strictement inférieure au 03/12/2020 et la typologie de population est différente de ouvrier ou de militaire) ou (la date de début du congé saisie est inférieure au 30/04/2022 et la typologie de la population est militaire) ou (la typologie de population saisie est égale à ouvrier)) | P8: A_COA_ETCOMA [Saisi] = A_COA_ETCOMA [Valeur avant saisie] ET ((A_COA_DADBCA [Saisi] < 03/12/2020 ET A_CAR_TYPPOP [Dossier] PAS DANS ('O','M')) OU (A_COA_DADBCA [Saisi] < 30/04/2022 ET A_CAR_TYPPOP [Dossier] = 'M') OU (A_CAR_TYPPOP [Dossier] = 'O')) | Q8: Titulaire ou magistrat | R8: P0001 | S8: T | T8: Général | U8: Passant | V8: 40725 | W8: 45261 | X8: CPP_I_015 ET CPP_I_016 ET CPP_I_002 ET CPP_D_025 ET CPP_D_005 ET ABS_C_003 ET ABS_C_004 ET ABS_C_007 ET ABS_C_008 ET ABS_C_009 ET ABS_C_026 ET ABS_C_038 ET ABS_C_039 | Y8: CPP_I_015 | Z8: =VLOOKUP(Y8,'Axe 2 Règles de gestion'!$D$2:$F$366,3, FALSE) -> Si l'agent renonce au bénéfice de la durée restant à courir de ce congé, il en informe l'autorité dont il relève avec un préavis de 15 jours. | AA8: CPP_I_016 | AB8: =VLOOKUP(AA8,'Axe 2 Règles de gestion'!$D$2:$F$366,3, FALSE) -> Le droit à congé cesse de plein droit en cas de décès de l'enfant. | AC8: CPP_I_002 | AD8: =VLOOKUP(AC8,'Axe 2 Règles de gestion'!$D$2:$F$366,3, FALSE) -> A l'issue de la période du congé ou en cas de diminution des ressources du ménage ou en cas de décès de l'enfant, l'agent est réaffecté dans son ancien emploi. | BO8: CPP_D_025 | BP8: =VLOOKUP(BO8,'Axe 2 Règles de gestion'!$D$2:$F$366,3, FALSE) -> Au terme de la durée réelle initiale, ou en cas de rechute ou de récidive de la pathologie qui affecte l'enfant, le bénéfice du droit à congé peut être prolongé ou rouvert pour une nouvelle période sur présentation d'un certificat médical le justifiant, dans la limite des 310 jours et des 36 mois. Le décompte de la période de 36 mois s'effectue à partir de la date initiale d'ouverture du droit à congé. | BQ8: CPP_D_005 | BR8: =VLOOKUP(BQ8,'Axe 2 Règles de gestion'!$D$2:$F$366,3, FALSE) -> L'agent doit avoir un enfant lié à ce congé. | CC8: ABS_C_003 | CD8: =VLOOKUP(CC8,'Axe 2 Règles de gestion'!$D$2:$F$366,3, FALSE) -> La date de début du congé/absence doit être antérieure ou égale à la date de fin réelle du congé/absence. | CE8: ABS_C_004 | CF8: =VLOOKUP(CE8,'Axe 2 Règles de gestion'!$D$2:$F$366,3, FALSE) -> La date de début du congé/absence doit être antérieure ou égale à la date de fin prévisionnelle du congé/absence. | CG8: ABS_C_007 | CH8: =VLOOKUP(CG8,'Axe 2 Règles de gestion'!$D$2:$F$366,3, FALSE) -> La date de fin réelle du congé/absence doit être antérieure à la date limite de départ à la retraite. | CI8: ABS_C_008 | CJ8: =VLOOKUP(CI8,'Axe 2 Règles de gestion'!$D$2:$F$366,3, FALSE) -> La date de fin prévisionnelle du congé/absence doit être antérieure à la date limite de départ à la retraite. | CK8: ABS_C_009 | CL8: =VLOOKUP(CK8,'Axe 2 Règles de gestion'!$D$2:$F$366,3, FALSE) -> La date de fin réelle ou la date de fin prévisionnelle du congé/absence doit être saisie. | CM8: ABS_C_026 | CN8: =VLOOKUP(CM8,'Axe 2 Règles de gestion'!$D$2:$F$366,3, FALSE) -> Dans le cas d'un congé autre que CLM, CLD, CGM et CITIS, l'indicateur de requalification doit être à non et les impacts spécifiques à la requalification ne doivent pas être mobilisés ou l'impact rémunération est vide. | CO8: ABS_C_038 | CP8: =VLOOKUP(CO8,'Axe 2 Règles de gestion'!$D$2:$F$366,3, FALSE) -> Le congé prend fin à la date de décès de l'enfant (date de fin réelle). | CQ8: ABS_C_039 | CR8: =VLOOKUP(CQ8,'Axe 2 Règles de gestion'!$D$2:$F$366,3, FALSE) -> Le congé prend fin à la date de décès de l'enfant (date de fin prévisionnelle).
A9: 25.10.00 | B9: M | C9: 45938.43 | D9: D0007 | E9: Congés/Absence | F9: S0057 | G9: Congé de présence parentale | H9: E0478 | I9: Congé de présence parentale | J9: Congé saisi égal à 'Congé de présence parentale' | K9: A_COA_TYCOAB [Saisi] = 'CG102' | L9: T1168 | M9: Congé de présence parentale - Fin (Ancien dispositif) | N9: Modification | O9: La valeur de l'Etat du congé saisie est égale à celle avant saisie et ((la date de début du congé saisie est strictement inférieure au 03/12/2020 et la typologie de population est différente de ouvrier ou de militaire) ou (la date de début du congé saisie est inférieure au 30/04/2022 et la typologie de la population est militaire) ou (la typologie de population saisie est égale à ouvrier)) | P9: A_COA_ETCOMA [Saisi] = A_COA_ETCOMA [Valeur avant saisie] ET ((A_COA_DADBCA [Saisi] < 03/12/2020 ET A_CAR_TYPPOP [Dossier] PAS DANS ('O','M')) OU (A_COA_DADBCA [Saisi] < 30/04/2022 ET A_CAR_TYPPOP [Dossier] = 'M') OU (A_CAR_TYPPOP [Dossier] = 'O')) | Q9: Titulaire ou magistrat | R9: P0001 | S9: T | T9: Général | U9: Exclu | V9: 45262 | W9: 45930
A10: 23.10.00 | B10: M | C10: 45223.633 | D10: D0007 | E10: Congés/Absence | F10: S0057 | G10: Congé de présence parentale | H10: E0478 | I10: Congé de présence parentale | J10: Congé saisi égal à 'Congé de présence parentale' | K10: A_COA_TYCOAB [Saisi] = 'CG102' | L10: T2109 | M10: Congé de présence parentale - Fin (Nouveau dispositif) | N10: Modification | O10: La valeur de l'Etat du congé saisie est égale à celle avant saisie et ((la date de début du congé saisie est supérieure ou égale au 03/12/2020 et la typologie de population est différente de ouvrier ou de militaire) ou (la date de début du congé saisie est supérieure ou égale au 30/04/2022 et la typologie de population saisie est égale militaire)) | P10: A_COA_ETCOMA [Saisi] = A_COA_ETCOMA [Valeur avant saisie] ET ((A_COA_DADBCA [Saisi] >= 03/12/2020 ET A_CAR_TYPPOP [Dossier] PAS DANS ('O','M')) OU (A_COA_DADBCA [Saisi] >= 30/04/2022 ET A_CAR_TYPPOP [Dossier] = 'M') | Q10: Titulaire ou magistrat | R10: P0001 | S10: T | T10: Général | U10: Passant | V10: 44168 | W10: 45165 | X10: CPP_I_015 ET CPP_I_016 ET CPP_I_002 ET CPP_I_112 ET CPP_D_025 ET CPP_D_005 ET CPP_D_190 ET CPP_D_191 ET ABS_C_003 ET ABS_C_004 ET ABS_C_007 ET ABS_C_008 ET ABS_C_009 ET ABS_C_026 ET ABS_C_038 ET ABS_C_039 ET ABS_C_065 | Y10: CPP_I_015 | Z10: =VLOOKUP(Y10,'Axe 2 Règles de gestion'!$D$2:$F$366,3, FALSE) -> Si l'agent renonce au bénéfice de la durée restant à courir de ce congé, il en informe l'autorité dont il relève avec un préavis de 15 jours. | AA10: CPP_I_016 | AB10: =VLOOKUP(AA10,'Axe 2 Règles de gestion'!$D$2:$F$366,3, FALSE) -> Le droit à congé cesse de plein droit en cas de décès de l'enfant. | AC10: CPP_I_002 | AD10: =VLOOKUP(AC10,'Axe 2 Règles de gestion'!$D$2:$F$366,3, FALSE) -> A l'issue de la période du congé ou en cas de diminution des ressources du ménage ou en cas de décès de l'enfant, l'agent est réaffecté dans son ancien emploi. | AE10: CPP_I_112 | AF10: =VLOOKUP(AE10,'Axe 2 Règles de gestion'!$D$2:$F$366,3, FALSE) -> Dans la limite de 36 mois, l'agent peut choisir d'utiliser les 310 jours ouvrés de congé sous la forme soit d'une période continue, soit d'une ou plusieurs périodes fractionnées d'au moins une journée soit d'un service à temps partiel. | BO10: CPP_D_025 | BP10: =VLOOKUP(BO10,'Axe 2 Règles de gestion'!$D$2:$F$366,3, FALSE) -> Au terme de la durée réelle initiale, ou en cas de rechute ou de récidive de la pathologie qui affecte l'enfant, le bénéfice du droit à congé peut être prolongé ou rouvert pour une nouvelle période sur présentation d'un certificat médical le justifiant, dans la limite des 310 jours et des 36 mois. Le décompte de la période de 36 mois s'effectue à partir de la date initiale d'ouverture du droit à congé. | BQ10: CPP_D_005 | BR10: =VLOOKUP(BQ10,'Axe 2 Règles de gestion'!$D$2:$F$366,3, FALSE) -> L'agent doit avoir un enfant lié à ce congé. | BS10: CPP_D_190 | BT10: =VLOOKUP(BS10,'Axe 2 Règles de gestion'!$D$2:$F$366,3, FALSE) -> Le congé de présence parentale peut être fractionné mais chaque absence doit être d'une durée réelle minimale de 1 jour. | BU10: CPP_D_191 | BV10: =VLOOKUP(BU10,'Axe 2 Règles de gestion'!$D$2:$F$366,3, FALSE) -> Le congé de présence parentale peut être fractionné mais chaque absence doit être d'une durée prévisionnelle minimale de 1 jour. | CC10: ABS_C_003 | CD10: =VLOOKUP(CC10,'Axe 2 Règles de gestion'!$D$2:$F$366,3, FALSE) -> La date de début du congé/absence doit être antérieure ou égale à la date de fin réelle du congé/absence. | CE10: ABS_C_004 | CF10: =VLOOKUP(CE10,'Axe 2 Règles de gestion'!$D$2:$F$366,3, FALSE) -> La date de début du congé/absence doit être antérieure ou égale à la date de fin prévisionnelle du congé/absence. | CG10: ABS_C_007 | CH10: =VLOOKUP(CG10,'Axe 2 Règles de gestion'!$D$2:$F$366,3, FALSE) -> La date de fin réelle du congé/absence doit être antérieure à la date limite de départ à la retraite. | CI10: ABS_C_008 | CJ10: =VLOOKUP(CI10,'Axe 2 Règles de gestion'!$D$2:$F$366,3, FALSE) -> La date de fin prévisionnelle du congé/absence doit être antérieure à la date limite de départ à la retraite. | CK10: ABS_C_009 | CL10: =VLOOKUP(CK10,'Axe 2 Règles de gestion'!$D$2:$F$366,3, FALSE) -> La date de fin réelle ou la date de fin prévisionnelle du congé/absence doit être saisie. | CM10: ABS_C_026 | CN10: =VLOOKUP(CM10,'Axe 2 Règles de gestion'!$D$2:$F$366,3, FALSE) -> Dans le cas d'un congé autre que CLM, CLD, CGM et CITIS, l'indicateur de requalification doit être à non et les impacts spécifiques à la requalification ne doivent pas être mobilisés ou l'impact rémunération est vide. | CO10: ABS_C_038 | CP10: =VLOOKUP(CO10,'Axe 2 Règles de gestion'!$D$2:$F$366,3, FALSE) -> Le congé prend fin à la date de décès de l'enfant (date de fin réelle). | CQ10: ABS_C_039 | CR10: =VLOOKUP(CQ10,'Axe 2 Règles de gestion'!$D$2:$F$366,3, FALSE) -> Le congé prend fin à la date de décès de l'enfant (date de fin prévisionnelle). | CS10: ABS_C_065 | CT10: =VLOOKUP(CS10,'Axe 2 Règles de gestion'!$D$2:$F$366,3, FALSE) -> L'agent en congé de présence parentale / congé de proche aidant / congé de solidarité familiale ne peut se voir accorder de manière simultanée un temps partiel pour congé de présence parentale / pour congé de proche aidant / pour congé de solidarité familiale.
A11: 25.10.00 | B11: M | C11: 45938.412 | D11: D0007 | E11: Congés/Absence | F11: S0057 | G11: Congé de présence parentale | H11: E0478 | I11: Congé de présence parentale | J11: Congé saisi égal à 'Congé de présence parentale' | K11: A_COA_TYCOAB [Saisi] = 'CG102' | L11: T2109 | M11: Congé de présence parentale - Fin (Nouveau dispositif) | N11: Modification | O11: La valeur de l'Etat du congé saisie est égale à celle avant saisie et ((la date de début du congé saisie est supérieure ou égale au 03/12/2020 et la typologie de population est différente de ouvrier ou de militaire) ou (la date de début du congé saisie est supérieure ou égale au 30/04/2022 et la typologie de population saisie est égale militaire)) | P11: A_COA_ETCOMA [Saisi] = A_COA_ETCOMA [Valeur avant saisie] ET ((A_COA_DADBCA [Saisi] >= 03/12/2020 ET A_CAR_TYPPOP [Dossier] PAS DANS ('O','M')) OU (A_COA_DADBCA [Saisi] >= 30/04/2022 ET A_CAR_TYPPOP [Dossier] = 'M') | Q11: Titulaire ou magistrat | R11: P0001 | S11: T | T11: Général | U11: Passant | V11: 45166 | W11: 45930 | X11: CPP_I_015 ET CPP_I_016 ET CPP_I_002 ET CPP_D_025 ET CPP_D_005 ET CPP_D_267 ET ABS_C_003 ET ABS_C_004 ET ABS_C_007 ET ABS_C_008 ET ABS_C_009 ET ABS_C_026 ET ABS_C_038 ET ABS_C_039 ET ABS_C_065 | Y11: CPP_I_015 | Z11: =VLOOKUP(Y11,'Axe 2 Règles de gestion'!$D$2:$F$366,3, FALSE) -> Si l'agent renonce au bénéfice de la durée restant à courir de ce congé, il en informe l'autorité dont il relève avec un préavis de 15 jours. | AA11: CPP_I_016 | AB11: =VLOOKUP(AA11,'Axe 2 Règles de gestion'!$D$2:$F$366,3, FALSE) -> Le droit à congé cesse de plein droit en cas de décès de l'enfant. | AC11: CPP_I_002 | AD11: =VLOOKUP(AC11,'Axe 2 Règles de gestion'!$D$2:$F$366,3, FALSE) -> A l'issue de la période du congé ou en cas de diminution des ressources du ménage ou en cas de décès de l'enfant, l'agent est réaffecté dans son ancien emploi. | BO11: CPP_D_025 | BP11: =VLOOKUP(BO11,'Axe 2 Règles de gestion'!$D$2:$F$366,3, FALSE) -> Au terme de la durée réelle initiale, ou en cas de rechute ou de récidive de la pathologie qui affecte l'enfant, le bénéfice du droit à congé peut être prolongé ou rouvert pour une nouvelle période sur présentation d'un certificat médical le justifiant, dans la limite des 310 jours et des 36 mois. Le décompte de la période de 36 mois s'effectue à partir de la date initiale d'ouverture du droit à congé. | BQ11: CPP_D_005 | BR11: =VLOOKUP(BQ11,'Axe 2 Règles de gestion'!$D$2:$F$366,3, FALSE) -> L'agent doit avoir un enfant lié à ce congé. | BS11: CPP_D_267 | BT11: =VLOOKUP(BS11,'Axe 2 Règles de gestion'!$D$2:$F$366,3, FALSE) -> Avant le terme de la durée réelle initiale, le bénéfice du droit à congé peut être renouvelé pour une nouvelle période sur présentation d'un certificat médical le justifiant, dans la limite des 310 jours et des 36 mois. | CC11: ABS_C_003 | CD11: =VLOOKUP(CC11,'Axe 2 Règles de gestion'!$D$2:$F$366,3, FALSE) -> La date de début du congé/absence doit être antérieure ou égale à la date de fin réelle du congé/absence. | CE11: ABS_C_004 | CF11: =VLOOKUP(CE11,'Axe 2 Règles de gestion'!$D$2:$F$366,3, FALSE) -> La date de début du congé/absence doit être antérieure ou égale à la date de fin prévisionnelle du congé/absence. | CG11: ABS_C_007 | CH11: =VLOOKUP(CG11,'Axe 2 Règles de gestion'!$D$2:$F$366,3, FALSE) -> La date de fin réelle du congé/absence doit être antérieure à la date limite de départ à la retraite. | CI11: ABS_C_008 | CJ11: =VLOOKUP(CI11,'Axe 2 Règles de gestion'!$D$2:$F$366,3, FALSE) -> La date de fin prévisionnelle du congé/absence doit être antérieure à la date limite de départ à la retraite. | CK11: ABS_C_009 | CL11: =VLOOKUP(CK11,'Axe 2 Règles de gestion'!$D$2:$F$366,3, FALSE) -> La date de fin réelle ou la date de fin prévisionnelle du congé/absence doit être saisie. | CM11: ABS_C_026 | CN11: =VLOOKUP(CM11,'Axe 2 Règles de gestion'!$D$2:$F$366,3, FALSE) -> Dans le cas d'un congé autre que CLM, CLD, CGM et CITIS, l'indicateur de requalification doit être à non et les impacts spécifiques à la requalification ne doivent pas être mobilisés ou l'impact rémunération est vide. | CO11: ABS_C_038 | CP11: =VLOOKUP(CO11,'Axe 2 Règles de gestion'!$D$2:$F$366,3, FALSE) -> Le congé prend fin à la date de décès de l'enfant (date de fin réelle). | CQ11: ABS_C_039 | CR11: =VLOOKUP(CQ11,'Axe 2 Règles de gestion'!$D$2:$F$366,3, FALSE) -> Le congé prend fin à la date de décès de l'enfant (date de fin prévisionnelle). | CS11: ABS_C_065 | CT11: =VLOOKUP(CS11,'Axe 2 Règles de gestion'!$D$2:$F$366,3, FALSE) -> L'agent en congé de présence parentale / congé de proche aidant / congé de solidarité familiale ne peut se voir accorder de manière simultanée un temps partiel pour congé de présence parentale / pour congé de proche aidant / pour congé de solidarité familiale.
A12: 25.10.00 | B12: A | C12: 45938.412 | D12: D0007 | E12: Congés/Absence | F12: S0057 | G12: Congé de présence parentale | H12: E0478 | I12: Congé de présence parentale | J12: Congé saisi égal à 'Congé de présence parentale' | K12: A_COA_TYCOAB [Saisi] = 'CG102' | L12: T2477 | M12: Congé de présence parentale - Fin | N12: Modification | O12: La valeur de l'Etat du congé saisie est égale à celle avant saisie | P12: A_COA_ETCOMA [Saisi] = A_COA_ETCOMA [Valeur avant saisie] | Q12: Titulaire ou magistrat | R12: P0001 | S12: T | T12: Général | U12: Passant | V12: 45931 | X12: CPP_I_015 ET CPP_I_016 ET CPP_I_002 ET CPP_D_025 ET CPP_D_005 ET CPP_D_267 ET ABS_C_003 ET ABS_C_004 ET ABS_C_007 ET ABS_C_008 ET ABS_C_009 ET ABS_C_026 ET ABS_C_038 ET ABS_C_039 ET ABS_C_065 | Y12: CPP_I_015 | Z12: =VLOOKUP(Y12,'Axe 2 Règles de gestion'!$D$2:$F$366,3, FALSE) -> Si l'agent renonce au bénéfice de la durée restant à courir de ce congé, il en informe l'autorité dont il relève avec un préavis de 15 jours. | AA12: CPP_I_016 | AB12: =VLOOKUP(AA12,'Axe 2 Règles de gestion'!$D$2:$F$366,3, FALSE) -> Le droit à congé cesse de plein droit en cas de décès de l'enfant. | AC12: CPP_I_002 | AD12: =VLOOKUP(AC12,'Axe 2 Règles de gestion'!$D$2:$F$366,3, FALSE) -> A l'issue de la période du congé ou en cas de diminution des ressources du ménage ou en cas de décès de l'enfant, l'agent est réaffecté dans son ancien emploi. | BO12: CPP_D_025 | BP12: =VLOOKUP(BO12,'Axe 2 Règles de gestion'!$D$2:$F$366,3, FALSE) -> Au terme de la durée réelle initiale, ou en cas de rechute ou de récidive de la pathologie qui affecte l'enfant, le bénéfice du droit à congé peut être prolongé ou rouvert pour une nouvelle période sur présentation d'un certificat médical le justifiant, dans la limite des 310 jours et des 36 mois. Le décompte de la période de 36 mois s'effectue à partir de la date initiale d'ouverture du droit à congé. | BQ12: CPP_D_005 | BR12: =VLOOKUP(BQ12,'Axe 2 Règles de gestion'!$D$2:$F$366,3, FALSE) -> L'agent doit avoir un enfant lié à ce congé. | BS12: CPP_D_267 | BT12: =VLOOKUP(BS12,'Axe 2 Règles de gestion'!$D$2:$F$366,3, FALSE) -> Avant le terme de la durée réelle initiale, le bénéfice du droit à congé peut être renouvelé pour une nouvelle période sur présentation d'un certificat médical le justifiant, dans la limite des 310 jours et des 36 mois. | CC12: ABS_C_003 | CD12: =VLOOKUP(CC12,'Axe 2 Règles de gestion'!$D$2:$F$366,3, FALSE) -> La date de début du congé/absence doit être antérieure ou égale à la date de fin réelle du congé/absence. | CE12: ABS_C_004 | CF12: =VLOOKUP(CE12,'Axe 2 Règles de gestion'!$D$2:$F$366,3, FALSE) -> La date de début du congé/absence doit être antérieure ou égale à la date de fin prévisionnelle du congé/absence. | CG12: ABS_C_007 | CH12: =VLOOKUP(CG12,'Axe 2 Règles de gestion'!$D$2:$F$366,3, FALSE) -> La date de fin réelle du congé/absence doit être antérieure à la date limite de départ à la retraite. | CI12: ABS_C_008 | CJ12: =VLOOKUP(CI12,'Axe 2 Règles de gestion'!$D$2:$F$366,3, FALSE) -> La date de fin prévisionnelle du congé/absence doit être antérieure à la date limite de départ à la retraite. | CK12: ABS_C_009 | CL12: =VLOOKUP(CK12,'Axe 2 Règles de gestion'!$D$2:$F$366,3, FALSE) -> La date de fin réelle ou la date de fin prévisionnelle du congé/absence doit être saisie. | CM12: ABS_C_026 | CN12: =VLOOKUP(CM12,'Axe 2 Règles de gestion'!$D$2:$F$366,3, FALSE) -> Dans le cas d'un congé autre que CLM, CLD, CGM et CITIS, l'indicateur de requalification doit être à non et les impacts spécifiques à la requalification ne doivent pas être mobilisés ou l'impact rémunération est vide. | CO12: ABS_C_038 | CP12: =VLOOKUP(CO12,'Axe 2 Règles de gestion'!$D$2:$F$366,3, FALSE) -> Le congé prend fin à la date de décès de l'enfant (date de fin réelle). | CQ12: ABS_C_039 | CR12: =VLOOKUP(CQ12,'Axe 2 Règles de gestion'!$D$2:$F$366,3, FALSE) -> Le congé prend fin à la date de décès de l'enfant (date de fin prévisionnelle). | CS12: ABS_C_065 | CT12: =VLOOKUP(CS12,'Axe 2 Règles de gestion'!$D$2:$F$366,3, FALSE) -> L'agent en congé de présence parentale / congé de proche aidant / congé de solidarité familiale ne peut se voir accorder de manière simultanée un temps partiel pour congé de présence parentale / pour congé de proche aidant / pour congé de solidarité familiale.
A13: 21.00.00 | B13: A | C13: 44292.441 | D13: D0007 | E13: Congés/Absence | F13: S0057 | G13: Congé de présence parentale | H13: E0478 | I13: Congé de présence parentale | J13: Congé saisi égal à 'Congé de présence parentale' | K13: A_COA_TYCOAB [Saisi] = 'CG102' | L13: T1166 | M13: Congé de présence parentale - Initial | N13: Création Modification | O13: La valeur de l'Etat du congé est différente de 'Renouvellement' et la valeur de l'Etat du congé saisie est différente de celle avant saisie | P13: A_COA_ETCOMA [Saisi] <> 'EC02' ET A_COA_ETCOMA [Saisi] <> A_COA_ETCOMA [Valeur avant saisie] | Q13: Militaire | R13: P0002 | S13: M | T13: Général | U13: Exclu | V13: 43831
A14: 21.00.00 | B14: A | C14: 44308.64 | D14: D0007 | E14: Congés/Absence | F14: S0057 | G14: Congé de présence parentale | H14: E0478 | I14: Congé de présence parentale | J14: Congé saisi égal à 'Congé de présence parentale' | K14: A_COA_TYCOAB [Saisi] = 'CG102' | L14: T1167 | M14: Congé de présence parentale - Renouvellement | N14: Création Modification | O14: La valeur de l'Etat du congé est 'Renouvellement' et la valeur de l'Etat du congé saisie est différente de celle avant saisie | P14: A_COA_ETCOMA [Saisi] = 'EC02' ET A_COA_ETCOMA [Saisi] <> A_COA_ETCOMA [Valeur avant saisie] | Q14: Militaire | R14: P0002 | S14: M | T14: Général | U14: Exclu | V14: 43831
A15: 25.10.00 | B15: M | C15: 45938.431 | D15: D0007 | E15: Congés/Absence | F15: S0057 | G15: Congé de présence parentale | H15: E0478 | I15: Congé de présence parentale | J15: Congé saisi égal à 'Congé de présence parentale' | K15: A_COA_TYCOAB [Saisi] = 'CG102' | L15: T1168 | M15: Congé de présence parentale - Fin (Ancien dispositif) | N15: Modification | O15: La valeur de l'Etat du congé saisie est égale à celle avant saisie et ((la date de début du congé saisie est strictement inférieure au 03/12/2020 et la typologie de population est différente de ouvrier ou de militaire) ou (la date de début du congé saisie est inférieure au 30/04/2022 et la typologie de la population est militaire) ou (la typologie de population saisie est égale à ouvrier)) | P15: A_COA_ETCOMA [Saisi] = A_COA_ETCOMA [Valeur avant saisie] ET ((A_COA_DADBCA [Saisi] < 03/12/2020 ET A_CAR_TYPPOP [Dossier] PAS DANS ('O','M')) OU (A_COA_DADBCA [Saisi] < 30/04/2022 ET A_CAR_TYPPOP [Dossier] = 'M') OU (A_CAR_TYPPOP [Dossier] = 'O')) | Q15: Militaire | R15: P0002 | S15: M | T15: Général | U15: Exclu | V15: 43831 | W15: 45930
A16: 25.10.00 | B16: M | C16: 45938.439 | D16: D0007 | E16: Congés/Absence | F16: S0057 | G16: Congé de présence parentale | H16: E0478 | I16: Congé de présence parentale | J16: Congé saisi égal à 'Congé de présence parentale' | K16: A_COA_TYCOAB [Saisi] = 'CG102' | L16: T2109 | M16: Congé de présence parentale - Fin (Nouveau dispositif) | N16: Modification | O16: La valeur de l'Etat du congé saisie est égale à celle avant saisie et ((la date de début du congé saisie est supérieure ou égale au 03/12/2020 et la typologie de population est différente de ouvrier ou de militaire) ou (la date de début du congé saisie est supérieure ou égale au 30/04/2022 et la typologie de population saisie est égale militaire)) | P16: A_COA_ETCOMA [Saisi] = A_COA_ETCOMA [Valeur avant saisie] ET ((A_COA_DADBCA [Saisi] >= 03/12/2020 ET A_CAR_TYPPOP [Dossier] PAS DANS ('O','M')) OU (A_COA_DADBCA [Saisi] >= 30/04/2022 ET A_CAR_TYPPOP [Dossier] = 'M') | Q16: Militaire | R16: P0002 | S16: M | T16: Général | U16: Exclu | V16: 44168 | W16: 45930
A17: 25.10.00 | B17: A | C17: 45966.445 | D17: D0007 | E17: Congés/Absence | F17: S0057 | G17: Congé de présence parentale | H17: E0478 | I17: Congé de présence parentale | J17: Congé saisi égal à 'Congé de présence parentale' | K17: A_COA_TYCOAB [Saisi] = 'CG102' | L17: T2477 | M17: Congé de présence parentale - Fin | N17: Modification | O17: La valeur de l'Etat du congé saisie est égale à celle avant saisie | P17: A_COA_ETCOMA [Saisi] = A_COA_ETCOMA [Valeur avant saisie] | Q17: Militaire | R17: P0002 | S17: M | T17: Général | U17: Exclu | V17: 45931
A18: 21.00.00 | B18: M | C18: 45223.638 | D18: D0007 | E18: Congés/Absence | F18: S0057 | G18: Congé de présence parentale | H18: E0478 | I18: Congé de présence parentale | J18: Congé saisi égal à 'Congé de présence parentale' | K18: A_COA_TYCOAB [Saisi] = 'CG102' | L18: T1166 | M18: Congé de présence parentale - Initial | N18: Création Modification | O18: La valeur de l'Etat du congé est différente de 'Renouvellement' et la valeur de l'Etat du congé saisie est différente de celle avant saisie | P18: A_COA_ETCOMA [Saisi] <> 'EC02' ET A_COA_ETCOMA [Saisi] <> A_COA_ETCOMA [Valeur avant saisie] | Q18: Contractuel | R18: P0003 | S18: N | T18: Général | U18: Passant | V18: 40725 | W18: 44167 | X18: CPP_I_034 ET CPP_I_035 ET CPP_I_036 ET CPP_I_037 ET CPP_I_040 ET CPP_I_033 ET CPP_I_042 ET CPP_I_043 ET CPP_I_044 ET CPP_I_039 ET CPP_I_041 ET CPP_I_103 ET CPP_D_022 ET CPP_D_014 ET CPP_D_017 ET ABS_C_002 ET ABS_C_003 ET ABS_C_004 ET ABS_C_007 ET ABS_C_008 ET ABS_C_009 ET ABS_C_019 ET ABS_C_020 ET ABS_C_026 ET ABS_C_038 ET ABS_C_039 ET ABS_C_005 ET ABS_C_006 | Y18: CPP_I_034 | Z18: =VLOOKUP(Y18,'Axe 2 Règles de gestion'!$D$2:$F$366,3, FALSE) -> La demande doit être formulée par écrit au moins 15 jours avant le début du congé. | AA18: CPP_I_035 | AB18: =VLOOKUP(AA18,'Axe 2 Règles de gestion'!$D$2:$F$366,3, FALSE) -> La demande est accompagnée d'un certificat médical. | AC18: CPP_I_036 | AD18: =VLOOKUP(AC18,'Axe 2 Règles de gestion'!$D$2:$F$366,3, FALSE) -> Le certificat médical doit attester de la gravité de la maladie, de l'accident ou du handicap et de la nécessité de la présence soutenue d'un parent et de soins contraignants. Il doit également préciser la durée de l'absence. | AE18: CPP_I_037 | AF18: =VLOOKUP(AE18,'Axe 2 Règles de gestion'!$D$2:$F$366,3, FALSE) -> En cas d'urgence liée à l'état de santé de l'enfant, le congé débute à la date de la demande; l'agent transmet sous 15 jours le certificat médical requis. | AG18: CPP_I_040 | AH18: =VLOOKUP(AG18,'Axe 2 Règles de gestion'!$D$2:$F$366,3, FALSE) -> Si la durée du congé excède 6 mois, la pathologie et la nécessité de présence soutenue et de soins contraignants font tous les 6 mois l'objet d'un nouvel examen qui donne lieu à un certificat médical transmis sans délai à l'autorité dont relève l'agent. | AI18: CPP_I_033 | AJ18: =VLOOKUP(AI18,'Axe 2 Règles de gestion'!$D$2:$F$366,3, FALSE) -> Le congé est accordé de droit à l'agent. | AK18: CPP_I_042 | AL18: =VLOOKUP(AK18,'Axe 2 Règles de gestion'!$D$2:$F$366,3, FALSE) -> L'agent doit communiquer par écrit à l'autorité dont il relève le calendrier mensuel de ses journées de congé de présence parentale, au plus tard 15 jours avant le début de chaque mois. | AM18: CPP_I_043 | AN18: =VLOOKUP(AM18,'Axe 2 Règles de gestion'!$D$2:$F$366,3, FALSE) -> Lorsque l'agent souhaite prendre un ou plusieurs jours de congé ne correspondant pas au calendrier transmis, il doit en informer l'autorité au moins 48 heures à l'avance. | AO18: CPP_I_044 | AP18: =VLOOKUP(AO18,'Axe 2 Règles de gestion'!$D$2:$F$366,3, FALSE) -> L'autorité qui a accordé le congé fait procéder aux enquêtes nécessaires pour s'assurer que l'activité de l'agent est réellement consacrée à donner des soins à son enfant. | AQ18: CPP_I_039 | AR18: =VLOOKUP(AQ18,'Axe 2 Règles de gestion'!$D$2:$F$366,3, FALSE) -> En cas de rechute ou de récidive de la pathologie qui affecte l'enfant, le bénéfice du droit à congé peut être rouvert pour une nouvelle période sur présentation d'un certificat médical le justifiant. | AS18: CPP_I_041 | AT18: =VLOOKUP(AS18,'Axe 2 Règles de gestion'!$D$2:$F$366,3, FALSE) -> En cas de nouvelle pathologie affectant l'enfant, de même qu'en cas de rechute ou de récidive de la pathologie initialement traitée, un nouveau droit à congé est ouvert à l'issue de la période de 36 mois. | AU18: CPP_I_103 | AV18: =VLOOKUP(AU18,'Axe 2 Règles de gestion'!$D$2:$F$366,3, FALSE) -> Ce congé est ouvert au père ou à la mère. | BO18: CPP_D_022 | BP18: =VLOOKUP(BO18,'Axe 2 Règles de gestion'!$D$2:$F$366,3, FALSE) -> La durée réelle de congé de présence parentale dont peut bénéficier l'agent pour un même enfant et en raison d'une même pathologie est au maximum de trois cent dix jours ouvrés au cours d'une période de trente-six mois. (date de fin réelle de l'absence). | BQ18: CPP_D_014 | BR18: =VLOOKUP(BQ18,'Axe 2 Règles de gestion'!$D$2:$F$366,3, FALSE) -> L'agent doit être en activité. | BS18: CPP_D_017 | BT18: =VLOOKUP(BS18,'Axe 2 Règles de gestion'!$D$2:$F$366,3, FALSE) -> L'agent doit avoir un enfant lié à ce congé. | CC18: ABS_C_002 | CD18: =VLOOKUP(CC18,'Axe 2 Règles de gestion'!$D$2:$F$366,3, FALSE) -> La date de début du congé/absence doit être postérieure ou égale à la date de début du lien juridique. | CE18: ABS_C_003 | CF18: =VLOOKUP(CE18,'Axe 2 Règles de gestion'!$D$2:$F$366,3, FALSE) -> La date de début du congé/absence doit être antérieure ou égale à la date de fin réelle du congé/absence. | CG18: ABS_C_004 | CH18: =VLOOKUP(CG18,'Axe 2 Règles de gestion'!$D$2:$F$366,3, FALSE) -> La date de début du congé/absence doit être antérieure ou égale à la date de fin prévisionnelle du congé/absence. | CI18: ABS_C_007 | CJ18: =VLOOKUP(CI18,'Axe 2 Règles de gestion'!$D$2:$F$366,3, FALSE) -> La date de fin réelle du congé/absence doit être antérieure à la date limite de départ à la retraite. | CK18: ABS_C_008 | CL18: =VLOOKUP(CK18,'Axe 2 Règles de gestion'!$D$2:$F$366,3, FALSE) -> La date de fin prévisionnelle du congé/absence doit être antérieure à la date limite de départ à la retraite. | CM18: ABS_C_009 | CN18: =VLOOKUP(CM18,'Axe 2 Règles de gestion'!$D$2:$F$366,3, FALSE) -> La date de fin réelle ou la date de fin prévisionnelle du congé/absence doit être saisie. | CO18: ABS_C_019 | CP18: =VLOOKUP(CO18,'Axe 2 Règles de gestion'!$D$2:$F$366,3, FALSE) -> Si l'absence ne commence pas par une demi-journée et si l'absence précédente ne finit pas par une demi journée, la date de début de l'absence saisie est postérieure à la date de fin réelle de l'absence précédente. | CQ18: ABS_C_020 | CR18: =VLOOKUP(CQ18,'Axe 2 Règles de gestion'!$D$2:$F$366,3, FALSE) -> Si l'absence ne commence pas par une demi-journée et si l'absence précédente ne finit pas par une demi journée, la date de début de l'absence saisie est postérieure à la date de fin prévisionnelle de l'absence précédente. | CS18: ABS_C_026 | CT18: =VLOOKUP(CS18,'Axe 2 Règles de gestion'!$D$2:$F$366,3, FALSE) -> Dans le cas d'un congé autre que CLM, CLD, CGM et CITIS, l'indicateur de requalification doit être à non et les impacts spécifiques à la requalification ne doivent pas être mobilisés ou l'impact rémunération est vide. | CU18: ABS_C_038 | CV18: =VLOOKUP(CU18,'Axe 2 Règles de gestion'!$D$2:$F$366,3, FALSE) -> Le congé prend fin à la date de décès de l'enfant (date de fin réelle). | CW18: ABS_C_039 | CX18: =VLOOKUP(CW18,'Axe 2 Règles de gestion'!$D$2:$F$366,3, FALSE) -> Le congé prend fin à la date de décès de l'enfant (date de fin prévisionnelle). | CY18: ABS_C_005 | CZ18: =VLOOKUP(CY18,'Axe 2 Règles de gestion'!$D$2:$F$366,3, FALSE) -> La date de fin réelle du congé/absence doit être antérieure ou égale à la date limite de fin réelle ou prévisionnelle du lien juridique. | DA18: ABS_C_006 | DB18: =VLOOKUP(DA18,'Axe 2 Règles de gestion'!$D$2:$F$366,3, FALSE) -> La date de fin prévisionnelle du congé/absence doit être antérieure ou égale à la date limite de fin réelle ou prévisionnelle du lien juridique.
A19: 23.10.00 | B19: M | C19: 45223.638 | D19: D0007 | E19: Congés/Absence | F19: S0057 | G19: Congé de présence parentale | H19: E0478 | I19: Congé de présence parentale | J19: Congé saisi égal à 'Congé de présence parentale' | K19: A_COA_TYCOAB [Saisi] = 'CG102' | L19: T1166 | M19: Congé de présence parentale - Initial | N19: Création Modification | O19: La valeur de l'Etat du congé est différente de 'Renouvellement' et la valeur de l'Etat du congé saisie est différente de celle avant saisie | P19: A_COA_ETCOMA [Saisi] <> 'EC02' ET A_COA_ETCOMA [Saisi] <> A_COA_ETCOMA [Valeur avant saisie] | Q19: Contractuel | R19: P0003 | S19: N | T19: Général | U19: Passant | V19: 44168 | W19: 45165 | X19: CPP_I_034 ET CPP_I_035 ET CPP_I_036 ET CPP_I_154 ET CPP_I_155 ET CPP_I_156 ET CPP_I_158 ET CPP_I_159 ET CPP_I_160 ET CPP_I_033 ET CPP_I_044 ET CPP_I_039 ET CPP_I_041 ET CPP_I_161 ET CPP_I_103 ET CPP_I_153 ET CPP_D_022 ET CPP_D_200 ET CPP_D_201 ET CPP_D_014 ET CPP_D_017 ET ABS_C_002 ET ABS_C_003 ET ABS_C_004 ET ABS_C_007 ET ABS_C_008 ET ABS_C_009 ET ABS_C_019 ET ABS_C_020 ET ABS_C_026 ET ABS_C_038 ET ABS_C_039 ET ABS_C_005 ET ABS_C_006 ET ABS_C_065 | Y19: CPP_I_034 | Z19: =VLOOKUP(Y19,'Axe 2 Règles de gestion'!$D$2:$F$366,3, FALSE) -> La demande doit être formulée par écrit au moins 15 jours avant le début du congé. | AA19: CPP_I_035 | AB19: =VLOOKUP(AA19,'Axe 2 Règles de gestion'!$D$2:$F$366,3, FALSE) -> La demande est accompagnée d'un certificat médical. | AC19: CPP_I_036 | AD19: =VLOOKUP(AC19,'Axe 2 Règles de gestion'!$D$2:$F$366,3, FALSE) -> Le certificat médical doit attester de la gravité de la maladie, de l'accident ou du handicap et de la nécessité de la présence soutenue d'un parent et de soins contraignants. Il doit également préciser la durée de l'absence. | AE19: CPP_I_154 | AF19: =VLOOKUP(AE19,'Axe 2 Règles de gestion'!$D$2:$F$366,3, FALSE) -> L'agent indique, dans sa demande de congé, la ou les modalités d'utilisation du congé et les dates de congé prévisionnelles afférentes. | AG19: CPP_I_155 | AH19: =VLOOKUP(AG19,'Axe 2 Règles de gestion'!$D$2:$F$366,3, FALSE) -> L'agent doit informer par écrit l'administration avec un préavis d'au moins 48 heures des changements de la ou des modalités d'utilisation et des dates de congé prévisionnelles afférentes. | AI19: CPP_I_156 | AJ19: =VLOOKUP(AI19,'Axe 2 Règles de gestion'!$D$2:$F$366,3, FALSE) -> Les délais de préavis liés à la demande du congé ne s'appliquent pas en cas de dégradation soudaine de l'état de santé de l'enfant ou en cas de situation de crise nécessitant une présence immédiate auprès de l'enfant. | AK19: CPP_I_158 | AL19: =VLOOKUP(AK19,'Axe 2 Règles de gestion'!$D$2:$F$366,3, FALSE) -> Les délais de préavis liés au changement de modalités d'utilisation du congé ne s'appliquent pas en cas de dégradation soudaine de l'état de santé de l'enfant ou en cas de situation de crise nécessitant une présence immédiate auprès de l'enfant. | AM19: CPP_I_159 | AN19: =VLOOKUP(AM19,'Axe 2 Règles de gestion'!$D$2:$F$366,3, FALSE) -> Les délais de préavis liés au changement de dates prévisionnelles du congé ne s'appliquent pas en cas de dégradation soudaine de l'état de santé de l'enfant ou en cas de situation de crise nécessitant une présence immédiate auprès de l'enfant. | AO19: CPP_I_160 | AP19: =VLOOKUP(AO19,'Axe 2 Règles de gestion'!$D$2:$F$366,3, FALSE) -> La durée prévisible de traitement fait l'objet d'un nouvel examen dans un délai compris entre 6 mois et 1 an maximum. Ce nouvel examen donne lieu à un certificat médical transmis à l'autorité dont relève l'agent. | AQ19: CPP_I_033 | AR19: =VLOOKUP(AQ19,'Axe 2 Règles de gestion'!$D$2:$F$366,3, FALSE) -> Le congé est accordé de droit à l'agent. | AS19: CPP_I_044 | AT19: =VLOOKUP(AS19,'Axe 2 Règles de gestion'!$D$2:$F$366,3, FALSE) -> L'autorité qui a accordé le congé fait procéder aux enquêtes nécessaires pour s'assurer que l'activité de l'agent est réellement consacrée à donner des soins à son enfant. | AU19: CPP_I_039 | AV19: =VLOOKUP(AU19,'Axe 2 Règles de gestion'!$D$2:$F$366,3, FALSE) -> En cas de rechute ou de récidive de la pathologie qui affecte l'enfant, le bénéfice du droit à congé peut être rouvert pour une nouvelle période sur présentation d'un certificat médical le justifiant. | AW19: CPP_I_041 | AX19: =VLOOKUP(AW19,'Axe 2 Règles de gestion'!$D$2:$F$366,3, FALSE) -> En cas de nouvelle pathologie affectant l'enfant, de même qu'en cas de rechute ou de récidive de la pathologie initialement traitée, un nouveau droit à congé est ouvert à l'issue de la période de 36 mois. | AY19: CPP_I_161 | AZ19: =VLOOKUP(AY19,'Axe 2 Règles de gestion'!$D$2:$F$366,3, FALSE) -> Lorsque la gravité de la pathologie de l'enfant initialement traitée nécessite une présence soutenue et des soins contraignants, un nouveau congé est ouvert à l'issue de la période de 36 mois sur présentation d'un certificat médical le justifiant. | BA19: CPP_I_103 | BB19: =VLOOKUP(BA19,'Axe 2 Règles de gestion'!$D$2:$F$366,3, FALSE) -> Ce congé est ouvert au père ou à la mère. | BC19: CPP_I_153 | BD19: =VLOOKUP(BC19,'Axe 2 Règles de gestion'!$D$2:$F$366,3, FALSE) -> Dans la limite de 36 mois, l'agent peut choisir d'utiliser les 310 jours ouvrés de congé sous la forme soit d'une période continue, soit d'une ou plusieurs périodes fractionnées d'au moins une journée soit d'un service à temps partiel. | BO19: CPP_D_022 | BP19: =VLOOKUP(BO19,'Axe 2 Règles de gestion'!$D$2:$F$366,3, FALSE) -> La durée réelle de congé de présence parentale dont peut bénéficier l'agent pour un même enfant et en raison d'une même pathologie est au maximum de trois cent dix jours ouvrés au cours d'une période de trente-six mois. (date de fin réelle de l'absence). | BQ19: CPP_D_200 | BR19: =VLOOKUP(BQ19,'Axe 2 Règles de gestion'!$D$2:$F$366,3, FALSE) -> Le congé de présence parentale peut être fractionné mais chaque absence doit être d'une durée réelle minimale de 1 jour. | BS19: CPP_D_201 | BT19: =VLOOKUP(BS19,'Axe 2 Règles de gestion'!$D$2:$F$366,3, FALSE) -> Le congé de présence parentale peut être fractionné mais chaque absence doit être d'une durée prévisionnelle minimale de 1 jour. | BU19: CPP_D_014 | BV19: =VLOOKUP(BU19,'Axe 2 Règles de gestion'!$D$2:$F$366,3, FALSE) -> L'agent doit être en activité. | BW19: CPP_D_017 | BX19: =VLOOKUP(BW19,'Axe 2 Règles de gestion'!$D$2:$F$366,3, FALSE) -> L'agent doit avoir un enfant lié à ce congé. | CC19: ABS_C_002 | CD19: =VLOOKUP(CC19,'Axe 2 Règles de gestion'!$D$2:$F$366,3, FALSE) -> La date de début du congé/absence doit être postérieure ou égale à la date de début du lien juridique. | CE19: ABS_C_003 | CF19: =VLOOKUP(CE19,'Axe 2 Règles de gestion'!$D$2:$F$366,3, FALSE) -> La date de début du congé/absence doit être antérieure ou égale à la date de fin réelle du congé/absence. | CG19: ABS_C_004 | CH19: =VLOOKUP(CG19,'Axe 2 Règles de gestion'!$D$2:$F$366,3, FALSE) -> La date de début du congé/absence doit être antérieure ou égale à la date de fin prévisionnelle du congé/absence. | CI19: ABS_C_007 | CJ19: =VLOOKUP(CI19,'Axe 2 Règles de gestion'!$D$2:$F$366,3, FALSE) -> La date de fin réelle du congé/absence doit être antérieure à la date limite de départ à la retraite. | CK19: ABS_C_008 | CL19: =VLOOKUP(CK19,'Axe 2 Règles de gestion'!$D$2:$F$366,3, FALSE) -> La date de fin prévisionnelle du congé/absence doit être antérieure à la date limite de départ à la retraite. | CM19: ABS_C_009 | CN19: =VLOOKUP(CM19,'Axe 2 Règles de gestion'!$D$2:$F$366,3, FALSE) -> La date de fin réelle ou la date de fin prévisionnelle du congé/absence doit être saisie. | CO19: ABS_C_019 | CP19: =VLOOKUP(CO19,'Axe 2 Règles de gestion'!$D$2:$F$366,3, FALSE) -> Si l'absence ne commence pas par une demi-journée et si l'absence précédente ne finit pas par une demi journée, la date de début de l'absence saisie est postérieure à la date de fin réelle de l'absence précédente. | CQ19: ABS_C_020 | CR19: =VLOOKUP(CQ19,'Axe 2 Règles de gestion'!$D$2:$F$366,3, FALSE) -> Si l'absence ne commence pas par une demi-journée et si l'absence précédente ne finit pas par une demi journée, la date de début de l'absence saisie est postérieure à la date de fin prévisionnelle de l'absence précédente. | CS19: ABS_C_026 | CT19: =VLOOKUP(CS19,'Axe 2 Règles de gestion'!$D$2:$F$366,3, FALSE) -> Dans le cas d'un congé autre que CLM, CLD, CGM et CITIS, l'indicateur de requalification doit être à non et les impacts spécifiques à la requalification ne doivent pas être mobilisés ou l'impact rémunération est vide. | CU19: ABS_C_038 | CV19: =VLOOKUP(CU19,'Axe 2 Règles de gestion'!$D$2:$F$366,3, FALSE) -> Le congé prend fin à la date de décès de l'enfant (date de fin réelle). | CW19: ABS_C_039 | CX19: =VLOOKUP(CW19,'Axe 2 Règles de gestion'!$D$2:$F$366,3, FALSE) -> Le congé prend fin à la date de décès de l'enfant (date de fin prévisionnelle). | CY19: ABS_C_005 | CZ19: =VLOOKUP(CY19,'Axe 2 Règles de gestion'!$D$2:$F$366,3, FALSE) -> La date de fin réelle du congé/absence doit être antérieure ou égale à la date limite de fin réelle ou prévisionnelle du lien juridique. | DA19: ABS_C_006 | DB19: =VLOOKUP(DA19,'Axe 2 Règles de gestion'!$D$2:$F$366,3, FALSE) -> La date de fin prévisionnelle du congé/absence doit être antérieure ou égale à la date limite de fin réelle ou prévisionnelle du lien juridique. | DC19: ABS_C_065 | DD19: =VLOOKUP(DC19,'Axe 2 Règles de gestion'!$D$2:$F$366,3, FALSE) -> L'agent en congé de présence parentale / congé de proche aidant / congé de solidarité familiale ne peut se voir accorder de manière simultanée un temps partiel pour congé de présence parentale / pour congé de proche aidant / pour congé de solidarité familiale.
A20: 23.10.00 | B20: M | C20: 45223.638 | D20: D0007 | E20: Congés/Absence | F20: S0057 | G20: Congé de présence parentale | H20: E0478 | I20: Congé de présence parentale | J20: Congé saisi égal à 'Congé de présence parentale' | K20: A_COA_TYCOAB [Saisi] = 'CG102' | L20: T1166 | M20: Congé de présence parentale - Initial | N20: Création Modification | O20: La valeur de l'Etat du congé est différente de 'Renouvellement' et la valeur de l'Etat du congé saisie est différente de celle avant saisie | P20: A_COA_ETCOMA [Saisi] <> 'EC02' ET A_COA_ETCOMA [Saisi] <> A_COA_ETCOMA [Valeur avant saisie] | Q20: Contractuel | R20: P0003 | S20: N | T20: Général | U20: Passant | V20: 45166 | X20: CPP_I_315 ET CPP_I_004 ET CPP_I_005 ET CPP_I_006 ET CPP_I_113 ET CPP_I_114 ET CPP_I_115 ET CPP_I_117 ET CPP_I_118 ET CPP_I_119 ET CPP_I_001 ET CPP_I_014 ET CPP_I_009 ET CPP_I_011 ET CPP_I_120 ET CPP_I_003 ET CPP_I_314 ET CPP_I_008 ET CPP_I_121 ET CPP_I_300 ET CPP_I_323 ET CPP_D_009 ET CPP_D_001 ET CPP_D_005 ET CPP_D_025 ET ABS_C_002 ET ABS_C_003 ET ABS_C_004 ET ABS_C_007 ET ABS_C_008 ET ABS_C_009 ET ABS_C_019 ET ABS_C_020 ET ABS_C_026 ET ABS_C_038 ET ABS_C_039 ET ABS_C_005 ET ABS_C_006 ET ABS_C_065 | Y20: CPP_I_315 | Z20: =VLOOKUP(Y20,'Axe 2 Règles de gestion'!$D$2:$F$366,3, FALSE) -> L'agent bénéficie des dispositions applicables aux agents titulaires pour le congé de présence parentale. | AA20: CPP_I_004 | AB20: =VLOOKUP(AA20,'Axe 2 Règles de gestion'!$D$2:$F$366,3, FALSE) -> La demande doit être formulée par écrit au moins 15 jours avant le début du congé. | AC20: CPP_I_005 | AD20: =VLOOKUP(AC20,'Axe 2 Règles de gestion'!$D$2:$F$366,3, FALSE) -> La demande est accompagnée d'un certificat médical. | AE20: CPP_I_006 | AF20: =VLOOKUP(AE20,'Axe 2 Règles de gestion'!$D$2:$F$366,3, FALSE) -> Le certificat médical doit attester de la gravité de la maladie, de l'accident ou du handicap et de la nécessité de la présence soutenue d'un parent et de soins contraignants. Il doit également préciser la durée de l'absence. | AG20: CPP_I_113 | AH20: =VLOOKUP(AG20,'Axe 2 Règles de gestion'!$D$2:$F$366,3, FALSE) -> L'agent indique, dans sa demande de congé, la ou les modalités d'utilisation du congé et les dates de congé prévisionnelles afférentes. | AI20: CPP_I_114 | AJ20: =VLOOKUP(AI20,'Axe 2 Règles de gestion'!$D$2:$F$366,3, FALSE) -> L'agent doit informer par écrit l'administration avec un préavis d'au moins 48 heures des changements de la ou des modalités d'utilisation et des dates de congé prévisionnelles afférentes. | AK20: CPP_I_115 | AL20: =VLOOKUP(AK20,'Axe 2 Règles de gestion'!$D$2:$F$366,3, FALSE) -> Les délais de préavis liés à la demande du congé ne s'appliquent pas en cas de dégradation soudaine de l'état de santé de l'enfant ou en cas de situation de crise nécessitant une présence immédiate auprès de l'enfant. | AM20: CPP_I_117 | AN20: =VLOOKUP(AM20,'Axe 2 Règles de gestion'!$D$2:$F$366,3, FALSE) -> Les délais de préavis liés au changement de modalités d'utilisation du congé ne s'appliquent pas en cas de dégradation soudaine de l'état de santé de l'enfant ou en cas de situation de crise nécessitant une présence immédiate auprès de l'enfant. | AO20: CPP_I_118 | AP20: =VLOOKUP(AO20,'Axe 2 Règles de gestion'!$D$2:$F$366,3, FALSE) -> Les délais de préavis liés au changement de dates prévisionnelles du congé ne s'appliquent pas en cas de dégradation soudaine de l'état de santé de l'enfant ou en cas de situation de crise nécessitant une présence immédiate auprès de l'enfant. | AQ20: CPP_I_119 | AR20: =VLOOKUP(AQ20,'Axe 2 Règles de gestion'!$D$2:$F$366,3, FALSE) -> La durée prévisible de traitement fait l'objet d'un nouvel examen dans un délai compris entre 6 mois et 1 an maximum. Ce nouvel examen donne lieu à un certificat médical transmis à l'autorité dont relève l'agent. | AS20: CPP_I_001 | AT20: =VLOOKUP(AS20,'Axe 2 Règles de gestion'!$D$2:$F$366,3, FALSE) -> Le congé est accordé de droit à l'agent. | AU20: CPP_I_014 | AV20: =VLOOKUP(AU20,'Axe 2 Règles de gestion'!$D$2:$F$366,3, FALSE) -> L'autorité qui a accordé le congé fait procéder aux enquêtes nécessaires pour s'assurer que l'activité de l'agent est réellement consacrée à donner des soins à son enfant. | AW20: CPP_I_009 | AX20: =VLOOKUP(AW20,'Axe 2 Règles de gestion'!$D$2:$F$366,3, FALSE) -> En cas de rechute ou de récidive de la pathologie qui affecte l'enfant, le bénéfice du droit à congé peut être rouvert pour une nouvelle période sur présentation d'un certificat médical le justifiant. | AY20: CPP_I_011 | AZ20: =VLOOKUP(AY20,'Axe 2 Règles de gestion'!$D$2:$F$366,3, FALSE) -> En cas de nouvelle pathologie affectant l'enfant, de même qu'en cas de rechute ou de récidive de la pathologie initialement traitée, un nouveau droit à congé est ouvert à l'issue de la période de 36 mois. | BA20: CPP_I_120 | BB20: =VLOOKUP(BA20,'Axe 2 Règles de gestion'!$D$2:$F$366,3, FALSE) -> Lorsque la gravité de la pathologie de l'enfant initialement traitée nécessite une présence soutenue et des soins contraignants, un nouveau congé est ouvert à l'issue de la période de 36 mois sur présentation d'un certificat médical le justifiant. | BC20: CPP_I_003 | BD20: =VLOOKUP(BC20,'Axe 2 Règles de gestion'!$D$2:$F$366,3, FALSE) -> Ce congé est ouvert au père ou à la mère. | BE20: CPP_I_314 | BF20: =VLOOKUP(BE20,'Axe 2 Règles de gestion'!$D$2:$F$366,3, FALSE) -> Dans la limite de 36 mois, l'agent peut choisir d'utiliser les 310 jours ouvrés de congé sous la forme soit d'une période continue, soit d'une ou plusieurs périodes fractionnées d'au moins d'une demi-journée soit d'un service à temps partiel. | BG20: CPP_I_008 | BH20: =VLOOKUP(BG20,'Axe 2 Règles de gestion'!$D$2:$F$366,3, FALSE) -> Au terme de la durée initiale, le bénéfice du droit à congé peut être prolongé sur présentation d'un certificat médical le justifiant. | BI20: CPP_I_121 | BJ20: =VLOOKUP(BI20,'Axe 2 Règles de gestion'!$D$2:$F$366,3, FALSE) -> La demande de renouvellement ou de prolongation du congé doit être adressée par écrit au supérieur hiérarchique au moins 15 jours avant le terme du congé. | BK20: CPP_I_300 | BL20: =VLOOKUP(BK20,'Axe 2 Règles de gestion'!$D$2:$F$366,3, FALSE) -> L'agent lié par un contrat de projet et remplissant toujours les conditions requises est réemployé si la date de demande de réemploi est antérieure au terme du contrat et si le projet court toujours. | BM20: CPP_I_323 | BN20: =VLOOKUP(BM20,'Axe 2 Règles de gestion'!$D$2:$F$366,3, FALSE) -> Le congé de présence parentale peut être fractionné et chaque absence doit être d'une durée minimale d'une demi-journée. | BO20: CPP_D_009 | BP20: =VLOOKUP(BO20,'Axe 2 Règles de gestion'!$D$2:$F$366,3, FALSE) -> La durée réelle de congé de présence parentale dont peut bénéficier le fonctionnaire pour un même enfant et en raison d'une même pathologie est au maximum de 310 jours ouvrés au cours d'une période de 36 mois. (date de fin réelle de l'absence). | BQ20: CPP_D_001 | BR20: =VLOOKUP(BQ20,'Axe 2 Règles de gestion'!$D$2:$F$366,3, FALSE) -> L'agent doit être en activité. | BS20: CPP_D_005 | BT20: =VLOOKUP(BS20,'Axe 2 Règles de gestion'!$D$2:$F$366,3, FALSE) -> L'agent doit avoir un enfant lié à ce congé. | BU20: CPP_D_025 | BV20: =VLOOKUP(BU20,'Axe 2 Règles de gestion'!$D$2:$F$366,3, FALSE) -> Au terme de la durée réelle initiale, ou en cas de rechute ou de récidive de la pathologie qui affecte l'enfant, le bénéfice du droit à congé peut être prolongé ou rouvert pour une nouvelle période sur présentation d'un certificat médical le justifiant, dans la limite des 310 jours et des 36 mois. Le décompte de la période de 36 mois s'effectue à partir de la date initiale d'ouverture du droit à congé. | CC20: ABS_C_002 | CD20: =VLOOKUP(CC20,'Axe 2 Règles de gestion'!$D$2:$F$366,3, FALSE) -> La date de début du congé/absence doit être postérieure ou égale à la date de début du lien juridique. | CE20: ABS_C_003 | CF20: =VLOOKUP(CE20,'Axe 2 Règles de gestion'!$D$2:$F$366,3, FALSE) -> La date de début du congé/absence doit être antérieure ou égale à la date de fin réelle du congé/absence. | CG20: ABS_C_004 | CH20: =VLOOKUP(CG20,'Axe 2 Règles de gestion'!$D$2:$F$366,3, FALSE) -> La date de début du congé/absence doit être antérieure ou égale à la date de fin prévisionnelle du congé/absence. | CI20: ABS_C_007 | CJ20: =VLOOKUP(CI20,'Axe 2 Règles de gestion'!$D$2:$F$366,3, FALSE) -> La date de fin réelle du congé/absence doit être antérieure à la date limite de départ à la retraite. | CK20: ABS_C_008 | CL20: =VLOOKUP(CK20,'Axe 2 Règles de gestion'!$D$2:$F$366,3, FALSE) -> La date de fin prévisionnelle du congé/absence doit être antérieure à la date limite de départ à la retraite. | CM20: ABS_C_009 | CN20: =VLOOKUP(CM20,'Axe 2 Règles de gestion'!$D$2:$F$366,3, FALSE) -> La date de fin réelle ou la date de fin prévisionnelle du congé/absence doit être saisie. | CO20: ABS_C_019 | CP20: =VLOOKUP(CO20,'Axe 2 Règles de gestion'!$D$2:$F$366,3, FALSE) -> Si l'absence ne commence pas par une demi-journée et si l'absence précédente ne finit pas par une demi journée, la date de début de l'absence saisie est postérieure à la date de fin réelle de l'absence précédente. | CQ20: ABS_C_020 | CR20: =VLOOKUP(CQ20,'Axe 2 Règles de gestion'!$D$2:$F$366,3, FALSE) -> Si l'absence ne commence pas par une demi-journée et si l'absence précédente ne finit pas par une demi journée, la date de début de l'absence saisie est postérieure à la date de fin prévisionnelle de l'absence précédente. | CS20: ABS_C_026 | CT20: =VLOOKUP(CS20,'Axe 2 Règles de gestion'!$D$2:$F$366,3, FALSE) -> Dans le cas d'un congé autre que CLM, CLD, CGM et CITIS, l'indicateur de requalification doit être à non et les impacts spécifiques à la requalification ne doivent pas être mobilisés ou l'impact rémunération est vide. | CU20: ABS_C_038 | CV20: =VLOOKUP(CU20,'Axe 2 Règles de gestion'!$D$2:$F$366,3, FALSE) -> Le congé prend fin à la date de décès de l'enfant (date de fin réelle). | CW20: ABS_C_039 | CX20: =VLOOKUP(CW20,'Axe 2 Règles de gestion'!$D$2:$F$366,3, FALSE) -> Le congé prend fin à la date de décès de l'enfant (date de fin prévisionnelle). | CY20: ABS_C_005 | CZ20: =VLOOKUP(CY20,'Axe 2 Règles de gestion'!$D$2:$F$366,3, FALSE) -> La date de fin réelle du congé/absence doit être antérieure ou égale à la date limite de fin réelle ou prévisionnelle du lien juridique. | DA20: ABS_C_006 | DB20: =VLOOKUP(DA20,'Axe 2 Règles de gestion'!$D$2:$F$366,3, FALSE) -> La date de fin prévisionnelle du congé/absence doit être antérieure ou égale à la date limite de fin réelle ou prévisionnelle du lien juridique. | DC20: ABS_C_065 | DD20: =VLOOKUP(DC20,'Axe 2 Règles de gestion'!$D$2:$F$366,3, FALSE) -> L'agent en congé de présence parentale / congé de proche aidant / congé de solidarité familiale ne peut se voir accorder de manière simultanée un temps partiel pour congé de présence parentale / pour congé de proche aidant / pour congé de solidarité familiale.
A21: 21.00.00 | B21: M | C21: 45223.64 | D21: D0007 | E21: Congés/Absence | F21: S0057 | G21: Congé de présence parentale | H21: E0478 | I21: Congé de présence parentale | J21: Congé saisi égal à 'Congé de présence parentale' | K21: A_COA_TYCOAB [Saisi] = 'CG102' | L21: T1167 | M21: Congé de présence parentale - Renouvellement | N21: Création Modification | O21: La valeur de l'Etat du congé est 'Renouvellement' et la valeur de l'Etat du congé saisie est différente de celle avant saisie | P21: A_COA_ETCOMA [Saisi] = 'EC02' ET A_COA_ETCOMA [Saisi] <> A_COA_ETCOMA [Valeur avant saisie] | Q21: Contractuel | R21: P0003 | S21: N | T21: Général | U21: Passant | V21: 40725 | W21: 44167 | X21: CPP_I_038 ET CPP_I_040 ET CPP_I_042 ET CPP_I_043 ET CPP_I_044 ET CPP_D_028 ET CPP_D_014 ET CPP_D_017 ET ABS_C_003 ET ABS_C_004 ET ABS_C_007 ET ABS_C_008 ET ABS_C_009 ET ABS_C_019 ET ABS_C_020 ET ABS_C_026 ET ABS_C_038 ET ABS_C_039 ET ABS_C_005 ET ABS_C_006 | Y21: CPP_I_038 | Z21: =VLOOKUP(Y21,'Axe 2 Règles de gestion'!$D$2:$F$366,3, FALSE) -> Au terme de la durée initiale, le bénéfice du droit à congé peut être prolongé sur présentation d'un certificat médical le justifiant. | AA21: CPP_I_040 | AB21: =VLOOKUP(AA21,'Axe 2 Règles de gestion'!$D$2:$F$366,3, FALSE) -> Si la durée du congé excède 6 mois, la pathologie et la nécessité de présence soutenue et de soins contraignants font tous les 6 mois l'objet d'un nouvel examen qui donne lieu à un certificat médical transmis sans délai à l'autorité dont relève l'agent. | AC21: CPP_I_042 | AD21: =VLOOKUP(AC21,'Axe 2 Règles de gestion'!$D$2:$F$366,3, FALSE) -> L'agent doit communiquer par écrit à l'autorité dont il relève le calendrier mensuel de ses journées de congé de présence parentale, au plus tard 15 jours avant le début de chaque mois. | AE21: CPP_I_043 | AF21: =VLOOKUP(AE21,'Axe 2 Règles de gestion'!$D$2:$F$366,3, FALSE) -> Lorsque l'agent souhaite prendre un ou plusieurs jours de congé ne correspondant pas au calendrier transmis, il doit en informer l'autorité au moins 48 heures à l'avance. | AG21: CPP_I_044 | AH21: =VLOOKUP(AG21,'Axe 2 Règles de gestion'!$D$2:$F$366,3, FALSE) -> L'autorité qui a accordé le congé fait procéder aux enquêtes nécessaires pour s'assurer que l'activité de l'agent est réellement consacrée à donner des soins à son enfant. | BO21: CPP_D_028 | BP21: =VLOOKUP(BO21,'Axe 2 Règles de gestion'!$D$2:$F$366,3, FALSE) -> Au terme de la durée réelle initiale, ou en cas de rechute ou de récidive de la pathologie qui affecte l'enfant, le bénéfice du droit à congé peut être prolongé ou rouvert pour une nouvelle période sur présentation d'un certificat médical le justifiant, dans la limite des trois cent dix jours et des trente-six mois. Le décompte de la période de trente-six mois s'effectue à partir de la date initiale d'ouverture du droit à congé. | BQ21: CPP_D_014 | BR21: =VLOOKUP(BQ21,'Axe 2 Règles de gestion'!$D$2:$F$366,3, FALSE) -> L'agent doit être en activité. | BS21: CPP_D_017 | BT21: =VLOOKUP(BS21,'Axe 2 Règles de gestion'!$D$2:$F$366,3, FALSE) -> L'agent doit avoir un enfant lié à ce congé. | CC21: ABS_C_003 | CD21: =VLOOKUP(CC21,'Axe 2 Règles de gestion'!$D$2:$F$366,3, FALSE) -> La date de début du congé/absence doit être antérieure ou égale à la date de fin réelle du congé/absence. | CE21: ABS_C_004 | CF21: =VLOOKUP(CE21,'Axe 2 Règles de gestion'!$D$2:$F$366,3, FALSE) -> La date de début du congé/absence doit être antérieure ou égale à la date de fin prévisionnelle du congé/absence. | CG21: ABS_C_007 | CH21: =VLOOKUP(CG21,'Axe 2 Règles de gestion'!$D$2:$F$366,3, FALSE) -> La date de fin réelle du congé/absence doit être antérieure à la date limite de départ à la retraite. | CI21: ABS_C_008 | CJ21: =VLOOKUP(CI21,'Axe 2 Règles de gestion'!$D$2:$F$366,3, FALSE) -> La date de fin prévisionnelle du congé/absence doit être antérieure à la date limite de départ à la retraite. | CK21: ABS_C_009 | CL21: =VLOOKUP(CK21,'Axe 2 Règles de gestion'!$D$2:$F$366,3, FALSE) -> La date de fin réelle ou la date de fin prévisionnelle du congé/absence doit être saisie. | CM21: ABS_C_019 | CN21: =VLOOKUP(CM21,'Axe 2 Règles de gestion'!$D$2:$F$366,3, FALSE) -> Si l'absence ne commence pas par une demi-journée et si l'absence précédente ne finit pas par une demi journée, la date de début de l'absence saisie est postérieure à la date de fin réelle de l'absence précédente. | CO21: ABS_C_020 | CP21: =VLOOKUP(CO21,'Axe 2 Règles de gestion'!$D$2:$F$366,3, FALSE) -> Si l'absence ne commence pas par une demi-journée et si l'absence précédente ne finit pas par une demi journée, la date de début de l'absence saisie est postérieure à la date de fin prévisionnelle de l'absence précédente. | CQ21: ABS_C_026 | CR21: =VLOOKUP(CQ21,'Axe 2 Règles de gestion'!$D$2:$F$366,3, FALSE) -> Dans le cas d'un congé autre que CLM, CLD, CGM et CITIS, l'indicateur de requalification doit être à non et les impacts spécifiques à la requalification ne doivent pas être mobilisés ou l'impact rémunération est vide. | CS21: ABS_C_038 | CT21: =VLOOKUP(CS21,'Axe 2 Règles de gestion'!$D$2:$F$366,3, FALSE) -> Le congé prend fin à la date de décès de l'enfant (date de fin réelle). | CU21: ABS_C_039 | CV21: =VLOOKUP(CU21,'Axe 2 Règles de gestion'!$D$2:$F$366,3, FALSE) -> Le congé prend fin à la date de décès de l'enfant (date de fin prévisionnelle). | CW21: ABS_C_005 | CX21: =VLOOKUP(CW21,'Axe 2 Règles de gestion'!$D$2:$F$366,3, FALSE) -> La date de fin réelle du congé/absence doit être antérieure ou égale à la date limite de fin réelle ou prévisionnelle du lien juridique. | CY21: ABS_C_006 | CZ21: =VLOOKUP(CY21,'Axe 2 Règles de gestion'!$D$2:$F$366,3, FALSE) -> La date de fin prévisionnelle du congé/absence doit être antérieure ou égale à la date limite de fin réelle ou prévisionnelle du lien juridique.
A22: 23.10.00 | B22: M | C22: 45223.64 | D22: D0007 | E22: Congés/Absence | F22: S0057 | G22: Congé de présence parentale | H22: E0478 | I22: Congé de présence parentale | J22: Congé saisi égal à 'Congé de présence parentale' | K22: A_COA_TYCOAB [Saisi] = 'CG102' | L22: T1167 | M22: Congé de présence parentale - Renouvellement | N22: Création Modification | O22: La valeur de l'Etat du congé est 'Renouvellement' et la valeur de l'Etat du congé saisie est différente de celle avant saisie | P22: A_COA_ETCOMA [Saisi] = 'EC02' ET A_COA_ETCOMA [Saisi] <> A_COA_ETCOMA [Valeur avant saisie] | Q22: Contractuel | R22: P0003 | S22: N | T22: Général | U22: Passant | V22: 44168 | W22: 45165 | X22: CPP_I_038 ET CPP_I_162 ET CPP_I_160 ET CPP_I_154 ET CPP_I_155 ET CPP_I_157 ET CPP_I_158 ET CPP_I_159 ET CPP_I_153 ET CPP_D_028 ET CPP_D_200 ET CPP_D_201 ET CPP_D_014 ET CPP_D_017 ET ABS_C_003 ET ABS_C_004 ET ABS_C_007 ET ABS_C_008 ET ABS_C_009 ET ABS_C_019 ET ABS_C_020 ET ABS_C_026 ET ABS_C_038 ET ABS_C_039 ET ABS_C_005 ET ABS_C_006 ET ABS_C_065 | Y22: CPP_I_038 | Z22: =VLOOKUP(Y22,'Axe 2 Règles de gestion'!$D$2:$F$366,3, FALSE) -> Au terme de la durée initiale, le bénéfice du droit à congé peut être prolongé sur présentation d'un certificat médical le justifiant. | AA22: CPP_I_162 | AB22: =VLOOKUP(AA22,'Axe 2 Règles de gestion'!$D$2:$F$366,3, FALSE) -> La demande de renouvellement du congé doit être adressée par écrit au supérieur hiérarchique au moins 15 jours avant le terme du congé. | AC22: CPP_I_160 | AD22: =VLOOKUP(AC22,'Axe 2 Règles de gestion'!$D$2:$F$366,3, FALSE) -> La durée prévisible de traitement fait l'objet d'un nouvel examen dans un délai compris entre 6 mois et 1 an maximum. Ce nouvel examen donne lieu à un certificat médical transmis à l'autorité dont relève l'agent. | AE22: CPP_I_154 | AF22: =VLOOKUP(AE22,'Axe 2 Règles de gestion'!$D$2:$F$366,3, FALSE) -> L'agent indique, dans sa demande de congé, la ou les modalités d'utilisation du congé et les dates de congé prévisionnelles afférentes. | AG22: CPP_I_155 | AH22: =VLOOKUP(AG22,'Axe 2 Règles de gestion'!$D$2:$F$366,3, FALSE) -> L'agent doit informer par écrit l'administration avec un préavis d'au moins 48 heures des changements de la ou des modalités d'utilisation et des dates de congé prévisionnelles afférentes. | AI22: CPP_I_157 | AJ22: =VLOOKUP(AI22,'Axe 2 Règles de gestion'!$D$2:$F$366,3, FALSE) -> Les délais de préavis liés au renouvellement du congé ne s'appliquent pas en cas de dégradation soudaine de l'état de santé de l'enfant ou en cas de situation de crise nécessitant une présence immédiate auprès de l'enfant. | AK22: CPP_I_158 | AL22: =VLOOKUP(AK22,'Axe 2 Règles de gestion'!$D$2:$F$366,3, FALSE) -> Les délais de préavis liés au changement de modalités d'utilisation du congé ne s'appliquent pas en cas de dégradation soudaine de l'état de santé de l'enfant ou en cas de situation de crise nécessitant une présence immédiate auprès de l'enfant. | AM22: CPP_I_159 | AN22: =VLOOKUP(AM22,'Axe 2 Règles de gestion'!$D$2:$F$366,3, FALSE) -> Les délais de préavis liés au changement de dates prévisionnelles du congé ne s'appliquent pas en cas de dégradation soudaine de l'état de santé de l'enfant ou en cas de situation de crise nécessitant une présence immédiate auprès de l'enfant. | AO22: CPP_I_153 | AP22: =VLOOKUP(AO22,'Axe 2 Règles de gestion'!$D$2:$F$366,3, FALSE) -> Dans la limite de 36 mois, l'agent peut choisir d'utiliser les 310 jours ouvrés de congé sous la forme soit d'une période continue, soit d'une ou plusieurs périodes fractionnées d'au moins une journée soit d'un service à temps partiel. | BO22: CPP_D_028 | BP22: =VLOOKUP(BO22,'Axe 2 Règles de gestion'!$D$2:$F$366,3, FALSE) -> Au terme de la durée réelle initiale, ou en cas de rechute ou de récidive de la pathologie qui affecte l'enfant, le bénéfice du droit à congé peut être prolongé ou rouvert pour une nouvelle période sur présentation d'un certificat médical le justifiant, dans la limite des trois cent dix jours et des trente-six mois. Le décompte de la période de trente-six mois s'effectue à partir de la date initiale d'ouverture du droit à congé. | BQ22: CPP_D_200 | BR22: =VLOOKUP(BQ22,'Axe 2 Règles de gestion'!$D$2:$F$366,3, FALSE) -> Le congé de présence parentale peut être fractionné mais chaque absence doit être d'une durée réelle minimale de 1 jour. | BS22: CPP_D_201 | BT22: =VLOOKUP(BS22,'Axe 2 Règles de gestion'!$D$2:$F$366,3, FALSE) -> Le congé de présence parentale peut être fractionné mais chaque absence doit être d'une durée prévisionnelle minimale de 1 jour. | BU22: CPP_D_014 | BV22: =VLOOKUP(BU22,'Axe 2 Règles de gestion'!$D$2:$F$366,3, FALSE) -> L'agent doit être en activité. | BW22: CPP_D_017 | BX22: =VLOOKUP(BW22,'Axe 2 Règles de gestion'!$D$2:$F$366,3, FALSE) -> L'agent doit avoir un enfant lié à ce congé. | CC22: ABS_C_003 | CD22: =VLOOKUP(CC22,'Axe 2 Règles de gestion'!$D$2:$F$366,3, FALSE) -> La date de début du congé/absence doit être antérieure ou égale à la date de fin réelle du congé/absence. | CE22: ABS_C_004 | CF22: =VLOOKUP(CE22,'Axe 2 Règles de gestion'!$D$2:$F$366,3, FALSE) -> La date de début du congé/absence doit être antérieure ou égale à la date de fin prévisionnelle du congé/absence. | CG22: ABS_C_007 | CH22: =VLOOKUP(CG22,'Axe 2 Règles de gestion'!$D$2:$F$366,3, FALSE) -> La date de fin réelle du congé/absence doit être antérieure à la date limite de départ à la retraite. | CI22: ABS_C_008 | CJ22: =VLOOKUP(CI22,'Axe 2 Règles de gestion'!$D$2:$F$366,3, FALSE) -> La date de fin prévisionnelle du congé/absence doit être antérieure à la date limite de départ à la retraite. | CK22: ABS_C_009 | CL22: =VLOOKUP(CK22,'Axe 2 Règles de gestion'!$D$2:$F$366,3, FALSE) -> La date de fin réelle ou la date de fin prévisionnelle du congé/absence doit être saisie. | CM22: ABS_C_019 | CN22: =VLOOKUP(CM22,'Axe 2 Règles de gestion'!$D$2:$F$366,3, FALSE) -> Si l'absence ne commence pas par une demi-journée et si l'absence précédente ne finit pas par une demi journée, la date de début de l'absence saisie est postérieure à la date de fin réelle de l'absence précédente. | CO22: ABS_C_020 | CP22: =VLOOKUP(CO22,'Axe 2 Règles de gestion'!$D$2:$F$366,3, FALSE) -> Si l'absence ne commence pas par une demi-journée et si l'absence précédente ne finit pas par une demi journée, la date de début de l'absence saisie est postérieure à la date de fin prévisionnelle de l'absence précédente. | CQ22: ABS_C_026 | CR22: =VLOOKUP(CQ22,'Axe 2 Règles de gestion'!$D$2:$F$366,3, FALSE) -> Dans le cas d'un congé autre que CLM, CLD, CGM et CITIS, l'indicateur de requalification doit être à non et les impacts spécifiques à la requalification ne doivent pas être mobilisés ou l'impact rémunération est vide. | CS22: ABS_C_038 | CT22: =VLOOKUP(CS22,'Axe 2 Règles de gestion'!$D$2:$F$366,3, FALSE) -> Le congé prend fin à la date de décès de l'enfant (date de fin réelle). | CU22: ABS_C_039 | CV22: =VLOOKUP(CU22,'Axe 2 Règles de gestion'!$D$2:$F$366,3, FALSE) -> Le congé prend fin à la date de décès de l'enfant (date de fin prévisionnelle). | CW22: ABS_C_005 | CX22: =VLOOKUP(CW22,'Axe 2 Règles de gestion'!$D$2:$F$366,3, FALSE) -> La date de fin réelle du congé/absence doit être antérieure ou égale à la date limite de fin réelle ou prévisionnelle du lien juridique. | CY22: ABS_C_006 | CZ22: =VLOOKUP(CY22,'Axe 2 Règles de gestion'!$D$2:$F$366,3, FALSE) -> La date de fin prévisionnelle du congé/absence doit être antérieure ou égale à la date limite de fin réelle ou prévisionnelle du lien juridique. | DA22: ABS_C_065 | DB22: =VLOOKUP(DA22,'Axe 2 Règles de gestion'!$D$2:$F$366,3, FALSE) -> L'agent en congé de présence parentale / congé de proche aidant / congé de solidarité familiale ne peut se voir accorder de manière simultanée un temps partiel pour congé de présence parentale / pour congé de proche aidant / pour congé de solidarité familiale.
A23: 24.00.00 | B23: M | C23: 45412.45 | D23: D0007 | E23: Congés/Absence | F23: S0057 | G23: Congé de présence parentale | H23: E0478 | I23: Congé de présence parentale | J23: Congé saisi égal à 'Congé de présence parentale' | K23: A_COA_TYCOAB [Saisi] = 'CG102' | L23: T1167 | M23: Congé de présence parentale - Renouvellement | N23: Création Modification | O23: La valeur de l'Etat du congé est 'Renouvellement' et la valeur de l'Etat du congé saisie est différente de celle avant saisie | P23: A_COA_ETCOMA [Saisi] = 'EC02' ET A_COA_ETCOMA [Saisi] <> A_COA_ETCOMA [Valeur avant saisie] | Q23: Contractuel | R23: P0003 | S23: N | T23: Général | U23: Passant | V23: 45166 | X23: CPP_I_315 ET CPP_I_321 ET CPP_I_322 ET CPP_I_121 ET CPP_I_119 ET CPP_I_113 ET CPP_I_114 ET CPP_I_116 ET CPP_I_117 ET CPP_I_118 ET CPP_I_314 ET CPP_I_323 ET CPP_D_267 ET CPP_D_138 ET CPP_D_141 ET CPP_D_013 ET ABS_C_003 ET ABS_C_004 ET ABS_C_007 ET ABS_C_008 ET ABS_C_009 ET ABS_C_019 ET ABS_C_020 ET ABS_C_026 ET ABS_C_038 ET ABS_C_039 ET ABS_C_005 ET ABS_C_006 ET ABS_C_065 | Y23: CPP_I_315 | Z23: =VLOOKUP(Y23,'Axe 2 Règles de gestion'!$D$2:$F$366,3, FALSE) -> L'agent bénéficie des dispositions applicables aux agents titulaires pour le congé de présence parentale. | AA23: CPP_I_321 | AB23: =VLOOKUP(AA23,'Axe 2 Règles de gestion'!$D$2:$F$366,3, FALSE) -> Lorsque le nombre maximal de jours de congé est atteint avant le terme de la période initiale, le congé peut être renouvelé une fois au titre de la même maladie ou du même handicap ou du fait de l'accident dont l'enfant a été victime. | AC23: CPP_I_322 | AD23: =VLOOKUP(AC23,'Axe 2 Règles de gestion'!$D$2:$F$366,3, FALSE) -> Le congé est renouvelé pour au maximum 310 jours ouvrés sur une nouvelle période de 36 mois. | AE23: CPP_I_121 | AF23: =VLOOKUP(AE23,'Axe 2 Règles de gestion'!$D$2:$F$366,3, FALSE) -> La demande de renouvellement ou de prolongation du congé doit être adressée par écrit au supérieur hiérarchique au moins 15 jours avant le terme du congé. | AG23: CPP_I_119 | AH23: =VLOOKUP(AG23,'Axe 2 Règles de gestion'!$D$2:$F$366,3, FALSE) -> La durée prévisible de traitement fait l'objet d'un nouvel examen dans un délai compris entre 6 mois et 1 an maximum. Ce nouvel examen donne lieu à un certificat médical transmis à l'autorité dont relève l'agent. | AI23: CPP_I_113 | AJ23: =VLOOKUP(AI23,'Axe 2 Règles de gestion'!$D$2:$F$366,3, FALSE) -> L'agent indique, dans sa demande de congé, la ou les modalités d'utilisation du congé et les dates de congé prévisionnelles afférentes. | AK23: CPP_I_114 | AL23: =VLOOKUP(AK23,'Axe 2 Règles de gestion'!$D$2:$F$366,3, FALSE) -> L'agent doit informer par écrit l'administration avec un préavis d'au moins 48 heures des changements de la ou des modalités d'utilisation et des dates de congé prévisionnelles afférentes. | AM23: CPP_I_116 | AN23: =VLOOKUP(AM23,'Axe 2 Règles de gestion'!$D$2:$F$366,3, FALSE) -> Les délais de préavis liés au renouvellement du congé ne s'appliquent pas en cas de dégradation soudaine de l'état de santé de l'enfant ou en cas de situation de crise nécessitant une présence immédiate auprès de l'enfant. | AO23: CPP_I_117 | AP23: =VLOOKUP(AO23,'Axe 2 Règles de gestion'!$D$2:$F$366,3, FALSE) -> Les délais de préavis liés au changement de modalités d'utilisation du congé ne s'appliquent pas en cas de dégradation soudaine de l'état de santé de l'enfant ou en cas de situation de crise nécessitant une présence immédiate auprès de l'enfant. | AQ23: CPP_I_118 | AR23: =VLOOKUP(AQ23,'Axe 2 Règles de gestion'!$D$2:$F$366,3, FALSE) -> Les délais de préavis liés au changement de dates prévisionnelles du congé ne s'appliquent pas en cas de dégradation soudaine de l'état de santé de l'enfant ou en cas de situation de crise nécessitant une présence immédiate auprès de l'enfant. | AS23: CPP_I_314 | AT23: =VLOOKUP(AS23,'Axe 2 Règles de gestion'!$D$2:$F$366,3, FALSE) -> Dans la limite de 36 mois, l'agent peut choisir d'utiliser les 310 jours ouvrés de congé sous la forme soit d'une période continue, soit d'une ou plusieurs périodes fractionnées d'au moins d'une demi-journée soit d'un service à temps partiel. | AU23: CPP_I_323 | AV23: =VLOOKUP(AU23,'Axe 2 Règles de gestion'!$D$2:$F$366,3, FALSE) -> Le congé de présence parentale peut être fractionné et chaque absence doit être d'une durée minimale d'une demi-journée. | BO23: CPP_D_267 | BP23: =VLOOKUP(BO23,'Axe 2 Règles de gestion'!$D$2:$F$366,3, FALSE) -> Avant le terme de la durée réelle initiale, le bénéfice du droit à congé peut être renouvelé pour une nouvelle période sur présentation d'un certificat médical le justifiant, dans la limite des 310 jours et des 36 mois. | BQ23: CPP_D_138 | BR23: =VLOOKUP(BQ23,'Axe 2 Règles de gestion'!$D$2:$F$366,3, FALSE) -> L'agent doit être en activité. | BS23: CPP_D_141 | BT23: =VLOOKUP(BS23,'Axe 2 Règles de gestion'!$D$2:$F$366,3, FALSE) -> L'agent doit avoir un enfant lié à ce congé. | BU23: CPP_D_013 | BV23: =VLOOKUP(BU23,'Axe 2 Règles de gestion'!$D$2:$F$366,3, FALSE) -> Attention : L'acte de RENOUVELLEMENT est à utiliser uniquement après épuisement des 310 jours accordés par l'acte INITIAL. L'acte de PROLONGATION est à utiliser pour prolonger les droits accordés par l'acte INITIAL ou l'acte de RENOUVELLEMENT. | CC23: ABS_C_003 | CD23: =VLOOKUP(CC23,'Axe 2 Règles de gestion'!$D$2:$F$366,3, FALSE) -> La date de début du congé/absence doit être antérieure ou égale à la date de fin réelle du congé/absence. | CE23: ABS_C_004 | CF23: =VLOOKUP(CE23,'Axe 2 Règles de gestion'!$D$2:$F$366,3, FALSE) -> La date de début du congé/absence doit être antérieure ou égale à la date de fin prévisionnelle du congé/absence. | CG23: ABS_C_007 | CH23: =VLOOKUP(CG23,'Axe 2 Règles de gestion'!$D$2:$F$366,3, FALSE) -> La date de fin réelle du congé/absence doit être antérieure à la date limite de départ à la retraite. | CI23: ABS_C_008 | CJ23: =VLOOKUP(CI23,'Axe 2 Règles de gestion'!$D$2:$F$366,3, FALSE) -> La date de fin prévisionnelle du congé/absence doit être antérieure à la date limite de départ à la retraite. | CK23: ABS_C_009 | CL23: =VLOOKUP(CK23,'Axe 2 Règles de gestion'!$D$2:$F$366,3, FALSE) -> La date de fin réelle ou la date de fin prévisionnelle du congé/absence doit être saisie. | CM23: ABS_C_019 | CN23: =VLOOKUP(CM23,'Axe 2 Règles de gestion'!$D$2:$F$366,3, FALSE) -> Si l'absence ne commence pas par une demi-journée et si l'absence précédente ne finit pas par une demi journée, la date de début de l'absence saisie est postérieure à la date de fin réelle de l'absence précédente. | CO23: ABS_C_020 | CP23: =VLOOKUP(CO23,'Axe 2 Règles de gestion'!$D$2:$F$366,3, FALSE) -> Si l'absence ne commence pas par une demi-journée et si l'absence précédente ne finit pas par une demi journée, la date de début de l'absence saisie est postérieure à la date de fin prévisionnelle de l'absence précédente. | CQ23: ABS_C_026 | CR23: =VLOOKUP(CQ23,'Axe 2 Règles de gestion'!$D$2:$F$366,3, FALSE) -> Dans le cas d'un congé autre que CLM, CLD, CGM et CITIS, l'indicateur de requalification doit être à non et les impacts spécifiques à la requalification ne doivent pas être mobilisés ou l'impact rémunération est vide. | CS23: ABS_C_038 | CT23: =VLOOKUP(CS23,'Axe 2 Règles de gestion'!$D$2:$F$366,3, FALSE) -> Le congé prend fin à la date de décès de l'enfant (date de fin réelle). | CU23: ABS_C_039 | CV23: =VLOOKUP(CU23,'Axe 2 Règles de gestion'!$D$2:$F$366,3, FALSE) -> Le congé prend fin à la date de décès de l'enfant (date de fin prévisionnelle). | CW23: ABS_C_005 | CX23: =VLOOKUP(CW23,'Axe 2 Règles de gestion'!$D$2:$F$366,3, FALSE) -> La date de fin réelle du congé/absence doit être antérieure ou égale à la date limite de fin réelle ou prévisionnelle du lien juridique. | CY23: ABS_C_006 | CZ23: =VLOOKUP(CY23,'Axe 2 Règles de gestion'!$D$2:$F$366,3, FALSE) -> La date de fin prévisionnelle du congé/absence doit être antérieure ou égale à la date limite de fin réelle ou prévisionnelle du lien juridique. | DA23: ABS_C_065 | DB23: =VLOOKUP(DA23,'Axe 2 Règles de gestion'!$D$2:$F$366,3, FALSE) -> L'agent en congé de présence parentale / congé de proche aidant / congé de solidarité familiale ne peut se voir accorder de manière simultanée un temps partiel pour congé de présence parentale / pour congé de proche aidant / pour congé de solidarité familiale.
A24: 20.10.00 | B24: M | C24: 44141.656 | D24: D0007 | E24: Congés/Absence | F24: S0057 | G24: Congé de présence parentale | H24: E0478 | I24: Congé de présence parentale | J24: Congé saisi égal à 'Congé de présence parentale' | K24: A_COA_TYCOAB [Saisi] = 'CG102' | L24: T1168 | M24: Congé de présence parentale - Fin (Ancien dispositif) | N24: Modification | O24: La valeur de l'Etat du congé saisie est égale à celle avant saisie et ((la date de début du congé saisie est strictement inférieure au 03/12/2020 et la typologie de population est différente de ouvrier ou de militaire) ou (la date de début du congé saisie est inférieure au 30/04/2022 et la typologie de la population est militaire) ou (la typologie de population saisie est égale à ouvrier)) | P24: A_COA_ETCOMA [Saisi] = A_COA_ETCOMA [Valeur avant saisie] ET ((A_COA_DADBCA [Saisi] < 03/12/2020 ET A_CAR_TYPPOP [Dossier] PAS DANS ('O','M')) OU (A_COA_DADBCA [Saisi] < 30/04/2022 ET A_CAR_TYPPOP [Dossier] = 'M') OU (A_CAR_TYPPOP [Dossier] = 'O')) | Q24: Contractuel | R24: P0003 | S24: N | T24: Général | U24: Passant | V24: 40725 | W24: 43889 | X24: CPP_I_045 ET CPP_I_046 ET CPP_I_107 ET CPP_D_028 ET CPP_D_017 ET ABS_C_003 ET ABS_C_004 ET ABS_C_007 ET ABS_C_008 ET ABS_C_009 ET ABS_C_026 ET ABS_C_038 ET ABS_C_039 ET ABS_C_005 ET ABS_C_006 | Y24: CPP_I_045 | Z24: =VLOOKUP(Y24,'Axe 2 Règles de gestion'!$D$2:$F$366,3, FALSE) -> Si l'agent renonce au bénéfice de la durée restant à courir de ce congé, il en informe l'autorité dont il relève avec un préavis de 15 jours. | AA24: CPP_I_046 | AB24: =VLOOKUP(AA24,'Axe 2 Règles de gestion'!$D$2:$F$366,3, FALSE) -> Le droit à congé cesse de plein droit en cas de décès de l'enfant. | AC24: CPP_I_107 | AD24: =VLOOKUP(AC24,'Axe 2 Règles de gestion'!$D$2:$F$366,3, FALSE) -> A l'issue du congé, l'agent est réemployé sur son emploi précédent dans la mesure permise par le service. | BO24: CPP_D_028 | BP24: =VLOOKUP(BO24,'Axe 2 Règles de gestion'!$D$2:$F$366,3, FALSE) -> Au terme de la durée réelle initiale, ou en cas de rechute ou de récidive de la pathologie qui affecte l'enfant, le bénéfice du droit à congé peut être prolongé ou rouvert pour une nouvelle période sur présentation d'un certificat médical le justifiant, dans la limite des trois cent dix jours et des trente-six mois. Le décompte de la période de trente-six mois s'effectue à partir de la date initiale d'ouverture du droit à congé. | BQ24: CPP_D_017 | BR24: =VLOOKUP(BQ24,'Axe 2 Règles de gestion'!$D$2:$F$366,3, FALSE) -> L'agent doit avoir un enfant lié à ce congé. | CC24: ABS_C_003 | CD24: =VLOOKUP(CC24,'Axe 2 Règles de gestion'!$D$2:$F$366,3, FALSE) -> La date de début du congé/absence doit être antérieure ou égale à la date de fin réelle du congé/absence. | CE24: ABS_C_004 | CF24: =VLOOKUP(CE24,'Axe 2 Règles de gestion'!$D$2:$F$366,3, FALSE) -> La date de début du congé/absence doit être antérieure ou égale à la date de fin prévisionnelle du congé/absence. | CG24: ABS_C_007 | CH24: =VLOOKUP(CG24,'Axe 2 Règles de gestion'!$D$2:$F$366,3, FALSE) -> La date de fin réelle du congé/absence doit être antérieure à la date limite de départ à la retraite. | CI24: ABS_C_008 | CJ24: =VLOOKUP(CI24,'Axe 2 Règles de gestion'!$D$2:$F$366,3, FALSE) -> La date de fin prévisionnelle du congé/absence doit être antérieure à la date limite de départ à la retraite. | CK24: ABS_C_009 | CL24: =VLOOKUP(CK24,'Axe 2 Règles de gestion'!$D$2:$F$366,3, FALSE) -> La date de fin réelle ou la date de fin prévisionnelle du congé/absence doit être saisie. | CM24: ABS_C_026 | CN24: =VLOOKUP(CM24,'Axe 2 Règles de gestion'!$D$2:$F$366,3, FALSE) -> Dans le cas d'un congé autre que CLM, CLD, CGM et CITIS, l'indicateur de requalification doit être à non et les impacts spécifiques à la requalification ne doivent pas être mobilisés ou l'impact rémunération est vide. | CO24: ABS_C_038 | CP24: =VLOOKUP(CO24,'Axe 2 Règles de gestion'!$D$2:$F$366,3, FALSE) -> Le congé prend fin à la date de décès de l'enfant (date de fin réelle). | CQ24: ABS_C_039 | CR24: =VLOOKUP(CQ24,'Axe 2 Règles de gestion'!$D$2:$F$366,3, FALSE) -> Le congé prend fin à la date de décès de l'enfant (date de fin prévisionnelle). | CS24: ABS_C_005 | CT24: =VLOOKUP(CS24,'Axe 2 Règles de gestion'!$D$2:$F$366,3, FALSE) -> La date de fin réelle du congé/absence doit être antérieure ou égale à la date limite de fin réelle ou prévisionnelle du lien juridique. | CU24: ABS_C_006 | CV24: =VLOOKUP(CU24,'Axe 2 Règles de gestion'!$D$2:$F$366,3, FALSE) -> La date de fin prévisionnelle du congé/absence doit être antérieure ou égale à la date limite de fin réelle ou prévisionnelle du lien juridique.
A25: 22.10.00 | B25: M | C25: 44834.73 | D25: D0007 | E25: Congés/Absence | F25: S0057 | G25: Congé de présence parentale | H25: E0478 | I25: Congé de présence parentale | J25: Congé saisi égal à 'Congé de présence parentale' | K25: A_COA_TYCOAB [Saisi] = 'CG102' | L25: T1168 | M25: Congé de présence parentale - Fin (Ancien dispositif) | N25: Modification | O25: La valeur de l'Etat du congé saisie est égale à celle avant saisie et ((la date de début du congé saisie est strictement inférieure au 03/12/2020 et la typologie de population est différente de ouvrier ou de militaire) ou (la date de début du congé saisie est inférieure au 30/04/2022 et la typologie de la population est militaire) ou (la typologie de population saisie est égale à ouvrier)) | P25: A_COA_ETCOMA [Saisi] = A_COA_ETCOMA [Valeur avant saisie] ET ((A_COA_DADBCA [Saisi] < 03/12/2020 ET A_CAR_TYPPOP [Dossier] PAS DANS ('O','M')) OU (A_COA_DADBCA [Saisi] < 30/04/2022 ET A_CAR_TYPPOP [Dossier] = 'M') OU (A_CAR_TYPPOP [Dossier] = 'O')) | Q25: Contractuel | R25: P0003 | S25: N | T25: Général | U25: Passant | V25: 43890 | W25: 44677 | X25: CPP_I_045 ET CPP_I_046 ET CPP_I_110 ET CPP_I_111 ET CPP_I_108 ET CPP_I_109 ET CPP_D_028 ET CPP_D_017 ET ABS_C_003 ET ABS_C_004 ET ABS_C_007 ET ABS_C_008 ET ABS_C_009 ET ABS_C_026 ET ABS_C_038 ET ABS_C_039 ET ABS_C_005 ET ABS_C_006 | Y25: CPP_I_045 | Z25: =VLOOKUP(Y25,'Axe 2 Règles de gestion'!$D$2:$F$366,3, FALSE) -> Si l'agent renonce au bénéfice de la durée restant à courir de ce congé, il en informe l'autorité dont il relève avec un préavis de 15 jours. | AA25: CPP_I_046 | AB25: =VLOOKUP(AA25,'Axe 2 Règles de gestion'!$D$2:$F$366,3, FALSE) -> Le droit à congé cesse de plein droit en cas de décès de l'enfant. | AC25: CPP_I_110 | AD25: =VLOOKUP(AC25,'Axe 2 Règles de gestion'!$D$2:$F$366,3, FALSE) -> A l'issue du congé, l'agent non lié par un contrat de projet est réemployé sur son emploi précédent dans la mesure permise par le service. | AE25: CPP_I_111 | AF25: =VLOOKUP(AE25,'Axe 2 Règles de gestion'!$D$2:$F$366,3, FALSE) -> Dans le cas contraire, l'agent non lié par un contrat de projet dispose d'une priorité pour être réemployé sur un emploi ou occupation similaire assorti d'une rémunération équivalente. | AG25: CPP_I_108 | AH25: =VLOOKUP(AG25,'Axe 2 Règles de gestion'!$D$2:$F$366,3, FALSE) -> L'agent lié par un contrat de projet, physiquement apte à reprendre son service, et remplissant toujours les conditions requises, est réemployé si la date de demande de réemploi est antérieure au terme du contrat et si le projet court toujours. | AI25: CPP_I_109 | AJ25: =VLOOKUP(AI25,'Axe 2 Règles de gestion'!$D$2:$F$366,3, FALSE) -> En cas d'impossibilité de réemploi de l'agent lié par un contrat de projet, celui-ci est licencié. | BO25: CPP_D_028 | BP25: =VLOOKUP(BO25,'Axe 2 Règles de gestion'!$D$2:$F$366,3, FALSE) -> Au terme de la durée réelle initiale, ou en cas de rechute ou de récidive de la pathologie qui affecte l'enfant, le bénéfice du droit à congé peut être prolongé ou rouvert pour une nouvelle période sur présentation d'un certificat médical le justifiant, dans la limite des trois cent dix jours et des trente-six mois. Le décompte de la période de trente-six mois s'effectue à partir de la date initiale d'ouverture du droit à congé. | BQ25: CPP_D_017 | BR25: =VLOOKUP(BQ25,'Axe 2 Règles de gestion'!$D$2:$F$366,3, FALSE) -> L'agent doit avoir un enfant lié à ce congé. | CC25: ABS_C_003 | CD25: =VLOOKUP(CC25,'Axe 2 Règles de gestion'!$D$2:$F$366,3, FALSE) -> La date de début du congé/absence doit être antérieure ou égale à la date de fin réelle du congé/absence. | CE25: ABS_C_004 | CF25: =VLOOKUP(CE25,'Axe 2 Règles de gestion'!$D$2:$F$366,3, FALSE) -> La date de début du congé/absence doit être antérieure ou égale à la date de fin prévisionnelle du congé/absence. | CG25: ABS_C_007 | CH25: =VLOOKUP(CG25,'Axe 2 Règles de gestion'!$D$2:$F$366,3, FALSE) -> La date de fin réelle du congé/absence doit être antérieure à la date limite de départ à la retraite. | CI25: ABS_C_008 | CJ25: =VLOOKUP(CI25,'Axe 2 Règles de gestion'!$D$2:$F$366,3, FALSE) -> La date de fin prévisionnelle du congé/absence doit être antérieure à la date limite de départ à la retraite. | CK25: ABS_C_009 | CL25: =VLOOKUP(CK25,'Axe 2 Règles de gestion'!$D$2:$F$366,3, FALSE) -> La date de fin réelle ou la date de fin prévisionnelle du congé/absence doit être saisie. | CM25: ABS_C_026 | CN25: =VLOOKUP(CM25,'Axe 2 Règles de gestion'!$D$2:$F$366,3, FALSE) -> Dans le cas d'un congé autre que CLM, CLD, CGM et CITIS, l'indicateur de requalification doit être à non et les impacts spécifiques à la requalification ne doivent pas être mobilisés ou l'impact rémunération est vide. | CO25: ABS_C_038 | CP25: =VLOOKUP(CO25,'Axe 2 Règles de gestion'!$D$2:$F$366,3, FALSE) -> Le congé prend fin à la date de décès de l'enfant (date de fin réelle). | CQ25: ABS_C_039 | CR25: =VLOOKUP(CQ25,'Axe 2 Règles de gestion'!$D$2:$F$366,3, FALSE) -> Le congé prend fin à la date de décès de l'enfant (date de fin prévisionnelle). | CS25: ABS_C_005 | CT25: =VLOOKUP(CS25,'Axe 2 Règles de gestion'!$D$2:$F$366,3, FALSE) -> La date de fin réelle du congé/absence doit être antérieure ou égale à la date limite de fin réelle ou prévisionnelle du lien juridique. | CU25: ABS_C_006 | CV25: =VLOOKUP(CU25,'Axe 2 Règles de gestion'!$D$2:$F$366,3, FALSE) -> La date de fin prévisionnelle du congé/absence doit être antérieure ou égale à la date limite de fin réelle ou prévisionnelle du lien juridique.
A26: 22.10.00 | B26: A | C26: 44834.73 | D26: D0007 | E26: Congés/Absence | F26: S0057 | G26: Congé de présence parentale | H26: E0478 | I26: Congé de présence parentale | J26: Congé saisi égal à 'Congé de présence parentale' | K26: A_COA_TYCOAB [Saisi] = 'CG102' | L26: T1168 | M26: Congé de présence parentale - Fin (Ancien dispositif) | N26: Modification | O26: La valeur de l'Etat du congé saisie est égale à celle avant saisie et ((la date de début du congé saisie est strictement inférieure au 03/12/2020 et la typologie de population est différente de ouvrier ou de militaire) ou (la date de début du congé saisie est inférieure au 30/04/2022 et la typologie de la population est militaire) ou (la typologie de population saisie est égale à ouvrier)) | P26: A_COA_ETCOMA [Saisi] = A_COA_ETCOMA [Valeur avant saisie] ET ((A_COA_DADBCA [Saisi] < 03/12/2020 ET A_CAR_TYPPOP [Dossier] PAS DANS ('O','M')) OU (A_COA_DADBCA [Saisi] < 30/04/2022 ET A_CAR_TYPPOP [Dossier] = 'M') OU (A_CAR_TYPPOP [Dossier] = 'O')) | Q26: Contractuel | R26: P0003 | S26: N | T26: Général | U26: Passant | V26: 44678 | W26: 45261 | X26: CPP_I_045 ET CPP_I_046 ET CPP_I_110 ET CPP_I_111 ET CPP_I_300 ET CPP_I_109 ET CPP_D_028 ET CPP_D_017 ET ABS_C_003 ET ABS_C_004 ET ABS_C_007 ET ABS_C_008 ET ABS_C_009 ET ABS_C_026 ET ABS_C_038 ET ABS_C_039 ET ABS_C_005 ET ABS_C_006 | Y26: CPP_I_045 | Z26: =VLOOKUP(Y26,'Axe 2 Règles de gestion'!$D$2:$F$366,3, FALSE) -> Si l'agent renonce au bénéfice de la durée restant à courir de ce congé, il en informe l'autorité dont il relève avec un préavis de 15 jours. | AA26: CPP_I_046 | AB26: =VLOOKUP(AA26,'Axe 2 Règles de gestion'!$D$2:$F$366,3, FALSE) -> Le droit à congé cesse de plein droit en cas de décès de l'enfant. | AC26: CPP_I_110 | AD26: =VLOOKUP(AC26,'Axe 2 Règles de gestion'!$D$2:$F$366,3, FALSE) -> A l'issue du congé, l'agent non lié par un contrat de projet est réemployé sur son emploi précédent dans la mesure permise par le service. | AE26: CPP_I_111 | AF26: =VLOOKUP(AE26,'Axe 2 Règles de gestion'!$D$2:$F$366,3, FALSE) -> Dans le cas contraire, l'agent non lié par un contrat de projet dispose d'une priorité pour être réemployé sur un emploi ou occupation similaire assorti d'une rémunération équivalente. | AG26: CPP_I_300 | AH26: =VLOOKUP(AG26,'Axe 2 Règles de gestion'!$D$2:$F$366,3, FALSE) -> L'agent lié par un contrat de projet et remplissant toujours les conditions requises est réemployé si la date de demande de réemploi est antérieure au terme du contrat et si le projet court toujours. | AI26: CPP_I_109 | AJ26: =VLOOKUP(AI26,'Axe 2 Règles de gestion'!$D$2:$F$366,3, FALSE) -> En cas d'impossibilité de réemploi de l'agent lié par un contrat de projet, celui-ci est licencié. | BO26: CPP_D_028 | BP26: =VLOOKUP(BO26,'Axe 2 Règles de gestion'!$D$2:$F$366,3, FALSE) -> Au terme de la durée réelle initiale, ou en cas de rechute ou de récidive de la pathologie qui affecte l'enfant, le bénéfice du droit à congé peut être prolongé ou rouvert pour une nouvelle période sur présentation d'un certificat médical le justifiant, dans la limite des trois cent dix jours et des trente-six mois. Le décompte de la période de trente-six mois s'effectue à partir de la date initiale d'ouverture du droit à congé. | BQ26: CPP_D_017 | BR26: =VLOOKUP(BQ26,'Axe 2 Règles de gestion'!$D$2:$F$366,3, FALSE) -> L'agent doit avoir un enfant lié à ce congé. | CC26: ABS_C_003 | CD26: =VLOOKUP(CC26,'Axe 2 Règles de gestion'!$D$2:$F$366,3, FALSE) -> La date de début du congé/absence doit être antérieure ou égale à la date de fin réelle du congé/absence. | CE26: ABS_C_004 | CF26: =VLOOKUP(CE26,'Axe 2 Règles de gestion'!$D$2:$F$366,3, FALSE) -> La date de début du congé/absence doit être antérieure ou égale à la date de fin prévisionnelle du congé/absence. | CG26: ABS_C_007 | CH26: =VLOOKUP(CG26,'Axe 2 Règles de gestion'!$D$2:$F$366,3, FALSE) -> La date de fin réelle du congé/absence doit être antérieure à la date limite de départ à la retraite. | CI26: ABS_C_008 | CJ26: =VLOOKUP(CI26,'Axe 2 Règles de gestion'!$D$2:$F$366,3, FALSE) -> La date de fin prévisionnelle du congé/absence doit être antérieure à la date limite de départ à la retraite. | CK26: ABS_C_009 | CL26: =VLOOKUP(CK26,'Axe 2 Règles de gestion'!$D$2:$F$366,3, FALSE) -> La date de fin réelle ou la date de fin prévisionnelle du congé/absence doit être saisie. | CM26: ABS_C_026 | CN26: =VLOOKUP(CM26,'Axe 2 Règles de gestion'!$D$2:$F$366,3, FALSE) -> Dans le cas d'un congé autre que CLM, CLD, CGM et CITIS, l'indicateur de requalification doit être à non et les impacts spécifiques à la requalification ne doivent pas être mobilisés ou l'impact rémunération est vide. | CO26: ABS_C_038 | CP26: =VLOOKUP(CO26,'Axe 2 Règles de gestion'!$D$2:$F$366,3, FALSE) -> Le congé prend fin à la date de décès de l'enfant (date de fin réelle). | CQ26: ABS_C_039 | CR26: =VLOOKUP(CQ26,'Axe 2 Règles de gestion'!$D$2:$F$366,3, FALSE) -> Le congé prend fin à la date de décès de l'enfant (date de fin prévisionnelle). | CS26: ABS_C_005 | CT26: =VLOOKUP(CS26,'Axe 2 Règles de gestion'!$D$2:$F$366,3, FALSE) -> La date de fin réelle du congé/absence doit être antérieure ou égale à la date limite de fin réelle ou prévisionnelle du lien juridique. | CU26: ABS_C_006 | CV26: =VLOOKUP(CU26,'Axe 2 Règles de gestion'!$D$2:$F$366,3, FALSE) -> La date de fin prévisionnelle du congé/absence doit être antérieure ou égale à la date limite de fin réelle ou prévisionnelle du lien juridique.
A27: 25.10.00 | B27: M | C27: 45938.431 | D27: D0007 | E27: Congés/Absence | F27: S0057 | G27: Congé de présence parentale | H27: E0478 | I27: Congé de présence parentale | J27: Congé saisi égal à 'Congé de présence parentale' | K27: A_COA_TYCOAB [Saisi] = 'CG102' | L27: T1168 | M27: Congé de présence parentale - Fin (Ancien dispositif) | N27: Modification | O27: La valeur de l'Etat du congé saisie est égale à celle avant saisie et ((la date de début du congé saisie est strictement inférieure au 03/12/2020 et la typologie de population est différente de ouvrier ou de militaire) ou (la date de début du congé saisie est inférieure au 30/04/2022 et la typologie de la population est militaire) ou (la typologie de population saisie est égale à ouvrier)) | P27: A_COA_ETCOMA [Saisi] = A_COA_ETCOMA [Valeur avant saisie] ET ((A_COA_DADBCA [Saisi] < 03/12/2020 ET A_CAR_TYPPOP [Dossier] PAS DANS ('O','M')) OU (A_COA_DADBCA [Saisi] < 30/04/2022 ET A_CAR_TYPPOP [Dossier] = 'M') OU (A_CAR_TYPPOP [Dossier] = 'O')) | Q27: Contractuel | R27: P0003 | S27: N | T27: Général | U27: Exclu | V27: 45262 | W27: 45930
A28: 22.10.00 | B28: M | C28: 45223.642 | D28: D0007 | E28: Congés/Absence | F28: S0057 | G28: Congé de présence parentale | H28: E0478 | I28: Congé de présence parentale | J28: Congé saisi égal à 'Congé de présence parentale' | K28: A_COA_TYCOAB [Saisi] = 'CG102' | L28: T2109 | M28: Congé de présence parentale - Fin (Nouveau dispositif) | N28: Modification | O28: La valeur de l'Etat du congé saisie est égale à celle avant saisie et ((la date de début du congé saisie est supérieure ou égale au 03/12/2020 et la typologie de population est différente de ouvrier ou de militaire) ou (la date de début du congé saisie est supérieure ou égale au 30/04/2022 et la typologie de population saisie est égale militaire)) | P28: A_COA_ETCOMA [Saisi] = A_COA_ETCOMA [Valeur avant saisie] ET ((A_COA_DADBCA [Saisi] >= 03/12/2020 ET A_CAR_TYPPOP [Dossier] PAS DANS ('O','M')) OU (A_COA_DADBCA [Saisi] >= 30/04/2022 ET A_CAR_TYPPOP [Dossier] = 'M') | Q28: Contractuel | R28: P0003 | S28: N | T28: Général | U28: Passant | V28: 44168 | W28: 44677 | X28: CPP_I_045 ET CPP_I_046 ET CPP_I_110 ET CPP_I_111 ET CPP_I_108 ET CPP_I_109 ET CPP_I_153 ET CPP_D_028 ET CPP_D_017 ET CPP_D_200 ET CPP_D_201 ET ABS_C_003 ET ABS_C_004 ET ABS_C_007 ET ABS_C_008 ET ABS_C_009 ET ABS_C_026 ET ABS_C_038 ET ABS_C_039 ET ABS_C_005 ET ABS_C_006 ET ABS_C_065 | Y28: CPP_I_045 | Z28: =VLOOKUP(Y28,'Axe 2 Règles de gestion'!$D$2:$F$366,3, FALSE) -> Si l'agent renonce au bénéfice de la durée restant à courir de ce congé, il en informe l'autorité dont il relève avec un préavis de 15 jours. | AA28: CPP_I_046 | AB28: =VLOOKUP(AA28,'Axe 2 Règles de gestion'!$D$2:$F$366,3, FALSE) -> Le droit à congé cesse de plein droit en cas de décès de l'enfant. | AC28: CPP_I_110 | AD28: =VLOOKUP(AC28,'Axe 2 Règles de gestion'!$D$2:$F$366,3, FALSE) -> A l'issue du congé, l'agent non lié par un contrat de projet est réemployé sur son emploi précédent dans la mesure permise par le service. | AE28: CPP_I_111 | AF28: =VLOOKUP(AE28,'Axe 2 Règles de gestion'!$D$2:$F$366,3, FALSE) -> Dans le cas contraire, l'agent non lié par un contrat de projet dispose d'une priorité pour être réemployé sur un emploi ou occupation similaire assorti d'une rémunération équivalente. | AG28: CPP_I_108 | AH28: =VLOOKUP(AG28,'Axe 2 Règles de gestion'!$D$2:$F$366,3, FALSE) -> L'agent lié par un contrat de projet, physiquement apte à reprendre son service, et remplissant toujours les conditions requises, est réemployé si la date de demande de réemploi est antérieure au terme du contrat et si le projet court toujours. | AI28: CPP_I_109 | AJ28: =VLOOKUP(AI28,'Axe 2 Règles de gestion'!$D$2:$F$366,3, FALSE) -> En cas d'impossibilité de réemploi de l'agent lié par un contrat de projet, celui-ci est licencié. | AK28: CPP_I_153 | AL28: =VLOOKUP(AK28,'Axe 2 Règles de gestion'!$D$2:$F$366,3, FALSE) -> Dans la limite de 36 mois, l'agent peut choisir d'utiliser les 310 jours ouvrés de congé sous la forme soit d'une période continue, soit d'une ou plusieurs périodes fractionnées d'au moins une journée soit d'un service à temps partiel. | BO28: CPP_D_028 | BP28: =VLOOKUP(BO28,'Axe 2 Règles de gestion'!$D$2:$F$366,3, FALSE) -> Au terme de la durée réelle initiale, ou en cas de rechute ou de récidive de la pathologie qui affecte l'enfant, le bénéfice du droit à congé peut être prolongé ou rouvert pour une nouvelle période sur présentation d'un certificat médical le justifiant, dans la limite des trois cent dix jours et des trente-six mois. Le décompte de la période de trente-six mois s'effectue à partir de la date initiale d'ouverture du droit à congé. | BQ28: CPP_D_017 | BR28: =VLOOKUP(BQ28,'Axe 2 Règles de gestion'!$D$2:$F$366,3, FALSE) -> L'agent doit avoir un enfant lié à ce congé. | BS28: CPP_D_200 | BT28: =VLOOKUP(BS28,'Axe 2 Règles de gestion'!$D$2:$F$366,3, FALSE) -> Le congé de présence parentale peut être fractionné mais chaque absence doit être d'une durée réelle minimale de 1 jour. | BU28: CPP_D_201 | BV28: =VLOOKUP(BU28,'Axe 2 Règles de gestion'!$D$2:$F$366,3, FALSE) -> Le congé de présence parentale peut être fractionné mais chaque absence doit être d'une durée prévisionnelle minimale de 1 jour. | CC28: ABS_C_003 | CD28: =VLOOKUP(CC28,'Axe 2 Règles de gestion'!$D$2:$F$366,3, FALSE) -> La date de début du congé/absence doit être antérieure ou égale à la date de fin réelle du congé/absence. | CE28: ABS_C_004 | CF28: =VLOOKUP(CE28,'Axe 2 Règles de gestion'!$D$2:$F$366,3, FALSE) -> La date de début du congé/absence doit être antérieure ou égale à la date de fin prévisionnelle du congé/absence. | CG28: ABS_C_007 | CH28: =VLOOKUP(CG28,'Axe 2 Règles de gestion'!$D$2:$F$366,3, FALSE) -> La date de fin réelle du congé/absence doit être antérieure à la date limite de départ à la retraite. | CI28: ABS_C_008 | CJ28: =VLOOKUP(CI28,'Axe 2 Règles de gestion'!$D$2:$F$366,3, FALSE) -> La date de fin prévisionnelle du congé/absence doit être antérieure à la date limite de départ à la retraite. | CK28: ABS_C_009 | CL28: =VLOOKUP(CK28,'Axe 2 Règles de gestion'!$D$2:$F$366,3, FALSE) -> La date de fin réelle ou la date de fin prévisionnelle du congé/absence doit être saisie. | CM28: ABS_C_026 | CN28: =VLOOKUP(CM28,'Axe 2 Règles de gestion'!$D$2:$F$366,3, FALSE) -> Dans le cas d'un congé autre que CLM, CLD, CGM et CITIS, l'indicateur de requalification doit être à non et les impacts spécifiques à la requalification ne doivent pas être mobilisés ou l'impact rémunération est vide. | CO28: ABS_C_038 | CP28: =VLOOKUP(CO28,'Axe 2 Règles de gestion'!$D$2:$F$366,3, FALSE) -> Le congé prend fin à la date de décès de l'enfant (date de fin réelle). | CQ28: ABS_C_039 | CR28: =VLOOKUP(CQ28,'Axe 2 Règles de gestion'!$D$2:$F$366,3, FALSE) -> Le congé prend fin à la date de décès de l'enfant (date de fin prévisionnelle). | CS28: ABS_C_005 | CT28: =VLOOKUP(CS28,'Axe 2 Règles de gestion'!$D$2:$F$366,3, FALSE) -> La date de fin réelle du congé/absence doit être antérieure ou égale à la date limite de fin réelle ou prévisionnelle du lien juridique. | CU28: ABS_C_006 | CV28: =VLOOKUP(CU28,'Axe 2 Règles de gestion'!$D$2:$F$366,3, FALSE) -> La date de fin prévisionnelle du congé/absence doit être antérieure ou égale à la date limite de fin réelle ou prévisionnelle du lien juridique. | CW28: ABS_C_065 | CX28: =VLOOKUP(CW28,'Axe 2 Règles de gestion'!$D$2:$F$366,3, FALSE) -> L'agent en congé de présence parentale / congé de proche aidant / congé de solidarité familiale ne peut se voir accorder de manière simultanée un temps partiel pour congé de présence parentale / pour congé de proche aidant / pour congé de solidarité familiale.
A29: 23.10.00 | B29: M | C29: 45223.642 | D29: D0007 | E29: Congés/Absence | F29: S0057 | G29: Congé de présence parentale | H29: E0478 | I29: Congé de présence parentale | J29: Congé saisi égal à 'Congé de présence parentale' | K29: A_COA_TYCOAB [Saisi] = 'CG102' | L29: T2109 | M29: Congé de présence parentale - Fin (Nouveau dispositif) | N29: Modification | O29: La valeur de l'Etat du congé saisie est égale à celle avant saisie et ((la date de début du congé saisie est supérieure ou égale au 03/12/2020 et la typologie de population est différente de ouvrier ou de militaire) ou (la date de début du congé saisie est supérieure ou égale au 30/04/2022 et la typologie de population saisie est égale militaire)) | P29: A_COA_ETCOMA [Saisi] = A_COA_ETCOMA [Valeur avant saisie] ET ((A_COA_DADBCA [Saisi] >= 03/12/2020 ET A_CAR_TYPPOP [Dossier] PAS DANS ('O','M')) OU (A_COA_DADBCA [Saisi] >= 30/04/2022 ET A_CAR_TYPPOP [Dossier] = 'M') | Q29: Contractuel | R29: P0003 | S29: N | T29: Général | U29: Passant | V29: 44678 | W29: 45165 | X29: CPP_I_045 ET CPP_I_046 ET CPP_I_110 ET CPP_I_111 ET CPP_I_300 ET CPP_I_109 ET CPP_I_153 ET CPP_D_028 ET CPP_D_017 ET CPP_D_200 ET CPP_D_201 ET ABS_C_003 ET ABS_C_004 ET ABS_C_007 ET ABS_C_008 ET ABS_C_009 ET ABS_C_026 ET ABS_C_038 ET ABS_C_039 ET ABS_C_005 ET ABS_C_006 ET ABS_C_065 | Y29: CPP_I_045 | Z29: =VLOOKUP(Y29,'Axe 2 Règles de gestion'!$D$2:$F$366,3, FALSE) -> Si l'agent renonce au bénéfice de la durée restant à courir de ce congé, il en informe l'autorité dont il relève avec un préavis de 15 jours. | AA29: CPP_I_046 | AB29: =VLOOKUP(AA29,'Axe 2 Règles de gestion'!$D$2:$F$366,3, FALSE) -> Le droit à congé cesse de plein droit en cas de décès de l'enfant. | AC29: CPP_I_110 | AD29: =VLOOKUP(AC29,'Axe 2 Règles de gestion'!$D$2:$F$366,3, FALSE) -> A l'issue du congé, l'agent non lié par un contrat de projet est réemployé sur son emploi précédent dans la mesure permise par le service. | AE29: CPP_I_111 | AF29: =VLOOKUP(AE29,'Axe 2 Règles de gestion'!$D$2:$F$366,3, FALSE) -> Dans le cas contraire, l'agent non lié par un contrat de projet dispose d'une priorité pour être réemployé sur un emploi ou occupation similaire assorti d'une rémunération équivalente. | AG29: CPP_I_300 | AH29: =VLOOKUP(AG29,'Axe 2 Règles de gestion'!$D$2:$F$366,3, FALSE) -> L'agent lié par un contrat de projet et remplissant toujours les conditions requises est réemployé si la date de demande de réemploi est antérieure au terme du contrat et si le projet court toujours. | AI29: CPP_I_109 | AJ29: =VLOOKUP(AI29,'Axe 2 Règles de gestion'!$D$2:$F$366,3, FALSE) -> En cas d'impossibilité de réemploi de l'agent lié par un contrat de projet, celui-ci est licencié. | AK29: CPP_I_153 | AL29: =VLOOKUP(AK29,'Axe 2 Règles de gestion'!$D$2:$F$366,3, FALSE) -> Dans la limite de 36 mois, l'agent peut choisir d'utiliser les 310 jours ouvrés de congé sous la forme soit d'une période continue, soit d'une ou plusieurs périodes fractionnées d'au moins une journée soit d'un service à temps partiel. | BO29: CPP_D_028 | BP29: =VLOOKUP(BO29,'Axe 2 Règles de gestion'!$D$2:$F$366,3, FALSE) -> Au terme de la durée réelle initiale, ou en cas de rechute ou de récidive de la pathologie qui affecte l'enfant, le bénéfice du droit à congé peut être prolongé ou rouvert pour une nouvelle période sur présentation d'un certificat médical le justifiant, dans la limite des trois cent dix jours et des trente-six mois. Le décompte de la période de trente-six mois s'effectue à partir de la date initiale d'ouverture du droit à congé. | BQ29: CPP_D_017 | BR29: =VLOOKUP(BQ29,'Axe 2 Règles de gestion'!$D$2:$F$366,3, FALSE) -> L'agent doit avoir un enfant lié à ce congé. | BS29: CPP_D_200 | BT29: =VLOOKUP(BS29,'Axe 2 Règles de gestion'!$D$2:$F$366,3, FALSE) -> Le congé de présence parentale peut être fractionné mais chaque absence doit être d'une durée réelle minimale de 1 jour. | BU29: CPP_D_201 | BV29: =VLOOKUP(BU29,'Axe 2 Règles de gestion'!$D$2:$F$366,3, FALSE) -> Le congé de présence parentale peut être fractionné mais chaque absence doit être d'une durée prévisionnelle minimale de 1 jour. | CC29: ABS_C_003 | CD29: =VLOOKUP(CC29,'Axe 2 Règles de gestion'!$D$2:$F$366,3, FALSE) -> La date de début du congé/absence doit être antérieure ou égale à la date de fin réelle du congé/absence. | CE29: ABS_C_004 | CF29: =VLOOKUP(CE29,'Axe 2 Règles de gestion'!$D$2:$F$366,3, FALSE) -> La date de début du congé/absence doit être antérieure ou égale à la date de fin prévisionnelle du congé/absence. | CG29: ABS_C_007 | CH29: =VLOOKUP(CG29,'Axe 2 Règles de gestion'!$D$2:$F$366,3, FALSE) -> La date de fin réelle du congé/absence doit être antérieure à la date limite de départ à la retraite. | CI29: ABS_C_008 | CJ29: =VLOOKUP(CI29,'Axe 2 Règles de gestion'!$D$2:$F$366,3, FALSE) -> La date de fin prévisionnelle du congé/absence doit être antérieure à la date limite de départ à la retraite. | CK29: ABS_C_009 | CL29: =VLOOKUP(CK29,'Axe 2 Règles de gestion'!$D$2:$F$366,3, FALSE) -> La date de fin réelle ou la date de fin prévisionnelle du congé/absence doit être saisie. | CM29: ABS_C_026 | CN29: =VLOOKUP(CM29,'Axe 2 Règles de gestion'!$D$2:$F$366,3, FALSE) -> Dans le cas d'un congé autre que CLM, CLD, CGM et CITIS, l'indicateur de requalification doit être à non et les impacts spécifiques à la requalification ne doivent pas être mobilisés ou l'impact rémunération est vide. | CO29: ABS_C_038 | CP29: =VLOOKUP(CO29,'Axe 2 Règles de gestion'!$D$2:$F$366,3, FALSE) -> Le congé prend fin à la date de décès de l'enfant (date de fin réelle). | CQ29: ABS_C_039 | CR29: =VLOOKUP(CQ29,'Axe 2 Règles de gestion'!$D$2:$F$366,3, FALSE) -> Le congé prend fin à la date de décès de l'enfant (date de fin prévisionnelle). | CS29: ABS_C_005 | CT29: =VLOOKUP(CS29,'Axe 2 Règles de gestion'!$D$2:$F$366,3, FALSE) -> La date de fin réelle du congé/absence doit être antérieure ou égale à la date limite de fin réelle ou prévisionnelle du lien juridique. | CU29: ABS_C_006 | CV29: =VLOOKUP(CU29,'Axe 2 Règles de gestion'!$D$2:$F$366,3, FALSE) -> La date de fin prévisionnelle du congé/absence doit être antérieure ou égale à la date limite de fin réelle ou prévisionnelle du lien juridique. | CW29: ABS_C_065 | CX29: =VLOOKUP(CW29,'Axe 2 Règles de gestion'!$D$2:$F$366,3, FALSE) -> L'agent en congé de présence parentale / congé de proche aidant / congé de solidarité familiale ne peut se voir accorder de manière simultanée un temps partiel pour congé de présence parentale / pour congé de proche aidant / pour congé de solidarité familiale.
A30: 25.10.00 | B30: M | C30: 45938.41 | D30: D0007 | E30: Congés/Absence | F30: S0057 | G30: Congé de présence parentale | H30: E0478 | I30: Congé de présence parentale | J30: Congé saisi égal à 'Congé de présence parentale' | K30: A_COA_TYCOAB [Saisi] = 'CG102' | L30: T2109 | M30: Congé de présence parentale - Fin (Nouveau dispositif) | N30: Modification | O30: La valeur de l'Etat du congé saisie est égale à celle avant saisie et ((la date de début du congé saisie est supérieure ou égale au 03/12/2020 et la typologie de population est différente de ouvrier ou de militaire) ou (la date de début du congé saisie est supérieure ou égale au 30/04/2022 et la typologie de population saisie est égale militaire)) | P30: A_COA_ETCOMA [Saisi] = A_COA_ETCOMA [Valeur avant saisie] ET ((A_COA_DADBCA [Saisi] >= 03/12/2020 ET A_CAR_TYPPOP [Dossier] PAS DANS ('O','M')) OU (A_COA_DADBCA [Saisi] >= 30/04/2022 ET A_CAR_TYPPOP [Dossier] = 'M') | Q30: Contractuel | R30: P0003 | S30: N | T30: Général | U30: Passant | V30: 45166 | W30: 45930 | X30: CPP_I_315 ET CPP_I_015 ET CPP_I_016 ET CPP_I_002 ET CPP_D_025 ET CPP_D_005 ET CPP_D_267 ET ABS_C_003 ET ABS_C_004 ET ABS_C_007 ET ABS_C_008 ET ABS_C_009 ET ABS_C_026 ET ABS_C_038 ET ABS_C_039 ET ABS_C_005 ET ABS_C_006 ET ABS_C_065 | Y30: CPP_I_315 | Z30: =VLOOKUP(Y30,'Axe 2 Règles de gestion'!$D$2:$F$366,3, FALSE) -> L'agent bénéficie des dispositions applicables aux agents titulaires pour le congé de présence parentale. | AA30: CPP_I_015 | AB30: =VLOOKUP(AA30,'Axe 2 Règles de gestion'!$D$2:$F$366,3, FALSE) -> Si l'agent renonce au bénéfice de la durée restant à courir de ce congé, il en informe l'autorité dont il relève avec un préavis de 15 jours. | AC30: CPP_I_016 | AD30: =VLOOKUP(AC30,'Axe 2 Règles de gestion'!$D$2:$F$366,3, FALSE) -> Le droit à congé cesse de plein droit en cas de décès de l'enfant. | AE30: CPP_I_002 | AF30: =VLOOKUP(AE30,'Axe 2 Règles de gestion'!$D$2:$F$366,3, FALSE) -> A l'issue de la période du congé ou en cas de diminution des ressources du ménage ou en cas de décès de l'enfant, l'agent est réaffecté dans son ancien emploi. | BO30: CPP_D_025 | BP30: =VLOOKUP(BO30,'Axe 2 Règles de gestion'!$D$2:$F$366,3, FALSE) -> Au terme de la durée réelle initiale, ou en cas de rechute ou de récidive de la pathologie qui affecte l'enfant, le bénéfice du droit à congé peut être prolongé ou rouvert pour une nouvelle période sur présentation d'un certificat médical le justifiant, dans la limite des 310 jours et des 36 mois. Le décompte de la période de 36 mois s'effectue à partir de la date initiale d'ouverture du droit à congé. | BQ30: CPP_D_005 | BR30: =VLOOKUP(BQ30,'Axe 2 Règles de gestion'!$D$2:$F$366,3, FALSE) -> L'agent doit avoir un enfant lié à ce congé. | BS30: CPP_D_267 | BT30: =VLOOKUP(BS30,'Axe 2 Règles de gestion'!$D$2:$F$366,3, FALSE) -> Avant le terme de la durée réelle initiale, le bénéfice du droit à congé peut être renouvelé pour une nouvelle période sur présentation d'un certificat médical le justifiant, dans la limite des 310 jours et des 36 mois. | CC30: ABS_C_003 | CD30: =VLOOKUP(CC30,'Axe 2 Règles de gestion'!$D$2:$F$366,3, FALSE) -> La date de début du congé/absence doit être antérieure ou égale à la date de fin réelle du congé/absence. | CE30: ABS_C_004 | CF30: =VLOOKUP(CE30,'Axe 2 Règles de gestion'!$D$2:$F$366,3, FALSE) -> La date de début du congé/absence doit être antérieure ou égale à la date de fin prévisionnelle du congé/absence. | CG30: ABS_C_007 | CH30: =VLOOKUP(CG30,'Axe 2 Règles de gestion'!$D$2:$F$366,3, FALSE) -> La date de fin réelle du congé/absence doit être antérieure à la date limite de départ à la retraite. | CI30: ABS_C_008 | CJ30: =VLOOKUP(CI30,'Axe 2 Règles de gestion'!$D$2:$F$366,3, FALSE) -> La date de fin prévisionnelle du congé/absence doit être antérieure à la date limite de départ à la retraite. | CK30: ABS_C_009 | CL30: =VLOOKUP(CK30,'Axe 2 Règles de gestion'!$D$2:$F$366,3, FALSE) -> La date de fin réelle ou la date de fin prévisionnelle du congé/absence doit être saisie. | CM30: ABS_C_026 | CN30: =VLOOKUP(CM30,'Axe 2 Règles de gestion'!$D$2:$F$366,3, FALSE) -> Dans le cas d'un congé autre que CLM, CLD, CGM et CITIS, l'indicateur de requalification doit être à non et les impacts spécifiques à la requalification ne doivent pas être mobilisés ou l'impact rémunération est vide. | CO30: ABS_C_038 | CP30: =VLOOKUP(CO30,'Axe 2 Règles de gestion'!$D$2:$F$366,3, FALSE) -> Le congé prend fin à la date de décès de l'enfant (date de fin réelle). | CQ30: ABS_C_039 | CR30: =VLOOKUP(CQ30,'Axe 2 Règles de gestion'!$D$2:$F$366,3, FALSE) -> Le congé prend fin à la date de décès de l'enfant (date de fin prévisionnelle). | CS30: ABS_C_005 | CT30: =VLOOKUP(CS30,'Axe 2 Règles de gestion'!$D$2:$F$366,3, FALSE) -> La date de fin réelle du congé/absence doit être antérieure ou égale à la date limite de fin réelle ou prévisionnelle du lien juridique. | CU30: ABS_C_006 | CV30: =VLOOKUP(CU30,'Axe 2 Règles de gestion'!$D$2:$F$366,3, FALSE) -> La date de fin prévisionnelle du congé/absence doit être antérieure ou égale à la date limite de fin réelle ou prévisionnelle du lien juridique. | CW30: ABS_C_065 | CX30: =VLOOKUP(CW30,'Axe 2 Règles de gestion'!$D$2:$F$366,3, FALSE) -> L'agent en congé de présence parentale / congé de proche aidant / congé de solidarité familiale ne peut se voir accorder de manière simultanée un temps partiel pour congé de présence parentale / pour congé de proche aidant / pour congé de solidarité familiale.
A31: 25.10.00 | B31: A | C31: 45938.41 | D31: D0007 | E31: Congés/Absence | F31: S0057 | G31: Congé de présence parentale | H31: E0478 | I31: Congé de présence parentale | J31: Congé saisi égal à 'Congé de présence parentale' | K31: A_COA_TYCOAB [Saisi] = 'CG102' | L31: T2477 | M31: Congé de présence parentale - Fin | N31: Modification | O31: La valeur de l'Etat du congé saisie est égale à celle avant saisie | P31: A_COA_ETCOMA [Saisi] = A_COA_ETCOMA [Valeur avant saisie] | Q31: Contractuel | R31: P0003 | S31: N | T31: Général | U31: Passant | V31: 45931 | X31: CPP_I_315 ET CPP_I_015 ET CPP_I_016 ET CPP_I_002 ET CPP_D_025 ET CPP_D_005 ET CPP_D_267 ET ABS_C_003 ET ABS_C_004 ET ABS_C_007 ET ABS_C_008 ET ABS_C_009 ET ABS_C_026 ET ABS_C_038 ET ABS_C_039 ET ABS_C_005 ET ABS_C_006 ET ABS_C_065 | Y31: CPP_I_315 | Z31: =VLOOKUP(Y31,'Axe 2 Règles de gestion'!$D$2:$F$366,3, FALSE) -> L'agent bénéficie des dispositions applicables aux agents titulaires pour le congé de présence parentale. | AA31: CPP_I_015 | AB31: =VLOOKUP(AA31,'Axe 2 Règles de gestion'!$D$2:$F$366,3, FALSE) -> Si l'agent renonce au bénéfice de la durée restant à courir de ce congé, il en informe l'autorité dont il relève avec un préavis de 15 jours. | AC31: CPP_I_016 | AD31: =VLOOKUP(AC31,'Axe 2 Règles de gestion'!$D$2:$F$366,3, FALSE) -> Le droit à congé cesse de plein droit en cas de décès de l'enfant. | AE31: CPP_I_002 | AF31: =VLOOKUP(AE31,'Axe 2 Règles de gestion'!$D$2:$F$366,3, FALSE) -> A l'issue de la période du congé ou en cas de diminution des ressources du ménage ou en cas de décès de l'enfant, l'agent est réaffecté dans son ancien emploi. | BO31: CPP_D_025 | BP31: =VLOOKUP(BO31,'Axe 2 Règles de gestion'!$D$2:$F$366,3, FALSE) -> Au terme de la durée réelle initiale, ou en cas de rechute ou de récidive de la pathologie qui affecte l'enfant, le bénéfice du droit à congé peut être prolongé ou rouvert pour une nouvelle période sur présentation d'un certificat médical le justifiant, dans la limite des 310 jours et des 36 mois. Le décompte de la période de 36 mois s'effectue à partir de la date initiale d'ouverture du droit à congé. | BQ31: CPP_D_005 | BR31: =VLOOKUP(BQ31,'Axe 2 Règles de gestion'!$D$2:$F$366,3, FALSE) -> L'agent doit avoir un enfant lié à ce congé. | BS31: CPP_D_267 | BT31: =VLOOKUP(BS31,'Axe 2 Règles de gestion'!$D$2:$F$366,3, FALSE) -> Avant le terme de la durée réelle initiale, le bénéfice du droit à congé peut être renouvelé pour une nouvelle période sur présentation d'un certificat médical le justifiant, dans la limite des 310 jours et des 36 mois. | CC31: ABS_C_003 | CD31: =VLOOKUP(CC31,'Axe 2 Règles de gestion'!$D$2:$F$366,3, FALSE) -> La date de début du congé/absence doit être antérieure ou égale à la date de fin réelle du congé/absence. | CE31: ABS_C_004 | CF31: =VLOOKUP(CE31,'Axe 2 Règles de gestion'!$D$2:$F$366,3, FALSE) -> La date de début du congé/absence doit être antérieure ou égale à la date de fin prévisionnelle du congé/absence. | CG31: ABS_C_007 | CH31: =VLOOKUP(CG31,'Axe 2 Règles de gestion'!$D$2:$F$366,3, FALSE) -> La date de fin réelle du congé/absence doit être antérieure à la date limite de départ à la retraite. | CI31: ABS_C_008 | CJ31: =VLOOKUP(CI31,'Axe 2 Règles de gestion'!$D$2:$F$366,3, FALSE) -> La date de fin prévisionnelle du congé/absence doit être antérieure à la date limite de départ à la retraite. | CK31: ABS_C_009 | CL31: =VLOOKUP(CK31,'Axe 2 Règles de gestion'!$D$2:$F$366,3, FALSE) -> La date de fin réelle ou la date de fin prévisionnelle du congé/absence doit être saisie. | CM31: ABS_C_026 | CN31: =VLOOKUP(CM31,'Axe 2 Règles de gestion'!$D$2:$F$366,3, FALSE) -> Dans le cas d'un congé autre que CLM, CLD, CGM et CITIS, l'indicateur de requalification doit être à non et les impacts spécifiques à la requalification ne doivent pas être mobilisés ou l'impact rémunération est vide. | CO31: ABS_C_038 | CP31: =VLOOKUP(CO31,'Axe 2 Règles de gestion'!$D$2:$F$366,3, FALSE) -> Le congé prend fin à la date de décès de l'enfant (date de fin réelle). | CQ31: ABS_C_039 | CR31: =VLOOKUP(CQ31,'Axe 2 Règles de gestion'!$D$2:$F$366,3, FALSE) -> Le congé prend fin à la date de décès de l'enfant (date de fin prévisionnelle). | CS31: ABS_C_005 | CT31: =VLOOKUP(CS31,'Axe 2 Règles de gestion'!$D$2:$F$366,3, FALSE) -> La date de fin réelle du congé/absence doit être antérieure ou égale à la date limite de fin réelle ou prévisionnelle du lien juridique. | CU31: ABS_C_006 | CV31: =VLOOKUP(CU31,'Axe 2 Règles de gestion'!$D$2:$F$366,3, FALSE) -> La date de fin prévisionnelle du congé/absence doit être antérieure ou égale à la date limite de fin réelle ou prévisionnelle du lien juridique. | CW31: ABS_C_065 | CX31: =VLOOKUP(CW31,'Axe 2 Règles de gestion'!$D$2:$F$366,3, FALSE) -> L'agent en congé de présence parentale / congé de proche aidant / congé de solidarité familiale ne peut se voir accorder de manière simultanée un temps partiel pour congé de présence parentale / pour congé de proche aidant / pour congé de solidarité familiale.
A32: 21.00.00 | B32: M | C32: 45223.643 | D32: D0007 | E32: Congés/Absence | F32: S0057 | G32: Congé de présence parentale | H32: E0478 | I32: Congé de présence parentale | J32: Congé saisi égal à 'Congé de présence parentale' | K32: A_COA_TYCOAB [Saisi] = 'CG102' | L32: T1166 | M32: Congé de présence parentale - Initial | N32: Création Modification | O32: La valeur de l'Etat du congé est différente de 'Renouvellement' et la valeur de l'Etat du congé saisie est différente de celle avant saisie | P32: A_COA_ETCOMA [Saisi] <> 'EC02' ET A_COA_ETCOMA [Saisi] <> A_COA_ETCOMA [Valeur avant saisie] | Q32: Stagiaire ou auditeur ou élève | R32: P0004 | S32: S | T32: Général | U32: Passant | V32: 40725 | W32: 44167 | X32: CPP_I_020 ET CPP_I_021 ET CPP_I_022 ET CPP_I_023 ET CPP_I_026 ET CPP_I_017 ET CPP_I_028 ET CPP_I_029 ET CPP_I_030 ET CPP_I_025 ET CPP_I_027 ET CPP_I_019 ET CPP_D_010 ET CPP_D_002 ET CPP_D_006 ET ABS_C_001 ET ABS_C_003 ET ABS_C_004 ET ABS_C_007 ET ABS_C_008 ET ABS_C_009 ET ABS_C_019 ET ABS_C_020 ET ABS_C_026 ET ABS_C_038 ET ABS_C_039 | Y32: CPP_I_020 | Z32: =VLOOKUP(Y32,'Axe 2 Règles de gestion'!$D$2:$F$366,3, FALSE) -> La demande doit être formulée par écrit au moins 15 jours avant le début du congé. | AA32: CPP_I_021 | AB32: =VLOOKUP(AA32,'Axe 2 Règles de gestion'!$D$2:$F$366,3, FALSE) -> La demande est accompagnée d'un certificat médical. | AC32: CPP_I_022 | AD32: =VLOOKUP(AC32,'Axe 2 Règles de gestion'!$D$2:$F$366,3, FALSE) -> Le certificat médical doit attester de la gravité de la maladie, de l'accident ou du handicap et de la nécessité de la présence soutenue d'un parent et de soins contraignants. Il doit également préciser la durée de l'absence. | AE32: CPP_I_023 | AF32: =VLOOKUP(AE32,'Axe 2 Règles de gestion'!$D$2:$F$366,3, FALSE) -> En cas d'urgence liée à l'état de santé de l'enfant, le congé débute à la date de la demande; l'agent transmet sous 15 jours le certificat médical requis. | AG32: CPP_I_026 | AH32: =VLOOKUP(AG32,'Axe 2 Règles de gestion'!$D$2:$F$366,3, FALSE) -> Si la durée du congé excède 6 mois, la pathologie et la nécessité de présence soutenue et de soins contraignants font tous les 6 mois l'objet d'un nouvel examen qui donne lieu à un certificat médical transmis sans délai à l'autorité dont relève l'agent. | AI32: CPP_I_017 | AJ32: =VLOOKUP(AI32,'Axe 2 Règles de gestion'!$D$2:$F$366,3, FALSE) -> Le congé est accordé de droit à l'agent. | AK32: CPP_I_028 | AL32: =VLOOKUP(AK32,'Axe 2 Règles de gestion'!$D$2:$F$366,3, FALSE) -> L'agent doit communiquer par écrit à l'autorité dont il relève le calendrier mensuel de ses journées de congé de présence parentale, au plus tard 15 jours avant le début de chaque mois. | AM32: CPP_I_029 | AN32: =VLOOKUP(AM32,'Axe 2 Règles de gestion'!$D$2:$F$366,3, FALSE) -> Lorsque l'agent souhaite prendre un ou plusieurs jours de congé ne correspondant pas au calendrier transmis, il doit en informer l'autorité au moins 48 heures à l'avance. | AO32: CPP_I_030 | AP32: =VLOOKUP(AO32,'Axe 2 Règles de gestion'!$D$2:$F$366,3, FALSE) -> L'autorité qui a accordé le congé fait procéder aux enquêtes nécessaires pour s'assurer que l'activité de l'agent est réellement consacrée à donner des soins à son enfant. | AQ32: CPP_I_025 | AR32: =VLOOKUP(AQ32,'Axe 2 Règles de gestion'!$D$2:$F$366,3, FALSE) -> En cas de rechute ou de récidive de la pathologie qui affecte l'enfant, le bénéfice du droit à congé peut être rouvert pour une nouvelle période sur présentation d'un certificat médical le justifiant. | AS32: CPP_I_027 | AT32: =VLOOKUP(AS32,'Axe 2 Règles de gestion'!$D$2:$F$366,3, FALSE) -> En cas de nouvelle pathologie affectant l'enfant, de même qu'en cas de rechute ou de récidive de la pathologie initialement traitée, un nouveau droit à congé est ouvert à l'issue de la période de 36 mois. | AU32: CPP_I_019 | AV32: =VLOOKUP(AU32,'Axe 2 Règles de gestion'!$D$2:$F$366,3, FALSE) -> Ce congé est ouvert au père ou à la mère. | BO32: CPP_D_010 | BP32: =VLOOKUP(BO32,'Axe 2 Règles de gestion'!$D$2:$F$366,3, FALSE) -> La durée réelle de congé de présence parentale dont peut bénéficier le fonctionnaire pour un même enfant et en raison d'une même pathologie est au maximum de 310 jours ouvrés au cours d'une période de 36 mois. (date de fin réelle de l'absence). | BQ32: CPP_D_002 | BR32: =VLOOKUP(BQ32,'Axe 2 Règles de gestion'!$D$2:$F$366,3, FALSE) -> L'agent doit être en activité. | BS32: CPP_D_006 | BT32: =VLOOKUP(BS32,'Axe 2 Règles de gestion'!$D$2:$F$366,3, FALSE) -> L'agent doit avoir un enfant lié à ce congé. | CC32: ABS_C_001 | CD32: =VLOOKUP(CC32,'Axe 2 Règles de gestion'!$D$2:$F$366,3, FALSE) -> La date de début du congé/absence doit être postérieure ou égale à la date de recrutement dans la FPE ou dans la carrière militaire. | CE32: ABS_C_003 | CF32: =VLOOKUP(CE32,'Axe 2 Règles de gestion'!$D$2:$F$366,3, FALSE) -> La date de début du congé/absence doit être antérieure ou égale à la date de fin réelle du congé/absence. | CG32: ABS_C_004 | CH32: =VLOOKUP(CG32,'Axe 2 Règles de gestion'!$D$2:$F$366,3, FALSE) -> La date de début du congé/absence doit être antérieure ou égale à la date de fin prévisionnelle du congé/absence. | CI32: ABS_C_007 | CJ32: =VLOOKUP(CI32,'Axe 2 Règles de gestion'!$D$2:$F$366,3, FALSE) -> La date de fin réelle du congé/absence doit être antérieure à la date limite de départ à la retraite. | CK32: ABS_C_008 | CL32: =VLOOKUP(CK32,'Axe 2 Règles de gestion'!$D$2:$F$366,3, FALSE) -> La date de fin prévisionnelle du congé/absence doit être antérieure à la date limite de départ à la retraite. | CM32: ABS_C_009 | CN32: =VLOOKUP(CM32,'Axe 2 Règles de gestion'!$D$2:$F$366,3, FALSE) -> La date de fin réelle ou la date de fin prévisionnelle du congé/absence doit être saisie. | CO32: ABS_C_019 | CP32: =VLOOKUP(CO32,'Axe 2 Règles de gestion'!$D$2:$F$366,3, FALSE) -> Si l'absence ne commence pas par une demi-journée et si l'absence précédente ne finit pas par une demi journée, la date de début de l'absence saisie est postérieure à la date de fin réelle de l'absence précédente. | CQ32: ABS_C_020 | CR32: =VLOOKUP(CQ32,'Axe 2 Règles de gestion'!$D$2:$F$366,3, FALSE) -> Si l'absence ne commence pas par une demi-journée et si l'absence précédente ne finit pas par une demi journée, la date de début de l'absence saisie est postérieure à la date de fin prévisionnelle de l'absence précédente. | CS32: ABS_C_026 | CT32: =VLOOKUP(CS32,'Axe 2 Règles de gestion'!$D$2:$F$366,3, FALSE) -> Dans le cas d'un congé autre que CLM, CLD, CGM et CITIS, l'indicateur de requalification doit être à non et les impacts spécifiques à la requalification ne doivent pas être mobilisés ou l'impact rémunération est vide. | CU32: ABS_C_038 | CV32: =VLOOKUP(CU32,'Axe 2 Règles de gestion'!$D$2:$F$366,3, FALSE) -> Le congé prend fin à la date de décès de l'enfant (date de fin réelle). | CW32: ABS_C_039 | CX32: =VLOOKUP(CW32,'Axe 2 Règles de gestion'!$D$2:$F$366,3, FALSE) -> Le congé prend fin à la date de décès de l'enfant (date de fin prévisionnelle).
A33: 23.10.00 | B33: M | C33: 45223.643 | D33: D0007 | E33: Congés/Absence | F33: S0057 | G33: Congé de présence parentale | H33: E0478 | I33: Congé de présence parentale | J33: Congé saisi égal à 'Congé de présence parentale' | K33: A_COA_TYCOAB [Saisi] = 'CG102' | L33: T1166 | M33: Congé de présence parentale - Initial | N33: Création Modification | O33: La valeur de l'Etat du congé est différente de 'Renouvellement' et la valeur de l'Etat du congé saisie est différente de celle avant saisie | P33: A_COA_ETCOMA [Saisi] <> 'EC02' ET A_COA_ETCOMA [Saisi] <> A_COA_ETCOMA [Valeur avant saisie] | Q33: Stagiaire ou auditeur ou élève | R33: P0004 | S33: S | T33: Général | U33: Passant | V33: 44168 | W33: 45165 | X33: CPP_I_020 ET CPP_I_021 ET CPP_I_022 ET CPP_I_124 ET CPP_I_125 ET CPP_I_126 ET CPP_I_128 ET CPP_I_129 ET CPP_I_130 ET CPP_I_017 ET CPP_I_030 ET CPP_I_025 ET CPP_I_027 ET CPP_I_131 ET CPP_I_019 ET CPP_I_123 ET CPP_D_010 ET CPP_D_192 ET CPP_D_193 ET CPP_D_002 ET CPP_D_006 ET ABS_C_001 ET ABS_C_003 ET ABS_C_004 ET ABS_C_007 ET ABS_C_008 ET ABS_C_009 ET ABS_C_019 ET ABS_C_020 ET ABS_C_026 ET ABS_C_038 ET ABS_C_039 ET ABS_C_065 | Y33: CPP_I_020 | Z33: =VLOOKUP(Y33,'Axe 2 Règles de gestion'!$D$2:$F$366,3, FALSE) -> La demande doit être formulée par écrit au moins 15 jours avant le début du congé. | AA33: CPP_I_021 | AB33: =VLOOKUP(AA33,'Axe 2 Règles de gestion'!$D$2:$F$366,3, FALSE) -> La demande est accompagnée d'un certificat médical. | AC33: CPP_I_022 | AD33: =VLOOKUP(AC33,'Axe 2 Règles de gestion'!$D$2:$F$366,3, FALSE) -> Le certificat médical doit attester de la gravité de la maladie, de l'accident ou du handicap et de la nécessité de la présence soutenue d'un parent et de soins contraignants. Il doit également préciser la durée de l'absence. | AE33: CPP_I_124 | AF33: =VLOOKUP(AE33,'Axe 2 Règles de gestion'!$D$2:$F$366,3, FALSE) -> L'agent indique, dans sa demande de congé, la ou les modalités d'utilisation du congé et les dates de congé prévisionnelles afférentes. | AG33: CPP_I_125 | AH33: =VLOOKUP(AG33,'Axe 2 Règles de gestion'!$D$2:$F$366,3, FALSE) -> L'agent doit informer par écrit l'administration avec un préavis d'au moins 48 heures des changements de la ou des modalités d'utilisation et des dates de congé prévisionnelles afférentes. | AI33: CPP_I_126 | AJ33: =VLOOKUP(AI33,'Axe 2 Règles de gestion'!$D$2:$F$366,3, FALSE) -> Les délais de préavis liés à la demande du congé ne s'appliquent pas en cas de dégradation soudaine de l'état de santé de l'enfant ou en cas de situation de crise nécessitant une présence immédiate auprès de l'enfant. | AK33: CPP_I_128 | AL33: =VLOOKUP(AK33,'Axe 2 Règles de gestion'!$D$2:$F$366,3, FALSE) -> Les délais de préavis liés au changement de modalités d'utilisation du congé ne s'appliquent pas en cas de dégradation soudaine de l'état de santé de l'enfant ou en cas de situation de crise nécessitant une présence immédiate auprès de l'enfant. | AM33: CPP_I_129 | AN33: =VLOOKUP(AM33,'Axe 2 Règles de gestion'!$D$2:$F$366,3, FALSE) -> Les délais de préavis liés au changement de dates prévisionnelles du congé ne s'appliquent pas en cas de dégradation soudaine de l'état de santé de l'enfant ou en cas de situation de crise nécessitant une présence immédiate auprès de l'enfant. | AO33: CPP_I_130 | AP33: =VLOOKUP(AO33,'Axe 2 Règles de gestion'!$D$2:$F$366,3, FALSE) -> La durée prévisible de traitement fait l'objet d'un nouvel examen dans un délai compris entre 6 mois et 1 an maximum. Ce nouvel examen donne lieu à un certificat médical transmis à l'autorité dont relève l'agent. | AQ33: CPP_I_017 | AR33: =VLOOKUP(AQ33,'Axe 2 Règles de gestion'!$D$2:$F$366,3, FALSE) -> Le congé est accordé de droit à l'agent. | AS33: CPP_I_030 | AT33: =VLOOKUP(AS33,'Axe 2 Règles de gestion'!$D$2:$F$366,3, FALSE) -> L'autorité qui a accordé le congé fait procéder aux enquêtes nécessaires pour s'assurer que l'activité de l'agent est réellement consacrée à donner des soins à son enfant. | AU33: CPP_I_025 | AV33: =VLOOKUP(AU33,'Axe 2 Règles de gestion'!$D$2:$F$366,3, FALSE) -> En cas de rechute ou de récidive de la pathologie qui affecte l'enfant, le bénéfice du droit à congé peut être rouvert pour une nouvelle période sur présentation d'un certificat médical le justifiant. | AW33: CPP_I_027 | AX33: =VLOOKUP(AW33,'Axe 2 Règles de gestion'!$D$2:$F$366,3, FALSE) -> En cas de nouvelle pathologie affectant l'enfant, de même qu'en cas de rechute ou de récidive de la pathologie initialement traitée, un nouveau droit à congé est ouvert à l'issue de la période de 36 mois. | AY33: CPP_I_131 | AZ33: =VLOOKUP(AY33,'Axe 2 Règles de gestion'!$D$2:$F$366,3, FALSE) -> Lorsque la gravité de la pathologie de l'enfant initialement traitée nécessite une présence soutenue et des soins contraignants, un nouveau congé est ouvert à l'issue de la période de 36 mois sur présentation d'un certificat médical le justifiant. | BA33: CPP_I_019 | BB33: =VLOOKUP(BA33,'Axe 2 Règles de gestion'!$D$2:$F$366,3, FALSE) -> Ce congé est ouvert au père ou à la mère. | BC33: CPP_I_123 | BD33: =VLOOKUP(BC33,'Axe 2 Règles de gestion'!$D$2:$F$366,3, FALSE) -> Dans la limite de 36 mois, l'agent peut choisir d'utiliser les 310 jours ouvrés de congé sous la forme soit d'une période continue, soit d'une ou plusieurs périodes fractionnées d'au moins une journée soit d'un service à temps partiel. | BO33: CPP_D_010 | BP33: =VLOOKUP(BO33,'Axe 2 Règles de gestion'!$D$2:$F$366,3, FALSE) -> La durée réelle de congé de présence parentale dont peut bénéficier le fonctionnaire pour un même enfant et en raison d'une même pathologie est au maximum de 310 jours ouvrés au cours d'une période de 36 mois. (date de fin réelle de l'absence). | BQ33: CPP_D_192 | BR33: =VLOOKUP(BQ33,'Axe 2 Règles de gestion'!$D$2:$F$366,3, FALSE) -> Le congé de présence parentale peut être fractionné mais chaque absence doit être d'une durée réelle minimale de 1 jour. | BS33: CPP_D_193 | BT33: =VLOOKUP(BS33,'Axe 2 Règles de gestion'!$D$2:$F$366,3, FALSE) -> Le congé de présence parentale peut être fractionné mais chaque absence doit être d'une durée prévisionnelle minimale de 1 jour. | BU33: CPP_D_002 | BV33: =VLOOKUP(BU33,'Axe 2 Règles de gestion'!$D$2:$F$366,3, FALSE) -> L'agent doit être en activité. | BW33: CPP_D_006 | BX33: =VLOOKUP(BW33,'Axe 2 Règles de gestion'!$D$2:$F$366,3, FALSE) -> L'agent doit avoir un enfant lié à ce congé. | CC33: ABS_C_001 | CD33: =VLOOKUP(CC33,'Axe 2 Règles de gestion'!$D$2:$F$366,3, FALSE) -> La date de début du congé/absence doit être postérieure ou égale à la date de recrutement dans la FPE ou dans la carrière militaire. | CE33: ABS_C_003 | CF33: =VLOOKUP(CE33,'Axe 2 Règles de gestion'!$D$2:$F$366,3, FALSE) -> La date de début du congé/absence doit être antérieure ou égale à la date de fin réelle du congé/absence. | CG33: ABS_C_004 | CH33: =VLOOKUP(CG33,'Axe 2 Règles de gestion'!$D$2:$F$366,3, FALSE) -> La date de début du congé/absence doit être antérieure ou égale à la date de fin prévisionnelle du congé/absence. | CI33: ABS_C_007 | CJ33: =VLOOKUP(CI33,'Axe 2 Règles de gestion'!$D$2:$F$366,3, FALSE) -> La date de fin réelle du congé/absence doit être antérieure à la date limite de départ à la retraite. | CK33: ABS_C_008 | CL33: =VLOOKUP(CK33,'Axe 2 Règles de gestion'!$D$2:$F$366,3, FALSE) -> La date de fin prévisionnelle du congé/absence doit être antérieure à la date limite de départ à la retraite. | CM33: ABS_C_009 | CN33: =VLOOKUP(CM33,'Axe 2 Règles de gestion'!$D$2:$F$366,3, FALSE) -> La date de fin réelle ou la date de fin prévisionnelle du congé/absence doit être saisie. | CO33: ABS_C_019 | CP33: =VLOOKUP(CO33,'Axe 2 Règles de gestion'!$D$2:$F$366,3, FALSE) -> Si l'absence ne commence pas par une demi-journée et si l'absence précédente ne finit pas par une demi journée, la date de début de l'absence saisie est postérieure à la date de fin réelle de l'absence précédente. | CQ33: ABS_C_020 | CR33: =VLOOKUP(CQ33,'Axe 2 Règles de gestion'!$D$2:$F$366,3, FALSE) -> Si l'absence ne commence pas par une demi-journée et si l'absence précédente ne finit pas par une demi journée, la date de début de l'absence saisie est postérieure à la date de fin prévisionnelle de l'absence précédente. | CS33: ABS_C_026 | CT33: =VLOOKUP(CS33,'Axe 2 Règles de gestion'!$D$2:$F$366,3, FALSE) -> Dans le cas d'un congé autre que CLM, CLD, CGM et CITIS, l'indicateur de requalification doit être à non et les impacts spécifiques à la requalification ne doivent pas être mobilisés ou l'impact rémunération est vide. | CU33: ABS_C_038 | CV33: =VLOOKUP(CU33,'Axe 2 Règles de gestion'!$D$2:$F$366,3, FALSE) -> Le congé prend fin à la date de décès de l'enfant (date de fin réelle). | CW33: ABS_C_039 | CX33: =VLOOKUP(CW33,'Axe 2 Règles de gestion'!$D$2:$F$366,3, FALSE) -> Le congé prend fin à la date de décès de l'enfant (date de fin prévisionnelle). | CY33: ABS_C_065 | CZ33: =VLOOKUP(CY33,'Axe 2 Règles de gestion'!$D$2:$F$366,3, FALSE) -> L'agent en congé de présence parentale / congé de proche aidant / congé de solidarité familiale ne peut se voir accorder de manière simultanée un temps partiel pour congé de présence parentale / pour congé de proche aidant / pour congé de solidarité familiale.
A34: 23.10.00 | B34: A | C34: 45223.643 | D34: D0007 | E34: Congés/Absence | F34: S0057 | G34: Congé de présence parentale | H34: E0478 | I34: Congé de présence parentale | J34: Congé saisi égal à 'Congé de présence parentale' | K34: A_COA_TYCOAB [Saisi] = 'CG102' | L34: T1166 | M34: Congé de présence parentale - Initial | N34: Création Modification | O34: La valeur de l'Etat du congé est différente de 'Renouvellement' et la valeur de l'Etat du congé saisie est différente de celle avant saisie | P34: A_COA_ETCOMA [Saisi] <> 'EC02' ET A_COA_ETCOMA [Saisi] <> A_COA_ETCOMA [Valeur avant saisie] | Q34: Stagiaire ou auditeur ou élève | R34: P0004 | S34: S | T34: Général | U34: Passant | V34: 45166 | X34: CPP_I_316 ET CPP_I_004 ET CPP_I_005 ET CPP_I_006 ET CPP_I_113 ET CPP_I_114 ET CPP_I_115 ET CPP_I_117 ET CPP_I_118 ET CPP_I_119 ET CPP_I_001 ET CPP_I_014 ET CPP_I_009 ET CPP_I_011 ET CPP_I_120 ET CPP_I_003 ET CPP_I_314 ET CPP_I_008 ET CPP_I_121 ET CPP_I_323 ET CPP_D_009 ET CPP_D_001 ET CPP_D_005 ET CPP_D_025 ET ABS_C_001 ET ABS_C_003 ET ABS_C_004 ET ABS_C_007 ET ABS_C_008 ET ABS_C_009 ET ABS_C_019 ET ABS_C_020 ET ABS_C_026 ET ABS_C_038 ET ABS_C_039 ET ABS_C_065 | Y34: CPP_I_316 | Z34: =VLOOKUP(Y34,'Axe 2 Règles de gestion'!$D$2:$F$366,3, FALSE) -> L'agent bénéficie des dispositions applicables aux agents titulaires pour le congé de présence parentale. | AA34: CPP_I_004 | AB34: =VLOOKUP(AA34,'Axe 2 Règles de gestion'!$D$2:$F$366,3, FALSE) -> La demande doit être formulée par écrit au moins 15 jours avant le début du congé. | AC34: CPP_I_005 | AD34: =VLOOKUP(AC34,'Axe 2 Règles de gestion'!$D$2:$F$366,3, FALSE) -> La demande est accompagnée d'un certificat médical. | AE34: CPP_I_006 | AF34: =VLOOKUP(AE34,'Axe 2 Règles de gestion'!$D$2:$F$366,3, FALSE) -> Le certificat médical doit attester de la gravité de la maladie, de l'accident ou du handicap et de la nécessité de la présence soutenue d'un parent et de soins contraignants. Il doit également préciser la durée de l'absence. | AG34: CPP_I_113 | AH34: =VLOOKUP(AG34,'Axe 2 Règles de gestion'!$D$2:$F$366,3, FALSE) -> L'agent indique, dans sa demande de congé, la ou les modalités d'utilisation du congé et les dates de congé prévisionnelles afférentes. | AI34: CPP_I_114 | AJ34: =VLOOKUP(AI34,'Axe 2 Règles de gestion'!$D$2:$F$366,3, FALSE) -> L'agent doit informer par écrit l'administration avec un préavis d'au moins 48 heures des changements de la ou des modalités d'utilisation et des dates de congé prévisionnelles afférentes. | AK34: CPP_I_115 | AL34: =VLOOKUP(AK34,'Axe 2 Règles de gestion'!$D$2:$F$366,3, FALSE) -> Les délais de préavis liés à la demande du congé ne s'appliquent pas en cas de dégradation soudaine de l'état de santé de l'enfant ou en cas de situation de crise nécessitant une présence immédiate auprès de l'enfant. | AM34: CPP_I_117 | AN34: =VLOOKUP(AM34,'Axe 2 Règles de gestion'!$D$2:$F$366,3, FALSE) -> Les délais de préavis liés au changement de modalités d'utilisation du congé ne s'appliquent pas en cas de dégradation soudaine de l'état de santé de l'enfant ou en cas de situation de crise nécessitant une présence immédiate auprès de l'enfant. | AO34: CPP_I_118 | AP34: =VLOOKUP(AO34,'Axe 2 Règles de gestion'!$D$2:$F$366,3, FALSE) -> Les délais de préavis liés au changement de dates prévisionnelles du congé ne s'appliquent pas en cas de dégradation soudaine de l'état de santé de l'enfant ou en cas de situation de crise nécessitant une présence immédiate auprès de l'enfant. | AQ34: CPP_I_119 | AR34: =VLOOKUP(AQ34,'Axe 2 Règles de gestion'!$D$2:$F$366,3, FALSE) -> La durée prévisible de traitement fait l'objet d'un nouvel examen dans un délai compris entre 6 mois et 1 an maximum. Ce nouvel examen donne lieu à un certificat médical transmis à l'autorité dont relève l'agent. | AS34: CPP_I_001 | AT34: =VLOOKUP(AS34,'Axe 2 Règles de gestion'!$D$2:$F$366,3, FALSE) -> Le congé est accordé de droit à l'agent. | AU34: CPP_I_014 | AV34: =VLOOKUP(AU34,'Axe 2 Règles de gestion'!$D$2:$F$366,3, FALSE) -> L'autorité qui a accordé le congé fait procéder aux enquêtes nécessaires pour s'assurer que l'activité de l'agent est réellement consacrée à donner des soins à son enfant. | AW34: CPP_I_009 | AX34: =VLOOKUP(AW34,'Axe 2 Règles de gestion'!$D$2:$F$366,3, FALSE) -> En cas de rechute ou de récidive de la pathologie qui affecte l'enfant, le bénéfice du droit à congé peut être rouvert pour une nouvelle période sur présentation d'un certificat médical le justifiant. | AY34: CPP_I_011 | AZ34: =VLOOKUP(AY34,'Axe 2 Règles de gestion'!$D$2:$F$366,3, FALSE) -> En cas de nouvelle pathologie affectant l'enfant, de même qu'en cas de rechute ou de récidive de la pathologie initialement traitée, un nouveau droit à congé est ouvert à l'issue de la période de 36 mois. | BA34: CPP_I_120 | BB34: =VLOOKUP(BA34,'Axe 2 Règles de gestion'!$D$2:$F$366,3, FALSE) -> Lorsque la gravité de la pathologie de l'enfant initialement traitée nécessite une présence soutenue et des soins contraignants, un nouveau congé est ouvert à l'issue de la période de 36 mois sur présentation d'un certificat médical le justifiant. | BC34: CPP_I_003 | BD34: =VLOOKUP(BC34,'Axe 2 Règles de gestion'!$D$2:$F$366,3, FALSE) -> Ce congé est ouvert au père ou à la mère. | BE34: CPP_I_314 | BF34: =VLOOKUP(BE34,'Axe 2 Règles de gestion'!$D$2:$F$366,3, FALSE) -> Dans la limite de 36 mois, l'agent peut choisir d'utiliser les 310 jours ouvrés de congé sous la forme soit d'une période continue, soit d'une ou plusieurs périodes fractionnées d'au moins d'une demi-journée soit d'un service à temps partiel. | BG34: CPP_I_008 | BH34: =VLOOKUP(BG34,'Axe 2 Règles de gestion'!$D$2:$F$366,3, FALSE) -> Au terme de la durée initiale, le bénéfice du droit à congé peut être prolongé sur présentation d'un certificat médical le justifiant. | BI34: CPP_I_121 | BJ34: =VLOOKUP(BI34,'Axe 2 Règles de gestion'!$D$2:$F$366,3, FALSE) -> La demande de renouvellement ou de prolongation du congé doit être adressée par écrit au supérieur hiérarchique au moins 15 jours avant le terme du congé. | BK34: CPP_I_323 | BL34: =VLOOKUP(BK34,'Axe 2 Règles de gestion'!$D$2:$F$366,3, FALSE) -> Le congé de présence parentale peut être fractionné et chaque absence doit être d'une durée minimale d'une demi-journée. | BO34: CPP_D_009 | BP34: =VLOOKUP(BO34,'Axe 2 Règles de gestion'!$D$2:$F$366,3, FALSE) -> La durée réelle de congé de présence parentale dont peut bénéficier le fonctionnaire pour un même enfant et en raison d'une même pathologie est au maximum de 310 jours ouvrés au cours d'une période de 36 mois. (date de fin réelle de l'absence). | BQ34: CPP_D_001 | BR34: =VLOOKUP(BQ34,'Axe 2 Règles de gestion'!$D$2:$F$366,3, FALSE) -> L'agent doit être en activité. | BS34: CPP_D_005 | BT34: =VLOOKUP(BS34,'Axe 2 Règles de gestion'!$D$2:$F$366,3, FALSE) -> L'agent doit avoir un enfant lié à ce congé. | BU34: CPP_D_025 | BV34: =VLOOKUP(BU34,'Axe 2 Règles de gestion'!$D$2:$F$366,3, FALSE) -> Au terme de la durée réelle initiale, ou en cas de rechute ou de récidive de la pathologie qui affecte l'enfant, le bénéfice du droit à congé peut être prolongé ou rouvert pour une nouvelle période sur présentation d'un certificat médical le justifiant, dans la limite des 310 jours et des 36 mois. Le décompte de la période de 36 mois s'effectue à partir de la date initiale d'ouverture du droit à congé. | CC34: ABS_C_001 | CD34: =VLOOKUP(CC34,'Axe 2 Règles de gestion'!$D$2:$F$366,3, FALSE) -> La date de début du congé/absence doit être postérieure ou égale à la date de recrutement dans la FPE ou dans la carrière militaire. | CE34: ABS_C_003 | CF34: =VLOOKUP(CE34,'Axe 2 Règles de gestion'!$D$2:$F$366,3, FALSE) -> La date de début du congé/absence doit être antérieure ou égale à la date de fin réelle du congé/absence. | CG34: ABS_C_004 | CH34: =VLOOKUP(CG34,'Axe 2 Règles de gestion'!$D$2:$F$366,3, FALSE) -> La date de début du congé/absence doit être antérieure ou égale à la date de fin prévisionnelle du congé/absence. | CI34: ABS_C_007 | CJ34: =VLOOKUP(CI34,'Axe 2 Règles de gestion'!$D$2:$F$366,3, FALSE) -> La date de fin réelle du congé/absence doit être antérieure à la date limite de départ à la retraite. | CK34: ABS_C_008 | CL34: =VLOOKUP(CK34,'Axe 2 Règles de gestion'!$D$2:$F$366,3, FALSE) -> La date de fin prévisionnelle du congé/absence doit être antérieure à la date limite de départ à la retraite. | CM34: ABS_C_009 | CN34: =VLOOKUP(CM34,'Axe 2 Règles de gestion'!$D$2:$F$366,3, FALSE) -> La date de fin réelle ou la date de fin prévisionnelle du congé/absence doit être saisie. | CO34: ABS_C_019 | CP34: =VLOOKUP(CO34,'Axe 2 Règles de gestion'!$D$2:$F$366,3, FALSE) -> Si l'absence ne commence pas par une demi-journée et si l'absence précédente ne finit pas par une demi journée, la date de début de l'absence saisie est postérieure à la date de fin réelle de l'absence précédente. | CQ34: ABS_C_020 | CR34: =VLOOKUP(CQ34,'Axe 2 Règles de gestion'!$D$2:$F$366,3, FALSE) -> Si l'absence ne commence pas par une demi-journée et si l'absence précédente ne finit pas par une demi journée, la date de début de l'absence saisie est postérieure à la date de fin prévisionnelle de l'absence précédente. | CS34: ABS_C_026 | CT34: =VLOOKUP(CS34,'Axe 2 Règles de gestion'!$D$2:$F$366,3, FALSE) -> Dans le cas d'un congé autre que CLM, CLD, CGM et CITIS, l'indicateur de requalification doit être à non et les impacts spécifiques à la requalification ne doivent pas être mobilisés ou l'impact rémunération est vide. | CU34: ABS_C_038 | CV34: =VLOOKUP(CU34,'Axe 2 Règles de gestion'!$D$2:$F$366,3, FALSE) -> Le congé prend fin à la date de décès de l'enfant (date de fin réelle). | CW34: ABS_C_039 | CX34: =VLOOKUP(CW34,'Axe 2 Règles de gestion'!$D$2:$F$366,3, FALSE) -> Le congé prend fin à la date de décès de l'enfant (date de fin prévisionnelle). | CY34: ABS_C_065 | CZ34: =VLOOKUP(CY34,'Axe 2 Règles de gestion'!$D$2:$F$366,3, FALSE) -> L'agent en congé de présence parentale / congé de proche aidant / congé de solidarité familiale ne peut se voir accorder de manière simultanée un temps partiel pour congé de présence parentale / pour congé de proche aidant / pour congé de solidarité familiale.
A35: 21.00.00 | B35: M | C35: 45223.644 | D35: D0007 | E35: Congés/Absence | F35: S0057 | G35: Congé de présence parentale | H35: E0478 | I35: Congé de présence parentale | J35: Congé saisi égal à 'Congé de présence parentale' | K35: A_COA_TYCOAB [Saisi] = 'CG102' | L35: T1167 | M35: Congé de présence parentale - Renouvellement | N35: Création Modification | O35: La valeur de l'Etat du congé est 'Renouvellement' et la valeur de l'Etat du congé saisie est différente de celle avant saisie | P35: A_COA_ETCOMA [Saisi] = 'EC02' ET A_COA_ETCOMA [Saisi] <> A_COA_ETCOMA [Valeur avant saisie] | Q35: Stagiaire ou auditeur ou élève | R35: P0004 | S35: S | T35: Général | U35: Passant | V35: 40725 | W35: 44167 | X35: CPP_I_024 ET CPP_I_026 ET CPP_I_028 ET CPP_I_029 ET CPP_I_030 ET CPP_D_026 ET CPP_D_002 ET CPP_D_006 ET ABS_C_003 ET ABS_C_004 ET ABS_C_007 ET ABS_C_008 ET ABS_C_009 ET ABS_C_019 ET ABS_C_020 ET ABS_C_026 ET ABS_C_038 ET ABS_C_039 | Y35: CPP_I_024 | Z35: =VLOOKUP(Y35,'Axe 2 Règles de gestion'!$D$2:$F$366,3, FALSE) -> Au terme de la durée initiale, le bénéfice du droit à congé peut être prolongé sur présentation d'un certificat médical le justifiant. | AA35: CPP_I_026 | AB35: =VLOOKUP(AA35,'Axe 2 Règles de gestion'!$D$2:$F$366,3, FALSE) -> Si la durée du congé excède 6 mois, la pathologie et la nécessité de présence soutenue et de soins contraignants font tous les 6 mois l'objet d'un nouvel examen qui donne lieu à un certificat médical transmis sans délai à l'autorité dont relève l'agent. | AC35: CPP_I_028 | AD35: =VLOOKUP(AC35,'Axe 2 Règles de gestion'!$D$2:$F$366,3, FALSE) -> L'agent doit communiquer par écrit à l'autorité dont il relève le calendrier mensuel de ses journées de congé de présence parentale, au plus tard 15 jours avant le début de chaque mois. | AE35: CPP_I_029 | AF35: =VLOOKUP(AE35,'Axe 2 Règles de gestion'!$D$2:$F$366,3, FALSE) -> Lorsque l'agent souhaite prendre un ou plusieurs jours de congé ne correspondant pas au calendrier transmis, il doit en informer l'autorité au moins 48 heures à l'avance. | AG35: CPP_I_030 | AH35: =VLOOKUP(AG35,'Axe 2 Règles de gestion'!$D$2:$F$366,3, FALSE) -> L'autorité qui a accordé le congé fait procéder aux enquêtes nécessaires pour s'assurer que l'activité de l'agent est réellement consacrée à donner des soins à son enfant. | BO35: CPP_D_026 | BP35: =VLOOKUP(BO35,'Axe 2 Règles de gestion'!$D$2:$F$366,3, FALSE) -> Au terme de la durée réelle initiale, ou en cas de rechute ou de récidive de la pathologie qui affecte l'enfant, le bénéfice du droit à congé peut être prolongé ou rouvert pour une nouvelle période sur présentation d'un certificat médical le justifiant, dans la limite des 310 jours et des 36 mois Le décompte de la période de 36 mois s'effectue à partir de la date initiale d'ouverture du droit à congé. | BQ35: CPP_D_002 | BR35: =VLOOKUP(BQ35,'Axe 2 Règles de gestion'!$D$2:$F$366,3, FALSE) -> L'agent doit être en activité. | BS35: CPP_D_006 | BT35: =VLOOKUP(BS35,'Axe 2 Règles de gestion'!$D$2:$F$366,3, FALSE) -> L'agent doit avoir un enfant lié à ce congé. | CC35: ABS_C_003 | CD35: =VLOOKUP(CC35,'Axe 2 Règles de gestion'!$D$2:$F$366,3, FALSE) -> La date de début du congé/absence doit être antérieure ou égale à la date de fin réelle du congé/absence. | CE35: ABS_C_004 | CF35: =VLOOKUP(CE35,'Axe 2 Règles de gestion'!$D$2:$F$366,3, FALSE) -> La date de début du congé/absence doit être antérieure ou égale à la date de fin prévisionnelle du congé/absence. | CG35: ABS_C_007 | CH35: =VLOOKUP(CG35,'Axe 2 Règles de gestion'!$D$2:$F$366,3, FALSE) -> La date de fin réelle du congé/absence doit être antérieure à la date limite de départ à la retraite. | CI35: ABS_C_008 | CJ35: =VLOOKUP(CI35,'Axe 2 Règles de gestion'!$D$2:$F$366,3, FALSE) -> La date de fin prévisionnelle du congé/absence doit être antérieure à la date limite de départ à la retraite. | CK35: ABS_C_009 | CL35: =VLOOKUP(CK35,'Axe 2 Règles de gestion'!$D$2:$F$366,3, FALSE) -> La date de fin réelle ou la date de fin prévisionnelle du congé/absence doit être saisie. | CM35: ABS_C_019 | CN35: =VLOOKUP(CM35,'Axe 2 Règles de gestion'!$D$2:$F$366,3, FALSE) -> Si l'absence ne commence pas par une demi-journée et si l'absence précédente ne finit pas par une demi journée, la date de début de l'absence saisie est postérieure à la date de fin réelle de l'absence précédente. | CO35: ABS_C_020 | CP35: =VLOOKUP(CO35,'Axe 2 Règles de gestion'!$D$2:$F$366,3, FALSE) -> Si l'absence ne commence pas par une demi-journée et si l'absence précédente ne finit pas par une demi journée, la date de début de l'absence saisie est postérieure à la date de fin prévisionnelle de l'absence précédente. | CQ35: ABS_C_026 | CR35: =VLOOKUP(CQ35,'Axe 2 Règles de gestion'!$D$2:$F$366,3, FALSE) -> Dans le cas d'un congé autre que CLM, CLD, CGM et CITIS, l'indicateur de requalification doit être à non et les impacts spécifiques à la requalification ne doivent pas être mobilisés ou l'impact rémunération est vide. | CS35: ABS_C_038 | CT35: =VLOOKUP(CS35,'Axe 2 Règles de gestion'!$D$2:$F$366,3, FALSE) -> Le congé prend fin à la date de décès de l'enfant (date de fin réelle). | CU35: ABS_C_039 | CV35: =VLOOKUP(CU35,'Axe 2 Règles de gestion'!$D$2:$F$366,3, FALSE) -> Le congé prend fin à la date de décès de l'enfant (date de fin prévisionnelle).
