Workbook

Sheet Mode opératoire
B1: MODE OPERATOIRE
B2: La transaction s'effectue pour l'évènement E0971 'Compte épargne-temps' au niveau des sous rubriques : - Compte épargne-temps - Ouverture - Compte épargne-temps - Alimentation - Compte épargne-temps - Choix d'option La transaction s'effectue pour l'évènement E0972 'Compte épargne-temps historique' au niveau de la sous rubrique : - Compte épargne-temps historique - Choix d'option La transaction s'effectue pour l'évènement E0973 'Compte épargne-temps - Mobilité/Fin de fonction' au niveau de la sous rubrique : - Compte épargne-temps - Mobilité/Fin de fonction

Sheet Axe 1 Enchainement des RG
A1: Version | B1: Type de mise à jour | C1: Date de mise à jour | D1: Identifiant Domaine | E1: Libellé du Domaine | F1: Identifiant Sous-domaine | G1: Libellé du Sous-domaine | H1: Identifiant Evénement | I1: Libellé de l'évènement | J1: Libellé condition déclenchement Evènement | K1: Condition déclenchement Evènement | L1: Identifiant type d'évènement | M1: Libellé type d'évènement | N1: Type de mise à jour | O1: Libellé condition déclenchement Type Evènement | P1: Condition déclenchement Type Evènement | Q1: Libellé Population | R1: Codification Population | S1: Général / Particulier | T1: Passant / Exclu | U1: Date de début | V1: Date de fin | W1: Règles mobilisées | X1: Identifiant Règle de contrôle intellectuel 1 | Y1: Libellé Règle de contrôle intellectuel 1 | Z1: Identifiant Règle de contrôle intellectuel 2 | AA1: Libellé Règle de contrôle intellectuel 2 | AB1: Identifiant Règle de contrôle intellectuel 3 | AC1: Libellé Règle de contrôle intellectuel 3 | AD1: Identifiant Règle de contrôle intellectuel 4 | AE1: Libellé Règle de contrôle intellectuel 4 | AF1: Identifiant Règle de contrôle intellectuel 5 | AG1: Libellé Règle de contrôle intellectuel 5 | AH1: Identifiant Règle de contrôle intellectuel 6 | AI1: Libellé Règle de contrôle intellectuel 6 | AJ1: Identifiant Règle de condition 1 | AK1: Libellé Règle de condition 1 | AL1: Identifiant Règle de condition 2 | AM1: Libellé Règle de condition 2 | AN1: Identifiant Règle de condition 3 | AO1: Libellé Règle de condition 3 | AP1: Identifiant Règle de condition 4 | AQ1: Libellé Règle de condition 4 | AR1: Identifiant Règle de contrôle 1 | AS1: Libellé Règle de contrôle 1 | AT1: Identifiant Règle de contrôle 2 | AU1: Libellé Règle de contrôle 2 | AV1: Identifiant Règle de contrôle 3 | AW1: Libellé Règle de contrôle 3 | AX1: Identifiant Règle de contrôle 4 | AY1: Libellé Règle de contrôle 4 | AZ1: FIME | BA1: Statut de travail
A2: 24.10.00 | B2: A | C2: 45628.64 | D2: D0007 | E2: Congés/Absence | F2: S0183 | G2: Compte épargne-temps | H2: E0971 | I2: Compte épargne-temps (CET) | J2: La date d'observation saisie du CET est non vide | K2: A_CET_DAGCET [Saisi] <> Vide | L2: T2358 | M2: Compte épargne-temps - Ouverture | N2: Création Modification | O2: La date d'ouverture saisie est non vide et la date de l'opération est vide | P2: A_CET_DCRCET [Saisi] <> VIDE ET A_CET_DOOCET [Saisi] = VIDE | Q2: Titulaire ou magistrat | R2: P0001 | S2: Général | T2: Passant | U2: 45323 | W2: CET_I_050 ET CET_D_400 ET CET_D_407 ET CET_C_017 ET CET_C_031 | X2: CET_I_050 | Y2: =VLOOKUP(X2,'Axe 2 Règles de gestion'!$D$2:$F$43,3, FALSE) -> L'agent doit effectuer une demande d'ouverture d'un compte épargne-temps. | AJ2: CET_D_400 | AK2: =VLOOKUP(AJ2,'Axe 2 Règles de gestion'!$D$2:$F$43,3, FALSE) -> L'agent ne doit pas relever des régimes d'obligation de service. | AL2: CET_D_407 | AM2: =VLOOKUP(AL2,'Axe 2 Règles de gestion'!$D$2:$F$43,3, FALSE) -> L'agent est employé de manière continue et a accompli au moins 1 année de service. | AR2: CET_C_017 | AS2: =VLOOKUP(AR2,'Axe 2 Règles de gestion'!$D$2:$F$43,3, FALSE) -> La date d'ouverture du compte épargne temps global doit être postérieure ou égale à la date d'entrée dans le SIRH. | AT2: CET_C_031 | AU2: =VLOOKUP(AT2,'Axe 2 Règles de gestion'!$D$2:$F$43,3, FALSE) -> Les champs "Origine", "Nombre de jours de l'opération", "Nombre de jours pour valorisation financière" et "Nombre de jours pour cotisation RAFP" ne doivent pas être renseignés.
A3: 24.10.00 | B3: A | C3: 45628.644 | D3: D0007 | E3: Congés/Absence | F3: S0183 | G3: Compte épargne-temps | H3: E0971 | I3: Compte épargne-temps (CET) | J3: La date d'observation saisie du CET est non vide | K3: A_CET_DAGCET [Saisi] <> Vide | L3: T2359 | M3: Compte épargne-temps - Alimentation | N3: Création Modification | O3: La date de l'opération saisie est non vide et le sens de l'opération est "Versé" | P3: A_CET_DOOCET [Saisi] <> Vide ET A_CET_SEOCET [Saisi] = 'V' | Q3: Titulaire ou magistrat | R3: P0001 | S3: Général | T3: Passant | U3: 45323 | V3: 45688 | W3: CET_I_061 ET CET_I_060 ET CET_D_401 ET CET_D_402 ET CET_D_403 ET CET_D_404 ET CET_C_023 ET CET_C_026 | X3: CET_I_061 | Y3: =VLOOKUP(X3,'Axe 2 Règles de gestion'!$D$2:$F$43,3, FALSE) -> Pour les agents en service à l'étranger, le compte épargne-temps est alimenté par le report des jours de congés annuels dont ils bénéficient au titre du pays dans lequel ils sont affectés. | Z3: CET_I_060 | AA3: =VLOOKUP(Z3,'Axe 2 Règles de gestion'!$D$2:$F$43,3, FALSE) -> L'agent ne peut pas alimenter son compte épargne-temps par le report de congés bonifiés. | AJ3: CET_D_401 | AK3: =VLOOKUP(AJ3,'Axe 2 Règles de gestion'!$D$2:$F$43,3, FALSE) -> L'agent peut alimenter son compte épargne-temps par le report de jours de réduction du temps de travail, par le report de congés annuels et de fractionnement et si un arrêté le prévoit par le report de jours de repos compensateur. | AL3: CET_D_402 | AM3: =VLOOKUP(AL3,'Axe 2 Règles de gestion'!$D$2:$F$43,3, FALSE) -> L'agent pour pouvoir alimenter son compte épargne-temps doit avoir pris dans l'année au moins 20 jours de congés. | AN3: CET_D_403 | AO3: =VLOOKUP(AN3,'Axe 2 Règles de gestion'!$D$2:$F$43,3, FALSE) -> Lorsque le compte épargne-temps atteint 15 jours, l'agent peut épargner ensuite chaque année 10 jours au maximum. | AP3: CET_D_404 | AQ3: =VLOOKUP(AP3,'Axe 2 Règles de gestion'!$D$2:$F$43,3, FALSE) -> L'agent peut au titre de l'année 2024, lorsque le compte épargne-temps atteint 15 jours, épargner 20 jours au maximum en raison de l'organisation des jeux olympiques et paralympiques. | AR3: CET_C_023 | AS3: =VLOOKUP(AR3,'Axe 2 Règles de gestion'!$D$2:$F$43,3, FALSE) -> Lorsque le sens de l'opération est à "Versé", le compteur global saisi est égal au compteur global de l'occurrence précédente auquel sont ajoutés les jours versés. | AT3: CET_C_026 | AU3: =VLOOKUP(AT3,'Axe 2 Règles de gestion'!$D$2:$F$43,3, FALSE) -> Lorsque le sens de l'opération est égal à "versé", le nombre de jours pour valorisation financière et le nombre de jours pour cotisation RAFP ne doivent pas être renseignés.
A4: 24.10.00 | B4: A | C4: 45628.645 | D4: D0007 | E4: Congés/Absence | F4: S0183 | G4: Compte épargne-temps | H4: E0971 | I4: Compte épargne-temps (CET) | J4: La date d'observation saisie du CET est non vide | K4: A_CET_DAGCET [Saisi] <> Vide | L4: T2359 | M4: Compte épargne-temps - Alimentation | N4: Création Modification | O4: La date de l'opération saisie est non vide et le sens de l'opération est "Versé" | P4: A_CET_DOOCET [Saisi] <> Vide ET A_CET_SEOCET [Saisi] = 'V' | Q4: Titulaire ou magistrat | R4: P0001 | S4: Général | T4: Passant | U4: 45689 | W4: CET_I_061 ET CET_I_060 ET CET_D_401 ET CET_D_402 ET CET_D_403 ET CET_C_023 ET CET_C_026 | X4: CET_I_061 | Y4: =VLOOKUP(X4,'Axe 2 Règles de gestion'!$D$2:$F$43,3, FALSE) -> Pour les agents en service à l'étranger, le compte épargne-temps est alimenté par le report des jours de congés annuels dont ils bénéficient au titre du pays dans lequel ils sont affectés. | Z4: CET_I_060 | AA4: =VLOOKUP(Z4,'Axe 2 Règles de gestion'!$D$2:$F$43,3, FALSE) -> L'agent ne peut pas alimenter son compte épargne-temps par le report de congés bonifiés. | AJ4: CET_D_401 | AK4: =VLOOKUP(AJ4,'Axe 2 Règles de gestion'!$D$2:$F$43,3, FALSE) -> L'agent peut alimenter son compte épargne-temps par le report de jours de réduction du temps de travail, par le report de congés annuels et de fractionnement et si un arrêté le prévoit par le report de jours de repos compensateur. | AL4: CET_D_402 | AM4: =VLOOKUP(AL4,'Axe 2 Règles de gestion'!$D$2:$F$43,3, FALSE) -> L'agent pour pouvoir alimenter son compte épargne-temps doit avoir pris dans l'année au moins 20 jours de congés. | AN4: CET_D_403 | AO4: =VLOOKUP(AN4,'Axe 2 Règles de gestion'!$D$2:$F$43,3, FALSE) -> Lorsque le compte épargne-temps atteint 15 jours, l'agent peut épargner ensuite chaque année 10 jours au maximum. | AR4: CET_C_023 | AS4: =VLOOKUP(AR4,'Axe 2 Règles de gestion'!$D$2:$F$43,3, FALSE) -> Lorsque le sens de l'opération est à "Versé", le compteur global saisi est égal au compteur global de l'occurrence précédente auquel sont ajoutés les jours versés. | AT4: CET_C_026 | AU4: =VLOOKUP(AT4,'Axe 2 Règles de gestion'!$D$2:$F$43,3, FALSE) -> Lorsque le sens de l'opération est égal à "versé", le nombre de jours pour valorisation financière et le nombre de jours pour cotisation RAFP ne doivent pas être renseignés.
A5: 24.10.00 | B5: A | C5: 45628.659 | D5: D0007 | E5: Congés/Absence | F5: S0183 | G5: Compte épargne-temps | H5: E0971 | I5: Compte épargne-temps (CET) | J5: La date d'observation saisie du CET est non vide | K5: A_CET_DAGCET [Saisi] <> Vide | L5: T2360 | M5: Compte épargne-temps - Choix d'option | N5: Création Modification | O5: La date de l'opération saisie est non vide et le sens de l'opération est "Consommé" | P5: A_CET_DOOCET [Saisi] <> Vide ET A_CET_SEOCET [Saisi] = 'C' | Q5: Titulaire ou magistrat | R5: P0001 | S5: Général | T5: Passant | U5: 45323 | W5: CET_I_052 ET CET_I_054 ET CET_I_055 ET CET_I_057 ET CET_I_059 ET CET_D_405 ET CET_D_406 ET CET_D_408 ET CET_C_004 ET CET_C_024 ET CET_C_027 | X5: CET_I_052 | Y5: =VLOOKUP(X5,'Axe 2 Règles de gestion'!$D$2:$F$43,3, FALSE) -> L'agent est informé chaque année, par l'administration, des jours épargnés et consommés. | Z5: CET_I_054 | AA5: =VLOOKUP(Z5,'Axe 2 Règles de gestion'!$D$2:$F$43,3, FALSE) -> Si le nombre de jours inscrits est supérieur à 15 jours au terme de l'année civile, l'agent ne peut utiliser ces 15 jours que sous forme de congés, pour les autres jours il doit exercer une option au plus le tard le 31 janvier de l'année suivante. | AB5: CET_I_055 | AC5: =VLOOKUP(AB5,'Axe 2 Règles de gestion'!$D$2:$F$43,3, FALSE) -> L'agent peut opter dans les proportions qu'il souhaite pour un prise en compte au sein du régime de retraite additionnelle de la fonction publique, pour une indemnisation ou pour un maintien sur le compte épargne-temps. | AD5: CET_I_057 | AE5: =VLOOKUP(AD5,'Axe 2 Règles de gestion'!$D$2:$F$43,3, FALSE) -> Si l'agent n'exerce pas son droit d'option, les jours au-delà de 15 sont pris en compte au sein du régime de retraite additionnelle de la fonction publique. | AF5: CET_I_059 | AG5: =VLOOKUP(AF5,'Axe 2 Règles de gestion'!$D$2:$F$43,3, FALSE) -> Les années suivantes, les jours ainsi épargnés excédant le plafond global de jours prévu peuvent être maintenus sur le compte épargne-temps ou être consommés. | AJ5: CET_D_405 | AK5: =VLOOKUP(AJ5,'Axe 2 Règles de gestion'!$D$2:$F$43,3, FALSE) -> Le nombre de jours maintenus sur le compte épargne-temps ne doit pas dépasser un plafond annuel de 60 jours. | AL5: CET_D_406 | AM5: =VLOOKUP(AL5,'Axe 2 Règles de gestion'!$D$2:$F$43,3, FALSE) -> Au terme de l'année 2024, en raison de l'organisation des jeux olympiques et paralympiques, ce plafond annuel passe à 70 jours ou si le nombre de jours épargnés au terme de l'année 2023 excède 60 jours, au nombre de jours épargnés augmentés de 10 jours. | AN5: CET_D_408 | AO5: =VLOOKUP(AN5,'Axe 2 Règles de gestion'!$D$2:$F$43,3, FALSE) -> Si le nombre de jours inscrits sur le compte épargne-temps est inférieur ou égal à 15 jours au terme de l'année civile, l'agent ne peut utiliser ces jours épargnés que sous forme de congés. | AR5: CET_C_004 | AS5: =VLOOKUP(AR5,'Axe 2 Règles de gestion'!$D$2:$F$43,3, FALSE) -> Le nombre de jours de l'opération doit être inférieur ou égal au nombre de jours du compteur global du CET. | AT5: CET_C_024 | AU5: =VLOOKUP(AT5,'Axe 2 Règles de gestion'!$D$2:$F$43,3, FALSE) -> Lorsque le sens de l'opération est à "consommé", le compteur global saisi est égal au compteur global de l'occurrence précédente duquel sont soustraits les jours consommés en congés, les jours pour valorisation financière et les jours pour cotisation RAFP. | AV5: CET_C_027 | AW5: =VLOOKUP(AV5,'Axe 2 Règles de gestion'!$D$2:$F$43,3, FALSE) -> Lorsque le sens de l'opération est égal à "consommé", l'origine des jours n'est pas à renseigner.
A6: 24.10.00 | B6: A | C6: 45628.64 | D6: D0007 | E6: Congés/Absence | F6: S0183 | G6: Compte épargne-temps | H6: E0971 | I6: Compte épargne-temps (CET) | J6: La date d'observation saisie du CET est non vide | K6: A_CET_DAGCET [Saisi] <> Vide | L6: T2358 | M6: Compte épargne-temps - Ouverture | N6: Création Modification | O6: La date d'ouverture saisie est non vide et la date de l'opération est vide | P6: A_CET_DCRCET [Saisi] <> VIDE ET A_CET_DOOCET [Saisi] = VIDE | Q6: Militaire | R6: P0002 | S6: Général | T6: Exclu | U6: 45323
A7: 24.10.00 | B7: A | C7: 45628.645 | D7: D0007 | E7: Congés/Absence | F7: S0183 | G7: Compte épargne-temps | H7: E0971 | I7: Compte épargne-temps (CET) | J7: La date d'observation saisie du CET est non vide | K7: A_CET_DAGCET [Saisi] <> Vide | L7: T2359 | M7: Compte épargne-temps - Alimentation | N7: Création Modification | O7: La date de l'opération saisie est non vide et le sens de l'opération est "Versé" | P7: A_CET_DOOCET [Saisi] <> Vide ET A_CET_SEOCET [Saisi] = 'V' | Q7: Militaire | R7: P0002 | S7: Général | T7: Exclu | U7: 45323
A8: 24.10.00 | B8: A | C8: 45628.66 | D8: D0007 | E8: Congés/Absence | F8: S0183 | G8: Compte épargne-temps | H8: E0971 | I8: Compte épargne-temps (CET) | J8: La date d'observation saisie du CET est non vide | K8: A_CET_DAGCET [Saisi] <> Vide | L8: T2360 | M8: Compte épargne-temps - Choix d'option | N8: Création Modification | O8: La date de l'opération saisie est non vide et le sens de l'opération est "Consommé" | P8: A_CET_DOOCET [Saisi] <> Vide ET A_CET_SEOCET [Saisi] = 'C' | Q8: Militaire | R8: P0002 | S8: Général | T8: Exclu | U8: 45323
A9: 24.10.00 | B9: A | C9: 45628.64 | D9: D0007 | E9: Congés/Absence | F9: S0183 | G9: Compte épargne-temps | H9: E0971 | I9: Compte épargne-temps (CET) | J9: La date d'observation saisie du CET est non vide | K9: A_CET_DAGCET [Saisi] <> Vide | L9: T2358 | M9: Compte épargne-temps - Ouverture | N9: Création Modification | O9: La date d'ouverture saisie est non vide et la date de l'opération est vide | P9: A_CET_DCRCET [Saisi] <> VIDE ET A_CET_DOOCET [Saisi] = VIDE | Q9: Contractuel | R9: P0003 | S9: Général | T9: Passant | U9: 45323 | W9: CET_I_050 ET CET_D_400 ET CET_D_407 ET CET_C_017 ET CET_C_031 | X9: CET_I_050 | Y9: =VLOOKUP(X9,'Axe 2 Règles de gestion'!$D$2:$F$43,3, FALSE) -> L'agent doit effectuer une demande d'ouverture d'un compte épargne-temps. | AJ9: CET_D_400 | AK9: =VLOOKUP(AJ9,'Axe 2 Règles de gestion'!$D$2:$F$43,3, FALSE) -> L'agent ne doit pas relever des régimes d'obligation de service. | AL9: CET_D_407 | AM9: =VLOOKUP(AL9,'Axe 2 Règles de gestion'!$D$2:$F$43,3, FALSE) -> L'agent est employé de manière continue et a accompli au moins 1 année de service. | AR9: CET_C_017 | AS9: =VLOOKUP(AR9,'Axe 2 Règles de gestion'!$D$2:$F$43,3, FALSE) -> La date d'ouverture du compte épargne temps global doit être postérieure ou égale à la date d'entrée dans le SIRH. | AT9: CET_C_031 | AU9: =VLOOKUP(AT9,'Axe 2 Règles de gestion'!$D$2:$F$43,3, FALSE) -> Les champs "Origine", "Nombre de jours de l'opération", "Nombre de jours pour valorisation financière" et "Nombre de jours pour cotisation RAFP" ne doivent pas être renseignés.
A10: 24.10.00 | B10: A | C10: 45635.722 | D10: D0007 | E10: Congés/Absence | F10: S0183 | G10: Compte épargne-temps | H10: E0971 | I10: Compte épargne-temps (CET) | J10: La date d'observation saisie du CET est non vide | K10: A_CET_DAGCET [Saisi] <> Vide | L10: T2359 | M10: Compte épargne-temps - Alimentation | N10: Création Modification | O10: La date de l'opération saisie est non vide et le sens de l'opération est "Versé" | P10: A_CET_DOOCET [Saisi] <> Vide ET A_CET_SEOCET [Saisi] = 'V' | Q10: Contractuel | R10: P0003 | S10: Général | T10: Passant | U10: 45323 | V10: 45688 | W10: CET_I_061 ET CET_I_060 ET CET_D_401 ET CET_D_402 ET CET_D_403 ET CET_D_404 ET CET_C_023 ET CET_C_026 | X10: CET_I_061 | Y10: =VLOOKUP(X10,'Axe 2 Règles de gestion'!$D$2:$F$43,3, FALSE) -> Pour les agents en service à l'étranger, le compte épargne-temps est alimenté par le report des jours de congés annuels dont ils bénéficient au titre du pays dans lequel ils sont affectés. | Z10: CET_I_060 | AA10: =VLOOKUP(Z10,'Axe 2 Règles de gestion'!$D$2:$F$43,3, FALSE) -> L'agent ne peut pas alimenter son compte épargne-temps par le report de congés bonifiés. | AJ10: CET_D_401 | AK10: =VLOOKUP(AJ10,'Axe 2 Règles de gestion'!$D$2:$F$43,3, FALSE) -> L'agent peut alimenter son compte épargne-temps par le report de jours de réduction du temps de travail, par le report de congés annuels et de fractionnement et si un arrêté le prévoit par le report de jours de repos compensateur. | AL10: CET_D_402 | AM10: =VLOOKUP(AL10,'Axe 2 Règles de gestion'!$D$2:$F$43,3, FALSE) -> L'agent pour pouvoir alimenter son compte épargne-temps doit avoir pris dans l'année au moins 20 jours de congés. | AN10: CET_D_403 | AO10: =VLOOKUP(AN10,'Axe 2 Règles de gestion'!$D$2:$F$43,3, FALSE) -> Lorsque le compte épargne-temps atteint 15 jours, l'agent peut épargner ensuite chaque année 10 jours au maximum. | AP10: CET_D_404 | AQ10: =VLOOKUP(AP10,'Axe 2 Règles de gestion'!$D$2:$F$43,3, FALSE) -> L'agent peut au titre de l'année 2024, lorsque le compte épargne-temps atteint 15 jours, épargner 20 jours au maximum en raison de l'organisation des jeux olympiques et paralympiques. | AR10: CET_C_023 | AS10: =VLOOKUP(AR10,'Axe 2 Règles de gestion'!$D$2:$F$43,3, FALSE) -> Lorsque le sens de l'opération est à "Versé", le compteur global saisi est égal au compteur global de l'occurrence précédente auquel sont ajoutés les jours versés. | AT10: CET_C_026 | AU10: =VLOOKUP(AT10,'Axe 2 Règles de gestion'!$D$2:$F$43,3, FALSE) -> Lorsque le sens de l'opération est égal à "versé", le nombre de jours pour valorisation financière et le nombre de jours pour cotisation RAFP ne doivent pas être renseignés.
A11: 24.10.00 | B11: A | C11: 45635.722 | D11: D0007 | E11: Congés/Absence | F11: S0183 | G11: Compte épargne-temps | H11: E0971 | I11: Compte épargne-temps (CET) | J11: La date d'observation saisie du CET est non vide | K11: A_CET_DAGCET [Saisi] <> Vide | L11: T2359 | M11: Compte épargne-temps - Alimentation | N11: Création Modification | O11: La date de l'opération saisie est non vide et le sens de l'opération est "Versé" | P11: A_CET_DOOCET [Saisi] <> Vide ET A_CET_SEOCET [Saisi] = 'V' | Q11: Contractuel | R11: P0003 | S11: Général | T11: Passant | U11: 45689 | W11: CET_I_061 ET CET_I_060 ET CET_D_401 ET CET_D_402 ET CET_D_403 ET CET_C_023 ET CET_C_026 | X11: CET_I_061 | Y11: =VLOOKUP(X11,'Axe 2 Règles de gestion'!$D$2:$F$43,3, FALSE) -> Pour les agents en service à l'étranger, le compte épargne-temps est alimenté par le report des jours de congés annuels dont ils bénéficient au titre du pays dans lequel ils sont affectés. | Z11: CET_I_060 | AA11: =VLOOKUP(Z11,'Axe 2 Règles de gestion'!$D$2:$F$43,3, FALSE) -> L'agent ne peut pas alimenter son compte épargne-temps par le report de congés bonifiés. | AJ11: CET_D_401 | AK11: =VLOOKUP(AJ11,'Axe 2 Règles de gestion'!$D$2:$F$43,3, FALSE) -> L'agent peut alimenter son compte épargne-temps par le report de jours de réduction du temps de travail, par le report de congés annuels et de fractionnement et si un arrêté le prévoit par le report de jours de repos compensateur. | AL11: CET_D_402 | AM11: =VLOOKUP(AL11,'Axe 2 Règles de gestion'!$D$2:$F$43,3, FALSE) -> L'agent pour pouvoir alimenter son compte épargne-temps doit avoir pris dans l'année au moins 20 jours de congés. | AN11: CET_D_403 | AO11: =VLOOKUP(AN11,'Axe 2 Règles de gestion'!$D$2:$F$43,3, FALSE) -> Lorsque le compte épargne-temps atteint 15 jours, l'agent peut épargner ensuite chaque année 10 jours au maximum. | AR11: CET_C_023 | AS11: =VLOOKUP(AR11,'Axe 2 Règles de gestion'!$D$2:$F$43,3, FALSE) -> Lorsque le sens de l'opération est à "Versé", le compteur global saisi est égal au compteur global de l'occurrence précédente auquel sont ajoutés les jours versés. | AT11: CET_C_026 | AU11: =VLOOKUP(AT11,'Axe 2 Règles de gestion'!$D$2:$F$43,3, FALSE) -> Lorsque le sens de l'opération est égal à "versé", le nombre de jours pour valorisation financière et le nombre de jours pour cotisation RAFP ne doivent pas être renseignés.
A12: 24.10.00 | B12: A | C12: 45628.66 | D12: D0007 | E12: Congés/Absence | F12: S0183 | G12: Compte épargne-temps | H12: E0971 | I12: Compte épargne-temps (CET) | J12: La date d'observation saisie du CET est non vide | K12: A_CET_DAGCET [Saisi] <> Vide | L12: T2360 | M12: Compte épargne-temps - Choix d'option | N12: Création Modification | O12: La date de l'opération saisie est non vide et le sens de l'opération est "Consommé" | P12: A_CET_DOOCET [Saisi] <> Vide ET A_CET_SEOCET [Saisi] = 'C' | Q12: Contractuel | R12: P0003 | S12: Général | T12: Passant | U12: 45323 | W12: CET_I_052 ET CET_I_054 ET CET_I_056 ET CET_I_058 ET CET_I_059 ET CET_D_405 ET CET_D_406 ET CET_D_408 ET CET_C_004 ET CET_C_024 ET CET_C_027 | X12: CET_I_052 | Y12: =VLOOKUP(X12,'Axe 2 Règles de gestion'!$D$2:$F$43,3, FALSE) -> L'agent est informé chaque année, par l'administration, des jours épargnés et consommés. | Z12: CET_I_054 | AA12: =VLOOKUP(Z12,'Axe 2 Règles de gestion'!$D$2:$F$43,3, FALSE) -> Si le nombre de jours inscrits est supérieur à 15 jours au terme de l'année civile, l'agent ne peut utiliser ces 15 jours que sous forme de congés, pour les autres jours il doit exercer une option au plus le tard le 31 janvier de l'année suivante. | AB12: CET_I_056 | AC12: =VLOOKUP(AB12,'Axe 2 Règles de gestion'!$D$2:$F$43,3, FALSE) -> L'agent peut opter dans les proportions qu'il souhaite pour une indemnisation ou pour un maintien sur le compte épargne-temps. | AD12: CET_I_058 | AE12: =VLOOKUP(AD12,'Axe 2 Règles de gestion'!$D$2:$F$43,3, FALSE) -> Si l'agent n'exerce pas son droit d'option, les jours au-delà de 15 sont indemnisés. | AF12: CET_I_059 | AG12: =VLOOKUP(AF12,'Axe 2 Règles de gestion'!$D$2:$F$43,3, FALSE) -> Les années suivantes, les jours ainsi épargnés excédant le plafond global de jours prévu peuvent être maintenus sur le compte épargne-temps ou être consommés. | AJ12: CET_D_405 | AK12: =VLOOKUP(AJ12,'Axe 2 Règles de gestion'!$D$2:$F$43,3, FALSE) -> Le nombre de jours maintenus sur le compte épargne-temps ne doit pas dépasser un plafond annuel de 60 jours. | AL12: CET_D_406 | AM12: =VLOOKUP(AL12,'Axe 2 Règles de gestion'!$D$2:$F$43,3, FALSE) -> Au terme de l'année 2024, en raison de l'organisation des jeux olympiques et paralympiques, ce plafond annuel passe à 70 jours ou si le nombre de jours épargnés au terme de l'année 2023 excède 60 jours, au nombre de jours épargnés augmentés de 10 jours. | AN12: CET_D_408 | AO12: =VLOOKUP(AN12,'Axe 2 Règles de gestion'!$D$2:$F$43,3, FALSE) -> Si le nombre de jours inscrits sur le compte épargne-temps est inférieur ou égal à 15 jours au terme de l'année civile, l'agent ne peut utiliser ces jours épargnés que sous forme de congés. | AR12: CET_C_004 | AS12: =VLOOKUP(AR12,'Axe 2 Règles de gestion'!$D$2:$F$43,3, FALSE) -> Le nombre de jours de l'opération doit être inférieur ou égal au nombre de jours du compteur global du CET. | AT12: CET_C_024 | AU12: =VLOOKUP(AT12,'Axe 2 Règles de gestion'!$D$2:$F$43,3, FALSE) -> Lorsque le sens de l'opération est à "consommé", le compteur global saisi est égal au compteur global de l'occurrence précédente duquel sont soustraits les jours consommés en congés, les jours pour valorisation financière et les jours pour cotisation RAFP. | AV12: CET_C_027 | AW12: =VLOOKUP(AV12,'Axe 2 Règles de gestion'!$D$2:$F$43,3, FALSE) -> Lorsque le sens de l'opération est égal à "consommé", l'origine des jours n'est pas à renseigner.
A13: 24.10.00 | B13: A | C13: 45628.641 | D13: D0007 | E13: Congés/Absence | F13: S0183 | G13: Compte épargne-temps | H13: E0971 | I13: Compte épargne-temps (CET) | J13: La date d'observation saisie du CET est non vide | K13: A_CET_DAGCET [Saisi] <> Vide | L13: T2358 | M13: Compte épargne-temps - Ouverture | N13: Création Modification | O13: La date d'ouverture saisie est non vide et la date de l'opération est vide | P13: A_CET_DCRCET [Saisi] <> VIDE ET A_CET_DOOCET [Saisi] = VIDE | Q13: Stagiaire ou auditeur ou élève | R13: P0004 | S13: Général | T13: Exclu | U13: 45323
A14: 24.10.00 | B14: A | C14: 45628.647 | D14: D0007 | E14: Congés/Absence | F14: S0183 | G14: Compte épargne-temps | H14: E0971 | I14: Compte épargne-temps (CET) | J14: La date d'observation saisie du CET est non vide | K14: A_CET_DAGCET [Saisi] <> Vide | L14: T2359 | M14: Compte épargne-temps - Alimentation | N14: Création Modification | O14: La date de l'opération saisie est non vide et le sens de l'opération est "Versé" | P14: A_CET_DOOCET [Saisi] <> Vide ET A_CET_SEOCET [Saisi] = 'V' | Q14: Stagiaire ou auditeur ou élève | R14: P0004 | S14: Général | T14: Exclu | U14: 45323
A15: 24.10.00 | B15: A | C15: 45628.661 | D15: D0007 | E15: Congés/Absence | F15: S0183 | G15: Compte épargne-temps | H15: E0971 | I15: Compte épargne-temps (CET) | J15: La date d'observation saisie du CET est non vide | K15: A_CET_DAGCET [Saisi] <> Vide | L15: T2360 | M15: Compte épargne-temps - Choix d'option | N15: Création Modification | O15: La date de l'opération saisie est non vide et le sens de l'opération est "Consommé" | P15: A_CET_DOOCET [Saisi] <> Vide ET A_CET_SEOCET [Saisi] = 'C' | Q15: Stagiaire ou auditeur ou élève | R15: P0004 | S15: Général | T15: Exclu | U15: 45323
A16: 25.10.00 | B16: A | C16: 45994.647 | D16: D0007 | E16: Congés/Absence | F16: S0183 | G16: Compte épargne-temps | H16: E0971 | I16: Compte épargne-temps (CET) | J16: La date d'observation saisie du CET est non vide | K16: A_CET_DAGCET [Saisi] <> Vide | L16: T2358 | M16: Compte épargne-temps - Ouverture | N16: Création Modification | O16: La date d'ouverture saisie est non vide et la date de l'opération est vide | P16: A_CET_DCRCET [Saisi] <> VIDE ET A_CET_DOOCET [Saisi] = VIDE | Q16: Ouvrier d'état | R16: P0005 | S16: Général | T16: Passant | U16: 45901 | W16: CET_C_017 | AR16: CET_C_017 | AS16: =VLOOKUP(AR16,'Axe 2 Règles de gestion'!$D$2:$F$43,3, FALSE) -> La date d'ouverture du compte épargne temps global doit être postérieure ou égale à la date d'entrée dans le SIRH. | AZ16: 2025-114
A17: 25.10.00 | B17: A | C17: 45994.65 | D17: D0007 | E17: Congés/Absence | F17: S0183 | G17: Compte épargne-temps | H17: E0971 | I17: Compte épargne-temps (CET) | J17: La date d'observation saisie du CET est non vide | K17: A_CET_DAGCET [Saisi] <> Vide | L17: T2359 | M17: Compte épargne-temps - Alimentation | N17: Création Modification | O17: La date de l'opération saisie est non vide et le sens de l'opération est "Versé" | P17: A_CET_DOOCET [Saisi] <> Vide ET A_CET_SEOCET [Saisi] = 'V' | Q17: Ouvrier d'état | R17: P0005 | S17: Général | T17: Passant | U17: 45901 | W17: CET_C_023 | AR17: CET_C_023 | AS17: =VLOOKUP(AR17,'Axe 2 Règles de gestion'!$D$2:$F$43,3, FALSE) -> Lorsque le sens de l'opération est à "Versé", le compteur global saisi est égal au compteur global de l'occurrence précédente auquel sont ajoutés les jours versés. | AZ17: 2025-114
A18: 25.10.00 | B18: A | C18: 45994.651 | D18: D0007 | E18: Congés/Absence | F18: S0183 | G18: Compte épargne-temps | H18: E0971 | I18: Compte épargne-temps (CET) | J18: La date d'observation saisie du CET est non vide | K18: A_CET_DAGCET [Saisi] <> Vide | L18: T2360 | M18: Compte épargne-temps - Choix d'option | N18: Création Modification | O18: La date de l'opération saisie est non vide et le sens de l'opération est "Consommé" | P18: A_CET_DOOCET [Saisi] <> Vide ET A_CET_SEOCET [Saisi] = 'C' | Q18: Ouvrier d'état | R18: P0005 | S18: Général | T18: Passant | U18: 45901 | W18: CET_C_004 | AR18: CET_C_004 | AS18: =VLOOKUP(AR18,'Axe 2 Règles de gestion'!$D$2:$F$43,3, FALSE) -> Le nombre de jours de l'opération doit être inférieur ou égal au nombre de jours du compteur global du CET. | AZ18: 2025-114
A19: 24.10.00 | B19: A | C19: 45628.642 | D19: D0007 | E19: Congés/Absence | F19: S0183 | G19: Compte épargne-temps | H19: E0971 | I19: Compte épargne-temps (CET) | J19: La date d'observation saisie du CET est non vide | K19: A_CET_DAGCET [Saisi] <> Vide | L19: T2358 | M19: Compte épargne-temps - Ouverture | N19: Création Modification | O19: La date d'ouverture saisie est non vide et la date de l'opération est vide | P19: A_CET_DCRCET [Saisi] <> VIDE ET A_CET_DOOCET [Saisi] = VIDE | Q19: Expert technique international | R19: P0018 | S19: Particulier | T19: Exclu | U19: 45323
A20: 24.10.00 | B20: A | C20: 45628.647 | D20: D0007 | E20: Congés/Absence | F20: S0183 | G20: Compte épargne-temps | H20: E0971 | I20: Compte épargne-temps (CET) | J20: La date d'observation saisie du CET est non vide | K20: A_CET_DAGCET [Saisi] <> Vide | L20: T2359 | M20: Compte épargne-temps - Alimentation | N20: Création Modification | O20: La date de l'opération saisie est non vide et le sens de l'opération est "Versé" | P20: A_CET_DOOCET [Saisi] <> Vide ET A_CET_SEOCET [Saisi] = 'V' | Q20: Expert technique international | R20: P0018 | S20: Particulier | T20: Exclu | U20: 45323
A21: 24.10.00 | B21: A | C21: 45628.662 | D21: D0007 | E21: Congés/Absence | F21: S0183 | G21: Compte épargne-temps | H21: E0971 | I21: Compte épargne-temps (CET) | J21: La date d'observation saisie du CET est non vide | K21: A_CET_DAGCET [Saisi] <> Vide | L21: T2360 | M21: Compte épargne-temps - Choix d'option | N21: Création Modification | O21: La date de l'opération saisie est non vide et le sens de l'opération est "Consommé" | P21: A_CET_DOOCET [Saisi] <> Vide ET A_CET_SEOCET [Saisi] = 'C' | Q21: Expert technique international | R21: P0018 | S21: Particulier | T21: Exclu | U21: 45323
A22: 24.10.00 | B22: A | C22: 45628.642 | D22: D0007 | E22: Congés/Absence | F22: S0183 | G22: Compte épargne-temps | H22: E0971 | I22: Compte épargne-temps (CET) | J22: La date d'observation saisie du CET est non vide | K22: A_CET_DAGCET [Saisi] <> Vide | L22: T2358 | M22: Compte épargne-temps - Ouverture | N22: Création Modification | O22: La date d'ouverture saisie est non vide et la date de l'opération est vide | P22: A_CET_DCRCET [Saisi] <> VIDE ET A_CET_DOOCET [Saisi] = VIDE | Q22: Personnel civil payé à l'acte ou à la tâche | R22: P0054 | S22: Particulier | T22: Exclu | U22: 45323
A23: 24.10.00 | B23: A | C23: 45628.648 | D23: D0007 | E23: Congés/Absence | F23: S0183 | G23: Compte épargne-temps | H23: E0971 | I23: Compte épargne-temps (CET) | J23: La date d'observation saisie du CET est non vide | K23: A_CET_DAGCET [Saisi] <> Vide | L23: T2359 | M23: Compte épargne-temps - Alimentation | N23: Création Modification | O23: La date de l'opération saisie est non vide et le sens de l'opération est "Versé" | P23: A_CET_DOOCET [Saisi] <> Vide ET A_CET_SEOCET [Saisi] = 'V' | Q23: Personnel civil payé à l'acte ou à la tâche | R23: P0054 | S23: Particulier | T23: Exclu | U23: 45323
A24: 24.10.00 | B24: A | C24: 45628.662 | D24: D0007 | E24: Congés/Absence | F24: S0183 | G24: Compte épargne-temps | H24: E0971 | I24: Compte épargne-temps (CET) | J24: La date d'observation saisie du CET est non vide | K24: A_CET_DAGCET [Saisi] <> Vide | L24: T2360 | M24: Compte épargne-temps - Choix d'option | N24: Création Modification | O24: La date de l'opération saisie est non vide et le sens de l'opération est "Consommé" | P24: A_CET_DOOCET [Saisi] <> Vide ET A_CET_SEOCET [Saisi] = 'C' | Q24: Personnel civil payé à l'acte ou à la tâche | R24: P0054 | S24: Particulier | T24: Exclu | U24: 45323
A25: 24.10.00 | B25: A | C25: 45628.642 | D25: D0007 | E25: Congés/Absence | F25: S0183 | G25: Compte épargne-temps | H25: E0971 | I25: Compte épargne-temps (CET) | J25: La date d'observation saisie du CET est non vide | K25: A_CET_DAGCET [Saisi] <> Vide | L25: T2358 | M25: Compte épargne-temps - Ouverture | N25: Création Modification | O25: La date d'ouverture saisie est non vide et la date de l'opération est vide | P25: A_CET_DCRCET [Saisi] <> VIDE ET A_CET_DOOCET [Saisi] = VIDE | Q25: Contractuel de droit privé | R25: P0072 | S25: Particulier | T25: Exclu | U25: 45323
A26: 24.10.00 | B26: A | C26: 45628.648 | D26: D0007 | E26: Congés/Absence | F26: S0183 | G26: Compte épargne-temps | H26: E0971 | I26: Compte épargne-temps (CET) | J26: La date d'observation saisie du CET est non vide | K26: A_CET_DAGCET [Saisi] <> Vide | L26: T2359 | M26: Compte épargne-temps - Alimentation | N26: Création Modification | O26: La date de l'opération saisie est non vide et le sens de l'opération est "Versé" | P26: A_CET_DOOCET [Saisi] <> Vide ET A_CET_SEOCET [Saisi] = 'V' | Q26: Contractuel de droit privé | R26: P0072 | S26: Particulier | T26: Exclu | U26: 45323
A27: 24.10.00 | B27: A | C27: 45628.662 | D27: D0007 | E27: Congés/Absence | F27: S0183 | G27: Compte épargne-temps | H27: E0971 | I27: Compte épargne-temps (CET) | J27: La date d'observation saisie du CET est non vide | K27: A_CET_DAGCET [Saisi] <> Vide | L27: T2360 | M27: Compte épargne-temps - Choix d'option | N27: Création Modification | O27: La date de l'opération saisie est non vide et le sens de l'opération est "Consommé" | P27: A_CET_DOOCET [Saisi] <> Vide ET A_CET_SEOCET [Saisi] = 'C' | Q27: Contractuel de droit privé | R27: P0072 | S27: Particulier | T27: Exclu | U27: 45323
A28: 25.10.00 | B28: A | C28: 45994.438 | D28: D0007 | E28: Congés/Absence | F28: S0183 | G28: Compte épargne-temps | H28: E0971 | I28: Compte épargne-temps (CET) | J28: La date d'observation saisie du CET est non vide | K28: A_CET_DAGCET [Saisi] <> Vide | L28: T2358 | M28: Compte épargne-temps - Ouverture | N28: Création Modification | O28: La date d'ouverture saisie est non vide et la date de l'opération est vide | P28: A_CET_DCRCET [Saisi] <> VIDE ET A_CET_DOOCET [Saisi] = VIDE | Q28: Ouvrier des parcs et ateliers ou assimilé confirmé | R28: P0096 | S28: Particulier | T28: Passant | U28: 45901 | W28: CET_I_036 ET CET_I_050 ET CET_D_400 ET CET_D_407 ET CET_C_017 ET CET_C_031 | X28: CET_I_036 | Y28: =VLOOKUP(X28,'Axe 2 Règles de gestion'!$D$2:$F$43,3, FALSE) -> L'agent bénéficie des dispositions applicables aux agents titulaires pour le compte épargne-temps, sauf dispositions contraires. | Z28: CET_I_050 | AA28: =VLOOKUP(Z28,'Axe 2 Règles de gestion'!$D$2:$F$43,3, FALSE) -> L'agent doit effectuer une demande d'ouverture d'un compte épargne-temps. | AJ28: CET_D_400 | AK28: =VLOOKUP(AJ28,'Axe 2 Règles de gestion'!$D$2:$F$43,3, FALSE) -> L'agent ne doit pas relever des régimes d'obligation de service. | AL28: CET_D_407 | AM28: =VLOOKUP(AL28,'Axe 2 Règles de gestion'!$D$2:$F$43,3, FALSE) -> L'agent est employé de manière continue et a accompli au moins 1 année de service. | AR28: CET_C_017 | AS28: =VLOOKUP(AR28,'Axe 2 Règles de gestion'!$D$2:$F$43,3, FALSE) -> La date d'ouverture du compte épargne temps global doit être postérieure ou égale à la date d'entrée dans le SIRH. | AT28: CET_C_031 | AU28: =VLOOKUP(AT28,'Axe 2 Règles de gestion'!$D$2:$F$43,3, FALSE) -> Les champs "Origine", "Nombre de jours de l'opération", "Nombre de jours pour valorisation financière" et "Nombre de jours pour cotisation RAFP" ne doivent pas être renseignés. | AZ28: 2025-114
A29: 25.10.00 | B29: A | C29: 45994.44 | D29: D0007 | E29: Congés/Absence | F29: S0183 | G29: Compte épargne-temps | H29: E0971 | I29: Compte épargne-temps (CET) | J29: La date d'observation saisie du CET est non vide | K29: A_CET_DAGCET [Saisi] <> Vide | L29: T2359 | M29: Compte épargne-temps - Alimentation | N29: Création Modification | O29: La date de l'opération saisie est non vide et le sens de l'opération est "Versé" | P29: A_CET_DOOCET [Saisi] <> Vide ET A_CET_SEOCET [Saisi] = 'V' | Q29: Ouvrier des parcs et ateliers ou assimilé confirmé | R29: P0096 | S29: Particulier | T29: Passant | U29: 45901 | W29: CET_I_036 ET CET_I_061 ET CET_I_060 ET CET_D_401 ET CET_D_402 ET CET_D_403 ET CET_C_023 ET CET_C_026 | X29: CET_I_036 | Y29: =VLOOKUP(X29,'Axe 2 Règles de gestion'!$D$2:$F$43,3, FALSE) -> L'agent bénéficie des dispositions applicables aux agents titulaires pour le compte épargne-temps, sauf dispositions contraires. | Z29: CET_I_061 | AA29: =VLOOKUP(Z29,'Axe 2 Règles de gestion'!$D$2:$F$43,3, FALSE) -> Pour les agents en service à l'étranger, le compte épargne-temps est alimenté par le report des jours de congés annuels dont ils bénéficient au titre du pays dans lequel ils sont affectés. | AB29: CET_I_060 | AC29: =VLOOKUP(AB29,'Axe 2 Règles de gestion'!$D$2:$F$43,3, FALSE) -> L'agent ne peut pas alimenter son compte épargne-temps par le report de congés bonifiés. | AJ29: CET_D_401 | AK29: =VLOOKUP(AJ29,'Axe 2 Règles de gestion'!$D$2:$F$43,3, FALSE) -> L'agent peut alimenter son compte épargne-temps par le report de jours de réduction du temps de travail, par le report de congés annuels et de fractionnement et si un arrêté le prévoit par le report de jours de repos compensateur. | AL29: CET_D_402 | AM29: =VLOOKUP(AL29,'Axe 2 Règles de gestion'!$D$2:$F$43,3, FALSE) -> L'agent pour pouvoir alimenter son compte épargne-temps doit avoir pris dans l'année au moins 20 jours de congés. | AN29: CET_D_403 | AO29: =VLOOKUP(AN29,'Axe 2 Règles de gestion'!$D$2:$F$43,3, FALSE) -> Lorsque le compte épargne-temps atteint 15 jours, l'agent peut épargner ensuite chaque année 10 jours au maximum. | AR29: CET_C_023 | AS29: =VLOOKUP(AR29,'Axe 2 Règles de gestion'!$D$2:$F$43,3, FALSE) -> Lorsque le sens de l'opération est à "Versé", le compteur global saisi est égal au compteur global de l'occurrence précédente auquel sont ajoutés les jours versés. | AT29: CET_C_026 | AU29: =VLOOKUP(AT29,'Axe 2 Règles de gestion'!$D$2:$F$43,3, FALSE) -> Lorsque le sens de l'opération est égal à "versé", le nombre de jours pour valorisation financière et le nombre de jours pour cotisation RAFP ne doivent pas être renseignés. | AZ29: 2025-114
A30: 25.10.00 | B30: A | C30: 45994.442 | D30: D0007 | E30: Congés/Absence | F30: S0183 | G30: Compte épargne-temps | H30: E0971 | I30: Compte épargne-temps (CET) | J30: La date d'observation saisie du CET est non vide | K30: A_CET_DAGCET [Saisi] <> Vide | L30: T2360 | M30: Compte épargne-temps - Choix d'option | N30: Création Modification | O30: La date de l'opération saisie est non vide et le sens de l'opération est "Consommé" | P30: A_CET_DOOCET [Saisi] <> Vide ET A_CET_SEOCET [Saisi] = 'C' | Q30: Ouvrier des parcs et ateliers ou assimilé confirmé | R30: P0096 | S30: Particulier | T30: Passant | U30: 45901 | W30: CET_I_036 ET CET_I_052 ET CET_I_054 ET CET_I_037 ET CET_I_038 ET CET_I_059 ET CET_D_405 ET CET_D_406 ET CET_D_408 ET CET_C_004 ET CET_C_024 ET CET_C_027 | X30: CET_I_036 | Y30: =VLOOKUP(X30,'Axe 2 Règles de gestion'!$D$2:$F$43,3, FALSE) -> L'agent bénéficie des dispositions applicables aux agents titulaires pour le compte épargne-temps, sauf dispositions contraires. | Z30: CET_I_052 | AA30: =VLOOKUP(Z30,'Axe 2 Règles de gestion'!$D$2:$F$43,3, FALSE) -> L'agent est informé chaque année, par l'administration, des jours épargnés et consommés. | AB30: CET_I_054 | AC30: =VLOOKUP(AB30,'Axe 2 Règles de gestion'!$D$2:$F$43,3, FALSE) -> Si le nombre de jours inscrits est supérieur à 15 jours au terme de l'année civile, l'agent ne peut utiliser ces 15 jours que sous forme de congés, pour les autres jours il doit exercer une option au plus le tard le 31 janvier de l'année suivante. | AD30: CET_I_037 | AE30: =VLOOKUP(AD30,'Axe 2 Règles de gestion'!$D$2:$F$43,3, FALSE) -> L'agent peut opter dans les proportions qu'il souhaite pour une indemnisation ou pour un maintien sur le compte épargne-temps. | AF30: CET_I_038 | AG30: =VLOOKUP(AF30,'Axe 2 Règles de gestion'!$D$2:$F$43,3, FALSE) -> Si l'agent n'exerce pas son droit d'option, les jours au-delà de 15 sont indemnisés. | AH30: CET_I_059 | AI30: =VLOOKUP(AH30,'Axe 2 Règles de gestion'!$D$2:$F$43,3, FALSE) -> Les années suivantes, les jours ainsi épargnés excédant le plafond global de jours prévu peuvent être maintenus sur le compte épargne-temps ou être consommés. | AJ30: CET_D_405 | AK30: =VLOOKUP(AJ30,'Axe 2 Règles de gestion'!$D$2:$F$43,3, FALSE) -> Le nombre de jours maintenus sur le compte épargne-temps ne doit pas dépasser un plafond annuel de 60 jours. | AL30: CET_D_406 | AM30: =VLOOKUP(AL30,'Axe 2 Règles de gestion'!$D$2:$F$43,3, FALSE) -> Au terme de l'année 2024, en raison de l'organisation des jeux olympiques et paralympiques, ce plafond annuel passe à 70 jours ou si le nombre de jours épargnés au terme de l'année 2023 excède 60 jours, au nombre de jours épargnés augmentés de 10 jours. | AN30: CET_D_408 | AO30: =VLOOKUP(AN30,'Axe 2 Règles de gestion'!$D$2:$F$43,3, FALSE) -> Si le nombre de jours inscrits sur le compte épargne-temps est inférieur ou égal à 15 jours au terme de l'année civile, l'agent ne peut utiliser ces jours épargnés que sous forme de congés. | AR30: CET_C_004 | AS30: =VLOOKUP(AR30,'Axe 2 Règles de gestion'!$D$2:$F$43,3, FALSE) -> Le nombre de jours de l'opération doit être inférieur ou égal au nombre de jours du compteur global du CET. | AT30: CET_C_024 | AU30: =VLOOKUP(AT30,'Axe 2 Règles de gestion'!$D$2:$F$43,3, FALSE) -> Lorsque le sens de l'opération est à "consommé", le compteur global saisi est égal au compteur global de l'occurrence précédente duquel sont soustraits les jours consommés en congés, les jours pour valorisation financière et les jours pour cotisation RAFP. | AV30: CET_C_027 | AW30: =VLOOKUP(AV30,'Axe 2 Règles de gestion'!$D$2:$F$43,3, FALSE) -> Lorsque le sens de l'opération est égal à "consommé", l'origine des jours n'est pas à renseigner. | AZ30: 2025-114
A31: 24.10.00 | B31: A | C31: 45628.643 | D31: D0007 | E31: Congés/Absence | F31: S0183 | G31: Compte épargne-temps | H31: E0971 | I31: Compte épargne-temps (CET) | J31: La date d'observation saisie du CET est non vide | K31: A_CET_DAGCET [Saisi] <> Vide | L31: T2358 | M31: Compte épargne-temps - Ouverture | N31: Création Modification | O31: La date d'ouverture saisie est non vide et la date de l'opération est vide | P31: A_CET_DCRCET [Saisi] <> VIDE ET A_CET_DOOCET [Saisi] = VIDE | Q31: Volontaire International | R31: P0178 | S31: Particulier | T31: Exclu | U31: 45323
A32: 24.10.00 | B32: A | C32: 45628.648 | D32: D0007 | E32: Congés/Absence | F32: S0183 | G32: Compte épargne-temps | H32: E0971 | I32: Compte épargne-temps (CET) | J32: La date d'observation saisie du CET est non vide | K32: A_CET_DAGCET [Saisi] <> Vide | L32: T2359 | M32: Compte épargne-temps - Alimentation | N32: Création Modification | O32: La date de l'opération saisie est non vide et le sens de l'opération est "Versé" | P32: A_CET_DOOCET [Saisi] <> Vide ET A_CET_SEOCET [Saisi] = 'V' | Q32: Volontaire International | R32: P0178 | S32: Particulier | T32: Exclu | U32: 45323
A33: 24.10.00 | B33: A | C33: 45628.662 | D33: D0007 | E33: Congés/Absence | F33: S0183 | G33: Compte épargne-temps | H33: E0971 | I33: Compte épargne-temps (CET) | J33: La date d'observation saisie du CET est non vide | K33: A_CET_DAGCET [Saisi] <> Vide | L33: T2360 | M33: Compte épargne-temps - Choix d'option | N33: Création Modification | O33: La date de l'opération saisie est non vide et le sens de l'opération est "Consommé" | P33: A_CET_DOOCET [Saisi] <> Vide ET A_CET_SEOCET [Saisi] = 'C' | Q33: Volontaire International | R33: P0178 | S33: Particulier | T33: Exclu | U33: 45323
A34: 24.10.00 | B34: A | C34: 45628.643 | D34: D0007 | E34: Congés/Absence | F34: S0183 | G34: Compte épargne-temps | H34: E0971 | I34: Compte épargne-temps (CET) | J34: La date d'observation saisie du CET est non vide | K34: A_CET_DAGCET [Saisi] <> Vide | L34: T2358 | M34: Compte épargne-temps - Ouverture | N34: Création Modification | O34: La date d'ouverture saisie est non vide et la date de l'opération est vide | P34: A_CET_DCRCET [Saisi] <> VIDE ET A_CET_DOOCET [Saisi] = VIDE | Q34: Personnel civil de coopération (assistant technique) | R34: P0214 | S34: Particulier | T34: Exclu | U34: 45323
A35: 24.10.00 | B35: A | C35: 45628.649 | D35: D0007 | E35: Congés/Absence | F35: S0183 | G35: Compte épargne-temps | H35: E0971 | I35: Compte épargne-temps (CET) | J35: La date d'observation saisie du CET est non vide | K35: A_CET_DAGCET [Saisi] <> Vide | L35: T2359 | M35: Compte épargne-temps - Alimentation | N35: Création Modification | O35: La date de l'opération saisie est non vide et le sens de l'opération est "Versé" | P35: A_CET_DOOCET [Saisi] <> Vide ET A_CET_SEOCET [Saisi] = 'V' | Q35: Personnel civil de coopération (assistant technique) | R35: P0214 | S35: Particulier | T35: Exclu | U35: 45323
A36: 24.10.00 | B36: A | C36: 45628.663 | D36: D0007 | E36: Congés/Absence | F36: S0183 | G36: Compte épargne-temps | H36: E0971 | I36: Compte épargne-temps (CET) | J36: La date d'observation saisie du CET est non vide | K36: A_CET_DAGCET [Saisi] <> Vide | L36: T2360 | M36: Compte épargne-temps - Choix d'option | N36: Création Modification | O36: La date de l'opération saisie est non vide et le sens de l'opération est "Consommé" | P36: A_CET_DOOCET [Saisi] <> Vide ET A_CET_SEOCET [Saisi] = 'C' | Q36: Personnel civil de coopération (assistant technique) | R36: P0214 | S36: Particulier | T36: Exclu | U36: 45323
A37: 25.10.00 | B37: A | C37: 45994.446 | D37: D0007 | E37: Congés/Absence | F37: S0183 | G37: Compte épargne-temps | H37: E0971 | I37: Compte épargne-temps (CET) | J37: La date d'observation saisie du CET est non vide | K37: A_CET_DAGCET [Saisi] <> Vide | L37: T2358 | M37: Compte épargne-temps - Ouverture | N37: Création Modification | O37: La date d'ouverture saisie est non vide et la date de l'opération est vide | P37: A_CET_DCRCET [Saisi] <> VIDE ET A_CET_DOOCET [Saisi] = VIDE | Q37: Ouvrier des parcs et ateliers stagiaire | R37: P0226 | S37: Particulier | T37: Exclu | U37: 45901 | AZ37: 2025-114
A38: 25.10.00 | B38: A | C38: 45994.649 | D38: D0007 | E38: Congés/Absence | F38: S0183 | G38: Compte épargne-temps | H38: E0971 | I38: Compte épargne-temps (CET) | J38: La date d'observation saisie du CET est non vide | K38: A_CET_DAGCET [Saisi] <> Vide | L38: T2359 | M38: Compte épargne-temps - Alimentation | N38: Création Modification | O38: La date de l'opération saisie est non vide et le sens de l'opération est "Versé" | P38: A_CET_DOOCET [Saisi] <> Vide ET A_CET_SEOCET [Saisi] = 'V' | Q38: Ouvrier des parcs et ateliers stagiaire | R38: P0226 | S38: Particulier | T38: Exclu | U38: 45901 | AZ38: 2025-114
A39: 25.10.00 | B39: A | C39: 45994.651 | D39: D0007 | E39: Congés/Absence | F39: S0183 | G39: Compte épargne-temps | H39: E0971 | I39: Compte épargne-temps (CET) | J39: La date d'observation saisie du CET est non vide | K39: A_CET_DAGCET [Saisi] <> Vide | L39: T2360 | M39: Compte épargne-temps - Choix d'option | N39: Création Modification | O39: La date de l'opération saisie est non vide et le sens de l'opération est "Consommé" | P39: A_CET_DOOCET [Saisi] <> Vide ET A_CET_SEOCET [Saisi] = 'C' | Q39: Ouvrier des parcs et ateliers stagiaire | R39: P0226 | S39: Particulier | T39: Exclu | U39: 45901 | AZ39: 2025-114
A40: 24.10.00 | B40: A | C40: 45628.665 | D40: D0007 | E40: Congés/Absence | F40: S0183 | G40: Compte épargne-temps | H40: E0972 | I40: Compte épargne-temps (CET) historique | J40: La date d'observation saisie du CET historique est non vide | K40: A_CET_DAGTRA [Saisi] <> Vide | L40: T2361 | M40: Compte épargne-temps historique - Choix d'option | N40: Création Modification | O40: La date de l'opération saisie est non vide pour le CET historique | P40: A_CET_DOOCET [Saisi] <> Vide #pour le CET historique# | Q40: Titulaire ou magistrat | R40: P0001 | S40: Général | T40: Passant | U40: 45323 | W40: CET_I_062 ET CET_I_069 ET CET_C_004 ET CET_C_024 ET CET_C_027 ET CET_C_030 | X40: CET_I_062 | Y40: =VLOOKUP(X40,'Axe 2 Règles de gestion'!$D$2:$F$43,3, FALSE) -> L'agent titulaire d'un compte épargne-temps historique peut utiliser ses jours épargnés sous forme de congés ou les faire indemniser ou pour une prise en compte au sein du régime additionnel de la fonction publique. | Z40: CET_I_069 | AA40: =VLOOKUP(Z40,'Axe 2 Règles de gestion'!$D$2:$F$43,3, FALSE) -> Depuis 2009, l'ouverture et l'alimentation du compte épargne-temps historique ne sont plus autorisées. | AR40: CET_C_004 | AS40: =VLOOKUP(AR40,'Axe 2 Règles de gestion'!$D$2:$F$43,3, FALSE) -> Le nombre de jours de l'opération doit être inférieur ou égal au nombre de jours du compteur global du CET. | AT40: CET_C_024 | AU40: =VLOOKUP(AT40,'Axe 2 Règles de gestion'!$D$2:$F$43,3, FALSE) -> Lorsque le sens de l'opération est à "consommé", le compteur global saisi est égal au compteur global de l'occurrence précédente duquel sont soustraits les jours consommés en congés, les jours pour valorisation financière et les jours pour cotisation RAFP. | AV40: CET_C_027 | AW40: =VLOOKUP(AV40,'Axe 2 Règles de gestion'!$D$2:$F$43,3, FALSE) -> Lorsque le sens de l'opération est égal à "consommé", l'origine des jours n'est pas à renseigner. | AX40: CET_C_030 | AY40: =VLOOKUP(AX40,'Axe 2 Règles de gestion'!$D$2:$F$43,3, FALSE) -> Le sens de l'opération doit être à "consommé".
A41: 24.10.00 | B41: A | C41: 45628.665 | D41: D0007 | E41: Congés/Absence | F41: S0183 | G41: Compte épargne-temps | H41: E0972 | I41: Compte épargne-temps (CET) historique | J41: La date d'observation saisie du CET historique est non vide | K41: A_CET_DAGTRA [Saisi] <> Vide | L41: T2361 | M41: Compte épargne-temps historique - Choix d'option | N41: Création Modification | O41: La date de l'opération saisie est non vide pour le CET historique | P41: A_CET_DOOCET [Saisi] <> Vide #pour le CET historique# | Q41: Militaire | R41: P0002 | S41: Général | T41: Exclu | U41: 45323
A42: 25.10.00 | B42: M | C42: 45994.658 | D42: D0007 | E42: Congés/Absence | F42: S0183 | G42: Compte épargne-temps | H42: E0972 | I42: Compte épargne-temps (CET) historique | J42: La date d'observation saisie du CET historique est non vide | K42: A_CET_DAGTRA [Saisi] <> Vide | L42: T2361 | M42: Compte épargne-temps historique - Choix d'option | N42: Création Modification | O42: La date de l'opération saisie est non vide pour le CET historique | P42: A_CET_DOOCET [Saisi] <> Vide #pour le CET historique# | Q42: Contractuel | R42: P0003 | S42: Général | T42: Passant | U42: 45323 | W42: CET_I_039 ET CET_I_069 ET CET_C_004 ET CET_C_024 ET CET_C_027 ET CET_C_030 | X42: CET_I_039 | Y42: =VLOOKUP(X42,'Axe 2 Règles de gestion'!$D$2:$F$43,3, FALSE) -> L'agent titulaire d'un compte épargne-temps historique peut utiliser ses jours épargnés sous forme de congés ou les faire indemniser. | Z42: CET_I_069 | AA42: =VLOOKUP(Z42,'Axe 2 Règles de gestion'!$D$2:$F$43,3, FALSE) -> Depuis 2009, l'ouverture et l'alimentation du compte épargne-temps historique ne sont plus autorisées. | AR42: CET_C_004 | AS42: =VLOOKUP(AR42,'Axe 2 Règles de gestion'!$D$2:$F$43,3, FALSE) -> Le nombre de jours de l'opération doit être inférieur ou égal au nombre de jours du compteur global du CET. | AT42: CET_C_024 | AU42: =VLOOKUP(AT42,'Axe 2 Règles de gestion'!$D$2:$F$43,3, FALSE) -> Lorsque le sens de l'opération est à "consommé", le compteur global saisi est égal au compteur global de l'occurrence précédente duquel sont soustraits les jours consommés en congés, les jours pour valorisation financière et les jours pour cotisation RAFP. | AV42: CET_C_027 | AW42: =VLOOKUP(AV42,'Axe 2 Règles de gestion'!$D$2:$F$43,3, FALSE) -> Lorsque le sens de l'opération est égal à "consommé", l'origine des jours n'est pas à renseigner. | AX42: CET_C_030 | AY42: =VLOOKUP(AX42,'Axe 2 Règles de gestion'!$D$2:$F$43,3, FALSE) -> Le sens de l'opération doit être à "consommé". | AZ42: 2025-114
A43: 24.10.00 | B43: A | C43: 45628.666 | D43: D0007 | E43: Congés/Absence | F43: S0183 | G43: Compte épargne-temps | H43: E0972 | I43: Compte épargne-temps (CET) historique | J43: La date d'observation saisie du CET historique est non vide | K43: A_CET_DAGTRA [Saisi] <> Vide | L43: T2361 | M43: Compte épargne-temps historique - Choix d'option | N43: Création Modification | O43: La date de l'opération saisie est non vide pour le CET historique | P43: A_CET_DOOCET [Saisi] <> Vide #pour le CET historique# | Q43: Stagiaire ou auditeur ou élève | R43: P0004 | S43: Général | T43: Exclu | U43: 45323
A44: 25.10.00 | B44: A | C44: 45994.653 | D44: D0007 | E44: Congés/Absence | F44: S0183 | G44: Compte épargne-temps | H44: E0972 | I44: Compte épargne-temps (CET) historique | J44: La date d'observation saisie du CET historique est non vide | K44: A_CET_DAGTRA [Saisi] <> Vide | L44: T2361 | M44: Compte épargne-temps historique - Choix d'option | N44: Création Modification | O44: La date de l'opération saisie est non vide pour le CET historique | P44: A_CET_DOOCET [Saisi] <> Vide #pour le CET historique# | Q44: Ouvrier d'état | R44: P0005 | S44: Général | T44: Passant | U44: 45901 | W44: CET_C_004 | AR44: CET_C_004 | AS44: =VLOOKUP(AR44,'Axe 2 Règles de gestion'!$D$2:$F$43,3, FALSE) -> Le nombre de jours de l'opération doit être inférieur ou égal au nombre de jours du compteur global du CET. | AZ44: 2025-114
A45: 24.10.00 | B45: A | C45: 45628.666 | D45: D0007 | E45: Congés/Absence | F45: S0183 | G45: Compte épargne-temps | H45: E0972 | I45: Compte épargne-temps (CET) historique | J45: La date d'observation saisie du CET historique est non vide | K45: A_CET_DAGTRA [Saisi] <> Vide | L45: T2361 | M45: Compte épargne-temps historique - Choix d'option | N45: Création Modification | O45: La date de l'opération saisie est non vide pour le CET historique | P45: A_CET_DOOCET [Saisi] <> Vide #pour le CET historique# | Q45: Expert technique international | R45: P0018 | S45: Particulier | T45: Exclu | U45: 45323
A46: 24.10.00 | B46: A | C46: 45628.667 | D46: D0007 | E46: Congés/Absence | F46: S0183 | G46: Compte épargne-temps | H46: E0972 | I46: Compte épargne-temps (CET) historique | J46: La date d'observation saisie du CET historique est non vide | K46: A_CET_DAGTRA [Saisi] <> Vide | L46: T2361 | M46: Compte épargne-temps historique - Choix d'option | N46: Création Modification | O46: La date de l'opération saisie est non vide pour le CET historique | P46: A_CET_DOOCET [Saisi] <> Vide #pour le CET historique# | Q46: Personnel civil payé à l'acte ou à la tâche | R46: P0054 | S46: Particulier | T46: Exclu | U46: 45323
A47: 24.10.00 | B47: A | C47: 45628.667 | D47: D0007 | E47: Congés/Absence | F47: S0183 | G47: Compte épargne-temps | H47: E0972 | I47: Compte épargne-temps (CET) historique | J47: La date d'observation saisie du CET historique est non vide | K47: A_CET_DAGTRA [Saisi] <> Vide | L47: T2361 | M47: Compte épargne-temps historique - Choix d'option | N47: Création Modification | O47: La date de l'opération saisie est non vide pour le CET historique | P47: A_CET_DOOCET [Saisi] <> Vide #pour le CET historique# | Q47: Contractuel de droit privé | R47: P0072 | S47: Particulier | T47: Exclu | U47: 45323
A48: 25.10.00 | B48: A | C48: 45994.443 | D48: D0007 | E48: Congés/Absence | F48: S0183 | G48: Compte épargne-temps | H48: E0972 | I48: Compte épargne-temps (CET) historique | J48: La date d'observation saisie du CET historique est non vide | K48: A_CET_DAGTRA [Saisi] <> Vide | L48: T2361 | M48: Compte épargne-temps historique - Choix d'option | N48: Création Modification | O48: La date de l'opération saisie est non vide pour le CET historique | P48: A_CET_DOOCET [Saisi] <> Vide #pour le CET historique# | Q48: Ouvrier des parcs et ateliers ou assimilé confirmé | R48: P0096 | S48: Particulier | T48: Passant | U48: 45901 | W48: CET_I_036 ET CET_I_039 ET CET_I_069 ET CET_C_004 ET CET_C_024 ET CET_C_027 ET CET_C_030 | X48: CET_I_036 | Y48: =VLOOKUP(X48,'Axe 2 Règles de gestion'!$D$2:$F$43,3, FALSE) -> L'agent bénéficie des dispositions applicables aux agents titulaires pour le compte épargne-temps, sauf dispositions contraires. | Z48: CET_I_039 | AA48: =VLOOKUP(Z48,'Axe 2 Règles de gestion'!$D$2:$F$43,3, FALSE) -> L'agent titulaire d'un compte épargne-temps historique peut utiliser ses jours épargnés sous forme de congés ou les faire indemniser. | AB48: CET_I_069 | AC48: =VLOOKUP(AB48,'Axe 2 Règles de gestion'!$D$2:$F$43,3, FALSE) -> Depuis 2009, l'ouverture et l'alimentation du compte épargne-temps historique ne sont plus autorisées. | AR48: CET_C_004 | AS48: =VLOOKUP(AR48,'Axe 2 Règles de gestion'!$D$2:$F$43,3, FALSE) -> Le nombre de jours de l'opération doit être inférieur ou égal au nombre de jours du compteur global du CET. | AT48: CET_C_024 | AU48: =VLOOKUP(AT48,'Axe 2 Règles de gestion'!$D$2:$F$43,3, FALSE) -> Lorsque le sens de l'opération est à "consommé", le compteur global saisi est égal au compteur global de l'occurrence précédente duquel sont soustraits les jours consommés en congés, les jours pour valorisation financière et les jours pour cotisation RAFP. | AV48: CET_C_027 | AW48: =VLOOKUP(AV48,'Axe 2 Règles de gestion'!$D$2:$F$43,3, FALSE) -> Lorsque le sens de l'opération est égal à "consommé", l'origine des jours n'est pas à renseigner. | AX48: CET_C_030 | AY48: =VLOOKUP(AX48,'Axe 2 Règles de gestion'!$D$2:$F$43,3, FALSE) -> Le sens de l'opération doit être à "consommé". | AZ48: 2025-114
A49: 24.10.00 | B49: A | C49: 45628.667 | D49: D0007 | E49: Congés/Absence | F49: S0183 | G49: Compte épargne-temps | H49: E0972 | I49: Compte épargne-temps (CET) historique | J49: La date d'observation saisie du CET historique est non vide | K49: A_CET_DAGTRA [Saisi] <> Vide | L49: T2361 | M49: Compte épargne-temps historique - Choix d'option | N49: Création Modification | O49: La date de l'opération saisie est non vide pour le CET historique | P49: A_CET_DOOCET [Saisi] <> Vide #pour le CET historique# | Q49: Volontaire International | R49: P0178 | S49: Particulier | T49: Exclu | U49: 45323
A50: 24.10.00 | B50: A | C50: 45628.667 | D50: D0007 | E50: Congés/Absence | F50: S0183 | G50: Compte épargne-temps | H50: E0972 | I50: Compte épargne-temps (CET) historique | J50: La date d'observation saisie du CET historique est non vide | K50: A_CET_DAGTRA [Saisi] <> Vide | L50: T2361 | M50: Compte épargne-temps historique - Choix d'option | N50: Création Modification | O50: La date de l'opération saisie est non vide pour le CET historique | P50: A_CET_DOOCET [Saisi] <> Vide #pour le CET historique# | Q50: Personnel civil de coopération (assistant technique) | R50: P0214 | S50: Particulier | T50: Exclu | U50: 45323
A51: 25.10.00 | B51: A | C51: 45994.652 | D51: D0007 | E51: Congés/Absence | F51: S0183 | G51: Compte épargne-temps | H51: E0972 | I51: Compte épargne-temps (CET) historique | J51: La date d'observation saisie du CET historique est non vide | K51: A_CET_DAGTRA [Saisi] <> Vide | L51: T2361 | M51: Compte épargne-temps historique - Choix d'option | N51: Création Modification | O51: La date de l'opération saisie est non vide pour le CET historique | P51: A_CET_DOOCET [Saisi] <> Vide #pour le CET historique# | Q51: Ouvrier des parcs et ateliers stagiaire | R51: P0226 | S51: Particulier | T51: Exclu | U51: 45901 | AZ51: 2025-114
A52: 24.10.00 | B52: A | C52: 45628.669 | D52: D0007 | E52: Congés/Absence | F52: S0183 | G52: Compte épargne-temps | H52: E0973 | I52: Compte épargne-temps (CET) - Mobilité/Fin de fonction | L52: T2362 | M52: Compte épargne-temps - Mobilité/Fin de fonction | N52: Création Modification | Q52: Titulaire ou magistrat | R52: P0001 | S52: Général | T52: Passant | U52: 45323 | W52: CET_I_063 ET CET_I_064 ET CET_I_067 ET CET_I_068 | X52: CET_I_063 | Y52: =VLOOKUP(X52,'Axe 2 Règles de gestion'!$D$2:$F$43,3, FALSE) -> En cas de mutation, d'intégration directe, de mise à disposition, de détachement dans la fonction publique d'Etat, l'agent peut utiliser son compte épargne-temps. Sa gestion est assurée par l'administration d'accueil. | Z52: CET_I_064 | AA52: =VLOOKUP(Z52,'Axe 2 Règles de gestion'!$D$2:$F$43,3, FALSE) -> En cas de disponibilité ou en cas de congé parental, l'agent peut utiliser son compte épargne-temps à condition d'avoir obtenu l'autorisation de son administration d'origine. | AB52: CET_I_067 | AC52: =VLOOKUP(AB52,'Axe 2 Règles de gestion'!$D$2:$F$43,3, FALSE) -> En cas de décès de l'agent, les ayants droit bénéficient d'une indemnisation des jours accumulés sur le compte épargne-temps. | AD52: CET_I_068 | AE52: =VLOOKUP(AD52,'Axe 2 Règles de gestion'!$D$2:$F$43,3, FALSE) -> Si l'agent cesse définitivement ses fonctions, le solde éventuel de l'indemnisation dû à sa cessation de fonctions est versé à cette date.
A53: 24.10.00 | B53: A | C53: 45628.669 | D53: D0007 | E53: Congés/Absence | F53: S0183 | G53: Compte épargne-temps | H53: E0973 | I53: Compte épargne-temps (CET) - Mobilité/Fin de fonction | L53: T2362 | M53: Compte épargne-temps - Mobilité/Fin de fonction | N53: Création Modification | Q53: Militaire | R53: P0002 | S53: Général | T53: Exclu | U53: 45323
A54: 24.10.00 | B54: A | C54: 45628.67 | D54: D0007 | E54: Congés/Absence | F54: S0183 | G54: Compte épargne-temps | H54: E0973 | I54: Compte épargne-temps (CET) - Mobilité/Fin de fonction | L54: T2362 | M54: Compte épargne-temps - Mobilité/Fin de fonction | N54: Création Modification | Q54: Contractuel | R54: P0003 | S54: Général | T54: Passant | U54: 45323 | W54: CET_I_063 ET CET_I_065 ET CET_I_066 ET CET_I_067 ET CET_I_068 | X54: CET_I_063 | Y54: =VLOOKUP(X54,'Axe 2 Règles de gestion'!$D$2:$F$43,3, FALSE) -> En cas de mutation, d'intégration directe, de mise à disposition, de détachement dans la fonction publique d'Etat, l'agent peut utiliser son compte épargne-temps. Sa gestion est assurée par l'administration d'accueil. | Z54: CET_I_065 | AA54: =VLOOKUP(Z54,'Axe 2 Règles de gestion'!$D$2:$F$43,3, FALSE) -> En cas de congé parental, l'agent peut utiliser son compte épargne-temps à condition d'avoir obtenu l'autorisation de son administration d'origine. | AB54: CET_I_066 | AC54: =VLOOKUP(AB54,'Axe 2 Règles de gestion'!$D$2:$F$43,3, FALSE) -> En cas de congé de mobilité, l'agent peut utiliser son compte épargne-temps. Sa gestion est assurée par l'administration d'accueil. | AD54: CET_I_067 | AE54: =VLOOKUP(AD54,'Axe 2 Règles de gestion'!$D$2:$F$43,3, FALSE) -> En cas de décès de l'agent, les ayants droit bénéficient d'une indemnisation des jours accumulés sur le compte épargne-temps. | AF54: CET_I_068 | AG54: =VLOOKUP(AF54,'Axe 2 Règles de gestion'!$D$2:$F$43,3, FALSE) -> Si l'agent cesse définitivement ses fonctions, le solde éventuel de l'indemnisation dû à sa cessation de fonctions est versé à cette date.
A55: 24.10.00 | B55: A | C55: 45628.67 | D55: D0007 | E55: Congés/Absence | F55: S0183 | G55: Compte épargne-temps | H55: E0973 | I55: Compte épargne-temps (CET) - Mobilité/Fin de fonction | L55: T2362 | M55: Compte épargne-temps - Mobilité/Fin de fonction | N55: Création Modification | Q55: Stagiaire ou auditeur ou élève | R55: P0004 | S55: Général | T55: Exclu | U55: 45323
A56: 25.10.00 | B56: A | C56: 45994.656 | D56: D0007 | E56: Congés/Absence | F56: S0183 | G56: Compte épargne-temps | H56: E0973 | I56: Compte épargne-temps (CET) - Mobilité/Fin de fonction | L56: T2362 | M56: Compte épargne-temps - Mobilité/Fin de fonction | N56: Création Modification | Q56: Ouvrier d'état | R56: P0005 | S56: Général | T56: Passant | U56: 45901 | W56: CET_C_004 | AR56: CET_C_004 | AS56: =VLOOKUP(AR56,'Axe 2 Règles de gestion'!$D$2:$F$43,3, FALSE) -> Le nombre de jours de l'opération doit être inférieur ou égal au nombre de jours du compteur global du CET. | AZ56: 2025-114
A57: 24.10.00 | B57: A | C57: 45628.671 | D57: D0007 | E57: Congés/Absence | F57: S0183 | G57: Compte épargne-temps | H57: E0973 | I57: Compte épargne-temps (CET) - Mobilité/Fin de fonction | L57: T2362 | M57: Compte épargne-temps - Mobilité/Fin de fonction | N57: Création Modification | Q57: Expert technique international | R57: P0018 | S57: Particulier | T57: Exclu | U57: 45323
A58: 24.10.00 | B58: A | C58: 45628.671 | D58: D0007 | E58: Congés/Absence | F58: S0183 | G58: Compte épargne-temps | H58: E0973 | I58: Compte épargne-temps (CET) - Mobilité/Fin de fonction | L58: T2362 | M58: Compte épargne-temps - Mobilité/Fin de fonction | N58: Création Modification | Q58: Personnel civil payé à l'acte ou à la tâche | R58: P0054 | S58: Particulier | T58: Exclu | U58: 45323
A59: 24.10.00 | B59: A | C59: 45628.672 | D59: D0007 | E59: Congés/Absence | F59: S0183 | G59: Compte épargne-temps | H59: E0973 | I59: Compte épargne-temps (CET) - Mobilité/Fin de fonction | L59: T2362 | M59: Compte épargne-temps - Mobilité/Fin de fonction | N59: Création Modification | Q59: Contractuel de droit privé | R59: P0072 | S59: Particulier | T59: Exclu | U59: 45323
A60: 25.10.00 | B60: A | C60: 45994.445 | D60: D0007 | E60: Congés/Absence | F60: S0183 | G60: Compte épargne-temps | H60: E0973 | I60: Compte épargne-temps (CET) - Mobilité/Fin de fonction | L60: T2362 | M60: Compte épargne-temps - Mobilité/Fin de fonction | N60: Création Modification | Q60: Ouvrier des parcs et ateliers ou assimilé confirmé | R60: P0096 | S60: Particulier | T60: Passant | U60: 45901 | W60: CET_I_036 ET CET_I_063 ET CET_I_064 ET CET_I_067 ET CET_I_068 | X60: CET_I_036 | Y60: =VLOOKUP(X60,'Axe 2 Règles de gestion'!$D$2:$F$43,3, FALSE) -> L'agent bénéficie des dispositions applicables aux agents titulaires pour le compte épargne-temps, sauf dispositions contraires. | Z60: CET_I_063 | AA60: =VLOOKUP(Z60,'Axe 2 Règles de gestion'!$D$2:$F$43,3, FALSE) -> En cas de mutation, d'intégration directe, de mise à disposition, de détachement dans la fonction publique d'Etat, l'agent peut utiliser son compte épargne-temps. Sa gestion est assurée par l'administration d'accueil. | AB60: CET_I_064 | AC60: =VLOOKUP(AB60,'Axe 2 Règles de gestion'!$D$2:$F$43,3, FALSE) -> En cas de disponibilité ou en cas de congé parental, l'agent peut utiliser son compte épargne-temps à condition d'avoir obtenu l'autorisation de son administration d'origine. | AD60: CET_I_067 | AE60: =VLOOKUP(AD60,'Axe 2 Règles de gestion'!$D$2:$F$43,3, FALSE) -> En cas de décès de l'agent, les ayants droit bénéficient d'une indemnisation des jours accumulés sur le compte épargne-temps. | AF60: CET_I_068 | AG60: =VLOOKUP(AF60,'Axe 2 Règles de gestion'!$D$2:$F$43,3, FALSE) -> Si l'agent cesse définitivement ses fonctions, le solde éventuel de l'indemnisation dû à sa cessation de fonctions est versé à cette date. | AZ60: 2025-114
A61: 24.10.00 | B61: A | C61: 45628.672 | D61: D0007 | E61: Congés/Absence | F61: S0183 | G61: Compte épargne-temps | H61: E0973 | I61: Compte épargne-temps (CET) - Mobilité/Fin de fonction | L61: T2362 | M61: Compte épargne-temps - Mobilité/Fin de fonction | N61: Création Modification | Q61: Volontaire International | R61: P0178 | S61: Particulier | T61: Exclu | U61: 45323
A62: 24.10.00 | B62: A | C62: 45628.672 | D62: D0007 | E62: Congés/Absence | F62: S0183 | G62: Compte épargne-temps | H62: E0973 | I62: Compte épargne-temps (CET) - Mobilité/Fin de fonction | L62: T2362 | M62: Compte épargne-temps - Mobilité/Fin de fonction | N62: Création Modification | Q62: Personnel civil de coopération (assistant technique) | R62: P0214 | S62: Particulier | T62: Exclu | U62: 45323
A63: 25.10.00 | B63: A | C63: 45994.653 | D63: D0007 | E63: Congés/Absence | F63: S0183 | G63: Compte épargne-temps | H63: E0973 | I63: Compte épargne-temps (CET) - Mobilité/Fin de fonction | L63: T2362 | M63: Compte épargne-temps - Mobilité/Fin de fonction | N63: Création Modification | Q63: Ouvrier des parcs et ateliers stagiaire | R63: P0226 | S63: Particulier | T63: Exclu | U63: 45901 | AZ63: 2025-114

Sheet Axe 1 Enchaînement RG Impact
A1: Version | B1: Type de mise à jour | C1: Date de mise à jour | D1: Identifiant Domaine | E1: Libellé du Domaine | F1: Identifiant Sous-domaine | G1: Libellé du Sous-domaine | H1: Identifiant Evénement | I1: Libellé de l'évènement | J1: Libellé condition déclenchement Evènement | K1: Condition déclenchement Evènement | L1: Identifiant type d'évènement | M1: Libellé type d'évènement | N1: Type de mise à jour | O1: Libellé condition déclenchement Type Evènement | P1: Condition déclenchement Type Evènement | Q1: Libellé Population | R1: Codification Population | S1: Général / Particulier | T1: Passant / Exclu | U1: Date de début | V1: Date de fin | W1: Impacts | X1: Identifiant Impacts 1 | Y1: Libellé Impacts 1 | Z1: Identifiant Impacts 2 | AA1: Libellé Impacts 2 | AB1: Identifiant Impacts 3 | AC1: Libellé Impacts 3 | AD1: FIME | AE1: Statut de travail
A2: 24.10.00 | B2: A | C2: 45628.64 | D2: D0007 | E2: Congés/Absence | F2: S0183 | G2: Compte épargne-temps | H2: E0971 | I2: Compte épargne-temps (CET) | J2: La date d'observation saisie du CET est non vide | K2: A_CET_DAGCET [Saisi] <> Vide | L2: T2358 | M2: Compte épargne-temps - Ouverture | N2: Création Modification | O2: La date d'ouverture saisie est non vide et la date de l'opération est vide | P2: A_CET_DCRCET [Saisi] <> VIDE ET A_CET_DOOCET [Saisi] = VIDE | Q2: Titulaire ou magistrat | R2: P0001 | S2: Général | T2: Passant | U2: 45323 | W2: CET_P_001 ET CET_P_006 ET CET_P_007 | X2: CET_P_001 | Y2: =VLOOKUP(X2,'Axe 2 Règles de gestion'!$D$2:$F$43,3, FALSE) -> Rémunération : En cas d'indemnisation, le montant versé est un montant forfaitaire qui dépend de la catégorie statutaire d'appartenance de l'agent. | Z2: CET_P_006 | AA2: =VLOOKUP(Z2,'Axe 2 Règles de gestion'!$D$2:$F$43,3, FALSE) -> Stage : L'agent ne peut pas demander l'ouverture ou l'utilisation d'un compte épargne-temps durant la durée de son stage. | AB2: CET_P_007 | AC2: =VLOOKUP(AB2,'Axe 2 Règles de gestion'!$D$2:$F$43,3, FALSE) -> Congés annuels : L'agent conserve son droit à congé annuel.
A3: 24.10.00 | B3: A | C3: 45628.644 | D3: D0007 | E3: Congés/Absence | F3: S0183 | G3: Compte épargne-temps | H3: E0971 | I3: Compte épargne-temps (CET) | J3: La date d'observation saisie du CET est non vide | K3: A_CET_DAGCET [Saisi] <> Vide | L3: T2359 | M3: Compte épargne-temps - Alimentation | N3: Création Modification | O3: La date de l'opération saisie est non vide et le sens de l'opération est "Versé" | P3: A_CET_DOOCET [Saisi] <> Vide ET A_CET_SEOCET [Saisi] = 'V' | Q3: Titulaire ou magistrat | R3: P0001 | S3: Général | T3: Passant | U3: 45323 | V3: 45688 | W3: CET_P_001 ET CET_P_006 ET CET_P_007 | X3: CET_P_001 | Y3: =VLOOKUP(X3,'Axe 2 Règles de gestion'!$D$2:$F$43,3, FALSE) -> Rémunération : En cas d'indemnisation, le montant versé est un montant forfaitaire qui dépend de la catégorie statutaire d'appartenance de l'agent. | Z3: CET_P_006 | AA3: =VLOOKUP(Z3,'Axe 2 Règles de gestion'!$D$2:$F$43,3, FALSE) -> Stage : L'agent ne peut pas demander l'ouverture ou l'utilisation d'un compte épargne-temps durant la durée de son stage. | AB3: CET_P_007 | AC3: =VLOOKUP(AB3,'Axe 2 Règles de gestion'!$D$2:$F$43,3, FALSE) -> Congés annuels : L'agent conserve son droit à congé annuel.
A4: 24.10.00 | B4: A | C4: 45628.645 | D4: D0007 | E4: Congés/Absence | F4: S0183 | G4: Compte épargne-temps | H4: E0971 | I4: Compte épargne-temps (CET) | J4: La date d'observation saisie du CET est non vide | K4: A_CET_DAGCET [Saisi] <> Vide | L4: T2359 | M4: Compte épargne-temps - Alimentation | N4: Création Modification | O4: La date de l'opération saisie est non vide et le sens de l'opération est "Versé" | P4: A_CET_DOOCET [Saisi] <> Vide ET A_CET_SEOCET [Saisi] = 'V' | Q4: Titulaire ou magistrat | R4: P0001 | S4: Général | T4: Passant | U4: 45689 | W4: CET_P_001 ET CET_P_006 ET CET_P_007 | X4: CET_P_001 | Y4: =VLOOKUP(X4,'Axe 2 Règles de gestion'!$D$2:$F$43,3, FALSE) -> Rémunération : En cas d'indemnisation, le montant versé est un montant forfaitaire qui dépend de la catégorie statutaire d'appartenance de l'agent. | Z4: CET_P_006 | AA4: =VLOOKUP(Z4,'Axe 2 Règles de gestion'!$D$2:$F$43,3, FALSE) -> Stage : L'agent ne peut pas demander l'ouverture ou l'utilisation d'un compte épargne-temps durant la durée de son stage. | AB4: CET_P_007 | AC4: =VLOOKUP(AB4,'Axe 2 Règles de gestion'!$D$2:$F$43,3, FALSE) -> Congés annuels : L'agent conserve son droit à congé annuel.
A5: 24.10.00 | B5: A | C5: 45628.659 | D5: D0007 | E5: Congés/Absence | F5: S0183 | G5: Compte épargne-temps | H5: E0971 | I5: Compte épargne-temps (CET) | J5: La date d'observation saisie du CET est non vide | K5: A_CET_DAGCET [Saisi] <> Vide | L5: T2360 | M5: Compte épargne-temps - Choix d'option | N5: Création Modification | O5: La date de l'opération saisie est non vide et le sens de l'opération est "Consommé" | P5: A_CET_DOOCET [Saisi] <> Vide ET A_CET_SEOCET [Saisi] = 'C' | Q5: Titulaire ou magistrat | R5: P0001 | S5: Général | T5: Passant | U5: 45323 | W5: CET_P_001 ET CET_P_006 ET CET_P_007 | X5: CET_P_001 | Y5: =VLOOKUP(X5,'Axe 2 Règles de gestion'!$D$2:$F$43,3, FALSE) -> Rémunération : En cas d'indemnisation, le montant versé est un montant forfaitaire qui dépend de la catégorie statutaire d'appartenance de l'agent. | Z5: CET_P_006 | AA5: =VLOOKUP(Z5,'Axe 2 Règles de gestion'!$D$2:$F$43,3, FALSE) -> Stage : L'agent ne peut pas demander l'ouverture ou l'utilisation d'un compte épargne-temps durant la durée de son stage. | AB5: CET_P_007 | AC5: =VLOOKUP(AB5,'Axe 2 Règles de gestion'!$D$2:$F$43,3, FALSE) -> Congés annuels : L'agent conserve son droit à congé annuel.
A6: 24.10.00 | B6: A | C6: 45628.64 | D6: D0007 | E6: Congés/Absence | F6: S0183 | G6: Compte épargne-temps | H6: E0971 | I6: Compte épargne-temps (CET) | J6: La date d'observation saisie du CET est non vide | K6: A_CET_DAGCET [Saisi] <> Vide | L6: T2358 | M6: Compte épargne-temps - Ouverture | N6: Création Modification | O6: La date d'ouverture saisie est non vide et la date de l'opération est vide | P6: A_CET_DCRCET [Saisi] <> VIDE ET A_CET_DOOCET [Saisi] = VIDE | Q6: Militaire | R6: P0002 | S6: Général | T6: Exclu | U6: 45323
A7: 24.10.00 | B7: A | C7: 45628.645 | D7: D0007 | E7: Congés/Absence | F7: S0183 | G7: Compte épargne-temps | H7: E0971 | I7: Compte épargne-temps (CET) | J7: La date d'observation saisie du CET est non vide | K7: A_CET_DAGCET [Saisi] <> Vide | L7: T2359 | M7: Compte épargne-temps - Alimentation | N7: Création Modification | O7: La date de l'opération saisie est non vide et le sens de l'opération est "Versé" | P7: A_CET_DOOCET [Saisi] <> Vide ET A_CET_SEOCET [Saisi] = 'V' | Q7: Militaire | R7: P0002 | S7: Général | T7: Exclu | U7: 45323
A8: 24.10.00 | B8: A | C8: 45628.66 | D8: D0007 | E8: Congés/Absence | F8: S0183 | G8: Compte épargne-temps | H8: E0971 | I8: Compte épargne-temps (CET) | J8: La date d'observation saisie du CET est non vide | K8: A_CET_DAGCET [Saisi] <> Vide | L8: T2360 | M8: Compte épargne-temps - Choix d'option | N8: Création Modification | O8: La date de l'opération saisie est non vide et le sens de l'opération est "Consommé" | P8: A_CET_DOOCET [Saisi] <> Vide ET A_CET_SEOCET [Saisi] = 'C' | Q8: Militaire | R8: P0002 | S8: Général | T8: Exclu | U8: 45323
A9: 24.10.00 | B9: A | C9: 45628.64 | D9: D0007 | E9: Congés/Absence | F9: S0183 | G9: Compte épargne-temps | H9: E0971 | I9: Compte épargne-temps (CET) | J9: La date d'observation saisie du CET est non vide | K9: A_CET_DAGCET [Saisi] <> Vide | L9: T2358 | M9: Compte épargne-temps - Ouverture | N9: Création Modification | O9: La date d'ouverture saisie est non vide et la date de l'opération est vide | P9: A_CET_DCRCET [Saisi] <> VIDE ET A_CET_DOOCET [Saisi] = VIDE | Q9: Contractuel | R9: P0003 | S9: Général | T9: Passant | U9: 45323 | W9: CET_P_001 ET CET_P_007 | X9: CET_P_001 | Y9: =VLOOKUP(X9,'Axe 2 Règles de gestion'!$D$2:$F$43,3, FALSE) -> Rémunération : En cas d'indemnisation, le montant versé est un montant forfaitaire qui dépend de la catégorie statutaire d'appartenance de l'agent. | Z9: CET_P_007 | AA9: =VLOOKUP(Z9,'Axe 2 Règles de gestion'!$D$2:$F$43,3, FALSE) -> Congés annuels : L'agent conserve son droit à congé annuel.
A10: 24.10.00 | B10: A | C10: 45635.722 | D10: D0007 | E10: Congés/Absence | F10: S0183 | G10: Compte épargne-temps | H10: E0971 | I10: Compte épargne-temps (CET) | J10: La date d'observation saisie du CET est non vide | K10: A_CET_DAGCET [Saisi] <> Vide | L10: T2359 | M10: Compte épargne-temps - Alimentation | N10: Création Modification | O10: La date de l'opération saisie est non vide et le sens de l'opération est "Versé" | P10: A_CET_DOOCET [Saisi] <> Vide ET A_CET_SEOCET [Saisi] = 'V' | Q10: Contractuel | R10: P0003 | S10: Général | T10: Passant | U10: 45323 | V10: 45688 | W10: CET_P_001 ET CET_P_007 | X10: CET_P_001 | Y10: =VLOOKUP(X10,'Axe 2 Règles de gestion'!$D$2:$F$43,3, FALSE) -> Rémunération : En cas d'indemnisation, le montant versé est un montant forfaitaire qui dépend de la catégorie statutaire d'appartenance de l'agent. | Z10: CET_P_007 | AA10: =VLOOKUP(Z10,'Axe 2 Règles de gestion'!$D$2:$F$43,3, FALSE) -> Congés annuels : L'agent conserve son droit à congé annuel.
A11: 24.10.00 | B11: A | C11: 45635.722 | D11: D0007 | E11: Congés/Absence | F11: S0183 | G11: Compte épargne-temps | H11: E0971 | I11: Compte épargne-temps (CET) | J11: La date d'observation saisie du CET est non vide | K11: A_CET_DAGCET [Saisi] <> Vide | L11: T2359 | M11: Compte épargne-temps - Alimentation | N11: Création Modification | O11: La date de l'opération saisie est non vide et le sens de l'opération est "Versé" | P11: A_CET_DOOCET [Saisi] <> Vide ET A_CET_SEOCET [Saisi] = 'V' | Q11: Contractuel | R11: P0003 | S11: Général | T11: Passant | U11: 45689 | W11: CET_P_001 ET CET_P_007 | X11: CET_P_001 | Y11: =VLOOKUP(X11,'Axe 2 Règles de gestion'!$D$2:$F$43,3, FALSE) -> Rémunération : En cas d'indemnisation, le montant versé est un montant forfaitaire qui dépend de la catégorie statutaire d'appartenance de l'agent. | Z11: CET_P_007 | AA11: =VLOOKUP(Z11,'Axe 2 Règles de gestion'!$D$2:$F$43,3, FALSE) -> Congés annuels : L'agent conserve son droit à congé annuel.
A12: 24.10.00 | B12: A | C12: 45628.66 | D12: D0007 | E12: Congés/Absence | F12: S0183 | G12: Compte épargne-temps | H12: E0971 | I12: Compte épargne-temps (CET) | J12: La date d'observation saisie du CET est non vide | K12: A_CET_DAGCET [Saisi] <> Vide | L12: T2360 | M12: Compte épargne-temps - Choix d'option | N12: Création Modification | O12: La date de l'opération saisie est non vide et le sens de l'opération est "Consommé" | P12: A_CET_DOOCET [Saisi] <> Vide ET A_CET_SEOCET [Saisi] = 'C' | Q12: Contractuel | R12: P0003 | S12: Général | T12: Passant | U12: 45323 | W12: CET_P_001 ET CET_P_007 | X12: CET_P_001 | Y12: =VLOOKUP(X12,'Axe 2 Règles de gestion'!$D$2:$F$43,3, FALSE) -> Rémunération : En cas d'indemnisation, le montant versé est un montant forfaitaire qui dépend de la catégorie statutaire d'appartenance de l'agent. | Z12: CET_P_007 | AA12: =VLOOKUP(Z12,'Axe 2 Règles de gestion'!$D$2:$F$43,3, FALSE) -> Congés annuels : L'agent conserve son droit à congé annuel.
A13: 24.10.00 | B13: A | C13: 45628.641 | D13: D0007 | E13: Congés/Absence | F13: S0183 | G13: Compte épargne-temps | H13: E0971 | I13: Compte épargne-temps (CET) | J13: La date d'observation saisie du CET est non vide | K13: A_CET_DAGCET [Saisi] <> Vide | L13: T2358 | M13: Compte épargne-temps - Ouverture | N13: Création Modification | O13: La date d'ouverture saisie est non vide et la date de l'opération est vide | P13: A_CET_DCRCET [Saisi] <> VIDE ET A_CET_DOOCET [Saisi] = VIDE | Q13: Stagiaire ou auditeur ou élève | R13: P0004 | S13: Général | T13: Exclu | U13: 45323
A14: 24.10.00 | B14: A | C14: 45628.647 | D14: D0007 | E14: Congés/Absence | F14: S0183 | G14: Compte épargne-temps | H14: E0971 | I14: Compte épargne-temps (CET) | J14: La date d'observation saisie du CET est non vide | K14: A_CET_DAGCET [Saisi] <> Vide | L14: T2359 | M14: Compte épargne-temps - Alimentation | N14: Création Modification | O14: La date de l'opération saisie est non vide et le sens de l'opération est "Versé" | P14: A_CET_DOOCET [Saisi] <> Vide ET A_CET_SEOCET [Saisi] = 'V' | Q14: Stagiaire ou auditeur ou élève | R14: P0004 | S14: Général | T14: Exclu | U14: 45323
A15: 24.10.00 | B15: A | C15: 45628.661 | D15: D0007 | E15: Congés/Absence | F15: S0183 | G15: Compte épargne-temps | H15: E0971 | I15: Compte épargne-temps (CET) | J15: La date d'observation saisie du CET est non vide | K15: A_CET_DAGCET [Saisi] <> Vide | L15: T2360 | M15: Compte épargne-temps - Choix d'option | N15: Création Modification | O15: La date de l'opération saisie est non vide et le sens de l'opération est "Consommé" | P15: A_CET_DOOCET [Saisi] <> Vide ET A_CET_SEOCET [Saisi] = 'C' | Q15: Stagiaire ou auditeur ou élève | R15: P0004 | S15: Général | T15: Exclu | U15: 45323
A16: 25.10.00 | B16: A | C16: 45994.647 | D16: D0007 | E16: Congés/Absence | F16: S0183 | G16: Compte épargne-temps | H16: E0971 | I16: Compte épargne-temps (CET) | J16: La date d'observation saisie du CET est non vide | K16: A_CET_DAGCET [Saisi] <> Vide | L16: T2358 | M16: Compte épargne-temps - Ouverture | N16: Création Modification | O16: La date d'ouverture saisie est non vide et la date de l'opération est vide | P16: A_CET_DCRCET [Saisi] <> VIDE ET A_CET_DOOCET [Saisi] = VIDE | Q16: Ouvrier d'état | R16: P0005 | S16: Général | T16: Passant | U16: 45901 | AD16: 2025-114
A17: 25.10.00 | B17: A | C17: 45994.65 | D17: D0007 | E17: Congés/Absence | F17: S0183 | G17: Compte épargne-temps | H17: E0971 | I17: Compte épargne-temps (CET) | J17: La date d'observation saisie du CET est non vide | K17: A_CET_DAGCET [Saisi] <> Vide | L17: T2359 | M17: Compte épargne-temps - Alimentation | N17: Création Modification | O17: La date de l'opération saisie est non vide et le sens de l'opération est "Versé" | P17: A_CET_DOOCET [Saisi] <> Vide ET A_CET_SEOCET [Saisi] = 'V' | Q17: Ouvrier d'état | R17: P0005 | S17: Général | T17: Passant | U17: 45901 | AD17: 2025-114
A18: 25.10.00 | B18: A | C18: 45994.651 | D18: D0007 | E18: Congés/Absence | F18: S0183 | G18: Compte épargne-temps | H18: E0971 | I18: Compte épargne-temps (CET) | J18: La date d'observation saisie du CET est non vide | K18: A_CET_DAGCET [Saisi] <> Vide | L18: T2360 | M18: Compte épargne-temps - Choix d'option | N18: Création Modification | O18: La date de l'opération saisie est non vide et le sens de l'opération est "Consommé" | P18: A_CET_DOOCET [Saisi] <> Vide ET A_CET_SEOCET [Saisi] = 'C' | Q18: Ouvrier d'état | R18: P0005 | S18: Général | T18: Passant | U18: 45901 | AD18: 2025-114
A19: 24.10.00 | B19: A | C19: 45628.642 | D19: D0007 | E19: Congés/Absence | F19: S0183 | G19: Compte épargne-temps | H19: E0971 | I19: Compte épargne-temps (CET) | J19: La date d'observation saisie du CET est non vide | K19: A_CET_DAGCET [Saisi] <> Vide | L19: T2358 | M19: Compte épargne-temps - Ouverture | N19: Création Modification | O19: La date d'ouverture saisie est non vide et la date de l'opération est vide | P19: A_CET_DCRCET [Saisi] <> VIDE ET A_CET_DOOCET [Saisi] = VIDE | Q19: Expert technique international | R19: P0018 | S19: Particulier | T19: Exclu | U19: 45323
A20: 24.10.00 | B20: A | C20: 45628.647 | D20: D0007 | E20: Congés/Absence | F20: S0183 | G20: Compte épargne-temps | H20: E0971 | I20: Compte épargne-temps (CET) | J20: La date d'observation saisie du CET est non vide | K20: A_CET_DAGCET [Saisi] <> Vide | L20: T2359 | M20: Compte épargne-temps - Alimentation | N20: Création Modification | O20: La date de l'opération saisie est non vide et le sens de l'opération est "Versé" | P20: A_CET_DOOCET [Saisi] <> Vide ET A_CET_SEOCET [Saisi] = 'V' | Q20: Expert technique international | R20: P0018 | S20: Particulier | T20: Exclu | U20: 45323
A21: 24.10.00 | B21: A | C21: 45628.662 | D21: D0007 | E21: Congés/Absence | F21: S0183 | G21: Compte épargne-temps | H21: E0971 | I21: Compte épargne-temps (CET) | J21: La date d'observation saisie du CET est non vide | K21: A_CET_DAGCET [Saisi] <> Vide | L21: T2360 | M21: Compte épargne-temps - Choix d'option | N21: Création Modification | O21: La date de l'opération saisie est non vide et le sens de l'opération est "Consommé" | P21: A_CET_DOOCET [Saisi] <> Vide ET A_CET_SEOCET [Saisi] = 'C' | Q21: Expert technique international | R21: P0018 | S21: Particulier | T21: Exclu | U21: 45323
A22: 24.10.00 | B22: A | C22: 45628.642 | D22: D0007 | E22: Congés/Absence | F22: S0183 | G22: Compte épargne-temps | H22: E0971 | I22: Compte épargne-temps (CET) | J22: La date d'observation saisie du CET est non vide | K22: A_CET_DAGCET [Saisi] <> Vide | L22: T2358 | M22: Compte épargne-temps - Ouverture | N22: Création Modification | O22: La date d'ouverture saisie est non vide et la date de l'opération est vide | P22: A_CET_DCRCET [Saisi] <> VIDE ET A_CET_DOOCET [Saisi] = VIDE | Q22: Personnel civil payé à l'acte ou à la tâche | R22: P0054 | S22: Particulier | T22: Exclu | U22: 45323
A23: 24.10.00 | B23: A | C23: 45628.648 | D23: D0007 | E23: Congés/Absence | F23: S0183 | G23: Compte épargne-temps | H23: E0971 | I23: Compte épargne-temps (CET) | J23: La date d'observation saisie du CET est non vide | K23: A_CET_DAGCET [Saisi] <> Vide | L23: T2359 | M23: Compte épargne-temps - Alimentation | N23: Création Modification | O23: La date de l'opération saisie est non vide et le sens de l'opération est "Versé" | P23: A_CET_DOOCET [Saisi] <> Vide ET A_CET_SEOCET [Saisi] = 'V' | Q23: Personnel civil payé à l'acte ou à la tâche | R23: P0054 | S23: Particulier | T23: Exclu | U23: 45323
A24: 24.10.00 | B24: A | C24: 45628.662 | D24: D0007 | E24: Congés/Absence | F24: S0183 | G24: Compte épargne-temps | H24: E0971 | I24: Compte épargne-temps (CET) | J24: La date d'observation saisie du CET est non vide | K24: A_CET_DAGCET [Saisi] <> Vide | L24: T2360 | M24: Compte épargne-temps - Choix d'option | N24: Création Modification | O24: La date de l'opération saisie est non vide et le sens de l'opération est "Consommé" | P24: A_CET_DOOCET [Saisi] <> Vide ET A_CET_SEOCET [Saisi] = 'C' | Q24: Personnel civil payé à l'acte ou à la tâche | R24: P0054 | S24: Particulier | T24: Exclu | U24: 45323
A25: 24.10.00 | B25: A | C25: 45628.642 | D25: D0007 | E25: Congés/Absence | F25: S0183 | G25: Compte épargne-temps | H25: E0971 | I25: Compte épargne-temps (CET) | J25: La date d'observation saisie du CET est non vide | K25: A_CET_DAGCET [Saisi] <> Vide | L25: T2358 | M25: Compte épargne-temps - Ouverture | N25: Création Modification | O25: La date d'ouverture saisie est non vide et la date de l'opération est vide | P25: A_CET_DCRCET [Saisi] <> VIDE ET A_CET_DOOCET [Saisi] = VIDE | Q25: Contractuel de droit privé | R25: P0072 | S25: Particulier | T25: Exclu | U25: 45323
A26: 24.10.00 | B26: A | C26: 45628.648 | D26: D0007 | E26: Congés/Absence | F26: S0183 | G26: Compte épargne-temps | H26: E0971 | I26: Compte épargne-temps (CET) | J26: La date d'observation saisie du CET est non vide | K26: A_CET_DAGCET [Saisi] <> Vide | L26: T2359 | M26: Compte épargne-temps - Alimentation | N26: Création Modification | O26: La date de l'opération saisie est non vide et le sens de l'opération est "Versé" | P26: A_CET_DOOCET [Saisi] <> Vide ET A_CET_SEOCET [Saisi] = 'V' | Q26: Contractuel de droit privé | R26: P0072 | S26: Particulier | T26: Exclu | U26: 45323
A27: 24.10.00 | B27: A | C27: 45628.662 | D27: D0007 | E27: Congés/Absence | F27: S0183 | G27: Compte épargne-temps | H27: E0971 | I27: Compte épargne-temps (CET) | J27: La date d'observation saisie du CET est non vide | K27: A_CET_DAGCET [Saisi] <> Vide | L27: T2360 | M27: Compte épargne-temps - Choix d'option | N27: Création Modification | O27: La date de l'opération saisie est non vide et le sens de l'opération est "Consommé" | P27: A_CET_DOOCET [Saisi] <> Vide ET A_CET_SEOCET [Saisi] = 'C' | Q27: Contractuel de droit privé | R27: P0072 | S27: Particulier | T27: Exclu | U27: 45323
A28: 25.10.00 | B28: A | C28: 45994.438 | D28: D0007 | E28: Congés/Absence | F28: S0183 | G28: Compte épargne-temps | H28: E0971 | I28: Compte épargne-temps (CET) | J28: La date d'observation saisie du CET est non vide | K28: A_CET_DAGCET [Saisi] <> Vide | L28: T2358 | M28: Compte épargne-temps - Ouverture | N28: Création Modification | O28: La date d'ouverture saisie est non vide et la date de l'opération est vide | P28: A_CET_DCRCET [Saisi] <> VIDE ET A_CET_DOOCET [Saisi] = VIDE | Q28: Ouvrier des parcs et ateliers ou assimilé confirmé | R28: P0096 | S28: Particulier | T28: Passant | U28: 45901 | AD28: 2025-114
A29: 25.10.00 | B29: A | C29: 45994.44 | D29: D0007 | E29: Congés/Absence | F29: S0183 | G29: Compte épargne-temps | H29: E0971 | I29: Compte épargne-temps (CET) | J29: La date d'observation saisie du CET est non vide | K29: A_CET_DAGCET [Saisi] <> Vide | L29: T2359 | M29: Compte épargne-temps - Alimentation | N29: Création Modification | O29: La date de l'opération saisie est non vide et le sens de l'opération est "Versé" | P29: A_CET_DOOCET [Saisi] <> Vide ET A_CET_SEOCET [Saisi] = 'V' | Q29: Ouvrier des parcs et ateliers ou assimilé confirmé | R29: P0096 | S29: Particulier | T29: Passant | U29: 45901 | AD29: 2025-114
A30: 25.10.00 | B30: A | C30: 45994.442 | D30: D0007 | E30: Congés/Absence | F30: S0183 | G30: Compte épargne-temps | H30: E0971 | I30: Compte épargne-temps (CET) | J30: La date d'observation saisie du CET est non vide | K30: A_CET_DAGCET [Saisi] <> Vide | L30: T2360 | M30: Compte épargne-temps - Choix d'option | N30: Création Modification | O30: La date de l'opération saisie est non vide et le sens de l'opération est "Consommé" | P30: A_CET_DOOCET [Saisi] <> Vide ET A_CET_SEOCET [Saisi] = 'C' | Q30: Ouvrier des parcs et ateliers ou assimilé confirmé | R30: P0096 | S30: Particulier | T30: Passant | U30: 45901 | AD30: 2025-114
A31: 24.10.00 | B31: A | C31: 45628.643 | D31: D0007 | E31: Congés/Absence | F31: S0183 | G31: Compte épargne-temps | H31: E0971 | I31: Compte épargne-temps (CET) | J31: La date d'observation saisie du CET est non vide | K31: A_CET_DAGCET [Saisi] <> Vide | L31: T2358 | M31: Compte épargne-temps - Ouverture | N31: Création Modification | O31: La date d'ouverture saisie est non vide et la date de l'opération est vide | P31: A_CET_DCRCET [Saisi] <> VIDE ET A_CET_DOOCET [Saisi] = VIDE | Q31: Volontaire International | R31: P0178 | S31: Particulier | T31: Exclu | U31: 45323
A32: 24.10.00 | B32: A | C32: 45628.648 | D32: D0007 | E32: Congés/Absence | F32: S0183 | G32: Compte épargne-temps | H32: E0971 | I32: Compte épargne-temps (CET) | J32: La date d'observation saisie du CET est non vide | K32: A_CET_DAGCET [Saisi] <> Vide | L32: T2359 | M32: Compte épargne-temps - Alimentation | N32: Création Modification | O32: La date de l'opération saisie est non vide et le sens de l'opération est "Versé" | P32: A_CET_DOOCET [Saisi] <> Vide ET A_CET_SEOCET [Saisi] = 'V' | Q32: Volontaire International | R32: P0178 | S32: Particulier | T32: Exclu | U32: 45323
A33: 24.10.00 | B33: A | C33: 45628.662 | D33: D0007 | E33: Congés/Absence | F33: S0183 | G33: Compte épargne-temps | H33: E0971 | I33: Compte épargne-temps (CET) | J33: La date d'observation saisie du CET est non vide | K33: A_CET_DAGCET [Saisi] <> Vide | L33: T2360 | M33: Compte épargne-temps - Choix d'option | N33: Création Modification | O33: La date de l'opération saisie est non vide et le sens de l'opération est "Consommé" | P33: A_CET_DOOCET [Saisi] <> Vide ET A_CET_SEOCET [Saisi] = 'C' | Q33: Volontaire International | R33: P0178 | S33: Particulier | T33: Exclu | U33: 45323
A34: 24.10.00 | B34: A | C34: 45628.643 | D34: D0007 | E34: Congés/Absence | F34: S0183 | G34: Compte épargne-temps | H34: E0971 | I34: Compte épargne-temps (CET) | J34: La date d'observation saisie du CET est non vide | K34: A_CET_DAGCET [Saisi] <> Vide | L34: T2358 | M34: Compte épargne-temps - Ouverture | N34: Création Modification | O34: La date d'ouverture saisie est non vide et la date de l'opération est vide | P34: A_CET_DCRCET [Saisi] <> VIDE ET A_CET_DOOCET [Saisi] = VIDE | Q34: Personnel civil de coopération (assistant technique) | R34: P0214 | S34: Particulier | T34: Exclu | U34: 45323
A35: 24.10.00 | B35: A | C35: 45628.649 | D35: D0007 | E35: Congés/Absence | F35: S0183 | G35: Compte épargne-temps | H35: E0971 | I35: Compte épargne-temps (CET) | J35: La date d'observation saisie du CET est non vide | K35: A_CET_DAGCET [Saisi] <> Vide | L35: T2359 | M35: Compte épargne-temps - Alimentation | N35: Création Modification | O35: La date de l'opération saisie est non vide et le sens de l'opération est "Versé" | P35: A_CET_DOOCET [Saisi] <> Vide ET A_CET_SEOCET [Saisi] = 'V' | Q35: Personnel civil de coopération (assistant technique) | R35: P0214 | S35: Particulier | T35: Exclu | U35: 45323
A36: 24.10.00 | B36: A | C36: 45628.663 | D36: D0007 | E36: Congés/Absence | F36: S0183 | G36: Compte épargne-temps | H36: E0971 | I36: Compte épargne-temps (CET) | J36: La date d'observation saisie du CET est non vide | K36: A_CET_DAGCET [Saisi] <> Vide | L36: T2360 | M36: Compte épargne-temps - Choix d'option | N36: Création Modification | O36: La date de l'opération saisie est non vide et le sens de l'opération est "Consommé" | P36: A_CET_DOOCET [Saisi] <> Vide ET A_CET_SEOCET [Saisi] = 'C' | Q36: Personnel civil de coopération (assistant technique) | R36: P0214 | S36: Particulier | T36: Exclu | U36: 45323
A37: 25.10.00 | B37: A | C37: 45994.446 | D37: D0007 | E37: Congés/Absence | F37: S0183 | G37: Compte épargne-temps | H37: E0971 | I37: Compte épargne-temps (CET) | J37: La date d'observation saisie du CET est non vide | K37: A_CET_DAGCET [Saisi] <> Vide | L37: T2358 | M37: Compte épargne-temps - Ouverture | N37: Création Modification | O37: La date d'ouverture saisie est non vide et la date de l'opération est vide | P37: A_CET_DCRCET [Saisi] <> VIDE ET A_CET_DOOCET [Saisi] = VIDE | Q37: Ouvrier des parcs et ateliers stagiaire | R37: P0226 | S37: Particulier | T37: Exclu | U37: 45901 | AD37: 2025-114
A38: 25.10.00 | B38: A | C38: 45994.649 | D38: D0007 | E38: Congés/Absence | F38: S0183 | G38: Compte épargne-temps | H38: E0971 | I38: Compte épargne-temps (CET) | J38: La date d'observation saisie du CET est non vide | K38: A_CET_DAGCET [Saisi] <> Vide | L38: T2359 | M38: Compte épargne-temps - Alimentation | N38: Création Modification | O38: La date de l'opération saisie est non vide et le sens de l'opération est "Versé" | P38: A_CET_DOOCET [Saisi] <> Vide ET A_CET_SEOCET [Saisi] = 'V' | Q38: Ouvrier des parcs et ateliers stagiaire | R38: P0226 | S38: Particulier | T38: Exclu | U38: 45901 | AD38: 2025-114
A39: 25.10.00 | B39: A | C39: 45994.651 | D39: D0007 | E39: Congés/Absence | F39: S0183 | G39: Compte épargne-temps | H39: E0971 | I39: Compte épargne-temps (CET) | J39: La date d'observation saisie du CET est non vide | K39: A_CET_DAGCET [Saisi] <> Vide | L39: T2360 | M39: Compte épargne-temps - Choix d'option | N39: Création Modification | O39: La date de l'opération saisie est non vide et le sens de l'opération est "Consommé" | P39: A_CET_DOOCET [Saisi] <> Vide ET A_CET_SEOCET [Saisi] = 'C' | Q39: Ouvrier des parcs et ateliers stagiaire | R39: P0226 | S39: Particulier | T39: Exclu | U39: 45901 | AD39: 2025-114
A40: 24.10.00 | B40: A | C40: 45628.665 | D40: D0007 | E40: Congés/Absence | F40: S0183 | G40: Compte épargne-temps | H40: E0972 | I40: Compte épargne-temps (CET) historique | J40: La date d'observation saisie du CET historique est non vide | K40: A_CET_DAGTRA [Saisi] <> Vide | L40: T2361 | M40: Compte épargne-temps historique - Choix d'option | N40: Création Modification | O40: La date de l'opération saisie est non vide pour le CET historique | P40: A_CET_DOOCET [Saisi] <> Vide #pour le CET historique# | Q40: Titulaire ou magistrat | R40: P0001 | S40: Général | T40: Passant | U40: 45323 | W40: CET_P_001 ET CET_P_007 | X40: CET_P_001 | Y40: =VLOOKUP(X40,'Axe 2 Règles de gestion'!$D$2:$F$43,3, FALSE) -> Rémunération : En cas d'indemnisation, le montant versé est un montant forfaitaire qui dépend de la catégorie statutaire d'appartenance de l'agent. | Z40: CET_P_007 | AA40: =VLOOKUP(Z40,'Axe 2 Règles de gestion'!$D$2:$F$43,3, FALSE) -> Congés annuels : L'agent conserve son droit à congé annuel.
A41: 24.10.00 | B41: A | C41: 45628.665 | D41: D0007 | E41: Congés/Absence | F41: S0183 | G41: Compte épargne-temps | H41: E0972 | I41: Compte épargne-temps (CET) historique | J41: La date d'observation saisie du CET historique est non vide | K41: A_CET_DAGTRA [Saisi] <> Vide | L41: T2361 | M41: Compte épargne-temps historique - Choix d'option | N41: Création Modification | O41: La date de l'opération saisie est non vide pour le CET historique | P41: A_CET_DOOCET [Saisi] <> Vide #pour le CET historique# | Q41: Militaire | R41: P0002 | S41: Général | T41: Exclu | U41: 45323
A42: 25.10.00 | B42: M | C42: 45994.658 | D42: D0007 | E42: Congés/Absence | F42: S0183 | G42: Compte épargne-temps | H42: E0972 | I42: Compte épargne-temps (CET) historique | J42: La date d'observation saisie du CET historique est non vide | K42: A_CET_DAGTRA [Saisi] <> Vide | L42: T2361 | M42: Compte épargne-temps historique - Choix d'option | N42: Création Modification | O42: La date de l'opération saisie est non vide pour le CET historique | P42: A_CET_DOOCET [Saisi] <> Vide #pour le CET historique# | Q42: Contractuel | R42: P0003 | S42: Général | T42: Passant | U42: 45323 | W42: CET_P_001 ET CET_P_007 | X42: CET_P_001 | Y42: =VLOOKUP(X42,'Axe 2 Règles de gestion'!$D$2:$F$43,3, FALSE) -> Rémunération : En cas d'indemnisation, le montant versé est un montant forfaitaire qui dépend de la catégorie statutaire d'appartenance de l'agent. | Z42: CET_P_007 | AA42: =VLOOKUP(Z42,'Axe 2 Règles de gestion'!$D$2:$F$43,3, FALSE) -> Congés annuels : L'agent conserve son droit à congé annuel. | AD42: 2025-114
A43: 24.10.00 | B43: A | C43: 45628.666 | D43: D0007 | E43: Congés/Absence | F43: S0183 | G43: Compte épargne-temps | H43: E0972 | I43: Compte épargne-temps (CET) historique | J43: La date d'observation saisie du CET historique est non vide | K43: A_CET_DAGTRA [Saisi] <> Vide | L43: T2361 | M43: Compte épargne-temps historique - Choix d'option | N43: Création Modification | O43: La date de l'opération saisie est non vide pour le CET historique | P43: A_CET_DOOCET [Saisi] <> Vide #pour le CET historique# | Q43: Stagiaire ou auditeur ou élève | R43: P0004 | S43: Général | T43: Exclu | U43: 45323
A44: 25.10.00 | B44: A | C44: 45994.653 | D44: D0007 | E44: Congés/Absence | F44: S0183 | G44: Compte épargne-temps | H44: E0972 | I44: Compte épargne-temps (CET) historique | J44: La date d'observation saisie du CET historique est non vide | K44: A_CET_DAGTRA [Saisi] <> Vide | L44: T2361 | M44: Compte épargne-temps historique - Choix d'option | N44: Création Modification | O44: La date de l'opération saisie est non vide pour le CET historique | P44: A_CET_DOOCET [Saisi] <> Vide #pour le CET historique# | Q44: Ouvrier d'état | R44: P0005 | S44: Général | T44: Passant | U44: 45901 | AD44: 2025-114
A45: 24.10.00 | B45: A | C45: 45628.666 | D45: D0007 | E45: Congés/Absence | F45: S0183 | G45: Compte épargne-temps | H45: E0972 | I45: Compte épargne-temps (CET) historique | J45: La date d'observation saisie du CET historique est non vide | K45: A_CET_DAGTRA [Saisi] <> Vide | L45: T2361 | M45: Compte épargne-temps historique - Choix d'option | N45: Création Modification | O45: La date de l'opération saisie est non vide pour le CET historique | P45: A_CET_DOOCET [Saisi] <> Vide #pour le CET historique# | Q45: Expert technique international | R45: P0018 | S45: Particulier | T45: Exclu | U45: 45323
A46: 24.10.00 | B46: A | C46: 45628.667 | D46: D0007 | E46: Congés/Absence | F46: S0183 | G46: Compte épargne-temps | H46: E0972 | I46: Compte épargne-temps (CET) historique | J46: La date d'observation saisie du CET historique est non vide | K46: A_CET_DAGTRA [Saisi] <> Vide | L46: T2361 | M46: Compte épargne-temps historique - Choix d'option | N46: Création Modification | O46: La date de l'opération saisie est non vide pour le CET historique | P46: A_CET_DOOCET [Saisi] <> Vide #pour le CET historique# | Q46: Personnel civil payé à l'acte ou à la tâche | R46: P0054 | S46: Particulier | T46: Exclu | U46: 45323
A47: 24.10.00 | B47: A | C47: 45628.667 | D47: D0007 | E47: Congés/Absence | F47: S0183 | G47: Compte épargne-temps | H47: E0972 | I47: Compte épargne-temps (CET) historique | J47: La date d'observation saisie du CET historique est non vide | K47: A_CET_DAGTRA [Saisi] <> Vide | L47: T2361 | M47: Compte épargne-temps historique - Choix d'option | N47: Création Modification | O47: La date de l'opération saisie est non vide pour le CET historique | P47: A_CET_DOOCET [Saisi] <> Vide #pour le CET historique# | Q47: Contractuel de droit privé | R47: P0072 | S47: Particulier | T47: Exclu | U47: 45323
A48: 25.10.00 | B48: A | C48: 45994.443 | D48: D0007 | E48: Congés/Absence | F48: S0183 | G48: Compte épargne-temps | H48: E0972 | I48: Compte épargne-temps (CET) historique | J48: La date d'observation saisie du CET historique est non vide | K48: A_CET_DAGTRA [Saisi] <> Vide | L48: T2361 | M48: Compte épargne-temps historique - Choix d'option | N48: Création Modification | O48: La date de l'opération saisie est non vide pour le CET historique | P48: A_CET_DOOCET [Saisi] <> Vide #pour le CET historique# | Q48: Ouvrier des parcs et ateliers ou assimilé confirmé | R48: P0096 | S48: Particulier | T48: Passant | U48: 45901 | AD48: 2025-114
A49: 24.10.00 | B49: A | C49: 45628.667 | D49: D0007 | E49: Congés/Absence | F49: S0183 | G49: Compte épargne-temps | H49: E0972 | I49: Compte épargne-temps (CET) historique | J49: La date d'observation saisie du CET historique est non vide | K49: A_CET_DAGTRA [Saisi] <> Vide | L49: T2361 | M49: Compte épargne-temps historique - Choix d'option | N49: Création Modification | O49: La date de l'opération saisie est non vide pour le CET historique | P49: A_CET_DOOCET [Saisi] <> Vide #pour le CET historique# | Q49: Volontaire International | R49: P0178 | S49: Particulier | T49: Exclu | U49: 45323
A50: 24.10.00 | B50: A | C50: 45628.667 | D50: D0007 | E50: Congés/Absence | F50: S0183 | G50: Compte épargne-temps | H50: E0972 | I50: Compte épargne-temps (CET) historique | J50: La date d'observation saisie du CET historique est non vide | K50: A_CET_DAGTRA [Saisi] <> Vide | L50: T2361 | M50: Compte épargne-temps historique - Choix d'option | N50: Création Modification | O50: La date de l'opération saisie est non vide pour le CET historique | P50: A_CET_DOOCET [Saisi] <> Vide #pour le CET historique# | Q50: Personnel civil de coopération (assistant technique) | R50: P0214 | S50: Particulier | T50: Exclu | U50: 45323
A51: 25.10.00 | B51: A | C51: 45994.652 | D51: D0007 | E51: Congés/Absence | F51: S0183 | G51: Compte épargne-temps | H51: E0972 | I51: Compte épargne-temps (CET) historique | J51: La date d'observation saisie du CET historique est non vide | K51: A_CET_DAGTRA [Saisi] <> Vide | L51: T2361 | M51: Compte épargne-temps historique - Choix d'option | N51: Création Modification | O51: La date de l'opération saisie est non vide pour le CET historique | P51: A_CET_DOOCET [Saisi] <> Vide #pour le CET historique# | Q51: Ouvrier des parcs et ateliers stagiaire | R51: P0226 | S51: Particulier | T51: Exclu | U51: 45901 | AD51: 2025-114
A52: 24.10.00 | B52: A | C52: 45628.669 | D52: D0007 | E52: Congés/Absence | F52: S0183 | G52: Compte épargne-temps | H52: E0973 | I52: Compte épargne-temps (CET) - Mobilité/Fin de fonction | L52: T2362 | M52: Compte épargne-temps - Mobilité/Fin de fonction | N52: Création Modification | Q52: Titulaire ou magistrat | R52: P0001 | S52: Général | T52: Passant | U52: 45323 | W52: CET_P_001 ET CET_P_006 ET CET_P_007 | X52: CET_P_001 | Y52: =VLOOKUP(X52,'Axe 2 Règles de gestion'!$D$2:$F$43,3, FALSE) -> Rémunération : En cas d'indemnisation, le montant versé est un montant forfaitaire qui dépend de la catégorie statutaire d'appartenance de l'agent. | Z52: CET_P_006 | AA52: =VLOOKUP(Z52,'Axe 2 Règles de gestion'!$D$2:$F$43,3, FALSE) -> Stage : L'agent ne peut pas demander l'ouverture ou l'utilisation d'un compte épargne-temps durant la durée de son stage. | AB52: CET_P_007 | AC52: =VLOOKUP(AB52,'Axe 2 Règles de gestion'!$D$2:$F$43,3, FALSE) -> Congés annuels : L'agent conserve son droit à congé annuel.
A53: 24.10.00 | B53: A | C53: 45628.669 | D53: D0007 | E53: Congés/Absence | F53: S0183 | G53: Compte épargne-temps | H53: E0973 | I53: Compte épargne-temps (CET) - Mobilité/Fin de fonction | L53: T2362 | M53: Compte épargne-temps - Mobilité/Fin de fonction | N53: Création Modification | Q53: Militaire | R53: P0002 | S53: Général | T53: Exclu | U53: 45323
A54: 24.10.00 | B54: A | C54: 45628.67 | D54: D0007 | E54: Congés/Absence | F54: S0183 | G54: Compte épargne-temps | H54: E0973 | I54: Compte épargne-temps (CET) - Mobilité/Fin de fonction | L54: T2362 | M54: Compte épargne-temps - Mobilité/Fin de fonction | N54: Création Modification | Q54: Contractuel | R54: P0003 | S54: Général | T54: Passant | U54: 45323 | W54: CET_P_001 ET CET_P_007 | X54: CET_P_001 | Y54: =VLOOKUP(X54,'Axe 2 Règles de gestion'!$D$2:$F$43,3, FALSE) -> Rémunération : En cas d'indemnisation, le montant versé est un montant forfaitaire qui dépend de la catégorie statutaire d'appartenance de l'agent. | Z54: CET_P_007 | AA54: =VLOOKUP(Z54,'Axe 2 Règles de gestion'!$D$2:$F$43,3, FALSE) -> Congés annuels : L'agent conserve son droit à congé annuel.
A55: 24.10.00 | B55: A | C55: 45628.67 | D55: D0007 | E55: Congés/Absence | F55: S0183 | G55: Compte épargne-temps | H55: E0973 | I55: Compte épargne-temps (CET) - Mobilité/Fin de fonction | L55: T2362 | M55: Compte épargne-temps - Mobilité/Fin de fonction | N55: Création Modification | Q55: Stagiaire ou auditeur ou élève | R55: P0004 | S55: Général | T55: Exclu | U55: 45323
A56: 25.10.00 | B56: A | C56: 45994.656 | D56: D0007 | E56: Congés/Absence | F56: S0183 | G56: Compte épargne-temps | H56: E0973 | I56: Compte épargne-temps (CET) - Mobilité/Fin de fonction | L56: T2362 | M56: Compte épargne-temps - Mobilité/Fin de fonction | N56: Création Modification | Q56: Ouvrier d'état | R56: P0005 | S56: Général | T56: Passant | U56: 45901 | AD56: 2025-114
A57: 24.10.00 | B57: A | C57: 45628.671 | D57: D0007 | E57: Congés/Absence | F57: S0183 | G57: Compte épargne-temps | H57: E0973 | I57: Compte épargne-temps (CET) - Mobilité/Fin de fonction | L57: T2362 | M57: Compte épargne-temps - Mobilité/Fin de fonction | N57: Création Modification | Q57: Expert technique international | R57: P0018 | S57: Particulier | T57: Exclu | U57: 45323
A58: 24.10.00 | B58: A | C58: 45628.671 | D58: D0007 | E58: Congés/Absence | F58: S0183 | G58: Compte épargne-temps | H58: E0973 | I58: Compte épargne-temps (CET) - Mobilité/Fin de fonction | L58: T2362 | M58: Compte épargne-temps - Mobilité/Fin de fonction | N58: Création Modification | Q58: Personnel civil payé à l'acte ou à la tâche | R58: P0054 | S58: Particulier | T58: Exclu | U58: 45323
A59: 24.10.00 | B59: A | C59: 45628.672 | D59: D0007 | E59: Congés/Absence | F59: S0183 | G59: Compte épargne-temps | H59: E0973 | I59: Compte épargne-temps (CET) - Mobilité/Fin de fonction | L59: T2362 | M59: Compte épargne-temps - Mobilité/Fin de fonction | N59: Création Modification | Q59: Contractuel de droit privé | R59: P0072 | S59: Particulier | T59: Exclu | U59: 45323
A60: 25.10.00 | B60: A | C60: 45994.445 | D60: D0007 | E60: Congés/Absence | F60: S0183 | G60: Compte épargne-temps | H60: E0973 | I60: Compte épargne-temps (CET) - Mobilité/Fin de fonction | L60: T2362 | M60: Compte épargne-temps - Mobilité/Fin de fonction | N60: Création Modification | Q60: Ouvrier des parcs et ateliers ou assimilé confirmé | R60: P0096 | S60: Particulier | T60: Passant | U60: 45901 | AD60: 2025-114
A61: 24.10.00 | B61: A | C61: 45628.672 | D61: D0007 | E61: Congés/Absence | F61: S0183 | G61: Compte épargne-temps | H61: E0973 | I61: Compte épargne-temps (CET) - Mobilité/Fin de fonction | L61: T2362 | M61: Compte épargne-temps - Mobilité/Fin de fonction | N61: Création Modification | Q61: Volontaire International | R61: P0178 | S61: Particulier | T61: Exclu | U61: 45323
A62: 24.10.00 | B62: A | C62: 45628.672 | D62: D0007 | E62: Congés/Absence | F62: S0183 | G62: Compte épargne-temps | H62: E0973 | I62: Compte épargne-temps (CET) - Mobilité/Fin de fonction | L62: T2362 | M62: Compte épargne-temps - Mobilité/Fin de fonction | N62: Création Modification | Q62: Personnel civil de coopération (assistant technique) | R62: P0214 | S62: Particulier | T62: Exclu | U62: 45323
A63: 25.10.00 | B63: A | C63: 45994.653 | D63: D0007 | E63: Congés/Absence | F63: S0183 | G63: Compte épargne-temps | H63: E0973 | I63: Compte épargne-temps (CET) - Mobilité/Fin de fonction | L63: T2362 | M63: Compte épargne-temps - Mobilité/Fin de fonction | N63: Création Modification | Q63: Ouvrier des parcs et ateliers stagiaire | R63: P0226 | S63: Particulier | T63: Exclu | U63: 45901 | AD63: 2025-114

Sheet Axe 1 Rattachement des actes
A1: Version | B1: Type de mise à jour | C1: Date de mise à jour | D1: Identifiant Domaine | E1: Libellé du Domaine | F1: Identifiant Sous-domaine | G1: Libellé du Sous-domaine | H1: Identifiant Evénement | I1: Libellé de l'évènement | J1: Libellé condition déclenchement Evènement | K1: Condition déclenchement Evènement | L1: Identifiant type d'évènement | M1: Libellé type d'évènement | N1: Type de mise à jour | O1: Libellé condition déclenchement Type Evènement | P1: Condition déclenchement Type Evènement | Q1: Libellé Population | R1: Codification Population | S1: Général / Particulier | T1: Passant / Exclu | U1: Date de début | V1: Date de fin | W1: Libellé condition de déclenchement 1 | X1: Condition de déclenchement 1 | Y1: Code nature 1 | Z1: Libellé nature 1 | AA1: Libellé condition de déclenchement 2 | AB1: Condition de déclenchement 2 | AC1: Code nature 2 | AD1: Libellé nature 2 | AE1: Libellé condition de déclenchement 3 | AF1: Condition de déclenchement 3 | AG1: Code nature 3 | AH1: Libellé nature 3 | AI1: Libellé condition de déclenchement 4 | AJ1: Condition de déclenchement 4 | AK1: Code nature 4 | AL1: Libellé nature 4 | AM1: Commentaire | AN1: FIME | AO1: Statut de travail
A2: 24.10.00 | B2: A | C2: 45628.64 | D2: D0007 | E2: Congés/Absence | F2: S0183 | G2: Compte épargne-temps | H2: E0971 | I2: Compte épargne-temps (CET) | J2: La date d'observation saisie du CET est non vide | K2: A_CET_DAGCET [Saisi] <> Vide | L2: T2358 | M2: Compte épargne-temps - Ouverture | N2: Création Modification | O2: La date d'ouverture saisie est non vide et la date de l'opération est vide | P2: A_CET_DCRCET [Saisi] <> VIDE ET A_CET_DOOCET [Saisi] = VIDE | Q2: Titulaire ou magistrat | R2: P0001 | S2: Général | T2: Passant | U2: 45323
A3: 24.10.00 | B3: A | C3: 45628.644 | D3: D0007 | E3: Congés/Absence | F3: S0183 | G3: Compte épargne-temps | H3: E0971 | I3: Compte épargne-temps (CET) | J3: La date d'observation saisie du CET est non vide | K3: A_CET_DAGCET [Saisi] <> Vide | L3: T2359 | M3: Compte épargne-temps - Alimentation | N3: Création Modification | O3: La date de l'opération saisie est non vide et le sens de l'opération est "Versé" | P3: A_CET_DOOCET [Saisi] <> Vide ET A_CET_SEOCET [Saisi] = 'V' | Q3: Titulaire ou magistrat | R3: P0001 | S3: Général | T3: Passant | U3: 45323 | V3: 45688
A4: 24.10.00 | B4: A | C4: 45628.645 | D4: D0007 | E4: Congés/Absence | F4: S0183 | G4: Compte épargne-temps | H4: E0971 | I4: Compte épargne-temps (CET) | J4: La date d'observation saisie du CET est non vide | K4: A_CET_DAGCET [Saisi] <> Vide | L4: T2359 | M4: Compte épargne-temps - Alimentation | N4: Création Modification | O4: La date de l'opération saisie est non vide et le sens de l'opération est "Versé" | P4: A_CET_DOOCET [Saisi] <> Vide ET A_CET_SEOCET [Saisi] = 'V' | Q4: Titulaire ou magistrat | R4: P0001 | S4: Général | T4: Passant | U4: 45689
A5: 24.10.00 | B5: A | C5: 45628.659 | D5: D0007 | E5: Congés/Absence | F5: S0183 | G5: Compte épargne-temps | H5: E0971 | I5: Compte épargne-temps (CET) | J5: La date d'observation saisie du CET est non vide | K5: A_CET_DAGCET [Saisi] <> Vide | L5: T2360 | M5: Compte épargne-temps - Choix d'option | N5: Création Modification | O5: La date de l'opération saisie est non vide et le sens de l'opération est "Consommé" | P5: A_CET_DOOCET [Saisi] <> Vide ET A_CET_SEOCET [Saisi] = 'C' | Q5: Titulaire ou magistrat | R5: P0001 | S5: Général | T5: Passant | U5: 45323
A6: 24.10.00 | B6: A | C6: 45628.64 | D6: D0007 | E6: Congés/Absence | F6: S0183 | G6: Compte épargne-temps | H6: E0971 | I6: Compte épargne-temps (CET) | J6: La date d'observation saisie du CET est non vide | K6: A_CET_DAGCET [Saisi] <> Vide | L6: T2358 | M6: Compte épargne-temps - Ouverture | N6: Création Modification | O6: La date d'ouverture saisie est non vide et la date de l'opération est vide | P6: A_CET_DCRCET [Saisi] <> VIDE ET A_CET_DOOCET [Saisi] = VIDE | Q6: Militaire | R6: P0002 | S6: Général | T6: Exclu | U6: 45323
A7: 24.10.00 | B7: A | C7: 45628.645 | D7: D0007 | E7: Congés/Absence | F7: S0183 | G7: Compte épargne-temps | H7: E0971 | I7: Compte épargne-temps (CET) | J7: La date d'observation saisie du CET est non vide | K7: A_CET_DAGCET [Saisi] <> Vide | L7: T2359 | M7: Compte épargne-temps - Alimentation | N7: Création Modification | O7: La date de l'opération saisie est non vide et le sens de l'opération est "Versé" | P7: A_CET_DOOCET [Saisi] <> Vide ET A_CET_SEOCET [Saisi] = 'V' | Q7: Militaire | R7: P0002 | S7: Général | T7: Exclu | U7: 45323
A8: 24.10.00 | B8: A | C8: 45628.66 | D8: D0007 | E8: Congés/Absence | F8: S0183 | G8: Compte épargne-temps | H8: E0971 | I8: Compte épargne-temps (CET) | J8: La date d'observation saisie du CET est non vide | K8: A_CET_DAGCET [Saisi] <> Vide | L8: T2360 | M8: Compte épargne-temps - Choix d'option | N8: Création Modification | O8: La date de l'opération saisie est non vide et le sens de l'opération est "Consommé" | P8: A_CET_DOOCET [Saisi] <> Vide ET A_CET_SEOCET [Saisi] = 'C' | Q8: Militaire | R8: P0002 | S8: Général | T8: Exclu | U8: 45323
A9: 24.10.00 | B9: A | C9: 45628.64 | D9: D0007 | E9: Congés/Absence | F9: S0183 | G9: Compte épargne-temps | H9: E0971 | I9: Compte épargne-temps (CET) | J9: La date d'observation saisie du CET est non vide | K9: A_CET_DAGCET [Saisi] <> Vide | L9: T2358 | M9: Compte épargne-temps - Ouverture | N9: Création Modification | O9: La date d'ouverture saisie est non vide et la date de l'opération est vide | P9: A_CET_DCRCET [Saisi] <> VIDE ET A_CET_DOOCET [Saisi] = VIDE | Q9: Contractuel | R9: P0003 | S9: Général | T9: Passant | U9: 45323
A10: 24.10.00 | B10: A | C10: 45635.722 | D10: D0007 | E10: Congés/Absence | F10: S0183 | G10: Compte épargne-temps | H10: E0971 | I10: Compte épargne-temps (CET) | J10: La date d'observation saisie du CET est non vide | K10: A_CET_DAGCET [Saisi] <> Vide | L10: T2359 | M10: Compte épargne-temps - Alimentation | N10: Création Modification | O10: La date de l'opération saisie est non vide et le sens de l'opération est "Versé" | P10: A_CET_DOOCET [Saisi] <> Vide ET A_CET_SEOCET [Saisi] = 'V' | Q10: Contractuel | R10: P0003 | S10: Général | T10: Passant | U10: 45323 | V10: 45688
A11: 24.10.00 | B11: A | C11: 45635.722 | D11: D0007 | E11: Congés/Absence | F11: S0183 | G11: Compte épargne-temps | H11: E0971 | I11: Compte épargne-temps (CET) | J11: La date d'observation saisie du CET est non vide | K11: A_CET_DAGCET [Saisi] <> Vide | L11: T2359 | M11: Compte épargne-temps - Alimentation | N11: Création Modification | O11: La date de l'opération saisie est non vide et le sens de l'opération est "Versé" | P11: A_CET_DOOCET [Saisi] <> Vide ET A_CET_SEOCET [Saisi] = 'V' | Q11: Contractuel | R11: P0003 | S11: Général | T11: Passant | U11: 45689
A12: 24.10.00 | B12: A | C12: 45628.66 | D12: D0007 | E12: Congés/Absence | F12: S0183 | G12: Compte épargne-temps | H12: E0971 | I12: Compte épargne-temps (CET) | J12: La date d'observation saisie du CET est non vide | K12: A_CET_DAGCET [Saisi] <> Vide | L12: T2360 | M12: Compte épargne-temps - Choix d'option | N12: Création Modification | O12: La date de l'opération saisie est non vide et le sens de l'opération est "Consommé" | P12: A_CET_DOOCET [Saisi] <> Vide ET A_CET_SEOCET [Saisi] = 'C' | Q12: Contractuel | R12: P0003 | S12: Général | T12: Passant | U12: 45323
A13: 24.10.00 | B13: A | C13: 45628.641 | D13: D0007 | E13: Congés/Absence | F13: S0183 | G13: Compte épargne-temps | H13: E0971 | I13: Compte épargne-temps (CET) | J13: La date d'observation saisie du CET est non vide | K13: A_CET_DAGCET [Saisi] <> Vide | L13: T2358 | M13: Compte épargne-temps - Ouverture | N13: Création Modification | O13: La date d'ouverture saisie est non vide et la date de l'opération est vide | P13: A_CET_DCRCET [Saisi] <> VIDE ET A_CET_DOOCET [Saisi] = VIDE | Q13: Stagiaire ou auditeur ou élève | R13: P0004 | S13: Général | T13: Exclu | U13: 45323
A14: 24.10.00 | B14: A | C14: 45628.647 | D14: D0007 | E14: Congés/Absence | F14: S0183 | G14: Compte épargne-temps | H14: E0971 | I14: Compte épargne-temps (CET) | J14: La date d'observation saisie du CET est non vide | K14: A_CET_DAGCET [Saisi] <> Vide | L14: T2359 | M14: Compte épargne-temps - Alimentation | N14: Création Modification | O14: La date de l'opération saisie est non vide et le sens de l'opération est "Versé" | P14: A_CET_DOOCET [Saisi] <> Vide ET A_CET_SEOCET [Saisi] = 'V' | Q14: Stagiaire ou auditeur ou élève | R14: P0004 | S14: Général | T14: Exclu | U14: 45323
A15: 24.10.00 | B15: A | C15: 45628.661 | D15: D0007 | E15: Congés/Absence | F15: S0183 | G15: Compte épargne-temps | H15: E0971 | I15: Compte épargne-temps (CET) | J15: La date d'observation saisie du CET est non vide | K15: A_CET_DAGCET [Saisi] <> Vide | L15: T2360 | M15: Compte épargne-temps - Choix d'option | N15: Création Modification | O15: La date de l'opération saisie est non vide et le sens de l'opération est "Consommé" | P15: A_CET_DOOCET [Saisi] <> Vide ET A_CET_SEOCET [Saisi] = 'C' | Q15: Stagiaire ou auditeur ou élève | R15: P0004 | S15: Général | T15: Exclu | U15: 45323
A16: 25.10.00 | B16: A | C16: 45994.647 | D16: D0007 | E16: Congés/Absence | F16: S0183 | G16: Compte épargne-temps | H16: E0971 | I16: Compte épargne-temps (CET) | J16: La date d'observation saisie du CET est non vide | K16: A_CET_DAGCET [Saisi] <> Vide | L16: T2358 | M16: Compte épargne-temps - Ouverture | N16: Création Modification | O16: La date d'ouverture saisie est non vide et la date de l'opération est vide | P16: A_CET_DCRCET [Saisi] <> VIDE ET A_CET_DOOCET [Saisi] = VIDE | Q16: Ouvrier d'état | R16: P0005 | S16: Général | T16: Passant | U16: 45901
A17: 25.10.00 | B17: A | C17: 45994.65 | D17: D0007 | E17: Congés/Absence | F17: S0183 | G17: Compte épargne-temps | H17: E0971 | I17: Compte épargne-temps (CET) | J17: La date d'observation saisie du CET est non vide | K17: A_CET_DAGCET [Saisi] <> Vide | L17: T2359 | M17: Compte épargne-temps - Alimentation | N17: Création Modification | O17: La date de l'opération saisie est non vide et le sens de l'opération est "Versé" | P17: A_CET_DOOCET [Saisi] <> Vide ET A_CET_SEOCET [Saisi] = 'V' | Q17: Ouvrier d'état | R17: P0005 | S17: Général | T17: Passant | U17: 45901
A18: 25.10.00 | B18: A | C18: 45994.651 | D18: D0007 | E18: Congés/Absence | F18: S0183 | G18: Compte épargne-temps | H18: E0971 | I18: Compte épargne-temps (CET) | J18: La date d'observation saisie du CET est non vide | K18: A_CET_DAGCET [Saisi] <> Vide | L18: T2360 | M18: Compte épargne-temps - Choix d'option | N18: Création Modification | O18: La date de l'opération saisie est non vide et le sens de l'opération est "Consommé" | P18: A_CET_DOOCET [Saisi] <> Vide ET A_CET_SEOCET [Saisi] = 'C' | Q18: Ouvrier d'état | R18: P0005 | S18: Général | T18: Passant | U18: 45901
A19: 24.10.00 | B19: A | C19: 45628.642 | D19: D0007 | E19: Congés/Absence | F19: S0183 | G19: Compte épargne-temps | H19: E0971 | I19: Compte épargne-temps (CET) | J19: La date d'observation saisie du CET est non vide | K19: A_CET_DAGCET [Saisi] <> Vide | L19: T2358 | M19: Compte épargne-temps - Ouverture | N19: Création Modification | O19: La date d'ouverture saisie est non vide et la date de l'opération est vide | P19: A_CET_DCRCET [Saisi] <> VIDE ET A_CET_DOOCET [Saisi] = VIDE | Q19: Expert technique international | R19: P0018 | S19: Particulier | T19: Exclu | U19: 45323
A20: 24.10.00 | B20: A | C20: 45628.647 | D20: D0007 | E20: Congés/Absence | F20: S0183 | G20: Compte épargne-temps | H20: E0971 | I20: Compte épargne-temps (CET) | J20: La date d'observation saisie du CET est non vide | K20: A_CET_DAGCET [Saisi] <> Vide | L20: T2359 | M20: Compte épargne-temps - Alimentation | N20: Création Modification | O20: La date de l'opération saisie est non vide et le sens de l'opération est "Versé" | P20: A_CET_DOOCET [Saisi] <> Vide ET A_CET_SEOCET [Saisi] = 'V' | Q20: Expert technique international | R20: P0018 | S20: Particulier | T20: Exclu | U20: 45323
A21: 24.10.00 | B21: A | C21: 45628.662 | D21: D0007 | E21: Congés/Absence | F21: S0183 | G21: Compte épargne-temps | H21: E0971 | I21: Compte épargne-temps (CET) | J21: La date d'observation saisie du CET est non vide | K21: A_CET_DAGCET [Saisi] <> Vide | L21: T2360 | M21: Compte épargne-temps - Choix d'option | N21: Création Modification | O21: La date de l'opération saisie est non vide et le sens de l'opération est "Consommé" | P21: A_CET_DOOCET [Saisi] <> Vide ET A_CET_SEOCET [Saisi] = 'C' | Q21: Expert technique international | R21: P0018 | S21: Particulier | T21: Exclu | U21: 45323
A22: 24.10.00 | B22: A | C22: 45628.642 | D22: D0007 | E22: Congés/Absence | F22: S0183 | G22: Compte épargne-temps | H22: E0971 | I22: Compte épargne-temps (CET) | J22: La date d'observation saisie du CET est non vide | K22: A_CET_DAGCET [Saisi] <> Vide | L22: T2358 | M22: Compte épargne-temps - Ouverture | N22: Création Modification | O22: La date d'ouverture saisie est non vide et la date de l'opération est vide | P22: A_CET_DCRCET [Saisi] <> VIDE ET A_CET_DOOCET [Saisi] = VIDE | Q22: Personnel civil payé à l'acte ou à la tâche | R22: P0054 | S22: Particulier | T22: Exclu | U22: 45323
... A51: 25.10.00 | B51: A | C51: 45994.652 | D51: D0007 | E51: Congés/Absence | F51: S0183 | G51: Compte épargne-temps | H51: E0972 | I51: Compte épargne-temps (CET) historique | J51: La date d'observation saisie du CET historique est non vide | K51: A_CET_DAGTRA [Saisi] <> Vide | L51: T2361 | M51: Compte épargne-temps historique - Choix d'option | N51: Création Modification | O51: La date de l'opération saisie est non vide pour le CET historique | P51: A_CET_DOOCET [Saisi] <> Vide #pour le CET historique# | Q51: Ouvrier des parcs et ateliers stagiaire | R51: P0226 | S51: Particulier | T51: Exclu | U51: 45901
A52: 24.10.00 | B52: A | C52: 45628.669 | D52: D0007 | E52: Congés/Absence | F52: S0183 | G52: Compte épargne-temps | H52: E0973 | I52: Compte épargne-temps (CET) - Mobilité/Fin de fonction | L52: T2362 | M52: Compte épargne-temps - Mobilité/Fin de fonction | N52: Création Modification | Q52: Titulaire ou magistrat | R52: P0001 | S52: Général | T52: Passant | U52: 45323
A53: 24.10.00 | B53: A | C53: 45628.669 | D53: D0007 | E53: Congés/Absence | F53: S0183 | G53: Compte épargne-temps | H53: E0973 | I53: Compte épargne-temps (CET) - Mobilité/Fin de fonction | L53: T2362 | M53: Compte épargne-temps - Mobilité/Fin de fonction | N53: Création Modification | Q53: Militaire | R53: P0002 | S53: Général | T53: Exclu | U53: 45323
A54: 24.10.00 | B54: A | C54: 45628.67 | D54: D0007 | E54: Congés/Absence | F54: S0183 | G54: Compte épargne-temps | H54: E0973 | I54: Compte épargne-temps (CET) - Mobilité/Fin de fonction | L54: T2362 | M54: Compte épargne-temps - Mobilité/Fin de fonction | N54: Création Modification | Q54: Contractuel | R54: P0003 | S54: Général | T54: Passant | U54: 45323
A55: 24.10.00 | B55: A | C55: 45628.67 | D55: D0007 | E55: Congés/Absence | F55: S0183 | G55: Compte épargne-temps | H55: E0973 | I55: Compte épargne-temps (CET) - Mobilité/Fin de fonction | L55: T2362 | M55: Compte épargne-temps - Mobilité/Fin de fonction | N55: Création Modification | Q55: Stagiaire ou auditeur ou élève | R55: P0004 | S55: Général | T55: Exclu | U55: 45323
A56: 25.10.00 | B56: A | C56: 45994.656 | D56: D0007 | E56: Congés/Absence | F56: S0183 | G56: Compte épargne-temps | H56: E0973 | I56: Compte épargne-temps (CET) - Mobilité/Fin de fonction | L56: T2362 | M56: Compte épargne-temps - Mobilité/Fin de fonction | N56: Création Modification | Q56: Ouvrier d'état | R56: P0005 | S56: Général | T56: Passant | U56: 45901
A57: 24.10.00 | B57: A | C57: 45628.671 | D57: D0007 | E57: Congés/Absence | F57: S0183 | G57: Compte épargne-temps | H57: E0973 | I57: Compte épargne-temps (CET) - Mobilité/Fin de fonction | L57: T2362 | M57: Compte épargne-temps - Mobilité/Fin de fonction | N57: Création Modification | Q57: Expert technique international | R57: P0018 | S57: Particulier | T57: Exclu | U57: 45323
A58: 24.10.00 | B58: A | C58: 45628.671 | D58: D0007 | E58: Congés/Absence | F58: S0183 | G58: Compte épargne-temps | H58: E0973 | I58: Compte épargne-temps (CET) - Mobilité/Fin de fonction | L58: T2362 | M58: Compte épargne-temps - Mobilité/Fin de fonction | N58: Création Modification | Q58: Personnel civil payé à l'acte ou à la tâche | R58: P0054 | S58: Particulier | T58: Exclu | U58: 45323
A59: 24.10.00 | B59: A | C59: 45628.672 | D59: D0007 | E59: Congés/Absence | F59: S0183 | G59: Compte épargne-temps | H59: E0973 | I59: Compte épargne-temps (CET) - Mobilité/Fin de fonction | L59: T2362 | M59: Compte épargne-temps - Mobilité/Fin de fonction | N59: Création Modification | Q59: Contractuel de droit privé | R59: P0072 | S59: Particulier | T59: Exclu | U59: 45323
A60: 25.10.00 | B60: A | C60: 45994.445 | D60: D0007 | E60: Congés/Absence | F60: S0183 | G60: Compte épargne-temps | H60: E0973 | I60: Compte épargne-temps (CET) - Mobilité/Fin de fonction | L60: T2362 | M60: Compte épargne-temps - Mobilité/Fin de fonction | N60: Création Modification | Q60: Ouvrier des parcs et ateliers ou assimilé confirmé | R60: P0096 | S60: Particulier | T60: Passant | U60: 45901
A61: 24.10.00 | B61: A | C61: 45628.672 | D61: D0007 | E61: Congés/Absence | F61: S0183 | G61: Compte épargne-temps | H61: E0973 | I61: Compte épargne-temps (CET) - Mobilité/Fin de fonction | L61: T2362 | M61: Compte épargne-temps - Mobilité/Fin de fonction | N61: Création Modification | Q61: Volontaire International | R61: P0178 | S61: Particulier | T61: Exclu | U61: 45323
A62: 24.10.00 | B62: A | C62: 45628.672 | D62: D0007 | E62: Congés/Absence | F62: S0183 | G62: Compte épargne-temps | H62: E0973 | I62: Compte épargne-temps (CET) - Mobilité/Fin de fonction | L62: T2362 | M62: Compte épargne-temps - Mobilité/Fin de fonction | N62: Création Modification | Q62: Personnel civil de coopération (assistant technique) | R62: P0214 | S62: Particulier | T62: Exclu | U62: 45323
A63: 25.10.00 | B63: A | C63: 45994.653 | D63: D0007 | E63: Congés/Absence | F63: S0183 | G63: Compte épargne-temps | H63: E0973 | I63: Compte épargne-temps (CET) - Mobilité/Fin de fonction | L63: T2362 | M63: Compte épargne-temps - Mobilité/Fin de fonction | N63: Création Modification | Q63: Ouvrier des parcs et ateliers stagiaire | R63: P0226 | S63: Particulier | T63: Exclu | U63: 45901

Sheet Axe 2 Règles de gestion
A1: Version | B1: Type de mise à jour | C1: Date de mise à jour | D1: Code de la règle | E1: Type de règle | F1: Règle littérale | G1: Références juridiques | H1: Date de début | I1: Date de fin | J1: Condition | K1: Articulation | L1: Type de contrôle | M1: Commentaire | N1: Typage RG condition | O1: Typage RG contrôle | P1: Typage RG intellectuel | Q1: Typage RG impact | R1: FIME | S1: Statut de travail | T1: Règle retenue | U1: Expression littérale
A2: 24.10.00 | B2: A | C2: 45628.435 | D2: CET_D_400 | E2: Condition | F2: L'agent ne doit pas relever des régimes d'obligation de service. | G2: Décret 2002-634 A2 / Décret 2000-815 A2 | H2: 45323 | K2: A_MOS_INDORS [Dossier] = '0' | L2: Bloquant | N2: P0096 - P0001 / P0003 - E0971 | T2: x | U2: L'agent ne doit pas relever des régimes d'obligation de service.
A3: 24.10.00 | B3: A | C3: 45628.437 | D3: CET_D_401 | E3: Condition | F3: L'agent peut alimenter son compte épargne-temps par le report de jours de réduction du temps de travail, par le report de congés annuels et de fractionnement et si un arrêté le prévoit par le report de jours de repos compensateur. | G3: Décret 2002-634 A3 | H3: 45323 | K3: A_CET_ORICET [Saisi] DANS ('CV000','CV001','CV002','CV010','CE000','CE001') | L3: Bloquant | N3: P0096 - P0001 / P0003 - E0971 | T3: x | U3: L'agent peut alimenter son compte épargne-temps par le report de jours de réduction du temps de travail, par le report de congés annuels et de fractionnement et si un arrêté le prévoit par le report de jours de repos compensateur.
A4: 24.10.00 | B4: A | C4: 45628.438 | D4: CET_D_402 | E4: Condition | F4: L'agent pour pouvoir alimenter son compte épargne-temps doit avoir pris dans l'année au moins 20 jours de congés. | G4: Décret 2002-634 A3 | H4: 45323 | K4: A_COA_TYCONG [Dossier] DANS ('CV000','CV001','CV002','CV010','CE000','CE001') ET # La somme des droits consommés (A_COA_DROCON) pour ces motifs dans l'année est supérieure ou égale à 20 jours.# | L4: Bloquant | N4: P0096 - P0001 / P0003 - E0971 | T4: x | U4: L'agent pour pouvoir alimenter son compte épargne-temps doit avoir pris dans l'année au moins 20 jours de congés.
A5: 24.10.00 | B5: A | C5: 45628.442 | D5: CET_D_403 | E5: Condition | F5: Lorsque le compte épargne-temps atteint 15 jours, l'agent peut épargner ensuite chaque année 10 jours au maximum. | G5: Décret 2002-634 A6-3 / Arrêté du 28 aout 2009 A2 | H5: 45323 | J5: SI A_CET_COGCET [Occurrence précédente] >= 15,0 | K5: A_CET_MOPCET [Saisi] <= 10,0 | L5: Bloquant | M5: Pour la période transitoire liée à l?organisation des jeux Olympiques et Paralympiques, cette règle sera non bloquante car la progression annuelle maximale du nombre de jours pouvant être inscrits sur le CET est fixée à 20 jours, au titre de l'année 2024. | N5: P0096 - P0001 / P0003 - E0971 | T5: x | U5: Lorsque le compte épargne-temps atteint 15 jours, l'agent peut épargner ensuite chaque année 10 jours au maximum.
A6: 24.10.00 | B6: A | C6: 45628.45 | D6: CET_D_404 | E6: Condition | F6: L'agent peut au titre de l'année 2024, lorsque le compte épargne-temps atteint 15 jours, épargner 20 jours au maximum en raison de l'organisation des jeux olympiques et paralympiques. | G6: Arrêté du 22 février 2024 A2 / Décret 2002-634 A6-3 / Arrêté du 28 aout 2009 A2 | H6: 45323 | I6: 45688 | J6: SI A_CET_COGCET [Occurrence précédente] >= 15,0 | K6: A_CET_MOPCET [Saisi] <= 20,0 | L6: Bloquant | N6: P0001 / P0003 - E0971 | T6: x | U6: L'agent peut au titre de l'année 2024, lorsque le compte épargne-temps atteint 15 jours, épargner 20 jours au maximum en raison de l'organisation des jeux olympiques et paralympiques.
A7: 24.10.00 | B7: A | C7: 45628.453 | D7: CET_D_405 | E7: Condition | F7: Le nombre de jours maintenus sur le compte épargne-temps ne doit pas dépasser un plafond annuel de 60 jours. | G7: Décret 2002-634 A6-3 / Arrêté du 28 aout 2009 A3 | H7: 45323 | K7: A_CET_COGCET [Saisi] <= 60,0 | L7: Non Bloquant | M7: Ce contrôle est non bloquant car les 60 jours doivent être atteints au 31/01 de l'année considérée. | N7: P0096 - P0001 / P0003 - E0971 | T7: x | U7: Le nombre de jours maintenus sur le compte épargne-temps ne doit pas dépasser un plafond annuel de 60 jours.
A8: 24.10.00 | B8: A | C8: 45628.456 | D8: CET_D_406 | E8: Condition | F8: Au terme de l'année 2024, en raison de l'organisation des jeux olympiques et paralympiques, ce plafond annuel passe à 70 jours ou si le nombre de jours épargnés au terme de l'année 2023 excède 60 jours, au nombre de jours épargnés augmentés de 10 jours. | G8: Arrêté du 22 février 2024 A2 / Décret 2002-634 A6-3 / Arrêté du 28 aout 2009 A3 | H8: 45323 | K8: A_CET_COGCET [Saisi] <= 80,0 | L8: Non Bloquant | M8: Ce contrôle est non bloquant car les 80 jours doivent être atteints au 31/01 de l'année considérée. | N8: P0096 - P0001 / P0003 - E0971 | T8: x | U8: Au terme de l'année 2024, en raison de l'organisation des jeux olympiques et paralympiques, ce plafond annuel passe à 70 jours ou si le nombre de jours épargnés au terme de l'année 2023 excède 60 jours, au nombre de jours épargnés augmentés de 10 jours.
A9: 24.10.00 | B9: A | C9: 45628.457 | D9: CET_D_407 | E9: Condition | F9: L'agent est employé de manière continue et a accompli au moins 1 année de service. | G9: Décret 2002-634 A2 | H9: 45323 | K9: A_AND_TYPANC [Dossier] = 'ANCGS' ET (A_CET_DCRCET [Saisi] - A_AND_DACAAN [Dossier] >= 1 AN-3D) | L9: Non Bloquant | M9: Contrôle non bloquant, car le contrôle de l'ancienneté de l'agent reste de la responsabilité du gestionnaire ministériel qui peut le modifier en fonction d'un contexte qui le justifie. | N9: P0096 - P0001 / P0003 - E0971 | T9: x | U9: L'agent est employé de manière continue et a accompli au moins 1 année de service.
A10: 24.10.00 | B10: A | C10: 45628.458 | D10: CET_D_408 | E10: Condition | F10: Si le nombre de jours inscrits sur le compte épargne-temps est inférieur ou égal à 15 jours au terme de l'année civile, l'agent ne peut utiliser ces jours épargnés que sous forme de congés. | G10: Décret 2002-634 A5 / Arrêté du 28 aout 2009 A1 | H10: 45323 | J10: SI A_CET_COGCET [Saisi] <= 15,0 | K10: A_CET_MOPCET [Saisi] <> VIDE ET A_CET_VFICET [Saisi] = VIDE ET A_CET_RAFCET [Saisi] = VIDE | L10: Bloquant | N10: P0096 - P0001 / P0003 - E0971 | T10: x | U10: Si le nombre de jours inscrits sur le compte épargne-temps est inférieur ou égal à 15 jours au terme de l'année civile, l'agent ne peut utiliser ces jours épargnés que sous forme de congés.
A11: 17.10.00 | B11: A | C11: 43152.5 | D11: CET_C_004 | E11: Contrôle | F11: Le nombre de jours de l'opération doit être inférieur ou égal au nombre de jours du compteur global du CET. | H11: 40725 | K11: A_CET_MOPCET [Saisi] <= A_CET_COGCET [Saisi] | L11: Bloquant
A12: 17.10.00 | B12: A | C12: 43691.751 | D12: CET_C_017 | E12: Contrôle | F12: La date d'ouverture du compte épargne temps global doit être postérieure ou égale à la date d'entrée dans le SIRH. | H12: 40725 | K12: A_CET_DCRCET [Saisi] >= A_SAP_DESIRH [Dossier] | L12: Non Bloquant | M12: Ce contrôle est non bloquant pour permettre les cas de transfert de CET lors de détachement ...
A13: 17.10.00 | B13: A | C13: 43152.5 | D13: CET_C_023 | E13: Contrôle | F13: Lorsque le sens de l'opération est à "Versé", le compteur global saisi est égal au compteur global de l'occurrence précédente auquel sont ajoutés les jours versés. | H13: 40725 | K13: A_CET_COGCET [Saisi] = A_CET_COGCET [Occurrence précédente] + A_CET_MOPCET [Saisi] | L13: Bloquant
A14: 17.10.00 | B14: A | C14: 43152.5 | D14: CET_C_024 | E14: Contrôle | F14: Lorsque le sens de l'opération est à "consommé", le compteur global saisi est égal au compteur global de l'occurrence précédente duquel sont soustraits les jours consommés en congés, les jours pour valorisation financière et les jours pour cotisation RAFP. | H14: 40725 | K14: A_CET_COGCET [Saisi] = A_CET_COGCET [Occurrence précédente] - (A_CET_MOPCET [Saisi] + A_CET_VFICET [Saisi] + A_CET_RAFCET [Saisi]) | L14: Bloquant
A15: 17.10.00 | B15: A | C15: 43152.5 | D15: CET_C_026 | E15: Contrôle | F15: Lorsque le sens de l'opération est égal à "versé", le nombre de jours pour valorisation financière et le nombre de jours pour cotisation RAFP ne doivent pas être renseignés. | H15: 40725 | K15: A_CET_VFICET [Saisi] = Vide ET A_CET_RAFCET [Saisi] = Vide | L15: Bloquant
A16: 17.10.00 | B16: A | C16: 43152.5 | D16: CET_C_027 | E16: Contrôle | F16: Lorsque le sens de l'opération est égal à "consommé", l'origine des jours n'est pas à renseigner. | H16: 40725 | K16: A_CET_ORICET [Saisi] = Vide | L16: Bloquant
A17: 17.10.00 | B17: A | C17: 43152.5 | D17: CET_C_030 | E17: Contrôle | F17: Le sens de l'opération doit être à "consommé". | H17: 40725 | K17: A_CET_SEOCET [Saisi] = 'C' | L17: Bloquant
A18: 17.10.00 | B18: A | C18: 43152.5 | D18: CET_C_031 | E18: Contrôle | F18: Les champs "Origine", "Nombre de jours de l'opération", "Nombre de jours pour valorisation financière" et "Nombre de jours pour cotisation RAFP" ne doivent pas être renseignés. | H18: 40725 | K18: A_CET_ORICET [Saisi] = Vide ET A_CET_MOPCET [Saisi] ET A_CET_VFICET [Saisi] = Vide ET A_CET_RAFCET [Saisi] = Vide | L18: Bloquant
A19: 25.10.00 | B19: A | C19: 45994.424 | D19: CET_I_036 | E19: Intellectuel | F19: L'agent bénéficie des dispositions applicables aux agents titulaires pour le compte épargne-temps, sauf dispositions contraires. | G19: Décret 65-382 A19 | H19: 45901 | L19: Non Bloquant | P19: P0096 - E0971 / E0972 / E0973 | R19: 2025-114 | T19: x | U19: L'agent bénéficie des dispositions applicables aux agents titulaires pour le compte épargne-temps, sauf dispositions contraires.
A20: 25.10.00 | B20: A | C20: 45994.426 | D20: CET_I_037 | E20: Intellectuel | F20: L'agent peut opter dans les proportions qu'il souhaite pour une indemnisation ou pour un maintien sur le compte épargne-temps. | G20: Décret 2002-634 A6-II-2° / Décret 65-382 A19 | H20: 45901 | L20: Non Bloquant | P20: P0096 - E0971 - Choix d'option | R20: 2025-114 | T20: x | U20: L'agent peut opter dans les proportions qu'il souhaite pour une indemnisation ou pour un maintien sur le compte épargne-temps.
A21: 25.10.00 | B21: A | C21: 45994.428 | D21: CET_I_038 | E21: Intellectuel | F21: Si l'agent n'exerce pas son droit d'option, les jours au-delà de 15 sont indemnisés. | G21: Décret 2002-634 A6-II-2° / Décret 65-382 A19 | H21: 45901 | L21: Non Bloquant | P21: P0096 - E0971 - Choix d'option | R21: 2025-114 | T21: x | U21: Si l'agent n'exerce pas son droit d'option, les jours au-delà de 15 sont indemnisés.
A22: 25.10.00 | B22: A | C22: 45994.658 | D22: CET_I_039 | E22: Intellectuel | F22: L'agent titulaire d'un compte épargne-temps historique peut utiliser ses jours épargnés sous forme de congés ou les faire indemniser. | G22: Décret 2009-1065 A9 | H22: 45323 | L22: Non Bloquant | P22: P0096 - P0003 - E0972 | R22: 2025-114 | T22: x | U22: L'agent titulaire d'un compte épargne-temps historique peut utiliser ses jours épargnés sous forme de congés ou les faire indemniser.
A23: 24.10.00 | B23: A | C23: 45628.607 | D23: CET_I_050 | E23: Intellectuel | F23: L'agent doit effectuer une demande d'ouverture d'un compte épargne-temps. | G23: Décret 2002-634 A1 | H23: 45323 | L23: Non Bloquant | P23: P0096 - P0001 / P0003 - E0971 | T23: x | U23: L'agent doit effectuer une demande d'ouverture d'un compte épargne-temps.
A24: 24.10.00 | B24: A | C24: 45628.608 | D24: CET_I_052 | E24: Intellectuel | F24: L'agent est informé chaque année, par l'administration, des jours épargnés et consommés. | G24: Décret 2002-634 A1 | H24: 45323 | L24: Non Bloquant | P24: P0096 - P0001 / P0003 - E0971 | T24: x | U24: L'agent est informé chaque année, par l'administration, des jours épargnés et consommés.
A25: 24.10.00 | B25: A | C25: 45628.609 | D25: CET_I_054 | E25: Intellectuel | F25: Si le nombre de jours inscrits est supérieur à 15 jours au terme de l'année civile, l'agent ne peut utiliser ces 15 jours que sous forme de congés, pour les autres jours il doit exercer une option au plus le tard le 31 janvier de l'année suivante. | G25: Décret 2002-634 A6 / Arrêté du 28 aout 2009 A1 | H25: 45323 | L25: Non Bloquant | P25: P0096 - P0001 / P0003 - E0971 | T25: x | U25: Si le nombre de jours inscrits est supérieur à 15 jours au terme de l'année civile, l'agent ne peut utiliser ces 15 jours que sous forme de congés, pour les autres jours il doit exercer une option au plus le tard le 31 janvier de l'année suivante.
A26: 24.10.00 | B26: A | C26: 45628.61 | D26: CET_I_055 | E26: Intellectuel | F26: L'agent peut opter dans les proportions qu'il souhaite pour un prise en compte au sein du régime de retraite additionnelle de la fonction publique, pour une indemnisation ou pour un maintien sur le compte épargne-temps. | G26: Décret 2002-634 A6 | H26: 45323 | L26: Non Bloquant | P26: P0001 - E0971 | T26: x | U26: L'agent peut opter dans les proportions qu'il souhaite pour un prise en compte au sein du régime de retraite additionnelle de la fonction publique, pour une indemnisation ou pour un maintien sur le compte épargne-temps.
A27: 24.10.00 | B27: A | C27: 45628.611 | D27: CET_I_056 | E27: Intellectuel | F27: L'agent peut opter dans les proportions qu'il souhaite pour une indemnisation ou pour un maintien sur le compte épargne-temps. | G27: Décret 2002-634 A6 | H27: 45323 | L27: Non Bloquant | P27: P0003 - E0971 | T27: x | U27: L'agent peut opter dans les proportions qu'il souhaite pour une indemnisation ou pour un maintien sur le compte épargne-temps.
A28: 24.10.00 | B28: A | C28: 45628.612 | D28: CET_I_057 | E28: Intellectuel | F28: Si l'agent n'exerce pas son droit d'option, les jours au-delà de 15 sont pris en compte au sein du régime de retraite additionnelle de la fonction publique. | G28: Décret 2002-634 A6 | H28: 45323 | L28: Non Bloquant | P28: P0001 - E0971 | T28: x | U28: Si l'agent n'exerce pas son droit d'option, les jours au-delà de 15 sont pris en compte au sein du régime de retraite additionnelle de la fonction publique.
A29: 24.10.00 | B29: A | C29: 45628.613 | D29: CET_I_058 | E29: Intellectuel | F29: Si l'agent n'exerce pas son droit d'option, les jours au-delà de 15 sont indemnisés. | G29: Décret 2002-634 A6 | H29: 45323 | L29: Non Bloquant | P29: P0003 - E0971 | T29: x | U29: Si l'agent n'exerce pas son droit d'option, les jours au-delà de 15 sont indemnisés.
A30: 24.10.00 | B30: A | C30: 45628.617 | D30: CET_I_059 | E30: Intellectuel | F30: Les années suivantes, les jours ainsi épargnés excédant le plafond global de jours prévu peuvent être maintenus sur le compte épargne-temps ou être consommés. | G30: Arrêté du 22 février 2024 A2 / Décret 2002-634 A6-3 / Arrêté du 28 aout 2009 A3 | H30: 45323 | L30: Non Bloquant | P30: P0096 - P0001 / P0003 - E0971 | T30: x | U30: Les années suivantes, les jours ainsi épargnés excédant le plafond global de jours prévu peuvent être maintenus sur le compte épargne-temps ou être consommés.
A31: 24.10.00 | B31: A | C31: 45628.617 | D31: CET_I_060 | E31: Intellectuel | F31: L'agent ne peut pas alimenter son compte épargne-temps par le report de congés bonifiés. | G31: Décret 2002-634 A3 | H31: 45323 | L31: Non Bloquant | P31: P0096 - P0001 / P0003 - E0971 | T31: x | U31: L'agent ne peut pas alimenter son compte épargne-temps par le report de congés bonifiés.
A32: 24.10.00 | B32: A | C32: 45628.618 | D32: CET_I_061 | E32: Intellectuel | F32: Pour les agents en service à l'étranger, le compte épargne-temps est alimenté par le report des jours de congés annuels dont ils bénéficient au titre du pays dans lequel ils sont affectés. | G32: Décret 2002-634 A3 | H32: 45323 | L32: Non Bloquant | P32: P0096 - P0001 / P0003 - E0971 | T32: x | U32: Pour les agents en service à l'étranger, le compte épargne-temps est alimenté par le report des jours de congés annuels dont ils bénéficient au titre du pays dans lequel ils sont affectés.
A33: 24.10.00 | B33: A | C33: 45628.619 | D33: CET_I_062 | E33: Intellectuel | F33: L'agent titulaire d'un compte épargne-temps historique peut utiliser ses jours épargnés sous forme de congés ou les faire indemniser ou pour une prise en compte au sein du régime additionnel de la fonction publique. | G33: Décret 2009-1065 A9 | H33: 45323 | L33: Non Bloquant | P33: P0001 / P0003 - E0972 | T33: x | U33: L'agent titulaire d'un compte épargne-temps historique peut utiliser ses jours épargnés sous forme de congés ou les faire indemniser ou pour une prise en compte au sein du régime additionnel de la fonction publique.
A34: 24.10.00 | B34: A | C34: 45628.62 | D34: CET_I_063 | E34: Intellectuel | F34: En cas de mutation, d'intégration directe, de mise à disposition, de détachement dans la fonction publique d'Etat, l'agent peut utiliser son compte épargne-temps. Sa gestion est assurée par l'administration d'accueil. | G34: Décret 2002-634 A10 | H34: 45323 | L34: Non Bloquant | P34: P0096 - P0001 / P0003 - E0973 | T34: x | U34: En cas de mutation, d'intégration directe, de mise à disposition, de détachement dans la fonction publique d'Etat, l'agent peut utiliser son compte épargne-temps. Sa gestion est assurée par l'administration d'accueil.
... A40: 24.10.00 | B40: A | C40: 45629.406 | D40: CET_I_069 | E40: Intellectuel | F40: Depuis 2009, l'ouverture et l'alimentation du compte épargne-temps historique ne sont plus autorisées. | G40: Décret 2009-1065 | H40: 45323 | L40: Non Bloquant | P40: P0096 - P0001 / P0003 - E0972 | T40: x | U40: Depuis 2009, l'ouverture et l'alimentation du compte épargne-temps historique ne sont plus autorisées.
A41: 24.10.00 | B41: M | C41: 45635.722 | D41: CET_P_001 | E41: Impact | F41: Rémunération : En cas d'indemnisation, le montant versé est un montant forfaitaire qui dépend de la catégorie statutaire d'appartenance de l'agent. | G41: Décret 2002-634 A3 | H41: 40725 | L41: Non Bloquant | Q41: P0001 / P0003 - E0466 / E0468 / E0971 / E0972 / E0973 - Rémunération | T41: x | U41: Rémunération : En cas d'indemnisation, le montant versé est un montant forfaitaire qui dépend de la catégorie statutaire d'appartenance de l'agent.
A42: 24.10.00 | B42: M | C42: 45628.63 | D42: CET_P_006 | E42: Impact | F42: Stage : L'agent ne peut pas demander l'ouverture ou l'utilisation d'un compte épargne-temps durant la durée de son stage. | G42: Décret 2002-634 A2 | H42: 40725 | L42: Non Bloquant | Q42: P0001 / P0003 - E0971 / E0466 / E0468 / E0972 / E0973 - Stage | T42: x | U42: Stage : L'agent ne peut pas demander l'ouverture ou l'utilisation d'un compte épargne-temps durant la durée de son stage.
A43: 24.10.00 | B43: M | C43: 45628.63 | D43: CET_P_007 | E43: Impact | F43: Congés annuels : L'agent conserve son droit à congé annuel. | G43: Décret 2002-634 A3 | H43: 40725 | L43: Non Bloquant | Q43: P0001 / P0003 - E0466 / E0468 / E0971 / E0972 / E0973 - Congés annuels | T43: x | U43: Congés annuels : L'agent conserve son droit à congé annuel.
