Workbook

Sheet Mode opératoire
B1: MODE OPERATOIRE
B2: La transaction s'effectue au niveau de la rubrique "Congés/absences", elle inclut l'ensemble des sous-rubriques listées ci-dessous : - Congés/absences - Complément pour congé / absence : impact rémunération - Compteurs de périodes de congés.

Sheet Axe 1 Enchainement des RG
A1: Version | B1: Type de mise à jour | C1: Date de mise à jour | D1: Identifiant Domaine | E1: Libellé du Domaine | F1: Identifiant Sous-domaine | G1: Libellé du Sous-domaine | H1: Identifiant Evénement | I1: Libellé de l'évènement | J1: Libellé condition déclenchement Evènement | K1: Condition déclenchement Evènement | L1: Identifiant type d'évènement | M1: Libellé type d'évènement | N1: Type de mise à jour | O1: Libellé condition déclenchement Type Evènement | P1: Condition déclenchement Type Evènement | Q1: Libellé Population | R1: Codification Population | S1: Général / Particulier | T1: Passant / Exclu | U1: Date de début | V1: Date de fin | W1: Règles mobilisées | X1: Identifiant Règle de contrôle intellectuel 1 | Y1: Libellé Règle de contrôle intellectuel 1 | Z1: Identifiant Règle de contrôle intellectuel 2 | AA1: Libellé Règle de contrôle intellectuel 2 | AB1: Identifiant Règle de contrôle intellectuel 3 | AC1: Libellé Règle de contrôle intellectuel 3 | AD1: Identifiant Règle de contrôle intellectuel 4 | AE1: Libellé Règle de contrôle intellectuel 4 | AF1: Identifiant Règle de contrôle intellectuel 5 | AG1: Libellé Règle de contrôle intellectuel 5 | AH1: Identifiant Règle de contrôle intellectuel 6 | AI1: Libellé Règle de contrôle intellectuel 6 | AJ1: Identifiant Règle de contrôle intellectuel 7 | AK1: Libellé Règle de contrôle intellectuel 7 | AL1: Identifiant Règle de contrôle intellectuel 8 | AM1: Libellé Règle de contrôle intellectuel 8 | AN1: Identifiant Règle de contrôle intellectuel 9 | AO1: Libellé Règle de contrôle intellectuel 9 | AP1: Identifiant Règle de condition 1 | AQ1: Libellé Règle de condition 1 | AR1: Identifiant Règle de condition 2 | AS1: Libellé Règle de condition 2 | AT1: Identifiant Règle de condition 3 | AU1: Libellé Règle de condition 3 | AV1: Identifiant Règle de condition 4 | AW1: Libellé Règle de condition 4 | AX1: Identifiant Règle de condition 5 | AY1: Libellé Règle de condition 5 | AZ1: Identifiant Règle de condition 6 | BA1: Libellé Règle de condition 6 | BB1: Identifiant Règle de contrôle 1 | BC1: Libellé Règle de contrôle 1 | BD1: Identifiant Règle de contrôle 2 | BE1: Libellé Règle de contrôle 2 | BF1: Identifiant Règle de contrôle 3 | BG1: Libellé Règle de contrôle 3 | BH1: Identifiant Règle de contrôle 4 | BI1: Libellé Règle de contrôle 4 | BJ1: Identifiant Règle de contrôle 5 | BK1: Libellé Règle de contrôle 5 | BL1: Identifiant Règle de contrôle 6 | BM1: Libellé Règle de contrôle 6 | BN1: Identifiant Règle de contrôle 7 | BO1: Libellé Règle de contrôle 7 | BP1: Identifiant Règle de contrôle 8 | BQ1: Libellé Règle de contrôle 8 | BR1: Identifiant Règle de contrôle 9 | BS1: Libellé Règle de contrôle 9 | BT1: Identifiant Règle de contrôle 10 | BU1: Libellé Règle de contrôle 10 | BV1: FIME | BW1: Statut de travail
A2: 24.00.00 | B2: A | C2: 45414.664 | D2: D0007 | E2: Congés/Absence | F2: S0171 | G2: Permission liée à des évènements familiaux | H2: E0863 | I2: Permission pour évènements familiaux (mariage, PACS, naissance, adoption, décès d'un parent) | J2: Le Type de congé/absence est 'Permission pour évènements familiaux (mariage, PACS, naissance, adoption, décès d'un parent)' | K2: A_COA_TYCOAB [Saisi] = 'CP007' | L2: T2304 | M2: Permission pour évènements familiaux (mariage, PACS, naissance, adoption, décès d'un parent) - Demande | N2: Création | Q2: Titulaire ou magistrat | R2: P0001 | S2: Général | T2: Exclu | U2: 44927
A3: 24.00.00 | B3: A | C3: 45414.665 | D3: D0007 | E3: Congés/Absence | F3: S0171 | G3: Permission liée à des évènements familiaux | H3: E0863 | I3: Permission pour évènements familiaux (mariage, PACS, naissance, adoption, décès d'un parent) | J3: Le Type de congé/absence est 'Permission pour évènements familiaux (mariage, PACS, naissance, adoption, décès d'un parent)' | K3: A_COA_TYCOAB [Saisi] = 'CP007' | L3: T2305 | M3: Permission pour évènements familiaux (mariage, PACS, naissance, adoption, décès d'un parent) - Fin | N3: Modification | Q3: Titulaire ou magistrat | R3: P0001 | S3: Général | T3: Exclu | U3: 44927
A4: 24.00.00 | B4: A | C4: 45414.665 | D4: D0007 | E4: Congés/Absence | F4: S0171 | G4: Permission liée à des évènements familiaux | H4: E0863 | I4: Permission pour évènements familiaux (mariage, PACS, naissance, adoption, décès d'un parent) | J4: Le Type de congé/absence est 'Permission pour évènements familiaux (mariage, PACS, naissance, adoption, décès d'un parent)' | K4: A_COA_TYCOAB [Saisi] = 'CP007' | L4: T2304 | M4: Permission pour évènements familiaux (mariage, PACS, naissance, adoption, décès d'un parent) - Demande | N4: Création | Q4: Militaire | R4: P0002 | S4: Général | T4: Exclu | U4: 44927
A5: 24.00.00 | B5: A | C5: 45414.665 | D5: D0007 | E5: Congés/Absence | F5: S0171 | G5: Permission liée à des évènements familiaux | H5: E0863 | I5: Permission pour évènements familiaux (mariage, PACS, naissance, adoption, décès d'un parent) | J5: Le Type de congé/absence est 'Permission pour évènements familiaux (mariage, PACS, naissance, adoption, décès d'un parent)' | K5: A_COA_TYCOAB [Saisi] = 'CP007' | L5: T2305 | M5: Permission pour évènements familiaux (mariage, PACS, naissance, adoption, décès d'un parent) - Fin | N5: Modification | Q5: Militaire | R5: P0002 | S5: Général | T5: Exclu | U5: 44927
A6: 24.00.00 | B6: A | C6: 45414.664 | D6: D0007 | E6: Congés/Absence | F6: S0171 | G6: Permission liée à des évènements familiaux | H6: E0863 | I6: Permission pour évènements familiaux (mariage, PACS, naissance, adoption, décès d'un parent) | J6: Le Type de congé/absence est 'Permission pour évènements familiaux (mariage, PACS, naissance, adoption, décès d'un parent)' | K6: A_COA_TYCOAB [Saisi] = 'CP007' | L6: T2304 | M6: Permission pour évènements familiaux (mariage, PACS, naissance, adoption, décès d'un parent) - Demande | N6: Création | Q6: Contractuel | R6: P0003 | S6: Général | T6: Exclu | U6: 44927
A7: 24.00.00 | B7: A | C7: 45414.665 | D7: D0007 | E7: Congés/Absence | F7: S0171 | G7: Permission liée à des évènements familiaux | H7: E0863 | I7: Permission pour évènements familiaux (mariage, PACS, naissance, adoption, décès d'un parent) | J7: Le Type de congé/absence est 'Permission pour évènements familiaux (mariage, PACS, naissance, adoption, décès d'un parent)' | K7: A_COA_TYCOAB [Saisi] = 'CP007' | L7: T2305 | M7: Permission pour évènements familiaux (mariage, PACS, naissance, adoption, décès d'un parent) - Fin | N7: Modification | Q7: Contractuel | R7: P0003 | S7: Général | T7: Exclu | U7: 44927
A8: 24.00.00 | B8: A | C8: 45414.664 | D8: D0007 | E8: Congés/Absence | F8: S0171 | G8: Permission liée à des évènements familiaux | H8: E0863 | I8: Permission pour évènements familiaux (mariage, PACS, naissance, adoption, décès d'un parent) | J8: Le Type de congé/absence est 'Permission pour évènements familiaux (mariage, PACS, naissance, adoption, décès d'un parent)' | K8: A_COA_TYCOAB [Saisi] = 'CP007' | L8: T2304 | M8: Permission pour évènements familiaux (mariage, PACS, naissance, adoption, décès d'un parent) - Demande | N8: Création | Q8: Stagiaire ou auditeur ou élève | R8: P0004 | S8: Général | T8: Exclu | U8: 44927
A9: 24.00.00 | B9: A | C9: 45414.665 | D9: D0007 | E9: Congés/Absence | F9: S0171 | G9: Permission liée à des évènements familiaux | H9: E0863 | I9: Permission pour évènements familiaux (mariage, PACS, naissance, adoption, décès d'un parent) | J9: Le Type de congé/absence est 'Permission pour évènements familiaux (mariage, PACS, naissance, adoption, décès d'un parent)' | K9: A_COA_TYCOAB [Saisi] = 'CP007' | L9: T2305 | M9: Permission pour évènements familiaux (mariage, PACS, naissance, adoption, décès d'un parent) - Fin | N9: Modification | Q9: Stagiaire ou auditeur ou élève | R9: P0004 | S9: Général | T9: Exclu | U9: 44927
A10: 24.00.00 | B10: A | C10: 45414.664 | D10: D0007 | E10: Congés/Absence | F10: S0171 | G10: Permission liée à des évènements familiaux | H10: E0863 | I10: Permission pour évènements familiaux (mariage, PACS, naissance, adoption, décès d'un parent) | J10: Le Type de congé/absence est 'Permission pour évènements familiaux (mariage, PACS, naissance, adoption, décès d'un parent)' | K10: A_COA_TYCOAB [Saisi] = 'CP007' | L10: T2304 | M10: Permission pour évènements familiaux (mariage, PACS, naissance, adoption, décès d'un parent) - Demande | N10: Création | Q10: Ouvrier d'état | R10: P0005 | S10: Général | T10: Exclu | U10: 44927
A11: 24.00.00 | B11: A | C11: 45414.665 | D11: D0007 | E11: Congés/Absence | F11: S0171 | G11: Permission liée à des évènements familiaux | H11: E0863 | I11: Permission pour évènements familiaux (mariage, PACS, naissance, adoption, décès d'un parent) | J11: Le Type de congé/absence est 'Permission pour évènements familiaux (mariage, PACS, naissance, adoption, décès d'un parent)' | K11: A_COA_TYCOAB [Saisi] = 'CP007' | L11: T2305 | M11: Permission pour évènements familiaux (mariage, PACS, naissance, adoption, décès d'un parent) - Fin | N11: Modification | Q11: Ouvrier d'état | R11: P0005 | S11: Général | T11: Exclu | U11: 44927
A12: 24.00.00 | B12: A | C12: 45414.666 | D12: D0007 | E12: Congés/Absence | F12: S0171 | G12: Permission liée à des évènements familiaux | H12: E0863 | I12: Permission pour évènements familiaux (mariage, PACS, naissance, adoption, décès d'un parent) | J12: Le Type de congé/absence est 'Permission pour évènements familiaux (mariage, PACS, naissance, adoption, décès d'un parent)' | K12: A_COA_TYCOAB [Saisi] = 'CP007' | L12: T2304 | M12: Permission pour évènements familiaux (mariage, PACS, naissance, adoption, décès d'un parent) - Demande | N12: Création | Q12: Militaire sous contrat | R12: P0145 | S12: Particulier | T12: Passant | U12: 44927 | W12: PEF_I_020 ET PEF_I_001 ET PEF_I_011 ET PEF_I_004 ET PEF_I_005 ET PEF_I_003 ET PEF_I_002 ET PEF_I_013 ET PEF_D_003 ET PEF_D_004 ET PEF_D_012 ET PEF_D_011 ET PEF_D_001 ET ABS_C_001 ET ABS_C_045 ET ABS_C_003 ET ABS_C_004 ET ABS_C_007 ET ABS_C_008 ET ABS_C_009 ET ABS_C_019 ET ABS_C_020 ET ABS_C_026 | X12: PEF_I_020 | Y12: =VLOOKUP(X12,'Axe 2 Règles de gestion'!$D$2:$F$40,3, FALSE) -> En cas de participation à des opérations militaires, la permission est accordée par le commandant de la formation administrative ou l'autorité équivalente, dans les conditions fixées par le ministre de la défense. | Z12: PEF_I_001 | AA12: =VLOOKUP(Z12,'Axe 2 Règles de gestion'!$D$2:$F$40,3, FALSE) -> La permission est accordée à l'occasion du mariage du militaire ou de la conclusion d'un pacte civil de solidarité par ce dernier. | AB12: PEF_I_011 | AC12: =VLOOKUP(AB12,'Axe 2 Règles de gestion'!$D$2:$F$40,3, FALSE) -> La permission est accordée à l'occasion de la naissance d'un enfant du militaire ou de l'accueil d'un enfant par le militaire. | AD12: PEF_I_004 | AE12: =VLOOKUP(AD12,'Axe 2 Règles de gestion'!$D$2:$F$40,3, FALSE) -> La permission est accordée à l'occasion du mariage d'un enfant du militaire. | AF12: PEF_I_005 | AG12: =VLOOKUP(AF12,'Axe 2 Règles de gestion'!$D$2:$F$40,3, FALSE) -> La permission est accordée à l'occasion du décès d'un parent du militaire, lorsqu'il s'agit des grands-parents, parents, beaux-parents, frère ou sœur. | AH12: PEF_I_003 | AI12: =VLOOKUP(AH12,'Axe 2 Règles de gestion'!$D$2:$F$40,3, FALSE) -> La permission est accordée à l'occasion de l'arrivée dans le foyer du militaire d'un enfant placé en vue de son adoption. | AJ12: PEF_I_002 | AK12: =VLOOKUP(AJ12,'Axe 2 Règles de gestion'!$D$2:$F$40,3, FALSE) -> Lorsque la permission est prise à l'occasion de de l'arrivée d'un enfant placé en vue de son adoption, les jours sont pris de manière continue ou fractionnée. | AL12: PEF_I_013 | AM12: =VLOOKUP(AL12,'Axe 2 Règles de gestion'!$D$2:$F$40,3, FALSE) -> La permission peut être prise, au choix du militaire, à compter du jour de l'arrivée de l'enfant adopté au sein du foyer ou au cours de la période de 7 jours consécutifs précédant son arrivée. | AP12: PEF_D_003 | AQ12: =VLOOKUP(AP12,'Axe 2 Règles de gestion'!$D$2:$F$40,3, FALSE) -> La durée prévisionnelle de la permission est de 3 jours ouvrés. | AR12: PEF_D_004 | AS12: =VLOOKUP(AR12,'Axe 2 Règles de gestion'!$D$2:$F$40,3, FALSE) -> La durée réelle de la permission est de 3 jours ouvrés. | AT12: PEF_D_012 | AU12: =VLOOKUP(AT12,'Axe 2 Règles de gestion'!$D$2:$F$40,3, FALSE) -> La date de fin prévisionnelle de la permission doit être antérieure ou égale à la date limite de fin réelle ou prévisionnelle du lien juridique. Le militaire ne voit pas son contrat prorogé jusqu'à la date de fin de la permission. | AV12: PEF_D_011 | AW12: =VLOOKUP(AV12,'Axe 2 Règles de gestion'!$D$2:$F$40,3, FALSE) -> La date de fin réelle de la permission doit être antérieure ou égale à la date limite de fin réelle ou prévisionnelle du lien juridique. Le militaire ne voit pas son contrat prorogé jusqu'à la date de fin de la permission. | AX12: PEF_D_001 | AY12: =VLOOKUP(AX12,'Axe 2 Règles de gestion'!$D$2:$F$40,3, FALSE) -> Le militaire est en activité. | BB12: ABS_C_001 | BC12: =VLOOKUP(BB12,'Axe 2 Règles de gestion'!$D$2:$F$40,3, FALSE) -> La date de début du congé/absence doit être postérieure ou égale à la date de recrutement dans la FPE ou dans la carrière militaire. | BD12: ABS_C_045 | BE12: =VLOOKUP(BD12,'Axe 2 Règles de gestion'!$D$2:$F$40,3, FALSE) -> Pour les militaires sous contrat à durée déterminée, la date de début du congé/absence doit être postérieure ou égale à la date de début du lien juridique. | BF12: ABS_C_003 | BG12: =VLOOKUP(BF12,'Axe 2 Règles de gestion'!$D$2:$F$40,3, FALSE) -> La date de début du congé/absence doit être antérieure ou égale à la date de fin réelle du congé/absence. | BH12: ABS_C_004 | BI12: =VLOOKUP(BH12,'Axe 2 Règles de gestion'!$D$2:$F$40,3, FALSE) -> La date de début du congé/absence doit être antérieure ou égale à la date de fin prévisionnelle du congé/absence. | BJ12: ABS_C_007 | BK12: =VLOOKUP(BJ12,'Axe 2 Règles de gestion'!$D$2:$F$40,3, FALSE) -> La date de fin réelle du congé/absence doit être antérieure à la date limite de départ à la retraite. | BL12: ABS_C_008 | BM12: =VLOOKUP(BL12,'Axe 2 Règles de gestion'!$D$2:$F$40,3, FALSE) -> La date de fin prévisionnelle du congé/absence doit être antérieure à la date limite de départ à la retraite. | BN12: ABS_C_009 | BO12: =VLOOKUP(BN12,'Axe 2 Règles de gestion'!$D$2:$F$40,3, FALSE) -> La date de fin réelle ou la date de fin prévisionnelle du congé/absence doit être saisie. | BP12: ABS_C_019 | BQ12: =VLOOKUP(BP12,'Axe 2 Règles de gestion'!$D$2:$F$40,3, FALSE) -> Si l'absence ne commence pas par une demi-journée et si l'absence précédente ne finit pas par une demi journée, la date de début de l'absence saisie est postérieure à la date de fin réelle de l'absence précédente. | BR12: ABS_C_020 | BS12: =VLOOKUP(BR12,'Axe 2 Règles de gestion'!$D$2:$F$40,3, FALSE) -> Si l'absence ne commence pas par une demi-journée et si l'absence précédente ne finit pas par une demi journée, la date de début de l'absence saisie est postérieure à la date de fin prévisionnelle de l'absence précédente. | BT12: ABS_C_026 | BU12: =VLOOKUP(BT12,'Axe 2 Règles de gestion'!$D$2:$F$40,3, FALSE) -> Dans le cas d'un congé autre que CLM, CLD, CGM et CITIS, l'indicateur de requalification doit être à non et les impacts spécifiques à la requalification ne doivent pas être mobilisés ou l'impact rémunération est vide.
A13: 24.00.00 | B13: A | C13: 45414.667 | D13: D0007 | E13: Congés/Absence | F13: S0171 | G13: Permission liée à des évènements familiaux | H13: E0863 | I13: Permission pour évènements familiaux (mariage, PACS, naissance, adoption, décès d'un parent) | J13: Le Type de congé/absence est 'Permission pour évènements familiaux (mariage, PACS, naissance, adoption, décès d'un parent)' | K13: A_COA_TYCOAB [Saisi] = 'CP007' | L13: T2305 | M13: Permission pour évènements familiaux (mariage, PACS, naissance, adoption, décès d'un parent) - Fin | N13: Modification | Q13: Militaire sous contrat | R13: P0145 | S13: Particulier | T13: Passant | U13: 44927 | W13: PEF_I_022 ET PEF_D_003 ET PEF_D_004 ET PEF_D_012 ET PEF_D_011 ET PEF_D_001 ET ABS_C_003 ET ABS_C_004 ET ABS_C_007 ET ABS_C_008 ET ABS_C_009 ET ABS_C_026 | X13: PEF_I_022 | Y13: =VLOOKUP(X13,'Axe 2 Règles de gestion'!$D$2:$F$40,3, FALSE) -> Le militaire en permission peut être rappelé immédiatement lorsque les circonstances l'exigent. | AP13: PEF_D_003 | AQ13: =VLOOKUP(AP13,'Axe 2 Règles de gestion'!$D$2:$F$40,3, FALSE) -> La durée prévisionnelle de la permission est de 3 jours ouvrés. | AR13: PEF_D_004 | AS13: =VLOOKUP(AR13,'Axe 2 Règles de gestion'!$D$2:$F$40,3, FALSE) -> La durée réelle de la permission est de 3 jours ouvrés. | AT13: PEF_D_012 | AU13: =VLOOKUP(AT13,'Axe 2 Règles de gestion'!$D$2:$F$40,3, FALSE) -> La date de fin prévisionnelle de la permission doit être antérieure ou égale à la date limite de fin réelle ou prévisionnelle du lien juridique. Le militaire ne voit pas son contrat prorogé jusqu'à la date de fin de la permission. | AV13: PEF_D_011 | AW13: =VLOOKUP(AV13,'Axe 2 Règles de gestion'!$D$2:$F$40,3, FALSE) -> La date de fin réelle de la permission doit être antérieure ou égale à la date limite de fin réelle ou prévisionnelle du lien juridique. Le militaire ne voit pas son contrat prorogé jusqu'à la date de fin de la permission. | AX13: PEF_D_001 | AY13: =VLOOKUP(AX13,'Axe 2 Règles de gestion'!$D$2:$F$40,3, FALSE) -> Le militaire est en activité. | BB13: ABS_C_003 | BC13: =VLOOKUP(BB13,'Axe 2 Règles de gestion'!$D$2:$F$40,3, FALSE) -> La date de début du congé/absence doit être antérieure ou égale à la date de fin réelle du congé/absence. | BD13: ABS_C_004 | BE13: =VLOOKUP(BD13,'Axe 2 Règles de gestion'!$D$2:$F$40,3, FALSE) -> La date de début du congé/absence doit être antérieure ou égale à la date de fin prévisionnelle du congé/absence. | BF13: ABS_C_007 | BG13: =VLOOKUP(BF13,'Axe 2 Règles de gestion'!$D$2:$F$40,3, FALSE) -> La date de fin réelle du congé/absence doit être antérieure à la date limite de départ à la retraite. | BH13: ABS_C_008 | BI13: =VLOOKUP(BH13,'Axe 2 Règles de gestion'!$D$2:$F$40,3, FALSE) -> La date de fin prévisionnelle du congé/absence doit être antérieure à la date limite de départ à la retraite. | BJ13: ABS_C_009 | BK13: =VLOOKUP(BJ13,'Axe 2 Règles de gestion'!$D$2:$F$40,3, FALSE) -> La date de fin réelle ou la date de fin prévisionnelle du congé/absence doit être saisie. | BL13: ABS_C_026 | BM13: =VLOOKUP(BL13,'Axe 2 Règles de gestion'!$D$2:$F$40,3, FALSE) -> Dans le cas d'un congé autre que CLM, CLD, CGM et CITIS, l'indicateur de requalification doit être à non et les impacts spécifiques à la requalification ne doivent pas être mobilisés ou l'impact rémunération est vide.
A14: 24.00.00 | B14: A | C14: 45414.667 | D14: D0007 | E14: Congés/Absence | F14: S0171 | G14: Permission liée à des évènements familiaux | H14: E0863 | I14: Permission pour évènements familiaux (mariage, PACS, naissance, adoption, décès d'un parent) | J14: Le Type de congé/absence est 'Permission pour évènements familiaux (mariage, PACS, naissance, adoption, décès d'un parent)' | K14: A_COA_TYCOAB [Saisi] = 'CP007' | L14: T2304 | M14: Permission pour évènements familiaux (mariage, PACS, naissance, adoption, décès d'un parent) - Demande | N14: Création | Q14: Militaire de réserve | R14: P0146 | S14: Particulier | T14: Passant | U14: 44927 | W14: PEF_I_015 ET PEF_I_020 ET PEF_I_001 ET PEF_I_011 ET PEF_I_004 ET PEF_I_005 ET PEF_I_003 ET PEF_I_002 ET PEF_I_013 ET PEF_D_003 ET PEF_D_004 ET PEF_D_012 ET PEF_D_011 ET PEF_D_001 ET ABS_C_001 ET ABS_C_045 ET ABS_C_003 ET ABS_C_004 ET ABS_C_007 ET ABS_C_008 ET ABS_C_009 ET ABS_C_019 ET ABS_C_020 ET ABS_C_026 | X14: PEF_I_015 | Y14: =VLOOKUP(X14,'Axe 2 Règles de gestion'!$D$2:$F$40,3, FALSE) -> Le militaire doit exercer une activité au titre d'un engagement à servir dans la réserve opérationnelle ou au titre de la disponibilité. | Z14: PEF_I_020 | AA14: =VLOOKUP(Z14,'Axe 2 Règles de gestion'!$D$2:$F$40,3, FALSE) -> En cas de participation à des opérations militaires, la permission est accordée par le commandant de la formation administrative ou l'autorité équivalente, dans les conditions fixées par le ministre de la défense. | AB14: PEF_I_001 | AC14: =VLOOKUP(AB14,'Axe 2 Règles de gestion'!$D$2:$F$40,3, FALSE) -> La permission est accordée à l'occasion du mariage du militaire ou de la conclusion d'un pacte civil de solidarité par ce dernier. | AD14: PEF_I_011 | AE14: =VLOOKUP(AD14,'Axe 2 Règles de gestion'!$D$2:$F$40,3, FALSE) -> La permission est accordée à l'occasion de la naissance d'un enfant du militaire ou de l'accueil d'un enfant par le militaire. | AF14: PEF_I_004 | AG14: =VLOOKUP(AF14,'Axe 2 Règles de gestion'!$D$2:$F$40,3, FALSE) -> La permission est accordée à l'occasion du mariage d'un enfant du militaire. | AH14: PEF_I_005 | AI14: =VLOOKUP(AH14,'Axe 2 Règles de gestion'!$D$2:$F$40,3, FALSE) -> La permission est accordée à l'occasion du décès d'un parent du militaire, lorsqu'il s'agit des grands-parents, parents, beaux-parents, frère ou sœur. | AJ14: PEF_I_003 | AK14: =VLOOKUP(AJ14,'Axe 2 Règles de gestion'!$D$2:$F$40,3, FALSE) -> La permission est accordée à l'occasion de l'arrivée dans le foyer du militaire d'un enfant placé en vue de son adoption. | AL14: PEF_I_002 | AM14: =VLOOKUP(AL14,'Axe 2 Règles de gestion'!$D$2:$F$40,3, FALSE) -> Lorsque la permission est prise à l'occasion de de l'arrivée d'un enfant placé en vue de son adoption, les jours sont pris de manière continue ou fractionnée. | AN14: PEF_I_013 | AO14: =VLOOKUP(AN14,'Axe 2 Règles de gestion'!$D$2:$F$40,3, FALSE) -> La permission peut être prise, au choix du militaire, à compter du jour de l'arrivée de l'enfant adopté au sein du foyer ou au cours de la période de 7 jours consécutifs précédant son arrivée. | AP14: PEF_D_003 | AQ14: =VLOOKUP(AP14,'Axe 2 Règles de gestion'!$D$2:$F$40,3, FALSE) -> La durée prévisionnelle de la permission est de 3 jours ouvrés. | AR14: PEF_D_004 | AS14: =VLOOKUP(AR14,'Axe 2 Règles de gestion'!$D$2:$F$40,3, FALSE) -> La durée réelle de la permission est de 3 jours ouvrés. | AT14: PEF_D_012 | AU14: =VLOOKUP(AT14,'Axe 2 Règles de gestion'!$D$2:$F$40,3, FALSE) -> La date de fin prévisionnelle de la permission doit être antérieure ou égale à la date limite de fin réelle ou prévisionnelle du lien juridique. Le militaire ne voit pas son contrat prorogé jusqu'à la date de fin de la permission. | AV14: PEF_D_011 | AW14: =VLOOKUP(AV14,'Axe 2 Règles de gestion'!$D$2:$F$40,3, FALSE) -> La date de fin réelle de la permission doit être antérieure ou égale à la date limite de fin réelle ou prévisionnelle du lien juridique. Le militaire ne voit pas son contrat prorogé jusqu'à la date de fin de la permission. | AX14: PEF_D_001 | AY14: =VLOOKUP(AX14,'Axe 2 Règles de gestion'!$D$2:$F$40,3, FALSE) -> Le militaire est en activité. | BB14: ABS_C_001 | BC14: =VLOOKUP(BB14,'Axe 2 Règles de gestion'!$D$2:$F$40,3, FALSE) -> La date de début du congé/absence doit être postérieure ou égale à la date de recrutement dans la FPE ou dans la carrière militaire. | BD14: ABS_C_045 | BE14: =VLOOKUP(BD14,'Axe 2 Règles de gestion'!$D$2:$F$40,3, FALSE) -> Pour les militaires sous contrat à durée déterminée, la date de début du congé/absence doit être postérieure ou égale à la date de début du lien juridique. | BF14: ABS_C_003 | BG14: =VLOOKUP(BF14,'Axe 2 Règles de gestion'!$D$2:$F$40,3, FALSE) -> La date de début du congé/absence doit être antérieure ou égale à la date de fin réelle du congé/absence. | BH14: ABS_C_004 | BI14: =VLOOKUP(BH14,'Axe 2 Règles de gestion'!$D$2:$F$40,3, FALSE) -> La date de début du congé/absence doit être antérieure ou égale à la date de fin prévisionnelle du congé/absence. | BJ14: ABS_C_007 | BK14: =VLOOKUP(BJ14,'Axe 2 Règles de gestion'!$D$2:$F$40,3, FALSE) -> La date de fin réelle du congé/absence doit être antérieure à la date limite de départ à la retraite. | BL14: ABS_C_008 | BM14: =VLOOKUP(BL14,'Axe 2 Règles de gestion'!$D$2:$F$40,3, FALSE) -> La date de fin prévisionnelle du congé/absence doit être antérieure à la date limite de départ à la retraite. | BN14: ABS_C_009 | BO14: =VLOOKUP(BN14,'Axe 2 Règles de gestion'!$D$2:$F$40,3, FALSE) -> La date de fin réelle ou la date de fin prévisionnelle du congé/absence doit être saisie. | BP14: ABS_C_019 | BQ14: =VLOOKUP(BP14,'Axe 2 Règles de gestion'!$D$2:$F$40,3, FALSE) -> Si l'absence ne commence pas par une demi-journée et si l'absence précédente ne finit pas par une demi journée, la date de début de l'absence saisie est postérieure à la date de fin réelle de l'absence précédente. | BR14: ABS_C_020 | BS14: =VLOOKUP(BR14,'Axe 2 Règles de gestion'!$D$2:$F$40,3, FALSE) -> Si l'absence ne commence pas par une demi-journée et si l'absence précédente ne finit pas par une demi journée, la date de début de l'absence saisie est postérieure à la date de fin prévisionnelle de l'absence précédente. | BT14: ABS_C_026 | BU14: =VLOOKUP(BT14,'Axe 2 Règles de gestion'!$D$2:$F$40,3, FALSE) -> Dans le cas d'un congé autre que CLM, CLD, CGM et CITIS, l'indicateur de requalification doit être à non et les impacts spécifiques à la requalification ne doivent pas être mobilisés ou l'impact rémunération est vide.
A15: 24.00.00 | B15: A | C15: 45414.667 | D15: D0007 | E15: Congés/Absence | F15: S0171 | G15: Permission liée à des évènements familiaux | H15: E0863 | I15: Permission pour évènements familiaux (mariage, PACS, naissance, adoption, décès d'un parent) | J15: Le Type de congé/absence est 'Permission pour évènements familiaux (mariage, PACS, naissance, adoption, décès d'un parent)' | K15: A_COA_TYCOAB [Saisi] = 'CP007' | L15: T2305 | M15: Permission pour évènements familiaux (mariage, PACS, naissance, adoption, décès d'un parent) - Fin | N15: Modification | Q15: Militaire de réserve | R15: P0146 | S15: Particulier | T15: Passant | U15: 44927 | W15: PEF_I_022 ET PEF_D_003 ET PEF_D_004 ET PEF_D_012 ET PEF_D_011 ET PEF_D_001 ET ABS_C_003 ET ABS_C_004 ET ABS_C_007 ET ABS_C_008 ET ABS_C_009 ET ABS_C_026 | X15: PEF_I_022 | Y15: =VLOOKUP(X15,'Axe 2 Règles de gestion'!$D$2:$F$40,3, FALSE) -> Le militaire en permission peut être rappelé immédiatement lorsque les circonstances l'exigent. | AP15: PEF_D_003 | AQ15: =VLOOKUP(AP15,'Axe 2 Règles de gestion'!$D$2:$F$40,3, FALSE) -> La durée prévisionnelle de la permission est de 3 jours ouvrés. | AR15: PEF_D_004 | AS15: =VLOOKUP(AR15,'Axe 2 Règles de gestion'!$D$2:$F$40,3, FALSE) -> La durée réelle de la permission est de 3 jours ouvrés. | AT15: PEF_D_012 | AU15: =VLOOKUP(AT15,'Axe 2 Règles de gestion'!$D$2:$F$40,3, FALSE) -> La date de fin prévisionnelle de la permission doit être antérieure ou égale à la date limite de fin réelle ou prévisionnelle du lien juridique. Le militaire ne voit pas son contrat prorogé jusqu'à la date de fin de la permission. | AV15: PEF_D_011 | AW15: =VLOOKUP(AV15,'Axe 2 Règles de gestion'!$D$2:$F$40,3, FALSE) -> La date de fin réelle de la permission doit être antérieure ou égale à la date limite de fin réelle ou prévisionnelle du lien juridique. Le militaire ne voit pas son contrat prorogé jusqu'à la date de fin de la permission. | AX15: PEF_D_001 | AY15: =VLOOKUP(AX15,'Axe 2 Règles de gestion'!$D$2:$F$40,3, FALSE) -> Le militaire est en activité. | BB15: ABS_C_003 | BC15: =VLOOKUP(BB15,'Axe 2 Règles de gestion'!$D$2:$F$40,3, FALSE) -> La date de début du congé/absence doit être antérieure ou égale à la date de fin réelle du congé/absence. | BD15: ABS_C_004 | BE15: =VLOOKUP(BD15,'Axe 2 Règles de gestion'!$D$2:$F$40,3, FALSE) -> La date de début du congé/absence doit être antérieure ou égale à la date de fin prévisionnelle du congé/absence. | BF15: ABS_C_007 | BG15: =VLOOKUP(BF15,'Axe 2 Règles de gestion'!$D$2:$F$40,3, FALSE) -> La date de fin réelle du congé/absence doit être antérieure à la date limite de départ à la retraite. | BH15: ABS_C_008 | BI15: =VLOOKUP(BH15,'Axe 2 Règles de gestion'!$D$2:$F$40,3, FALSE) -> La date de fin prévisionnelle du congé/absence doit être antérieure à la date limite de départ à la retraite. | BJ15: ABS_C_009 | BK15: =VLOOKUP(BJ15,'Axe 2 Règles de gestion'!$D$2:$F$40,3, FALSE) -> La date de fin réelle ou la date de fin prévisionnelle du congé/absence doit être saisie. | BL15: ABS_C_026 | BM15: =VLOOKUP(BL15,'Axe 2 Règles de gestion'!$D$2:$F$40,3, FALSE) -> Dans le cas d'un congé autre que CLM, CLD, CGM et CITIS, l'indicateur de requalification doit être à non et les impacts spécifiques à la requalification ne doivent pas être mobilisés ou l'impact rémunération est vide.
A16: 24.00.00 | B16: A | C16: 45414.667 | D16: D0007 | E16: Congés/Absence | F16: S0171 | G16: Permission liée à des évènements familiaux | H16: E0863 | I16: Permission pour évènements familiaux (mariage, PACS, naissance, adoption, décès d'un parent) | J16: Le Type de congé/absence est 'Permission pour évènements familiaux (mariage, PACS, naissance, adoption, décès d'un parent)' | K16: A_COA_TYCOAB [Saisi] = 'CP007' | L16: T2304 | M16: Permission pour évènements familiaux (mariage, PACS, naissance, adoption, décès d'un parent) - Demande | N16: Création | Q16: Militaire de carrière | R16: P0189 | S16: Particulier | T16: Passant | U16: 44927 | W16: PEF_I_020 ET PEF_I_001 ET PEF_I_011 ET PEF_I_004 ET PEF_I_005 ET PEF_I_003 ET PEF_I_002 ET PEF_I_013 ET PEF_D_003 ET PEF_D_004 ET PEF_D_001 ET ABS_C_001 ET ABS_C_003 ET ABS_C_004 ET ABS_C_007 ET ABS_C_008 ET ABS_C_009 ET ABS_C_019 ET ABS_C_020 ET ABS_C_026 | X16: PEF_I_020 | Y16: =VLOOKUP(X16,'Axe 2 Règles de gestion'!$D$2:$F$40,3, FALSE) -> En cas de participation à des opérations militaires, la permission est accordée par le commandant de la formation administrative ou l'autorité équivalente, dans les conditions fixées par le ministre de la défense. | Z16: PEF_I_001 | AA16: =VLOOKUP(Z16,'Axe 2 Règles de gestion'!$D$2:$F$40,3, FALSE) -> La permission est accordée à l'occasion du mariage du militaire ou de la conclusion d'un pacte civil de solidarité par ce dernier. | AB16: PEF_I_011 | AC16: =VLOOKUP(AB16,'Axe 2 Règles de gestion'!$D$2:$F$40,3, FALSE) -> La permission est accordée à l'occasion de la naissance d'un enfant du militaire ou de l'accueil d'un enfant par le militaire. | AD16: PEF_I_004 | AE16: =VLOOKUP(AD16,'Axe 2 Règles de gestion'!$D$2:$F$40,3, FALSE) -> La permission est accordée à l'occasion du mariage d'un enfant du militaire. | AF16: PEF_I_005 | AG16: =VLOOKUP(AF16,'Axe 2 Règles de gestion'!$D$2:$F$40,3, FALSE) -> La permission est accordée à l'occasion du décès d'un parent du militaire, lorsqu'il s'agit des grands-parents, parents, beaux-parents, frère ou sœur. | AH16: PEF_I_003 | AI16: =VLOOKUP(AH16,'Axe 2 Règles de gestion'!$D$2:$F$40,3, FALSE) -> La permission est accordée à l'occasion de l'arrivée dans le foyer du militaire d'un enfant placé en vue de son adoption. | AJ16: PEF_I_002 | AK16: =VLOOKUP(AJ16,'Axe 2 Règles de gestion'!$D$2:$F$40,3, FALSE) -> Lorsque la permission est prise à l'occasion de de l'arrivée d'un enfant placé en vue de son adoption, les jours sont pris de manière continue ou fractionnée. | AL16: PEF_I_013 | AM16: =VLOOKUP(AL16,'Axe 2 Règles de gestion'!$D$2:$F$40,3, FALSE) -> La permission peut être prise, au choix du militaire, à compter du jour de l'arrivée de l'enfant adopté au sein du foyer ou au cours de la période de 7 jours consécutifs précédant son arrivée. | AP16: PEF_D_003 | AQ16: =VLOOKUP(AP16,'Axe 2 Règles de gestion'!$D$2:$F$40,3, FALSE) -> La durée prévisionnelle de la permission est de 3 jours ouvrés. | AR16: PEF_D_004 | AS16: =VLOOKUP(AR16,'Axe 2 Règles de gestion'!$D$2:$F$40,3, FALSE) -> La durée réelle de la permission est de 3 jours ouvrés. | AT16: PEF_D_001 | AU16: =VLOOKUP(AT16,'Axe 2 Règles de gestion'!$D$2:$F$40,3, FALSE) -> Le militaire est en activité. | BB16: ABS_C_001 | BC16: =VLOOKUP(BB16,'Axe 2 Règles de gestion'!$D$2:$F$40,3, FALSE) -> La date de début du congé/absence doit être postérieure ou égale à la date de recrutement dans la FPE ou dans la carrière militaire. | BD16: ABS_C_003 | BE16: =VLOOKUP(BD16,'Axe 2 Règles de gestion'!$D$2:$F$40,3, FALSE) -> La date de début du congé/absence doit être antérieure ou égale à la date de fin réelle du congé/absence. | BF16: ABS_C_004 | BG16: =VLOOKUP(BF16,'Axe 2 Règles de gestion'!$D$2:$F$40,3, FALSE) -> La date de début du congé/absence doit être antérieure ou égale à la date de fin prévisionnelle du congé/absence. | BH16: ABS_C_007 | BI16: =VLOOKUP(BH16,'Axe 2 Règles de gestion'!$D$2:$F$40,3, FALSE) -> La date de fin réelle du congé/absence doit être antérieure à la date limite de départ à la retraite. | BJ16: ABS_C_008 | BK16: =VLOOKUP(BJ16,'Axe 2 Règles de gestion'!$D$2:$F$40,3, FALSE) -> La date de fin prévisionnelle du congé/absence doit être antérieure à la date limite de départ à la retraite. | BL16: ABS_C_009 | BM16: =VLOOKUP(BL16,'Axe 2 Règles de gestion'!$D$2:$F$40,3, FALSE) -> La date de fin réelle ou la date de fin prévisionnelle du congé/absence doit être saisie. | BN16: ABS_C_019 | BO16: =VLOOKUP(BN16,'Axe 2 Règles de gestion'!$D$2:$F$40,3, FALSE) -> Si l'absence ne commence pas par une demi-journée et si l'absence précédente ne finit pas par une demi journée, la date de début de l'absence saisie est postérieure à la date de fin réelle de l'absence précédente. | BP16: ABS_C_020 | BQ16: =VLOOKUP(BP16,'Axe 2 Règles de gestion'!$D$2:$F$40,3, FALSE) -> Si l'absence ne commence pas par une demi-journée et si l'absence précédente ne finit pas par une demi journée, la date de début de l'absence saisie est postérieure à la date de fin prévisionnelle de l'absence précédente. | BR16: ABS_C_026 | BS16: =VLOOKUP(BR16,'Axe 2 Règles de gestion'!$D$2:$F$40,3, FALSE) -> Dans le cas d'un congé autre que CLM, CLD, CGM et CITIS, l'indicateur de requalification doit être à non et les impacts spécifiques à la requalification ne doivent pas être mobilisés ou l'impact rémunération est vide.
A17: 24.00.00 | B17: A | C17: 45414.667 | D17: D0007 | E17: Congés/Absence | F17: S0171 | G17: Permission liée à des évènements familiaux | H17: E0863 | I17: Permission pour évènements familiaux (mariage, PACS, naissance, adoption, décès d'un parent) | J17: Le Type de congé/absence est 'Permission pour évènements familiaux (mariage, PACS, naissance, adoption, décès d'un parent)' | K17: A_COA_TYCOAB [Saisi] = 'CP007' | L17: T2305 | M17: Permission pour évènements familiaux (mariage, PACS, naissance, adoption, décès d'un parent) - Fin | N17: Modification | Q17: Militaire de carrière | R17: P0189 | S17: Particulier | T17: Passant | U17: 44927 | W17: PEF_I_022 ET PEF_D_003 ET PEF_D_004 ET PEF_D_001 ET ABS_C_003 ET ABS_C_004 ET ABS_C_007 ET ABS_C_008 ET ABS_C_009 ET ABS_C_026 | X17: PEF_I_022 | Y17: =VLOOKUP(X17,'Axe 2 Règles de gestion'!$D$2:$F$40,3, FALSE) -> Le militaire en permission peut être rappelé immédiatement lorsque les circonstances l'exigent. | AP17: PEF_D_003 | AQ17: =VLOOKUP(AP17,'Axe 2 Règles de gestion'!$D$2:$F$40,3, FALSE) -> La durée prévisionnelle de la permission est de 3 jours ouvrés. | AR17: PEF_D_004 | AS17: =VLOOKUP(AR17,'Axe 2 Règles de gestion'!$D$2:$F$40,3, FALSE) -> La durée réelle de la permission est de 3 jours ouvrés. | AT17: PEF_D_001 | AU17: =VLOOKUP(AT17,'Axe 2 Règles de gestion'!$D$2:$F$40,3, FALSE) -> Le militaire est en activité. | BB17: ABS_C_003 | BC17: =VLOOKUP(BB17,'Axe 2 Règles de gestion'!$D$2:$F$40,3, FALSE) -> La date de début du congé/absence doit être antérieure ou égale à la date de fin réelle du congé/absence. | BD17: ABS_C_004 | BE17: =VLOOKUP(BD17,'Axe 2 Règles de gestion'!$D$2:$F$40,3, FALSE) -> La date de début du congé/absence doit être antérieure ou égale à la date de fin prévisionnelle du congé/absence. | BF17: ABS_C_007 | BG17: =VLOOKUP(BF17,'Axe 2 Règles de gestion'!$D$2:$F$40,3, FALSE) -> La date de fin réelle du congé/absence doit être antérieure à la date limite de départ à la retraite. | BH17: ABS_C_008 | BI17: =VLOOKUP(BH17,'Axe 2 Règles de gestion'!$D$2:$F$40,3, FALSE) -> La date de fin prévisionnelle du congé/absence doit être antérieure à la date limite de départ à la retraite. | BJ17: ABS_C_009 | BK17: =VLOOKUP(BJ17,'Axe 2 Règles de gestion'!$D$2:$F$40,3, FALSE) -> La date de fin réelle ou la date de fin prévisionnelle du congé/absence doit être saisie. | BL17: ABS_C_026 | BM17: =VLOOKUP(BL17,'Axe 2 Règles de gestion'!$D$2:$F$40,3, FALSE) -> Dans le cas d'un congé autre que CLM, CLD, CGM et CITIS, l'indicateur de requalification doit être à non et les impacts spécifiques à la requalification ne doivent pas être mobilisés ou l'impact rémunération est vide.
A18: 24.00.00 | B18: A | C18: 45414.668 | D18: D0007 | E18: Congés/Absence | F18: S0171 | G18: Permission liée à des évènements familiaux | H18: E0955 | I18: Permission pour le décès du conjoint du militaire, du partenaire pacsé ou de l'enfant | J18: Le Type de congé/absence est 'Permission pour le décès du conjoint du militaire, du partenaire pacsé ou de l'enfant' | K18: A_COA_TYCOAB [Saisi] = 'CP008' | L18: T2306 | M18: Permission pour le décès du conjoint du militaire, du partenaire pacsé ou de l'enfant - Demande | N18: Création | Q18: Titulaire ou magistrat | R18: P0001 | S18: Général | T18: Exclu | U18: 44927
A19: 24.00.00 | B19: A | C19: 45414.669 | D19: D0007 | E19: Congés/Absence | F19: S0171 | G19: Permission liée à des évènements familiaux | H19: E0955 | I19: Permission pour le décès du conjoint du militaire, du partenaire pacsé ou de l'enfant | J19: Le Type de congé/absence est 'Permission pour le décès du conjoint du militaire, du partenaire pacsé ou de l'enfant' | K19: A_COA_TYCOAB [Saisi] = 'CP008' | L19: T2307 | M19: Permission pour le décès du conjoint du militaire, du partenaire pacsé ou de l'enfant - Fin | N19: Modification | Q19: Titulaire ou magistrat | R19: P0001 | S19: Général | T19: Exclu | U19: 44927
A20: 24.00.00 | B20: A | C20: 45414.669 | D20: D0007 | E20: Congés/Absence | F20: S0171 | G20: Permission liée à des évènements familiaux | H20: E0955 | I20: Permission pour le décès du conjoint du militaire, du partenaire pacsé ou de l'enfant | J20: Le Type de congé/absence est 'Permission pour le décès du conjoint du militaire, du partenaire pacsé ou de l'enfant' | K20: A_COA_TYCOAB [Saisi] = 'CP008' | L20: T2306 | M20: Permission pour le décès du conjoint du militaire, du partenaire pacsé ou de l'enfant - Demande | N20: Création | Q20: Militaire | R20: P0002 | S20: Général | T20: Exclu | U20: 44927
A21: 24.00.00 | B21: A | C21: 45414.67 | D21: D0007 | E21: Congés/Absence | F21: S0171 | G21: Permission liée à des évènements familiaux | H21: E0955 | I21: Permission pour le décès du conjoint du militaire, du partenaire pacsé ou de l'enfant | J21: Le Type de congé/absence est 'Permission pour le décès du conjoint du militaire, du partenaire pacsé ou de l'enfant' | K21: A_COA_TYCOAB [Saisi] = 'CP008' | L21: T2307 | M21: Permission pour le décès du conjoint du militaire, du partenaire pacsé ou de l'enfant - Fin | N21: Modification | Q21: Militaire | R21: P0002 | S21: Général | T21: Exclu | U21: 44927
A22: 24.00.00 | B22: A | C22: 45414.669 | D22: D0007 | E22: Congés/Absence | F22: S0171 | G22: Permission liée à des évènements familiaux | H22: E0955 | I22: Permission pour le décès du conjoint du militaire, du partenaire pacsé ou de l'enfant | J22: Le Type de congé/absence est 'Permission pour le décès du conjoint du militaire, du partenaire pacsé ou de l'enfant' | K22: A_COA_TYCOAB [Saisi] = 'CP008' | L22: T2306 | M22: Permission pour le décès du conjoint du militaire, du partenaire pacsé ou de l'enfant - Demande | N22: Création | Q22: Contractuel | R22: P0003 | S22: Général | T22: Exclu | U22: 44927
A23: 24.00.00 | B23: A | C23: 45414.669 | D23: D0007 | E23: Congés/Absence | F23: S0171 | G23: Permission liée à des évènements familiaux | H23: E0955 | I23: Permission pour le décès du conjoint du militaire, du partenaire pacsé ou de l'enfant | J23: Le Type de congé/absence est 'Permission pour le décès du conjoint du militaire, du partenaire pacsé ou de l'enfant' | K23: A_COA_TYCOAB [Saisi] = 'CP008' | L23: T2307 | M23: Permission pour le décès du conjoint du militaire, du partenaire pacsé ou de l'enfant - Fin | N23: Modification | Q23: Contractuel | R23: P0003 | S23: Général | T23: Exclu | U23: 44927
A24: 24.00.00 | B24: A | C24: 45414.669 | D24: D0007 | E24: Congés/Absence | F24: S0171 | G24: Permission liée à des évènements familiaux | H24: E0955 | I24: Permission pour le décès du conjoint du militaire, du partenaire pacsé ou de l'enfant | J24: Le Type de congé/absence est 'Permission pour le décès du conjoint du militaire, du partenaire pacsé ou de l'enfant' | K24: A_COA_TYCOAB [Saisi] = 'CP008' | L24: T2306 | M24: Permission pour le décès du conjoint du militaire, du partenaire pacsé ou de l'enfant - Demande | N24: Création | Q24: Stagiaire ou auditeur ou élève | R24: P0004 | S24: Général | T24: Exclu | U24: 44927
A25: 24.00.00 | B25: A | C25: 45414.669 | D25: D0007 | E25: Congés/Absence | F25: S0171 | G25: Permission liée à des évènements familiaux | H25: E0955 | I25: Permission pour le décès du conjoint du militaire, du partenaire pacsé ou de l'enfant | J25: Le Type de congé/absence est 'Permission pour le décès du conjoint du militaire, du partenaire pacsé ou de l'enfant' | K25: A_COA_TYCOAB [Saisi] = 'CP008' | L25: T2307 | M25: Permission pour le décès du conjoint du militaire, du partenaire pacsé ou de l'enfant - Fin | N25: Modification | Q25: Stagiaire ou auditeur ou élève | R25: P0004 | S25: Général | T25: Exclu | U25: 44927
A26: 24.00.00 | B26: A | C26: 45414.669 | D26: D0007 | E26: Congés/Absence | F26: S0171 | G26: Permission liée à des évènements familiaux | H26: E0955 | I26: Permission pour le décès du conjoint du militaire, du partenaire pacsé ou de l'enfant | J26: Le Type de congé/absence est 'Permission pour le décès du conjoint du militaire, du partenaire pacsé ou de l'enfant' | K26: A_COA_TYCOAB [Saisi] = 'CP008' | L26: T2306 | M26: Permission pour le décès du conjoint du militaire, du partenaire pacsé ou de l'enfant - Demande | N26: Création | Q26: Ouvrier d'état | R26: P0005 | S26: Général | T26: Exclu | U26: 44927
A27: 24.00.00 | B27: A | C27: 45414.669 | D27: D0007 | E27: Congés/Absence | F27: S0171 | G27: Permission liée à des évènements familiaux | H27: E0955 | I27: Permission pour le décès du conjoint du militaire, du partenaire pacsé ou de l'enfant | J27: Le Type de congé/absence est 'Permission pour le décès du conjoint du militaire, du partenaire pacsé ou de l'enfant' | K27: A_COA_TYCOAB [Saisi] = 'CP008' | L27: T2307 | M27: Permission pour le décès du conjoint du militaire, du partenaire pacsé ou de l'enfant - Fin | N27: Modification | Q27: Ouvrier d'état | R27: P0005 | S27: Général | T27: Exclu | U27: 44927
A28: 24.00.00 | B28: A | C28: 45414.671 | D28: D0007 | E28: Congés/Absence | F28: S0171 | G28: Permission liée à des évènements familiaux | H28: E0955 | I28: Permission pour le décès du conjoint du militaire, du partenaire pacsé ou de l'enfant | J28: Le Type de congé/absence est 'Permission pour le décès du conjoint du militaire, du partenaire pacsé ou de l'enfant' | K28: A_COA_TYCOAB [Saisi] = 'CP008' | L28: T2306 | M28: Permission pour le décès du conjoint du militaire, du partenaire pacsé ou de l'enfant - Demande | N28: Création | Q28: Militaire sous contrat | R28: P0145 | S28: Particulier | T28: Passant | U28: 44927 | W28: PEF_I_020 ET PEF_I_017 ET PEF_I_019 ET PEF_I_028 ET PEF_I_024 ET PEF_D_007 ET PEF_D_008 ET PEF_D_016 ET PEF_D_012 ET PEF_D_011 ET PEF_D_001 ET ABS_C_001 ET ABS_C_045 ET ABS_C_003 ET ABS_C_004 ET ABS_C_007 ET ABS_C_008 ET ABS_C_009 ET ABS_C_019 ET ABS_C_020 ET ABS_C_026 | X28: PEF_I_020 | Y28: =VLOOKUP(X28,'Axe 2 Règles de gestion'!$D$2:$F$40,3, FALSE) -> En cas de participation à des opérations militaires, la permission est accordée par le commandant de la formation administrative ou l'autorité équivalente, dans les conditions fixées par le ministre de la défense. | Z28: PEF_I_017 | AA28: =VLOOKUP(Z28,'Axe 2 Règles de gestion'!$D$2:$F$40,3, FALSE) -> Une permission de 5 jours est accordée pour le décès du conjoint du militaire, du partenaire auquel celui-ci est lié par un PACS ou du concubin. | AB28: PEF_I_019 | AC28: =VLOOKUP(AB28,'Axe 2 Règles de gestion'!$D$2:$F$40,3, FALSE) -> Une permission de 5 jours est accordée pour le décès de l'enfant du militaire. | AD28: PEF_I_028 | AE28: =VLOOKUP(AD28,'Axe 2 Règles de gestion'!$D$2:$F$40,3, FALSE) -> La durée de la permission est portée à 7 jours lorsque l'enfant qui décède est âgé de moins de 25 ans ou en cas de décès d'une personne âgée de moins de 25 ans dont le militaire a la charge effective et permanente. | AF28: PEF_I_024 | AG28: =VLOOKUP(AF28,'Axe 2 Règles de gestion'!$D$2:$F$40,3, FALSE) -> Le militaire bénéficie dans les mêmes conditions d'une seconde permission de 8 jours. Elle peut être fractionnée en 2 périodes. Chaque période est d'une durée au moins égale à 1 journée. Elle est prise dans un délai d'1 an à compter du décès. | AP28: PEF_D_007 | AQ28: =VLOOKUP(AP28,'Axe 2 Règles de gestion'!$D$2:$F$40,3, FALSE) -> La durée prévisionnelle de la permission est de 5 jours ouvrés. | AR28: PEF_D_008 | AS28: =VLOOKUP(AR28,'Axe 2 Règles de gestion'!$D$2:$F$40,3, FALSE) -> La durée réelle de la permission est de 5 jours ouvrés. | AT28: PEF_D_016 | AU28: =VLOOKUP(AT28,'Axe 2 Règles de gestion'!$D$2:$F$40,3, FALSE) -> La durée cumulée des deux périodes de permission ne peut pas dépasser les 15 jours ouvrés. | AV28: PEF_D_012 | AW28: =VLOOKUP(AV28,'Axe 2 Règles de gestion'!$D$2:$F$40,3, FALSE) -> La date de fin prévisionnelle de la permission doit être antérieure ou égale à la date limite de fin réelle ou prévisionnelle du lien juridique. Le militaire ne voit pas son contrat prorogé jusqu'à la date de fin de la permission. | AX28: PEF_D_011 | AY28: =VLOOKUP(AX28,'Axe 2 Règles de gestion'!$D$2:$F$40,3, FALSE) -> La date de fin réelle de la permission doit être antérieure ou égale à la date limite de fin réelle ou prévisionnelle du lien juridique. Le militaire ne voit pas son contrat prorogé jusqu'à la date de fin de la permission. | AZ28: PEF_D_001 | BA28: =VLOOKUP(AZ28,'Axe 2 Règles de gestion'!$D$2:$F$40,3, FALSE) -> Le militaire est en activité. | BB28: ABS_C_001 | BC28: =VLOOKUP(BB28,'Axe 2 Règles de gestion'!$D$2:$F$40,3, FALSE) -> La date de début du congé/absence doit être postérieure ou égale à la date de recrutement dans la FPE ou dans la carrière militaire. | BD28: ABS_C_045 | BE28: =VLOOKUP(BD28,'Axe 2 Règles de gestion'!$D$2:$F$40,3, FALSE) -> Pour les militaires sous contrat à durée déterminée, la date de début du congé/absence doit être postérieure ou égale à la date de début du lien juridique. | BF28: ABS_C_003 | BG28: =VLOOKUP(BF28,'Axe 2 Règles de gestion'!$D$2:$F$40,3, FALSE) -> La date de début du congé/absence doit être antérieure ou égale à la date de fin réelle du congé/absence. | BH28: ABS_C_004 | BI28: =VLOOKUP(BH28,'Axe 2 Règles de gestion'!$D$2:$F$40,3, FALSE) -> La date de début du congé/absence doit être antérieure ou égale à la date de fin prévisionnelle du congé/absence. | BJ28: ABS_C_007 | BK28: =VLOOKUP(BJ28,'Axe 2 Règles de gestion'!$D$2:$F$40,3, FALSE) -> La date de fin réelle du congé/absence doit être antérieure à la date limite de départ à la retraite. | BL28: ABS_C_008 | BM28: =VLOOKUP(BL28,'Axe 2 Règles de gestion'!$D$2:$F$40,3, FALSE) -> La date de fin prévisionnelle du congé/absence doit être antérieure à la date limite de départ à la retraite. | BN28: ABS_C_009 | BO28: =VLOOKUP(BN28,'Axe 2 Règles de gestion'!$D$2:$F$40,3, FALSE) -> La date de fin réelle ou la date de fin prévisionnelle du congé/absence doit être saisie. | BP28: ABS_C_019 | BQ28: =VLOOKUP(BP28,'Axe 2 Règles de gestion'!$D$2:$F$40,3, FALSE) -> Si l'absence ne commence pas par une demi-journée et si l'absence précédente ne finit pas par une demi journée, la date de début de l'absence saisie est postérieure à la date de fin réelle de l'absence précédente. | BR28: ABS_C_020 | BS28: =VLOOKUP(BR28,'Axe 2 Règles de gestion'!$D$2:$F$40,3, FALSE) -> Si l'absence ne commence pas par une demi-journée et si l'absence précédente ne finit pas par une demi journée, la date de début de l'absence saisie est postérieure à la date de fin prévisionnelle de l'absence précédente. | BT28: ABS_C_026 | BU28: =VLOOKUP(BT28,'Axe 2 Règles de gestion'!$D$2:$F$40,3, FALSE) -> Dans le cas d'un congé autre que CLM, CLD, CGM et CITIS, l'indicateur de requalification doit être à non et les impacts spécifiques à la requalification ne doivent pas être mobilisés ou l'impact rémunération est vide.
A29: 24.00.00 | B29: A | C29: 45414.672 | D29: D0007 | E29: Congés/Absence | F29: S0171 | G29: Permission liée à des évènements familiaux | H29: E0955 | I29: Permission pour le décès du conjoint du militaire, du partenaire pacsé ou de l'enfant | J29: Le Type de congé/absence est 'Permission pour le décès du conjoint du militaire, du partenaire pacsé ou de l'enfant' | K29: A_COA_TYCOAB [Saisi] = 'CP008' | L29: T2307 | M29: Permission pour le décès du conjoint du militaire, du partenaire pacsé ou de l'enfant - Fin | N29: Modification | Q29: Militaire sous contrat | R29: P0145 | S29: Particulier | T29: Passant | U29: 44927 | W29: PEF_I_022 ET PEF_D_007 ET PEF_D_008 ET PEF_D_016 ET PEF_D_012 ET PEF_D_011 ET PEF_D_001 ET ABS_C_003 ET ABS_C_004 ET ABS_C_007 ET ABS_C_008 ET ABS_C_009 ET ABS_C_026 | X29: PEF_I_022 | Y29: =VLOOKUP(X29,'Axe 2 Règles de gestion'!$D$2:$F$40,3, FALSE) -> Le militaire en permission peut être rappelé immédiatement lorsque les circonstances l'exigent. | AP29: PEF_D_007 | AQ29: =VLOOKUP(AP29,'Axe 2 Règles de gestion'!$D$2:$F$40,3, FALSE) -> La durée prévisionnelle de la permission est de 5 jours ouvrés. | AR29: PEF_D_008 | AS29: =VLOOKUP(AR29,'Axe 2 Règles de gestion'!$D$2:$F$40,3, FALSE) -> La durée réelle de la permission est de 5 jours ouvrés. | AT29: PEF_D_016 | AU29: =VLOOKUP(AT29,'Axe 2 Règles de gestion'!$D$2:$F$40,3, FALSE) -> La durée cumulée des deux périodes de permission ne peut pas dépasser les 15 jours ouvrés. | AV29: PEF_D_012 | AW29: =VLOOKUP(AV29,'Axe 2 Règles de gestion'!$D$2:$F$40,3, FALSE) -> La date de fin prévisionnelle de la permission doit être antérieure ou égale à la date limite de fin réelle ou prévisionnelle du lien juridique. Le militaire ne voit pas son contrat prorogé jusqu'à la date de fin de la permission. | AX29: PEF_D_011 | AY29: =VLOOKUP(AX29,'Axe 2 Règles de gestion'!$D$2:$F$40,3, FALSE) -> La date de fin réelle de la permission doit être antérieure ou égale à la date limite de fin réelle ou prévisionnelle du lien juridique. Le militaire ne voit pas son contrat prorogé jusqu'à la date de fin de la permission. | AZ29: PEF_D_001 | BA29: =VLOOKUP(AZ29,'Axe 2 Règles de gestion'!$D$2:$F$40,3, FALSE) -> Le militaire est en activité. | BB29: ABS_C_003 | BC29: =VLOOKUP(BB29,'Axe 2 Règles de gestion'!$D$2:$F$40,3, FALSE) -> La date de début du congé/absence doit être antérieure ou égale à la date de fin réelle du congé/absence. | BD29: ABS_C_004 | BE29: =VLOOKUP(BD29,'Axe 2 Règles de gestion'!$D$2:$F$40,3, FALSE) -> La date de début du congé/absence doit être antérieure ou égale à la date de fin prévisionnelle du congé/absence. | BF29: ABS_C_007 | BG29: =VLOOKUP(BF29,'Axe 2 Règles de gestion'!$D$2:$F$40,3, FALSE) -> La date de fin réelle du congé/absence doit être antérieure à la date limite de départ à la retraite. | BH29: ABS_C_008 | BI29: =VLOOKUP(BH29,'Axe 2 Règles de gestion'!$D$2:$F$40,3, FALSE) -> La date de fin prévisionnelle du congé/absence doit être antérieure à la date limite de départ à la retraite. | BJ29: ABS_C_009 | BK29: =VLOOKUP(BJ29,'Axe 2 Règles de gestion'!$D$2:$F$40,3, FALSE) -> La date de fin réelle ou la date de fin prévisionnelle du congé/absence doit être saisie. | BL29: ABS_C_026 | BM29: =VLOOKUP(BL29,'Axe 2 Règles de gestion'!$D$2:$F$40,3, FALSE) -> Dans le cas d'un congé autre que CLM, CLD, CGM et CITIS, l'indicateur de requalification doit être à non et les impacts spécifiques à la requalification ne doivent pas être mobilisés ou l'impact rémunération est vide.
A30: 24.00.00 | B30: A | C30: 45414.671 | D30: D0007 | E30: Congés/Absence | F30: S0171 | G30: Permission liée à des évènements familiaux | H30: E0955 | I30: Permission pour le décès du conjoint du militaire, du partenaire pacsé ou de l'enfant | J30: Le Type de congé/absence est 'Permission pour le décès du conjoint du militaire, du partenaire pacsé ou de l'enfant' | K30: A_COA_TYCOAB [Saisi] = 'CP008' | L30: T2306 | M30: Permission pour le décès du conjoint du militaire, du partenaire pacsé ou de l'enfant - Demande | N30: Création | Q30: Militaire de réserve | R30: P0146 | S30: Particulier | T30: Passant | U30: 44927 | W30: PEF_I_015 ET PEF_I_020 ET PEF_I_017 ET PEF_I_019 ET PEF_I_028 ET PEF_I_024 ET PEF_D_007 ET PEF_D_008 ET PEF_D_016 ET PEF_D_012 ET PEF_D_011 ET PEF_D_001 ET ABS_C_001 ET ABS_C_045 ET ABS_C_003 ET ABS_C_004 ET ABS_C_007 ET ABS_C_008 ET ABS_C_009 ET ABS_C_019 ET ABS_C_020 ET ABS_C_026 | X30: PEF_I_015 | Y30: =VLOOKUP(X30,'Axe 2 Règles de gestion'!$D$2:$F$40,3, FALSE) -> Le militaire doit exercer une activité au titre d'un engagement à servir dans la réserve opérationnelle ou au titre de la disponibilité. | Z30: PEF_I_020 | AA30: =VLOOKUP(Z30,'Axe 2 Règles de gestion'!$D$2:$F$40,3, FALSE) -> En cas de participation à des opérations militaires, la permission est accordée par le commandant de la formation administrative ou l'autorité équivalente, dans les conditions fixées par le ministre de la défense. | AB30: PEF_I_017 | AC30: =VLOOKUP(AB30,'Axe 2 Règles de gestion'!$D$2:$F$40,3, FALSE) -> Une permission de 5 jours est accordée pour le décès du conjoint du militaire, du partenaire auquel celui-ci est lié par un PACS ou du concubin. | AD30: PEF_I_019 | AE30: =VLOOKUP(AD30,'Axe 2 Règles de gestion'!$D$2:$F$40,3, FALSE) -> Une permission de 5 jours est accordée pour le décès de l'enfant du militaire. | AF30: PEF_I_028 | AG30: =VLOOKUP(AF30,'Axe 2 Règles de gestion'!$D$2:$F$40,3, FALSE) -> La durée de la permission est portée à 7 jours lorsque l'enfant qui décède est âgé de moins de 25 ans ou en cas de décès d'une personne âgée de moins de 25 ans dont le militaire a la charge effective et permanente. | AH30: PEF_I_024 | AI30: =VLOOKUP(AH30,'Axe 2 Règles de gestion'!$D$2:$F$40,3, FALSE) -> Le militaire bénéficie dans les mêmes conditions d'une seconde permission de 8 jours. Elle peut être fractionnée en 2 périodes. Chaque période est d'une durée au moins égale à 1 journée. Elle est prise dans un délai d'1 an à compter du décès. | AP30: PEF_D_007 | AQ30: =VLOOKUP(AP30,'Axe 2 Règles de gestion'!$D$2:$F$40,3, FALSE) -> La durée prévisionnelle de la permission est de 5 jours ouvrés. | AR30: PEF_D_008 | AS30: =VLOOKUP(AR30,'Axe 2 Règles de gestion'!$D$2:$F$40,3, FALSE) -> La durée réelle de la permission est de 5 jours ouvrés. | AT30: PEF_D_016 | AU30: =VLOOKUP(AT30,'Axe 2 Règles de gestion'!$D$2:$F$40,3, FALSE) -> La durée cumulée des deux périodes de permission ne peut pas dépasser les 15 jours ouvrés. | AV30: PEF_D_012 | AW30: =VLOOKUP(AV30,'Axe 2 Règles de gestion'!$D$2:$F$40,3, FALSE) -> La date de fin prévisionnelle de la permission doit être antérieure ou égale à la date limite de fin réelle ou prévisionnelle du lien juridique. Le militaire ne voit pas son contrat prorogé jusqu'à la date de fin de la permission. | AX30: PEF_D_011 | AY30: =VLOOKUP(AX30,'Axe 2 Règles de gestion'!$D$2:$F$40,3, FALSE) -> La date de fin réelle de la permission doit être antérieure ou égale à la date limite de fin réelle ou prévisionnelle du lien juridique. Le militaire ne voit pas son contrat prorogé jusqu'à la date de fin de la permission. | AZ30: PEF_D_001 | BA30: =VLOOKUP(AZ30,'Axe 2 Règles de gestion'!$D$2:$F$40,3, FALSE) -> Le militaire est en activité. | BB30: ABS_C_001 | BC30: =VLOOKUP(BB30,'Axe 2 Règles de gestion'!$D$2:$F$40,3, FALSE) -> La date de début du congé/absence doit être postérieure ou égale à la date de recrutement dans la FPE ou dans la carrière militaire. | BD30: ABS_C_045 | BE30: =VLOOKUP(BD30,'Axe 2 Règles de gestion'!$D$2:$F$40,3, FALSE) -> Pour les militaires sous contrat à durée déterminée, la date de début du congé/absence doit être postérieure ou égale à la date de début du lien juridique. | BF30: ABS_C_003 | BG30: =VLOOKUP(BF30,'Axe 2 Règles de gestion'!$D$2:$F$40,3, FALSE) -> La date de début du congé/absence doit être antérieure ou égale à la date de fin réelle du congé/absence. | BH30: ABS_C_004 | BI30: =VLOOKUP(BH30,'Axe 2 Règles de gestion'!$D$2:$F$40,3, FALSE) -> La date de début du congé/absence doit être antérieure ou égale à la date de fin prévisionnelle du congé/absence. | BJ30: ABS_C_007 | BK30: =VLOOKUP(BJ30,'Axe 2 Règles de gestion'!$D$2:$F$40,3, FALSE) -> La date de fin réelle du congé/absence doit être antérieure à la date limite de départ à la retraite. | BL30: ABS_C_008 | BM30: =VLOOKUP(BL30,'Axe 2 Règles de gestion'!$D$2:$F$40,3, FALSE) -> La date de fin prévisionnelle du congé/absence doit être antérieure à la date limite de départ à la retraite. | BN30: ABS_C_009 | BO30: =VLOOKUP(BN30,'Axe 2 Règles de gestion'!$D$2:$F$40,3, FALSE) -> La date de fin réelle ou la date de fin prévisionnelle du congé/absence doit être saisie. | BP30: ABS_C_019 | BQ30: =VLOOKUP(BP30,'Axe 2 Règles de gestion'!$D$2:$F$40,3, FALSE) -> Si l'absence ne commence pas par une demi-journée et si l'absence précédente ne finit pas par une demi journée, la date de début de l'absence saisie est postérieure à la date de fin réelle de l'absence précédente. | BR30: ABS_C_020 | BS30: =VLOOKUP(BR30,'Axe 2 Règles de gestion'!$D$2:$F$40,3, FALSE) -> Si l'absence ne commence pas par une demi-journée et si l'absence précédente ne finit pas par une demi journée, la date de début de l'absence saisie est postérieure à la date de fin prévisionnelle de l'absence précédente. | BT30: ABS_C_026 | BU30: =VLOOKUP(BT30,'Axe 2 Règles de gestion'!$D$2:$F$40,3, FALSE) -> Dans le cas d'un congé autre que CLM, CLD, CGM et CITIS, l'indicateur de requalification doit être à non et les impacts spécifiques à la requalification ne doivent pas être mobilisés ou l'impact rémunération est vide.
A31: 24.00.00 | B31: A | C31: 45414.672 | D31: D0007 | E31: Congés/Absence | F31: S0171 | G31: Permission liée à des évènements familiaux | H31: E0955 | I31: Permission pour le décès du conjoint du militaire, du partenaire pacsé ou de l'enfant | J31: Le Type de congé/absence est 'Permission pour le décès du conjoint du militaire, du partenaire pacsé ou de l'enfant' | K31: A_COA_TYCOAB [Saisi] = 'CP008' | L31: T2307 | M31: Permission pour le décès du conjoint du militaire, du partenaire pacsé ou de l'enfant - Fin | N31: Modification | Q31: Militaire de réserve | R31: P0146 | S31: Particulier | T31: Passant | U31: 44927 | W31: PEF_I_022 ET PEF_D_007 ET PEF_D_008 ET PEF_D_016 ET PEF_D_012 ET PEF_D_011 ET PEF_D_001 ET ABS_C_003 ET ABS_C_004 ET ABS_C_007 ET ABS_C_008 ET ABS_C_009 ET ABS_C_026 | X31: PEF_I_022 | Y31: =VLOOKUP(X31,'Axe 2 Règles de gestion'!$D$2:$F$40,3, FALSE) -> Le militaire en permission peut être rappelé immédiatement lorsque les circonstances l'exigent. | AP31: PEF_D_007 | AQ31: =VLOOKUP(AP31,'Axe 2 Règles de gestion'!$D$2:$F$40,3, FALSE) -> La durée prévisionnelle de la permission est de 5 jours ouvrés. | AR31: PEF_D_008 | AS31: =VLOOKUP(AR31,'Axe 2 Règles de gestion'!$D$2:$F$40,3, FALSE) -> La durée réelle de la permission est de 5 jours ouvrés. | AT31: PEF_D_016 | AU31: =VLOOKUP(AT31,'Axe 2 Règles de gestion'!$D$2:$F$40,3, FALSE) -> La durée cumulée des deux périodes de permission ne peut pas dépasser les 15 jours ouvrés. | AV31: PEF_D_012 | AW31: =VLOOKUP(AV31,'Axe 2 Règles de gestion'!$D$2:$F$40,3, FALSE) -> La date de fin prévisionnelle de la permission doit être antérieure ou égale à la date limite de fin réelle ou prévisionnelle du lien juridique. Le militaire ne voit pas son contrat prorogé jusqu'à la date de fin de la permission. | AX31: PEF_D_011 | AY31: =VLOOKUP(AX31,'Axe 2 Règles de gestion'!$D$2:$F$40,3, FALSE) -> La date de fin réelle de la permission doit être antérieure ou égale à la date limite de fin réelle ou prévisionnelle du lien juridique. Le militaire ne voit pas son contrat prorogé jusqu'à la date de fin de la permission. | AZ31: PEF_D_001 | BA31: =VLOOKUP(AZ31,'Axe 2 Règles de gestion'!$D$2:$F$40,3, FALSE) -> Le militaire est en activité. | BB31: ABS_C_003 | BC31: =VLOOKUP(BB31,'Axe 2 Règles de gestion'!$D$2:$F$40,3, FALSE) -> La date de début du congé/absence doit être antérieure ou égale à la date de fin réelle du congé/absence. | BD31: ABS_C_004 | BE31: =VLOOKUP(BD31,'Axe 2 Règles de gestion'!$D$2:$F$40,3, FALSE) -> La date de début du congé/absence doit être antérieure ou égale à la date de fin prévisionnelle du congé/absence. | BF31: ABS_C_007 | BG31: =VLOOKUP(BF31,'Axe 2 Règles de gestion'!$D$2:$F$40,3, FALSE) -> La date de fin réelle du congé/absence doit être antérieure à la date limite de départ à la retraite. | BH31: ABS_C_008 | BI31: =VLOOKUP(BH31,'Axe 2 Règles de gestion'!$D$2:$F$40,3, FALSE) -> La date de fin prévisionnelle du congé/absence doit être antérieure à la date limite de départ à la retraite. | BJ31: ABS_C_009 | BK31: =VLOOKUP(BJ31,'Axe 2 Règles de gestion'!$D$2:$F$40,3, FALSE) -> La date de fin réelle ou la date de fin prévisionnelle du congé/absence doit être saisie. | BL31: ABS_C_026 | BM31: =VLOOKUP(BL31,'Axe 2 Règles de gestion'!$D$2:$F$40,3, FALSE) -> Dans le cas d'un congé autre que CLM, CLD, CGM et CITIS, l'indicateur de requalification doit être à non et les impacts spécifiques à la requalification ne doivent pas être mobilisés ou l'impact rémunération est vide.
A32: 24.00.00 | B32: A | C32: 45414.672 | D32: D0007 | E32: Congés/Absence | F32: S0171 | G32: Permission liée à des évènements familiaux | H32: E0955 | I32: Permission pour le décès du conjoint du militaire, du partenaire pacsé ou de l'enfant | J32: Le Type de congé/absence est 'Permission pour le décès du conjoint du militaire, du partenaire pacsé ou de l'enfant' | K32: A_COA_TYCOAB [Saisi] = 'CP008' | L32: T2306 | M32: Permission pour le décès du conjoint du militaire, du partenaire pacsé ou de l'enfant - Demande | N32: Création | Q32: Militaire de carrière | R32: P0189 | S32: Particulier | T32: Passant | U32: 44927 | W32: PEF_I_020 ET PEF_I_017 ET PEF_I_019 ET PEF_I_028 ET PEF_I_024 ET PEF_D_007 ET PEF_D_008 ET PEF_D_016 ET PEF_D_001 ET ABS_C_001 ET ABS_C_003 ET ABS_C_004 ET ABS_C_007 ET ABS_C_008 ET ABS_C_009 ET ABS_C_019 ET ABS_C_020 ET ABS_C_026 | X32: PEF_I_020 | Y32: =VLOOKUP(X32,'Axe 2 Règles de gestion'!$D$2:$F$40,3, FALSE) -> En cas de participation à des opérations militaires, la permission est accordée par le commandant de la formation administrative ou l'autorité équivalente, dans les conditions fixées par le ministre de la défense. | Z32: PEF_I_017 | AA32: =VLOOKUP(Z32,'Axe 2 Règles de gestion'!$D$2:$F$40,3, FALSE) -> Une permission de 5 jours est accordée pour le décès du conjoint du militaire, du partenaire auquel celui-ci est lié par un PACS ou du concubin. | AB32: PEF_I_019 | AC32: =VLOOKUP(AB32,'Axe 2 Règles de gestion'!$D$2:$F$40,3, FALSE) -> Une permission de 5 jours est accordée pour le décès de l'enfant du militaire. | AD32: PEF_I_028 | AE32: =VLOOKUP(AD32,'Axe 2 Règles de gestion'!$D$2:$F$40,3, FALSE) -> La durée de la permission est portée à 7 jours lorsque l'enfant qui décède est âgé de moins de 25 ans ou en cas de décès d'une personne âgée de moins de 25 ans dont le militaire a la charge effective et permanente. | AF32: PEF_I_024 | AG32: =VLOOKUP(AF32,'Axe 2 Règles de gestion'!$D$2:$F$40,3, FALSE) -> Le militaire bénéficie dans les mêmes conditions d'une seconde permission de 8 jours. Elle peut être fractionnée en 2 périodes. Chaque période est d'une durée au moins égale à 1 journée. Elle est prise dans un délai d'1 an à compter du décès. | AP32: PEF_D_007 | AQ32: =VLOOKUP(AP32,'Axe 2 Règles de gestion'!$D$2:$F$40,3, FALSE) -> La durée prévisionnelle de la permission est de 5 jours ouvrés. | AR32: PEF_D_008 | AS32: =VLOOKUP(AR32,'Axe 2 Règles de gestion'!$D$2:$F$40,3, FALSE) -> La durée réelle de la permission est de 5 jours ouvrés. | AT32: PEF_D_016 | AU32: =VLOOKUP(AT32,'Axe 2 Règles de gestion'!$D$2:$F$40,3, FALSE) -> La durée cumulée des deux périodes de permission ne peut pas dépasser les 15 jours ouvrés. | AV32: PEF_D_001 | AW32: =VLOOKUP(AV32,'Axe 2 Règles de gestion'!$D$2:$F$40,3, FALSE) -> Le militaire est en activité. | BB32: ABS_C_001 | BC32: =VLOOKUP(BB32,'Axe 2 Règles de gestion'!$D$2:$F$40,3, FALSE) -> La date de début du congé/absence doit être postérieure ou égale à la date de recrutement dans la FPE ou dans la carrière militaire. | BD32: ABS_C_003 | BE32: =VLOOKUP(BD32,'Axe 2 Règles de gestion'!$D$2:$F$40,3, FALSE) -> La date de début du congé/absence doit être antérieure ou égale à la date de fin réelle du congé/absence. | BF32: ABS_C_004 | BG32: =VLOOKUP(BF32,'Axe 2 Règles de gestion'!$D$2:$F$40,3, FALSE) -> La date de début du congé/absence doit être antérieure ou égale à la date de fin prévisionnelle du congé/absence. | BH32: ABS_C_007 | BI32: =VLOOKUP(BH32,'Axe 2 Règles de gestion'!$D$2:$F$40,3, FALSE) -> La date de fin réelle du congé/absence doit être antérieure à la date limite de départ à la retraite. | BJ32: ABS_C_008 | BK32: =VLOOKUP(BJ32,'Axe 2 Règles de gestion'!$D$2:$F$40,3, FALSE) -> La date de fin prévisionnelle du congé/absence doit être antérieure à la date limite de départ à la retraite. | BL32: ABS_C_009 | BM32: =VLOOKUP(BL32,'Axe 2 Règles de gestion'!$D$2:$F$40,3, FALSE) -> La date de fin réelle ou la date de fin prévisionnelle du congé/absence doit être saisie. | BN32: ABS_C_019 | BO32: =VLOOKUP(BN32,'Axe 2 Règles de gestion'!$D$2:$F$40,3, FALSE) -> Si l'absence ne commence pas par une demi-journée et si l'absence précédente ne finit pas par une demi journée, la date de début de l'absence saisie est postérieure à la date de fin réelle de l'absence précédente. | BP32: ABS_C_020 | BQ32: =VLOOKUP(BP32,'Axe 2 Règles de gestion'!$D$2:$F$40,3, FALSE) -> Si l'absence ne commence pas par une demi-journée et si l'absence précédente ne finit pas par une demi journée, la date de début de l'absence saisie est postérieure à la date de fin prévisionnelle de l'absence précédente. | BR32: ABS_C_026 | BS32: =VLOOKUP(BR32,'Axe 2 Règles de gestion'!$D$2:$F$40,3, FALSE) -> Dans le cas d'un congé autre que CLM, CLD, CGM et CITIS, l'indicateur de requalification doit être à non et les impacts spécifiques à la requalification ne doivent pas être mobilisés ou l'impact rémunération est vide.
A33: 24.00.00 | B33: A | C33: 45414.672 | D33: D0007 | E33: Congés/Absence | F33: S0171 | G33: Permission liée à des évènements familiaux | H33: E0955 | I33: Permission pour le décès du conjoint du militaire, du partenaire pacsé ou de l'enfant | J33: Le Type de congé/absence est 'Permission pour le décès du conjoint du militaire, du partenaire pacsé ou de l'enfant' | K33: A_COA_TYCOAB [Saisi] = 'CP008' | L33: T2307 | M33: Permission pour le décès du conjoint du militaire, du partenaire pacsé ou de l'enfant - Fin | N33: Modification | Q33: Militaire de carrière | R33: P0189 | S33: Particulier | T33: Passant | U33: 44927 | W33: PEF_I_022 ET PEF_D_007 ET PEF_D_008 ET PEF_D_016 ET PEF_D_001 ET ABS_C_003 ET ABS_C_004 ET ABS_C_007 ET ABS_C_008 ET ABS_C_009 ET ABS_C_026 | X33: PEF_I_022 | Y33: =VLOOKUP(X33,'Axe 2 Règles de gestion'!$D$2:$F$40,3, FALSE) -> Le militaire en permission peut être rappelé immédiatement lorsque les circonstances l'exigent. | AP33: PEF_D_007 | AQ33: =VLOOKUP(AP33,'Axe 2 Règles de gestion'!$D$2:$F$40,3, FALSE) -> La durée prévisionnelle de la permission est de 5 jours ouvrés. | AR33: PEF_D_008 | AS33: =VLOOKUP(AR33,'Axe 2 Règles de gestion'!$D$2:$F$40,3, FALSE) -> La durée réelle de la permission est de 5 jours ouvrés. | AT33: PEF_D_016 | AU33: =VLOOKUP(AT33,'Axe 2 Règles de gestion'!$D$2:$F$40,3, FALSE) -> La durée cumulée des deux périodes de permission ne peut pas dépasser les 15 jours ouvrés. | AV33: PEF_D_001 | AW33: =VLOOKUP(AV33,'Axe 2 Règles de gestion'!$D$2:$F$40,3, FALSE) -> Le militaire est en activité. | BB33: ABS_C_003 | BC33: =VLOOKUP(BB33,'Axe 2 Règles de gestion'!$D$2:$F$40,3, FALSE) -> La date de début du congé/absence doit être antérieure ou égale à la date de fin réelle du congé/absence. | BD33: ABS_C_004 | BE33: =VLOOKUP(BD33,'Axe 2 Règles de gestion'!$D$2:$F$40,3, FALSE) -> La date de début du congé/absence doit être antérieure ou égale à la date de fin prévisionnelle du congé/absence. | BF33: ABS_C_007 | BG33: =VLOOKUP(BF33,'Axe 2 Règles de gestion'!$D$2:$F$40,3, FALSE) -> La date de fin réelle du congé/absence doit être antérieure à la date limite de départ à la retraite. | BH33: ABS_C_008 | BI33: =VLOOKUP(BH33,'Axe 2 Règles de gestion'!$D$2:$F$40,3, FALSE) -> La date de fin prévisionnelle du congé/absence doit être antérieure à la date limite de départ à la retraite. | BJ33: ABS_C_009 | BK33: =VLOOKUP(BJ33,'Axe 2 Règles de gestion'!$D$2:$F$40,3, FALSE) -> La date de fin réelle ou la date de fin prévisionnelle du congé/absence doit être saisie. | BL33: ABS_C_026 | BM33: =VLOOKUP(BL33,'Axe 2 Règles de gestion'!$D$2:$F$40,3, FALSE) -> Dans le cas d'un congé autre que CLM, CLD, CGM et CITIS, l'indicateur de requalification doit être à non et les impacts spécifiques à la requalification ne doivent pas être mobilisés ou l'impact rémunération est vide.
A34: 25.10.00 | B34: A | C34: 45910.566 | D34: D0007 | E34: Congés/Absence | F34: S0171 | G34: Permission liée à des évènements familiaux | H34: E1020 | I34: Permission pour l'annonce du handicap ou d'une pathologie d'un enfant | J34: Le type de congé/absence est 'Permission pour l'annonce du handicap ou d'une pathologie d'un enfant' | K34: A_COA_TYCOAB [Saisi] = 'CP010' | L34: T2462 | M34: Permission pour l'annonce du handicap ou d'une pathologie d'un enfant - Demande | N34: Création | Q34: Titulaire ou magistrat | R34: P0001 | S34: Général | T34: Exclu | U34: 45807 | BV34: 2025-56
A35: 25.10.00 | B35: A | C35: 45911.627 | D35: D0007 | E35: Congés/Absence | F35: S0171 | G35: Permission liée à des évènements familiaux | H35: E1020 | I35: Permission pour l'annonce du handicap ou d'une pathologie d'un enfant | J35: Le type de congé/absence est 'Permission pour l'annonce du handicap ou d'une pathologie d'un enfant' | K35: A_COA_TYCOAB [Saisi] = 'CP010' | L35: T2463 | M35: Permission pour l'annonce du handicap ou d'une pathologie d'un enfant - Fin | N35: Modification | Q35: Titulaire ou magistrat | R35: P0001 | S35: Général | T35: Exclu | U35: 45807 | BV35: 2025-56
A36: 25.10.00 | B36: A | C36: 45910.566 | D36: D0007 | E36: Congés/Absence | F36: S0171 | G36: Permission liée à des évènements familiaux | H36: E1020 | I36: Permission pour l'annonce du handicap ou d'une pathologie d'un enfant | J36: Le type de congé/absence est 'Permission pour l'annonce du handicap ou d'une pathologie d'un enfant' | K36: A_COA_TYCOAB [Saisi] = 'CP010' | L36: T2462 | M36: Permission pour l'annonce du handicap ou d'une pathologie d'un enfant - Demande | N36: Création | Q36: Militaire | R36: P0002 | S36: Général | T36: Exclu | U36: 45807 | BV36: 2025-56
A37: 25.10.00 | B37: A | C37: 45911.628 | D37: D0007 | E37: Congés/Absence | F37: S0171 | G37: Permission liée à des évènements familiaux | H37: E1020 | I37: Permission pour l'annonce du handicap ou d'une pathologie d'un enfant | J37: Le type de congé/absence est 'Permission pour l'annonce du handicap ou d'une pathologie d'un enfant' | K37: A_COA_TYCOAB [Saisi] = 'CP010' | L37: T2463 | M37: Permission pour l'annonce du handicap ou d'une pathologie d'un enfant - Fin | N37: Modification | Q37: Militaire | R37: P0002 | S37: Général | T37: Exclu | U37: 45807 | BV37: 2025-56
A38: 25.10.00 | B38: A | C38: 45910.566 | D38: D0007 | E38: Congés/Absence | F38: S0171 | G38: Permission liée à des évènements familiaux | H38: E1020 | I38: Permission pour l'annonce du handicap ou d'une pathologie d'un enfant | J38: Le type de congé/absence est 'Permission pour l'annonce du handicap ou d'une pathologie d'un enfant' | K38: A_COA_TYCOAB [Saisi] = 'CP010' | L38: T2462 | M38: Permission pour l'annonce du handicap ou d'une pathologie d'un enfant - Demande | N38: Création | Q38: Contractuel | R38: P0003 | S38: Général | T38: Exclu | U38: 45807 | BV38: 2025-56
A39: 25.10.00 | B39: A | C39: 45911.628 | D39: D0007 | E39: Congés/Absence | F39: S0171 | G39: Permission liée à des évènements familiaux | H39: E1020 | I39: Permission pour l'annonce du handicap ou d'une pathologie d'un enfant | J39: Le type de congé/absence est 'Permission pour l'annonce du handicap ou d'une pathologie d'un enfant' | K39: A_COA_TYCOAB [Saisi] = 'CP010' | L39: T2463 | M39: Permission pour l'annonce du handicap ou d'une pathologie d'un enfant - Fin | N39: Modification | Q39: Contractuel | R39: P0003 | S39: Général | T39: Exclu | U39: 45807 | BV39: 2025-56
A40: 25.10.00 | B40: A | C40: 45910.566 | D40: D0007 | E40: Congés/Absence | F40: S0171 | G40: Permission liée à des évènements familiaux | H40: E1020 | I40: Permission pour l'annonce du handicap ou d'une pathologie d'un enfant | J40: Le type de congé/absence est 'Permission pour l'annonce du handicap ou d'une pathologie d'un enfant' | K40: A_COA_TYCOAB [Saisi] = 'CP010' | L40: T2462 | M40: Permission pour l'annonce du handicap ou d'une pathologie d'un enfant - Demande | N40: Création | Q40: Stagiaire ou auditeur ou élève | R40: P0004 | S40: Général | T40: Exclu | U40: 45807 | BV40: 2025-56
A41: 25.10.00 | B41: A | C41: 45911.628 | D41: D0007 | E41: Congés/Absence | F41: S0171 | G41: Permission liée à des évènements familiaux | H41: E1020 | I41: Permission pour l'annonce du handicap ou d'une pathologie d'un enfant | J41: Le type de congé/absence est 'Permission pour l'annonce du handicap ou d'une pathologie d'un enfant' | K41: A_COA_TYCOAB [Saisi] = 'CP010' | L41: T2463 | M41: Permission pour l'annonce du handicap ou d'une pathologie d'un enfant - Fin | N41: Modification | Q41: Stagiaire ou auditeur ou élève | R41: P0004 | S41: Général | T41: Exclu | U41: 45807 | BV41: 2025-56
A42: 25.10.00 | B42: A | C42: 45910.566 | D42: D0007 | E42: Congés/Absence | F42: S0171 | G42: Permission liée à des évènements familiaux | H42: E1020 | I42: Permission pour l'annonce du handicap ou d'une pathologie d'un enfant | J42: Le type de congé/absence est 'Permission pour l'annonce du handicap ou d'une pathologie d'un enfant' | K42: A_COA_TYCOAB [Saisi] = 'CP010' | L42: T2462 | M42: Permission pour l'annonce du handicap ou d'une pathologie d'un enfant - Demande | N42: Création | Q42: Ouvrier d'état | R42: P0005 | S42: Général | T42: Exclu | U42: 45807 | BV42: 2025-56
A43: 25.10.00 | B43: A | C43: 45911.628 | D43: D0007 | E43: Congés/Absence | F43: S0171 | G43: Permission liée à des évènements familiaux | H43: E1020 | I43: Permission pour l'annonce du handicap ou d'une pathologie d'un enfant | J43: Le type de congé/absence est 'Permission pour l'annonce du handicap ou d'une pathologie d'un enfant' | K43: A_COA_TYCOAB [Saisi] = 'CP010' | L43: T2463 | M43: Permission pour l'annonce du handicap ou d'une pathologie d'un enfant - Fin | N43: Modification | Q43: Ouvrier d'état | R43: P0005 | S43: Général | T43: Exclu | U43: 45807 | BV43: 2025-56
A44: 25.10.00 | B44: A | C44: 45910.579 | D44: D0007 | E44: Congés/Absence | F44: S0171 | G44: Permission liée à des évènements familiaux | H44: E1020 | I44: Permission pour l'annonce du handicap ou d'une pathologie d'un enfant | J44: Le type de congé/absence est 'Permission pour l'annonce du handicap ou d'une pathologie d'un enfant' | K44: A_COA_TYCOAB [Saisi] = 'CP010' | L44: T2462 | M44: Permission pour l'annonce du handicap ou d'une pathologie d'un enfant - Demande | N44: Création | Q44: Militaire sous contrat | R44: P0145 | S44: Particulier | T44: Passant | U44: 45807 | W44: PEF_I_020 ET PEF_I_029 ET PEF_I_030 ET PEF_I_031 ET PEF_D_017 ET PEF_D_018 ET PEF_D_012 ET PEF_D_011 ET PEF_D_001 ET ABS_C_001 ET ABS_C_045 ET ABS_C_003 ET ABS_C_004 ET ABS_C_007 ET ABS_C_008 ET ABS_C_009 ET ABS_C_019 ET ABS_C_020 ET ABS_C_026 | X44: PEF_I_020 | Y44: =VLOOKUP(X44,'Axe 2 Règles de gestion'!$D$2:$F$40,3, FALSE) -> En cas de participation à des opérations militaires, la permission est accordée par le commandant de la formation administrative ou l'autorité équivalente, dans les conditions fixées par le ministre de la défense. | Z44: PEF_I_029 | AA44: =VLOOKUP(Z44,'Axe 2 Règles de gestion'!$D$2:$F$40,3, FALSE) -> La permission est accordée à l'occasion de l'annonce de la survenue d'un handicap, d'une pathologie chronique nécessitant un apprentissage thérapeutique ou d'une affection cancéreuse chez l'enfant du militaire. | AB44: PEF_I_030 | AC44: =VLOOKUP(AB44,'Axe 2 Règles de gestion'!$D$2:$F$40,3, FALSE) -> L'enfant doit être à la charge du militaire. | AD44: PEF_I_031 | AE44: =VLOOKUP(AD44,'Axe 2 Règles de gestion'!$D$2:$F$40,3, FALSE) -> L'enfant souffre d'une pathologie chronique. | AP44: PEF_D_017 | AQ44: =VLOOKUP(AP44,'Axe 2 Règles de gestion'!$D$2:$F$40,3, FALSE) -> La durée prévisionnelle de la permission est de 5 jours ouvrés. | AR44: PEF_D_018 | AS44: =VLOOKUP(AR44,'Axe 2 Règles de gestion'!$D$2:$F$40,3, FALSE) -> La durée réelle de la permission est de 5 jours ouvrés. | AT44: PEF_D_012 | AU44: =VLOOKUP(AT44,'Axe 2 Règles de gestion'!$D$2:$F$40,3, FALSE) -> La date de fin prévisionnelle de la permission doit être antérieure ou égale à la date limite de fin réelle ou prévisionnelle du lien juridique. Le militaire ne voit pas son contrat prorogé jusqu'à la date de fin de la permission. | AV44: PEF_D_011 | AW44: =VLOOKUP(AV44,'Axe 2 Règles de gestion'!$D$2:$F$40,3, FALSE) -> La date de fin réelle de la permission doit être antérieure ou égale à la date limite de fin réelle ou prévisionnelle du lien juridique. Le militaire ne voit pas son contrat prorogé jusqu'à la date de fin de la permission. | AX44: PEF_D_001 | AY44: =VLOOKUP(AX44,'Axe 2 Règles de gestion'!$D$2:$F$40,3, FALSE) -> Le militaire est en activité. | BB44: ABS_C_001 | BC44: =VLOOKUP(BB44,'Axe 2 Règles de gestion'!$D$2:$F$40,3, FALSE) -> La date de début du congé/absence doit être postérieure ou égale à la date de recrutement dans la FPE ou dans la carrière militaire. | BD44: ABS_C_045 | BE44: =VLOOKUP(BD44,'Axe 2 Règles de gestion'!$D$2:$F$40,3, FALSE) -> Pour les militaires sous contrat à durée déterminée, la date de début du congé/absence doit être postérieure ou égale à la date de début du lien juridique. | BF44: ABS_C_003 | BG44: =VLOOKUP(BF44,'Axe 2 Règles de gestion'!$D$2:$F$40,3, FALSE) -> La date de début du congé/absence doit être antérieure ou égale à la date de fin réelle du congé/absence. | BH44: ABS_C_004 | BI44: =VLOOKUP(BH44,'Axe 2 Règles de gestion'!$D$2:$F$40,3, FALSE) -> La date de début du congé/absence doit être antérieure ou égale à la date de fin prévisionnelle du congé/absence. | BJ44: ABS_C_007 | BK44: =VLOOKUP(BJ44,'Axe 2 Règles de gestion'!$D$2:$F$40,3, FALSE) -> La date de fin réelle du congé/absence doit être antérieure à la date limite de départ à la retraite. | BL44: ABS_C_008 | BM44: =VLOOKUP(BL44,'Axe 2 Règles de gestion'!$D$2:$F$40,3, FALSE) -> La date de fin prévisionnelle du congé/absence doit être antérieure à la date limite de départ à la retraite. | BN44: ABS_C_009 | BO44: =VLOOKUP(BN44,'Axe 2 Règles de gestion'!$D$2:$F$40,3, FALSE) -> La date de fin réelle ou la date de fin prévisionnelle du congé/absence doit être saisie. | BP44: ABS_C_019 | BQ44: =VLOOKUP(BP44,'Axe 2 Règles de gestion'!$D$2:$F$40,3, FALSE) -> Si l'absence ne commence pas par une demi-journée et si l'absence précédente ne finit pas par une demi journée, la date de début de l'absence saisie est postérieure à la date de fin réelle de l'absence précédente. | BR44: ABS_C_020 | BS44: =VLOOKUP(BR44,'Axe 2 Règles de gestion'!$D$2:$F$40,3, FALSE) -> Si l'absence ne commence pas par une demi-journée et si l'absence précédente ne finit pas par une demi journée, la date de début de l'absence saisie est postérieure à la date de fin prévisionnelle de l'absence précédente. | BT44: ABS_C_026 | BU44: =VLOOKUP(BT44,'Axe 2 Règles de gestion'!$D$2:$F$40,3, FALSE) -> Dans le cas d'un congé autre que CLM, CLD, CGM et CITIS, l'indicateur de requalification doit être à non et les impacts spécifiques à la requalification ne doivent pas être mobilisés ou l'impact rémunération est vide. | BV44: 2025-56
A45: 25.10.00 | B45: A | C45: 45910.586 | D45: D0007 | E45: Congés/Absence | F45: S0171 | G45: Permission liée à des évènements familiaux | H45: E1020 | I45: Permission pour l'annonce du handicap ou d'une pathologie d'un enfant | J45: Le type de congé/absence est 'Permission pour l'annonce du handicap ou d'une pathologie d'un enfant' | K45: A_COA_TYCOAB [Saisi] = 'CP010' | L45: T2463 | M45: Permission pour l'annonce du handicap ou d'une pathologie d'un enfant - Fin | N45: Modification | Q45: Militaire sous contrat | R45: P0145 | S45: Particulier | T45: Passant | U45: 45807 | W45: PEF_I_022 ET PEF_D_017 ET PEF_D_018 ET PEF_D_012 ET PEF_D_011 ET PEF_D_001 ET ABS_C_003 ET ABS_C_004 ET ABS_C_007 ET ABS_C_008 ET ABS_C_009 ET ABS_C_026 | X45: PEF_I_022 | Y45: =VLOOKUP(X45,'Axe 2 Règles de gestion'!$D$2:$F$40,3, FALSE) -> Le militaire en permission peut être rappelé immédiatement lorsque les circonstances l'exigent. | AP45: PEF_D_017 | AQ45: =VLOOKUP(AP45,'Axe 2 Règles de gestion'!$D$2:$F$40,3, FALSE) -> La durée prévisionnelle de la permission est de 5 jours ouvrés. | AR45: PEF_D_018 | AS45: =VLOOKUP(AR45,'Axe 2 Règles de gestion'!$D$2:$F$40,3, FALSE) -> La durée réelle de la permission est de 5 jours ouvrés. | AT45: PEF_D_012 | AU45: =VLOOKUP(AT45,'Axe 2 Règles de gestion'!$D$2:$F$40,3, FALSE) -> La date de fin prévisionnelle de la permission doit être antérieure ou égale à la date limite de fin réelle ou prévisionnelle du lien juridique. Le militaire ne voit pas son contrat prorogé jusqu'à la date de fin de la permission. | AV45: PEF_D_011 | AW45: =VLOOKUP(AV45,'Axe 2 Règles de gestion'!$D$2:$F$40,3, FALSE) -> La date de fin réelle de la permission doit être antérieure ou égale à la date limite de fin réelle ou prévisionnelle du lien juridique. Le militaire ne voit pas son contrat prorogé jusqu'à la date de fin de la permission. | AX45: PEF_D_001 | AY45: =VLOOKUP(AX45,'Axe 2 Règles de gestion'!$D$2:$F$40,3, FALSE) -> Le militaire est en activité. | BB45: ABS_C_003 | BC45: =VLOOKUP(BB45,'Axe 2 Règles de gestion'!$D$2:$F$40,3, FALSE) -> La date de début du congé/absence doit être antérieure ou égale à la date de fin réelle du congé/absence. | BD45: ABS_C_004 | BE45: =VLOOKUP(BD45,'Axe 2 Règles de gestion'!$D$2:$F$40,3, FALSE) -> La date de début du congé/absence doit être antérieure ou égale à la date de fin prévisionnelle du congé/absence. | BF45: ABS_C_007 | BG45: =VLOOKUP(BF45,'Axe 2 Règles de gestion'!$D$2:$F$40,3, FALSE) -> La date de fin réelle du congé/absence doit être antérieure à la date limite de départ à la retraite. | BH45: ABS_C_008 | BI45: =VLOOKUP(BH45,'Axe 2 Règles de gestion'!$D$2:$F$40,3, FALSE) -> La date de fin prévisionnelle du congé/absence doit être antérieure à la date limite de départ à la retraite. | BJ45: ABS_C_009 | BK45: =VLOOKUP(BJ45,'Axe 2 Règles de gestion'!$D$2:$F$40,3, FALSE) -> La date de fin réelle ou la date de fin prévisionnelle du congé/absence doit être saisie. | BL45: ABS_C_026 | BM45: =VLOOKUP(BL45,'Axe 2 Règles de gestion'!$D$2:$F$40,3, FALSE) -> Dans le cas d'un congé autre que CLM, CLD, CGM et CITIS, l'indicateur de requalification doit être à non et les impacts spécifiques à la requalification ne doivent pas être mobilisés ou l'impact rémunération est vide. | BV45: 2025-56
A46: 25.10.00 | B46: A | C46: 45910.581 | D46: D0007 | E46: Congés/Absence | F46: S0171 | G46: Permission liée à des évènements familiaux | H46: E1020 | I46: Permission pour l'annonce du handicap ou d'une pathologie d'un enfant | J46: Le type de congé/absence est 'Permission pour l'annonce du handicap ou d'une pathologie d'un enfant' | K46: A_COA_TYCOAB [Saisi] = 'CP010' | L46: T2462 | M46: Permission pour l'annonce du handicap ou d'une pathologie d'un enfant - Demande | N46: Création | Q46: Militaire de réserve | R46: P0146 | S46: Particulier | T46: Passant | U46: 45807 | W46: PEF_I_015 ET PEF_I_020 ET PEF_I_029 ET PEF_I_030 ET PEF_I_031 ET PEF_D_017 ET PEF_D_018 ET PEF_D_012 ET PEF_D_011 ET PEF_D_001 ET ABS_C_001 ET ABS_C_045 ET ABS_C_003 ET ABS_C_004 ET ABS_C_007 ET ABS_C_008 ET ABS_C_009 ET ABS_C_019 ET ABS_C_020 ET ABS_C_026 | X46: PEF_I_015 | Y46: =VLOOKUP(X46,'Axe 2 Règles de gestion'!$D$2:$F$40,3, FALSE) -> Le militaire doit exercer une activité au titre d'un engagement à servir dans la réserve opérationnelle ou au titre de la disponibilité. | Z46: PEF_I_020 | AA46: =VLOOKUP(Z46,'Axe 2 Règles de gestion'!$D$2:$F$40,3, FALSE) -> En cas de participation à des opérations militaires, la permission est accordée par le commandant de la formation administrative ou l'autorité équivalente, dans les conditions fixées par le ministre de la défense. | AB46: PEF_I_029 | AC46: =VLOOKUP(AB46,'Axe 2 Règles de gestion'!$D$2:$F$40,3, FALSE) -> La permission est accordée à l'occasion de l'annonce de la survenue d'un handicap, d'une pathologie chronique nécessitant un apprentissage thérapeutique ou d'une affection cancéreuse chez l'enfant du militaire. | AD46: PEF_I_030 | AE46: =VLOOKUP(AD46,'Axe 2 Règles de gestion'!$D$2:$F$40,3, FALSE) -> L'enfant doit être à la charge du militaire. | AF46: PEF_I_031 | AG46: =VLOOKUP(AF46,'Axe 2 Règles de gestion'!$D$2:$F$40,3, FALSE) -> L'enfant souffre d'une pathologie chronique. | AP46: PEF_D_017 | AQ46: =VLOOKUP(AP46,'Axe 2 Règles de gestion'!$D$2:$F$40,3, FALSE) -> La durée prévisionnelle de la permission est de 5 jours ouvrés. | AR46: PEF_D_018 | AS46: =VLOOKUP(AR46,'Axe 2 Règles de gestion'!$D$2:$F$40,3, FALSE) -> La durée réelle de la permission est de 5 jours ouvrés. | AT46: PEF_D_012 | AU46: =VLOOKUP(AT46,'Axe 2 Règles de gestion'!$D$2:$F$40,3, FALSE) -> La date de fin prévisionnelle de la permission doit être antérieure ou égale à la date limite de fin réelle ou prévisionnelle du lien juridique. Le militaire ne voit pas son contrat prorogé jusqu'à la date de fin de la permission. | AV46: PEF_D_011 | AW46: =VLOOKUP(AV46,'Axe 2 Règles de gestion'!$D$2:$F$40,3, FALSE) -> La date de fin réelle de la permission doit être antérieure ou égale à la date limite de fin réelle ou prévisionnelle du lien juridique. Le militaire ne voit pas son contrat prorogé jusqu'à la date de fin de la permission. | AX46: PEF_D_001 | AY46: =VLOOKUP(AX46,'Axe 2 Règles de gestion'!$D$2:$F$40,3, FALSE) -> Le militaire est en activité. | BB46: ABS_C_001 | BC46: =VLOOKUP(BB46,'Axe 2 Règles de gestion'!$D$2:$F$40,3, FALSE) -> La date de début du congé/absence doit être postérieure ou égale à la date de recrutement dans la FPE ou dans la carrière militaire. | BD46: ABS_C_045 | BE46: =VLOOKUP(BD46,'Axe 2 Règles de gestion'!$D$2:$F$40,3, FALSE) -> Pour les militaires sous contrat à durée déterminée, la date de début du congé/absence doit être postérieure ou égale à la date de début du lien juridique. | BF46: ABS_C_003 | BG46: =VLOOKUP(BF46,'Axe 2 Règles de gestion'!$D$2:$F$40,3, FALSE) -> La date de début du congé/absence doit être antérieure ou égale à la date de fin réelle du congé/absence. | BH46: ABS_C_004 | BI46: =VLOOKUP(BH46,'Axe 2 Règles de gestion'!$D$2:$F$40,3, FALSE) -> La date de début du congé/absence doit être antérieure ou égale à la date de fin prévisionnelle du congé/absence. | BJ46: ABS_C_007 | BK46: =VLOOKUP(BJ46,'Axe 2 Règles de gestion'!$D$2:$F$40,3, FALSE) -> La date de fin réelle du congé/absence doit être antérieure à la date limite de départ à la retraite. | BL46: ABS_C_008 | BM46: =VLOOKUP(BL46,'Axe 2 Règles de gestion'!$D$2:$F$40,3, FALSE) -> La date de fin prévisionnelle du congé/absence doit être antérieure à la date limite de départ à la retraite. | BN46: ABS_C_009 | BO46: =VLOOKUP(BN46,'Axe 2 Règles de gestion'!$D$2:$F$40,3, FALSE) -> La date de fin réelle ou la date de fin prévisionnelle du congé/absence doit être saisie. | BP46: ABS_C_019 | BQ46: =VLOOKUP(BP46,'Axe 2 Règles de gestion'!$D$2:$F$40,3, FALSE) -> Si l'absence ne commence pas par une demi-journée et si l'absence précédente ne finit pas par une demi journée, la date de début de l'absence saisie est postérieure à la date de fin réelle de l'absence précédente. | BR46: ABS_C_020 | BS46: =VLOOKUP(BR46,'Axe 2 Règles de gestion'!$D$2:$F$40,3, FALSE) -> Si l'absence ne commence pas par une demi-journée et si l'absence précédente ne finit pas par une demi journée, la date de début de l'absence saisie est postérieure à la date de fin prévisionnelle de l'absence précédente. | BT46: ABS_C_026 | BU46: =VLOOKUP(BT46,'Axe 2 Règles de gestion'!$D$2:$F$40,3, FALSE) -> Dans le cas d'un congé autre que CLM, CLD, CGM et CITIS, l'indicateur de requalification doit être à non et les impacts spécifiques à la requalification ne doivent pas être mobilisés ou l'impact rémunération est vide. | BV46: 2025-56
A47: 25.10.00 | B47: A | C47: 45910.587 | D47: D0007 | E47: Congés/Absence | F47: S0171 | G47: Permission liée à des évènements familiaux | H47: E1020 | I47: Permission pour l'annonce du handicap ou d'une pathologie d'un enfant | J47: Le type de congé/absence est 'Permission pour l'annonce du handicap ou d'une pathologie d'un enfant' | K47: A_COA_TYCOAB [Saisi] = 'CP010' | L47: T2463 | M47: Permission pour l'annonce du handicap ou d'une pathologie d'un enfant - Fin | N47: Modification | Q47: Militaire de réserve | R47: P0146 | S47: Particulier | T47: Passant | U47: 45807 | W47: PEF_I_022 ET PEF_D_017 ET PEF_D_018 ET PEF_D_012 ET PEF_D_011 ET PEF_D_001 ET ABS_C_003 ET ABS_C_004 ET ABS_C_007 ET ABS_C_008 ET ABS_C_009 ET ABS_C_026 | X47: PEF_I_022 | Y47: =VLOOKUP(X47,'Axe 2 Règles de gestion'!$D$2:$F$40,3, FALSE) -> Le militaire en permission peut être rappelé immédiatement lorsque les circonstances l'exigent. | AP47: PEF_D_017 | AQ47: =VLOOKUP(AP47,'Axe 2 Règles de gestion'!$D$2:$F$40,3, FALSE) -> La durée prévisionnelle de la permission est de 5 jours ouvrés. | AR47: PEF_D_018 | AS47: =VLOOKUP(AR47,'Axe 2 Règles de gestion'!$D$2:$F$40,3, FALSE) -> La durée réelle de la permission est de 5 jours ouvrés. | AT47: PEF_D_012 | AU47: =VLOOKUP(AT47,'Axe 2 Règles de gestion'!$D$2:$F$40,3, FALSE) -> La date de fin prévisionnelle de la permission doit être antérieure ou égale à la date limite de fin réelle ou prévisionnelle du lien juridique. Le militaire ne voit pas son contrat prorogé jusqu'à la date de fin de la permission. | AV47: PEF_D_011 | AW47: =VLOOKUP(AV47,'Axe 2 Règles de gestion'!$D$2:$F$40,3, FALSE) -> La date de fin réelle de la permission doit être antérieure ou égale à la date limite de fin réelle ou prévisionnelle du lien juridique. Le militaire ne voit pas son contrat prorogé jusqu'à la date de fin de la permission. | AX47: PEF_D_001 | AY47: =VLOOKUP(AX47,'Axe 2 Règles de gestion'!$D$2:$F$40,3, FALSE) -> Le militaire est en activité. | BB47: ABS_C_003 | BC47: =VLOOKUP(BB47,'Axe 2 Règles de gestion'!$D$2:$F$40,3, FALSE) -> La date de début du congé/absence doit être antérieure ou égale à la date de fin réelle du congé/absence. | BD47: ABS_C_004 | BE47: =VLOOKUP(BD47,'Axe 2 Règles de gestion'!$D$2:$F$40,3, FALSE) -> La date de début du congé/absence doit être antérieure ou égale à la date de fin prévisionnelle du congé/absence. | BF47: ABS_C_007 | BG47: =VLOOKUP(BF47,'Axe 2 Règles de gestion'!$D$2:$F$40,3, FALSE) -> La date de fin réelle du congé/absence doit être antérieure à la date limite de départ à la retraite. | BH47: ABS_C_008 | BI47: =VLOOKUP(BH47,'Axe 2 Règles de gestion'!$D$2:$F$40,3, FALSE) -> La date de fin prévisionnelle du congé/absence doit être antérieure à la date limite de départ à la retraite. | BJ47: ABS_C_009 | BK47: =VLOOKUP(BJ47,'Axe 2 Règles de gestion'!$D$2:$F$40,3, FALSE) -> La date de fin réelle ou la date de fin prévisionnelle du congé/absence doit être saisie. | BL47: ABS_C_026 | BM47: =VLOOKUP(BL47,'Axe 2 Règles de gestion'!$D$2:$F$40,3, FALSE) -> Dans le cas d'un congé autre que CLM, CLD, CGM et CITIS, l'indicateur de requalification doit être à non et les impacts spécifiques à la requalification ne doivent pas être mobilisés ou l'impact rémunération est vide. | BV47: 2025-56
A48: 25.10.00 | B48: A | C48: 45910.581 | D48: D0007 | E48: Congés/Absence | F48: S0171 | G48: Permission liée à des évènements familiaux | H48: E1020 | I48: Permission pour l'annonce du handicap ou d'une pathologie d'un enfant | J48: Le type de congé/absence est 'Permission pour l'annonce du handicap ou d'une pathologie d'un enfant' | K48: A_COA_TYCOAB [Saisi] = 'CP010' | L48: T2462 | M48: Permission pour l'annonce du handicap ou d'une pathologie d'un enfant - Demande | N48: Création | Q48: Militaire de carrière | R48: P0189 | S48: Particulier | T48: Passant | U48: 45807 | W48: PEF_I_020 ET PEF_I_029 ET PEF_I_030 ET PEF_I_031 ET PEF_D_017 ET PEF_D_018 ET PEF_D_001 ET ABS_C_001 ET ABS_C_003 ET ABS_C_004 ET ABS_C_007 ET ABS_C_008 ET ABS_C_009 ET ABS_C_019 ET ABS_C_020 ET ABS_C_026 | X48: PEF_I_020 | Y48: =VLOOKUP(X48,'Axe 2 Règles de gestion'!$D$2:$F$40,3, FALSE) -> En cas de participation à des opérations militaires, la permission est accordée par le commandant de la formation administrative ou l'autorité équivalente, dans les conditions fixées par le ministre de la défense. | Z48: PEF_I_029 | AA48: =VLOOKUP(Z48,'Axe 2 Règles de gestion'!$D$2:$F$40,3, FALSE) -> La permission est accordée à l'occasion de l'annonce de la survenue d'un handicap, d'une pathologie chronique nécessitant un apprentissage thérapeutique ou d'une affection cancéreuse chez l'enfant du militaire. | AB48: PEF_I_030 | AC48: =VLOOKUP(AB48,'Axe 2 Règles de gestion'!$D$2:$F$40,3, FALSE) -> L'enfant doit être à la charge du militaire. | AD48: PEF_I_031 | AE48: =VLOOKUP(AD48,'Axe 2 Règles de gestion'!$D$2:$F$40,3, FALSE) -> L'enfant souffre d'une pathologie chronique. | AP48: PEF_D_017 | AQ48: =VLOOKUP(AP48,'Axe 2 Règles de gestion'!$D$2:$F$40,3, FALSE) -> La durée prévisionnelle de la permission est de 5 jours ouvrés. | AR48: PEF_D_018 | AS48: =VLOOKUP(AR48,'Axe 2 Règles de gestion'!$D$2:$F$40,3, FALSE) -> La durée réelle de la permission est de 5 jours ouvrés. | AT48: PEF_D_001 | AU48: =VLOOKUP(AT48,'Axe 2 Règles de gestion'!$D$2:$F$40,3, FALSE) -> Le militaire est en activité. | BB48: ABS_C_001 | BC48: =VLOOKUP(BB48,'Axe 2 Règles de gestion'!$D$2:$F$40,3, FALSE) -> La date de début du congé/absence doit être postérieure ou égale à la date de recrutement dans la FPE ou dans la carrière militaire. | BD48: ABS_C_003 | BE48: =VLOOKUP(BD48,'Axe 2 Règles de gestion'!$D$2:$F$40,3, FALSE) -> La date de début du congé/absence doit être antérieure ou égale à la date de fin réelle du congé/absence. | BF48: ABS_C_004 | BG48: =VLOOKUP(BF48,'Axe 2 Règles de gestion'!$D$2:$F$40,3, FALSE) -> La date de début du congé/absence doit être antérieure ou égale à la date de fin prévisionnelle du congé/absence. | BH48: ABS_C_007 | BI48: =VLOOKUP(BH48,'Axe 2 Règles de gestion'!$D$2:$F$40,3, FALSE) -> La date de fin réelle du congé/absence doit être antérieure à la date limite de départ à la retraite. | BJ48: ABS_C_008 | BK48: =VLOOKUP(BJ48,'Axe 2 Règles de gestion'!$D$2:$F$40,3, FALSE) -> La date de fin prévisionnelle du congé/absence doit être antérieure à la date limite de départ à la retraite. | BL48: ABS_C_009 | BM48: =VLOOKUP(BL48,'Axe 2 Règles de gestion'!$D$2:$F$40,3, FALSE) -> La date de fin réelle ou la date de fin prévisionnelle du congé/absence doit être saisie. | BN48: ABS_C_019 | BO48: =VLOOKUP(BN48,'Axe 2 Règles de gestion'!$D$2:$F$40,3, FALSE) -> Si l'absence ne commence pas par une demi-journée et si l'absence précédente ne finit pas par une demi journée, la date de début de l'absence saisie est postérieure à la date de fin réelle de l'absence précédente. | BP48: ABS_C_020 | BQ48: =VLOOKUP(BP48,'Axe 2 Règles de gestion'!$D$2:$F$40,3, FALSE) -> Si l'absence ne commence pas par une demi-journée et si l'absence précédente ne finit pas par une demi journée, la date de début de l'absence saisie est postérieure à la date de fin prévisionnelle de l'absence précédente. | BR48: ABS_C_026 | BS48: =VLOOKUP(BR48,'Axe 2 Règles de gestion'!$D$2:$F$40,3, FALSE) -> Dans le cas d'un congé autre que CLM, CLD, CGM et CITIS, l'indicateur de requalification doit être à non et les impacts spécifiques à la requalification ne doivent pas être mobilisés ou l'impact rémunération est vide. | BV48: 2025-56
A49: 25.10.00 | B49: A | C49: 45910.587 | D49: D0007 | E49: Congés/Absence | F49: S0171 | G49: Permission liée à des évènements familiaux | H49: E1020 | I49: Permission pour l'annonce du handicap ou d'une pathologie d'un enfant | J49: Le type de congé/absence est 'Permission pour l'annonce du handicap ou d'une pathologie d'un enfant' | K49: A_COA_TYCOAB [Saisi] = 'CP010' | L49: T2463 | M49: Permission pour l'annonce du handicap ou d'une pathologie d'un enfant - Fin | N49: Modification | Q49: Militaire de carrière | R49: P0189 | S49: Particulier | T49: Passant | U49: 45807 | W49: PEF_I_022 ET PEF_D_017 ET PEF_D_018 ET PEF_D_001 ET ABS_C_003 ET ABS_C_004 ET ABS_C_007 ET ABS_C_008 ET ABS_C_009 ET ABS_C_026 | X49: PEF_I_022 | Y49: =VLOOKUP(X49,'Axe 2 Règles de gestion'!$D$2:$F$40,3, FALSE) -> Le militaire en permission peut être rappelé immédiatement lorsque les circonstances l'exigent. | AP49: PEF_D_017 | AQ49: =VLOOKUP(AP49,'Axe 2 Règles de gestion'!$D$2:$F$40,3, FALSE) -> La durée prévisionnelle de la permission est de 5 jours ouvrés. | AR49: PEF_D_018 | AS49: =VLOOKUP(AR49,'Axe 2 Règles de gestion'!$D$2:$F$40,3, FALSE) -> La durée réelle de la permission est de 5 jours ouvrés. | AT49: PEF_D_001 | AU49: =VLOOKUP(AT49,'Axe 2 Règles de gestion'!$D$2:$F$40,3, FALSE) -> Le militaire est en activité. | BB49: ABS_C_003 | BC49: =VLOOKUP(BB49,'Axe 2 Règles de gestion'!$D$2:$F$40,3, FALSE) -> La date de début du congé/absence doit être antérieure ou égale à la date de fin réelle du congé/absence. | BD49: ABS_C_004 | BE49: =VLOOKUP(BD49,'Axe 2 Règles de gestion'!$D$2:$F$40,3, FALSE) -> La date de début du congé/absence doit être antérieure ou égale à la date de fin prévisionnelle du congé/absence. | BF49: ABS_C_007 | BG49: =VLOOKUP(BF49,'Axe 2 Règles de gestion'!$D$2:$F$40,3, FALSE) -> La date de fin réelle du congé/absence doit être antérieure à la date limite de départ à la retraite. | BH49: ABS_C_008 | BI49: =VLOOKUP(BH49,'Axe 2 Règles de gestion'!$D$2:$F$40,3, FALSE) -> La date de fin prévisionnelle du congé/absence doit être antérieure à la date limite de départ à la retraite. | BJ49: ABS_C_009 | BK49: =VLOOKUP(BJ49,'Axe 2 Règles de gestion'!$D$2:$F$40,3, FALSE) -> La date de fin réelle ou la date de fin prévisionnelle du congé/absence doit être saisie. | BL49: ABS_C_026 | BM49: =VLOOKUP(BL49,'Axe 2 Règles de gestion'!$D$2:$F$40,3, FALSE) -> Dans le cas d'un congé autre que CLM, CLD, CGM et CITIS, l'indicateur de requalification doit être à non et les impacts spécifiques à la requalification ne doivent pas être mobilisés ou l'impact rémunération est vide. | BV49: 2025-56

Sheet Axe 1 Enchaînement RG Impact
A1: Version | B1: Type de mise à jour | C1: Date de mise à jour | D1: Identifiant Domaine | E1: Libellé du Domaine | F1: Identifiant Sous-domaine | G1: Libellé du Sous-domaine | H1: Identifiant Evénement | I1: Libellé de l'évènement | J1: Libellé condition déclenchement Evènement | K1: Condition déclenchement Evènement | L1: Identifiant type d'évènement | M1: Libellé type d'évènement | N1: Type de mise à jour | O1: Libellé condition déclenchement Type Evènement | P1: Condition déclenchement Type Evènement | Q1: Libellé Population | R1: Codification Population | S1: Général / Particulier | T1: Passant / Exclu | U1: Date de début | V1: Date de fin | W1: Impacts | X1: Identifiant Impacts 1 | Y1: Libellé Impacts 1 | Z1: Identifiant Impacts 2 | AA1: Libellé Impacts 2 | AB1: FIME | AC1: Statut de travail
A2: 24.00.00 | B2: A | C2: 45414.664 | D2: D0007 | E2: Congés/Absence | F2: S0171 | G2: Permission liée à des évènements familiaux | H2: E0863 | I2: Permission pour évènements familiaux (mariage, PACS, naissance, adoption, décès d'un parent) | J2: Le Type de congé/absence est 'Permission pour évènements familiaux (mariage, PACS, naissance, adoption, décès d'un parent)' | K2: A_COA_TYCOAB [Saisi] = 'CP007' | L2: T2304 | M2: Permission pour évènements familiaux (mariage, PACS, naissance, adoption, décès d'un parent) - Demande | N2: Création | Q2: Titulaire ou magistrat | R2: P0001 | S2: Général | T2: Exclu | U2: 44927
A3: 24.00.00 | B3: A | C3: 45414.665 | D3: D0007 | E3: Congés/Absence | F3: S0171 | G3: Permission liée à des évènements familiaux | H3: E0863 | I3: Permission pour évènements familiaux (mariage, PACS, naissance, adoption, décès d'un parent) | J3: Le Type de congé/absence est 'Permission pour évènements familiaux (mariage, PACS, naissance, adoption, décès d'un parent)' | K3: A_COA_TYCOAB [Saisi] = 'CP007' | L3: T2305 | M3: Permission pour évènements familiaux (mariage, PACS, naissance, adoption, décès d'un parent) - Fin | N3: Modification | Q3: Titulaire ou magistrat | R3: P0001 | S3: Général | T3: Exclu | U3: 44927
A4: 24.00.00 | B4: A | C4: 45414.665 | D4: D0007 | E4: Congés/Absence | F4: S0171 | G4: Permission liée à des évènements familiaux | H4: E0863 | I4: Permission pour évènements familiaux (mariage, PACS, naissance, adoption, décès d'un parent) | J4: Le Type de congé/absence est 'Permission pour évènements familiaux (mariage, PACS, naissance, adoption, décès d'un parent)' | K4: A_COA_TYCOAB [Saisi] = 'CP007' | L4: T2304 | M4: Permission pour évènements familiaux (mariage, PACS, naissance, adoption, décès d'un parent) - Demande | N4: Création | Q4: Militaire | R4: P0002 | S4: Général | T4: Exclu | U4: 44927
A5: 24.00.00 | B5: A | C5: 45414.665 | D5: D0007 | E5: Congés/Absence | F5: S0171 | G5: Permission liée à des évènements familiaux | H5: E0863 | I5: Permission pour évènements familiaux (mariage, PACS, naissance, adoption, décès d'un parent) | J5: Le Type de congé/absence est 'Permission pour évènements familiaux (mariage, PACS, naissance, adoption, décès d'un parent)' | K5: A_COA_TYCOAB [Saisi] = 'CP007' | L5: T2305 | M5: Permission pour évènements familiaux (mariage, PACS, naissance, adoption, décès d'un parent) - Fin | N5: Modification | Q5: Militaire | R5: P0002 | S5: Général | T5: Exclu | U5: 44927
A6: 24.00.00 | B6: A | C6: 45414.664 | D6: D0007 | E6: Congés/Absence | F6: S0171 | G6: Permission liée à des évènements familiaux | H6: E0863 | I6: Permission pour évènements familiaux (mariage, PACS, naissance, adoption, décès d'un parent) | J6: Le Type de congé/absence est 'Permission pour évènements familiaux (mariage, PACS, naissance, adoption, décès d'un parent)' | K6: A_COA_TYCOAB [Saisi] = 'CP007' | L6: T2304 | M6: Permission pour évènements familiaux (mariage, PACS, naissance, adoption, décès d'un parent) - Demande | N6: Création | Q6: Contractuel | R6: P0003 | S6: Général | T6: Exclu | U6: 44927
A7: 24.00.00 | B7: A | C7: 45414.665 | D7: D0007 | E7: Congés/Absence | F7: S0171 | G7: Permission liée à des évènements familiaux | H7: E0863 | I7: Permission pour évènements familiaux (mariage, PACS, naissance, adoption, décès d'un parent) | J7: Le Type de congé/absence est 'Permission pour évènements familiaux (mariage, PACS, naissance, adoption, décès d'un parent)' | K7: A_COA_TYCOAB [Saisi] = 'CP007' | L7: T2305 | M7: Permission pour évènements familiaux (mariage, PACS, naissance, adoption, décès d'un parent) - Fin | N7: Modification | Q7: Contractuel | R7: P0003 | S7: Général | T7: Exclu | U7: 44927
A8: 24.00.00 | B8: A | C8: 45414.664 | D8: D0007 | E8: Congés/Absence | F8: S0171 | G8: Permission liée à des évènements familiaux | H8: E0863 | I8: Permission pour évènements familiaux (mariage, PACS, naissance, adoption, décès d'un parent) | J8: Le Type de congé/absence est 'Permission pour évènements familiaux (mariage, PACS, naissance, adoption, décès d'un parent)' | K8: A_COA_TYCOAB [Saisi] = 'CP007' | L8: T2304 | M8: Permission pour évènements familiaux (mariage, PACS, naissance, adoption, décès d'un parent) - Demande | N8: Création | Q8: Stagiaire ou auditeur ou élève | R8: P0004 | S8: Général | T8: Exclu | U8: 44927
A9: 24.00.00 | B9: A | C9: 45414.665 | D9: D0007 | E9: Congés/Absence | F9: S0171 | G9: Permission liée à des évènements familiaux | H9: E0863 | I9: Permission pour évènements familiaux (mariage, PACS, naissance, adoption, décès d'un parent) | J9: Le Type de congé/absence est 'Permission pour évènements familiaux (mariage, PACS, naissance, adoption, décès d'un parent)' | K9: A_COA_TYCOAB [Saisi] = 'CP007' | L9: T2305 | M9: Permission pour évènements familiaux (mariage, PACS, naissance, adoption, décès d'un parent) - Fin | N9: Modification | Q9: Stagiaire ou auditeur ou élève | R9: P0004 | S9: Général | T9: Exclu | U9: 44927
A10: 24.00.00 | B10: A | C10: 45414.664 | D10: D0007 | E10: Congés/Absence | F10: S0171 | G10: Permission liée à des évènements familiaux | H10: E0863 | I10: Permission pour évènements familiaux (mariage, PACS, naissance, adoption, décès d'un parent) | J10: Le Type de congé/absence est 'Permission pour évènements familiaux (mariage, PACS, naissance, adoption, décès d'un parent)' | K10: A_COA_TYCOAB [Saisi] = 'CP007' | L10: T2304 | M10: Permission pour évènements familiaux (mariage, PACS, naissance, adoption, décès d'un parent) - Demande | N10: Création | Q10: Ouvrier d'état | R10: P0005 | S10: Général | T10: Exclu | U10: 44927
A11: 24.00.00 | B11: A | C11: 45414.665 | D11: D0007 | E11: Congés/Absence | F11: S0171 | G11: Permission liée à des évènements familiaux | H11: E0863 | I11: Permission pour évènements familiaux (mariage, PACS, naissance, adoption, décès d'un parent) | J11: Le Type de congé/absence est 'Permission pour évènements familiaux (mariage, PACS, naissance, adoption, décès d'un parent)' | K11: A_COA_TYCOAB [Saisi] = 'CP007' | L11: T2305 | M11: Permission pour évènements familiaux (mariage, PACS, naissance, adoption, décès d'un parent) - Fin | N11: Modification | Q11: Ouvrier d'état | R11: P0005 | S11: Général | T11: Exclu | U11: 44927
A12: 24.00.00 | B12: A | C12: 45414.666 | D12: D0007 | E12: Congés/Absence | F12: S0171 | G12: Permission liée à des évènements familiaux | H12: E0863 | I12: Permission pour évènements familiaux (mariage, PACS, naissance, adoption, décès d'un parent) | J12: Le Type de congé/absence est 'Permission pour évènements familiaux (mariage, PACS, naissance, adoption, décès d'un parent)' | K12: A_COA_TYCOAB [Saisi] = 'CP007' | L12: T2304 | M12: Permission pour évènements familiaux (mariage, PACS, naissance, adoption, décès d'un parent) - Demande | N12: Création | Q12: Militaire sous contrat | R12: P0145 | S12: Particulier | T12: Passant | U12: 44927 | W12: PEF_P_001 ET PEF_P_002 | X12: PEF_P_001 | Y12: =VLOOKUP(X12,'Axe 2 Règles de gestion'!$D$2:$F$40,3, FALSE) -> Rémunération : Le militaire perçoit l'intégralité de sa rémunération. | Z12: PEF_P_002 | AA12: =VLOOKUP(Z12,'Axe 2 Règles de gestion'!$D$2:$F$40,3, FALSE) -> Carrière : La durée de la permission est assimilée à une période de service effectif.
A13: 24.00.00 | B13: A | C13: 45414.667 | D13: D0007 | E13: Congés/Absence | F13: S0171 | G13: Permission liée à des évènements familiaux | H13: E0863 | I13: Permission pour évènements familiaux (mariage, PACS, naissance, adoption, décès d'un parent) | J13: Le Type de congé/absence est 'Permission pour évènements familiaux (mariage, PACS, naissance, adoption, décès d'un parent)' | K13: A_COA_TYCOAB [Saisi] = 'CP007' | L13: T2305 | M13: Permission pour évènements familiaux (mariage, PACS, naissance, adoption, décès d'un parent) - Fin | N13: Modification | Q13: Militaire sous contrat | R13: P0145 | S13: Particulier | T13: Passant | U13: 44927
A14: 24.00.00 | B14: A | C14: 45414.667 | D14: D0007 | E14: Congés/Absence | F14: S0171 | G14: Permission liée à des évènements familiaux | H14: E0863 | I14: Permission pour évènements familiaux (mariage, PACS, naissance, adoption, décès d'un parent) | J14: Le Type de congé/absence est 'Permission pour évènements familiaux (mariage, PACS, naissance, adoption, décès d'un parent)' | K14: A_COA_TYCOAB [Saisi] = 'CP007' | L14: T2304 | M14: Permission pour évènements familiaux (mariage, PACS, naissance, adoption, décès d'un parent) - Demande | N14: Création | Q14: Militaire de réserve | R14: P0146 | S14: Particulier | T14: Passant | U14: 44927 | W14: PEF_P_001 ET PEF_P_002 | X14: PEF_P_001 | Y14: =VLOOKUP(X14,'Axe 2 Règles de gestion'!$D$2:$F$40,3, FALSE) -> Rémunération : Le militaire perçoit l'intégralité de sa rémunération. | Z14: PEF_P_002 | AA14: =VLOOKUP(Z14,'Axe 2 Règles de gestion'!$D$2:$F$40,3, FALSE) -> Carrière : La durée de la permission est assimilée à une période de service effectif.
A15: 24.00.00 | B15: A | C15: 45414.667 | D15: D0007 | E15: Congés/Absence | F15: S0171 | G15: Permission liée à des évènements familiaux | H15: E0863 | I15: Permission pour évènements familiaux (mariage, PACS, naissance, adoption, décès d'un parent) | J15: Le Type de congé/absence est 'Permission pour évènements familiaux (mariage, PACS, naissance, adoption, décès d'un parent)' | K15: A_COA_TYCOAB [Saisi] = 'CP007' | L15: T2305 | M15: Permission pour évènements familiaux (mariage, PACS, naissance, adoption, décès d'un parent) - Fin | N15: Modification | Q15: Militaire de réserve | R15: P0146 | S15: Particulier | T15: Passant | U15: 44927
A16: 24.00.00 | B16: A | C16: 45414.667 | D16: D0007 | E16: Congés/Absence | F16: S0171 | G16: Permission liée à des évènements familiaux | H16: E0863 | I16: Permission pour évènements familiaux (mariage, PACS, naissance, adoption, décès d'un parent) | J16: Le Type de congé/absence est 'Permission pour évènements familiaux (mariage, PACS, naissance, adoption, décès d'un parent)' | K16: A_COA_TYCOAB [Saisi] = 'CP007' | L16: T2304 | M16: Permission pour évènements familiaux (mariage, PACS, naissance, adoption, décès d'un parent) - Demande | N16: Création | Q16: Militaire de carrière | R16: P0189 | S16: Particulier | T16: Passant | U16: 44927 | W16: PEF_P_001 ET PEF_P_002 | X16: PEF_P_001 | Y16: =VLOOKUP(X16,'Axe 2 Règles de gestion'!$D$2:$F$40,3, FALSE) -> Rémunération : Le militaire perçoit l'intégralité de sa rémunération. | Z16: PEF_P_002 | AA16: =VLOOKUP(Z16,'Axe 2 Règles de gestion'!$D$2:$F$40,3, FALSE) -> Carrière : La durée de la permission est assimilée à une période de service effectif.
A17: 24.00.00 | B17: A | C17: 45414.667 | D17: D0007 | E17: Congés/Absence | F17: S0171 | G17: Permission liée à des évènements familiaux | H17: E0863 | I17: Permission pour évènements familiaux (mariage, PACS, naissance, adoption, décès d'un parent) | J17: Le Type de congé/absence est 'Permission pour évènements familiaux (mariage, PACS, naissance, adoption, décès d'un parent)' | K17: A_COA_TYCOAB [Saisi] = 'CP007' | L17: T2305 | M17: Permission pour évènements familiaux (mariage, PACS, naissance, adoption, décès d'un parent) - Fin | N17: Modification | Q17: Militaire de carrière | R17: P0189 | S17: Particulier | T17: Passant | U17: 44927
A18: 24.00.00 | B18: A | C18: 45414.668 | D18: D0007 | E18: Congés/Absence | F18: S0171 | G18: Permission liée à des évènements familiaux | H18: E0955 | I18: Permission pour le décès du conjoint du militaire, du partenaire pacsé ou de l'enfant | J18: Le Type de congé/absence est 'Permission pour le décès du conjoint du militaire, du partenaire pacsé ou de l'enfant' | K18: A_COA_TYCOAB [Saisi] = 'CP008' | L18: T2306 | M18: Permission pour le décès du conjoint du militaire, du partenaire pacsé ou de l'enfant - Demande | N18: Création | Q18: Titulaire ou magistrat | R18: P0001 | S18: Général | T18: Exclu | U18: 44927
A19: 24.00.00 | B19: A | C19: 45414.669 | D19: D0007 | E19: Congés/Absence | F19: S0171 | G19: Permission liée à des évènements familiaux | H19: E0955 | I19: Permission pour le décès du conjoint du militaire, du partenaire pacsé ou de l'enfant | J19: Le Type de congé/absence est 'Permission pour le décès du conjoint du militaire, du partenaire pacsé ou de l'enfant' | K19: A_COA_TYCOAB [Saisi] = 'CP008' | L19: T2307 | M19: Permission pour le décès du conjoint du militaire, du partenaire pacsé ou de l'enfant - Fin | N19: Modification | Q19: Titulaire ou magistrat | R19: P0001 | S19: Général | T19: Exclu | U19: 44927
A20: 24.00.00 | B20: A | C20: 45414.669 | D20: D0007 | E20: Congés/Absence | F20: S0171 | G20: Permission liée à des évènements familiaux | H20: E0955 | I20: Permission pour le décès du conjoint du militaire, du partenaire pacsé ou de l'enfant | J20: Le Type de congé/absence est 'Permission pour le décès du conjoint du militaire, du partenaire pacsé ou de l'enfant' | K20: A_COA_TYCOAB [Saisi] = 'CP008' | L20: T2306 | M20: Permission pour le décès du conjoint du militaire, du partenaire pacsé ou de l'enfant - Demande | N20: Création | Q20: Militaire | R20: P0002 | S20: Général | T20: Exclu | U20: 44927
A21: 24.00.00 | B21: A | C21: 45414.67 | D21: D0007 | E21: Congés/Absence | F21: S0171 | G21: Permission liée à des évènements familiaux | H21: E0955 | I21: Permission pour le décès du conjoint du militaire, du partenaire pacsé ou de l'enfant | J21: Le Type de congé/absence est 'Permission pour le décès du conjoint du militaire, du partenaire pacsé ou de l'enfant' | K21: A_COA_TYCOAB [Saisi] = 'CP008' | L21: T2307 | M21: Permission pour le décès du conjoint du militaire, du partenaire pacsé ou de l'enfant - Fin | N21: Modification | Q21: Militaire | R21: P0002 | S21: Général | T21: Exclu | U21: 44927
A22: 24.00.00 | B22: A | C22: 45414.669 | D22: D0007 | E22: Congés/Absence | F22: S0171 | G22: Permission liée à des évènements familiaux | H22: E0955 | I22: Permission pour le décès du conjoint du militaire, du partenaire pacsé ou de l'enfant | J22: Le Type de congé/absence est 'Permission pour le décès du conjoint du militaire, du partenaire pacsé ou de l'enfant' | K22: A_COA_TYCOAB [Saisi] = 'CP008' | L22: T2306 | M22: Permission pour le décès du conjoint du militaire, du partenaire pacsé ou de l'enfant - Demande | N22: Création | Q22: Contractuel | R22: P0003 | S22: Général | T22: Exclu | U22: 44927
A23: 24.00.00 | B23: A | C23: 45414.669 | D23: D0007 | E23: Congés/Absence | F23: S0171 | G23: Permission liée à des évènements familiaux | H23: E0955 | I23: Permission pour le décès du conjoint du militaire, du partenaire pacsé ou de l'enfant | J23: Le Type de congé/absence est 'Permission pour le décès du conjoint du militaire, du partenaire pacsé ou de l'enfant' | K23: A_COA_TYCOAB [Saisi] = 'CP008' | L23: T2307 | M23: Permission pour le décès du conjoint du militaire, du partenaire pacsé ou de l'enfant - Fin | N23: Modification | Q23: Contractuel | R23: P0003 | S23: Général | T23: Exclu | U23: 44927
A24: 24.00.00 | B24: A | C24: 45414.669 | D24: D0007 | E24: Congés/Absence | F24: S0171 | G24: Permission liée à des évènements familiaux | H24: E0955 | I24: Permission pour le décès du conjoint du militaire, du partenaire pacsé ou de l'enfant | J24: Le Type de congé/absence est 'Permission pour le décès du conjoint du militaire, du partenaire pacsé ou de l'enfant' | K24: A_COA_TYCOAB [Saisi] = 'CP008' | L24: T2306 | M24: Permission pour le décès du conjoint du militaire, du partenaire pacsé ou de l'enfant - Demande | N24: Création | Q24: Stagiaire ou auditeur ou élève | R24: P0004 | S24: Général | T24: Exclu | U24: 44927
A25: 24.00.00 | B25: A | C25: 45414.669 | D25: D0007 | E25: Congés/Absence | F25: S0171 | G25: Permission liée à des évènements familiaux | H25: E0955 | I25: Permission pour le décès du conjoint du militaire, du partenaire pacsé ou de l'enfant | J25: Le Type de congé/absence est 'Permission pour le décès du conjoint du militaire, du partenaire pacsé ou de l'enfant' | K25: A_COA_TYCOAB [Saisi] = 'CP008' | L25: T2307 | M25: Permission pour le décès du conjoint du militaire, du partenaire pacsé ou de l'enfant - Fin | N25: Modification | Q25: Stagiaire ou auditeur ou élève | R25: P0004 | S25: Général | T25: Exclu | U25: 44927
A26: 24.00.00 | B26: A | C26: 45414.669 | D26: D0007 | E26: Congés/Absence | F26: S0171 | G26: Permission liée à des évènements familiaux | H26: E0955 | I26: Permission pour le décès du conjoint du militaire, du partenaire pacsé ou de l'enfant | J26: Le Type de congé/absence est 'Permission pour le décès du conjoint du militaire, du partenaire pacsé ou de l'enfant' | K26: A_COA_TYCOAB [Saisi] = 'CP008' | L26: T2306 | M26: Permission pour le décès du conjoint du militaire, du partenaire pacsé ou de l'enfant - Demande | N26: Création | Q26: Ouvrier d'état | R26: P0005 | S26: Général | T26: Exclu | U26: 44927
A27: 24.00.00 | B27: A | C27: 45414.669 | D27: D0007 | E27: Congés/Absence | F27: S0171 | G27: Permission liée à des évènements familiaux | H27: E0955 | I27: Permission pour le décès du conjoint du militaire, du partenaire pacsé ou de l'enfant | J27: Le Type de congé/absence est 'Permission pour le décès du conjoint du militaire, du partenaire pacsé ou de l'enfant' | K27: A_COA_TYCOAB [Saisi] = 'CP008' | L27: T2307 | M27: Permission pour le décès du conjoint du militaire, du partenaire pacsé ou de l'enfant - Fin | N27: Modification | Q27: Ouvrier d'état | R27: P0005 | S27: Général | T27: Exclu | U27: 44927
A28: 24.00.00 | B28: A | C28: 45414.671 | D28: D0007 | E28: Congés/Absence | F28: S0171 | G28: Permission liée à des évènements familiaux | H28: E0955 | I28: Permission pour le décès du conjoint du militaire, du partenaire pacsé ou de l'enfant | J28: Le Type de congé/absence est 'Permission pour le décès du conjoint du militaire, du partenaire pacsé ou de l'enfant' | K28: A_COA_TYCOAB [Saisi] = 'CP008' | L28: T2306 | M28: Permission pour le décès du conjoint du militaire, du partenaire pacsé ou de l'enfant - Demande | N28: Création | Q28: Militaire sous contrat | R28: P0145 | S28: Particulier | T28: Passant | U28: 44927 | W28: PEF_P_001 ET PEF_P_002 | X28: PEF_P_001 | Y28: =VLOOKUP(X28,'Axe 2 Règles de gestion'!$D$2:$F$40,3, FALSE) -> Rémunération : Le militaire perçoit l'intégralité de sa rémunération. | Z28: PEF_P_002 | AA28: =VLOOKUP(Z28,'Axe 2 Règles de gestion'!$D$2:$F$40,3, FALSE) -> Carrière : La durée de la permission est assimilée à une période de service effectif.
A29: 24.00.00 | B29: A | C29: 45414.672 | D29: D0007 | E29: Congés/Absence | F29: S0171 | G29: Permission liée à des évènements familiaux | H29: E0955 | I29: Permission pour le décès du conjoint du militaire, du partenaire pacsé ou de l'enfant | J29: Le Type de congé/absence est 'Permission pour le décès du conjoint du militaire, du partenaire pacsé ou de l'enfant' | K29: A_COA_TYCOAB [Saisi] = 'CP008' | L29: T2307 | M29: Permission pour le décès du conjoint du militaire, du partenaire pacsé ou de l'enfant - Fin | N29: Modification | Q29: Militaire sous contrat | R29: P0145 | S29: Particulier | T29: Passant | U29: 44927
A30: 24.00.00 | B30: A | C30: 45414.671 | D30: D0007 | E30: Congés/Absence | F30: S0171 | G30: Permission liée à des évènements familiaux | H30: E0955 | I30: Permission pour le décès du conjoint du militaire, du partenaire pacsé ou de l'enfant | J30: Le Type de congé/absence est 'Permission pour le décès du conjoint du militaire, du partenaire pacsé ou de l'enfant' | K30: A_COA_TYCOAB [Saisi] = 'CP008' | L30: T2306 | M30: Permission pour le décès du conjoint du militaire, du partenaire pacsé ou de l'enfant - Demande | N30: Création | Q30: Militaire de réserve | R30: P0146 | S30: Particulier | T30: Passant | U30: 44927 | W30: PEF_P_001 ET PEF_P_002 | X30: PEF_P_001 | Y30: =VLOOKUP(X30,'Axe 2 Règles de gestion'!$D$2:$F$40,3, FALSE) -> Rémunération : Le militaire perçoit l'intégralité de sa rémunération. | Z30: PEF_P_002 | AA30: =VLOOKUP(Z30,'Axe 2 Règles de gestion'!$D$2:$F$40,3, FALSE) -> Carrière : La durée de la permission est assimilée à une période de service effectif.
A31: 24.00.00 | B31: A | C31: 45414.672 | D31: D0007 | E31: Congés/Absence | F31: S0171 | G31: Permission liée à des évènements familiaux | H31: E0955 | I31: Permission pour le décès du conjoint du militaire, du partenaire pacsé ou de l'enfant | J31: Le Type de congé/absence est 'Permission pour le décès du conjoint du militaire, du partenaire pacsé ou de l'enfant' | K31: A_COA_TYCOAB [Saisi] = 'CP008' | L31: T2307 | M31: Permission pour le décès du conjoint du militaire, du partenaire pacsé ou de l'enfant - Fin | N31: Modification | Q31: Militaire de réserve | R31: P0146 | S31: Particulier | T31: Passant | U31: 44927
A32: 24.00.00 | B32: A | C32: 45414.672 | D32: D0007 | E32: Congés/Absence | F32: S0171 | G32: Permission liée à des évènements familiaux | H32: E0955 | I32: Permission pour le décès du conjoint du militaire, du partenaire pacsé ou de l'enfant | J32: Le Type de congé/absence est 'Permission pour le décès du conjoint du militaire, du partenaire pacsé ou de l'enfant' | K32: A_COA_TYCOAB [Saisi] = 'CP008' | L32: T2306 | M32: Permission pour le décès du conjoint du militaire, du partenaire pacsé ou de l'enfant - Demande | N32: Création | Q32: Militaire de carrière | R32: P0189 | S32: Particulier | T32: Passant | U32: 44927 | W32: PEF_P_001 ET PEF_P_002 | X32: PEF_P_001 | Y32: =VLOOKUP(X32,'Axe 2 Règles de gestion'!$D$2:$F$40,3, FALSE) -> Rémunération : Le militaire perçoit l'intégralité de sa rémunération. | Z32: PEF_P_002 | AA32: =VLOOKUP(Z32,'Axe 2 Règles de gestion'!$D$2:$F$40,3, FALSE) -> Carrière : La durée de la permission est assimilée à une période de service effectif.
A33: 24.00.00 | B33: A | C33: 45414.672 | D33: D0007 | E33: Congés/Absence | F33: S0171 | G33: Permission liée à des évènements familiaux | H33: E0955 | I33: Permission pour le décès du conjoint du militaire, du partenaire pacsé ou de l'enfant | J33: Le Type de congé/absence est 'Permission pour le décès du conjoint du militaire, du partenaire pacsé ou de l'enfant' | K33: A_COA_TYCOAB [Saisi] = 'CP008' | L33: T2307 | M33: Permission pour le décès du conjoint du militaire, du partenaire pacsé ou de l'enfant - Fin | N33: Modification | Q33: Militaire de carrière | R33: P0189 | S33: Particulier | T33: Passant | U33: 44927
A34: 25.10.00 | B34: A | C34: 45910.566 | D34: D0007 | E34: Congés/Absence | F34: S0171 | G34: Permission liée à des évènements familiaux | H34: E1020 | I34: Permission pour l'annonce du handicap ou d'une pathologie d'un enfant | J34: Le type de congé/absence est 'Permission pour l'annonce du handicap ou d'une pathologie d'un enfant' | K34: A_COA_TYCOAB [Saisi] = 'CP010' | L34: T2462 | M34: Permission pour l'annonce du handicap ou d'une pathologie d'un enfant - Demande | N34: Création | Q34: Titulaire ou magistrat | R34: P0001 | S34: Général | T34: Exclu | U34: 45807 | AB34: 2025-56
A35: 25.10.00 | B35: A | C35: 45911.627 | D35: D0007 | E35: Congés/Absence | F35: S0171 | G35: Permission liée à des évènements familiaux | H35: E1020 | I35: Permission pour l'annonce du handicap ou d'une pathologie d'un enfant | J35: Le type de congé/absence est 'Permission pour l'annonce du handicap ou d'une pathologie d'un enfant' | K35: A_COA_TYCOAB [Saisi] = 'CP010' | L35: T2463 | M35: Permission pour l'annonce du handicap ou d'une pathologie d'un enfant - Fin | N35: Modification | Q35: Titulaire ou magistrat | R35: P0001 | S35: Général | T35: Exclu | U35: 45807 | AB35: 2025-56
A36: 25.10.00 | B36: A | C36: 45910.566 | D36: D0007 | E36: Congés/Absence | F36: S0171 | G36: Permission liée à des évènements familiaux | H36: E1020 | I36: Permission pour l'annonce du handicap ou d'une pathologie d'un enfant | J36: Le type de congé/absence est 'Permission pour l'annonce du handicap ou d'une pathologie d'un enfant' | K36: A_COA_TYCOAB [Saisi] = 'CP010' | L36: T2462 | M36: Permission pour l'annonce du handicap ou d'une pathologie d'un enfant - Demande | N36: Création | Q36: Militaire | R36: P0002 | S36: Général | T36: Exclu | U36: 45807 | AB36: 2025-56
A37: 25.10.00 | B37: A | C37: 45911.628 | D37: D0007 | E37: Congés/Absence | F37: S0171 | G37: Permission liée à des évènements familiaux | H37: E1020 | I37: Permission pour l'annonce du handicap ou d'une pathologie d'un enfant | J37: Le type de congé/absence est 'Permission pour l'annonce du handicap ou d'une pathologie d'un enfant' | K37: A_COA_TYCOAB [Saisi] = 'CP010' | L37: T2463 | M37: Permission pour l'annonce du handicap ou d'une pathologie d'un enfant - Fin | N37: Modification | Q37: Militaire | R37: P0002 | S37: Général | T37: Exclu | U37: 45807 | AB37: 2025-56
A38: 25.10.00 | B38: A | C38: 45910.566 | D38: D0007 | E38: Congés/Absence | F38: S0171 | G38: Permission liée à des évènements familiaux | H38: E1020 | I38: Permission pour l'annonce du handicap ou d'une pathologie d'un enfant | J38: Le type de congé/absence est 'Permission pour l'annonce du handicap ou d'une pathologie d'un enfant' | K38: A_COA_TYCOAB [Saisi] = 'CP010' | L38: T2462 | M38: Permission pour l'annonce du handicap ou d'une pathologie d'un enfant - Demande | N38: Création | Q38: Contractuel | R38: P0003 | S38: Général | T38: Exclu | U38: 45807 | AB38: 2025-56
A39: 25.10.00 | B39: A | C39: 45911.628 | D39: D0007 | E39: Congés/Absence | F39: S0171 | G39: Permission liée à des évènements familiaux | H39: E1020 | I39: Permission pour l'annonce du handicap ou d'une pathologie d'un enfant | J39: Le type de congé/absence est 'Permission pour l'annonce du handicap ou d'une pathologie d'un enfant' | K39: A_COA_TYCOAB [Saisi] = 'CP010' | L39: T2463 | M39: Permission pour l'annonce du handicap ou d'une pathologie d'un enfant - Fin | N39: Modification | Q39: Contractuel | R39: P0003 | S39: Général | T39: Exclu | U39: 45807 | AB39: 2025-56
A40: 25.10.00 | B40: A | C40: 45910.566 | D40: D0007 | E40: Congés/Absence | F40: S0171 | G40: Permission liée à des évènements familiaux | H40: E1020 | I40: Permission pour l'annonce du handicap ou d'une pathologie d'un enfant | J40: Le type de congé/absence est 'Permission pour l'annonce du handicap ou d'une pathologie d'un enfant' | K40: A_COA_TYCOAB [Saisi] = 'CP010' | L40: T2462 | M40: Permission pour l'annonce du handicap ou d'une pathologie d'un enfant - Demande | N40: Création | Q40: Stagiaire ou auditeur ou élève | R40: P0004 | S40: Général | T40: Exclu | U40: 45807 | AB40: 2025-56
A41: 25.10.00 | B41: A | C41: 45911.628 | D41: D0007 | E41: Congés/Absence | F41: S0171 | G41: Permission liée à des évènements familiaux | H41: E1020 | I41: Permission pour l'annonce du handicap ou d'une pathologie d'un enfant | J41: Le type de congé/absence est 'Permission pour l'annonce du handicap ou d'une pathologie d'un enfant' | K41: A_COA_TYCOAB [Saisi] = 'CP010' | L41: T2463 | M41: Permission pour l'annonce du handicap ou d'une pathologie d'un enfant - Fin | N41: Modification | Q41: Stagiaire ou auditeur ou élève | R41: P0004 | S41: Général | T41: Exclu | U41: 45807 | AB41: 2025-56
A42: 25.10.00 | B42: A | C42: 45910.566 | D42: D0007 | E42: Congés/Absence | F42: S0171 | G42: Permission liée à des évènements familiaux | H42: E1020 | I42: Permission pour l'annonce du handicap ou d'une pathologie d'un enfant | J42: Le type de congé/absence est 'Permission pour l'annonce du handicap ou d'une pathologie d'un enfant' | K42: A_COA_TYCOAB [Saisi] = 'CP010' | L42: T2462 | M42: Permission pour l'annonce du handicap ou d'une pathologie d'un enfant - Demande | N42: Création | Q42: Ouvrier d'état | R42: P0005 | S42: Général | T42: Exclu | U42: 45807 | AB42: 2025-56
A43: 25.10.00 | B43: A | C43: 45911.628 | D43: D0007 | E43: Congés/Absence | F43: S0171 | G43: Permission liée à des évènements familiaux | H43: E1020 | I43: Permission pour l'annonce du handicap ou d'une pathologie d'un enfant | J43: Le type de congé/absence est 'Permission pour l'annonce du handicap ou d'une pathologie d'un enfant' | K43: A_COA_TYCOAB [Saisi] = 'CP010' | L43: T2463 | M43: Permission pour l'annonce du handicap ou d'une pathologie d'un enfant - Fin | N43: Modification | Q43: Ouvrier d'état | R43: P0005 | S43: Général | T43: Exclu | U43: 45807 | AB43: 2025-56
A44: 25.10.00 | B44: A | C44: 45910.579 | D44: D0007 | E44: Congés/Absence | F44: S0171 | G44: Permission liée à des évènements familiaux | H44: E1020 | I44: Permission pour l'annonce du handicap ou d'une pathologie d'un enfant | J44: Le type de congé/absence est 'Permission pour l'annonce du handicap ou d'une pathologie d'un enfant' | K44: A_COA_TYCOAB [Saisi] = 'CP010' | L44: T2462 | M44: Permission pour l'annonce du handicap ou d'une pathologie d'un enfant - Demande | N44: Création | Q44: Militaire sous contrat | R44: P0145 | S44: Particulier | T44: Passant | U44: 45807 | W44: PEF_P_001 ET PEF_P_002 | X44: PEF_P_001 | Y44: =VLOOKUP(X44,'Axe 2 Règles de gestion'!$D$2:$F$40,3, FALSE) -> Rémunération : Le militaire perçoit l'intégralité de sa rémunération. | Z44: PEF_P_002 | AA44: =VLOOKUP(Z44,'Axe 2 Règles de gestion'!$D$2:$F$40,3, FALSE) -> Carrière : La durée de la permission est assimilée à une période de service effectif. | AB44: 2025-56
A45: 25.10.00 | B45: A | C45: 45910.586 | D45: D0007 | E45: Congés/Absence | F45: S0171 | G45: Permission liée à des évènements familiaux | H45: E1020 | I45: Permission pour l'annonce du handicap ou d'une pathologie d'un enfant | J45: Le type de congé/absence est 'Permission pour l'annonce du handicap ou d'une pathologie d'un enfant' | K45: A_COA_TYCOAB [Saisi] = 'CP010' | L45: T2463 | M45: Permission pour l'annonce du handicap ou d'une pathologie d'un enfant - Fin | N45: Modification | Q45: Militaire sous contrat | R45: P0145 | S45: Particulier | T45: Passant | U45: 45807 | AB45: 2025-56
A46: 25.10.00 | B46: A | C46: 45910.581 | D46: D0007 | E46: Congés/Absence | F46: S0171 | G46: Permission liée à des évènements familiaux | H46: E1020 | I46: Permission pour l'annonce du handicap ou d'une pathologie d'un enfant | J46: Le type de congé/absence est 'Permission pour l'annonce du handicap ou d'une pathologie d'un enfant' | K46: A_COA_TYCOAB [Saisi] = 'CP010' | L46: T2462 | M46: Permission pour l'annonce du handicap ou d'une pathologie d'un enfant - Demande | N46: Création | Q46: Militaire de réserve | R46: P0146 | S46: Particulier | T46: Passant | U46: 45807 | W46: PEF_P_001 ET PEF_P_002 | X46: PEF_P_001 | Y46: =VLOOKUP(X46,'Axe 2 Règles de gestion'!$D$2:$F$40,3, FALSE) -> Rémunération : Le militaire perçoit l'intégralité de sa rémunération. | Z46: PEF_P_002 | AA46: =VLOOKUP(Z46,'Axe 2 Règles de gestion'!$D$2:$F$40,3, FALSE) -> Carrière : La durée de la permission est assimilée à une période de service effectif. | AB46: 2025-56
A47: 25.10.00 | B47: A | C47: 45910.587 | D47: D0007 | E47: Congés/Absence | F47: S0171 | G47: Permission liée à des évènements familiaux | H47: E1020 | I47: Permission pour l'annonce du handicap ou d'une pathologie d'un enfant | J47: Le type de congé/absence est 'Permission pour l'annonce du handicap ou d'une pathologie d'un enfant' | K47: A_COA_TYCOAB [Saisi] = 'CP010' | L47: T2463 | M47: Permission pour l'annonce du handicap ou d'une pathologie d'un enfant - Fin | N47: Modification | Q47: Militaire de réserve | R47: P0146 | S47: Particulier | T47: Passant | U47: 45807 | AB47: 2025-56
A48: 25.10.00 | B48: A | C48: 45910.581 | D48: D0007 | E48: Congés/Absence | F48: S0171 | G48: Permission liée à des évènements familiaux | H48: E1020 | I48: Permission pour l'annonce du handicap ou d'une pathologie d'un enfant | J48: Le type de congé/absence est 'Permission pour l'annonce du handicap ou d'une pathologie d'un enfant' | K48: A_COA_TYCOAB [Saisi] = 'CP010' | L48: T2462 | M48: Permission pour l'annonce du handicap ou d'une pathologie d'un enfant - Demande | N48: Création | Q48: Militaire de carrière | R48: P0189 | S48: Particulier | T48: Passant | U48: 45807 | W48: PEF_P_001 ET PEF_P_002 | X48: PEF_P_001 | Y48: =VLOOKUP(X48,'Axe 2 Règles de gestion'!$D$2:$F$40,3, FALSE) -> Rémunération : Le militaire perçoit l'intégralité de sa rémunération. | Z48: PEF_P_002 | AA48: =VLOOKUP(Z48,'Axe 2 Règles de gestion'!$D$2:$F$40,3, FALSE) -> Carrière : La durée de la permission est assimilée à une période de service effectif. | AB48: 2025-56
A49: 25.10.00 | B49: A | C49: 45910.587 | D49: D0007 | E49: Congés/Absence | F49: S0171 | G49: Permission liée à des évènements familiaux | H49: E1020 | I49: Permission pour l'annonce du handicap ou d'une pathologie d'un enfant | J49: Le type de congé/absence est 'Permission pour l'annonce du handicap ou d'une pathologie d'un enfant' | K49: A_COA_TYCOAB [Saisi] = 'CP010' | L49: T2463 | M49: Permission pour l'annonce du handicap ou d'une pathologie d'un enfant - Fin | N49: Modification | Q49: Militaire de carrière | R49: P0189 | S49: Particulier | T49: Passant | U49: 45807 | AB49: 2025-56

Sheet Axe 1 Rattachement des actes
A1: Version | B1: Type de mise à jour | C1: Date de mise à jour | D1: Identifiant Domaine | E1: Libellé du Domaine | F1: Identifiant Sous-domaine | G1: Libellé du Sous-domaine | H1: Identifiant Evénement | I1: Libellé de l'évènement | J1: Libellé condition déclenchement Evènement | K1: Condition déclenchement Evènement | L1: Identifiant type d'évènement | M1: Libellé type d'évènement | N1: Type de mise à jour | O1: Libellé condition déclenchement Type Evènement | P1: Condition déclenchement Type Evènement | Q1: Libellé Population | R1: Codification Population | S1: Général / Particulier | T1: Passant / Exclu | U1: Date de début | V1: Date de fin | W1: Libellé condition de déclenchement 1 | X1: Condition de déclenchement 1 | Y1: Code nature 1 | Z1: Libellé nature 1 | AA1: Libellé condition de déclenchement 2 | AB1: Condition de déclenchement 2 | AC1: Code nature 2 | AD1: Libellé nature 2 | AE1: Libellé condition de déclenchement 3 | AF1: Condition de déclenchement 3 | AG1: Code nature 3 | AH1: Libellé nature 3 | AI1: Libellé condition de déclenchement 4 | AJ1: Condition de déclenchement 4 | AK1: Code nature 4 | AL1: Libellé nature 4 | AM1: Commentaire | AN1: FIME | AO1: Statut de travail
A2: 24.00.00 | B2: A | C2: 45414.664 | D2: D0007 | E2: Congés/Absence | F2: S0171 | G2: Permission liée à des évènements familiaux | H2: E0863 | I2: Permission pour évènements familiaux (mariage, PACS, naissance, adoption, décès d'un parent) | J2: Le Type de congé/absence est 'Permission pour évènements familiaux (mariage, PACS, naissance, adoption, décès d'un parent)' | K2: A_COA_TYCOAB [Saisi] = 'CP007' | L2: T2304 | M2: Permission pour évènements familiaux (mariage, PACS, naissance, adoption, décès d'un parent) - Demande | N2: Création | Q2: Titulaire ou magistrat | R2: P0001 | S2: Général | T2: Exclu | U2: 44927
A3: 24.00.00 | B3: A | C3: 45414.665 | D3: D0007 | E3: Congés/Absence | F3: S0171 | G3: Permission liée à des évènements familiaux | H3: E0863 | I3: Permission pour évènements familiaux (mariage, PACS, naissance, adoption, décès d'un parent) | J3: Le Type de congé/absence est 'Permission pour évènements familiaux (mariage, PACS, naissance, adoption, décès d'un parent)' | K3: A_COA_TYCOAB [Saisi] = 'CP007' | L3: T2305 | M3: Permission pour évènements familiaux (mariage, PACS, naissance, adoption, décès d'un parent) - Fin | N3: Modification | Q3: Titulaire ou magistrat | R3: P0001 | S3: Général | T3: Exclu | U3: 44927
A4: 24.00.00 | B4: A | C4: 45414.665 | D4: D0007 | E4: Congés/Absence | F4: S0171 | G4: Permission liée à des évènements familiaux | H4: E0863 | I4: Permission pour évènements familiaux (mariage, PACS, naissance, adoption, décès d'un parent) | J4: Le Type de congé/absence est 'Permission pour évènements familiaux (mariage, PACS, naissance, adoption, décès d'un parent)' | K4: A_COA_TYCOAB [Saisi] = 'CP007' | L4: T2304 | M4: Permission pour évènements familiaux (mariage, PACS, naissance, adoption, décès d'un parent) - Demande | N4: Création | Q4: Militaire | R4: P0002 | S4: Général | T4: Exclu | U4: 44927
A5: 24.00.00 | B5: A | C5: 45414.665 | D5: D0007 | E5: Congés/Absence | F5: S0171 | G5: Permission liée à des évènements familiaux | H5: E0863 | I5: Permission pour évènements familiaux (mariage, PACS, naissance, adoption, décès d'un parent) | J5: Le Type de congé/absence est 'Permission pour évènements familiaux (mariage, PACS, naissance, adoption, décès d'un parent)' | K5: A_COA_TYCOAB [Saisi] = 'CP007' | L5: T2305 | M5: Permission pour évènements familiaux (mariage, PACS, naissance, adoption, décès d'un parent) - Fin | N5: Modification | Q5: Militaire | R5: P0002 | S5: Général | T5: Exclu | U5: 44927
A6: 24.00.00 | B6: A | C6: 45414.664 | D6: D0007 | E6: Congés/Absence | F6: S0171 | G6: Permission liée à des évènements familiaux | H6: E0863 | I6: Permission pour évènements familiaux (mariage, PACS, naissance, adoption, décès d'un parent) | J6: Le Type de congé/absence est 'Permission pour évènements familiaux (mariage, PACS, naissance, adoption, décès d'un parent)' | K6: A_COA_TYCOAB [Saisi] = 'CP007' | L6: T2304 | M6: Permission pour évènements familiaux (mariage, PACS, naissance, adoption, décès d'un parent) - Demande | N6: Création | Q6: Contractuel | R6: P0003 | S6: Général | T6: Exclu | U6: 44927
A7: 24.00.00 | B7: A | C7: 45414.665 | D7: D0007 | E7: Congés/Absence | F7: S0171 | G7: Permission liée à des évènements familiaux | H7: E0863 | I7: Permission pour évènements familiaux (mariage, PACS, naissance, adoption, décès d'un parent) | J7: Le Type de congé/absence est 'Permission pour évènements familiaux (mariage, PACS, naissance, adoption, décès d'un parent)' | K7: A_COA_TYCOAB [Saisi] = 'CP007' | L7: T2305 | M7: Permission pour évènements familiaux (mariage, PACS, naissance, adoption, décès d'un parent) - Fin | N7: Modification | Q7: Contractuel | R7: P0003 | S7: Général | T7: Exclu | U7: 44927
A8: 24.00.00 | B8: A | C8: 45414.664 | D8: D0007 | E8: Congés/Absence | F8: S0171 | G8: Permission liée à des évènements familiaux | H8: E0863 | I8: Permission pour évènements familiaux (mariage, PACS, naissance, adoption, décès d'un parent) | J8: Le Type de congé/absence est 'Permission pour évènements familiaux (mariage, PACS, naissance, adoption, décès d'un parent)' | K8: A_COA_TYCOAB [Saisi] = 'CP007' | L8: T2304 | M8: Permission pour évènements familiaux (mariage, PACS, naissance, adoption, décès d'un parent) - Demande | N8: Création | Q8: Stagiaire ou auditeur ou élève | R8: P0004 | S8: Général | T8: Exclu | U8: 44927
A9: 24.00.00 | B9: A | C9: 45414.665 | D9: D0007 | E9: Congés/Absence | F9: S0171 | G9: Permission liée à des évènements familiaux | H9: E0863 | I9: Permission pour évènements familiaux (mariage, PACS, naissance, adoption, décès d'un parent) | J9: Le Type de congé/absence est 'Permission pour évènements familiaux (mariage, PACS, naissance, adoption, décès d'un parent)' | K9: A_COA_TYCOAB [Saisi] = 'CP007' | L9: T2305 | M9: Permission pour évènements familiaux (mariage, PACS, naissance, adoption, décès d'un parent) - Fin | N9: Modification | Q9: Stagiaire ou auditeur ou élève | R9: P0004 | S9: Général | T9: Exclu | U9: 44927
A10: 24.00.00 | B10: A | C10: 45414.664 | D10: D0007 | E10: Congés/Absence | F10: S0171 | G10: Permission liée à des évènements familiaux | H10: E0863 | I10: Permission pour évènements familiaux (mariage, PACS, naissance, adoption, décès d'un parent) | J10: Le Type de congé/absence est 'Permission pour évènements familiaux (mariage, PACS, naissance, adoption, décès d'un parent)' | K10: A_COA_TYCOAB [Saisi] = 'CP007' | L10: T2304 | M10: Permission pour évènements familiaux (mariage, PACS, naissance, adoption, décès d'un parent) - Demande | N10: Création | Q10: Ouvrier d'état | R10: P0005 | S10: Général | T10: Exclu | U10: 44927
A11: 24.00.00 | B11: A | C11: 45414.665 | D11: D0007 | E11: Congés/Absence | F11: S0171 | G11: Permission liée à des évènements familiaux | H11: E0863 | I11: Permission pour évènements familiaux (mariage, PACS, naissance, adoption, décès d'un parent) | J11: Le Type de congé/absence est 'Permission pour évènements familiaux (mariage, PACS, naissance, adoption, décès d'un parent)' | K11: A_COA_TYCOAB [Saisi] = 'CP007' | L11: T2305 | M11: Permission pour évènements familiaux (mariage, PACS, naissance, adoption, décès d'un parent) - Fin | N11: Modification | Q11: Ouvrier d'état | R11: P0005 | S11: Général | T11: Exclu | U11: 44927
A12: 24.00.00 | B12: A | C12: 45414.666 | D12: D0007 | E12: Congés/Absence | F12: S0171 | G12: Permission liée à des évènements familiaux | H12: E0863 | I12: Permission pour évènements familiaux (mariage, PACS, naissance, adoption, décès d'un parent) | J12: Le Type de congé/absence est 'Permission pour évènements familiaux (mariage, PACS, naissance, adoption, décès d'un parent)' | K12: A_COA_TYCOAB [Saisi] = 'CP007' | L12: T2304 | M12: Permission pour évènements familiaux (mariage, PACS, naissance, adoption, décès d'un parent) - Demande | N12: Création | Q12: Militaire sous contrat | R12: P0145 | S12: Particulier | T12: Passant | U12: 44927
A13: 24.00.00 | B13: A | C13: 45414.667 | D13: D0007 | E13: Congés/Absence | F13: S0171 | G13: Permission liée à des évènements familiaux | H13: E0863 | I13: Permission pour évènements familiaux (mariage, PACS, naissance, adoption, décès d'un parent) | J13: Le Type de congé/absence est 'Permission pour évènements familiaux (mariage, PACS, naissance, adoption, décès d'un parent)' | K13: A_COA_TYCOAB [Saisi] = 'CP007' | L13: T2305 | M13: Permission pour évènements familiaux (mariage, PACS, naissance, adoption, décès d'un parent) - Fin | N13: Modification | Q13: Militaire sous contrat | R13: P0145 | S13: Particulier | T13: Passant | U13: 44927
... A33: 24.00.00 | B33: A | C33: 45414.672 | D33: D0007 | E33: Congés/Absence | F33: S0171 | G33: Permission liée à des évènements familiaux | H33: E0955 | I33: Permission pour le décès du conjoint du militaire, du partenaire pacsé ou de l'enfant | J33: Le Type de congé/absence est 'Permission pour le décès du conjoint du militaire, du partenaire pacsé ou de l'enfant' | K33: A_COA_TYCOAB [Saisi] = 'CP008' | L33: T2307 | M33: Permission pour le décès du conjoint du militaire, du partenaire pacsé ou de l'enfant - Fin | N33: Modification | Q33: Militaire de carrière | R33: P0189 | S33: Particulier | T33: Passant | U33: 44927
A34: 25.10.00 | B34: A | C34: 45910.566 | D34: D0007 | E34: Congés/Absence | F34: S0171 | G34: Permission liée à des évènements familiaux | H34: E1020 | I34: Permission pour l'annonce du handicap ou d'une pathologie d'un enfant | J34: Le type de congé/absence est 'Permission pour l'annonce du handicap ou d'une pathologie d'un enfant' | K34: A_COA_TYCOAB [Saisi] = 'CP010' | L34: T2462 | M34: Permission pour l'annonce du handicap ou d'une pathologie d'un enfant - Demande | N34: Création | Q34: Titulaire ou magistrat | R34: P0001 | S34: Général | T34: Exclu | U34: 45807 | AE34: 0
A35: 25.10.00 | B35: A | C35: 45911.627 | D35: D0007 | E35: Congés/Absence | F35: S0171 | G35: Permission liée à des évènements familiaux | H35: E1020 | I35: Permission pour l'annonce du handicap ou d'une pathologie d'un enfant | J35: Le type de congé/absence est 'Permission pour l'annonce du handicap ou d'une pathologie d'un enfant' | K35: A_COA_TYCOAB [Saisi] = 'CP010' | L35: T2463 | M35: Permission pour l'annonce du handicap ou d'une pathologie d'un enfant - Fin | N35: Modification | Q35: Titulaire ou magistrat | R35: P0001 | S35: Général | T35: Exclu | U35: 45807
A36: 25.10.00 | B36: A | C36: 45910.566 | D36: D0007 | E36: Congés/Absence | F36: S0171 | G36: Permission liée à des évènements familiaux | H36: E1020 | I36: Permission pour l'annonce du handicap ou d'une pathologie d'un enfant | J36: Le type de congé/absence est 'Permission pour l'annonce du handicap ou d'une pathologie d'un enfant' | K36: A_COA_TYCOAB [Saisi] = 'CP010' | L36: T2462 | M36: Permission pour l'annonce du handicap ou d'une pathologie d'un enfant - Demande | N36: Création | Q36: Militaire | R36: P0002 | S36: Général | T36: Exclu | U36: 45807
A37: 25.10.00 | B37: A | C37: 45911.628 | D37: D0007 | E37: Congés/Absence | F37: S0171 | G37: Permission liée à des évènements familiaux | H37: E1020 | I37: Permission pour l'annonce du handicap ou d'une pathologie d'un enfant | J37: Le type de congé/absence est 'Permission pour l'annonce du handicap ou d'une pathologie d'un enfant' | K37: A_COA_TYCOAB [Saisi] = 'CP010' | L37: T2463 | M37: Permission pour l'annonce du handicap ou d'une pathologie d'un enfant - Fin | N37: Modification | Q37: Militaire | R37: P0002 | S37: Général | T37: Exclu | U37: 45807
A38: 25.10.00 | B38: A | C38: 45910.566 | D38: D0007 | E38: Congés/Absence | F38: S0171 | G38: Permission liée à des évènements familiaux | H38: E1020 | I38: Permission pour l'annonce du handicap ou d'une pathologie d'un enfant | J38: Le type de congé/absence est 'Permission pour l'annonce du handicap ou d'une pathologie d'un enfant' | K38: A_COA_TYCOAB [Saisi] = 'CP010' | L38: T2462 | M38: Permission pour l'annonce du handicap ou d'une pathologie d'un enfant - Demande | N38: Création | Q38: Contractuel | R38: P0003 | S38: Général | T38: Exclu | U38: 45807
A39: 25.10.00 | B39: A | C39: 45911.628 | D39: D0007 | E39: Congés/Absence | F39: S0171 | G39: Permission liée à des évènements familiaux | H39: E1020 | I39: Permission pour l'annonce du handicap ou d'une pathologie d'un enfant | J39: Le type de congé/absence est 'Permission pour l'annonce du handicap ou d'une pathologie d'un enfant' | K39: A_COA_TYCOAB [Saisi] = 'CP010' | L39: T2463 | M39: Permission pour l'annonce du handicap ou d'une pathologie d'un enfant - Fin | N39: Modification | Q39: Contractuel | R39: P0003 | S39: Général | T39: Exclu | U39: 45807
A40: 25.10.00 | B40: A | C40: 45910.566 | D40: D0007 | E40: Congés/Absence | F40: S0171 | G40: Permission liée à des évènements familiaux | H40: E1020 | I40: Permission pour l'annonce du handicap ou d'une pathologie d'un enfant | J40: Le type de congé/absence est 'Permission pour l'annonce du handicap ou d'une pathologie d'un enfant' | K40: A_COA_TYCOAB [Saisi] = 'CP010' | L40: T2462 | M40: Permission pour l'annonce du handicap ou d'une pathologie d'un enfant - Demande | N40: Création | Q40: Stagiaire ou auditeur ou élève | R40: P0004 | S40: Général | T40: Exclu | U40: 45807
A41: 25.10.00 | B41: A | C41: 45911.628 | D41: D0007 | E41: Congés/Absence | F41: S0171 | G41: Permission liée à des évènements familiaux | H41: E1020 | I41: Permission pour l'annonce du handicap ou d'une pathologie d'un enfant | J41: Le type de congé/absence est 'Permission pour l'annonce du handicap ou d'une pathologie d'un enfant' | K41: A_COA_TYCOAB [Saisi] = 'CP010' | L41: T2463 | M41: Permission pour l'annonce du handicap ou d'une pathologie d'un enfant - Fin | N41: Modification | Q41: Stagiaire ou auditeur ou élève | R41: P0004 | S41: Général | T41: Exclu | U41: 45807
A42: 25.10.00 | B42: A | C42: 45910.566 | D42: D0007 | E42: Congés/Absence | F42: S0171 | G42: Permission liée à des évènements familiaux | H42: E1020 | I42: Permission pour l'annonce du handicap ou d'une pathologie d'un enfant | J42: Le type de congé/absence est 'Permission pour l'annonce du handicap ou d'une pathologie d'un enfant' | K42: A_COA_TYCOAB [Saisi] = 'CP010' | L42: T2462 | M42: Permission pour l'annonce du handicap ou d'une pathologie d'un enfant - Demande | N42: Création | Q42: Ouvrier d'état | R42: P0005 | S42: Général | T42: Exclu | U42: 45807
A43: 25.10.00 | B43: A | C43: 45911.628 | D43: D0007 | E43: Congés/Absence | F43: S0171 | G43: Permission liée à des évènements familiaux | H43: E1020 | I43: Permission pour l'annonce du handicap ou d'une pathologie d'un enfant | J43: Le type de congé/absence est 'Permission pour l'annonce du handicap ou d'une pathologie d'un enfant' | K43: A_COA_TYCOAB [Saisi] = 'CP010' | L43: T2463 | M43: Permission pour l'annonce du handicap ou d'une pathologie d'un enfant - Fin | N43: Modification | Q43: Ouvrier d'état | R43: P0005 | S43: Général | T43: Exclu | U43: 45807
A44: 25.10.00 | B44: A | C44: 45910.579 | D44: D0007 | E44: Congés/Absence | F44: S0171 | G44: Permission liée à des évènements familiaux | H44: E1020 | I44: Permission pour l'annonce du handicap ou d'une pathologie d'un enfant | J44: Le type de congé/absence est 'Permission pour l'annonce du handicap ou d'une pathologie d'un enfant' | K44: A_COA_TYCOAB [Saisi] = 'CP010' | L44: T2462 | M44: Permission pour l'annonce du handicap ou d'une pathologie d'un enfant - Demande | N44: Création | Q44: Militaire sous contrat | R44: P0145 | S44: Particulier | T44: Passant | U44: 45807
A45: 25.10.00 | B45: A | C45: 45910.586 | D45: D0007 | E45: Congés/Absence | F45: S0171 | G45: Permission liée à des évènements familiaux | H45: E1020 | I45: Permission pour l'annonce du handicap ou d'une pathologie d'un enfant | J45: Le type de congé/absence est 'Permission pour l'annonce du handicap ou d'une pathologie d'un enfant' | K45: A_COA_TYCOAB [Saisi] = 'CP010' | L45: T2463 | M45: Permission pour l'annonce du handicap ou d'une pathologie d'un enfant - Fin | N45: Modification | Q45: Militaire sous contrat | R45: P0145 | S45: Particulier | T45: Passant | U45: 45807
A46: 25.10.00 | B46: A | C46: 45910.581 | D46: D0007 | E46: Congés/Absence | F46: S0171 | G46: Permission liée à des évènements familiaux | H46: E1020 | I46: Permission pour l'annonce du handicap ou d'une pathologie d'un enfant | J46: Le type de congé/absence est 'Permission pour l'annonce du handicap ou d'une pathologie d'un enfant' | K46: A_COA_TYCOAB [Saisi] = 'CP010' | L46: T2462 | M46: Permission pour l'annonce du handicap ou d'une pathologie d'un enfant - Demande | N46: Création | Q46: Militaire de réserve | R46: P0146 | S46: Particulier | T46: Passant | U46: 45807
... A49: 25.10.00 | B49: A | C49: 45910.587 | D49: D0007 | E49: Congés/Absence | F49: S0171 | G49: Permission liée à des évènements familiaux | H49: E1020 | I49: Permission pour l'annonce du handicap ou d'une pathologie d'un enfant | J49: Le type de congé/absence est 'Permission pour l'annonce du handicap ou d'une pathologie d'un enfant' | K49: A_COA_TYCOAB [Saisi] = 'CP010' | L49: T2463 | M49: Permission pour l'annonce du handicap ou d'une pathologie d'un enfant - Fin | N49: Modification | Q49: Militaire de carrière | R49: P0189 | S49: Particulier | T49: Passant | U49: 45807

Sheet Axe 2 Règles de gestion
A1: Version | B1: Type de mise à jour | C1: Date de mise à jour | D1: Code de la règle | E1: Type de règle | F1: Règle littérale | G1: Références juridiques | H1: Date de début | I1: Date de fin | J1: Condition | K1: Articulation | L1: Type de contrôle | M1: Commentaire | N1: Typage RG condition | O1: Typage RG contrôle | P1: Typage RG intellectuel | Q1: Typage RG impact | R1: FIME | S1: Statut de travail | T1: Règle retenue | U1: Expression littérale
A2: 24.00.00 | B2: A | C2: 45414.637 | D2: PEF_D_001 | E2: Condition | F2: Le militaire est en activité. | G2: Code de la défense L4138-2 | R4138-16 | L4111-2 | H2: 44927 | K2: A_POS_POSIAD [Occurrence précédente] = POSITION_SITUATION.R_FOR_IDEN05 ET (POSITION_SITUATION.R_REL_PSSAG2 DANS ('ACI','HCA','MAD','DEL','MDE','MLD') OU POSITION_SITUATION.R_REL_PSSAG1 DANS ('DEE00', 'DES00')) | L2: Bloquant | N2: P0145 / P0146 / P0189 - E0863 / E0955 / E1020 - Demande / Fin | T2: x | U2: Le militaire est en activité.
A3: 24.00.00 | B3: A | C3: 45414.639 | D3: PEF_D_003 | E3: Condition | F3: La durée prévisionnelle de la permission est de 3 jours ouvrés. | G3: Code de la défense R4138-26 | L4111-2 | H3: 44927 | J3: SI A_COA_DAFIPR [Saisi] <> Vide ET A_COA_DFRECA [Saisi] = Vide | K3: A_COA_DAFIPR [Saisi] - A_COA_DADBCA [Saisi] <= 3 OUVRE | L3: Bloquant | M3: Les jours ouvrés doivent être considérés comme des jours travaillés. | N3: P0189 / P0145 / P0146 - E0863 - Demande / Fin | T3: x | U3: La durée de la permission est de 3 jours.
A4: 24.00.00 | B4: A | C4: 45414.639 | D4: PEF_D_004 | E4: Condition | F4: La durée réelle de la permission est de 3 jours ouvrés. | G4: Code de la défense R4138-26 | L4111-2 | H4: 44927 | J4: SI A_COA_DFRECA [Saisi] <> Vide | K4: A_COA_DFRECA [Saisi] - A_COA_DADBCA [Saisi] <= 3 OUVRE | L4: Bloquant | M4: Les jours ouvrés doivent être considérés comme des jours travaillés. | N4: P0189 / P0145 / P0146 - E0863 - Demande / Fin
A5: 24.00.00 | B5: A | C5: 45414.641 | D5: PEF_D_007 | E5: Condition | F5: La durée prévisionnelle de la permission est de 5 jours ouvrés. | G5: Code de la défense R4138-26-1 | L4111-2 | H5: 44927 | J5: SI A_COA_DAFIPR [Saisi] <> Vide ET A_COA_DFRECA [Saisi] = Vide | K5: A_COA_DAFIPR [Saisi] - A_COA_DADBCA [Saisi] <= 5 OUVRE | L5: Non Bloquant | M5: Les jours ouvrés doivent être considérés comme des jours travaillés. Ce contrôle est non bloquant car dans certains cas la durée de la permission peut atteindre les 15 jours. | N5: P0145 / P0146 / P0189 - E0955 - Demande / Fin
A6: 24.00.00 | B6: A | C6: 45414.642 | D6: PEF_D_008 | E6: Condition | F6: La durée réelle de la permission est de 5 jours ouvrés. | G6: Code de la défense R4138-26-1 | L4111-2 | H6: 44927 | J6: SI A_COA_DFRECA [Saisi] <> Vide | K6: A_COA_DFRECA [Saisi] - A_COA_DADBCA [Saisi] <= 5 OUVRE | L6: Non Bloquant | M6: Les jours ouvrés doivent être considérés comme des jours travaillés. Ce contrôle est non bloquant car dans certains cas la durée de la permission peut atteindre les 15 jours. | N6: P0189 / P0145 / P0146 - E0955 - Demande / Fin
A7: 24.00.00 | B7: A | C7: 45414.644 | D7: PEF_D_011 | E7: Condition | F7: La date de fin réelle de la permission doit être antérieure ou égale à la date limite de fin réelle ou prévisionnelle du lien juridique. Le militaire ne voit pas son contrat prorogé jusqu'à la date de fin de la permission. | G7: Code de la défense L4138-2 | L4111-2 | H7: 44927 | J7: SI A_CAR_TYPCOT [Dossier] = 'TC01' ET A_COA_DFRECA [Saisi] <> Vide | K7: A_COA_DFRECA [Saisi] <= [Date limite de fin réelle ou prévisionnelle du lien juridique] | L7: Bloquant | N7: P0145 / P0146 - E1020 / E0863 / E0955 - Demande / Fin | T7: x | U7: Le militaire ne voit pas son contrat prorogé jusqu'à la date d'expiration de sa permission.
A8: 24.00.00 | B8: A | C8: 45414.644 | D8: PEF_D_012 | E8: Condition | F8: La date de fin prévisionnelle de la permission doit être antérieure ou égale à la date limite de fin réelle ou prévisionnelle du lien juridique. Le militaire ne voit pas son contrat prorogé jusqu'à la date de fin de la permission. | G8: Code de la défense L4138-2 | L4111-2 | H8: 44927 | J8: SI A_CAR_TYPCOT [Dossier] = 'TC01' ET A_COA_DFRECA [Saisi] = Vide ET A_COA_DAFIPR [Saisi] <> Vide | K8: A_COA_DAFIPR [Saisi] <= [Date limite de fin réelle ou prévisionnelle du lien juridique] | L8: Bloquant | N8: P0146 / P0145 - E0863 / E0955 / E1020 - Demande / Fin
A9: 24.00.00 | B9: A | C9: 45414.646 | D9: PEF_D_016 | E9: Condition | F9: La durée cumulée des deux périodes de permission ne peut pas dépasser les 15 jours ouvrés. | G9: Code de la défense R4138-26-1 | L4111-2 | H9: 44927 | K9: A_COA_TYPCOF [Saisi] = 'CP008' ET A_COA_DTOCOF [Saisi] <= 00/00/15 OUVRE | L9: Bloquant | N9: P0145 / P0146 / P0189 - E0955 - Demande / Fin
A10: 25.10.00 | B10: A | C10: 45910.576 | D10: PEF_D_017 | E10: Condition | F10: La durée prévisionnelle de la permission est de 5 jours ouvrés. | G10: Code de la défense R4138-26 | H10: 45807 | J10: SI A_COA_DAFIPR [Saisi] <> Vide ET A_COA_DFRECA [Saisi] = Vide | K10: A_COA_DAFIPR [Saisi] - A_COA_DADBCA [Saisi] <= 5 OUVRE | L10: Bloquant | N10: P0145 / P0146 / P0189 - E1020 - Demande / Fin | R10: 2025-56 | T10: x | U10: La permission est accordée pour une durée de 5 jours.
A11: 25.10.00 | B11: A | C11: 45911.615 | D11: PEF_D_018 | E11: Condition | F11: La durée réelle de la permission est de 5 jours ouvrés. | G11: Code de la défense R4138-26 | H11: 45807 | J11: SI A_COA_DFRECA [Saisi] <> Vide | K11: A_COA_DFRECA [Saisi] - A_COA_DADBCA [Saisi] <= 5 OUVRE | L11: Bloquant | N11: P0145 / P0146 / P0189 - E1020 - Demande / Fin | R11: 2025-56
A12: 17.10.00 | B12: A | C12: 43152.5 | D12: ABS_C_001 | E12: Contrôle | F12: La date de début du congé/absence doit être postérieure ou égale à la date de recrutement dans la FPE ou dans la carrière militaire. | H12: 40725 | K12: A_COA_DADBCA [Saisi] >= A_SAP_DENFPE [Dossier] | L12: Bloquant
A13: 17.10.00 | B13: A | C13: 43152.5 | D13: ABS_C_003 | E13: Contrôle | F13: La date de début du congé/absence doit être antérieure ou égale à la date de fin réelle du congé/absence. | H13: 40725 | J13: SI A_COA_DFRECA [Saisi] <> Vide | K13: A_COA_DADBCA [Saisi] <= A_COA_DFRECA [Saisi] | L13: Bloquant
A14: 17.10.00 | B14: A | C14: 43152.5 | D14: ABS_C_004 | E14: Contrôle | F14: La date de début du congé/absence doit être antérieure ou égale à la date de fin prévisionnelle du congé/absence. | H14: 40725 | J14: SI A_COA_DAFIPR [Saisi] <> Vide ET A_COA_DFRECA [Saisi] = Vide | K14: A_COA_DADBCA [Saisi] <= A_COA_DAFIPR [Saisi] | L14: Bloquant
A15: 17.10.00 | B15: A | C15: 43152.5 | D15: ABS_C_007 | E15: Contrôle | F15: La date de fin réelle du congé/absence doit être antérieure à la date limite de départ à la retraite. | H15: 40725 | J15: SI A_COA_DFRECA [Saisi] <> Vide | K15: A_COA_DFRECA [Saisi] < A_SAP_DLDPRE [Dossier] | L15: Non Bloquant
A16: 17.10.00 | B16: A | C16: 43152.5 | D16: ABS_C_008 | E16: Contrôle | F16: La date de fin prévisionnelle du congé/absence doit être antérieure à la date limite de départ à la retraite. | H16: 40725 | J16: SI A_COA_DAFIPR [Saisi] <> Vide ET A_COA_DFRECA [Saisi] = Vide | K16: A_COA_DAFIPR [Saisi] < A_SAP_DLDPRE [Dossier] | L16: Non Bloquant
A17: 17.10.00 | B17: A | C17: 43152.5 | D17: ABS_C_009 | E17: Contrôle | F17: La date de fin réelle ou la date de fin prévisionnelle du congé/absence doit être saisie. | H17: 40725 | K17: A_COA_DAFIPR [Saisi] <> Vide OU A_COA_DFRECA [Saisi] <> Vide | L17: Bloquant
A18: 17.10.00 | B18: A | C18: 44932.469 | D18: ABS_C_019 | E18: Contrôle | F18: Si l'absence ne commence pas par une demi-journée et si l'absence précédente ne finit pas par une demi journée, la date de début de l'absence saisie est postérieure à la date de fin réelle de l'absence précédente. | H18: 40725 | J18: SI A_COA_TDAMPM [Saisi] = Vide ET A_COA_TFAMPM [Occurrence précédente] = Vide ET A_COA_DFRECA [Occurrence précédente] <> Vide | K18: A_COA_DADBCA [Saisi] > A_COA_DFRECA [Occurrence précédente] | L18: Bloquant | M18: On peut avoir deux absences le même jour une le matin et l'autre l'après-midi
A19: 17.10.00 | B19: A | C19: 44932.471 | D19: ABS_C_020 | E19: Contrôle | F19: Si l'absence ne commence pas par une demi-journée et si l'absence précédente ne finit pas par une demi journée, la date de début de l'absence saisie est postérieure à la date de fin prévisionnelle de l'absence précédente. | H19: 40725 | J19: SI A_COA_TDAMPM [Saisi] = Vide ET A_COA_TFAMPM [Occurrence précédente] = Vide ET A_COA_DAFIPR [Occurrence précédente] <> Vide ET A_COA_DFRECA [Occurrence précédente] = Vide | K19: A_COA_DADBCA [Saisi] > A_COA_DAFIPR [Occurrence précédente] | L19: Bloquant | M19: On peut avoir deux absences le même jour une le matin et l'autre l'après-midi
A20: 19.00.00 | B20: M | C20: 43669.657 | D20: ABS_C_026 | E20: Contrôle | F20: Dans le cas d'un congé autre que CLM, CLD, CGM et CITIS, l'indicateur de requalification doit être à non et les impacts spécifiques à la requalification ne doivent pas être mobilisés ou l'impact rémunération est vide. | H20: 40725 | K20: A_COA_CMOREQ [Saisi] = 0 ET ((A_COA_IMPPAY [Saisi] = IMPACT_REMU.R_FOR_IDEN04 ET IMPACT_REMU.R_FOR_REQUAL = '0') OU A_COA_IMPPAY [Saisi] = Vide) | L20: Bloquant
A21: 21.00.00 | B21: A | C21: 44369.656 | D21: ABS_C_045 | E21: Contrôle | F21: Pour les militaires sous contrat à durée déterminée, la date de début du congé/absence doit être postérieure ou égale à la date de début du lien juridique. | H21: 40725 | J21: SI A_CAR_TYPCOT [Dossier] = 'TC01 | K21: A_COA_DADBCA [Saisi] >= A_CAR_DDLIJU [Dossier] | L21: Bloquant
A22: 24.00.00 | B22: A | C22: 45414.651 | D22: PEF_I_001 | E22: Intellectuel | F22: La permission est accordée à l'occasion du mariage du militaire ou de la conclusion d'un pacte civil de solidarité par ce dernier. | G22: Code de la défense R4138-26 | L4111-2 | H22: 44927 | L22: Non Bloquant | P22: P0189 / P0145 / P0146 - E0863 - Demande | T22: x | U22: La permission est accordée à l'occasion du mariage du militaire ou de la conclusion d'un pacte civil de solidarité par ce dernier.
A23: 24.00.00 | B23: A | C23: 45414.651 | D23: PEF_I_002 | E23: Intellectuel | F23: Lorsque la permission est prise à l'occasion de de l'arrivée d'un enfant placé en vue de son adoption, les jours sont pris de manière continue ou fractionnée. | G23: Code de la défense R4138-26 | L4111-2 | H23: 44927 | L23: Non Bloquant | P23: P0189 / P0145 / P0146 - E0863 - Demande | T23: x | U23: Lorsque la permission est prise à l'occasion de de l'arrivée d'un enfant placé en vue de son adoption, les jours sont pris de manière continue ou fractionnée.
A24: 24.00.00 | B24: A | C24: 45414.651 | D24: PEF_I_003 | E24: Intellectuel | F24: La permission est accordée à l'occasion de l'arrivée dans le foyer du militaire d'un enfant placé en vue de son adoption. | G24: Code de la défense R4138-26 | L4111-2 | H24: 44927 | L24: Non Bloquant | P24: P0189 / P0145 / P0146 - E0863 - Demande | T24: x | U24: La permission est accordée à l'occasion de l'arrivée dans le foyer du militaire d'un enfant placé en vue de son adoption.
A25: 24.00.00 | B25: A | C25: 45414.652 | D25: PEF_I_004 | E25: Intellectuel | F25: La permission est accordée à l'occasion du mariage d'un enfant du militaire. | G25: Code de la défense R4138-26 | L4111-2 | H25: 44927 | L25: Non Bloquant | P25: P0189 / P0145 / P0146 - E0863 - Demande | T25: x | U25: La permission est accordée à l'occasion du mariage d'un enfant du militaire.
A26: 24.00.00 | B26: A | C26: 45414.653 | D26: PEF_I_005 | E26: Intellectuel | F26: La permission est accordée à l'occasion du décès d'un parent du militaire, lorsqu'il s'agit des grands-parents, parents, beaux-parents, frère ou sœur. | G26: Code de la défense R4138-26 | L4111-2 | H26: 44927 | L26: Non Bloquant | P26: P0189 / P0145 / P0146 - E0863 - Demande | T26: x | U26: La permission est accordée à l'occasion du décès d'un parent du militaire, lorsqu'il s'agit des grands-parents, parents, beaux-parents, frère ou sœur.
A27: 24.00.00 | B27: A | C27: 45414.653 | D27: PEF_I_011 | E27: Intellectuel | F27: La permission est accordée à l'occasion de la naissance d'un enfant du militaire ou de l'accueil d'un enfant par le militaire. | G27: Code de la défense R4138-26 | L4111-2 | H27: 44927 | L27: Non Bloquant | P27: P0189 / P0145 / P0146 - E0863 - Demande | T27: x | U27: La permission est accordée à l'occasion de la naissance d'un enfant du militaire ou de l'accueil d'un enfant par le militaire.
A28: 24.00.00 | B28: A | C28: 45414.654 | D28: PEF_I_013 | E28: Intellectuel | F28: La permission peut être prise, au choix du militaire, à compter du jour de l'arrivée de l'enfant adopté au sein du foyer ou au cours de la période de 7 jours consécutifs précédant son arrivée. | G28: Code de la défense R4138-26 | L4111-2 | H28: 44927 | L28: Non Bloquant | P28: P0145 / P0146 / P0189 - E0863 - Demande | T28: x | U28: La permission peut être prise, au choix du militaire, à compter du jour de l'arrivée de l'enfant adopté au sein du foyer ou au cours de la période de 7 jours consécutifs précédant son arrivée.
A29: 24.00.00 | B29: A | C29: 45414.656 | D29: PEF_I_015 | E29: Intellectuel | F29: Le militaire doit exercer une activité au titre d'un engagement à servir dans la réserve opérationnelle ou au titre de la disponibilité. | G29: Code de la défense L4111-2 | H29: 44927 | L29: Non Bloquant | P29: P0146 - E0863 / E0955 / E1020 - Demande | T29: x | U29: Le militaire doit exercer une activité au titre d'un engagement à servir dans la réserve opérationnelle ou au titre de la disponibilité.
A30: 24.00.00 | B30: A | C30: 45414.656 | D30: PEF_I_017 | E30: Intellectuel | F30: Une permission de 5 jours est accordée pour le décès du conjoint du militaire, du partenaire auquel celui-ci est lié par un PACS ou du concubin. | G30: Code de la défense R4138-26-1 | L4111-2 | H30: 44927 | L30: Non Bloquant | P30: P0145 / P0146 / P0189 - E0955 - Demande | T30: x | U30: Une permission de 5 jours est accordée pour le décès du conjoint du militaire, du partenaire auquel celui-ci est lié par un PACS ou du concubin.
A31: 24.00.00 | B31: A | C31: 45414.657 | D31: PEF_I_019 | E31: Intellectuel | F31: Une permission de 5 jours est accordée pour le décès de l'enfant du militaire. | G31: Code de la défense R4138-26-1 | L4111-2 | H31: 44927 | L31: Non Bloquant | P31: P0145 / P0146 / P0189 - E0955 - Demande | T31: x | U31: Une permission de 5 jours est accordée pour le décès de l'enfant du militaire.
A32: 24.00.00 | B32: A | C32: 45414.659 | D32: PEF_I_020 | E32: Intellectuel | F32: En cas de participation à des opérations militaires, la permission est accordée par le commandant de la formation administrative ou l'autorité équivalente, dans les conditions fixées par le ministre de la défense. | G32: Code de la défense R4138-18 | L4111-2 | H32: 44927 | L32: Non Bloquant | P32: P0189 / P0145 / P0146 - E0955 / E1020 / E0863 - Demande | T32: x | U32: En cas de participation à des opérations militaires, la permission est accordée par le commandant de la formation administrative ou l'autorité équivalente, dans les conditions fixées par le ministre de la défense.
A33: 24.00.00 | B33: A | C33: 45414.659 | D33: PEF_I_022 | E33: Intellectuel | F33: Le militaire en permission peut être rappelé immédiatement lorsque les circonstances l'exigent. | G33: Code de la défense L4138-5 | L4111-2 | H33: 44927 | L33: Non Bloquant | P33: P0145 / P0146 / P0189 - E0863 / E0955 / E1020 - Fin | T33: x | U33: Le militaire en permission peut être rappelé immédiatement lorsque les circonstances l'exigent.
A34: 24.00.00 | B34: A | C34: 45419.479 | D34: PEF_I_024 | E34: Intellectuel | F34: Le militaire bénéficie dans les mêmes conditions d'une seconde permission de 8 jours. Elle peut être fractionnée en 2 périodes. Chaque période est d'une durée au moins égale à 1 journée. Elle est prise dans un délai d'1 an à compter du décès. | G34: Code de la défense R4138-26-1 | L4111-2 | H34: 44927 | L34: Non Bloquant | M34: Les règles de gestion PEF_I_028 et PEF_I_024 sont liées. En effet, les termes "dans les mêmes conditions" renvoient à la règle de gestion PEF_I_0028. | P34: P0145 / P0146 / P0189 - E0955 - Demande | T34: x | U34: Le militaire bénéficie dans les mêmes conditions d'une seconde permission de 8 jours. Elle peut être fractionnée en 2 périodes. Chaque période est d'une durée au moins égale à 1 journée. Elle est prise dans un délai d'1 an à compter du décès.
A35: 24.00.00 | B35: A | C35: 45414.661 | D35: PEF_I_028 | E35: Intellectuel | F35: La durée de la permission est portée à 7 jours lorsque l'enfant qui décède est âgé de moins de 25 ans ou en cas de décès d'une personne âgée de moins de 25 ans dont le militaire a la charge effective et permanente. | G35: Code de la défense R4138-26-1 | L4111-2 | H35: 44927 | L35: Non Bloquant | P35: P0145 / P0146 / P0189 - E0955 - Demande | T35: x | U35: La durée de la permission est portée à 7 jours lorsque l'enfant qui décède est âgé de moins de 25 ans ou en cas de décès d'une personne âgée de moins de 25 ans dont le militaire a la charge effective et permanente.
A36: 25.10.00 | B36: A | C36: 45910.572 | D36: PEF_I_029 | E36: Intellectuel | F36: La permission est accordée à l'occasion de l'annonce de la survenue d'un handicap, d'une pathologie chronique nécessitant un apprentissage thérapeutique ou d'une affection cancéreuse chez l'enfant du militaire. | G36: Code de la défense R4138-26 | H36: 45807 | L36: Non Bloquant | P36: P0145 / P0146 / P0189 - E1020 - Demande | R36: 2025-56 | T36: x | U36: La permission est accordée à l'occasion de l'annonce de la survenue d'un handicap, d'une pathologie chronique nécessitant un apprentissage thérapeutique ou d'une affection cancéreuse chez l'enfant du militaire.
A37: 25.10.00 | B37: A | C37: 45910.574 | D37: PEF_I_030 | E37: Intellectuel | F37: L'enfant doit être à la charge du militaire. | G37: Code général des impôts A196 / Code de la défense R4138-26 | H37: 45807 | L37: Non Bloquant | P37: P0145 / P0146 / P0189 - E1020 - Demande | R37: 2025-56 | T37: x | U37: L'enfant doit être à la charge du militaire.
A38: 25.10.00 | B38: A | C38: 45910.575 | D38: PEF_I_031 | E38: Intellectuel | F38: L'enfant souffre d'une pathologie chronique. | G38: Code du travail D3142-1-2 / Code de la défense R4138-26 | H38: 45807 | L38: Non Bloquant | P38: P0145 / P0146 / P0189 - E1020 - Demande | R38: 2025-56 | T38: x | U38: L'enfant souffre d'une pathologie chronique.
A39: 24.00.00 | B39: A | C39: 45414.648 | D39: PEF_P_001 | E39: Impact | F39: Rémunération : Le militaire perçoit l'intégralité de sa rémunération. | G39: Code de la défense L4138-2 | L4111-2 | H39: 44927 | L39: Non Bloquant | Q39: P0145 / P0146 / P0189 - E0863 / E0955 / E1020 - Demande | T39: x | U39: Rémunération : Le militaire perçoit l'intégralité de sa rémunération.
A40: 24.00.00 | B40: A | C40: 45414.649 | D40: PEF_P_002 | E40: Impact | F40: Carrière : La durée de la permission est assimilée à une période de service effectif. | G40: Code de la défense L4138-2 | L4111-2 | H40: 44927 | L40: Non Bloquant | Q40: P0189 / P0145 / P0146 - E1020 / E0863 / E0955 - Demande | T40: x | U40: Carrière : La durée de la permission est assimilée à une période de service effectif.
