Workbook
Name date_DIADC: 'Mode opératoire'!#REF!
Name notice_DIADC: 'Mode opératoire'!#REF!
Name notice_ENCHN: 'Mode opératoire'!$B$1:$B$4
Name notice_ICA: 'Mode opératoire'!#REF!

Sheet Mode opératoire
B1: MODE OPERATOIRE
B2: La transaction s'effectue au niveau de la rubrique "Congés/Absence", elle inclut l'ensemble des sous-rubriques listées ci-dessous : - Congés/Absence - Complément pour congé / absence : impact rémunération - Compteurs de périodes de congés On notera que : La sous-rubrique "Complément pour congé / absence : impact rémunération" est réputée, suite au découpage des absences en tranche de rémunération, avoir des dates de début et de fin alignées sur les dates de début et de fin de la sous-rubrique"Congés/absences" (contrôle bloquant)

Sheet Axe 1 Enchainement des RG
A1: Version | B1: Type de mise à jour | C1: Date de mise à jour | D1: Identifiant Domaine | E1: Libellé du Domaine | F1: Identifiant Sous-domaine | G1: Libellé du Sous-domaine | H1: Identifiant Evénement | I1: Libellé de l'évènement | J1: Libellé condition déclenchement Evènement | K1: Condition déclenchement Evènement | L1: Identifiant type d'évènement | M1: Libellé type d'évènement | N1: Type de mise à jour | O1: Libellé condition déclenchement Type Evènement | P1: Condition déclenchement Type Evènement | Q1: Libellé Population | R1: Codification Population | S1: Typologie de population | T1: Général / Particulier | U1: Passant / Exclu | V1: Date de début | W1: Date de fin | X1: Règles mobilisées | Y1: Identifiant Règle de contrôle intellectuel 1 | Z1: Libellé Règle de contrôle intellectuel 1 | AA1: Identifiant Règle de contrôle intellectuel 2 | AB1: Libellé Règle de contrôle intellectuel 2 | AC1: Identifiant Règle de contrôle intellectuel 3 | AD1: Libellé Règle de contrôle intellectuel 3 | AE1: Identifiant Règle de contrôle intellectuel 4 | AF1: Libellé Règle de contrôle intellectuel 4 | AG1: Identifiant Règle de contrôle intellectuel 5 | AH1: Libellé Règle de contrôle intellectuel 5 | AI1: Identifiant Règle de contrôle intellectuel 6 | AJ1: Libellé Règle de contrôle intellectuel 6 | AK1: Identifiant Règle de contrôle intellectuel 7 | AL1: Libellé Règle de contrôle intellectuel 7 | AM1: Identifiant Règle de contrôle intellectuel 8 | AN1: Libellé Règle de contrôle intellectuel 8 | AO1: Identifiant Règle de contrôle intellectuel 9 | AP1: Libellé Règle de contrôle intellectuel 9 | AQ1: Identifiant Règle de contrôle intellectuel 10 | AR1: Libellé Règle de contrôle intellectuel 10 | AS1: Identifiant Règle de contrôle intellectuel 11 | AT1: Libellé Règle de contrôle intellectuel 11 | AU1: Identifiant Règle de contrôle intellectuel 12 | AV1: Libellé Règle de contrôle intellectuel 12 | AW1: Identifiant Règle de contrôle intellectuel 13 | AX1: Libellé Règle de contrôle intellectuel 13 | AY1: Identifiant Règle de contrôle intellectuel 14 | AZ1: Libellé Règle de contrôle intellectuel 14 | BA1: Identifiant Règle de contrôle intellectuel 15 | BB1: Libellé Règle de contrôle intellectuel 15 | BC1: Identifiant Règle de contrôle intellectuel 16 | BD1: Libellé Règle de contrôle intellectuel 16 | BE1: Identifiant Règle de condition 1 | BF1: Libellé Règle de condition 1 | BG1: Identifiant Règle de condition 2 | BH1: Libellé Règle de condition 2 | BI1: Identifiant Règle de condition 3 | BJ1: Libellé Règle de condition 3 | BK1: Identifiant Règle de condition 4 | BL1: Libellé Règle de condition 4 | BM1: Identifiant Règle de condition 5 | BN1: Libellé Règle de condition 5 | BO1: Identifiant Règle de condition 6 | BP1: Libellé Règle de condition 6 | BQ1: Identifiant Règle de condition 7 | BR1: Libellé Règle de condition 7 | BS1: Identifiant Règle de condition 8 | BT1: Libellé Règle de condition 8 | BU1: Identifiant Règle de condition 9 | BV1: Libellé Règle de condition 9 | BW1: Identifiant Règle de contrôle 1 | BX1: Libellé Règle de contrôle 1 | BY1: Identifiant Règle de contrôle 2 | BZ1: Libellé Règle de contrôle 2 | CA1: Identifiant Règle de contrôle 3 | CB1: Libellé Règle de contrôle 3 | CC1: Identifiant Règle de contrôle 4 | CD1: Libellé Règle de contrôle 4 | CE1: Identifiant Règle de contrôle 5 | CF1: Libellé Règle de contrôle 5 | CG1: Identifiant Règle de contrôle 6 | CH1: Libellé Règle de contrôle 6 | CI1: Identifiant Règle de contrôle 7 | CJ1: Libellé Règle de contrôle 7 | CK1: Identifiant Règle de contrôle 8 | CL1: Libellé Règle de contrôle 8 | CM1: Identifiant Règle de contrôle 9 | CN1: Libellé Règle de contrôle 9 | CO1: Identifiant Règle de contrôle 10 | CP1: Libellé Règle de contrôle 10 | CQ1: Identifiant Règle de contrôle 11 | CR1: Libellé Règle de contrôle 11 | CS1: Identifiant Règle de contrôle 12 | CT1: Libellé Règle de contrôle 12 | CU1: Identifiant Règle de contrôle 13 | CV1: Libellé Règle de contrôle 13 | CW1: Identifiant Règle de contrôle 14 | CX1: Libellé Règle de contrôle 14 | CY1: Identifiant Règle de contrôle 15 | CZ1: Libellé Règle de contrôle 15 | DA1: Identifiant Règle de contrôle 16 | DB1: Libellé Règle de contrôle 16 | DC1: Identifiant Règle de contrôle 17 | DD1: Libellé Règle de contrôle 17 | DE1: Identifiant Règle de contrôle 18 | DF1: Libellé Règle de contrôle 18 | DG1: Identifiant Règle de contrôle 19 | DH1: Libellé Règle de contrôle 19 | DI1: Identifiant Règle de contrôle 20 | DJ1: Libellé Règle de contrôle 20 | DK1: Identifiant Règle de contrôle 21 | DL1: Libellé Règle de contrôle 21 | DM1: Identifiant Règle de contrôle 22 | DN1: Libellé Règle de contrôle 22 | DO1: Identifiant Règle de contrôle 23 | DP1: Libellé Règle de contrôle 23 | DQ1: FIME | DR1: Statut de travail
A2: 17.10.00 | B2: A | C2: 43152.5 | D2: D0007 | E2: Congés/Absence | F2: S0056 | G2: Congé de grave maladie | H2: E0477 | I2: Congé de grave maladie | J2: Type de congé/absence saisi = "Congé de grave maladie" | K2: A_COA_TYCOAB [Saisi] = 'CM300' | L2: T1163 | M2: Congé de grave maladie - Initial | N2: Création Modification | O2: La valeur de l'Etat du congé est égale à 'initial' et la valeur de l'Etat du congé saisie est différente de celle avant saisie | P2: A_COA_ETCOMA [Saisi] = 'EC01' ET A_COA_ETCOMA [Saisi] <> A_COA_ETCOMA [Valeur avant saisie] | Q2: Titulaire ou magistrat | R2: P0001 | S2: T | T2: Général | U2: Exclu | V2: 40725
A3: 17.10.00 | B3: A | C3: 43152.5 | D3: D0007 | E3: Congés/Absence | F3: S0056 | G3: Congé de grave maladie | H3: E0477 | I3: Congé de grave maladie | J3: Type de congé/absence saisi = "Congé de grave maladie" | K3: A_COA_TYCOAB [Saisi] = 'CM300' | L3: T1164 | M3: Congé de grave maladie - Prolongation | N3: Création Modification | O3: La valeur de l'Etat du congé est égale à 'Renouvellement' et la valeur de l'Etat du congé saisie est différente de celle avant saisie | P3: A_COA_ETCOMA [Saisi] = 'EC02' ET A_COA_ETCOMA [Saisi] <> A_COA_ETCOMA [Valeur avant saisie] | Q3: Titulaire ou magistrat | R3: P0001 | S3: T | T3: Général | U3: Exclu | V3: 40725
A4: 17.10.00 | B4: A | C4: 43152.5 | D4: D0007 | E4: Congés/Absence | F4: S0056 | G4: Congé de grave maladie | H4: E0477 | I4: Congé de grave maladie | J4: Type de congé/absence saisi = "Congé de grave maladie" | K4: A_COA_TYCOAB [Saisi] = 'CM300' | L4: T1165 | M4: Congé de grave maladie - Fin | N4: Modification | O4: La valeur de l'Etat du congé saisie est égale à celle avant saisie | P4: A_COA_ETCOMA [Saisi] = A_COA_ETCOMA [Valeur avant saisie] | Q4: Titulaire ou magistrat | R4: P0001 | S4: T | T4: Général | U4: Exclu | V4: 40725
A5: 17.10.00 | B5: A | C5: 43152.5 | D5: D0007 | E5: Congés/Absence | F5: S0056 | G5: Congé de grave maladie | H5: E0477 | I5: Congé de grave maladie | J5: Type de congé/absence saisi = "Congé de grave maladie" | K5: A_COA_TYCOAB [Saisi] = 'CM300' | L5: T1163 | M5: Congé de grave maladie - Initial | N5: Création Modification | O5: La valeur de l'Etat du congé est égale à 'initial' et la valeur de l'Etat du congé saisie est différente de celle avant saisie | P5: A_COA_ETCOMA [Saisi] = 'EC01' ET A_COA_ETCOMA [Saisi] <> A_COA_ETCOMA [Valeur avant saisie] | Q5: Militaire | R5: P0002 | S5: M | T5: Général | U5: Exclu | V5: 40725
A6: 17.10.00 | B6: A | C6: 43152.5 | D6: D0007 | E6: Congés/Absence | F6: S0056 | G6: Congé de grave maladie | H6: E0477 | I6: Congé de grave maladie | J6: Type de congé/absence saisi = "Congé de grave maladie" | K6: A_COA_TYCOAB [Saisi] = 'CM300' | L6: T1164 | M6: Congé de grave maladie - Prolongation | N6: Création Modification | O6: La valeur de l'Etat du congé est égale à 'Renouvellement' et la valeur de l'Etat du congé saisie est différente de celle avant saisie | P6: A_COA_ETCOMA [Saisi] = 'EC02' ET A_COA_ETCOMA [Saisi] <> A_COA_ETCOMA [Valeur avant saisie] | Q6: Militaire | R6: P0002 | S6: M | T6: Général | U6: Exclu | V6: 40725
A7: 17.10.00 | B7: A | C7: 43152.5 | D7: D0007 | E7: Congés/Absence | F7: S0056 | G7: Congé de grave maladie | H7: E0477 | I7: Congé de grave maladie | J7: Type de congé/absence saisi = "Congé de grave maladie" | K7: A_COA_TYCOAB [Saisi] = 'CM300' | L7: T1165 | M7: Congé de grave maladie - Fin | N7: Modification | O7: La valeur de l'Etat du congé saisie est égale à celle avant saisie | P7: A_COA_ETCOMA [Saisi] = A_COA_ETCOMA [Valeur avant saisie] | Q7: Militaire | R7: P0002 | S7: M | T7: Général | U7: Exclu | V7: 40725
A8: 22.00.00 | B8: M | C8: 45520.824 | D8: D0007 | E8: Congés/Absence | F8: S0056 | G8: Congé de grave maladie | H8: E0477 | I8: Congé de grave maladie | J8: Type de congé/absence saisi = "Congé de grave maladie" | K8: A_COA_TYCOAB [Saisi] = 'CM300' | L8: T1163 | M8: Congé de grave maladie - Initial | N8: Création Modification | O8: La valeur de l'Etat du congé est égale à 'initial' et la valeur de l'Etat du congé saisie est différente de celle avant saisie | P8: A_COA_ETCOMA [Saisi] = 'EC01' ET A_COA_ETCOMA [Saisi] <> A_COA_ETCOMA [Valeur avant saisie] | Q8: Contractuel | R8: P0003 | S8: N | T8: Général | U8: Passant | V8: 40725 | W8: 44633 | X8: CGM_I_057 ET CGM_I_045 ET CGM_I_025 ET CGM_I_065 ET CGM_I_069 ET CGM_I_097 ET CGM_I_077 ET CGM_I_021 ET CGM_I_029 ET CGM_I_041 ET CGM_I_061 ET CGM_I_109 ET CGM_I_037 ET CGM_I_073 ET CGM_D_007 ET CGM_D_008 ET CGM_D_002 ET CGM_D_009 ET CGM_D_003 ET CGM_D_042 ET CGM_D_045 ET ABS_C_002 ET ABS_C_003 ET ABS_C_004 ET ABS_C_005 ET ABS_C_006 ET ABS_C_007 ET ABS_C_008 ET ABS_C_009 ET ABS_C_015 ET ABS_C_016 ET ABS_C_018 ET ABS_C_019 ET ABS_C_020 ET ABS_C_023 ET ABS_C_024 ET ABS_C_025 | Y8: CGM_I_057 | Z8: =VLOOKUP(Y8,'Axe 2 Règles de gestion'!$D$2:$F$225,3, FALSE) -> Le bénéfice d'un congé de grave maladie demandé pour une affection qui n'est pas inscrite sur la liste indicative de maladies peut être accordé après l'avis du comité médical compétent. | AA8: CGM_I_045 | AB8: =VLOOKUP(AA8,'Axe 2 Règles de gestion'!$D$2:$F$225,3, FALSE) -> L'agent ou son représentant légal doit adresser à son chef de service une demande. | AC8: CGM_I_025 | AD8: =VLOOKUP(AC8,'Axe 2 Règles de gestion'!$D$2:$F$225,3, FALSE) -> La demande doit être appuyée d'un certificat du médecin traitant spécifiant que l'agent est susceptible de bénéficier d'un congé de grave maladie. | AE8: CGM_I_065 | AF8: =VLOOKUP(AE8,'Axe 2 Règles de gestion'!$D$2:$F$225,3, FALSE) -> Le congé peut être octroyé d'office au vu d'une attestation médicale ou d'un rapport des supérieurs hiérarchiques. | AG8: CGM_I_069 | AH8: =VLOOKUP(AG8,'Axe 2 Règles de gestion'!$D$2:$F$225,3, FALSE) -> Le dossier doit être appuyé d'un rapport du médecin de prévention. | AI8: CGM_I_097 | AJ8: =VLOOKUP(AI8,'Axe 2 Règles de gestion'!$D$2:$F$225,3, FALSE) -> Si le chef de service est à l'origine de l'examen médical de l'agent, le rapport écrit du médecin doit figurer au dossier soumis au comité médical. | AK8: CGM_I_077 | AL8: =VLOOKUP(AK8,'Axe 2 Règles de gestion'!$D$2:$F$225,3, FALSE) -> Le secrétaire du comité médical fait procéder à la contre-visite du demandeur par un médecin agréé. | AM8: CGM_I_021 | AN8: =VLOOKUP(AM8,'Axe 2 Règles de gestion'!$D$2:$F$225,3, FALSE) -> En cas de contestation par l'administration ou l'agent de la décision du comité médical, ce dernier est soumis au comité médical supérieur. | AO8: CGM_I_029 | AP8: =VLOOKUP(AO8,'Axe 2 Règles de gestion'!$D$2:$F$225,3, FALSE) -> La durée du congé est fixée sur la proposition du comité médical. | AQ8: CGM_I_041 | AR8: =VLOOKUP(AQ8,'Axe 2 Règles de gestion'!$D$2:$F$225,3, FALSE) -> L'agent est tenu de notifier ses changements de résidence successifs au chef de service chargé de la gestion du personnel de l'administration dont il dépend. | AS8: CGM_I_061 | AT8: =VLOOKUP(AS8,'Axe 2 Règles de gestion'!$D$2:$F$225,3, FALSE) -> Le chef de service s'assure par les contrôles appropriés que l'agent n'exerce pas pendant son congé d'activité interdite. | AU8: CGM_I_109 | AV8: =VLOOKUP(AU8,'Axe 2 Règles de gestion'!$D$2:$F$225,3, FALSE) -> Un contrôle pourra être effectué à tout moment par un médecin agréé de l'administration. Si les conclusions du médecin agréé donnent lieu à contestation, le comité médical peut être saisi. | AW8: CGM_I_037 | AX8: =VLOOKUP(AW8,'Axe 2 Règles de gestion'!$D$2:$F$225,3, FALSE) -> L'agent doit se soumettre, sous le contrôle du médecin agréé, et s'il y a lieu, du comité médical compétent, aux prescriptions et aux visites de contrôles que son état comporte. | AY8: CGM_I_073 | AZ8: =VLOOKUP(AY8,'Axe 2 Règles de gestion'!$D$2:$F$225,3, FALSE) -> Le refus répété et sans motif valable de se soumettre aux visites de contrôle peut entraîner, après mise en demeure de l'agent, la perte du bénéfice du congé. | BE8: CGM_D_007 | BF8: =VLOOKUP(BE8,'Axe 2 Règles de gestion'!$D$2:$F$225,3, FALSE) -> Le CGM peut être accordé pour chaque période pour une durée maximale de 6 mois. | BG8: CGM_D_008 | BH8: =VLOOKUP(BG8,'Axe 2 Règles de gestion'!$D$2:$F$225,3, FALSE) -> La durée du CGM est de 3 ans maximum. Pour certaines pathologies, le CGM peut être accordé de manière fractionnée : les droits aux 3 ans de congé sont alors appréciés sur une période de référence de 4 ans. | BI8: CGM_D_002 | BJ8: =VLOOKUP(BI8,'Axe 2 Règles de gestion'!$D$2:$F$225,3, FALSE) -> L'agent doit être en activité. | BK8: CGM_D_009 | BL8: =VLOOKUP(BK8,'Axe 2 Règles de gestion'!$D$2:$F$225,3, FALSE) -> L'agent qui a obtenu un congé de grave maladie pour une affection non liée à un accident de service ou maladie professionnelle ne peut bénéficier d'un autre congé de cette nature, s'il n'a pas auparavant repris l'exercice de ses fonctions pendant un an. | BM8: CGM_D_003 | BN8: =VLOOKUP(BM8,'Axe 2 Règles de gestion'!$D$2:$F$225,3, FALSE) -> L'agent doit compter au moins 3 ans de services. | BO8: CGM_D_042 | BP8: =VLOOKUP(BO8,'Axe 2 Règles de gestion'!$D$2:$F$225,3, FALSE) -> La 1ère année est rémunérée à plein traitement. | BQ8: CGM_D_045 | BR8: =VLOOKUP(BQ8,'Axe 2 Règles de gestion'!$D$2:$F$225,3, FALSE) -> Les 2ème et 3ème années sont rémunérées à demi-traitement. | BW8: ABS_C_002 | BX8: =VLOOKUP(BW8,'Axe 2 Règles de gestion'!$D$2:$F$225,3, FALSE) -> La date de début du congé/absence doit être postérieure ou égale à la date de début du lien juridique. | BY8: ABS_C_003 | BZ8: =VLOOKUP(BY8,'Axe 2 Règles de gestion'!$D$2:$F$225,3, FALSE) -> La date de début du congé/absence doit être antérieure ou égale à la date de fin réelle du congé/absence. | CA8: ABS_C_004 | CB8: =VLOOKUP(CA8,'Axe 2 Règles de gestion'!$D$2:$F$225,3, FALSE) -> La date de début du congé/absence doit être antérieure ou égale à la date de fin prévisionnelle du congé/absence. | CC8: ABS_C_005 | CD8: =VLOOKUP(CC8,'Axe 2 Règles de gestion'!$D$2:$F$225,3, FALSE) -> La date de fin réelle du congé/absence doit être antérieure ou égale à la date limite de fin réelle ou prévisionnelle du lien juridique. | CE8: ABS_C_006 | CF8: =VLOOKUP(CE8,'Axe 2 Règles de gestion'!$D$2:$F$225,3, FALSE) -> La date de fin prévisionnelle du congé/absence doit être antérieure ou égale à la date limite de fin réelle ou prévisionnelle du lien juridique. | CG8: ABS_C_007 | CH8: =VLOOKUP(CG8,'Axe 2 Règles de gestion'!$D$2:$F$225,3, FALSE) -> La date de fin réelle du congé/absence doit être antérieure à la date limite de départ à la retraite. | CI8: ABS_C_008 | CJ8: =VLOOKUP(CI8,'Axe 2 Règles de gestion'!$D$2:$F$225,3, FALSE) -> La date de fin prévisionnelle du congé/absence doit être antérieure à la date limite de départ à la retraite. | CK8: ABS_C_009 | CL8: =VLOOKUP(CK8,'Axe 2 Règles de gestion'!$D$2:$F$225,3, FALSE) -> La date de fin réelle ou la date de fin prévisionnelle du congé/absence doit être saisie. | CM8: ABS_C_015 | CN8: =VLOOKUP(CM8,'Axe 2 Règles de gestion'!$D$2:$F$225,3, FALSE) -> Pour chaque période d'absence découpée, la date de début d'impact rémunération doit être égale à la date de début du congé/absence. | CO8: ABS_C_016 | CP8: =VLOOKUP(CO8,'Axe 2 Règles de gestion'!$D$2:$F$225,3, FALSE) -> Pour chaque période d'absence découpée, la date de fin d'impact rémunération doit être égale à la date de fin prévisionnelle du congé/absence. | CQ8: ABS_C_018 | CR8: =VLOOKUP(CQ8,'Axe 2 Règles de gestion'!$D$2:$F$225,3, FALSE) -> Pour chaque période d'absence découpée, la date de fin d'impact rémunération doit être égale à la date de fin réelle du congé/absence. | CS8: ABS_C_019 | CT8: =VLOOKUP(CS8,'Axe 2 Règles de gestion'!$D$2:$F$225,3, FALSE) -> Si l'absence ne commence pas par une demi-journée et si l'absence précédente ne finit pas par une demi journée, la date de début de l'absence saisie est postérieure à la date de fin réelle de l'absence précédente. | CU8: ABS_C_020 | CV8: =VLOOKUP(CU8,'Axe 2 Règles de gestion'!$D$2:$F$225,3, FALSE) -> Si l'absence ne commence pas par une demi-journée et si l'absence précédente ne finit pas par une demi journée, la date de début de l'absence saisie est postérieure à la date de fin prévisionnelle de l'absence précédente. | CW8: ABS_C_023 | CX8: =VLOOKUP(CW8,'Axe 2 Règles de gestion'!$D$2:$F$225,3, FALSE) -> L'état du congé est renseigné. | CY8: ABS_C_024 | CZ8: =VLOOKUP(CY8,'Axe 2 Règles de gestion'!$D$2:$F$225,3, FALSE) -> Si le CMO est requalifié en CLM/CLD/CGM/CITIS alors l'impact rémunération saisi doit être un impact spécifique à la requalification. | DA8: ABS_C_025 | DB8: =VLOOKUP(DA8,'Axe 2 Règles de gestion'!$D$2:$F$225,3, FALSE) -> Si le congé/absence n'est pas issu d'une requalification d'un CMO ou d'un CITIS, alors l'impact rémunération saisi ne doit pas être un impact spécifique à la requalification.
A9: 24.10.00 | B9: M | C9: 45520.824 | D9: D0007 | E9: Congés/Absence | F9: S0056 | G9: Congé de grave maladie | H9: E0477 | I9: Congé de grave maladie | J9: Type de congé/absence saisi = "Congé de grave maladie" | K9: A_COA_TYCOAB [Saisi] = 'CM300' | L9: T1163 | M9: Congé de grave maladie - Initial | N9: Création Modification | O9: La valeur de l'Etat du congé est égale à 'initial' et la valeur de l'Etat du congé saisie est différente de celle avant saisie | P9: A_COA_ETCOMA [Saisi] = 'EC01' ET A_COA_ETCOMA [Saisi] <> A_COA_ETCOMA [Valeur avant saisie] | Q9: Contractuel | R9: P0003 | S9: N | T9: Général | U9: Passant | V9: 44634 | W9: 45535 | X9: CGM_I_174 ET CGM_I_195 ET CGM_I_105 ET CGM_I_199 ET CGM_I_178 ET CGM_I_182 ET CGM_I_207 ET CGM_I_213 ET CGM_I_129 ET CGM_I_165 ET CGM_I_073 ET CGM_D_007 ET CGM_D_008 ET CGM_D_002 ET CGM_D_009 ET CGM_D_003 ET CGM_D_042 ET CGM_D_045 ET ABS_C_002 ET ABS_C_003 ET ABS_C_004 ET ABS_C_005 ET ABS_C_006 ET ABS_C_007 ET ABS_C_008 ET ABS_C_009 ET ABS_C_015 ET ABS_C_016 ET ABS_C_018 ET ABS_C_019 ET ABS_C_020 ET ABS_C_023 ET ABS_C_024 ET ABS_C_025 | Y9: CGM_I_174 | Z9: =VLOOKUP(Y9,'Axe 2 Règles de gestion'!$D$2:$F$225,3, FALSE) -> Le bénéfice d'un congé de grave maladie demandé pour une affection qui n'est pas inscrite sur la liste indicative de maladies peut être accordé après l'avis du conseil médical compétent. | AA9: CGM_I_195 | AB9: =VLOOKUP(AA9,'Axe 2 Règles de gestion'!$D$2:$F$225,3, FALSE) -> L'agent doit adresser à son chef de service une demande appuyée d'un certificat d'un médecin. | AC9: CGM_I_105 | AD9: =VLOOKUP(AC9,'Axe 2 Règles de gestion'!$D$2:$F$225,3, FALSE) -> L'avis du conseil médical doit être rendu. | AE9: CGM_I_199 | AF9: =VLOOKUP(AE9,'Axe 2 Règles de gestion'!$D$2:$F$225,3, FALSE) -> Le médecin adresse au président du conseil médical un résumé de ses observations et toute pièce justifiant la situation de l'agent. | AG9: CGM_I_178 | AH9: =VLOOKUP(AG9,'Axe 2 Règles de gestion'!$D$2:$F$225,3, FALSE) -> Le congé peut être octroyé d'office au vu d'une attestation médicale ou d'un rapport des supérieurs hiérarchiques. Le chef de service saisit alors le conseil médical. | AI9: CGM_I_182 | AJ9: =VLOOKUP(AI9,'Axe 2 Règles de gestion'!$D$2:$F$225,3, FALSE) -> Si le chef de service saisit le conseil médical, il informe de cette saisine le médecin du travail qui transmet un rapport au conseil médical. | AK9: CGM_I_207 | AL9: =VLOOKUP(AK9,'Axe 2 Règles de gestion'!$D$2:$F$225,3, FALSE) -> Un contrôle pourra être effectué à tout moment par un médecin agréé de l'administration. | AM9: CGM_I_213 | AN9: =VLOOKUP(AM9,'Axe 2 Règles de gestion'!$D$2:$F$225,3, FALSE) -> L'avis d'un conseil médical rendu en formation restreinte peut être contesté devant le conseil médical supérieur par l'administration ou l'agent dans le délai de deux mois à compter de sa notification. | AO9: CGM_I_129 | AP9: =VLOOKUP(AO9,'Axe 2 Règles de gestion'!$D$2:$F$225,3, FALSE) -> L'agent informe l'administration de tout changement de domicile et, sauf en cas d'hospitalisation, de toute absence du domicile supérieure à deux semaines. Il informe l'administration de ses dates et lieux de séjour. | AQ9: CGM_I_165 | AR9: =VLOOKUP(AQ9,'Axe 2 Règles de gestion'!$D$2:$F$225,3, FALSE) -> L'agent doit se soumettre aux visites de contrôle prescrites par le médecin agréé ou le conseil médical. | AS9: CGM_I_073 | AT9: =VLOOKUP(AS9,'Axe 2 Règles de gestion'!$D$2:$F$225,3, FALSE) -> Le refus répété et sans motif valable de se soumettre aux visites de contrôle peut entraîner, après mise en demeure de l'agent, la perte du bénéfice du congé. | BE9: CGM_D_007 | BF9: =VLOOKUP(BE9,'Axe 2 Règles de gestion'!$D$2:$F$225,3, FALSE) -> Le CGM peut être accordé pour chaque période pour une durée maximale de 6 mois. | BG9: CGM_D_008 | BH9: =VLOOKUP(BG9,'Axe 2 Règles de gestion'!$D$2:$F$225,3, FALSE) -> La durée du CGM est de 3 ans maximum. Pour certaines pathologies, le CGM peut être accordé de manière fractionnée : les droits aux 3 ans de congé sont alors appréciés sur une période de référence de 4 ans. | BI9: CGM_D_002 | BJ9: =VLOOKUP(BI9,'Axe 2 Règles de gestion'!$D$2:$F$225,3, FALSE) -> L'agent doit être en activité. | BK9: CGM_D_009 | BL9: =VLOOKUP(BK9,'Axe 2 Règles de gestion'!$D$2:$F$225,3, FALSE) -> L'agent qui a obtenu un congé de grave maladie pour une affection non liée à un accident de service ou maladie professionnelle ne peut bénéficier d'un autre congé de cette nature, s'il n'a pas auparavant repris l'exercice de ses fonctions pendant un an. | BM9: CGM_D_003 | BN9: =VLOOKUP(BM9,'Axe 2 Règles de gestion'!$D$2:$F$225,3, FALSE) -> L'agent doit compter au moins 3 ans de services. | BO9: CGM_D_042 | BP9: =VLOOKUP(BO9,'Axe 2 Règles de gestion'!$D$2:$F$225,3, FALSE) -> La 1ère année est rémunérée à plein traitement. | BQ9: CGM_D_045 | BR9: =VLOOKUP(BQ9,'Axe 2 Règles de gestion'!$D$2:$F$225,3, FALSE) -> Les 2ème et 3ème années sont rémunérées à demi-traitement. | BW9: ABS_C_002 | BX9: =VLOOKUP(BW9,'Axe 2 Règles de gestion'!$D$2:$F$225,3, FALSE) -> La date de début du congé/absence doit être postérieure ou égale à la date de début du lien juridique. | BY9: ABS_C_003 | BZ9: =VLOOKUP(BY9,'Axe 2 Règles de gestion'!$D$2:$F$225,3, FALSE) -> La date de début du congé/absence doit être antérieure ou égale à la date de fin réelle du congé/absence. | CA9: ABS_C_004 | CB9: =VLOOKUP(CA9,'Axe 2 Règles de gestion'!$D$2:$F$225,3, FALSE) -> La date de début du congé/absence doit être antérieure ou égale à la date de fin prévisionnelle du congé/absence. | CC9: ABS_C_005 | CD9: =VLOOKUP(CC9,'Axe 2 Règles de gestion'!$D$2:$F$225,3, FALSE) -> La date de fin réelle du congé/absence doit être antérieure ou égale à la date limite de fin réelle ou prévisionnelle du lien juridique. | CE9: ABS_C_006 | CF9: =VLOOKUP(CE9,'Axe 2 Règles de gestion'!$D$2:$F$225,3, FALSE) -> La date de fin prévisionnelle du congé/absence doit être antérieure ou égale à la date limite de fin réelle ou prévisionnelle du lien juridique. | CG9: ABS_C_007 | CH9: =VLOOKUP(CG9,'Axe 2 Règles de gestion'!$D$2:$F$225,3, FALSE) -> La date de fin réelle du congé/absence doit être antérieure à la date limite de départ à la retraite. | CI9: ABS_C_008 | CJ9: =VLOOKUP(CI9,'Axe 2 Règles de gestion'!$D$2:$F$225,3, FALSE) -> La date de fin prévisionnelle du congé/absence doit être antérieure à la date limite de départ à la retraite. | CK9: ABS_C_009 | CL9: =VLOOKUP(CK9,'Axe 2 Règles de gestion'!$D$2:$F$225,3, FALSE) -> La date de fin réelle ou la date de fin prévisionnelle du congé/absence doit être saisie. | CM9: ABS_C_015 | CN9: =VLOOKUP(CM9,'Axe 2 Règles de gestion'!$D$2:$F$225,3, FALSE) -> Pour chaque période d'absence découpée, la date de début d'impact rémunération doit être égale à la date de début du congé/absence. | CO9: ABS_C_016 | CP9: =VLOOKUP(CO9,'Axe 2 Règles de gestion'!$D$2:$F$225,3, FALSE) -> Pour chaque période d'absence découpée, la date de fin d'impact rémunération doit être égale à la date de fin prévisionnelle du congé/absence. | CQ9: ABS_C_018 | CR9: =VLOOKUP(CQ9,'Axe 2 Règles de gestion'!$D$2:$F$225,3, FALSE) -> Pour chaque période d'absence découpée, la date de fin d'impact rémunération doit être égale à la date de fin réelle du congé/absence. | CS9: ABS_C_019 | CT9: =VLOOKUP(CS9,'Axe 2 Règles de gestion'!$D$2:$F$225,3, FALSE) -> Si l'absence ne commence pas par une demi-journée et si l'absence précédente ne finit pas par une demi journée, la date de début de l'absence saisie est postérieure à la date de fin réelle de l'absence précédente. | CU9: ABS_C_020 | CV9: =VLOOKUP(CU9,'Axe 2 Règles de gestion'!$D$2:$F$225,3, FALSE) -> Si l'absence ne commence pas par une demi-journée et si l'absence précédente ne finit pas par une demi journée, la date de début de l'absence saisie est postérieure à la date de fin prévisionnelle de l'absence précédente. | CW9: ABS_C_023 | CX9: =VLOOKUP(CW9,'Axe 2 Règles de gestion'!$D$2:$F$225,3, FALSE) -> L'état du congé est renseigné. | CY9: ABS_C_024 | CZ9: =VLOOKUP(CY9,'Axe 2 Règles de gestion'!$D$2:$F$225,3, FALSE) -> Si le CMO est requalifié en CLM/CLD/CGM/CITIS alors l'impact rémunération saisi doit être un impact spécifique à la requalification. | DA9: ABS_C_025 | DB9: =VLOOKUP(DA9,'Axe 2 Règles de gestion'!$D$2:$F$225,3, FALSE) -> Si le congé/absence n'est pas issu d'une requalification d'un CMO ou d'un CITIS, alors l'impact rémunération saisi ne doit pas être un impact spécifique à la requalification.
A10: 25.10.00 | B10: M | C10: 45922.467 | D10: D0007 | E10: Congés/Absence | F10: S0056 | G10: Congé de grave maladie | H10: E0477 | I10: Congé de grave maladie | J10: Type de congé/absence saisi = "Congé de grave maladie" | K10: A_COA_TYCOAB [Saisi] = 'CM300' | L10: T1163 | M10: Congé de grave maladie - Initial | N10: Création Modification | O10: La valeur de l'Etat du congé est égale à 'initial' et la valeur de l'Etat du congé saisie est différente de celle avant saisie | P10: A_COA_ETCOMA [Saisi] = 'EC01' ET A_COA_ETCOMA [Saisi] <> A_COA_ETCOMA [Valeur avant saisie] | Q10: Contractuel | R10: P0003 | S10: N | T10: Général | U10: Passant | V10: 45536 | X10: CGM_I_174 ET CGM_I_195 ET CGM_I_105 ET CGM_I_199 ET CGM_I_178 ET CGM_I_182 ET CGM_I_207 ET CGM_I_213 ET CGM_I_129 ET CGM_I_165 ET CGM_I_073 ET CGM_D_007 ET CGM_D_008 ET CGM_D_009 ET CGM_D_004 ET CGM_D_005 ET CGM_D_006 ET CGM_D_002 ET ABS_C_002 ET ABS_C_003 ET ABS_C_004 ET ABS_C_005 ET ABS_C_006 ET ABS_C_007 ET ABS_C_008 ET ABS_C_009 ET ABS_C_015 ET ABS_C_016 ET ABS_C_018 ET ABS_C_019 ET ABS_C_020 ET ABS_C_023 ET ABS_C_024 ET ABS_C_025 ET ABS_C_011 | Y10: CGM_I_174 | Z10: =VLOOKUP(Y10,'Axe 2 Règles de gestion'!$D$2:$F$225,3, FALSE) -> Le bénéfice d'un congé de grave maladie demandé pour une affection qui n'est pas inscrite sur la liste indicative de maladies peut être accordé après l'avis du conseil médical compétent. | AA10: CGM_I_195 | AB10: =VLOOKUP(AA10,'Axe 2 Règles de gestion'!$D$2:$F$225,3, FALSE) -> L'agent doit adresser à son chef de service une demande appuyée d'un certificat d'un médecin. | AC10: CGM_I_105 | AD10: =VLOOKUP(AC10,'Axe 2 Règles de gestion'!$D$2:$F$225,3, FALSE) -> L'avis du conseil médical doit être rendu. | AE10: CGM_I_199 | AF10: =VLOOKUP(AE10,'Axe 2 Règles de gestion'!$D$2:$F$225,3, FALSE) -> Le médecin adresse au président du conseil médical un résumé de ses observations et toute pièce justifiant la situation de l'agent. | AG10: CGM_I_178 | AH10: =VLOOKUP(AG10,'Axe 2 Règles de gestion'!$D$2:$F$225,3, FALSE) -> Le congé peut être octroyé d'office au vu d'une attestation médicale ou d'un rapport des supérieurs hiérarchiques. Le chef de service saisit alors le conseil médical. | AI10: CGM_I_182 | AJ10: =VLOOKUP(AI10,'Axe 2 Règles de gestion'!$D$2:$F$225,3, FALSE) -> Si le chef de service saisit le conseil médical, il informe de cette saisine le médecin du travail qui transmet un rapport au conseil médical. | AK10: CGM_I_207 | AL10: =VLOOKUP(AK10,'Axe 2 Règles de gestion'!$D$2:$F$225,3, FALSE) -> Un contrôle pourra être effectué à tout moment par un médecin agréé de l'administration. | AM10: CGM_I_213 | AN10: =VLOOKUP(AM10,'Axe 2 Règles de gestion'!$D$2:$F$225,3, FALSE) -> L'avis d'un conseil médical rendu en formation restreinte peut être contesté devant le conseil médical supérieur par l'administration ou l'agent dans le délai de deux mois à compter de sa notification. | AO10: CGM_I_129 | AP10: =VLOOKUP(AO10,'Axe 2 Règles de gestion'!$D$2:$F$225,3, FALSE) -> L'agent informe l'administration de tout changement de domicile et, sauf en cas d'hospitalisation, de toute absence du domicile supérieure à deux semaines. Il informe l'administration de ses dates et lieux de séjour. | AQ10: CGM_I_165 | AR10: =VLOOKUP(AQ10,'Axe 2 Règles de gestion'!$D$2:$F$225,3, FALSE) -> L'agent doit se soumettre aux visites de contrôle prescrites par le médecin agréé ou le conseil médical. | AS10: CGM_I_073 | AT10: =VLOOKUP(AS10,'Axe 2 Règles de gestion'!$D$2:$F$225,3, FALSE) -> Le refus répété et sans motif valable de se soumettre aux visites de contrôle peut entraîner, après mise en demeure de l'agent, la perte du bénéfice du congé. | BE10: CGM_D_007 | BF10: =VLOOKUP(BE10,'Axe 2 Règles de gestion'!$D$2:$F$225,3, FALSE) -> Le CGM peut être accordé pour chaque période pour une durée maximale de 6 mois. | BG10: CGM_D_008 | BH10: =VLOOKUP(BG10,'Axe 2 Règles de gestion'!$D$2:$F$225,3, FALSE) -> La durée du CGM est de 3 ans maximum. Pour certaines pathologies, le CGM peut être accordé de manière fractionnée : les droits aux 3 ans de congé sont alors appréciés sur une période de référence de 4 ans. | BI10: CGM_D_009 | BJ10: =VLOOKUP(BI10,'Axe 2 Règles de gestion'!$D$2:$F$225,3, FALSE) -> L'agent qui a obtenu un congé de grave maladie pour une affection non liée à un accident de service ou maladie professionnelle ne peut bénéficier d'un autre congé de cette nature, s'il n'a pas auparavant repris l'exercice de ses fonctions pendant un an. | BK10: CGM_D_004 | BL10: =VLOOKUP(BK10,'Axe 2 Règles de gestion'!$D$2:$F$225,3, FALSE) -> L'agent doit compter au moins 4 mois de services effectués en qualité d'agent public pour le compte des personnes publiques mentionnées à l'article L. 2 du code général de la fonction publique. | BM10: CGM_D_005 | BN10: =VLOOKUP(BM10,'Axe 2 Règles de gestion'!$D$2:$F$225,3, FALSE) -> La première année du congé de grave maladie est rémunérée à plein traitement. | BO10: CGM_D_006 | BP10: =VLOOKUP(BO10,'Axe 2 Règles de gestion'!$D$2:$F$225,3, FALSE) -> La deuxième et la troisième années du congé de grave maladie sont rémunérées à 60% du traitement. | BQ10: CGM_D_002 | BR10: =VLOOKUP(BQ10,'Axe 2 Règles de gestion'!$D$2:$F$225,3, FALSE) -> L'agent doit être en activité. | BW10: ABS_C_002 | BX10: =VLOOKUP(BW10,'Axe 2 Règles de gestion'!$D$2:$F$225,3, FALSE) -> La date de début du congé/absence doit être postérieure ou égale à la date de début du lien juridique. | BY10: ABS_C_003 | BZ10: =VLOOKUP(BY10,'Axe 2 Règles de gestion'!$D$2:$F$225,3, FALSE) -> La date de début du congé/absence doit être antérieure ou égale à la date de fin réelle du congé/absence. | CA10: ABS_C_004 | CB10: =VLOOKUP(CA10,'Axe 2 Règles de gestion'!$D$2:$F$225,3, FALSE) -> La date de début du congé/absence doit être antérieure ou égale à la date de fin prévisionnelle du congé/absence. | CC10: ABS_C_005 | CD10: =VLOOKUP(CC10,'Axe 2 Règles de gestion'!$D$2:$F$225,3, FALSE) -> La date de fin réelle du congé/absence doit être antérieure ou égale à la date limite de fin réelle ou prévisionnelle du lien juridique. | CE10: ABS_C_006 | CF10: =VLOOKUP(CE10,'Axe 2 Règles de gestion'!$D$2:$F$225,3, FALSE) -> La date de fin prévisionnelle du congé/absence doit être antérieure ou égale à la date limite de fin réelle ou prévisionnelle du lien juridique. | CG10: ABS_C_007 | CH10: =VLOOKUP(CG10,'Axe 2 Règles de gestion'!$D$2:$F$225,3, FALSE) -> La date de fin réelle du congé/absence doit être antérieure à la date limite de départ à la retraite. | CI10: ABS_C_008 | CJ10: =VLOOKUP(CI10,'Axe 2 Règles de gestion'!$D$2:$F$225,3, FALSE) -> La date de fin prévisionnelle du congé/absence doit être antérieure à la date limite de départ à la retraite. | CK10: ABS_C_009 | CL10: =VLOOKUP(CK10,'Axe 2 Règles de gestion'!$D$2:$F$225,3, FALSE) -> La date de fin réelle ou la date de fin prévisionnelle du congé/absence doit être saisie. | CM10: ABS_C_015 | CN10: =VLOOKUP(CM10,'Axe 2 Règles de gestion'!$D$2:$F$225,3, FALSE) -> Pour chaque période d'absence découpée, la date de début d'impact rémunération doit être égale à la date de début du congé/absence. | CO10: ABS_C_016 | CP10: =VLOOKUP(CO10,'Axe 2 Règles de gestion'!$D$2:$F$225,3, FALSE) -> Pour chaque période d'absence découpée, la date de fin d'impact rémunération doit être égale à la date de fin prévisionnelle du congé/absence. | CQ10: ABS_C_018 | CR10: =VLOOKUP(CQ10,'Axe 2 Règles de gestion'!$D$2:$F$225,3, FALSE) -> Pour chaque période d'absence découpée, la date de fin d'impact rémunération doit être égale à la date de fin réelle du congé/absence. | CS10: ABS_C_019 | CT10: =VLOOKUP(CS10,'Axe 2 Règles de gestion'!$D$2:$F$225,3, FALSE) -> Si l'absence ne commence pas par une demi-journée et si l'absence précédente ne finit pas par une demi journée, la date de début de l'absence saisie est postérieure à la date de fin réelle de l'absence précédente. | CU10: ABS_C_020 | CV10: =VLOOKUP(CU10,'Axe 2 Règles de gestion'!$D$2:$F$225,3, FALSE) -> Si l'absence ne commence pas par une demi-journée et si l'absence précédente ne finit pas par une demi journée, la date de début de l'absence saisie est postérieure à la date de fin prévisionnelle de l'absence précédente. | CW10: ABS_C_023 | CX10: =VLOOKUP(CW10,'Axe 2 Règles de gestion'!$D$2:$F$225,3, FALSE) -> L'état du congé est renseigné. | CY10: ABS_C_024 | CZ10: =VLOOKUP(CY10,'Axe 2 Règles de gestion'!$D$2:$F$225,3, FALSE) -> Si le CMO est requalifié en CLM/CLD/CGM/CITIS alors l'impact rémunération saisi doit être un impact spécifique à la requalification. | DA10: ABS_C_025 | DB10: =VLOOKUP(DA10,'Axe 2 Règles de gestion'!$D$2:$F$225,3, FALSE) -> Si le congé/absence n'est pas issu d'une requalification d'un CMO ou d'un CITIS, alors l'impact rémunération saisi ne doit pas être un impact spécifique à la requalification. | DC10: ABS_C_011 | DD10: =VLOOKUP(DC10,'Axe 2 Règles de gestion'!$D$2:$F$225,3, FALSE) -> Attention : La date d'effet l'avis du conseil médical doit être saisie afin d'être récupérée automatiquement lors de la génération de l'acte.
A11: 22.00.00 | B11: M | C11: 45520.826 | D11: D0007 | E11: Congés/Absence | F11: S0056 | G11: Congé de grave maladie | H11: E0477 | I11: Congé de grave maladie | J11: Type de congé/absence saisi = "Congé de grave maladie" | K11: A_COA_TYCOAB [Saisi] = 'CM300' | L11: T1164 | M11: Congé de grave maladie - Prolongation | N11: Création Modification | O11: La valeur de l'Etat du congé est égale à 'Renouvellement' et la valeur de l'Etat du congé saisie est différente de celle avant saisie | P11: A_COA_ETCOMA [Saisi] = 'EC02' ET A_COA_ETCOMA [Saisi] <> A_COA_ETCOMA [Valeur avant saisie] | Q11: Contractuel | R11: P0003 | S11: N | T11: Général | U11: Passant | V11: 40725 | W11: 44633 | X11: CGM_I_013 ET CGM_I_049 ET CGM_I_077 ET CGM_I_081 ET CGM_I_021 ET CGM_I_029 ET CGM_I_041 ET CGM_I_061 ET CGM_I_109 ET CGM_I_037 ET CGM_I_073 ET CGM_I_001 ET CGM_I_005 ET CGM_I_093 ET CGM_D_007 ET CGM_D_008 ET CGM_D_042 ET CGM_D_045 ET ABS_C_002 ET ABS_C_003 ET ABS_C_004 ET ABS_C_005 ET ABS_C_006 ET ABS_C_007 ET ABS_C_008 ET ABS_C_009 ET ABS_C_015 ET ABS_C_016 ET ABS_C_018 ET ABS_C_019 ET ABS_C_020 ET ABS_C_023 ET ABS_C_024 ET ABS_C_025 | Y11: CGM_I_013 | Z11: =VLOOKUP(Y11,'Axe 2 Règles de gestion'!$D$2:$F$225,3, FALSE) -> Avant l'expiration de chaque période de congé et à l'occasion de chaque demande de renouvellement, l'agent est tenu de produire à son administration certaines justifications. | AA11: CGM_I_049 | AB11: =VLOOKUP(AA11,'Axe 2 Règles de gestion'!$D$2:$F$225,3, FALSE) -> L'agent ou son représentant légal doit adresser la demande de renouvellement à l'administration 1 mois avant l'expiration de la période en cours appuyée d'un certificat du médecin traitant. | AC11: CGM_I_077 | AD11: =VLOOKUP(AC11,'Axe 2 Règles de gestion'!$D$2:$F$225,3, FALSE) -> Le secrétaire du comité médical fait procéder à la contre-visite du demandeur par un médecin agréé. | AE11: CGM_I_081 | AF11: =VLOOKUP(AE11,'Axe 2 Règles de gestion'!$D$2:$F$225,3, FALSE) -> Lorsque l'agent sollicite l'octroi de l'ultime période de congé rétribué à laquelle il a droit, le comité médical doit également se prononcer sur l'aptitude ou l'inaptitude présumée de l'agent à reprendre ses fonctions à l'issue de cette prolongation. | AG11: CGM_I_021 | AH11: =VLOOKUP(AG11,'Axe 2 Règles de gestion'!$D$2:$F$225,3, FALSE) -> En cas de contestation par l'administration ou l'agent de la décision du comité médical, ce dernier est soumis au comité médical supérieur. | AI11: CGM_I_029 | AJ11: =VLOOKUP(AI11,'Axe 2 Règles de gestion'!$D$2:$F$225,3, FALSE) -> La durée du congé est fixée sur la proposition du comité médical. | AK11: CGM_I_041 | AL11: =VLOOKUP(AK11,'Axe 2 Règles de gestion'!$D$2:$F$225,3, FALSE) -> L'agent est tenu de notifier ses changements de résidence successifs au chef de service chargé de la gestion du personnel de l'administration dont il dépend. | AM11: CGM_I_061 | AN11: =VLOOKUP(AM11,'Axe 2 Règles de gestion'!$D$2:$F$225,3, FALSE) -> Le chef de service s'assure par les contrôles appropriés que l'agent n'exerce pas pendant son congé d'activité interdite. | AO11: CGM_I_109 | AP11: =VLOOKUP(AO11,'Axe 2 Règles de gestion'!$D$2:$F$225,3, FALSE) -> Un contrôle pourra être effectué à tout moment par un médecin agréé de l'administration. Si les conclusions du médecin agréé donnent lieu à contestation, le comité médical peut être saisi. | AQ11: CGM_I_037 | AR11: =VLOOKUP(AQ11,'Axe 2 Règles de gestion'!$D$2:$F$225,3, FALSE) -> L'agent doit se soumettre, sous le contrôle du médecin agréé, et s'il y a lieu, du comité médical compétent, aux prescriptions et aux visites de contrôles que son état comporte. | AS11: CGM_I_073 | AT11: =VLOOKUP(AS11,'Axe 2 Règles de gestion'!$D$2:$F$225,3, FALSE) -> Le refus répété et sans motif valable de se soumettre aux visites de contrôle peut entraîner, après mise en demeure de l'agent, la perte du bénéfice du congé. | AU11: CGM_I_001 | AV11: =VLOOKUP(AU11,'Axe 2 Règles de gestion'!$D$2:$F$225,3, FALSE) -> A l'issue de chaque période de congé, l'agent doit passer un examen et le comité médical compétent doit se prononcer sur son état de santé. | AW11: CGM_I_005 | AX11: =VLOOKUP(AW11,'Axe 2 Règles de gestion'!$D$2:$F$225,3, FALSE) -> Cet examen peut être demandé soit par l'agent, soit par l'administration dont il relève. | AY11: CGM_I_093 | AZ11: =VLOOKUP(AY11,'Axe 2 Règles de gestion'!$D$2:$F$225,3, FALSE) -> Si l'agent est reconnu inapte à exercer ses fonctions, le congé continue à courir ou est renouvelé. | BE11: CGM_D_007 | BF11: =VLOOKUP(BE11,'Axe 2 Règles de gestion'!$D$2:$F$225,3, FALSE) -> Le CGM peut être accordé pour chaque période pour une durée maximale de 6 mois. | BG11: CGM_D_008 | BH11: =VLOOKUP(BG11,'Axe 2 Règles de gestion'!$D$2:$F$225,3, FALSE) -> La durée du CGM est de 3 ans maximum. Pour certaines pathologies, le CGM peut être accordé de manière fractionnée : les droits aux 3 ans de congé sont alors appréciés sur une période de référence de 4 ans. | BI11: CGM_D_042 | BJ11: =VLOOKUP(BI11,'Axe 2 Règles de gestion'!$D$2:$F$225,3, FALSE) -> La 1ère année est rémunérée à plein traitement. | BK11: CGM_D_045 | BL11: =VLOOKUP(BK11,'Axe 2 Règles de gestion'!$D$2:$F$225,3, FALSE) -> Les 2ème et 3ème années sont rémunérées à demi-traitement. | BW11: ABS_C_002 | BX11: =VLOOKUP(BW11,'Axe 2 Règles de gestion'!$D$2:$F$225,3, FALSE) -> La date de début du congé/absence doit être postérieure ou égale à la date de début du lien juridique. | BY11: ABS_C_003 | BZ11: =VLOOKUP(BY11,'Axe 2 Règles de gestion'!$D$2:$F$225,3, FALSE) -> La date de début du congé/absence doit être antérieure ou égale à la date de fin réelle du congé/absence. | CA11: ABS_C_004 | CB11: =VLOOKUP(CA11,'Axe 2 Règles de gestion'!$D$2:$F$225,3, FALSE) -> La date de début du congé/absence doit être antérieure ou égale à la date de fin prévisionnelle du congé/absence. | CC11: ABS_C_005 | CD11: =VLOOKUP(CC11,'Axe 2 Règles de gestion'!$D$2:$F$225,3, FALSE) -> La date de fin réelle du congé/absence doit être antérieure ou égale à la date limite de fin réelle ou prévisionnelle du lien juridique. | CE11: ABS_C_006 | CF11: =VLOOKUP(CE11,'Axe 2 Règles de gestion'!$D$2:$F$225,3, FALSE) -> La date de fin prévisionnelle du congé/absence doit être antérieure ou égale à la date limite de fin réelle ou prévisionnelle du lien juridique. | CG11: ABS_C_007 | CH11: =VLOOKUP(CG11,'Axe 2 Règles de gestion'!$D$2:$F$225,3, FALSE) -> La date de fin réelle du congé/absence doit être antérieure à la date limite de départ à la retraite. | CI11: ABS_C_008 | CJ11: =VLOOKUP(CI11,'Axe 2 Règles de gestion'!$D$2:$F$225,3, FALSE) -> La date de fin prévisionnelle du congé/absence doit être antérieure à la date limite de départ à la retraite. | CK11: ABS_C_009 | CL11: =VLOOKUP(CK11,'Axe 2 Règles de gestion'!$D$2:$F$225,3, FALSE) -> La date de fin réelle ou la date de fin prévisionnelle du congé/absence doit être saisie. | CM11: ABS_C_015 | CN11: =VLOOKUP(CM11,'Axe 2 Règles de gestion'!$D$2:$F$225,3, FALSE) -> Pour chaque période d'absence découpée, la date de début d'impact rémunération doit être égale à la date de début du congé/absence. | CO11: ABS_C_016 | CP11: =VLOOKUP(CO11,'Axe 2 Règles de gestion'!$D$2:$F$225,3, FALSE) -> Pour chaque période d'absence découpée, la date de fin d'impact rémunération doit être égale à la date de fin prévisionnelle du congé/absence. | CQ11: ABS_C_018 | CR11: =VLOOKUP(CQ11,'Axe 2 Règles de gestion'!$D$2:$F$225,3, FALSE) -> Pour chaque période d'absence découpée, la date de fin d'impact rémunération doit être égale à la date de fin réelle du congé/absence. | CS11: ABS_C_019 | CT11: =VLOOKUP(CS11,'Axe 2 Règles de gestion'!$D$2:$F$225,3, FALSE) -> Si l'absence ne commence pas par une demi-journée et si l'absence précédente ne finit pas par une demi journée, la date de début de l'absence saisie est postérieure à la date de fin réelle de l'absence précédente. | CU11: ABS_C_020 | CV11: =VLOOKUP(CU11,'Axe 2 Règles de gestion'!$D$2:$F$225,3, FALSE) -> Si l'absence ne commence pas par une demi-journée et si l'absence précédente ne finit pas par une demi journée, la date de début de l'absence saisie est postérieure à la date de fin prévisionnelle de l'absence précédente. | CW11: ABS_C_023 | CX11: =VLOOKUP(CW11,'Axe 2 Règles de gestion'!$D$2:$F$225,3, FALSE) -> L'état du congé est renseigné. | CY11: ABS_C_024 | CZ11: =VLOOKUP(CY11,'Axe 2 Règles de gestion'!$D$2:$F$225,3, FALSE) -> Si le CMO est requalifié en CLM/CLD/CGM/CITIS alors l'impact rémunération saisi doit être un impact spécifique à la requalification. | DA11: ABS_C_025 | DB11: =VLOOKUP(DA11,'Axe 2 Règles de gestion'!$D$2:$F$225,3, FALSE) -> Si le congé/absence n'est pas issu d'une requalification d'un CMO ou d'un CITIS, alors l'impact rémunération saisi ne doit pas être un impact spécifique à la requalification.
A12: 24.10.00 | B12: M | C12: 45520.826 | D12: D0007 | E12: Congés/Absence | F12: S0056 | G12: Congé de grave maladie | H12: E0477 | I12: Congé de grave maladie | J12: Type de congé/absence saisi = "Congé de grave maladie" | K12: A_COA_TYCOAB [Saisi] = 'CM300' | L12: T1164 | M12: Congé de grave maladie - Prolongation | N12: Création Modification | O12: La valeur de l'Etat du congé est égale à 'Renouvellement' et la valeur de l'Etat du congé saisie est différente de celle avant saisie | P12: A_COA_ETCOMA [Saisi] = 'EC02' ET A_COA_ETCOMA [Saisi] <> A_COA_ETCOMA [Valeur avant saisie] | Q12: Contractuel | R12: P0003 | S12: N | T12: Général | U12: Passant | V12: 44634 | W12: 45535 | X12: CGM_I_203 ET CGM_I_206 ET CGM_I_121 ET CGM_I_125 ET CGM_I_207 ET CGM_I_213 ET CGM_I_129 ET CGM_I_165 ET CGM_I_073 ET CGM_I_157 ET CGM_D_007 ET CGM_D_008 ET CGM_D_042 ET CGM_D_045 ET ABS_C_002 ET ABS_C_003 ET ABS_C_004 ET ABS_C_005 ET ABS_C_006 ET ABS_C_007 ET ABS_C_008 ET ABS_C_009 ET ABS_C_015 ET ABS_C_016 ET ABS_C_018 ET ABS_C_019 ET ABS_C_020 ET ABS_C_023 ET ABS_C_024 ET ABS_C_025 | Y12: CGM_I_203 | Z12: =VLOOKUP(Y12,'Axe 2 Règles de gestion'!$D$2:$F$225,3, FALSE) -> Pour obtenir le renouvellement au terme d'une période en cours, l'agent adresse à l'administration un certificat médical de son médecin prolongeant le congé initial et précisant sa durée. | AA12: CGM_I_206 | AB12: =VLOOKUP(AA12,'Axe 2 Règles de gestion'!$D$2:$F$225,3, FALSE) -> Lorsque le congé est octroyé après saisine du conseil médical par le chef de service, l'administration fait procéder, au terme de chaque période, à l'examen médical de l'agent. Le renouvellement est accordé au vu de l'avis du médecin agréé. | AC12: CGM_I_121 | AD12: =VLOOKUP(AC12,'Axe 2 Règles de gestion'!$D$2:$F$225,3, FALSE) -> Lorsque la période rémunérée à plein traitement n'est pas épuisée, le renouvellement est accordé sans saisine du conseil médical. L'administration fait procéder à l'examen de l'agent, qui s'y soumet, par un médecin agréé au moins une fois par an. | AE12: CGM_I_125 | AF12: =VLOOKUP(AE12,'Axe 2 Règles de gestion'!$D$2:$F$225,3, FALSE) -> Lorsque la période rémunérée à plein traitement est épuisée, le conseil médical en formation restreinte est consulté pour avis sur le renouvellement du congé. | AG12: CGM_I_207 | AH12: =VLOOKUP(AG12,'Axe 2 Règles de gestion'!$D$2:$F$225,3, FALSE) -> Un contrôle pourra être effectué à tout moment par un médecin agréé de l'administration. | AI12: CGM_I_213 | AJ12: =VLOOKUP(AI12,'Axe 2 Règles de gestion'!$D$2:$F$225,3, FALSE) -> L'avis d'un conseil médical rendu en formation restreinte peut être contesté devant le conseil médical supérieur par l'administration ou l'agent dans le délai de deux mois à compter de sa notification. | AK12: CGM_I_129 | AL12: =VLOOKUP(AK12,'Axe 2 Règles de gestion'!$D$2:$F$225,3, FALSE) -> L'agent informe l'administration de tout changement de domicile et, sauf en cas d'hospitalisation, de toute absence du domicile supérieure à deux semaines. Il informe l'administration de ses dates et lieux de séjour. | AM12: CGM_I_165 | AN12: =VLOOKUP(AM12,'Axe 2 Règles de gestion'!$D$2:$F$225,3, FALSE) -> L'agent doit se soumettre aux visites de contrôle prescrites par le médecin agréé ou le conseil médical. | AO12: CGM_I_073 | AP12: =VLOOKUP(AO12,'Axe 2 Règles de gestion'!$D$2:$F$225,3, FALSE) -> Le refus répété et sans motif valable de se soumettre aux visites de contrôle peut entraîner, après mise en demeure de l'agent, la perte du bénéfice du congé. | AQ12: CGM_I_157 | AR12: =VLOOKUP(AQ12,'Axe 2 Règles de gestion'!$D$2:$F$225,3, FALSE) -> Si l'agent est reconnu inapte à exercer ses fonctions par le conseil médical, le congé continue à courir ou est renouvelé pour une nouvelle période sous réserve des droits restants. | BE12: CGM_D_007 | BF12: =VLOOKUP(BE12,'Axe 2 Règles de gestion'!$D$2:$F$225,3, FALSE) -> Le CGM peut être accordé pour chaque période pour une durée maximale de 6 mois. | BG12: CGM_D_008 | BH12: =VLOOKUP(BG12,'Axe 2 Règles de gestion'!$D$2:$F$225,3, FALSE) -> La durée du CGM est de 3 ans maximum. Pour certaines pathologies, le CGM peut être accordé de manière fractionnée : les droits aux 3 ans de congé sont alors appréciés sur une période de référence de 4 ans. | BI12: CGM_D_042 | BJ12: =VLOOKUP(BI12,'Axe 2 Règles de gestion'!$D$2:$F$225,3, FALSE) -> La 1ère année est rémunérée à plein traitement. | BK12: CGM_D_045 | BL12: =VLOOKUP(BK12,'Axe 2 Règles de gestion'!$D$2:$F$225,3, FALSE) -> Les 2ème et 3ème années sont rémunérées à demi-traitement. | BW12: ABS_C_002 | BX12: =VLOOKUP(BW12,'Axe 2 Règles de gestion'!$D$2:$F$225,3, FALSE) -> La date de début du congé/absence doit être postérieure ou égale à la date de début du lien juridique. | BY12: ABS_C_003 | BZ12: =VLOOKUP(BY12,'Axe 2 Règles de gestion'!$D$2:$F$225,3, FALSE) -> La date de début du congé/absence doit être antérieure ou égale à la date de fin réelle du congé/absence. | CA12: ABS_C_004 | CB12: =VLOOKUP(CA12,'Axe 2 Règles de gestion'!$D$2:$F$225,3, FALSE) -> La date de début du congé/absence doit être antérieure ou égale à la date de fin prévisionnelle du congé/absence. | CC12: ABS_C_005 | CD12: =VLOOKUP(CC12,'Axe 2 Règles de gestion'!$D$2:$F$225,3, FALSE) -> La date de fin réelle du congé/absence doit être antérieure ou égale à la date limite de fin réelle ou prévisionnelle du lien juridique. | CE12: ABS_C_006 | CF12: =VLOOKUP(CE12,'Axe 2 Règles de gestion'!$D$2:$F$225,3, FALSE) -> La date de fin prévisionnelle du congé/absence doit être antérieure ou égale à la date limite de fin réelle ou prévisionnelle du lien juridique. | CG12: ABS_C_007 | CH12: =VLOOKUP(CG12,'Axe 2 Règles de gestion'!$D$2:$F$225,3, FALSE) -> La date de fin réelle du congé/absence doit être antérieure à la date limite de départ à la retraite. | CI12: ABS_C_008 | CJ12: =VLOOKUP(CI12,'Axe 2 Règles de gestion'!$D$2:$F$225,3, FALSE) -> La date de fin prévisionnelle du congé/absence doit être antérieure à la date limite de départ à la retraite. | CK12: ABS_C_009 | CL12: =VLOOKUP(CK12,'Axe 2 Règles de gestion'!$D$2:$F$225,3, FALSE) -> La date de fin réelle ou la date de fin prévisionnelle du congé/absence doit être saisie. | CM12: ABS_C_015 | CN12: =VLOOKUP(CM12,'Axe 2 Règles de gestion'!$D$2:$F$225,3, FALSE) -> Pour chaque période d'absence découpée, la date de début d'impact rémunération doit être égale à la date de début du congé/absence. | CO12: ABS_C_016 | CP12: =VLOOKUP(CO12,'Axe 2 Règles de gestion'!$D$2:$F$225,3, FALSE) -> Pour chaque période d'absence découpée, la date de fin d'impact rémunération doit être égale à la date de fin prévisionnelle du congé/absence. | CQ12: ABS_C_018 | CR12: =VLOOKUP(CQ12,'Axe 2 Règles de gestion'!$D$2:$F$225,3, FALSE) -> Pour chaque période d'absence découpée, la date de fin d'impact rémunération doit être égale à la date de fin réelle du congé/absence. | CS12: ABS_C_019 | CT12: =VLOOKUP(CS12,'Axe 2 Règles de gestion'!$D$2:$F$225,3, FALSE) -> Si l'absence ne commence pas par une demi-journée et si l'absence précédente ne finit pas par une demi journée, la date de début de l'absence saisie est postérieure à la date de fin réelle de l'absence précédente. | CU12: ABS_C_020 | CV12: =VLOOKUP(CU12,'Axe 2 Règles de gestion'!$D$2:$F$225,3, FALSE) -> Si l'absence ne commence pas par une demi-journée et si l'absence précédente ne finit pas par une demi journée, la date de début de l'absence saisie est postérieure à la date de fin prévisionnelle de l'absence précédente. | CW12: ABS_C_023 | CX12: =VLOOKUP(CW12,'Axe 2 Règles de gestion'!$D$2:$F$225,3, FALSE) -> L'état du congé est renseigné. | CY12: ABS_C_024 | CZ12: =VLOOKUP(CY12,'Axe 2 Règles de gestion'!$D$2:$F$225,3, FALSE) -> Si le CMO est requalifié en CLM/CLD/CGM/CITIS alors l'impact rémunération saisi doit être un impact spécifique à la requalification. | DA12: ABS_C_025 | DB12: =VLOOKUP(DA12,'Axe 2 Règles de gestion'!$D$2:$F$225,3, FALSE) -> Si le congé/absence n'est pas issu d'une requalification d'un CMO ou d'un CITIS, alors l'impact rémunération saisi ne doit pas être un impact spécifique à la requalification.
A13: 25.10.00 | B13: M | C13: 45922.471 | D13: D0007 | E13: Congés/Absence | F13: S0056 | G13: Congé de grave maladie | H13: E0477 | I13: Congé de grave maladie | J13: Type de congé/absence saisi = "Congé de grave maladie" | K13: A_COA_TYCOAB [Saisi] = 'CM300' | L13: T1164 | M13: Congé de grave maladie - Prolongation | N13: Création Modification | O13: La valeur de l'Etat du congé est égale à 'Renouvellement' et la valeur de l'Etat du congé saisie est différente de celle avant saisie | P13: A_COA_ETCOMA [Saisi] = 'EC02' ET A_COA_ETCOMA [Saisi] <> A_COA_ETCOMA [Valeur avant saisie] | Q13: Contractuel | R13: P0003 | S13: N | T13: Général | U13: Passant | V13: 45536 | X13: CGM_I_203 ET CGM_I_206 ET CGM_I_121 ET CGM_I_125 ET CGM_I_207 ET CGM_I_213 ET CGM_I_129 ET CGM_I_165 ET CGM_I_073 ET CGM_I_157 ET CGM_D_007 ET CGM_D_008 ET CGM_D_005 ET CGM_D_006 ET ABS_C_002 ET ABS_C_003 ET ABS_C_004 ET ABS_C_005 ET ABS_C_006 ET ABS_C_007 ET ABS_C_008 ET ABS_C_009 ET ABS_C_015 ET ABS_C_016 ET ABS_C_018 ET ABS_C_019 ET ABS_C_020 ET ABS_C_023 ET ABS_C_024 ET ABS_C_025 ET ABS_C_011 | Y13: CGM_I_203 | Z13: =VLOOKUP(Y13,'Axe 2 Règles de gestion'!$D$2:$F$225,3, FALSE) -> Pour obtenir le renouvellement au terme d'une période en cours, l'agent adresse à l'administration un certificat médical de son médecin prolongeant le congé initial et précisant sa durée. | AA13: CGM_I_206 | AB13: =VLOOKUP(AA13,'Axe 2 Règles de gestion'!$D$2:$F$225,3, FALSE) -> Lorsque le congé est octroyé après saisine du conseil médical par le chef de service, l'administration fait procéder, au terme de chaque période, à l'examen médical de l'agent. Le renouvellement est accordé au vu de l'avis du médecin agréé. | AC13: CGM_I_121 | AD13: =VLOOKUP(AC13,'Axe 2 Règles de gestion'!$D$2:$F$225,3, FALSE) -> Lorsque la période rémunérée à plein traitement n'est pas épuisée, le renouvellement est accordé sans saisine du conseil médical. L'administration fait procéder à l'examen de l'agent, qui s'y soumet, par un médecin agréé au moins une fois par an. | AE13: CGM_I_125 | AF13: =VLOOKUP(AE13,'Axe 2 Règles de gestion'!$D$2:$F$225,3, FALSE) -> Lorsque la période rémunérée à plein traitement est épuisée, le conseil médical en formation restreinte est consulté pour avis sur le renouvellement du congé. | AG13: CGM_I_207 | AH13: =VLOOKUP(AG13,'Axe 2 Règles de gestion'!$D$2:$F$225,3, FALSE) -> Un contrôle pourra être effectué à tout moment par un médecin agréé de l'administration. | AI13: CGM_I_213 | AJ13: =VLOOKUP(AI13,'Axe 2 Règles de gestion'!$D$2:$F$225,3, FALSE) -> L'avis d'un conseil médical rendu en formation restreinte peut être contesté devant le conseil médical supérieur par l'administration ou l'agent dans le délai de deux mois à compter de sa notification. | AK13: CGM_I_129 | AL13: =VLOOKUP(AK13,'Axe 2 Règles de gestion'!$D$2:$F$225,3, FALSE) -> L'agent informe l'administration de tout changement de domicile et, sauf en cas d'hospitalisation, de toute absence du domicile supérieure à deux semaines. Il informe l'administration de ses dates et lieux de séjour. | AM13: CGM_I_165 | AN13: =VLOOKUP(AM13,'Axe 2 Règles de gestion'!$D$2:$F$225,3, FALSE) -> L'agent doit se soumettre aux visites de contrôle prescrites par le médecin agréé ou le conseil médical. | AO13: CGM_I_073 | AP13: =VLOOKUP(AO13,'Axe 2 Règles de gestion'!$D$2:$F$225,3, FALSE) -> Le refus répété et sans motif valable de se soumettre aux visites de contrôle peut entraîner, après mise en demeure de l'agent, la perte du bénéfice du congé. | AQ13: CGM_I_157 | AR13: =VLOOKUP(AQ13,'Axe 2 Règles de gestion'!$D$2:$F$225,3, FALSE) -> Si l'agent est reconnu inapte à exercer ses fonctions par le conseil médical, le congé continue à courir ou est renouvelé pour une nouvelle période sous réserve des droits restants. | BE13: CGM_D_007 | BF13: =VLOOKUP(BE13,'Axe 2 Règles de gestion'!$D$2:$F$225,3, FALSE) -> Le CGM peut être accordé pour chaque période pour une durée maximale de 6 mois. | BG13: CGM_D_008 | BH13: =VLOOKUP(BG13,'Axe 2 Règles de gestion'!$D$2:$F$225,3, FALSE) -> La durée du CGM est de 3 ans maximum. Pour certaines pathologies, le CGM peut être accordé de manière fractionnée : les droits aux 3 ans de congé sont alors appréciés sur une période de référence de 4 ans. | BI13: CGM_D_005 | BJ13: =VLOOKUP(BI13,'Axe 2 Règles de gestion'!$D$2:$F$225,3, FALSE) -> La première année du congé de grave maladie est rémunérée à plein traitement. | BK13: CGM_D_006 | BL13: =VLOOKUP(BK13,'Axe 2 Règles de gestion'!$D$2:$F$225,3, FALSE) -> La deuxième et la troisième années du congé de grave maladie sont rémunérées à 60% du traitement. | BW13: ABS_C_002 | BX13: =VLOOKUP(BW13,'Axe 2 Règles de gestion'!$D$2:$F$225,3, FALSE) -> La date de début du congé/absence doit être postérieure ou égale à la date de début du lien juridique. | BY13: ABS_C_003 | BZ13: =VLOOKUP(BY13,'Axe 2 Règles de gestion'!$D$2:$F$225,3, FALSE) -> La date de début du congé/absence doit être antérieure ou égale à la date de fin réelle du congé/absence. | CA13: ABS_C_004 | CB13: =VLOOKUP(CA13,'Axe 2 Règles de gestion'!$D$2:$F$225,3, FALSE) -> La date de début du congé/absence doit être antérieure ou égale à la date de fin prévisionnelle du congé/absence. | CC13: ABS_C_005 | CD13: =VLOOKUP(CC13,'Axe 2 Règles de gestion'!$D$2:$F$225,3, FALSE) -> La date de fin réelle du congé/absence doit être antérieure ou égale à la date limite de fin réelle ou prévisionnelle du lien juridique. | CE13: ABS_C_006 | CF13: =VLOOKUP(CE13,'Axe 2 Règles de gestion'!$D$2:$F$225,3, FALSE) -> La date de fin prévisionnelle du congé/absence doit être antérieure ou égale à la date limite de fin réelle ou prévisionnelle du lien juridique. | CG13: ABS_C_007 | CH13: =VLOOKUP(CG13,'Axe 2 Règles de gestion'!$D$2:$F$225,3, FALSE) -> La date de fin réelle du congé/absence doit être antérieure à la date limite de départ à la retraite. | CI13: ABS_C_008 | CJ13: =VLOOKUP(CI13,'Axe 2 Règles de gestion'!$D$2:$F$225,3, FALSE) -> La date de fin prévisionnelle du congé/absence doit être antérieure à la date limite de départ à la retraite. | CK13: ABS_C_009 | CL13: =VLOOKUP(CK13,'Axe 2 Règles de gestion'!$D$2:$F$225,3, FALSE) -> La date de fin réelle ou la date de fin prévisionnelle du congé/absence doit être saisie. | CM13: ABS_C_015 | CN13: =VLOOKUP(CM13,'Axe 2 Règles de gestion'!$D$2:$F$225,3, FALSE) -> Pour chaque période d'absence découpée, la date de début d'impact rémunération doit être égale à la date de début du congé/absence. | CO13: ABS_C_016 | CP13: =VLOOKUP(CO13,'Axe 2 Règles de gestion'!$D$2:$F$225,3, FALSE) -> Pour chaque période d'absence découpée, la date de fin d'impact rémunération doit être égale à la date de fin prévisionnelle du congé/absence. | CQ13: ABS_C_018 | CR13: =VLOOKUP(CQ13,'Axe 2 Règles de gestion'!$D$2:$F$225,3, FALSE) -> Pour chaque période d'absence découpée, la date de fin d'impact rémunération doit être égale à la date de fin réelle du congé/absence. | CS13: ABS_C_019 | CT13: =VLOOKUP(CS13,'Axe 2 Règles de gestion'!$D$2:$F$225,3, FALSE) -> Si l'absence ne commence pas par une demi-journée et si l'absence précédente ne finit pas par une demi journée, la date de début de l'absence saisie est postérieure à la date de fin réelle de l'absence précédente. | CU13: ABS_C_020 | CV13: =VLOOKUP(CU13,'Axe 2 Règles de gestion'!$D$2:$F$225,3, FALSE) -> Si l'absence ne commence pas par une demi-journée et si l'absence précédente ne finit pas par une demi journée, la date de début de l'absence saisie est postérieure à la date de fin prévisionnelle de l'absence précédente. | CW13: ABS_C_023 | CX13: =VLOOKUP(CW13,'Axe 2 Règles de gestion'!$D$2:$F$225,3, FALSE) -> L'état du congé est renseigné. | CY13: ABS_C_024 | CZ13: =VLOOKUP(CY13,'Axe 2 Règles de gestion'!$D$2:$F$225,3, FALSE) -> Si le CMO est requalifié en CLM/CLD/CGM/CITIS alors l'impact rémunération saisi doit être un impact spécifique à la requalification. | DA13: ABS_C_025 | DB13: =VLOOKUP(DA13,'Axe 2 Règles de gestion'!$D$2:$F$225,3, FALSE) -> Si le congé/absence n'est pas issu d'une requalification d'un CMO ou d'un CITIS, alors l'impact rémunération saisi ne doit pas être un impact spécifique à la requalification. | DC13: ABS_C_011 | DD13: =VLOOKUP(DC13,'Axe 2 Règles de gestion'!$D$2:$F$225,3, FALSE) -> Attention : La date d'effet l'avis du conseil médical doit être saisie afin d'être récupérée automatiquement lors de la génération de l'acte.
A14: 20.10.00 | B14: M | C14: 44140.497 | D14: D0007 | E14: Congés/Absence | F14: S0056 | G14: Congé de grave maladie | H14: E0477 | I14: Congé de grave maladie | J14: Type de congé/absence saisi = "Congé de grave maladie" | K14: A_COA_TYCOAB [Saisi] = 'CM300' | L14: T1165 | M14: Congé de grave maladie - Fin | N14: Modification | O14: La valeur de l'Etat du congé saisie est égale à celle avant saisie | P14: A_COA_ETCOMA [Saisi] = A_COA_ETCOMA [Valeur avant saisie] | Q14: Contractuel | R14: P0003 | S14: N | T14: Général | U14: Passant | V14: 40725 | W14: 43889 | X14: CGM_I_089 ET CGM_I_033 ET CGM_I_085 ET CGM_I_009 ET CGM_I_053 ET CGM_I_101 ET CGM_I_017 ET CGM_D_007 ET CGM_D_008 ET CGM_D_042 ET CGM_D_045 ET ABS_C_003 ET ABS_C_004 ET ABS_C_005 ET ABS_C_006 ET ABS_C_007 ET ABS_C_008 ET ABS_C_009 ET ABS_C_016 ET ABS_C_018 ET ABS_C_023 ET ABS_C_024 ET ABS_C_025 | Y14: CGM_I_089 | Z14: =VLOOKUP(Y14,'Axe 2 Règles de gestion'!$D$2:$F$225,3, FALSE) -> Pendant toute la durée de la procédure requérant soit l'avis du comité médical, soit l'avis de la commission de réforme, soit l'avis de ces 2 instances, l'agent est maintenu en congé de grave maladie. | AA14: CGM_I_033 | AB14: =VLOOKUP(AA14,'Axe 2 Règles de gestion'!$D$2:$F$225,3, FALSE) -> La reprise de l'agent est subordonnée à la vérification de l'aptitude par un médecin spécialiste agréé et l'avis favorable du comité médical. | AC14: CGM_I_085 | AD14: =VLOOKUP(AC14,'Axe 2 Règles de gestion'!$D$2:$F$225,3, FALSE) -> Lorsque le comité médical estime l'agent apte à exercer ses fonctions, ce dernier reprend son activité. | AE14: CGM_I_009 | AF14: =VLOOKUP(AE14,'Axe 2 Règles de gestion'!$D$2:$F$225,3, FALSE) -> Au terme du congé, l'agent est réemployé sur son emploi précédent dans la mesure permise par le service. Dans le cas contraire, il dispose d'une priorité pour être réemployé sur un emploi similaire assorti d'une rémunération équivalente. | AG14: CGM_I_053 | AH14: =VLOOKUP(AG14,'Axe 2 Règles de gestion'!$D$2:$F$225,3, FALSE) -> L'agent en congé sans rémunération est placé en congé sans traitement pour maladie si l'inaptitude d'exercer les fonctions est temporaire. | AI14: CGM_I_101 | AJ14: =VLOOKUP(AI14,'Axe 2 Règles de gestion'!$D$2:$F$225,3, FALSE) -> Si l'incapacité de travail est permanente, l'agent est licencié. | AK14: CGM_I_017 | AL14: =VLOOKUP(AK14,'Axe 2 Règles de gestion'!$D$2:$F$225,3, FALSE) -> Dans le cas où l'agent est présumé définitivement inapte à l'expiration de la période de congé rémunéré, son cas est soumis à la commission de réforme. L'agent est soit reclassé dans un autre emploi, soit mis en disponibilité, soit admis à la retraite. | BE14: CGM_D_007 | BF14: =VLOOKUP(BE14,'Axe 2 Règles de gestion'!$D$2:$F$225,3, FALSE) -> Le CGM peut être accordé pour chaque période pour une durée maximale de 6 mois. | BG14: CGM_D_008 | BH14: =VLOOKUP(BG14,'Axe 2 Règles de gestion'!$D$2:$F$225,3, FALSE) -> La durée du CGM est de 3 ans maximum. Pour certaines pathologies, le CGM peut être accordé de manière fractionnée : les droits aux 3 ans de congé sont alors appréciés sur une période de référence de 4 ans. | BI14: CGM_D_042 | BJ14: =VLOOKUP(BI14,'Axe 2 Règles de gestion'!$D$2:$F$225,3, FALSE) -> La 1ère année est rémunérée à plein traitement. | BK14: CGM_D_045 | BL14: =VLOOKUP(BK14,'Axe 2 Règles de gestion'!$D$2:$F$225,3, FALSE) -> Les 2ème et 3ème années sont rémunérées à demi-traitement. | BW14: ABS_C_003 | BX14: =VLOOKUP(BW14,'Axe 2 Règles de gestion'!$D$2:$F$225,3, FALSE) -> La date de début du congé/absence doit être antérieure ou égale à la date de fin réelle du congé/absence. | BY14: ABS_C_004 | BZ14: =VLOOKUP(BY14,'Axe 2 Règles de gestion'!$D$2:$F$225,3, FALSE) -> La date de début du congé/absence doit être antérieure ou égale à la date de fin prévisionnelle du congé/absence. | CA14: ABS_C_005 | CB14: =VLOOKUP(CA14,'Axe 2 Règles de gestion'!$D$2:$F$225,3, FALSE) -> La date de fin réelle du congé/absence doit être antérieure ou égale à la date limite de fin réelle ou prévisionnelle du lien juridique. | CC14: ABS_C_006 | CD14: =VLOOKUP(CC14,'Axe 2 Règles de gestion'!$D$2:$F$225,3, FALSE) -> La date de fin prévisionnelle du congé/absence doit être antérieure ou égale à la date limite de fin réelle ou prévisionnelle du lien juridique. | CE14: ABS_C_007 | CF14: =VLOOKUP(CE14,'Axe 2 Règles de gestion'!$D$2:$F$225,3, FALSE) -> La date de fin réelle du congé/absence doit être antérieure à la date limite de départ à la retraite. | CG14: ABS_C_008 | CH14: =VLOOKUP(CG14,'Axe 2 Règles de gestion'!$D$2:$F$225,3, FALSE) -> La date de fin prévisionnelle du congé/absence doit être antérieure à la date limite de départ à la retraite. | CI14: ABS_C_009 | CJ14: =VLOOKUP(CI14,'Axe 2 Règles de gestion'!$D$2:$F$225,3, FALSE) -> La date de fin réelle ou la date de fin prévisionnelle du congé/absence doit être saisie. | CK14: ABS_C_016 | CL14: =VLOOKUP(CK14,'Axe 2 Règles de gestion'!$D$2:$F$225,3, FALSE) -> Pour chaque période d'absence découpée, la date de fin d'impact rémunération doit être égale à la date de fin prévisionnelle du congé/absence. | CM14: ABS_C_018 | CN14: =VLOOKUP(CM14,'Axe 2 Règles de gestion'!$D$2:$F$225,3, FALSE) -> Pour chaque période d'absence découpée, la date de fin d'impact rémunération doit être égale à la date de fin réelle du congé/absence. | CO14: ABS_C_023 | CP14: =VLOOKUP(CO14,'Axe 2 Règles de gestion'!$D$2:$F$225,3, FALSE) -> L'état du congé est renseigné. | CQ14: ABS_C_024 | CR14: =VLOOKUP(CQ14,'Axe 2 Règles de gestion'!$D$2:$F$225,3, FALSE) -> Si le CMO est requalifié en CLM/CLD/CGM/CITIS alors l'impact rémunération saisi doit être un impact spécifique à la requalification. | CS14: ABS_C_025 | CT14: =VLOOKUP(CS14,'Axe 2 Règles de gestion'!$D$2:$F$225,3, FALSE) -> Si le congé/absence n'est pas issu d'une requalification d'un CMO ou d'un CITIS, alors l'impact rémunération saisi ne doit pas être un impact spécifique à la requalification.
A15: 22.00.00 | B15: M | C15: 44724.781 | D15: D0007 | E15: Congés/Absence | F15: S0056 | G15: Congé de grave maladie | H15: E0477 | I15: Congé de grave maladie | J15: Type de congé/absence saisi = "Congé de grave maladie" | K15: A_COA_TYCOAB [Saisi] = 'CM300' | L15: T1165 | M15: Congé de grave maladie - Fin | N15: Modification | O15: La valeur de l'Etat du congé saisie est égale à celle avant saisie | P15: A_COA_ETCOMA [Saisi] = A_COA_ETCOMA [Valeur avant saisie] | Q15: Contractuel | R15: P0003 | S15: N | T15: Général | U15: Passant | V15: 43890 | W15: 44633 | X15: CGM_I_089 ET CGM_I_033 ET CGM_I_085 ET CGM_I_113 ET CGM_I_116 ET CGM_I_053 ET CGM_I_115 ET CGM_I_114 ET CGM_I_117 ET CGM_D_007 ET CGM_D_008 ET CGM_D_042 ET CGM_D_045 ET ABS_C_003 ET ABS_C_004 ET ABS_C_005 ET ABS_C_006 ET ABS_C_007 ET ABS_C_008 ET ABS_C_009 ET ABS_C_016 ET ABS_C_018 ET ABS_C_023 ET ABS_C_024 ET ABS_C_025 | Y15: CGM_I_089 | Z15: =VLOOKUP(Y15,'Axe 2 Règles de gestion'!$D$2:$F$225,3, FALSE) -> Pendant toute la durée de la procédure requérant soit l'avis du comité médical, soit l'avis de la commission de réforme, soit l'avis de ces 2 instances, l'agent est maintenu en congé de grave maladie. | AA15: CGM_I_033 | AB15: =VLOOKUP(AA15,'Axe 2 Règles de gestion'!$D$2:$F$225,3, FALSE) -> La reprise de l'agent est subordonnée à la vérification de l'aptitude par un médecin spécialiste agréé et l'avis favorable du comité médical. | AC15: CGM_I_085 | AD15: =VLOOKUP(AC15,'Axe 2 Règles de gestion'!$D$2:$F$225,3, FALSE) -> Lorsque le comité médical estime l'agent apte à exercer ses fonctions, ce dernier reprend son activité. | AE15: CGM_I_113 | AF15: =VLOOKUP(AE15,'Axe 2 Règles de gestion'!$D$2:$F$225,3, FALSE) -> Au terme du congé, l'agent non lié par un contrat de projet est réemployé sur son emploi précédent dans la mesure permise par le service. Sinon, il dispose d'une priorité pour être réemployé sur un emploi similaire assorti d'une rémunération équivalente. | AG15: CGM_I_116 | AH15: =VLOOKUP(AG15,'Axe 2 Règles de gestion'!$D$2:$F$225,3, FALSE) -> L'agent lié par un contrat de projet, physiquement apte à reprendre son service, et remplissant toujours les conditions requises, est réemployé si la date de demande de réemploi est antérieure au terme du contrat et si le projet court toujours. | AI15: CGM_I_053 | AJ15: =VLOOKUP(AI15,'Axe 2 Règles de gestion'!$D$2:$F$225,3, FALSE) -> L'agent en congé sans rémunération est placé en congé sans traitement pour maladie si l'inaptitude d'exercer les fonctions est temporaire. | AK15: CGM_I_115 | AL15: =VLOOKUP(AK15,'Axe 2 Règles de gestion'!$D$2:$F$225,3, FALSE) -> Si l'incapacité de travail est permanente, l'agent non lié par un contrat de projet est licencié. | AM15: CGM_I_114 | AN15: =VLOOKUP(AM15,'Axe 2 Règles de gestion'!$D$2:$F$225,3, FALSE) -> Si l'agent non lié par un contrat de projet est présumé définitivement inapte à l'expiration de la période de congé rémunéré, il est reclassé dans un autre emploi, mis en disponibilité ou admis à la retraite, après avis de la commission de réforme. | AO15: CGM_I_117 | AP15: =VLOOKUP(AO15,'Axe 2 Règles de gestion'!$D$2:$F$225,3, FALSE) -> En cas d'impossibilité de réemploi de l'agent lié par un contrat de projet, celui-ci est licencié. | BE15: CGM_D_007 | BF15: =VLOOKUP(BE15,'Axe 2 Règles de gestion'!$D$2:$F$225,3, FALSE) -> Le CGM peut être accordé pour chaque période pour une durée maximale de 6 mois. | BG15: CGM_D_008 | BH15: =VLOOKUP(BG15,'Axe 2 Règles de gestion'!$D$2:$F$225,3, FALSE) -> La durée du CGM est de 3 ans maximum. Pour certaines pathologies, le CGM peut être accordé de manière fractionnée : les droits aux 3 ans de congé sont alors appréciés sur une période de référence de 4 ans. | BI15: CGM_D_042 | BJ15: =VLOOKUP(BI15,'Axe 2 Règles de gestion'!$D$2:$F$225,3, FALSE) -> La 1ère année est rémunérée à plein traitement. | BK15: CGM_D_045 | BL15: =VLOOKUP(BK15,'Axe 2 Règles de gestion'!$D$2:$F$225,3, FALSE) -> Les 2ème et 3ème années sont rémunérées à demi-traitement. | BW15: ABS_C_003 | BX15: =VLOOKUP(BW15,'Axe 2 Règles de gestion'!$D$2:$F$225,3, FALSE) -> La date de début du congé/absence doit être antérieure ou égale à la date de fin réelle du congé/absence. | BY15: ABS_C_004 | BZ15: =VLOOKUP(BY15,'Axe 2 Règles de gestion'!$D$2:$F$225,3, FALSE) -> La date de début du congé/absence doit être antérieure ou égale à la date de fin prévisionnelle du congé/absence. | CA15: ABS_C_005 | CB15: =VLOOKUP(CA15,'Axe 2 Règles de gestion'!$D$2:$F$225,3, FALSE) -> La date de fin réelle du congé/absence doit être antérieure ou égale à la date limite de fin réelle ou prévisionnelle du lien juridique. | CC15: ABS_C_006 | CD15: =VLOOKUP(CC15,'Axe 2 Règles de gestion'!$D$2:$F$225,3, FALSE) -> La date de fin prévisionnelle du congé/absence doit être antérieure ou égale à la date limite de fin réelle ou prévisionnelle du lien juridique. | CE15: ABS_C_007 | CF15: =VLOOKUP(CE15,'Axe 2 Règles de gestion'!$D$2:$F$225,3, FALSE) -> La date de fin réelle du congé/absence doit être antérieure à la date limite de départ à la retraite. | CG15: ABS_C_008 | CH15: =VLOOKUP(CG15,'Axe 2 Règles de gestion'!$D$2:$F$225,3, FALSE) -> La date de fin prévisionnelle du congé/absence doit être antérieure à la date limite de départ à la retraite. | CI15: ABS_C_009 | CJ15: =VLOOKUP(CI15,'Axe 2 Règles de gestion'!$D$2:$F$225,3, FALSE) -> La date de fin réelle ou la date de fin prévisionnelle du congé/absence doit être saisie. | CK15: ABS_C_016 | CL15: =VLOOKUP(CK15,'Axe 2 Règles de gestion'!$D$2:$F$225,3, FALSE) -> Pour chaque période d'absence découpée, la date de fin d'impact rémunération doit être égale à la date de fin prévisionnelle du congé/absence. | CM15: ABS_C_018 | CN15: =VLOOKUP(CM15,'Axe 2 Règles de gestion'!$D$2:$F$225,3, FALSE) -> Pour chaque période d'absence découpée, la date de fin d'impact rémunération doit être égale à la date de fin réelle du congé/absence. | CO15: ABS_C_023 | CP15: =VLOOKUP(CO15,'Axe 2 Règles de gestion'!$D$2:$F$225,3, FALSE) -> L'état du congé est renseigné. | CQ15: ABS_C_024 | CR15: =VLOOKUP(CQ15,'Axe 2 Règles de gestion'!$D$2:$F$225,3, FALSE) -> Si le CMO est requalifié en CLM/CLD/CGM/CITIS alors l'impact rémunération saisi doit être un impact spécifique à la requalification. | CS15: ABS_C_025 | CT15: =VLOOKUP(CS15,'Axe 2 Règles de gestion'!$D$2:$F$225,3, FALSE) -> Si le congé/absence n'est pas issu d'une requalification d'un CMO ou d'un CITIS, alors l'impact rémunération saisi ne doit pas être un impact spécifique à la requalification.
A16: 22.10.00 | B16: M | C16: 45520.826 | D16: D0007 | E16: Congés/Absence | F16: S0056 | G16: Congé de grave maladie | H16: E0477 | I16: Congé de grave maladie | J16: Type de congé/absence saisi = "Congé de grave maladie" | K16: A_COA_TYCOAB [Saisi] = 'CM300' | L16: T1165 | M16: Congé de grave maladie - Fin | N16: Modification | O16: La valeur de l'Etat du congé saisie est égale à celle avant saisie | P16: A_COA_ETCOMA [Saisi] = A_COA_ETCOMA [Valeur avant saisie] | Q16: Contractuel | R16: P0003 | S16: N | T16: Général | U16: Passant | V16: 44634 | W16: 44677 | X16: CGM_I_169 ET CGM_I_133 ET CGM_I_137 ET CGM_I_141 ET CGM_I_145 ET CGM_I_153 ET CGM_I_113 ET CGM_I_116 ET CGM_I_053 ET CGM_I_115 ET CGM_I_173 ET CGM_I_117 ET CGM_I_161 ET CGM_I_157 ET CGM_I_213 ET CGM_D_007 ET CGM_D_008 ET CGM_D_042 ET CGM_D_045 ET ABS_C_003 ET ABS_C_004 ET ABS_C_005 ET ABS_C_006 ET ABS_C_007 ET ABS_C_008 ET ABS_C_009 ET ABS_C_016 ET ABS_C_018 ET ABS_C_023 ET ABS_C_024 ET ABS_C_025 | Y16: CGM_I_169 | Z16: =VLOOKUP(Y16,'Axe 2 Règles de gestion'!$D$2:$F$225,3, FALSE) -> Pendant toute la durée de la procédure requérant l'avis d'un conseil médical, l'agent est maintenu en congé maladie. | AA16: CGM_I_133 | AB16: =VLOOKUP(AA16,'Axe 2 Règles de gestion'!$D$2:$F$225,3, FALSE) -> La reprise de l'agent est subordonnée à la production d'un certificat médical d'aptitude à la reprise. | AC16: CGM_I_137 | AD16: =VLOOKUP(AC16,'Axe 2 Règles de gestion'!$D$2:$F$225,3, FALSE) -> Après expiration des droits à congés pour raison de santé, l'agent ne peut reprendre son service sans avis favorable du conseil médical compétent. | AE16: CGM_I_141 | AF16: =VLOOKUP(AE16,'Axe 2 Règles de gestion'!$D$2:$F$225,3, FALSE) -> A l'issue d'une période de congé lorsque l'agent exerce des fonctions qui exigent des conditions de santé particulières, l'agent ne peut reprendre son service sans avis favorable du conseil médical compétent. | AG16: CGM_I_145 | AH16: =VLOOKUP(AG16,'Axe 2 Règles de gestion'!$D$2:$F$225,3, FALSE) -> Lorsque le congé a fait l'objet d'une saisine du conseil médical par le chef de service, l'agent ne peut reprendre son service sans avis favorable du conseil médical compétent. | AI16: CGM_I_153 | AJ16: =VLOOKUP(AI16,'Axe 2 Règles de gestion'!$D$2:$F$225,3, FALSE) -> Lorsque le conseil médical estime l'agent apte à exercer ses fonctions, ce dernier reprend son activité. | AK16: CGM_I_113 | AL16: =VLOOKUP(AK16,'Axe 2 Règles de gestion'!$D$2:$F$225,3, FALSE) -> Au terme du congé, l'agent non lié par un contrat de projet est réemployé sur son emploi précédent dans la mesure permise par le service. Sinon, il dispose d'une priorité pour être réemployé sur un emploi similaire assorti d'une rémunération équivalente. | AM16: CGM_I_116 | AN16: =VLOOKUP(AM16,'Axe 2 Règles de gestion'!$D$2:$F$225,3, FALSE) -> L'agent lié par un contrat de projet, physiquement apte à reprendre son service, et remplissant toujours les conditions requises, est réemployé si la date de demande de réemploi est antérieure au terme du contrat et si le projet court toujours. | AO16: CGM_I_053 | AP16: =VLOOKUP(AO16,'Axe 2 Règles de gestion'!$D$2:$F$225,3, FALSE) -> L'agent en congé sans rémunération est placé en congé sans traitement pour maladie si l'inaptitude d'exercer les fonctions est temporaire. | AQ16: CGM_I_115 | AR16: =VLOOKUP(AQ16,'Axe 2 Règles de gestion'!$D$2:$F$225,3, FALSE) -> Si l'incapacité de travail est permanente, l'agent non lié par un contrat de projet est licencié. | AS16: CGM_I_173 | AT16: =VLOOKUP(AS16,'Axe 2 Règles de gestion'!$D$2:$F$225,3, FALSE) -> Si l'agent non lié par un contrat de projet est présumé définitivement inapte, le licenciement ne peut être prononcé que lorsque le reclassement de l'agent dans un emploi autorisé à être pourvu par un agent contractuel n'est pas possible. | AU16: CGM_I_117 | AV16: =VLOOKUP(AU16,'Axe 2 Règles de gestion'!$D$2:$F$225,3, FALSE) -> En cas d'impossibilité de réemploi de l'agent lié par un contrat de projet, celui-ci est licencié. | AW16: CGM_I_161 | AX16: =VLOOKUP(AW16,'Axe 2 Règles de gestion'!$D$2:$F$225,3, FALSE) -> A l'expiration de la dernière période de congé rémunéré, le conseil médical se prononce sur l'aptitude de l'agent à reprendre ses fonctions. | AY16: CGM_I_157 | AZ16: =VLOOKUP(AY16,'Axe 2 Règles de gestion'!$D$2:$F$225,3, FALSE) -> Si l'agent est reconnu inapte à exercer ses fonctions par le conseil médical, le congé continue à courir ou est renouvelé pour une nouvelle période sous réserve des droits restants. | BA16: CGM_I_213 | BB16: =VLOOKUP(BA16,'Axe 2 Règles de gestion'!$D$2:$F$225,3, FALSE) -> L'avis d'un conseil médical rendu en formation restreinte peut être contesté devant le conseil médical supérieur par l'administration ou l'agent dans le délai de deux mois à compter de sa notification. | BE16: CGM_D_007 | BF16: =VLOOKUP(BE16,'Axe 2 Règles de gestion'!$D$2:$F$225,3, FALSE) -> Le CGM peut être accordé pour chaque période pour une durée maximale de 6 mois. | BG16: CGM_D_008 | BH16: =VLOOKUP(BG16,'Axe 2 Règles de gestion'!$D$2:$F$225,3, FALSE) -> La durée du CGM est de 3 ans maximum. Pour certaines pathologies, le CGM peut être accordé de manière fractionnée : les droits aux 3 ans de congé sont alors appréciés sur une période de référence de 4 ans. | BI16: CGM_D_042 | BJ16: =VLOOKUP(BI16,'Axe 2 Règles de gestion'!$D$2:$F$225,3, FALSE) -> La 1ère année est rémunérée à plein traitement. | BK16: CGM_D_045 | BL16: =VLOOKUP(BK16,'Axe 2 Règles de gestion'!$D$2:$F$225,3, FALSE) -> Les 2ème et 3ème années sont rémunérées à demi-traitement. | BW16: ABS_C_003 | BX16: =VLOOKUP(BW16,'Axe 2 Règles de gestion'!$D$2:$F$225,3, FALSE) -> La date de début du congé/absence doit être antérieure ou égale à la date de fin réelle du congé/absence. | BY16: ABS_C_004 | BZ16: =VLOOKUP(BY16,'Axe 2 Règles de gestion'!$D$2:$F$225,3, FALSE) -> La date de début du congé/absence doit être antérieure ou égale à la date de fin prévisionnelle du congé/absence. | CA16: ABS_C_005 | CB16: =VLOOKUP(CA16,'Axe 2 Règles de gestion'!$D$2:$F$225,3, FALSE) -> La date de fin réelle du congé/absence doit être antérieure ou égale à la date limite de fin réelle ou prévisionnelle du lien juridique. | CC16: ABS_C_006 | CD16: =VLOOKUP(CC16,'Axe 2 Règles de gestion'!$D$2:$F$225,3, FALSE) -> La date de fin prévisionnelle du congé/absence doit être antérieure ou égale à la date limite de fin réelle ou prévisionnelle du lien juridique. | CE16: ABS_C_007 | CF16: =VLOOKUP(CE16,'Axe 2 Règles de gestion'!$D$2:$F$225,3, FALSE) -> La date de fin réelle du congé/absence doit être antérieure à la date limite de départ à la retraite. | CG16: ABS_C_008 | CH16: =VLOOKUP(CG16,'Axe 2 Règles de gestion'!$D$2:$F$225,3, FALSE) -> La date de fin prévisionnelle du congé/absence doit être antérieure à la date limite de départ à la retraite. | CI16: ABS_C_009 | CJ16: =VLOOKUP(CI16,'Axe 2 Règles de gestion'!$D$2:$F$225,3, FALSE) -> La date de fin réelle ou la date de fin prévisionnelle du congé/absence doit être saisie. | CK16: ABS_C_016 | CL16: =VLOOKUP(CK16,'Axe 2 Règles de gestion'!$D$2:$F$225,3, FALSE) -> Pour chaque période d'absence découpée, la date de fin d'impact rémunération doit être égale à la date de fin prévisionnelle du congé/absence. | CM16: ABS_C_018 | CN16: =VLOOKUP(CM16,'Axe 2 Règles de gestion'!$D$2:$F$225,3, FALSE) -> Pour chaque période d'absence découpée, la date de fin d'impact rémunération doit être égale à la date de fin réelle du congé/absence. | CO16: ABS_C_023 | CP16: =VLOOKUP(CO16,'Axe 2 Règles de gestion'!$D$2:$F$225,3, FALSE) -> L'état du congé est renseigné. | CQ16: ABS_C_024 | CR16: =VLOOKUP(CQ16,'Axe 2 Règles de gestion'!$D$2:$F$225,3, FALSE) -> Si le CMO est requalifié en CLM/CLD/CGM/CITIS alors l'impact rémunération saisi doit être un impact spécifique à la requalification. | CS16: ABS_C_025 | CT16: =VLOOKUP(CS16,'Axe 2 Règles de gestion'!$D$2:$F$225,3, FALSE) -> Si le congé/absence n'est pas issu d'une requalification d'un CMO ou d'un CITIS, alors l'impact rémunération saisi ne doit pas être un impact spécifique à la requalification.
A17: 24.10.00 | B17: M | C17: 45520.826 | D17: D0007 | E17: Congés/Absence | F17: S0056 | G17: Congé de grave maladie | H17: E0477 | I17: Congé de grave maladie | J17: Type de congé/absence saisi = "Congé de grave maladie" | K17: A_COA_TYCOAB [Saisi] = 'CM300' | L17: T1165 | M17: Congé de grave maladie - Fin | N17: Modification | O17: La valeur de l'Etat du congé saisie est égale à celle avant saisie | P17: A_COA_ETCOMA [Saisi] = A_COA_ETCOMA [Valeur avant saisie] | Q17: Contractuel | R17: P0003 | S17: N | T17: Général | U17: Passant | V17: 44678 | W17: 45535 | X17: CGM_I_169 ET CGM_I_133 ET CGM_I_137 ET CGM_I_141 ET CGM_I_145 ET CGM_I_153 ET CGM_I_113 ET CGM_I_220 ET CGM_I_053 ET CGM_I_115 ET CGM_I_173 ET CGM_I_117 ET CGM_I_161 ET CGM_I_157 ET CGM_I_213 ET CGM_D_007 ET CGM_D_008 ET CGM_D_042 ET CGM_D_045 ET ABS_C_003 ET ABS_C_004 ET ABS_C_005 ET ABS_C_006 ET ABS_C_007 ET ABS_C_008 ET ABS_C_009 ET ABS_C_016 ET ABS_C_018 ET ABS_C_023 ET ABS_C_024 ET ABS_C_025 | Y17: CGM_I_169 | Z17: =VLOOKUP(Y17,'Axe 2 Règles de gestion'!$D$2:$F$225,3, FALSE) -> Pendant toute la durée de la procédure requérant l'avis d'un conseil médical, l'agent est maintenu en congé maladie. | AA17: CGM_I_133 | AB17: =VLOOKUP(AA17,'Axe 2 Règles de gestion'!$D$2:$F$225,3, FALSE) -> La reprise de l'agent est subordonnée à la production d'un certificat médical d'aptitude à la reprise. | AC17: CGM_I_137 | AD17: =VLOOKUP(AC17,'Axe 2 Règles de gestion'!$D$2:$F$225,3, FALSE) -> Après expiration des droits à congés pour raison de santé, l'agent ne peut reprendre son service sans avis favorable du conseil médical compétent. | AE17: CGM_I_141 | AF17: =VLOOKUP(AE17,'Axe 2 Règles de gestion'!$D$2:$F$225,3, FALSE) -> A l'issue d'une période de congé lorsque l'agent exerce des fonctions qui exigent des conditions de santé particulières, l'agent ne peut reprendre son service sans avis favorable du conseil médical compétent. | AG17: CGM_I_145 | AH17: =VLOOKUP(AG17,'Axe 2 Règles de gestion'!$D$2:$F$225,3, FALSE) -> Lorsque le congé a fait l'objet d'une saisine du conseil médical par le chef de service, l'agent ne peut reprendre son service sans avis favorable du conseil médical compétent. | AI17: CGM_I_153 | AJ17: =VLOOKUP(AI17,'Axe 2 Règles de gestion'!$D$2:$F$225,3, FALSE) -> Lorsque le conseil médical estime l'agent apte à exercer ses fonctions, ce dernier reprend son activité. | AK17: CGM_I_113 | AL17: =VLOOKUP(AK17,'Axe 2 Règles de gestion'!$D$2:$F$225,3, FALSE) -> Au terme du congé, l'agent non lié par un contrat de projet est réemployé sur son emploi précédent dans la mesure permise par le service. Sinon, il dispose d'une priorité pour être réemployé sur un emploi similaire assorti d'une rémunération équivalente. | AM17: CGM_I_220 | AN17: =VLOOKUP(AM17,'Axe 2 Règles de gestion'!$D$2:$F$225,3, FALSE) -> L'agent lié par un contrat de projet et remplissant toujours les conditions requises est réemployé si la date de demande de réemploi est antérieure au terme du contrat et si le projet court toujours. | AO17: CGM_I_053 | AP17: =VLOOKUP(AO17,'Axe 2 Règles de gestion'!$D$2:$F$225,3, FALSE) -> L'agent en congé sans rémunération est placé en congé sans traitement pour maladie si l'inaptitude d'exercer les fonctions est temporaire. | AQ17: CGM_I_115 | AR17: =VLOOKUP(AQ17,'Axe 2 Règles de gestion'!$D$2:$F$225,3, FALSE) -> Si l'incapacité de travail est permanente, l'agent non lié par un contrat de projet est licencié. | AS17: CGM_I_173 | AT17: =VLOOKUP(AS17,'Axe 2 Règles de gestion'!$D$2:$F$225,3, FALSE) -> Si l'agent non lié par un contrat de projet est présumé définitivement inapte, le licenciement ne peut être prononcé que lorsque le reclassement de l'agent dans un emploi autorisé à être pourvu par un agent contractuel n'est pas possible. | AU17: CGM_I_117 | AV17: =VLOOKUP(AU17,'Axe 2 Règles de gestion'!$D$2:$F$225,3, FALSE) -> En cas d'impossibilité de réemploi de l'agent lié par un contrat de projet, celui-ci est licencié. | AW17: CGM_I_161 | AX17: =VLOOKUP(AW17,'Axe 2 Règles de gestion'!$D$2:$F$225,3, FALSE) -> A l'expiration de la dernière période de congé rémunéré, le conseil médical se prononce sur l'aptitude de l'agent à reprendre ses fonctions. | AY17: CGM_I_157 | AZ17: =VLOOKUP(AY17,'Axe 2 Règles de gestion'!$D$2:$F$225,3, FALSE) -> Si l'agent est reconnu inapte à exercer ses fonctions par le conseil médical, le congé continue à courir ou est renouvelé pour une nouvelle période sous réserve des droits restants. | BA17: CGM_I_213 | BB17: =VLOOKUP(BA17,'Axe 2 Règles de gestion'!$D$2:$F$225,3, FALSE) -> L'avis d'un conseil médical rendu en formation restreinte peut être contesté devant le conseil médical supérieur par l'administration ou l'agent dans le délai de deux mois à compter de sa notification. | BE17: CGM_D_007 | BF17: =VLOOKUP(BE17,'Axe 2 Règles de gestion'!$D$2:$F$225,3, FALSE) -> Le CGM peut être accordé pour chaque période pour une durée maximale de 6 mois. | BG17: CGM_D_008 | BH17: =VLOOKUP(BG17,'Axe 2 Règles de gestion'!$D$2:$F$225,3, FALSE) -> La durée du CGM est de 3 ans maximum. Pour certaines pathologies, le CGM peut être accordé de manière fractionnée : les droits aux 3 ans de congé sont alors appréciés sur une période de référence de 4 ans. | BI17: CGM_D_042 | BJ17: =VLOOKUP(BI17,'Axe 2 Règles de gestion'!$D$2:$F$225,3, FALSE) -> La 1ère année est rémunérée à plein traitement. | BK17: CGM_D_045 | BL17: =VLOOKUP(BK17,'Axe 2 Règles de gestion'!$D$2:$F$225,3, FALSE) -> Les 2ème et 3ème années sont rémunérées à demi-traitement. | BW17: ABS_C_003 | BX17: =VLOOKUP(BW17,'Axe 2 Règles de gestion'!$D$2:$F$225,3, FALSE) -> La date de début du congé/absence doit être antérieure ou égale à la date de fin réelle du congé/absence. | BY17: ABS_C_004 | BZ17: =VLOOKUP(BY17,'Axe 2 Règles de gestion'!$D$2:$F$225,3, FALSE) -> La date de début du congé/absence doit être antérieure ou égale à la date de fin prévisionnelle du congé/absence. | CA17: ABS_C_005 | CB17: =VLOOKUP(CA17,'Axe 2 Règles de gestion'!$D$2:$F$225,3, FALSE) -> La date de fin réelle du congé/absence doit être antérieure ou égale à la date limite de fin réelle ou prévisionnelle du lien juridique. | CC17: ABS_C_006 | CD17: =VLOOKUP(CC17,'Axe 2 Règles de gestion'!$D$2:$F$225,3, FALSE) -> La date de fin prévisionnelle du congé/absence doit être antérieure ou égale à la date limite de fin réelle ou prévisionnelle du lien juridique. | CE17: ABS_C_007 | CF17: =VLOOKUP(CE17,'Axe 2 Règles de gestion'!$D$2:$F$225,3, FALSE) -> La date de fin réelle du congé/absence doit être antérieure à la date limite de départ à la retraite. | CG17: ABS_C_008 | CH17: =VLOOKUP(CG17,'Axe 2 Règles de gestion'!$D$2:$F$225,3, FALSE) -> La date de fin prévisionnelle du congé/absence doit être antérieure à la date limite de départ à la retraite. | CI17: ABS_C_009 | CJ17: =VLOOKUP(CI17,'Axe 2 Règles de gestion'!$D$2:$F$225,3, FALSE) -> La date de fin réelle ou la date de fin prévisionnelle du congé/absence doit être saisie. | CK17: ABS_C_016 | CL17: =VLOOKUP(CK17,'Axe 2 Règles de gestion'!$D$2:$F$225,3, FALSE) -> Pour chaque période d'absence découpée, la date de fin d'impact rémunération doit être égale à la date de fin prévisionnelle du congé/absence. | CM17: ABS_C_018 | CN17: =VLOOKUP(CM17,'Axe 2 Règles de gestion'!$D$2:$F$225,3, FALSE) -> Pour chaque période d'absence découpée, la date de fin d'impact rémunération doit être égale à la date de fin réelle du congé/absence. | CO17: ABS_C_023 | CP17: =VLOOKUP(CO17,'Axe 2 Règles de gestion'!$D$2:$F$225,3, FALSE) -> L'état du congé est renseigné. | CQ17: ABS_C_024 | CR17: =VLOOKUP(CQ17,'Axe 2 Règles de gestion'!$D$2:$F$225,3, FALSE) -> Si le CMO est requalifié en CLM/CLD/CGM/CITIS alors l'impact rémunération saisi doit être un impact spécifique à la requalification. | CS17: ABS_C_025 | CT17: =VLOOKUP(CS17,'Axe 2 Règles de gestion'!$D$2:$F$225,3, FALSE) -> Si le congé/absence n'est pas issu d'une requalification d'un CMO ou d'un CITIS, alors l'impact rémunération saisi ne doit pas être un impact spécifique à la requalification.
A18: 24.10.00 | B18: M | C18: 45624.424 | D18: D0007 | E18: Congés/Absence | F18: S0056 | G18: Congé de grave maladie | H18: E0477 | I18: Congé de grave maladie | J18: Type de congé/absence saisi = "Congé de grave maladie" | K18: A_COA_TYCOAB [Saisi] = 'CM300' | L18: T1165 | M18: Congé de grave maladie - Fin | N18: Modification | O18: La valeur de l'Etat du congé saisie est égale à celle avant saisie | P18: A_COA_ETCOMA [Saisi] = A_COA_ETCOMA [Valeur avant saisie] | Q18: Contractuel | R18: P0003 | S18: N | T18: Général | U18: Passant | V18: 45536 | X18: CGM_I_133 ET CGM_I_137 ET CGM_I_141 ET CGM_I_145 ET CGM_I_153 ET CGM_I_113 ET CGM_I_220 ET CGM_I_053 ET CGM_I_115 ET CGM_I_173 ET CGM_I_117 ET CGM_I_161 ET CGM_I_157 ET CGM_I_213 ET CGM_D_007 ET CGM_D_008 ET CGM_D_005 ET CGM_D_006 ET ABS_C_003 ET ABS_C_004 ET ABS_C_005 ET ABS_C_006 ET ABS_C_007 ET ABS_C_008 ET ABS_C_009 ET ABS_C_016 ET ABS_C_018 ET ABS_C_023 ET ABS_C_024 ET ABS_C_025 ET ABS_C_011 | Y18: CGM_I_133 | Z18: =VLOOKUP(Y18,'Axe 2 Règles de gestion'!$D$2:$F$225,3, FALSE) -> La reprise de l'agent est subordonnée à la production d'un certificat médical d'aptitude à la reprise. | AA18: CGM_I_137 | AB18: =VLOOKUP(AA18,'Axe 2 Règles de gestion'!$D$2:$F$225,3, FALSE) -> Après expiration des droits à congés pour raison de santé, l'agent ne peut reprendre son service sans avis favorable du conseil médical compétent. | AC18: CGM_I_141 | AD18: =VLOOKUP(AC18,'Axe 2 Règles de gestion'!$D$2:$F$225,3, FALSE) -> A l'issue d'une période de congé lorsque l'agent exerce des fonctions qui exigent des conditions de santé particulières, l'agent ne peut reprendre son service sans avis favorable du conseil médical compétent. | AE18: CGM_I_145 | AF18: =VLOOKUP(AE18,'Axe 2 Règles de gestion'!$D$2:$F$225,3, FALSE) -> Lorsque le congé a fait l'objet d'une saisine du conseil médical par le chef de service, l'agent ne peut reprendre son service sans avis favorable du conseil médical compétent. | AG18: CGM_I_153 | AH18: =VLOOKUP(AG18,'Axe 2 Règles de gestion'!$D$2:$F$225,3, FALSE) -> Lorsque le conseil médical estime l'agent apte à exercer ses fonctions, ce dernier reprend son activité. | AI18: CGM_I_113 | AJ18: =VLOOKUP(AI18,'Axe 2 Règles de gestion'!$D$2:$F$225,3, FALSE) -> Au terme du congé, l'agent non lié par un contrat de projet est réemployé sur son emploi précédent dans la mesure permise par le service. Sinon, il dispose d'une priorité pour être réemployé sur un emploi similaire assorti d'une rémunération équivalente. | AK18: CGM_I_220 | AL18: =VLOOKUP(AK18,'Axe 2 Règles de gestion'!$D$2:$F$225,3, FALSE) -> L'agent lié par un contrat de projet et remplissant toujours les conditions requises est réemployé si la date de demande de réemploi est antérieure au terme du contrat et si le projet court toujours. | AM18: CGM_I_053 | AN18: =VLOOKUP(AM18,'Axe 2 Règles de gestion'!$D$2:$F$225,3, FALSE) -> L'agent en congé sans rémunération est placé en congé sans traitement pour maladie si l'inaptitude d'exercer les fonctions est temporaire. | AO18: CGM_I_115 | AP18: =VLOOKUP(AO18,'Axe 2 Règles de gestion'!$D$2:$F$225,3, FALSE) -> Si l'incapacité de travail est permanente, l'agent non lié par un contrat de projet est licencié. | AQ18: CGM_I_173 | AR18: =VLOOKUP(AQ18,'Axe 2 Règles de gestion'!$D$2:$F$225,3, FALSE) -> Si l'agent non lié par un contrat de projet est présumé définitivement inapte, le licenciement ne peut être prononcé que lorsque le reclassement de l'agent dans un emploi autorisé à être pourvu par un agent contractuel n'est pas possible. | AS18: CGM_I_117 | AT18: =VLOOKUP(AS18,'Axe 2 Règles de gestion'!$D$2:$F$225,3, FALSE) -> En cas d'impossibilité de réemploi de l'agent lié par un contrat de projet, celui-ci est licencié. | AU18: CGM_I_161 | AV18: =VLOOKUP(AU18,'Axe 2 Règles de gestion'!$D$2:$F$225,3, FALSE) -> A l'expiration de la dernière période de congé rémunéré, le conseil médical se prononce sur l'aptitude de l'agent à reprendre ses fonctions. | AW18: CGM_I_157 | AX18: =VLOOKUP(AW18,'Axe 2 Règles de gestion'!$D$2:$F$225,3, FALSE) -> Si l'agent est reconnu inapte à exercer ses fonctions par le conseil médical, le congé continue à courir ou est renouvelé pour une nouvelle période sous réserve des droits restants. | AY18: CGM_I_213 | AZ18: =VLOOKUP(AY18,'Axe 2 Règles de gestion'!$D$2:$F$225,3, FALSE) -> L'avis d'un conseil médical rendu en formation restreinte peut être contesté devant le conseil médical supérieur par l'administration ou l'agent dans le délai de deux mois à compter de sa notification. | BE18: CGM_D_007 | BF18: =VLOOKUP(BE18,'Axe 2 Règles de gestion'!$D$2:$F$225,3, FALSE) -> Le CGM peut être accordé pour chaque période pour une durée maximale de 6 mois. | BG18: CGM_D_008 | BH18: =VLOOKUP(BG18,'Axe 2 Règles de gestion'!$D$2:$F$225,3, FALSE) -> La durée du CGM est de 3 ans maximum. Pour certaines pathologies, le CGM peut être accordé de manière fractionnée : les droits aux 3 ans de congé sont alors appréciés sur une période de référence de 4 ans. | BI18: CGM_D_005 | BJ18: =VLOOKUP(BI18,'Axe 2 Règles de gestion'!$D$2:$F$225,3, FALSE) -> La première année du congé de grave maladie est rémunérée à plein traitement. | BK18: CGM_D_006 | BL18: =VLOOKUP(BK18,'Axe 2 Règles de gestion'!$D$2:$F$225,3, FALSE) -> La deuxième et la troisième années du congé de grave maladie sont rémunérées à 60% du traitement. | BW18: ABS_C_003 | BX18: =VLOOKUP(BW18,'Axe 2 Règles de gestion'!$D$2:$F$225,3, FALSE) -> La date de début du congé/absence doit être antérieure ou égale à la date de fin réelle du congé/absence. | BY18: ABS_C_004 | BZ18: =VLOOKUP(BY18,'Axe 2 Règles de gestion'!$D$2:$F$225,3, FALSE) -> La date de début du congé/absence doit être antérieure ou égale à la date de fin prévisionnelle du congé/absence. | CA18: ABS_C_005 | CB18: =VLOOKUP(CA18,'Axe 2 Règles de gestion'!$D$2:$F$225,3, FALSE) -> La date de fin réelle du congé/absence doit être antérieure ou égale à la date limite de fin réelle ou prévisionnelle du lien juridique. | CC18: ABS_C_006 | CD18: =VLOOKUP(CC18,'Axe 2 Règles de gestion'!$D$2:$F$225,3, FALSE) -> La date de fin prévisionnelle du congé/absence doit être antérieure ou égale à la date limite de fin réelle ou prévisionnelle du lien juridique. | CE18: ABS_C_007 | CF18: =VLOOKUP(CE18,'Axe 2 Règles de gestion'!$D$2:$F$225,3, FALSE) -> La date de fin réelle du congé/absence doit être antérieure à la date limite de départ à la retraite. | CG18: ABS_C_008 | CH18: =VLOOKUP(CG18,'Axe 2 Règles de gestion'!$D$2:$F$225,3, FALSE) -> La date de fin prévisionnelle du congé/absence doit être antérieure à la date limite de départ à la retraite. | CI18: ABS_C_009 | CJ18: =VLOOKUP(CI18,'Axe 2 Règles de gestion'!$D$2:$F$225,3, FALSE) -> La date de fin réelle ou la date de fin prévisionnelle du congé/absence doit être saisie. | CK18: ABS_C_016 | CL18: =VLOOKUP(CK18,'Axe 2 Règles de gestion'!$D$2:$F$225,3, FALSE) -> Pour chaque période d'absence découpée, la date de fin d'impact rémunération doit être égale à la date de fin prévisionnelle du congé/absence. | CM18: ABS_C_018 | CN18: =VLOOKUP(CM18,'Axe 2 Règles de gestion'!$D$2:$F$225,3, FALSE) -> Pour chaque période d'absence découpée, la date de fin d'impact rémunération doit être égale à la date de fin réelle du congé/absence. | CO18: ABS_C_023 | CP18: =VLOOKUP(CO18,'Axe 2 Règles de gestion'!$D$2:$F$225,3, FALSE) -> L'état du congé est renseigné. | CQ18: ABS_C_024 | CR18: =VLOOKUP(CQ18,'Axe 2 Règles de gestion'!$D$2:$F$225,3, FALSE) -> Si le CMO est requalifié en CLM/CLD/CGM/CITIS alors l'impact rémunération saisi doit être un impact spécifique à la requalification. | CS18: ABS_C_025 | CT18: =VLOOKUP(CS18,'Axe 2 Règles de gestion'!$D$2:$F$225,3, FALSE) -> Si le congé/absence n'est pas issu d'une requalification d'un CMO ou d'un CITIS, alors l'impact rémunération saisi ne doit pas être un impact spécifique à la requalification. | CU18: ABS_C_011 | CV18: =VLOOKUP(CU18,'Axe 2 Règles de gestion'!$D$2:$F$225,3, FALSE) -> Attention : La date d'effet l'avis du conseil médical doit être saisie afin d'être récupérée automatiquement lors de la génération de l'acte.
A19: 17.10.00 | B19: A | C19: 43152.5 | D19: D0007 | E19: Congés/Absence | F19: S0056 | G19: Congé de grave maladie | H19: E0477 | I19: Congé de grave maladie | J19: Type de congé/absence saisi = "Congé de grave maladie" | K19: A_COA_TYCOAB [Saisi] = 'CM300' | L19: T1163 | M19: Congé de grave maladie - Initial | N19: Création Modification | O19: La valeur de l'Etat du congé est égale à 'initial' et la valeur de l'Etat du congé saisie est différente de celle avant saisie | P19: A_COA_ETCOMA [Saisi] = 'EC01' ET A_COA_ETCOMA [Saisi] <> A_COA_ETCOMA [Valeur avant saisie] | Q19: Stagiaire ou auditeur ou élève | R19: P0004 | S19: S | T19: Général | U19: Exclu | V19: 40725
A20: 17.10.00 | B20: A | C20: 43152.5 | D20: D0007 | E20: Congés/Absence | F20: S0056 | G20: Congé de grave maladie | H20: E0477 | I20: Congé de grave maladie | J20: Type de congé/absence saisi = "Congé de grave maladie" | K20: A_COA_TYCOAB [Saisi] = 'CM300' | L20: T1164 | M20: Congé de grave maladie - Prolongation | N20: Création Modification | O20: La valeur de l'Etat du congé est égale à 'Renouvellement' et la valeur de l'Etat du congé saisie est différente de celle avant saisie | P20: A_COA_ETCOMA [Saisi] = 'EC02' ET A_COA_ETCOMA [Saisi] <> A_COA_ETCOMA [Valeur avant saisie] | Q20: Stagiaire ou auditeur ou élève | R20: P0004 | S20: S | T20: Général | U20: Exclu | V20: 40725
A21: 17.10.00 | B21: A | C21: 43152.5 | D21: D0007 | E21: Congés/Absence | F21: S0056 | G21: Congé de grave maladie | H21: E0477 | I21: Congé de grave maladie | J21: Type de congé/absence saisi = "Congé de grave maladie" | K21: A_COA_TYCOAB [Saisi] = 'CM300' | L21: T1165 | M21: Congé de grave maladie - Fin | N21: Modification | O21: La valeur de l'Etat du congé saisie est égale à celle avant saisie | P21: A_COA_ETCOMA [Saisi] = A_COA_ETCOMA [Valeur avant saisie] | Q21: Stagiaire ou auditeur ou élève | R21: P0004 | S21: S | T21: Général | U21: Exclu | V21: 40725
A22: 17.10.00 | B22: A | C22: 43189.5 | D22: D0007 | E22: Congés/Absence | F22: S0056 | G22: Congé de grave maladie | H22: E0477 | I22: Congé de grave maladie | J22: Type de congé/absence saisi = "Congé de grave maladie" | K22: A_COA_TYCOAB [Saisi] = 'CM300' | L22: T1163 | M22: Congé de grave maladie - Initial | N22: Création Modification | O22: La valeur de l'Etat du congé est égale à 'initial' et la valeur de l'Etat du congé saisie est différente de celle avant saisie | P22: A_COA_ETCOMA [Saisi] = 'EC01' ET A_COA_ETCOMA [Saisi] <> A_COA_ETCOMA [Valeur avant saisie] | Q22: Ouvrier d'état | R22: P0005 | S22: O | T22: Général | U22: Exclu | V22: 40725
A23: 17.10.00 | B23: A | C23: 43189.5 | D23: D0007 | E23: Congés/Absence | F23: S0056 | G23: Congé de grave maladie | H23: E0477 | I23: Congé de grave maladie | J23: Type de congé/absence saisi = "Congé de grave maladie" | K23: A_COA_TYCOAB [Saisi] = 'CM300' | L23: T1164 | M23: Congé de grave maladie - Prolongation | N23: Création Modification | O23: La valeur de l'Etat du congé est égale à 'Renouvellement' et la valeur de l'Etat du congé saisie est différente de celle avant saisie | P23: A_COA_ETCOMA [Saisi] = 'EC02' ET A_COA_ETCOMA [Saisi] <> A_COA_ETCOMA [Valeur avant saisie] | Q23: Ouvrier d'état | R23: P0005 | S23: O | T23: Général | U23: Exclu | V23: 40725
A24: 17.10.00 | B24: A | C24: 43189.5 | D24: D0007 | E24: Congés/Absence | F24: S0056 | G24: Congé de grave maladie | H24: E0477 | I24: Congé de grave maladie | J24: Type de congé/absence saisi = "Congé de grave maladie" | K24: A_COA_TYCOAB [Saisi] = 'CM300' | L24: T1165 | M24: Congé de grave maladie - Fin | N24: Modification | O24: La valeur de l'Etat du congé saisie est égale à celle avant saisie | P24: A_COA_ETCOMA [Saisi] = A_COA_ETCOMA [Valeur avant saisie] | Q24: Ouvrier d'état | R24: P0005 | S24: O | T24: Général | U24: Exclu | V24: 40725
A25: 18.10.00 | B25: A | C25: 43152.5 | D25: D0007 | E25: Congés/Absence | F25: S0056 | G25: Congé de grave maladie | H25: E0477 | I25: Congé de grave maladie | J25: Type de congé/absence saisi = "Congé de grave maladie" | K25: A_COA_TYCOAB [Saisi] = 'CM300' | L25: T1163 | M25: Congé de grave maladie - Initial | N25: Création Modification | O25: La valeur de l'Etat du congé est égale à 'initial' et la valeur de l'Etat du congé saisie est différente de celle avant saisie | P25: A_COA_ETCOMA [Saisi] = 'EC01' ET A_COA_ETCOMA [Saisi] <> A_COA_ETCOMA [Valeur avant saisie] | Q25: Personnel civil payé à l'acte ou à la tâche | R25: P0054 | S25: N | T25: Particulier | U25: Exclu | V25: 40725
A26: 17.10.00 | B26: A | C26: 43152.5 | D26: D0007 | E26: Congés/Absence | F26: S0056 | G26: Congé de grave maladie | H26: E0477 | I26: Congé de grave maladie | J26: Type de congé/absence saisi = "Congé de grave maladie" | K26: A_COA_TYCOAB [Saisi] = 'CM300' | L26: T1164 | M26: Congé de grave maladie - Prolongation | N26: Création Modification | O26: La valeur de l'Etat du congé est égale à 'Renouvellement' et la valeur de l'Etat du congé saisie est différente de celle avant saisie | P26: A_COA_ETCOMA [Saisi] = 'EC02' ET A_COA_ETCOMA [Saisi] <> A_COA_ETCOMA [Valeur avant saisie] | Q26: Personnel civil payé à l'acte ou à la tâche | R26: P0054 | S26: N | T26: Particulier | U26: Exclu | V26: 40725
A27: 17.10.00 | B27: A | C27: 43152.5 | D27: D0007 | E27: Congés/Absence | F27: S0056 | G27: Congé de grave maladie | H27: E0477 | I27: Congé de grave maladie | J27: Type de congé/absence saisi = "Congé de grave maladie" | K27: A_COA_TYCOAB [Saisi] = 'CM300' | L27: T1165 | M27: Congé de grave maladie - Fin | N27: Modification | O27: La valeur de l'Etat du congé saisie est égale à celle avant saisie | P27: A_COA_ETCOMA [Saisi] = A_COA_ETCOMA [Valeur avant saisie] | Q27: Personnel civil payé à l'acte ou à la tâche | R27: P0054 | S27: N | T27: Particulier | U27: Exclu | V27: 40725
A28: 22.00.00 | B28: M | C28: 45520.828 | D28: D0007 | E28: Congés/Absence | F28: S0056 | G28: Congé de grave maladie | H28: E0477 | I28: Congé de grave maladie | J28: Type de congé/absence saisi = "Congé de grave maladie" | K28: A_COA_TYCOAB [Saisi] = 'CM300' | L28: T1163 | M28: Congé de grave maladie - Initial | N28: Création Modification | O28: La valeur de l'Etat du congé est égale à 'initial' et la valeur de l'Etat du congé saisie est différente de celle avant saisie | P28: A_COA_ETCOMA [Saisi] = 'EC01' ET A_COA_ETCOMA [Saisi] <> A_COA_ETCOMA [Valeur avant saisie] | Q28: Contractuel en service à l'étranger | R28: P0069 | S28: N | T28: Particulier | U28: Passant | V28: 40725 | W28: 44633 | X28: CGM_I_058 ET CGM_I_046 ET CGM_I_026 ET CGM_I_066 ET CGM_I_070 ET CGM_I_098 ET CGM_I_078 ET CGM_I_022 ET CGM_I_030 ET CGM_I_042 ET CGM_I_062 ET CGM_I_110 ET CGM_I_038 ET CGM_I_074 ET CGM_D_023 ET CGM_D_021 ET CGM_D_018 ET CGM_D_019 ET CGM_D_043 ET CGM_D_046 ET ABS_C_002 ET ABS_C_003 ET ABS_C_004 ET ABS_C_005 ET ABS_C_006 ET ABS_C_007 ET ABS_C_008 ET ABS_C_009 ET ABS_C_015 ET ABS_C_016 ET ABS_C_018 ET ABS_C_019 ET ABS_C_020 ET ABS_C_023 ET ABS_C_024 ET ABS_C_025 | Y28: CGM_I_058 | Z28: =VLOOKUP(Y28,'Axe 2 Règles de gestion'!$D$2:$F$225,3, FALSE) -> Le bénéfice d'un congé de grave maladie demandé pour une affection qui n'est pas inscrite sur la liste indicative de maladies peut être accordé après l'avis du comité médical compétent. | AA28: CGM_I_046 | AB28: =VLOOKUP(AA28,'Axe 2 Règles de gestion'!$D$2:$F$225,3, FALSE) -> L'agent ou son représentant légal doit adresser à son chef de service une demande. | AC28: CGM_I_026 | AD28: =VLOOKUP(AC28,'Axe 2 Règles de gestion'!$D$2:$F$225,3, FALSE) -> La demande doit être appuyée d'un certificat du médecin traitant spécifiant que l'agent est susceptible de bénéficier d'un congé de grave maladie. | AE28: CGM_I_066 | AF28: =VLOOKUP(AE28,'Axe 2 Règles de gestion'!$D$2:$F$225,3, FALSE) -> Le congé peut être octroyé d'office au vu d'une attestation médicale ou d'un rapport des supérieurs hiérarchiques. | AG28: CGM_I_070 | AH28: =VLOOKUP(AG28,'Axe 2 Règles de gestion'!$D$2:$F$225,3, FALSE) -> Le dossier doit être appuyé d'un rapport du médecin de prévention. | AI28: CGM_I_098 | AJ28: =VLOOKUP(AI28,'Axe 2 Règles de gestion'!$D$2:$F$225,3, FALSE) -> Si le chef de service est à l'origine de l'examen médical de l'agent, le rapport écrit du médecin doit figurer au dossier soumis au comité médical. | AK28: CGM_I_078 | AL28: =VLOOKUP(AK28,'Axe 2 Règles de gestion'!$D$2:$F$225,3, FALSE) -> Le secrétaire du comité médical fait procéder à la contre-visite du demandeur par un médecin agréé. | AM28: CGM_I_022 | AN28: =VLOOKUP(AM28,'Axe 2 Règles de gestion'!$D$2:$F$225,3, FALSE) -> En cas de contestation par l'administration ou l'agent de la décision du comité médical, ce dernier est soumis au comité médical supérieur. | AO28: CGM_I_030 | AP28: =VLOOKUP(AO28,'Axe 2 Règles de gestion'!$D$2:$F$225,3, FALSE) -> La durée du congé est fixée sur la proposition du comité médical. | AQ28: CGM_I_042 | AR28: =VLOOKUP(AQ28,'Axe 2 Règles de gestion'!$D$2:$F$225,3, FALSE) -> L'agent est tenu de notifier ses changements de résidence successifs au chef de service chargé de la gestion du personnel de l'administration dont il dépend. | AS28: CGM_I_062 | AT28: =VLOOKUP(AS28,'Axe 2 Règles de gestion'!$D$2:$F$225,3, FALSE) -> Le chef de service s'assure par les contrôles appropriés que l'agent n'exerce pas pendant son congé d'activité interdite. | AU28: CGM_I_110 | AV28: =VLOOKUP(AU28,'Axe 2 Règles de gestion'!$D$2:$F$225,3, FALSE) -> Un contrôle pourra être effectué à tout moment par un médecin agréé de l'administration. Si les conclusions du médecin agréé donnent lieu à contestation, le comité médical peut être saisi. | AW28: CGM_I_038 | AX28: =VLOOKUP(AW28,'Axe 2 Règles de gestion'!$D$2:$F$225,3, FALSE) -> L'agent doit se soumettre, sous le contrôle du médecin agréé, et s'il y a lieu, du comité médical compétent, aux prescriptions et aux visites de contrôles que son état comporte. | AY28: CGM_I_074 | AZ28: =VLOOKUP(AY28,'Axe 2 Règles de gestion'!$D$2:$F$225,3, FALSE) -> Le refus répété et sans motif valable de se soumettre aux visites de contrôle peut entraîner, après mise en demeure de l'agent, la perte du bénéfice du congé. | BE28: CGM_D_023 | BF28: =VLOOKUP(BE28,'Axe 2 Règles de gestion'!$D$2:$F$225,3, FALSE) -> Le CGM peut être accordé pour chaque période pour une durée maximale de 6 mois. | BG28: CGM_D_021 | BH28: =VLOOKUP(BG28,'Axe 2 Règles de gestion'!$D$2:$F$225,3, FALSE) -> L'agent est admis au bénéfice du CGM pour une durée réelle ou prévisionnelle maximale de trois ans, à compter de la date de la première constatation médicale de l'affection y ouvrant droit. | BI28: CGM_D_018 | BJ28: =VLOOKUP(BI28,'Axe 2 Règles de gestion'!$D$2:$F$225,3, FALSE) -> L'agent doit être en activité. | BK28: CGM_D_019 | BL28: =VLOOKUP(BK28,'Axe 2 Règles de gestion'!$D$2:$F$225,3, FALSE) -> L'agent doit compter au moins 4 ans de services. | BM28: CGM_D_043 | BN28: =VLOOKUP(BM28,'Axe 2 Règles de gestion'!$D$2:$F$225,3, FALSE) -> Les 6 premiers mois sont rémunérés à plein traitement. | BO28: CGM_D_046 | BP28: =VLOOKUP(BO28,'Axe 2 Règles de gestion'!$D$2:$F$225,3, FALSE) -> Les 30 mois suivants sont rémunérés à demi-traitement. | BW28: ABS_C_002 | BX28: =VLOOKUP(BW28,'Axe 2 Règles de gestion'!$D$2:$F$225,3, FALSE) -> La date de début du congé/absence doit être postérieure ou égale à la date de début du lien juridique. | BY28: ABS_C_003 | BZ28: =VLOOKUP(BY28,'Axe 2 Règles de gestion'!$D$2:$F$225,3, FALSE) -> La date de début du congé/absence doit être antérieure ou égale à la date de fin réelle du congé/absence. | CA28: ABS_C_004 | CB28: =VLOOKUP(CA28,'Axe 2 Règles de gestion'!$D$2:$F$225,3, FALSE) -> La date de début du congé/absence doit être antérieure ou égale à la date de fin prévisionnelle du congé/absence. | CC28: ABS_C_005 | CD28: =VLOOKUP(CC28,'Axe 2 Règles de gestion'!$D$2:$F$225,3, FALSE) -> La date de fin réelle du congé/absence doit être antérieure ou égale à la date limite de fin réelle ou prévisionnelle du lien juridique. | CE28: ABS_C_006 | CF28: =VLOOKUP(CE28,'Axe 2 Règles de gestion'!$D$2:$F$225,3, FALSE) -> La date de fin prévisionnelle du congé/absence doit être antérieure ou égale à la date limite de fin réelle ou prévisionnelle du lien juridique. | CG28: ABS_C_007 | CH28: =VLOOKUP(CG28,'Axe 2 Règles de gestion'!$D$2:$F$225,3, FALSE) -> La date de fin réelle du congé/absence doit être antérieure à la date limite de départ à la retraite. | CI28: ABS_C_008 | CJ28: =VLOOKUP(CI28,'Axe 2 Règles de gestion'!$D$2:$F$225,3, FALSE) -> La date de fin prévisionnelle du congé/absence doit être antérieure à la date limite de départ à la retraite. | CK28: ABS_C_009 | CL28: =VLOOKUP(CK28,'Axe 2 Règles de gestion'!$D$2:$F$225,3, FALSE) -> La date de fin réelle ou la date de fin prévisionnelle du congé/absence doit être saisie. | CM28: ABS_C_015 | CN28: =VLOOKUP(CM28,'Axe 2 Règles de gestion'!$D$2:$F$225,3, FALSE) -> Pour chaque période d'absence découpée, la date de début d'impact rémunération doit être égale à la date de début du congé/absence. | CO28: ABS_C_016 | CP28: =VLOOKUP(CO28,'Axe 2 Règles de gestion'!$D$2:$F$225,3, FALSE) -> Pour chaque période d'absence découpée, la date de fin d'impact rémunération doit être égale à la date de fin prévisionnelle du congé/absence. | CQ28: ABS_C_018 | CR28: =VLOOKUP(CQ28,'Axe 2 Règles de gestion'!$D$2:$F$225,3, FALSE) -> Pour chaque période d'absence découpée, la date de fin d'impact rémunération doit être égale à la date de fin réelle du congé/absence. | CS28: ABS_C_019 | CT28: =VLOOKUP(CS28,'Axe 2 Règles de gestion'!$D$2:$F$225,3, FALSE) -> Si l'absence ne commence pas par une demi-journée et si l'absence précédente ne finit pas par une demi journée, la date de début de l'absence saisie est postérieure à la date de fin réelle de l'absence précédente. | CU28: ABS_C_020 | CV28: =VLOOKUP(CU28,'Axe 2 Règles de gestion'!$D$2:$F$225,3, FALSE) -> Si l'absence ne commence pas par une demi-journée et si l'absence précédente ne finit pas par une demi journée, la date de début de l'absence saisie est postérieure à la date de fin prévisionnelle de l'absence précédente. | CW28: ABS_C_023 | CX28: =VLOOKUP(CW28,'Axe 2 Règles de gestion'!$D$2:$F$225,3, FALSE) -> L'état du congé est renseigné. | CY28: ABS_C_024 | CZ28: =VLOOKUP(CY28,'Axe 2 Règles de gestion'!$D$2:$F$225,3, FALSE) -> Si le CMO est requalifié en CLM/CLD/CGM/CITIS alors l'impact rémunération saisi doit être un impact spécifique à la requalification. | DA28: ABS_C_025 | DB28: =VLOOKUP(DA28,'Axe 2 Règles de gestion'!$D$2:$F$225,3, FALSE) -> Si le congé/absence n'est pas issu d'une requalification d'un CMO ou d'un CITIS, alors l'impact rémunération saisi ne doit pas être un impact spécifique à la requalification.
A29: 24.10.00 | B29: M | C29: 45520.828 | D29: D0007 | E29: Congés/Absence | F29: S0056 | G29: Congé de grave maladie | H29: E0477 | I29: Congé de grave maladie | J29: Type de congé/absence saisi = "Congé de grave maladie" | K29: A_COA_TYCOAB [Saisi] = 'CM300' | L29: T1163 | M29: Congé de grave maladie - Initial | N29: Création Modification | O29: La valeur de l'Etat du congé est égale à 'initial' et la valeur de l'Etat du congé saisie est différente de celle avant saisie | P29: A_COA_ETCOMA [Saisi] = 'EC01' ET A_COA_ETCOMA [Saisi] <> A_COA_ETCOMA [Valeur avant saisie] | Q29: Contractuel en service à l'étranger | R29: P0069 | S29: N | T29: Particulier | U29: Passant | V29: 44634 | W29: 45535 | X29: CGM_I_221 ET CGM_I_174 ET CGM_I_195 ET CGM_I_105 ET CGM_I_199 ET CGM_I_178 ET CGM_I_182 ET CGM_I_207 ET CGM_I_213 ET CGM_I_129 ET CGM_I_165 ET CGM_I_073 ET CGM_D_007 ET CGM_D_008 ET CGM_D_002 ET CGM_D_009 ET CGM_D_003 ET CGM_D_042 ET CGM_D_045 ET ABS_C_002 ET ABS_C_003 ET ABS_C_004 ET ABS_C_005 ET ABS_C_006 ET ABS_C_007 ET ABS_C_008 ET ABS_C_009 ET ABS_C_015 ET ABS_C_016 ET ABS_C_018 ET ABS_C_019 ET ABS_C_020 ET ABS_C_023 ET ABS_C_024 ET ABS_C_025 | Y29: CGM_I_221 | Z29: =VLOOKUP(Y29,'Axe 2 Règles de gestion'!$D$2:$F$225,3, FALSE) -> L'agent bénéficie des dispositions applicables aux agents contractuels pour le congé de grave maladie. | AA29: CGM_I_174 | AB29: =VLOOKUP(AA29,'Axe 2 Règles de gestion'!$D$2:$F$225,3, FALSE) -> Le bénéfice d'un congé de grave maladie demandé pour une affection qui n'est pas inscrite sur la liste indicative de maladies peut être accordé après l'avis du conseil médical compétent. | AC29: CGM_I_195 | AD29: =VLOOKUP(AC29,'Axe 2 Règles de gestion'!$D$2:$F$225,3, FALSE) -> L'agent doit adresser à son chef de service une demande appuyée d'un certificat d'un médecin. | AE29: CGM_I_105 | AF29: =VLOOKUP(AE29,'Axe 2 Règles de gestion'!$D$2:$F$225,3, FALSE) -> L'avis du conseil médical doit être rendu. | AG29: CGM_I_199 | AH29: =VLOOKUP(AG29,'Axe 2 Règles de gestion'!$D$2:$F$225,3, FALSE) -> Le médecin adresse au président du conseil médical un résumé de ses observations et toute pièce justifiant la situation de l'agent. | AI29: CGM_I_178 | AJ29: =VLOOKUP(AI29,'Axe 2 Règles de gestion'!$D$2:$F$225,3, FALSE) -> Le congé peut être octroyé d'office au vu d'une attestation médicale ou d'un rapport des supérieurs hiérarchiques. Le chef de service saisit alors le conseil médical. | AK29: CGM_I_182 | AL29: =VLOOKUP(AK29,'Axe 2 Règles de gestion'!$D$2:$F$225,3, FALSE) -> Si le chef de service saisit le conseil médical, il informe de cette saisine le médecin du travail qui transmet un rapport au conseil médical. | AM29: CGM_I_207 | AN29: =VLOOKUP(AM29,'Axe 2 Règles de gestion'!$D$2:$F$225,3, FALSE) -> Un contrôle pourra être effectué à tout moment par un médecin agréé de l'administration. | AO29: CGM_I_213 | AP29: =VLOOKUP(AO29,'Axe 2 Règles de gestion'!$D$2:$F$225,3, FALSE) -> L'avis d'un conseil médical rendu en formation restreinte peut être contesté devant le conseil médical supérieur par l'administration ou l'agent dans le délai de deux mois à compter de sa notification. | AQ29: CGM_I_129 | AR29: =VLOOKUP(AQ29,'Axe 2 Règles de gestion'!$D$2:$F$225,3, FALSE) -> L'agent informe l'administration de tout changement de domicile et, sauf en cas d'hospitalisation, de toute absence du domicile supérieure à deux semaines. Il informe l'administration de ses dates et lieux de séjour. | AS29: CGM_I_165 | AT29: =VLOOKUP(AS29,'Axe 2 Règles de gestion'!$D$2:$F$225,3, FALSE) -> L'agent doit se soumettre aux visites de contrôle prescrites par le médecin agréé ou le conseil médical. | AU29: CGM_I_073 | AV29: =VLOOKUP(AU29,'Axe 2 Règles de gestion'!$D$2:$F$225,3, FALSE) -> Le refus répété et sans motif valable de se soumettre aux visites de contrôle peut entraîner, après mise en demeure de l'agent, la perte du bénéfice du congé. | BE29: CGM_D_007 | BF29: =VLOOKUP(BE29,'Axe 2 Règles de gestion'!$D$2:$F$225,3, FALSE) -> Le CGM peut être accordé pour chaque période pour une durée maximale de 6 mois. | BG29: CGM_D_008 | BH29: =VLOOKUP(BG29,'Axe 2 Règles de gestion'!$D$2:$F$225,3, FALSE) -> La durée du CGM est de 3 ans maximum. Pour certaines pathologies, le CGM peut être accordé de manière fractionnée : les droits aux 3 ans de congé sont alors appréciés sur une période de référence de 4 ans. | BI29: CGM_D_002 | BJ29: =VLOOKUP(BI29,'Axe 2 Règles de gestion'!$D$2:$F$225,3, FALSE) -> L'agent doit être en activité. | BK29: CGM_D_009 | BL29: =VLOOKUP(BK29,'Axe 2 Règles de gestion'!$D$2:$F$225,3, FALSE) -> L'agent qui a obtenu un congé de grave maladie pour une affection non liée à un accident de service ou maladie professionnelle ne peut bénéficier d'un autre congé de cette nature, s'il n'a pas auparavant repris l'exercice de ses fonctions pendant un an. | BM29: CGM_D_003 | BN29: =VLOOKUP(BM29,'Axe 2 Règles de gestion'!$D$2:$F$225,3, FALSE) -> L'agent doit compter au moins 3 ans de services. | BO29: CGM_D_042 | BP29: =VLOOKUP(BO29,'Axe 2 Règles de gestion'!$D$2:$F$225,3, FALSE) -> La 1ère année est rémunérée à plein traitement. | BQ29: CGM_D_045 | BR29: =VLOOKUP(BQ29,'Axe 2 Règles de gestion'!$D$2:$F$225,3, FALSE) -> Les 2ème et 3ème années sont rémunérées à demi-traitement. | BW29: ABS_C_002 | BX29: =VLOOKUP(BW29,'Axe 2 Règles de gestion'!$D$2:$F$225,3, FALSE) -> La date de début du congé/absence doit être postérieure ou égale à la date de début du lien juridique. | BY29: ABS_C_003 | BZ29: =VLOOKUP(BY29,'Axe 2 Règles de gestion'!$D$2:$F$225,3, FALSE) -> La date de début du congé/absence doit être antérieure ou égale à la date de fin réelle du congé/absence. | CA29: ABS_C_004 | CB29: =VLOOKUP(CA29,'Axe 2 Règles de gestion'!$D$2:$F$225,3, FALSE) -> La date de début du congé/absence doit être antérieure ou égale à la date de fin prévisionnelle du congé/absence. | CC29: ABS_C_005 | CD29: =VLOOKUP(CC29,'Axe 2 Règles de gestion'!$D$2:$F$225,3, FALSE) -> La date de fin réelle du congé/absence doit être antérieure ou égale à la date limite de fin réelle ou prévisionnelle du lien juridique. | CE29: ABS_C_006 | CF29: =VLOOKUP(CE29,'Axe 2 Règles de gestion'!$D$2:$F$225,3, FALSE) -> La date de fin prévisionnelle du congé/absence doit être antérieure ou égale à la date limite de fin réelle ou prévisionnelle du lien juridique. | CG29: ABS_C_007 | CH29: =VLOOKUP(CG29,'Axe 2 Règles de gestion'!$D$2:$F$225,3, FALSE) -> La date de fin réelle du congé/absence doit être antérieure à la date limite de départ à la retraite. | CI29: ABS_C_008 | CJ29: =VLOOKUP(CI29,'Axe 2 Règles de gestion'!$D$2:$F$225,3, FALSE) -> La date de fin prévisionnelle du congé/absence doit être antérieure à la date limite de départ à la retraite. | CK29: ABS_C_009 | CL29: =VLOOKUP(CK29,'Axe 2 Règles de gestion'!$D$2:$F$225,3, FALSE) -> La date de fin réelle ou la date de fin prévisionnelle du congé/absence doit être saisie. | CM29: ABS_C_015 | CN29: =VLOOKUP(CM29,'Axe 2 Règles de gestion'!$D$2:$F$225,3, FALSE) -> Pour chaque période d'absence découpée, la date de début d'impact rémunération doit être égale à la date de début du congé/absence. | CO29: ABS_C_016 | CP29: =VLOOKUP(CO29,'Axe 2 Règles de gestion'!$D$2:$F$225,3, FALSE) -> Pour chaque période d'absence découpée, la date de fin d'impact rémunération doit être égale à la date de fin prévisionnelle du congé/absence. | CQ29: ABS_C_018 | CR29: =VLOOKUP(CQ29,'Axe 2 Règles de gestion'!$D$2:$F$225,3, FALSE) -> Pour chaque période d'absence découpée, la date de fin d'impact rémunération doit être égale à la date de fin réelle du congé/absence. | CS29: ABS_C_019 | CT29: =VLOOKUP(CS29,'Axe 2 Règles de gestion'!$D$2:$F$225,3, FALSE) -> Si l'absence ne commence pas par une demi-journée et si l'absence précédente ne finit pas par une demi journée, la date de début de l'absence saisie est postérieure à la date de fin réelle de l'absence précédente. | CU29: ABS_C_020 | CV29: =VLOOKUP(CU29,'Axe 2 Règles de gestion'!$D$2:$F$225,3, FALSE) -> Si l'absence ne commence pas par une demi-journée et si l'absence précédente ne finit pas par une demi journée, la date de début de l'absence saisie est postérieure à la date de fin prévisionnelle de l'absence précédente. | CW29: ABS_C_023 | CX29: =VLOOKUP(CW29,'Axe 2 Règles de gestion'!$D$2:$F$225,3, FALSE) -> L'état du congé est renseigné. | CY29: ABS_C_024 | CZ29: =VLOOKUP(CY29,'Axe 2 Règles de gestion'!$D$2:$F$225,3, FALSE) -> Si le CMO est requalifié en CLM/CLD/CGM/CITIS alors l'impact rémunération saisi doit être un impact spécifique à la requalification. | DA29: ABS_C_025 | DB29: =VLOOKUP(DA29,'Axe 2 Règles de gestion'!$D$2:$F$225,3, FALSE) -> Si le congé/absence n'est pas issu d'une requalification d'un CMO ou d'un CITIS, alors l'impact rémunération saisi ne doit pas être un impact spécifique à la requalification.
A30: 24.10.00 | B30: A | C30: 45520.828 | D30: D0007 | E30: Congés/Absence | F30: S0056 | G30: Congé de grave maladie | H30: E0477 | I30: Congé de grave maladie | J30: Type de congé/absence saisi = "Congé de grave maladie" | K30: A_COA_TYCOAB [Saisi] = 'CM300' | L30: T1163 | M30: Congé de grave maladie - Initial | N30: Création Modification | O30: La valeur de l'Etat du congé est égale à 'initial' et la valeur de l'Etat du congé saisie est différente de celle avant saisie | P30: A_COA_ETCOMA [Saisi] = 'EC01' ET A_COA_ETCOMA [Saisi] <> A_COA_ETCOMA [Valeur avant saisie] | Q30: Contractuel en service à l'étranger | R30: P0069 | S30: N | T30: Particulier | U30: Passant | V30: 45536 | X30: CGM_I_221 ET CGM_I_174 ET CGM_I_195 ET CGM_I_105 ET CGM_I_199 ET CGM_I_178 ET CGM_I_182 ET CGM_I_207 ET CGM_I_213 ET CGM_I_129 ET CGM_I_165 ET CGM_I_073 ET CGM_D_007 ET CGM_D_008 ET CGM_D_002 ET CGM_D_009 ET CGM_D_004 ET CGM_D_005 ET CGM_D_006 ET ABS_C_002 ET ABS_C_003 ET ABS_C_004 ET ABS_C_005 ET ABS_C_006 ET ABS_C_007 ET ABS_C_008 ET ABS_C_009 ET ABS_C_015 ET ABS_C_016 ET ABS_C_018 ET ABS_C_019 ET ABS_C_020 ET ABS_C_023 ET ABS_C_024 ET ABS_C_025 | Y30: CGM_I_221 | Z30: =VLOOKUP(Y30,'Axe 2 Règles de gestion'!$D$2:$F$225,3, FALSE) -> L'agent bénéficie des dispositions applicables aux agents contractuels pour le congé de grave maladie. | AA30: CGM_I_174 | AB30: =VLOOKUP(AA30,'Axe 2 Règles de gestion'!$D$2:$F$225,3, FALSE) -> Le bénéfice d'un congé de grave maladie demandé pour une affection qui n'est pas inscrite sur la liste indicative de maladies peut être accordé après l'avis du conseil médical compétent. | AC30: CGM_I_195 | AD30: =VLOOKUP(AC30,'Axe 2 Règles de gestion'!$D$2:$F$225,3, FALSE) -> L'agent doit adresser à son chef de service une demande appuyée d'un certificat d'un médecin. | AE30: CGM_I_105 | AF30: =VLOOKUP(AE30,'Axe 2 Règles de gestion'!$D$2:$F$225,3, FALSE) -> L'avis du conseil médical doit être rendu. | AG30: CGM_I_199 | AH30: =VLOOKUP(AG30,'Axe 2 Règles de gestion'!$D$2:$F$225,3, FALSE) -> Le médecin adresse au président du conseil médical un résumé de ses observations et toute pièce justifiant la situation de l'agent. | AI30: CGM_I_178 | AJ30: =VLOOKUP(AI30,'Axe 2 Règles de gestion'!$D$2:$F$225,3, FALSE) -> Le congé peut être octroyé d'office au vu d'une attestation médicale ou d'un rapport des supérieurs hiérarchiques. Le chef de service saisit alors le conseil médical. | AK30: CGM_I_182 | AL30: =VLOOKUP(AK30,'Axe 2 Règles de gestion'!$D$2:$F$225,3, FALSE) -> Si le chef de service saisit le conseil médical, il informe de cette saisine le médecin du travail qui transmet un rapport au conseil médical. | AM30: CGM_I_207 | AN30: =VLOOKUP(AM30,'Axe 2 Règles de gestion'!$D$2:$F$225,3, FALSE) -> Un contrôle pourra être effectué à tout moment par un médecin agréé de l'administration. | AO30: CGM_I_213 | AP30: =VLOOKUP(AO30,'Axe 2 Règles de gestion'!$D$2:$F$225,3, FALSE) -> L'avis d'un conseil médical rendu en formation restreinte peut être contesté devant le conseil médical supérieur par l'administration ou l'agent dans le délai de deux mois à compter de sa notification. | AQ30: CGM_I_129 | AR30: =VLOOKUP(AQ30,'Axe 2 Règles de gestion'!$D$2:$F$225,3, FALSE) -> L'agent informe l'administration de tout changement de domicile et, sauf en cas d'hospitalisation, de toute absence du domicile supérieure à deux semaines. Il informe l'administration de ses dates et lieux de séjour. | AS30: CGM_I_165 | AT30: =VLOOKUP(AS30,'Axe 2 Règles de gestion'!$D$2:$F$225,3, FALSE) -> L'agent doit se soumettre aux visites de contrôle prescrites par le médecin agréé ou le conseil médical. | AU30: CGM_I_073 | AV30: =VLOOKUP(AU30,'Axe 2 Règles de gestion'!$D$2:$F$225,3, FALSE) -> Le refus répété et sans motif valable de se soumettre aux visites de contrôle peut entraîner, après mise en demeure de l'agent, la perte du bénéfice du congé. | BE30: CGM_D_007 | BF30: =VLOOKUP(BE30,'Axe 2 Règles de gestion'!$D$2:$F$225,3, FALSE) -> Le CGM peut être accordé pour chaque période pour une durée maximale de 6 mois. | BG30: CGM_D_008 | BH30: =VLOOKUP(BG30,'Axe 2 Règles de gestion'!$D$2:$F$225,3, FALSE) -> La durée du CGM est de 3 ans maximum. Pour certaines pathologies, le CGM peut être accordé de manière fractionnée : les droits aux 3 ans de congé sont alors appréciés sur une période de référence de 4 ans. | BI30: CGM_D_002 | BJ30: =VLOOKUP(BI30,'Axe 2 Règles de gestion'!$D$2:$F$225,3, FALSE) -> L'agent doit être en activité. | BK30: CGM_D_009 | BL30: =VLOOKUP(BK30,'Axe 2 Règles de gestion'!$D$2:$F$225,3, FALSE) -> L'agent qui a obtenu un congé de grave maladie pour une affection non liée à un accident de service ou maladie professionnelle ne peut bénéficier d'un autre congé de cette nature, s'il n'a pas auparavant repris l'exercice de ses fonctions pendant un an. | BM30: CGM_D_004 | BN30: =VLOOKUP(BM30,'Axe 2 Règles de gestion'!$D$2:$F$225,3, FALSE) -> L'agent doit compter au moins 4 mois de services effectués en qualité d'agent public pour le compte des personnes publiques mentionnées à l'article L. 2 du code général de la fonction publique. | BO30: CGM_D_005 | BP30: =VLOOKUP(BO30,'Axe 2 Règles de gestion'!$D$2:$F$225,3, FALSE) -> La première année du congé de grave maladie est rémunérée à plein traitement. | BQ30: CGM_D_006 | BR30: =VLOOKUP(BQ30,'Axe 2 Règles de gestion'!$D$2:$F$225,3, FALSE) -> La deuxième et la troisième années du congé de grave maladie sont rémunérées à 60% du traitement. | BW30: ABS_C_002 | BX30: =VLOOKUP(BW30,'Axe 2 Règles de gestion'!$D$2:$F$225,3, FALSE) -> La date de début du congé/absence doit être postérieure ou égale à la date de début du lien juridique. | BY30: ABS_C_003 | BZ30: =VLOOKUP(BY30,'Axe 2 Règles de gestion'!$D$2:$F$225,3, FALSE) -> La date de début du congé/absence doit être antérieure ou égale à la date de fin réelle du congé/absence. | CA30: ABS_C_004 | CB30: =VLOOKUP(CA30,'Axe 2 Règles de gestion'!$D$2:$F$225,3, FALSE) -> La date de début du congé/absence doit être antérieure ou égale à la date de fin prévisionnelle du congé/absence. | CC30: ABS_C_005 | CD30: =VLOOKUP(CC30,'Axe 2 Règles de gestion'!$D$2:$F$225,3, FALSE) -> La date de fin réelle du congé/absence doit être antérieure ou égale à la date limite de fin réelle ou prévisionnelle du lien juridique. | CE30: ABS_C_006 | CF30: =VLOOKUP(CE30,'Axe 2 Règles de gestion'!$D$2:$F$225,3, FALSE) -> La date de fin prévisionnelle du congé/absence doit être antérieure ou égale à la date limite de fin réelle ou prévisionnelle du lien juridique. | CG30: ABS_C_007 | CH30: =VLOOKUP(CG30,'Axe 2 Règles de gestion'!$D$2:$F$225,3, FALSE) -> La date de fin réelle du congé/absence doit être antérieure à la date limite de départ à la retraite. | CI30: ABS_C_008 | CJ30: =VLOOKUP(CI30,'Axe 2 Règles de gestion'!$D$2:$F$225,3, FALSE) -> La date de fin prévisionnelle du congé/absence doit être antérieure à la date limite de départ à la retraite. | CK30: ABS_C_009 | CL30: =VLOOKUP(CK30,'Axe 2 Règles de gestion'!$D$2:$F$225,3, FALSE) -> La date de fin réelle ou la date de fin prévisionnelle du congé/absence doit être saisie. | CM30: ABS_C_015 | CN30: =VLOOKUP(CM30,'Axe 2 Règles de gestion'!$D$2:$F$225,3, FALSE) -> Pour chaque période d'absence découpée, la date de début d'impact rémunération doit être égale à la date de début du congé/absence. | CO30: ABS_C_016 | CP30: =VLOOKUP(CO30,'Axe 2 Règles de gestion'!$D$2:$F$225,3, FALSE) -> Pour chaque période d'absence découpée, la date de fin d'impact rémunération doit être égale à la date de fin prévisionnelle du congé/absence. | CQ30: ABS_C_018 | CR30: =VLOOKUP(CQ30,'Axe 2 Règles de gestion'!$D$2:$F$225,3, FALSE) -> Pour chaque période d'absence découpée, la date de fin d'impact rémunération doit être égale à la date de fin réelle du congé/absence. | CS30: ABS_C_019 | CT30: =VLOOKUP(CS30,'Axe 2 Règles de gestion'!$D$2:$F$225,3, FALSE) -> Si l'absence ne commence pas par une demi-journée et si l'absence précédente ne finit pas par une demi journée, la date de début de l'absence saisie est postérieure à la date de fin réelle de l'absence précédente. | CU30: ABS_C_020 | CV30: =VLOOKUP(CU30,'Axe 2 Règles de gestion'!$D$2:$F$225,3, FALSE) -> Si l'absence ne commence pas par une demi-journée et si l'absence précédente ne finit pas par une demi journée, la date de début de l'absence saisie est postérieure à la date de fin prévisionnelle de l'absence précédente. | CW30: ABS_C_023 | CX30: =VLOOKUP(CW30,'Axe 2 Règles de gestion'!$D$2:$F$225,3, FALSE) -> L'état du congé est renseigné. | CY30: ABS_C_024 | CZ30: =VLOOKUP(CY30,'Axe 2 Règles de gestion'!$D$2:$F$225,3, FALSE) -> Si le CMO est requalifié en CLM/CLD/CGM/CITIS alors l'impact rémunération saisi doit être un impact spécifique à la requalification. | DA30: ABS_C_025 | DB30: =VLOOKUP(DA30,'Axe 2 Règles de gestion'!$D$2:$F$225,3, FALSE) -> Si le congé/absence n'est pas issu d'une requalification d'un CMO ou d'un CITIS, alors l'impact rémunération saisi ne doit pas être un impact spécifique à la requalification.
A31: 22.00.00 | B31: M | C31: 45520.828 | D31: D0007 | E31: Congés/Absence | F31: S0056 | G31: Congé de grave maladie | H31: E0477 | I31: Congé de grave maladie | J31: Type de congé/absence saisi = "Congé de grave maladie" | K31: A_COA_TYCOAB [Saisi] = 'CM300' | L31: T1164 | M31: Congé de grave maladie - Prolongation | N31: Création Modification | O31: La valeur de l'Etat du congé est égale à 'Renouvellement' et la valeur de l'Etat du congé saisie est différente de celle avant saisie | P31: A_COA_ETCOMA [Saisi] = 'EC02' ET A_COA_ETCOMA [Saisi] <> A_COA_ETCOMA [Valeur avant saisie] | Q31: Contractuel en service à l'étranger | R31: P0069 | S31: N | T31: Particulier | U31: Passant | V31: 40725 | W31: 44633 | X31: CGM_I_014 ET CGM_I_050 ET CGM_I_078 ET CGM_I_082 ET CGM_I_022 ET CGM_I_030 ET CGM_I_042 ET CGM_I_062 ET CGM_I_110 ET CGM_I_038 ET CGM_I_074 ET CGM_I_002 ET CGM_I_006 ET CGM_I_094 ET CGM_D_023 ET CGM_D_021 ET CGM_D_043 ET CGM_D_046 ET ABS_C_002 ET ABS_C_003 ET ABS_C_004 ET ABS_C_005 ET ABS_C_006 ET ABS_C_007 ET ABS_C_008 ET ABS_C_009 ET ABS_C_015 ET ABS_C_016 ET ABS_C_018 ET ABS_C_019 ET ABS_C_020 ET ABS_C_023 ET ABS_C_024 ET ABS_C_025 | Y31: CGM_I_014 | Z31: =VLOOKUP(Y31,'Axe 2 Règles de gestion'!$D$2:$F$225,3, FALSE) -> Avant l'expiration de chaque période de congé et à l'occasion de chaque demande de renouvellement, l'agent est tenu de produire à son administration certaines justifications. | AA31: CGM_I_050 | AB31: =VLOOKUP(AA31,'Axe 2 Règles de gestion'!$D$2:$F$225,3, FALSE) -> L'agent ou son représentant légal doit adresser la demande de renouvellement à l'administration 1 mois avant l'expiration de la période en cours appuyée d'un certificat du médecin traitant. | AC31: CGM_I_078 | AD31: =VLOOKUP(AC31,'Axe 2 Règles de gestion'!$D$2:$F$225,3, FALSE) -> Le secrétaire du comité médical fait procéder à la contre-visite du demandeur par un médecin agréé. | AE31: CGM_I_082 | AF31: =VLOOKUP(AE31,'Axe 2 Règles de gestion'!$D$2:$F$225,3, FALSE) -> Lorsque l'agent sollicite l'octroi de l'ultime période de congé rétribué à laquelle il a droit, le comité médical doit également se prononcer sur l'aptitude ou l'inaptitude présumée de l'agent à reprendre ses fonctions à l'issue de cette prolongation. | AG31: CGM_I_022 | AH31: =VLOOKUP(AG31,'Axe 2 Règles de gestion'!$D$2:$F$225,3, FALSE) -> En cas de contestation par l'administration ou l'agent de la décision du comité médical, ce dernier est soumis au comité médical supérieur. | AI31: CGM_I_030 | AJ31: =VLOOKUP(AI31,'Axe 2 Règles de gestion'!$D$2:$F$225,3, FALSE) -> La durée du congé est fixée sur la proposition du comité médical. | AK31: CGM_I_042 | AL31: =VLOOKUP(AK31,'Axe 2 Règles de gestion'!$D$2:$F$225,3, FALSE) -> L'agent est tenu de notifier ses changements de résidence successifs au chef de service chargé de la gestion du personnel de l'administration dont il dépend. | AM31: CGM_I_062 | AN31: =VLOOKUP(AM31,'Axe 2 Règles de gestion'!$D$2:$F$225,3, FALSE) -> Le chef de service s'assure par les contrôles appropriés que l'agent n'exerce pas pendant son congé d'activité interdite. | AO31: CGM_I_110 | AP31: =VLOOKUP(AO31,'Axe 2 Règles de gestion'!$D$2:$F$225,3, FALSE) -> Un contrôle pourra être effectué à tout moment par un médecin agréé de l'administration. Si les conclusions du médecin agréé donnent lieu à contestation, le comité médical peut être saisi. | AQ31: CGM_I_038 | AR31: =VLOOKUP(AQ31,'Axe 2 Règles de gestion'!$D$2:$F$225,3, FALSE) -> L'agent doit se soumettre, sous le contrôle du médecin agréé, et s'il y a lieu, du comité médical compétent, aux prescriptions et aux visites de contrôles que son état comporte. | AS31: CGM_I_074 | AT31: =VLOOKUP(AS31,'Axe 2 Règles de gestion'!$D$2:$F$225,3, FALSE) -> Le refus répété et sans motif valable de se soumettre aux visites de contrôle peut entraîner, après mise en demeure de l'agent, la perte du bénéfice du congé. | AU31: CGM_I_002 | AV31: =VLOOKUP(AU31,'Axe 2 Règles de gestion'!$D$2:$F$225,3, FALSE) -> A l'issue de chaque période de congé, l'agent doit passer un examen et le comité médical compétent doit se prononcer sur son état de santé. | AW31: CGM_I_006 | AX31: =VLOOKUP(AW31,'Axe 2 Règles de gestion'!$D$2:$F$225,3, FALSE) -> Cet examen peut être demandé soit par l'agent, soit par l'administration dont il relève. | AY31: CGM_I_094 | AZ31: =VLOOKUP(AY31,'Axe 2 Règles de gestion'!$D$2:$F$225,3, FALSE) -> Si l'agent est reconnu inapte à exercer ses fonctions, le congé continue à courir ou est renouvelé. | BE31: CGM_D_023 | BF31: =VLOOKUP(BE31,'Axe 2 Règles de gestion'!$D$2:$F$225,3, FALSE) -> Le CGM peut être accordé pour chaque période pour une durée maximale de 6 mois. | BG31: CGM_D_021 | BH31: =VLOOKUP(BG31,'Axe 2 Règles de gestion'!$D$2:$F$225,3, FALSE) -> L'agent est admis au bénéfice du CGM pour une durée réelle ou prévisionnelle maximale de trois ans, à compter de la date de la première constatation médicale de l'affection y ouvrant droit. | BI31: CGM_D_043 | BJ31: =VLOOKUP(BI31,'Axe 2 Règles de gestion'!$D$2:$F$225,3, FALSE) -> Les 6 premiers mois sont rémunérés à plein traitement. | BK31: CGM_D_046 | BL31: =VLOOKUP(BK31,'Axe 2 Règles de gestion'!$D$2:$F$225,3, FALSE) -> Les 30 mois suivants sont rémunérés à demi-traitement. | BW31: ABS_C_002 | BX31: =VLOOKUP(BW31,'Axe 2 Règles de gestion'!$D$2:$F$225,3, FALSE) -> La date de début du congé/absence doit être postérieure ou égale à la date de début du lien juridique. | BY31: ABS_C_003 | BZ31: =VLOOKUP(BY31,'Axe 2 Règles de gestion'!$D$2:$F$225,3, FALSE) -> La date de début du congé/absence doit être antérieure ou égale à la date de fin réelle du congé/absence. | CA31: ABS_C_004 | CB31: =VLOOKUP(CA31,'Axe 2 Règles de gestion'!$D$2:$F$225,3, FALSE) -> La date de début du congé/absence doit être antérieure ou égale à la date de fin prévisionnelle du congé/absence. | CC31: ABS_C_005 | CD31: =VLOOKUP(CC31,'Axe 2 Règles de gestion'!$D$2:$F$225,3, FALSE) -> La date de fin réelle du congé/absence doit être antérieure ou égale à la date limite de fin réelle ou prévisionnelle du lien juridique. | CE31: ABS_C_006 | CF31: =VLOOKUP(CE31,'Axe 2 Règles de gestion'!$D$2:$F$225,3, FALSE) -> La date de fin prévisionnelle du congé/absence doit être antérieure ou égale à la date limite de fin réelle ou prévisionnelle du lien juridique. | CG31: ABS_C_007 | CH31: =VLOOKUP(CG31,'Axe 2 Règles de gestion'!$D$2:$F$225,3, FALSE) -> La date de fin réelle du congé/absence doit être antérieure à la date limite de départ à la retraite. | CI31: ABS_C_008 | CJ31: =VLOOKUP(CI31,'Axe 2 Règles de gestion'!$D$2:$F$225,3, FALSE) -> La date de fin prévisionnelle du congé/absence doit être antérieure à la date limite de départ à la retraite. | CK31: ABS_C_009 | CL31: =VLOOKUP(CK31,'Axe 2 Règles de gestion'!$D$2:$F$225,3, FALSE) -> La date de fin réelle ou la date de fin prévisionnelle du congé/absence doit être saisie. | CM31: ABS_C_015 | CN31: =VLOOKUP(CM31,'Axe 2 Règles de gestion'!$D$2:$F$225,3, FALSE) -> Pour chaque période d'absence découpée, la date de début d'impact rémunération doit être égale à la date de début du congé/absence. | CO31: ABS_C_016 | CP31: =VLOOKUP(CO31,'Axe 2 Règles de gestion'!$D$2:$F$225,3, FALSE) -> Pour chaque période d'absence découpée, la date de fin d'impact rémunération doit être égale à la date de fin prévisionnelle du congé/absence. | CQ31: ABS_C_018 | CR31: =VLOOKUP(CQ31,'Axe 2 Règles de gestion'!$D$2:$F$225,3, FALSE) -> Pour chaque période d'absence découpée, la date de fin d'impact rémunération doit être égale à la date de fin réelle du congé/absence. | CS31: ABS_C_019 | CT31: =VLOOKUP(CS31,'Axe 2 Règles de gestion'!$D$2:$F$225,3, FALSE) -> Si l'absence ne commence pas par une demi-journée et si l'absence précédente ne finit pas par une demi journée, la date de début de l'absence saisie est postérieure à la date de fin réelle de l'absence précédente. | CU31: ABS_C_020 | CV31: =VLOOKUP(CU31,'Axe 2 Règles de gestion'!$D$2:$F$225,3, FALSE) -> Si l'absence ne commence pas par une demi-journée et si l'absence précédente ne finit pas par une demi journée, la date de début de l'absence saisie est postérieure à la date de fin prévisionnelle de l'absence précédente. | CW31: ABS_C_023 | CX31: =VLOOKUP(CW31,'Axe 2 Règles de gestion'!$D$2:$F$225,3, FALSE) -> L'état du congé est renseigné. | CY31: ABS_C_024 | CZ31: =VLOOKUP(CY31,'Axe 2 Règles de gestion'!$D$2:$F$225,3, FALSE) -> Si le CMO est requalifié en CLM/CLD/CGM/CITIS alors l'impact rémunération saisi doit être un impact spécifique à la requalification. | DA31: ABS_C_025 | DB31: =VLOOKUP(DA31,'Axe 2 Règles de gestion'!$D$2:$F$225,3, FALSE) -> Si le congé/absence n'est pas issu d'une requalification d'un CMO ou d'un CITIS, alors l'impact rémunération saisi ne doit pas être un impact spécifique à la requalification.
A32: 24.10.00 | B32: M | C32: 45520.828 | D32: D0007 | E32: Congés/Absence | F32: S0056 | G32: Congé de grave maladie | H32: E0477 | I32: Congé de grave maladie | J32: Type de congé/absence saisi = "Congé de grave maladie" | K32: A_COA_TYCOAB [Saisi] = 'CM300' | L32: T1164 | M32: Congé de grave maladie - Prolongation | N32: Création Modification | O32: La valeur de l'Etat du congé est égale à 'Renouvellement' et la valeur de l'Etat du congé saisie est différente de celle avant saisie | P32: A_COA_ETCOMA [Saisi] = 'EC02' ET A_COA_ETCOMA [Saisi] <> A_COA_ETCOMA [Valeur avant saisie] | Q32: Contractuel en service à l'étranger | R32: P0069 | S32: N | T32: Particulier | U32: Passant | V32: 44634 | W32: 45535 | X32: CGM_I_221 ET CGM_I_203 ET CGM_I_206 ET CGM_I_121 ET CGM_I_125 ET CGM_I_207 ET CGM_I_213 ET CGM_I_129 ET CGM_I_165 ET CGM_I_073 ET CGM_I_157 ET CGM_D_007 ET CGM_D_008 ET CGM_D_042 ET CGM_D_045 ET ABS_C_002 ET ABS_C_003 ET ABS_C_004 ET ABS_C_005 ET ABS_C_006 ET ABS_C_007 ET ABS_C_008 ET ABS_C_009 ET ABS_C_015 ET ABS_C_016 ET ABS_C_018 ET ABS_C_019 ET ABS_C_020 ET ABS_C_023 ET ABS_C_024 ET ABS_C_025 | Y32: CGM_I_221 | Z32: =VLOOKUP(Y32,'Axe 2 Règles de gestion'!$D$2:$F$225,3, FALSE) -> L'agent bénéficie des dispositions applicables aux agents contractuels pour le congé de grave maladie. | AA32: CGM_I_203 | AB32: =VLOOKUP(AA32,'Axe 2 Règles de gestion'!$D$2:$F$225,3, FALSE) -> Pour obtenir le renouvellement au terme d'une période en cours, l'agent adresse à l'administration un certificat médical de son médecin prolongeant le congé initial et précisant sa durée. | AC32: CGM_I_206 | AD32: =VLOOKUP(AC32,'Axe 2 Règles de gestion'!$D$2:$F$225,3, FALSE) -> Lorsque le congé est octroyé après saisine du conseil médical par le chef de service, l'administration fait procéder, au terme de chaque période, à l'examen médical de l'agent. Le renouvellement est accordé au vu de l'avis du médecin agréé. | AE32: CGM_I_121 | AF32: =VLOOKUP(AE32,'Axe 2 Règles de gestion'!$D$2:$F$225,3, FALSE) -> Lorsque la période rémunérée à plein traitement n'est pas épuisée, le renouvellement est accordé sans saisine du conseil médical. L'administration fait procéder à l'examen de l'agent, qui s'y soumet, par un médecin agréé au moins une fois par an. | AG32: CGM_I_125 | AH32: =VLOOKUP(AG32,'Axe 2 Règles de gestion'!$D$2:$F$225,3, FALSE) -> Lorsque la période rémunérée à plein traitement est épuisée, le conseil médical en formation restreinte est consulté pour avis sur le renouvellement du congé. | AI32: CGM_I_207 | AJ32: =VLOOKUP(AI32,'Axe 2 Règles de gestion'!$D$2:$F$225,3, FALSE) -> Un contrôle pourra être effectué à tout moment par un médecin agréé de l'administration. | AK32: CGM_I_213 | AL32: =VLOOKUP(AK32,'Axe 2 Règles de gestion'!$D$2:$F$225,3, FALSE) -> L'avis d'un conseil médical rendu en formation restreinte peut être contesté devant le conseil médical supérieur par l'administration ou l'agent dans le délai de deux mois à compter de sa notification. | AM32: CGM_I_129 | AN32: =VLOOKUP(AM32,'Axe 2 Règles de gestion'!$D$2:$F$225,3, FALSE) -> L'agent informe l'administration de tout changement de domicile et, sauf en cas d'hospitalisation, de toute absence du domicile supérieure à deux semaines. Il informe l'administration de ses dates et lieux de séjour. | AO32: CGM_I_165 | AP32: =VLOOKUP(AO32,'Axe 2 Règles de gestion'!$D$2:$F$225,3, FALSE) -> L'agent doit se soumettre aux visites de contrôle prescrites par le médecin agréé ou le conseil médical. | AQ32: CGM_I_073 | AR32: =VLOOKUP(AQ32,'Axe 2 Règles de gestion'!$D$2:$F$225,3, FALSE) -> Le refus répété et sans motif valable de se soumettre aux visites de contrôle peut entraîner, après mise en demeure de l'agent, la perte du bénéfice du congé. | AS32: CGM_I_157 | AT32: =VLOOKUP(AS32,'Axe 2 Règles de gestion'!$D$2:$F$225,3, FALSE) -> Si l'agent est reconnu inapte à exercer ses fonctions par le conseil médical, le congé continue à courir ou est renouvelé pour une nouvelle période sous réserve des droits restants. | BE32: CGM_D_007 | BF32: =VLOOKUP(BE32,'Axe 2 Règles de gestion'!$D$2:$F$225,3, FALSE) -> Le CGM peut être accordé pour chaque période pour une durée maximale de 6 mois. | BG32: CGM_D_008 | BH32: =VLOOKUP(BG32,'Axe 2 Règles de gestion'!$D$2:$F$225,3, FALSE) -> La durée du CGM est de 3 ans maximum. Pour certaines pathologies, le CGM peut être accordé de manière fractionnée : les droits aux 3 ans de congé sont alors appréciés sur une période de référence de 4 ans. | BI32: CGM_D_042 | BJ32: =VLOOKUP(BI32,'Axe 2 Règles de gestion'!$D$2:$F$225,3, FALSE) -> La 1ère année est rémunérée à plein traitement. | BK32: CGM_D_045 | BL32: =VLOOKUP(BK32,'Axe 2 Règles de gestion'!$D$2:$F$225,3, FALSE) -> Les 2ème et 3ème années sont rémunérées à demi-traitement. | BW32: ABS_C_002 | BX32: =VLOOKUP(BW32,'Axe 2 Règles de gestion'!$D$2:$F$225,3, FALSE) -> La date de début du congé/absence doit être postérieure ou égale à la date de début du lien juridique. | BY32: ABS_C_003 | BZ32: =VLOOKUP(BY32,'Axe 2 Règles de gestion'!$D$2:$F$225,3, FALSE) -> La date de début du congé/absence doit être antérieure ou égale à la date de fin réelle du congé/absence. | CA32: ABS_C_004 | CB32: =VLOOKUP(CA32,'Axe 2 Règles de gestion'!$D$2:$F$225,3, FALSE) -> La date de début du congé/absence doit être antérieure ou égale à la date de fin prévisionnelle du congé/absence. | CC32: ABS_C_005 | CD32: =VLOOKUP(CC32,'Axe 2 Règles de gestion'!$D$2:$F$225,3, FALSE) -> La date de fin réelle du congé/absence doit être antérieure ou égale à la date limite de fin réelle ou prévisionnelle du lien juridique. | CE32: ABS_C_006 | CF32: =VLOOKUP(CE32,'Axe 2 Règles de gestion'!$D$2:$F$225,3, FALSE) -> La date de fin prévisionnelle du congé/absence doit être antérieure ou égale à la date limite de fin réelle ou prévisionnelle du lien juridique. | CG32: ABS_C_007 | CH32: =VLOOKUP(CG32,'Axe 2 Règles de gestion'!$D$2:$F$225,3, FALSE) -> La date de fin réelle du congé/absence doit être antérieure à la date limite de départ à la retraite. | CI32: ABS_C_008 | CJ32: =VLOOKUP(CI32,'Axe 2 Règles de gestion'!$D$2:$F$225,3, FALSE) -> La date de fin prévisionnelle du congé/absence doit être antérieure à la date limite de départ à la retraite. | CK32: ABS_C_009 | CL32: =VLOOKUP(CK32,'Axe 2 Règles de gestion'!$D$2:$F$225,3, FALSE) -> La date de fin réelle ou la date de fin prévisionnelle du congé/absence doit être saisie. | CM32: ABS_C_015 | CN32: =VLOOKUP(CM32,'Axe 2 Règles de gestion'!$D$2:$F$225,3, FALSE) -> Pour chaque période d'absence découpée, la date de début d'impact rémunération doit être égale à la date de début du congé/absence. | CO32: ABS_C_016 | CP32: =VLOOKUP(CO32,'Axe 2 Règles de gestion'!$D$2:$F$225,3, FALSE) -> Pour chaque période d'absence découpée, la date de fin d'impact rémunération doit être égale à la date de fin prévisionnelle du congé/absence. | CQ32: ABS_C_018 | CR32: =VLOOKUP(CQ32,'Axe 2 Règles de gestion'!$D$2:$F$225,3, FALSE) -> Pour chaque période d'absence découpée, la date de fin d'impact rémunération doit être égale à la date de fin réelle du congé/absence. | CS32: ABS_C_019 | CT32: =VLOOKUP(CS32,'Axe 2 Règles de gestion'!$D$2:$F$225,3, FALSE) -> Si l'absence ne commence pas par une demi-journée et si l'absence précédente ne finit pas par une demi journée, la date de début de l'absence saisie est postérieure à la date de fin réelle de l'absence précédente. | CU32: ABS_C_020 | CV32: =VLOOKUP(CU32,'Axe 2 Règles de gestion'!$D$2:$F$225,3, FALSE) -> Si l'absence ne commence pas par une demi-journée et si l'absence précédente ne finit pas par une demi journée, la date de début de l'absence saisie est postérieure à la date de fin prévisionnelle de l'absence précédente. | CW32: ABS_C_023 | CX32: =VLOOKUP(CW32,'Axe 2 Règles de gestion'!$D$2:$F$225,3, FALSE) -> L'état du congé est renseigné. | CY32: ABS_C_024 | CZ32: =VLOOKUP(CY32,'Axe 2 Règles de gestion'!$D$2:$F$225,3, FALSE) -> Si le CMO est requalifié en CLM/CLD/CGM/CITIS alors l'impact rémunération saisi doit être un impact spécifique à la requalification. | DA32: ABS_C_025 | DB32: =VLOOKUP(DA32,'Axe 2 Règles de gestion'!$D$2:$F$225,3, FALSE) -> Si le congé/absence n'est pas issu d'une requalification d'un CMO ou d'un CITIS, alors l'impact rémunération saisi ne doit pas être un impact spécifique à la requalification.
A33: 24.10.00 | B33: A | C33: 45520.828 | D33: D0007 | E33: Congés/Absence | F33: S0056 | G33: Congé de grave maladie | H33: E0477 | I33: Congé de grave maladie | J33: Type de congé/absence saisi = "Congé de grave maladie" | K33: A_COA_TYCOAB [Saisi] = 'CM300' | L33: T1164 | M33: Congé de grave maladie - Prolongation | N33: Création Modification | O33: La valeur de l'Etat du congé est égale à 'Renouvellement' et la valeur de l'Etat du congé saisie est différente de celle avant saisie | P33: A_COA_ETCOMA [Saisi] = 'EC02' ET A_COA_ETCOMA [Saisi] <> A_COA_ETCOMA [Valeur avant saisie] | Q33: Contractuel en service à l'étranger | R33: P0069 | S33: N | T33: Particulier | U33: Passant | V33: 45536 | X33: CGM_I_221 ET CGM_I_203 ET CGM_I_206 ET CGM_I_121 ET CGM_I_125 ET CGM_I_207 ET CGM_I_213 ET CGM_I_129 ET CGM_I_165 ET CGM_I_073 ET CGM_I_157 ET CGM_D_007 ET CGM_D_008 ET CGM_D_005 ET CGM_D_006 ET ABS_C_002 ET ABS_C_003 ET ABS_C_004 ET ABS_C_005 ET ABS_C_006 ET ABS_C_007 ET ABS_C_008 ET ABS_C_009 ET ABS_C_015 ET ABS_C_016 ET ABS_C_018 ET ABS_C_019 ET ABS_C_020 ET ABS_C_023 ET ABS_C_024 ET ABS_C_025 | Y33: CGM_I_221 | Z33: =VLOOKUP(Y33,'Axe 2 Règles de gestion'!$D$2:$F$225,3, FALSE) -> L'agent bénéficie des dispositions applicables aux agents contractuels pour le congé de grave maladie. | AA33: CGM_I_203 | AB33: =VLOOKUP(AA33,'Axe 2 Règles de gestion'!$D$2:$F$225,3, FALSE) -> Pour obtenir le renouvellement au terme d'une période en cours, l'agent adresse à l'administration un certificat médical de son médecin prolongeant le congé initial et précisant sa durée. | AC33: CGM_I_206 | AD33: =VLOOKUP(AC33,'Axe 2 Règles de gestion'!$D$2:$F$225,3, FALSE) -> Lorsque le congé est octroyé après saisine du conseil médical par le chef de service, l'administration fait procéder, au terme de chaque période, à l'examen médical de l'agent. Le renouvellement est accordé au vu de l'avis du médecin agréé. | AE33: CGM_I_121 | AF33: =VLOOKUP(AE33,'Axe 2 Règles de gestion'!$D$2:$F$225,3, FALSE) -> Lorsque la période rémunérée à plein traitement n'est pas épuisée, le renouvellement est accordé sans saisine du conseil médical. L'administration fait procéder à l'examen de l'agent, qui s'y soumet, par un médecin agréé au moins une fois par an. | AG33: CGM_I_125 | AH33: =VLOOKUP(AG33,'Axe 2 Règles de gestion'!$D$2:$F$225,3, FALSE) -> Lorsque la période rémunérée à plein traitement est épuisée, le conseil médical en formation restreinte est consulté pour avis sur le renouvellement du congé. | AI33: CGM_I_207 | AJ33: =VLOOKUP(AI33,'Axe 2 Règles de gestion'!$D$2:$F$225,3, FALSE) -> Un contrôle pourra être effectué à tout moment par un médecin agréé de l'administration. | AK33: CGM_I_213 | AL33: =VLOOKUP(AK33,'Axe 2 Règles de gestion'!$D$2:$F$225,3, FALSE) -> L'avis d'un conseil médical rendu en formation restreinte peut être contesté devant le conseil médical supérieur par l'administration ou l'agent dans le délai de deux mois à compter de sa notification. | AM33: CGM_I_129 | AN33: =VLOOKUP(AM33,'Axe 2 Règles de gestion'!$D$2:$F$225,3, FALSE) -> L'agent informe l'administration de tout changement de domicile et, sauf en cas d'hospitalisation, de toute absence du domicile supérieure à deux semaines. Il informe l'administration de ses dates et lieux de séjour. | AO33: CGM_I_165 | AP33: =VLOOKUP(AO33,'Axe 2 Règles de gestion'!$D$2:$F$225,3, FALSE) -> L'agent doit se soumettre aux visites de contrôle prescrites par le médecin agréé ou le conseil médical. | AQ33: CGM_I_073 | AR33: =VLOOKUP(AQ33,'Axe 2 Règles de gestion'!$D$2:$F$225,3, FALSE) -> Le refus répété et sans motif valable de se soumettre aux visites de contrôle peut entraîner, après mise en demeure de l'agent, la perte du bénéfice du congé. | AS33: CGM_I_157 | AT33: =VLOOKUP(AS33,'Axe 2 Règles de gestion'!$D$2:$F$225,3, FALSE) -> Si l'agent est reconnu inapte à exercer ses fonctions par le conseil médical, le congé continue à courir ou est renouvelé pour une nouvelle période sous réserve des droits restants. | BE33: CGM_D_007 | BF33: =VLOOKUP(BE33,'Axe 2 Règles de gestion'!$D$2:$F$225,3, FALSE) -> Le CGM peut être accordé pour chaque période pour une durée maximale de 6 mois. | BG33: CGM_D_008 | BH33: =VLOOKUP(BG33,'Axe 2 Règles de gestion'!$D$2:$F$225,3, FALSE) -> La durée du CGM est de 3 ans maximum. Pour certaines pathologies, le CGM peut être accordé de manière fractionnée : les droits aux 3 ans de congé sont alors appréciés sur une période de référence de 4 ans. | BI33: CGM_D_005 | BJ33: =VLOOKUP(BI33,'Axe 2 Règles de gestion'!$D$2:$F$225,3, FALSE) -> La première année du congé de grave maladie est rémunérée à plein traitement. | BK33: CGM_D_006 | BL33: =VLOOKUP(BK33,'Axe 2 Règles de gestion'!$D$2:$F$225,3, FALSE) -> La deuxième et la troisième années du congé de grave maladie sont rémunérées à 60% du traitement. | BW33: ABS_C_002 | BX33: =VLOOKUP(BW33,'Axe 2 Règles de gestion'!$D$2:$F$225,3, FALSE) -> La date de début du congé/absence doit être postérieure ou égale à la date de début du lien juridique. | BY33: ABS_C_003 | BZ33: =VLOOKUP(BY33,'Axe 2 Règles de gestion'!$D$2:$F$225,3, FALSE) -> La date de début du congé/absence doit être antérieure ou égale à la date de fin réelle du congé/absence. | CA33: ABS_C_004 | CB33: =VLOOKUP(CA33,'Axe 2 Règles de gestion'!$D$2:$F$225,3, FALSE) -> La date de début du congé/absence doit être antérieure ou égale à la date de fin prévisionnelle du congé/absence. | CC33: ABS_C_005 | CD33: =VLOOKUP(CC33,'Axe 2 Règles de gestion'!$D$2:$F$225,3, FALSE) -> La date de fin réelle du congé/absence doit être antérieure ou égale à la date limite de fin réelle ou prévisionnelle du lien juridique. | CE33: ABS_C_006 | CF33: =VLOOKUP(CE33,'Axe 2 Règles de gestion'!$D$2:$F$225,3, FALSE) -> La date de fin prévisionnelle du congé/absence doit être antérieure ou égale à la date limite de fin réelle ou prévisionnelle du lien juridique. | CG33: ABS_C_007 | CH33: =VLOOKUP(CG33,'Axe 2 Règles de gestion'!$D$2:$F$225,3, FALSE) -> La date de fin réelle du congé/absence doit être antérieure à la date limite de départ à la retraite. | CI33: ABS_C_008 | CJ33: =VLOOKUP(CI33,'Axe 2 Règles de gestion'!$D$2:$F$225,3, FALSE) -> La date de fin prévisionnelle du congé/absence doit être antérieure à la date limite de départ à la retraite. | CK33: ABS_C_009 | CL33: =VLOOKUP(CK33,'Axe 2 Règles de gestion'!$D$2:$F$225,3, FALSE) -> La date de fin réelle ou la date de fin prévisionnelle du congé/absence doit être saisie. | CM33: ABS_C_015 | CN33: =VLOOKUP(CM33,'Axe 2 Règles de gestion'!$D$2:$F$225,3, FALSE) -> Pour chaque période d'absence découpée, la date de début d'impact rémunération doit être égale à la date de début du congé/absence. | CO33: ABS_C_016 | CP33: =VLOOKUP(CO33,'Axe 2 Règles de gestion'!$D$2:$F$225,3, FALSE) -> Pour chaque période d'absence découpée, la date de fin d'impact rémunération doit être égale à la date de fin prévisionnelle du congé/absence. | CQ33: ABS_C_018 | CR33: =VLOOKUP(CQ33,'Axe 2 Règles de gestion'!$D$2:$F$225,3, FALSE) -> Pour chaque période d'absence découpée, la date de fin d'impact rémunération doit être égale à la date de fin réelle du congé/absence. | CS33: ABS_C_019 | CT33: =VLOOKUP(CS33,'Axe 2 Règles de gestion'!$D$2:$F$225,3, FALSE) -> Si l'absence ne commence pas par une demi-journée et si l'absence précédente ne finit pas par une demi journée, la date de début de l'absence saisie est postérieure à la date de fin réelle de l'absence précédente. | CU33: ABS_C_020 | CV33: =VLOOKUP(CU33,'Axe 2 Règles de gestion'!$D$2:$F$225,3, FALSE) -> Si l'absence ne commence pas par une demi-journée et si l'absence précédente ne finit pas par une demi journée, la date de début de l'absence saisie est postérieure à la date de fin prévisionnelle de l'absence précédente. | CW33: ABS_C_023 | CX33: =VLOOKUP(CW33,'Axe 2 Règles de gestion'!$D$2:$F$225,3, FALSE) -> L'état du congé est renseigné. | CY33: ABS_C_024 | CZ33: =VLOOKUP(CY33,'Axe 2 Règles de gestion'!$D$2:$F$225,3, FALSE) -> Si le CMO est requalifié en CLM/CLD/CGM/CITIS alors l'impact rémunération saisi doit être un impact spécifique à la requalification. | DA33: ABS_C_025 | DB33: =VLOOKUP(DA33,'Axe 2 Règles de gestion'!$D$2:$F$225,3, FALSE) -> Si le congé/absence n'est pas issu d'une requalification d'un CMO ou d'un CITIS, alors l'impact rémunération saisi ne doit pas être un impact spécifique à la requalification.
A34: 22.00.00 | B34: M | C34: 45520.83 | D34: D0007 | E34: Congés/Absence | F34: S0056 | G34: Congé de grave maladie | H34: E0477 | I34: Congé de grave maladie | J34: Type de congé/absence saisi = "Congé de grave maladie" | K34: A_COA_TYCOAB [Saisi] = 'CM300' | L34: T1165 | M34: Congé de grave maladie - Fin | N34: Modification | O34: La valeur de l'Etat du congé saisie est égale à celle avant saisie | P34: A_COA_ETCOMA [Saisi] = A_COA_ETCOMA [Valeur avant saisie] | Q34: Contractuel en service à l'étranger | R34: P0069 | S34: N | T34: Particulier | U34: Passant | V34: 40725 | W34: 44677 | X34: CGM_I_090 ET CGM_I_034 ET CGM_I_086 ET CGM_I_010 ET CGM_I_054 ET CGM_I_102 ET CGM_I_018 ET CGM_D_023 ET CGM_D_021 ET CGM_D_043 ET CGM_D_046 ET ABS_C_003 ET ABS_C_004 ET ABS_C_005 ET ABS_C_006 ET ABS_C_007 ET ABS_C_008 ET ABS_C_009 ET ABS_C_016 ET ABS_C_018 ET ABS_C_023 ET ABS_C_024 ET ABS_C_025 | Y34: CGM_I_090 | Z34: =VLOOKUP(Y34,'Axe 2 Règles de gestion'!$D$2:$F$225,3, FALSE) -> Pendant toute la durée de la procédure requérant soit l'avis du comité médical, soit l'avis de la commission de réforme, soit l'avis de ces 2 instances, l'agent est maintenu en congé de grave maladie. | AA34: CGM_I_034 | AB34: =VLOOKUP(AA34,'Axe 2 Règles de gestion'!$D$2:$F$225,3, FALSE) -> La reprise de l'agent est subordonnée à la vérification de l'aptitude par un médecin spécialiste agréé et l'avis favorable du comité médical. | AC34: CGM_I_086 | AD34: =VLOOKUP(AC34,'Axe 2 Règles de gestion'!$D$2:$F$225,3, FALSE) -> Lorsque le comité médical estime l'agent apte à exercer ses fonctions, ce dernier reprend son activité. | AE34: CGM_I_010 | AF34: =VLOOKUP(AE34,'Axe 2 Règles de gestion'!$D$2:$F$225,3, FALSE) -> Au terme du congé, l'agent est réemployé sur son emploi précédent dans la mesure permise par le service. Dans le cas contraire, il dispose d'une priorité pour être réemployé sur un emploi similaire assorti d'une rémunération équivalente. | AG34: CGM_I_054 | AH34: =VLOOKUP(AG34,'Axe 2 Règles de gestion'!$D$2:$F$225,3, FALSE) -> L'agent en congé sans rémunération est placé en congé sans traitement pour maladie pour une durée maximale de 1 an si l'inaptitude d'exercer les fonctions est temporaire. | AI34: CGM_I_102 | AJ34: =VLOOKUP(AI34,'Axe 2 Règles de gestion'!$D$2:$F$225,3, FALSE) -> Si l'incapacité de travail est permanente, l'agent est licencié. | AK34: CGM_I_018 | AL34: =VLOOKUP(AK34,'Axe 2 Règles de gestion'!$D$2:$F$225,3, FALSE) -> Dans le cas où l'agent est présumé définitivement inapte à l'expiration de la période de congé rémunéré, son cas est soumis à la commission de réforme. L'agent est soit reclassé dans un autre emploi, soit mis en disponibilité, soit admis à la retraite. | BE34: CGM_D_023 | BF34: =VLOOKUP(BE34,'Axe 2 Règles de gestion'!$D$2:$F$225,3, FALSE) -> Le CGM peut être accordé pour chaque période pour une durée maximale de 6 mois. | BG34: CGM_D_021 | BH34: =VLOOKUP(BG34,'Axe 2 Règles de gestion'!$D$2:$F$225,3, FALSE) -> L'agent est admis au bénéfice du CGM pour une durée réelle ou prévisionnelle maximale de trois ans, à compter de la date de la première constatation médicale de l'affection y ouvrant droit. | BI34: CGM_D_043 | BJ34: =VLOOKUP(BI34,'Axe 2 Règles de gestion'!$D$2:$F$225,3, FALSE) -> Les 6 premiers mois sont rémunérés à plein traitement. | BK34: CGM_D_046 | BL34: =VLOOKUP(BK34,'Axe 2 Règles de gestion'!$D$2:$F$225,3, FALSE) -> Les 30 mois suivants sont rémunérés à demi-traitement. | BW34: ABS_C_003 | BX34: =VLOOKUP(BW34,'Axe 2 Règles de gestion'!$D$2:$F$225,3, FALSE) -> La date de début du congé/absence doit être antérieure ou égale à la date de fin réelle du congé/absence. | BY34: ABS_C_004 | BZ34: =VLOOKUP(BY34,'Axe 2 Règles de gestion'!$D$2:$F$225,3, FALSE) -> La date de début du congé/absence doit être antérieure ou égale à la date de fin prévisionnelle du congé/absence. | CA34: ABS_C_005 | CB34: =VLOOKUP(CA34,'Axe 2 Règles de gestion'!$D$2:$F$225,3, FALSE) -> La date de fin réelle du congé/absence doit être antérieure ou égale à la date limite de fin réelle ou prévisionnelle du lien juridique. | CC34: ABS_C_006 | CD34: =VLOOKUP(CC34,'Axe 2 Règles de gestion'!$D$2:$F$225,3, FALSE) -> La date de fin prévisionnelle du congé/absence doit être antérieure ou égale à la date limite de fin réelle ou prévisionnelle du lien juridique. | CE34: ABS_C_007 | CF34: =VLOOKUP(CE34,'Axe 2 Règles de gestion'!$D$2:$F$225,3, FALSE) -> La date de fin réelle du congé/absence doit être antérieure à la date limite de départ à la retraite. | CG34: ABS_C_008 | CH34: =VLOOKUP(CG34,'Axe 2 Règles de gestion'!$D$2:$F$225,3, FALSE) -> La date de fin prévisionnelle du congé/absence doit être antérieure à la date limite de départ à la retraite. | CI34: ABS_C_009 | CJ34: =VLOOKUP(CI34,'Axe 2 Règles de gestion'!$D$2:$F$225,3, FALSE) -> La date de fin réelle ou la date de fin prévisionnelle du congé/absence doit être saisie. | CK34: ABS_C_016 | CL34: =VLOOKUP(CK34,'Axe 2 Règles de gestion'!$D$2:$F$225,3, FALSE) -> Pour chaque période d'absence découpée, la date de fin d'impact rémunération doit être égale à la date de fin prévisionnelle du congé/absence. | CM34: ABS_C_018 | CN34: =VLOOKUP(CM34,'Axe 2 Règles de gestion'!$D$2:$F$225,3, FALSE) -> Pour chaque période d'absence découpée, la date de fin d'impact rémunération doit être égale à la date de fin réelle du congé/absence. | CO34: ABS_C_023 | CP34: =VLOOKUP(CO34,'Axe 2 Règles de gestion'!$D$2:$F$225,3, FALSE) -> L'état du congé est renseigné. | CQ34: ABS_C_024 | CR34: =VLOOKUP(CQ34,'Axe 2 Règles de gestion'!$D$2:$F$225,3, FALSE) -> Si le CMO est requalifié en CLM/CLD/CGM/CITIS alors l'impact rémunération saisi doit être un impact spécifique à la requalification. | CS34: ABS_C_025 | CT34: =VLOOKUP(CS34,'Axe 2 Règles de gestion'!$D$2:$F$225,3, FALSE) -> Si le congé/absence n'est pas issu d'une requalification d'un CMO ou d'un CITIS, alors l'impact rémunération saisi ne doit pas être un impact spécifique à la requalification.
A35: 24.10.00 | B35: M | C35: 45520.83 | D35: D0007 | E35: Congés/Absence | F35: S0056 | G35: Congé de grave maladie | H35: E0477 | I35: Congé de grave maladie | J35: Type de congé/absence saisi = "Congé de grave maladie" | K35: A_COA_TYCOAB [Saisi] = 'CM300' | L35: T1165 | M35: Congé de grave maladie - Fin | N35: Modification | O35: La valeur de l'Etat du congé saisie est égale à celle avant saisie | P35: A_COA_ETCOMA [Saisi] = A_COA_ETCOMA [Valeur avant saisie] | Q35: Contractuel en service à l'étranger | R35: P0069 | S35: N | T35: Particulier | U35: Passant | V35: 44678 | W35: 45535 | X35: CGM_I_221 ET CGM_I_169 ET CGM_I_133 ET CGM_I_137 ET CGM_I_141 ET CGM_I_145 ET CGM_I_153 ET CGM_I_113 ET CGM_I_220 ET CGM_I_053 ET CGM_I_115 ET CGM_I_173 ET CGM_I_117 ET CGM_I_161 ET CGM_I_157 ET CGM_I_213 ET CGM_D_007 ET CGM_D_008 ET CGM_D_042 ET CGM_D_045 ET ABS_C_003 ET ABS_C_004 ET ABS_C_005 ET ABS_C_006 ET ABS_C_007 ET ABS_C_008 ET ABS_C_009 ET ABS_C_016 ET ABS_C_018 ET ABS_C_023 ET ABS_C_024 ET ABS_C_025 | Y35: CGM_I_221 | Z35: =VLOOKUP(Y35,'Axe 2 Règles de gestion'!$D$2:$F$225,3, FALSE) -> L'agent bénéficie des dispositions applicables aux agents contractuels pour le congé de grave maladie. | AA35: CGM_I_169 | AB35: =VLOOKUP(AA35,'Axe 2 Règles de gestion'!$D$2:$F$225,3, FALSE) -> Pendant toute la durée de la procédure requérant l'avis d'un conseil médical, l'agent est maintenu en congé maladie. | AC35: CGM_I_133 | AD35: =VLOOKUP(AC35,'Axe 2 Règles de gestion'!$D$2:$F$225,3, FALSE) -> La reprise de l'agent est subordonnée à la production d'un certificat médical d'aptitude à la reprise. | AE35: CGM_I_137 | AF35: =VLOOKUP(AE35,'Axe 2 Règles de gestion'!$D$2:$F$225,3, FALSE) -> Après expiration des droits à congés pour raison de santé, l'agent ne peut reprendre son service sans avis favorable du conseil médical compétent. | AG35: CGM_I_141 | AH35: =VLOOKUP(AG35,'Axe 2 Règles de gestion'!$D$2:$F$225,3, FALSE) -> A l'issue d'une période de congé lorsque l'agent exerce des fonctions qui exigent des conditions de santé particulières, l'agent ne peut reprendre son service sans avis favorable du conseil médical compétent. | AI35: CGM_I_145 | AJ35: =VLOOKUP(AI35,'Axe 2 Règles de gestion'!$D$2:$F$225,3, FALSE) -> Lorsque le congé a fait l'objet d'une saisine du conseil médical par le chef de service, l'agent ne peut reprendre son service sans avis favorable du conseil médical compétent. | AK35: CGM_I_153 | AL35: =VLOOKUP(AK35,'Axe 2 Règles de gestion'!$D$2:$F$225,3, FALSE) -> Lorsque le conseil médical estime l'agent apte à exercer ses fonctions, ce dernier reprend son activité. | AM35: CGM_I_113 | AN35: =VLOOKUP(AM35,'Axe 2 Règles de gestion'!$D$2:$F$225,3, FALSE) -> Au terme du congé, l'agent non lié par un contrat de projet est réemployé sur son emploi précédent dans la mesure permise par le service. Sinon, il dispose d'une priorité pour être réemployé sur un emploi similaire assorti d'une rémunération équivalente. | AO35: CGM_I_220 | AP35: =VLOOKUP(AO35,'Axe 2 Règles de gestion'!$D$2:$F$225,3, FALSE) -> L'agent lié par un contrat de projet et remplissant toujours les conditions requises est réemployé si la date de demande de réemploi est antérieure au terme du contrat et si le projet court toujours. | AQ35: CGM_I_053 | AR35: =VLOOKUP(AQ35,'Axe 2 Règles de gestion'!$D$2:$F$225,3, FALSE) -> L'agent en congé sans rémunération est placé en congé sans traitement pour maladie si l'inaptitude d'exercer les fonctions est temporaire. | AS35: CGM_I_115 | AT35: =VLOOKUP(AS35,'Axe 2 Règles de gestion'!$D$2:$F$225,3, FALSE) -> Si l'incapacité de travail est permanente, l'agent non lié par un contrat de projet est licencié. | AU35: CGM_I_173 | AV35: =VLOOKUP(AU35,'Axe 2 Règles de gestion'!$D$2:$F$225,3, FALSE) -> Si l'agent non lié par un contrat de projet est présumé définitivement inapte, le licenciement ne peut être prononcé que lorsque le reclassement de l'agent dans un emploi autorisé à être pourvu par un agent contractuel n'est pas possible. | AW35: CGM_I_117 | AX35: =VLOOKUP(AW35,'Axe 2 Règles de gestion'!$D$2:$F$225,3, FALSE) -> En cas d'impossibilité de réemploi de l'agent lié par un contrat de projet, celui-ci est licencié. | AY35: CGM_I_161 | AZ35: =VLOOKUP(AY35,'Axe 2 Règles de gestion'!$D$2:$F$225,3, FALSE) -> A l'expiration de la dernière période de congé rémunéré, le conseil médical se prononce sur l'aptitude de l'agent à reprendre ses fonctions. | BA35: CGM_I_157 | BB35: =VLOOKUP(BA35,'Axe 2 Règles de gestion'!$D$2:$F$225,3, FALSE) -> Si l'agent est reconnu inapte à exercer ses fonctions par le conseil médical, le congé continue à courir ou est renouvelé pour une nouvelle période sous réserve des droits restants. | BC35: CGM_I_213 | BD35: =VLOOKUP(BC35,'Axe 2 Règles de gestion'!$D$2:$F$225,3, FALSE) -> L'avis d'un conseil médical rendu en formation restreinte peut être contesté devant le conseil médical supérieur par l'administration ou l'agent dans le délai de deux mois à compter de sa notification. | BE35: CGM_D_007 | BF35: =VLOOKUP(BE35,'Axe 2 Règles de gestion'!$D$2:$F$225,3, FALSE) -> Le CGM peut être accordé pour chaque période pour une durée maximale de 6 mois. | BG35: CGM_D_008 | BH35: =VLOOKUP(BG35,'Axe 2 Règles de gestion'!$D$2:$F$225,3, FALSE) -> La durée du CGM est de 3 ans maximum. Pour certaines pathologies, le CGM peut être accordé de manière fractionnée : les droits aux 3 ans de congé sont alors appréciés sur une période de référence de 4 ans. | BI35: CGM_D_042 | BJ35: =VLOOKUP(BI35,'Axe 2 Règles de gestion'!$D$2:$F$225,3, FALSE) -> La 1ère année est rémunérée à plein traitement. | BK35: CGM_D_045 | BL35: =VLOOKUP(BK35,'Axe 2 Règles de gestion'!$D$2:$F$225,3, FALSE) -> Les 2ème et 3ème années sont rémunérées à demi-traitement. | BW35: ABS_C_003 | BX35: =VLOOKUP(BW35,'Axe 2 Règles de gestion'!$D$2:$F$225,3, FALSE) -> La date de début du congé/absence doit être antérieure ou égale à la date de fin réelle du congé/absence. | BY35: ABS_C_004 | BZ35: =VLOOKUP(BY35,'Axe 2 Règles de gestion'!$D$2:$F$225,3, FALSE) -> La date de début du congé/absence doit être antérieure ou égale à la date de fin prévisionnelle du congé/absence. | CA35: ABS_C_005 | CB35: =VLOOKUP(CA35,'Axe 2 Règles de gestion'!$D$2:$F$225,3, FALSE) -> La date de fin réelle du congé/absence doit être antérieure ou égale à la date limite de fin réelle ou prévisionnelle du lien juridique. | CC35: ABS_C_006 | CD35: =VLOOKUP(CC35,'Axe 2 Règles de gestion'!$D$2:$F$225,3, FALSE) -> La date de fin prévisionnelle du congé/absence doit être antérieure ou égale à la date limite de fin réelle ou prévisionnelle du lien juridique. | CE35: ABS_C_007 | CF35: =VLOOKUP(CE35,'Axe 2 Règles de gestion'!$D$2:$F$225,3, FALSE) -> La date de fin réelle du congé/absence doit être antérieure à la date limite de départ à la retraite. | CG35: ABS_C_008 | CH35: =VLOOKUP(CG35,'Axe 2 Règles de gestion'!$D$2:$F$225,3, FALSE) -> La date de fin prévisionnelle du congé/absence doit être antérieure à la date limite de départ à la retraite. | CI35: ABS_C_009 | CJ35: =VLOOKUP(CI35,'Axe 2 Règles de gestion'!$D$2:$F$225,3, FALSE) -> La date de fin réelle ou la date de fin prévisionnelle du congé/absence doit être saisie. | CK35: ABS_C_016 | CL35: =VLOOKUP(CK35,'Axe 2 Règles de gestion'!$D$2:$F$225,3, FALSE) -> Pour chaque période d'absence découpée, la date de fin d'impact rémunération doit être égale à la date de fin prévisionnelle du congé/absence. | CM35: ABS_C_018 | CN35: =VLOOKUP(CM35,'Axe 2 Règles de gestion'!$D$2:$F$225,3, FALSE) -> Pour chaque période d'absence découpée, la date de fin d'impact rémunération doit être égale à la date de fin réelle du congé/absence. | CO35: ABS_C_023 | CP35: =VLOOKUP(CO35,'Axe 2 Règles de gestion'!$D$2:$F$225,3, FALSE) -> L'état du congé est renseigné. | CQ35: ABS_C_024 | CR35: =VLOOKUP(CQ35,'Axe 2 Règles de gestion'!$D$2:$F$225,3, FALSE) -> Si le CMO est requalifié en CLM/CLD/CGM/CITIS alors l'impact rémunération saisi doit être un impact spécifique à la requalification. | CS35: ABS_C_025 | CT35: =VLOOKUP(CS35,'Axe 2 Règles de gestion'!$D$2:$F$225,3, FALSE) -> Si le congé/absence n'est pas issu d'une requalification d'un CMO ou d'un CITIS, alors l'impact rémunération saisi ne doit pas être un impact spécifique à la requalification.
A36: 24.10.00 | B36: M | C36: 45624.424 | D36: D0007 | E36: Congés/Absence | F36: S0056 | G36: Congé de grave maladie | H36: E0477 | I36: Congé de grave maladie | J36: Type de congé/absence saisi = "Congé de grave maladie" | K36: A_COA_TYCOAB [Saisi] = 'CM300' | L36: T1165 | M36: Congé de grave maladie - Fin | N36: Modification | O36: La valeur de l'Etat du congé saisie est égale à celle avant saisie | P36: A_COA_ETCOMA [Saisi] = A_COA_ETCOMA [Valeur avant saisie] | Q36: Contractuel en service à l'étranger | R36: P0069 | S36: N | T36: Particulier | U36: Passant | V36: 45536 | X36: CGM_I_221 ET CGM_I_133 ET CGM_I_137 ET CGM_I_141 ET CGM_I_145 ET CGM_I_153 ET CGM_I_113 ET CGM_I_220 ET CGM_I_053 ET CGM_I_115 ET CGM_I_173 ET CGM_I_117 ET CGM_I_161 ET CGM_I_157 ET CGM_I_213 ET CGM_D_007 ET CGM_D_008 ET CGM_D_005 ET CGM_D_006 ET ABS_C_003 ET ABS_C_004 ET ABS_C_005 ET ABS_C_006 ET ABS_C_007 ET ABS_C_008 ET ABS_C_009 ET ABS_C_016 ET ABS_C_018 ET ABS_C_023 ET ABS_C_024 ET ABS_C_025 | Y36: CGM_I_221 | Z36: =VLOOKUP(Y36,'Axe 2 Règles de gestion'!$D$2:$F$225,3, FALSE) -> L'agent bénéficie des dispositions applicables aux agents contractuels pour le congé de grave maladie. | AA36: CGM_I_133 | AB36: =VLOOKUP(AA36,'Axe 2 Règles de gestion'!$D$2:$F$225,3, FALSE) -> La reprise de l'agent est subordonnée à la production d'un certificat médical d'aptitude à la reprise. | AC36: CGM_I_137 | AD36: =VLOOKUP(AC36,'Axe 2 Règles de gestion'!$D$2:$F$225,3, FALSE) -> Après expiration des droits à congés pour raison de santé, l'agent ne peut reprendre son service sans avis favorable du conseil médical compétent. | AE36: CGM_I_141 | AF36: =VLOOKUP(AE36,'Axe 2 Règles de gestion'!$D$2:$F$225,3, FALSE) -> A l'issue d'une période de congé lorsque l'agent exerce des fonctions qui exigent des conditions de santé particulières, l'agent ne peut reprendre son service sans avis favorable du conseil médical compétent. | AG36: CGM_I_145 | AH36: =VLOOKUP(AG36,'Axe 2 Règles de gestion'!$D$2:$F$225,3, FALSE) -> Lorsque le congé a fait l'objet d'une saisine du conseil médical par le chef de service, l'agent ne peut reprendre son service sans avis favorable du conseil médical compétent. | AI36: CGM_I_153 | AJ36: =VLOOKUP(AI36,'Axe 2 Règles de gestion'!$D$2:$F$225,3, FALSE) -> Lorsque le conseil médical estime l'agent apte à exercer ses fonctions, ce dernier reprend son activité. | AK36: CGM_I_113 | AL36: =VLOOKUP(AK36,'Axe 2 Règles de gestion'!$D$2:$F$225,3, FALSE) -> Au terme du congé, l'agent non lié par un contrat de projet est réemployé sur son emploi précédent dans la mesure permise par le service. Sinon, il dispose d'une priorité pour être réemployé sur un emploi similaire assorti d'une rémunération équivalente. | AM36: CGM_I_220 | AN36: =VLOOKUP(AM36,'Axe 2 Règles de gestion'!$D$2:$F$225,3, FALSE) -> L'agent lié par un contrat de projet et remplissant toujours les conditions requises est réemployé si la date de demande de réemploi est antérieure au terme du contrat et si le projet court toujours. | AO36: CGM_I_053 | AP36: =VLOOKUP(AO36,'Axe 2 Règles de gestion'!$D$2:$F$225,3, FALSE) -> L'agent en congé sans rémunération est placé en congé sans traitement pour maladie si l'inaptitude d'exercer les fonctions est temporaire. | AQ36: CGM_I_115 | AR36: =VLOOKUP(AQ36,'Axe 2 Règles de gestion'!$D$2:$F$225,3, FALSE) -> Si l'incapacité de travail est permanente, l'agent non lié par un contrat de projet est licencié. | AS36: CGM_I_173 | AT36: =VLOOKUP(AS36,'Axe 2 Règles de gestion'!$D$2:$F$225,3, FALSE) -> Si l'agent non lié par un contrat de projet est présumé définitivement inapte, le licenciement ne peut être prononcé que lorsque le reclassement de l'agent dans un emploi autorisé à être pourvu par un agent contractuel n'est pas possible. | AU36: CGM_I_117 | AV36: =VLOOKUP(AU36,'Axe 2 Règles de gestion'!$D$2:$F$225,3, FALSE) -> En cas d'impossibilité de réemploi de l'agent lié par un contrat de projet, celui-ci est licencié. | AW36: CGM_I_161 | AX36: =VLOOKUP(AW36,'Axe 2 Règles de gestion'!$D$2:$F$225,3, FALSE) -> A l'expiration de la dernière période de congé rémunéré, le conseil médical se prononce sur l'aptitude de l'agent à reprendre ses fonctions. | AY36: CGM_I_157 | AZ36: =VLOOKUP(AY36,'Axe 2 Règles de gestion'!$D$2:$F$225,3, FALSE) -> Si l'agent est reconnu inapte à exercer ses fonctions par le conseil médical, le congé continue à courir ou est renouvelé pour une nouvelle période sous réserve des droits restants. | BA36: CGM_I_213 | BB36: =VLOOKUP(BA36,'Axe 2 Règles de gestion'!$D$2:$F$225,3, FALSE) -> L'avis d'un conseil médical rendu en formation restreinte peut être contesté devant le conseil médical supérieur par l'administration ou l'agent dans le délai de deux mois à compter de sa notification. | BE36: CGM_D_007 | BF36: =VLOOKUP(BE36,'Axe 2 Règles de gestion'!$D$2:$F$225,3, FALSE) -> Le CGM peut être accordé pour chaque période pour une durée maximale de 6 mois. | BG36: CGM_D_008 | BH36: =VLOOKUP(BG36,'Axe 2 Règles de gestion'!$D$2:$F$225,3, FALSE) -> La durée du CGM est de 3 ans maximum. Pour certaines pathologies, le CGM peut être accordé de manière fractionnée : les droits aux 3 ans de congé sont alors appréciés sur une période de référence de 4 ans. | BI36: CGM_D_005 | BJ36: =VLOOKUP(BI36,'Axe 2 Règles de gestion'!$D$2:$F$225,3, FALSE) -> La première année du congé de grave maladie est rémunérée à plein traitement. | BK36: CGM_D_006 | BL36: =VLOOKUP(BK36,'Axe 2 Règles de gestion'!$D$2:$F$225,3, FALSE) -> La deuxième et la troisième années du congé de grave maladie sont rémunérées à 60% du traitement. | BW36: ABS_C_003 | BX36: =VLOOKUP(BW36,'Axe 2 Règles de gestion'!$D$2:$F$225,3, FALSE) -> La date de début du congé/absence doit être antérieure ou égale à la date de fin réelle du congé/absence. | BY36: ABS_C_004 | BZ36: =VLOOKUP(BY36,'Axe 2 Règles de gestion'!$D$2:$F$225,3, FALSE) -> La date de début du congé/absence doit être antérieure ou égale à la date de fin prévisionnelle du congé/absence. | CA36: ABS_C_005 | CB36: =VLOOKUP(CA36,'Axe 2 Règles de gestion'!$D$2:$F$225,3, FALSE) -> La date de fin réelle du congé/absence doit être antérieure ou égale à la date limite de fin réelle ou prévisionnelle du lien juridique. | CC36: ABS_C_006 | CD36: =VLOOKUP(CC36,'Axe 2 Règles de gestion'!$D$2:$F$225,3, FALSE) -> La date de fin prévisionnelle du congé/absence doit être antérieure ou égale à la date limite de fin réelle ou prévisionnelle du lien juridique. | CE36: ABS_C_007 | CF36: =VLOOKUP(CE36,'Axe 2 Règles de gestion'!$D$2:$F$225,3, FALSE) -> La date de fin réelle du congé/absence doit être antérieure à la date limite de départ à la retraite. | CG36: ABS_C_008 | CH36: =VLOOKUP(CG36,'Axe 2 Règles de gestion'!$D$2:$F$225,3, FALSE) -> La date de fin prévisionnelle du congé/absence doit être antérieure à la date limite de départ à la retraite. | CI36: ABS_C_009 | CJ36: =VLOOKUP(CI36,'Axe 2 Règles de gestion'!$D$2:$F$225,3, FALSE) -> La date de fin réelle ou la date de fin prévisionnelle du congé/absence doit être saisie. | CK36: ABS_C_016 | CL36: =VLOOKUP(CK36,'Axe 2 Règles de gestion'!$D$2:$F$225,3, FALSE) -> Pour chaque période d'absence découpée, la date de fin d'impact rémunération doit être égale à la date de fin prévisionnelle du congé/absence. | CM36: ABS_C_018 | CN36: =VLOOKUP(CM36,'Axe 2 Règles de gestion'!$D$2:$F$225,3, FALSE) -> Pour chaque période d'absence découpée, la date de fin d'impact rémunération doit être égale à la date de fin réelle du congé/absence. | CO36: ABS_C_023 | CP36: =VLOOKUP(CO36,'Axe 2 Règles de gestion'!$D$2:$F$225,3, FALSE) -> L'état du congé est renseigné. | CQ36: ABS_C_024 | CR36: =VLOOKUP(CQ36,'Axe 2 Règles de gestion'!$D$2:$F$225,3, FALSE) -> Si le CMO est requalifié en CLM/CLD/CGM/CITIS alors l'impact rémunération saisi doit être un impact spécifique à la requalification. | CS36: ABS_C_025 | CT36: =VLOOKUP(CS36,'Axe 2 Règles de gestion'!$D$2:$F$225,3, FALSE) -> Si le congé/absence n'est pas issu d'une requalification d'un CMO ou d'un CITIS, alors l'impact rémunération saisi ne doit pas être un impact spécifique à la requalification.
A37: 20.00.00 | B37: A | C37: 43775.679 | D37: D0007 | E37: Congés/Absence | F37: S0056 | G37: Congé de grave maladie | H37: E0477 | I37: Congé de grave maladie | J37: Type de congé/absence saisi = "Congé de grave maladie" | K37: A_COA_TYCOAB [Saisi] = 'CM300' | L37: T1163 | M37: Congé de grave maladie - Initial | N37: Création Modification | O37: La valeur de l'Etat du congé est égale à 'initial' et la valeur de l'Etat du congé saisie est différente de celle avant saisie | P37: A_COA_ETCOMA [Saisi] = 'EC01' ET A_COA_ETCOMA [Saisi] <> A_COA_ETCOMA [Valeur avant saisie] | Q37: Enseignant contractuel de l'enseignement agricole privé sous contrat non définitif - Agriculture | R37: P0078 | S37: N | T37: Particulier | U37: Exclu | V37: 40725
A38: 20.00.00 | B38: A | C38: 43775.682 | D38: D0007 | E38: Congés/Absence | F38: S0056 | G38: Congé de grave maladie | H38: E0477 | I38: Congé de grave maladie | J38: Type de congé/absence saisi = "Congé de grave maladie" | K38: A_COA_TYCOAB [Saisi] = 'CM300' | L38: T1164 | M38: Congé de grave maladie - Prolongation | N38: Création Modification | O38: La valeur de l'Etat du congé est égale à 'Renouvellement' et la valeur de l'Etat du congé saisie est différente de celle avant saisie | P38: A_COA_ETCOMA [Saisi] = 'EC02' ET A_COA_ETCOMA [Saisi] <> A_COA_ETCOMA [Valeur avant saisie] | Q38: Enseignant contractuel de l'enseignement agricole privé sous contrat non définitif - Agriculture | R38: P0078 | S38: N | T38: Particulier | U38: Exclu | V38: 40725
A39: 20.00.00 | B39: A | C39: 43775.685 | D39: D0007 | E39: Congés/Absence | F39: S0056 | G39: Congé de grave maladie | H39: E0477 | I39: Congé de grave maladie | J39: Type de congé/absence saisi = "Congé de grave maladie" | K39: A_COA_TYCOAB [Saisi] = 'CM300' | L39: T1165 | M39: Congé de grave maladie - Fin | N39: Modification | O39: La valeur de l'Etat du congé saisie est égale à celle avant saisie | P39: A_COA_ETCOMA [Saisi] = A_COA_ETCOMA [Valeur avant saisie] | Q39: Enseignant contractuel de l'enseignement agricole privé sous contrat non définitif - Agriculture | R39: P0078 | S39: N | T39: Particulier | U39: Exclu | V39: 40725
A40: 20.00.00 | B40: A | C40: 43775.681 | D40: D0007 | E40: Congés/Absence | F40: S0056 | G40: Congé de grave maladie | H40: E0477 | I40: Congé de grave maladie | J40: Type de congé/absence saisi = "Congé de grave maladie" | K40: A_COA_TYCOAB [Saisi] = 'CM300' | L40: T1163 | M40: Congé de grave maladie - Initial | N40: Création Modification | O40: La valeur de l'Etat du congé est égale à 'initial' et la valeur de l'Etat du congé saisie est différente de celle avant saisie | P40: A_COA_ETCOMA [Saisi] = 'EC01' ET A_COA_ETCOMA [Saisi] <> A_COA_ETCOMA [Valeur avant saisie] | Q40: Enseignant contractuel de l'enseignement agricole privé sous contrat définitif - Agriculture | R40: P0079 | S40: N | T40: Particulier | U40: Exclu | V40: 40725
A41: 20.00.00 | B41: A | C41: 43775.684 | D41: D0007 | E41: Congés/Absence | F41: S0056 | G41: Congé de grave maladie | H41: E0477 | I41: Congé de grave maladie | J41: Type de congé/absence saisi = "Congé de grave maladie" | K41: A_COA_TYCOAB [Saisi] = 'CM300' | L41: T1164 | M41: Congé de grave maladie - Prolongation | N41: Création Modification | O41: La valeur de l'Etat du congé est égale à 'Renouvellement' et la valeur de l'Etat du congé saisie est différente de celle avant saisie | P41: A_COA_ETCOMA [Saisi] = 'EC02' ET A_COA_ETCOMA [Saisi] <> A_COA_ETCOMA [Valeur avant saisie] | Q41: Enseignant contractuel de l'enseignement agricole privé sous contrat définitif - Agriculture | R41: P0079 | S41: N | T41: Particulier | U41: Exclu | V41: 40725
A42: 20.00.00 | B42: A | C42: 43775.688 | D42: D0007 | E42: Congés/Absence | F42: S0056 | G42: Congé de grave maladie | H42: E0477 | I42: Congé de grave maladie | J42: Type de congé/absence saisi = "Congé de grave maladie" | K42: A_COA_TYCOAB [Saisi] = 'CM300' | L42: T1165 | M42: Congé de grave maladie - Fin | N42: Modification | O42: La valeur de l'Etat du congé saisie est égale à celle avant saisie | P42: A_COA_ETCOMA [Saisi] = A_COA_ETCOMA [Valeur avant saisie] | Q42: Enseignant contractuel de l'enseignement agricole privé sous contrat définitif - Agriculture | R42: P0079 | S42: N | T42: Particulier | U42: Exclu | V42: 40725
A43: 17.10.00 | B43: A | C43: 43152.5 | D43: D0007 | E43: Congés/Absence | F43: S0056 | G43: Congé de grave maladie | H43: E0477 | I43: Congé de grave maladie | J43: Type de congé/absence saisi = "Congé de grave maladie" | K43: A_COA_TYCOAB [Saisi] = 'CM300' | L43: T1163 | M43: Congé de grave maladie - Initial | N43: Création Modification | O43: La valeur de l'Etat du congé est égale à 'initial' et la valeur de l'Etat du congé saisie est différente de celle avant saisie | P43: A_COA_ETCOMA [Saisi] = 'EC01' ET A_COA_ETCOMA [Saisi] <> A_COA_ETCOMA [Valeur avant saisie] | Q43: Contractuel CDI de l'ASP, FranceAgriMer, INAO, ODEADOM | R43: P0140 | S43: N | T43: Particulier | U43: Exclu | V43: 40725
A44: 17.10.00 | B44: A | C44: 43152.5 | D44: D0007 | E44: Congés/Absence | F44: S0056 | G44: Congé de grave maladie | H44: E0477 | I44: Congé de grave maladie | J44: Type de congé/absence saisi = "Congé de grave maladie" | K44: A_COA_TYCOAB [Saisi] = 'CM300' | L44: T1164 | M44: Congé de grave maladie - Prolongation | N44: Création Modification | O44: La valeur de l'Etat du congé est égale à 'Renouvellement' et la valeur de l'Etat du congé saisie est différente de celle avant saisie | P44: A_COA_ETCOMA [Saisi] = 'EC02' ET A_COA_ETCOMA [Saisi] <> A_COA_ETCOMA [Valeur avant saisie] | Q44: Contractuel CDI de l'ASP, FranceAgriMer, INAO, ODEADOM | R44: P0140 | S44: N | T44: Particulier | U44: Exclu | V44: 40725
A45: 17.10.00 | B45: A | C45: 43152.5 | D45: D0007 | E45: Congés/Absence | F45: S0056 | G45: Congé de grave maladie | H45: E0477 | I45: Congé de grave maladie | J45: Type de congé/absence saisi = "Congé de grave maladie" | K45: A_COA_TYCOAB [Saisi] = 'CM300' | L45: T1165 | M45: Congé de grave maladie - Fin | N45: Modification | O45: La valeur de l'Etat du congé saisie est égale à celle avant saisie | P45: A_COA_ETCOMA [Saisi] = A_COA_ETCOMA [Valeur avant saisie] | Q45: Contractuel CDI de l'ASP, FranceAgriMer, INAO, ODEADOM | R45: P0140 | S45: N | T45: Particulier | U45: Exclu | V45: 40725
A46: 17.10.00 | B46: A | C46: 43152.5 | D46: D0007 | E46: Congés/Absence | F46: S0056 | G46: Congé de grave maladie | H46: E0477 | I46: Congé de grave maladie | J46: Type de congé/absence saisi = "Congé de grave maladie" | K46: A_COA_TYCOAB [Saisi] = 'CM300' | L46: T1163 | M46: Congé de grave maladie - Initial | N46: Création Modification | O46: La valeur de l'Etat du congé est égale à 'initial' et la valeur de l'Etat du congé saisie est différente de celle avant saisie | P46: A_COA_ETCOMA [Saisi] = 'EC01' ET A_COA_ETCOMA [Saisi] <> A_COA_ETCOMA [Valeur avant saisie] | Q46: Personnel hospitalo-universitaire stagiaire - Ens supérieur | R46: P0150 | S46: S | T46: Particulier | U46: Exclu | V46: 40725
A47: 17.10.00 | B47: A | C47: 43152.5 | D47: D0007 | E47: Congés/Absence | F47: S0056 | G47: Congé de grave maladie | H47: E0477 | I47: Congé de grave maladie | J47: Type de congé/absence saisi = "Congé de grave maladie" | K47: A_COA_TYCOAB [Saisi] = 'CM300' | L47: T1164 | M47: Congé de grave maladie - Prolongation | N47: Création Modification | O47: La valeur de l'Etat du congé est égale à 'Renouvellement' et la valeur de l'Etat du congé saisie est différente de celle avant saisie | P47: A_COA_ETCOMA [Saisi] = 'EC02' ET A_COA_ETCOMA [Saisi] <> A_COA_ETCOMA [Valeur avant saisie] | Q47: Personnel hospitalo-universitaire stagiaire - Ens supérieur | R47: P0150 | S47: S | T47: Particulier | U47: Exclu | V47: 40725
A48: 17.10.00 | B48: A | C48: 43152.5 | D48: D0007 | E48: Congés/Absence | F48: S0056 | G48: Congé de grave maladie | H48: E0477 | I48: Congé de grave maladie | J48: Type de congé/absence saisi = "Congé de grave maladie" | K48: A_COA_TYCOAB [Saisi] = 'CM300' | L48: T1165 | M48: Congé de grave maladie - Fin | N48: Modification | O48: La valeur de l'Etat du congé saisie est égale à celle avant saisie | P48: A_COA_ETCOMA [Saisi] = A_COA_ETCOMA [Valeur avant saisie] | Q48: Personnel hospitalo-universitaire stagiaire - Ens supérieur | R48: P0150 | S48: S | T48: Particulier | U48: Exclu | V48: 40725
A49: 25.10.00 | B49: M | C49: 45922.465 | D49: D0007 | E49: Congés/Absence | F49: S0056 | G49: Congé de grave maladie | H49: E0477 | I49: Congé de grave maladie | J49: Type de congé/absence saisi = "Congé de grave maladie" | K49: A_COA_TYCOAB [Saisi] = 'CM300' | L49: T1163 | M49: Congé de grave maladie - Initial | N49: Création Modification | O49: La valeur de l'Etat du congé est égale à 'initial' et la valeur de l'Etat du congé saisie est différente de celle avant saisie | P49: A_COA_ETCOMA [Saisi] = 'EC01' ET A_COA_ETCOMA [Saisi] <> A_COA_ETCOMA [Valeur avant saisie] | Q49: Maître auxiliaire - Education | R49: P0161 | S49: N | T49: Particulier | U49: Passant | V49: 45717 | X49: CGM_I_223 ET CGM_I_174 ET CGM_I_195 ET CGM_I_105 ET CGM_I_199 ET CGM_I_178 ET CGM_I_182 ET CGM_I_207 ET CGM_I_213 ET CGM_I_129 ET CGM_I_165 ET CGM_I_073 ET CGM_D_007 ET CGM_D_008 ET CGM_D_009 ET CGM_D_004 ET CGM_D_005 ET CGM_D_006 ET CGM_D_002 ET ABS_C_002 ET ABS_C_003 ET ABS_C_004 ET ABS_C_005 ET ABS_C_006 ET ABS_C_007 ET ABS_C_008 ET ABS_C_009 ET ABS_C_015 ET ABS_C_016 ET ABS_C_018 ET ABS_C_019 ET ABS_C_020 ET ABS_C_023 ET ABS_C_024 ET ABS_C_025 ET ABS_C_011 | Y49: CGM_I_223 | Z49: =VLOOKUP(Y49,'Axe 2 Règles de gestion'!$D$2:$F$225,3, FALSE) -> L'agent bénéficie des dispositions applicables aux agents contractuels pour le congé de grave maladie. | AA49: CGM_I_174 | AB49: =VLOOKUP(AA49,'Axe 2 Règles de gestion'!$D$2:$F$225,3, FALSE) -> Le bénéfice d'un congé de grave maladie demandé pour une affection qui n'est pas inscrite sur la liste indicative de maladies peut être accordé après l'avis du conseil médical compétent. | AC49: CGM_I_195 | AD49: =VLOOKUP(AC49,'Axe 2 Règles de gestion'!$D$2:$F$225,3, FALSE) -> L'agent doit adresser à son chef de service une demande appuyée d'un certificat d'un médecin. | AE49: CGM_I_105 | AF49: =VLOOKUP(AE49,'Axe 2 Règles de gestion'!$D$2:$F$225,3, FALSE) -> L'avis du conseil médical doit être rendu. | AG49: CGM_I_199 | AH49: =VLOOKUP(AG49,'Axe 2 Règles de gestion'!$D$2:$F$225,3, FALSE) -> Le médecin adresse au président du conseil médical un résumé de ses observations et toute pièce justifiant la situation de l'agent. | AI49: CGM_I_178 | AJ49: =VLOOKUP(AI49,'Axe 2 Règles de gestion'!$D$2:$F$225,3, FALSE) -> Le congé peut être octroyé d'office au vu d'une attestation médicale ou d'un rapport des supérieurs hiérarchiques. Le chef de service saisit alors le conseil médical. | AK49: CGM_I_182 | AL49: =VLOOKUP(AK49,'Axe 2 Règles de gestion'!$D$2:$F$225,3, FALSE) -> Si le chef de service saisit le conseil médical, il informe de cette saisine le médecin du travail qui transmet un rapport au conseil médical. | AM49: CGM_I_207 | AN49: =VLOOKUP(AM49,'Axe 2 Règles de gestion'!$D$2:$F$225,3, FALSE) -> Un contrôle pourra être effectué à tout moment par un médecin agréé de l'administration. | AO49: CGM_I_213 | AP49: =VLOOKUP(AO49,'Axe 2 Règles de gestion'!$D$2:$F$225,3, FALSE) -> L'avis d'un conseil médical rendu en formation restreinte peut être contesté devant le conseil médical supérieur par l'administration ou l'agent dans le délai de deux mois à compter de sa notification. | AQ49: CGM_I_129 | AR49: =VLOOKUP(AQ49,'Axe 2 Règles de gestion'!$D$2:$F$225,3, FALSE) -> L'agent informe l'administration de tout changement de domicile et, sauf en cas d'hospitalisation, de toute absence du domicile supérieure à deux semaines. Il informe l'administration de ses dates et lieux de séjour. | AS49: CGM_I_165 | AT49: =VLOOKUP(AS49,'Axe 2 Règles de gestion'!$D$2:$F$225,3, FALSE) -> L'agent doit se soumettre aux visites de contrôle prescrites par le médecin agréé ou le conseil médical. | AU49: CGM_I_073 | AV49: =VLOOKUP(AU49,'Axe 2 Règles de gestion'!$D$2:$F$225,3, FALSE) -> Le refus répété et sans motif valable de se soumettre aux visites de contrôle peut entraîner, après mise en demeure de l'agent, la perte du bénéfice du congé. | BE49: CGM_D_007 | BF49: =VLOOKUP(BE49,'Axe 2 Règles de gestion'!$D$2:$F$225,3, FALSE) -> Le CGM peut être accordé pour chaque période pour une durée maximale de 6 mois. | BG49: CGM_D_008 | BH49: =VLOOKUP(BG49,'Axe 2 Règles de gestion'!$D$2:$F$225,3, FALSE) -> La durée du CGM est de 3 ans maximum. Pour certaines pathologies, le CGM peut être accordé de manière fractionnée : les droits aux 3 ans de congé sont alors appréciés sur une période de référence de 4 ans. | BI49: CGM_D_009 | BJ49: =VLOOKUP(BI49,'Axe 2 Règles de gestion'!$D$2:$F$225,3, FALSE) -> L'agent qui a obtenu un congé de grave maladie pour une affection non liée à un accident de service ou maladie professionnelle ne peut bénéficier d'un autre congé de cette nature, s'il n'a pas auparavant repris l'exercice de ses fonctions pendant un an. | BK49: CGM_D_004 | BL49: =VLOOKUP(BK49,'Axe 2 Règles de gestion'!$D$2:$F$225,3, FALSE) -> L'agent doit compter au moins 4 mois de services effectués en qualité d'agent public pour le compte des personnes publiques mentionnées à l'article L. 2 du code général de la fonction publique. | BM49: CGM_D_005 | BN49: =VLOOKUP(BM49,'Axe 2 Règles de gestion'!$D$2:$F$225,3, FALSE) -> La première année du congé de grave maladie est rémunérée à plein traitement. | BO49: CGM_D_006 | BP49: =VLOOKUP(BO49,'Axe 2 Règles de gestion'!$D$2:$F$225,3, FALSE) -> La deuxième et la troisième années du congé de grave maladie sont rémunérées à 60% du traitement. | BQ49: CGM_D_002 | BR49: =VLOOKUP(BQ49,'Axe 2 Règles de gestion'!$D$2:$F$225,3, FALSE) -> L'agent doit être en activité. | BW49: ABS_C_002 | BX49: =VLOOKUP(BW49,'Axe 2 Règles de gestion'!$D$2:$F$225,3, FALSE) -> La date de début du congé/absence doit être postérieure ou égale à la date de début du lien juridique. | BY49: ABS_C_003 | BZ49: =VLOOKUP(BY49,'Axe 2 Règles de gestion'!$D$2:$F$225,3, FALSE) -> La date de début du congé/absence doit être antérieure ou égale à la date de fin réelle du congé/absence. | CA49: ABS_C_004 | CB49: =VLOOKUP(CA49,'Axe 2 Règles de gestion'!$D$2:$F$225,3, FALSE) -> La date de début du congé/absence doit être antérieure ou égale à la date de fin prévisionnelle du congé/absence. | CC49: ABS_C_005 | CD49: =VLOOKUP(CC49,'Axe 2 Règles de gestion'!$D$2:$F$225,3, FALSE) -> La date de fin réelle du congé/absence doit être antérieure ou égale à la date limite de fin réelle ou prévisionnelle du lien juridique. | CE49: ABS_C_006 | CF49: =VLOOKUP(CE49,'Axe 2 Règles de gestion'!$D$2:$F$225,3, FALSE) -> La date de fin prévisionnelle du congé/absence doit être antérieure ou égale à la date limite de fin réelle ou prévisionnelle du lien juridique. | CG49: ABS_C_007 | CH49: =VLOOKUP(CG49,'Axe 2 Règles de gestion'!$D$2:$F$225,3, FALSE) -> La date de fin réelle du congé/absence doit être antérieure à la date limite de départ à la retraite. | CI49: ABS_C_008 | CJ49: =VLOOKUP(CI49,'Axe 2 Règles de gestion'!$D$2:$F$225,3, FALSE) -> La date de fin prévisionnelle du congé/absence doit être antérieure à la date limite de départ à la retraite. | CK49: ABS_C_009 | CL49: =VLOOKUP(CK49,'Axe 2 Règles de gestion'!$D$2:$F$225,3, FALSE) -> La date de fin réelle ou la date de fin prévisionnelle du congé/absence doit être saisie. | CM49: ABS_C_015 | CN49: =VLOOKUP(CM49,'Axe 2 Règles de gestion'!$D$2:$F$225,3, FALSE) -> Pour chaque période d'absence découpée, la date de début d'impact rémunération doit être égale à la date de début du congé/absence. | CO49: ABS_C_016 | CP49: =VLOOKUP(CO49,'Axe 2 Règles de gestion'!$D$2:$F$225,3, FALSE) -> Pour chaque période d'absence découpée, la date de fin d'impact rémunération doit être égale à la date de fin prévisionnelle du congé/absence. | CQ49: ABS_C_018 | CR49: =VLOOKUP(CQ49,'Axe 2 Règles de gestion'!$D$2:$F$225,3, FALSE) -> Pour chaque période d'absence découpée, la date de fin d'impact rémunération doit être égale à la date de fin réelle du congé/absence. | CS49: ABS_C_019 | CT49: =VLOOKUP(CS49,'Axe 2 Règles de gestion'!$D$2:$F$225,3, FALSE) -> Si l'absence ne commence pas par une demi-journée et si l'absence précédente ne finit pas par une demi journée, la date de début de l'absence saisie est postérieure à la date de fin réelle de l'absence précédente. | CU49: ABS_C_020 | CV49: =VLOOKUP(CU49,'Axe 2 Règles de gestion'!$D$2:$F$225,3, FALSE) -> Si l'absence ne commence pas par une demi-journée et si l'absence précédente ne finit pas par une demi journée, la date de début de l'absence saisie est postérieure à la date de fin prévisionnelle de l'absence précédente. | CW49: ABS_C_023 | CX49: =VLOOKUP(CW49,'Axe 2 Règles de gestion'!$D$2:$F$225,3, FALSE) -> L'état du congé est renseigné. | CY49: ABS_C_024 | CZ49: =VLOOKUP(CY49,'Axe 2 Règles de gestion'!$D$2:$F$225,3, FALSE) -> Si le CMO est requalifié en CLM/CLD/CGM/CITIS alors l'impact rémunération saisi doit être un impact spécifique à la requalification. | DA49: ABS_C_025 | DB49: =VLOOKUP(DA49,'Axe 2 Règles de gestion'!$D$2:$F$225,3, FALSE) -> Si le congé/absence n'est pas issu d'une requalification d'un CMO ou d'un CITIS, alors l'impact rémunération saisi ne doit pas être un impact spécifique à la requalification. | DC49: ABS_C_011 | DD49: =VLOOKUP(DC49,'Axe 2 Règles de gestion'!$D$2:$F$225,3, FALSE) -> Attention : La date d'effet l'avis du conseil médical doit être saisie afin d'être récupérée automatiquement lors de la génération de l'acte.
