Workbook
Name date_DIADC: 'Mode opératoire'!#REF!
Name notice_DIADC: 'Mode opératoire'!#REF!
Name notice_ENCHN: 'Mode opératoire'!$B$1:$B$4
Name notice_ICA: 'Mode opératoire'!#REF!

Sheet Mode opératoire
B1: MODE OPERATOIRE
B2: "La transaction s'effectue au niveau de la rubrique ""Congés/absences"", elle inclut l'ensemble des sous-rubriques listées ci-dessous : - Congés/absences - Complément pour congé / absence : impact rémunération - Compteurs des droits à congés - Compteurs de périodes de congés On notera que : La sous-rubrique ""Complément pour congé / absence : impact rémunération"" est réputée, suite au découpage des absences en tranche de rémunération, avoir des dates de début et de fin alignées sur les dates de début et de fin de la sous-rubrique ""Congés/absences"" (contrôle bloquant)"

Sheet Axe 1 Enchainement des RG
A1: Version | B1: Type de mise à jour | C1: Date de mise à jour | D1: Identifiant Domaine | E1: Libellé du Domaine | F1: Identifiant Sous-domaine | G1: Libellé du Sous-domaine | H1: Identifiant Evénement | I1: Libellé de l'évènement | J1: Libellé condition déclenchement Evènement | K1: Condition déclenchement Evènement | L1: Identifiant type d'évènement | M1: Libellé type d'évènement | N1: Type de mise à jour | O1: Libellé condition déclenchement Type Evènement | P1: Condition déclenchement Type Evènement | Q1: Libellé Population | R1: Codification Population | S1: Typologie de population | T1: Général / Particulier | U1: Passant / Exclu | V1: Date de début | W1: Date de fin | X1: Règles mobilisées | Y1: Identifiant Règle de contrôle intellectuel 1 | Z1: Libellé Règle de contrôle intellectuel 1 | AA1: Identifiant Règle de contrôle intellectuel 2 | AB1: Libellé Règle de contrôle intellectuel 2 | AC1: Identifiant Règle de contrôle intellectuel 3 | AD1: Libellé Règle de contrôle intellectuel 3 | AE1: Identifiant Règle de contrôle intellectuel 4 | AF1: Libellé Règle de contrôle intellectuel 4 | AG1: Identifiant Règle de contrôle intellectuel 5 | AH1: Libellé Règle de contrôle intellectuel 5 | AI1: Identifiant Règle de contrôle intellectuel 6 | AJ1: Libellé Règle de contrôle intellectuel 6 | AK1: Identifiant Règle de contrôle intellectuel 7 | AL1: Libellé Règle de contrôle intellectuel 7 | AM1: Identifiant Règle de contrôle intellectuel 8 | AN1: Libellé Règle de contrôle intellectuel 8 | AO1: Identifiant Règle de contrôle intellectuel 9 | AP1: Libellé Règle de contrôle intellectuel 9 | AQ1: Identifiant Règle de condition 1 | AR1: Libellé Règle de condition 1 | AS1: Identifiant Règle de condition 2 | AT1: Libellé Règle de condition 2 | AU1: Identifiant Règle de contrôle 1 | AV1: Libellé Règle de contrôle 1 | AW1: Identifiant Règle de contrôle 2 | AX1: Libellé Règle de contrôle 2 | AY1: Identifiant Règle de contrôle 3 | AZ1: Libellé Règle de contrôle 3 | BA1: Identifiant Règle de contrôle 4 | BB1: Libellé Règle de contrôle 4 | BC1: Identifiant Règle de contrôle 5 | BD1: Libellé Règle de contrôle 5 | BE1: Identifiant Règle de contrôle 6 | BF1: Libellé Règle de contrôle 6 | BG1: Identifiant Règle de contrôle 7 | BH1: Libellé Règle de contrôle 7 | BI1: Identifiant Règle de contrôle 8 | BJ1: Libellé Règle de contrôle 8 | BK1: Identifiant Règle de contrôle 9 | BL1: Libellé Règle de contrôle 9 | BM1: FIME | BN1: Statut de travail
A2: 26.00.00 | B2: M | C2: 46099.591 | D2: D0007 | E2: Congés/Absence | F2: S0196 | G2: Autorisations d'absence syndicales | H2: E0855 | I2: Autorisation d'absence pour crédit de temps syndical | J2: Type de congé/absence saisi égal 'Autorisation d'absence pour crédit de temps syndical' | K2: A_COA_TYCOAB [Saisi] = 'CA055' | L2: T2116 | M2: Autorisation d'absence pour crédit de temps syndical | N2: Création Modification | Q2: Titulaire ou magistrat | R2: P0001 | S2: T | T2: Général | U2: Passant | V2: 40725 | W2: 41427 | X2: AAS_D_210 ET AAS_D_213 ET ABS_C_010 ET ABS_C_001 ET ABS_C_003 ET ABS_C_004 ET ABS_C_007 ET ABS_C_008 ET ABS_C_009 ET ABS_C_019 ET ABS_C_020 | AQ2: AAS_D_210 | AR2: =VLOOKUP(AQ2,'Axe 2 Règles de gestion'!$D$2:$F$54,3, FALSE) -> La durée prévisionnelle de l'autorisation d'absence pour crédit de temps syndical est au minimum d'une demi-journée. | AS2: AAS_D_213 | AT2: =VLOOKUP(AS2,'Axe 2 Règles de gestion'!$D$2:$F$54,3, FALSE) -> La durée réelle de l'autorisation d'absence pour crédit de temps syndical est au minimum d'une demi-journée. | AU2: ABS_C_010 | AV2: =VLOOKUP(AU2,'Axe 2 Règles de gestion'!$D$2:$F$54,3, FALSE) -> L'agent doit être en activité. | AW2: ABS_C_001 | AX2: =VLOOKUP(AW2,'Axe 2 Règles de gestion'!$D$2:$F$54,3, FALSE) -> La date de début du congé/absence doit être postérieure ou égale à la date de recrutement dans la FPE ou dans la carrière militaire. | AY2: ABS_C_003 | AZ2: =VLOOKUP(AY2,'Axe 2 Règles de gestion'!$D$2:$F$54,3, FALSE) -> La date de début du congé/absence doit être antérieure ou égale à la date de fin réelle du congé/absence. | BA2: ABS_C_004 | BB2: =VLOOKUP(BA2,'Axe 2 Règles de gestion'!$D$2:$F$54,3, FALSE) -> La date de début du congé/absence doit être antérieure ou égale à la date de fin prévisionnelle du congé/absence. | BC2: ABS_C_007 | BD2: =VLOOKUP(BC2,'Axe 2 Règles de gestion'!$D$2:$F$54,3, FALSE) -> La date de fin réelle du congé/absence doit être antérieure à la date limite de départ à la retraite. | BE2: ABS_C_008 | BF2: =VLOOKUP(BE2,'Axe 2 Règles de gestion'!$D$2:$F$54,3, FALSE) -> La date de fin prévisionnelle du congé/absence doit être antérieure à la date limite de départ à la retraite. | BG2: ABS_C_009 | BH2: =VLOOKUP(BG2,'Axe 2 Règles de gestion'!$D$2:$F$54,3, FALSE) -> La date de fin réelle ou la date de fin prévisionnelle du congé/absence doit être saisie. | BI2: ABS_C_019 | BJ2: =VLOOKUP(BI2,'Axe 2 Règles de gestion'!$D$2:$F$54,3, FALSE) -> Si l'absence ne commence pas par une demi-journée et si l'absence précédente ne finit pas par une demi journée, la date de début de l'absence saisie est postérieure à la date de fin réelle de l'absence précédente. | BK2: ABS_C_020 | BL2: =VLOOKUP(BK2,'Axe 2 Règles de gestion'!$D$2:$F$54,3, FALSE) -> Si l'absence ne commence pas par une demi-journée et si l'absence précédente ne finit pas par une demi journée, la date de début de l'absence saisie est postérieure à la date de fin prévisionnelle de l'absence précédente. | BM2: 2026-25
A3: 26.00.00 | B3: M | C3: 46099.592 | D3: D0007 | E3: Congés/Absence | F3: S0196 | G3: Autorisations d'absence syndicales | H3: E0855 | I3: Autorisation d'absence pour crédit de temps syndical | J3: Type de congé/absence saisi égal 'Autorisation d'absence pour crédit de temps syndical' | K3: A_COA_TYCOAB [Saisi] = 'CA055' | L3: T2116 | M3: Autorisation d'absence pour crédit de temps syndical | N3: Création Modification | Q3: Titulaire ou magistrat | R3: P0001 | S3: T | T3: Général | U3: Passant | V3: 41428 | W3: 45688 | X3: AAS_D_210 ET AAS_D_213 ET ABS_C_010 ET ABS_C_001 ET ABS_C_003 ET ABS_C_004 ET ABS_C_007 ET ABS_C_008 ET ABS_C_009 ET ABS_C_019 ET ABS_C_020 | AQ3: AAS_D_210 | AR3: =VLOOKUP(AQ3,'Axe 2 Règles de gestion'!$D$2:$F$54,3, FALSE) -> La durée prévisionnelle de l'autorisation d'absence pour crédit de temps syndical est au minimum d'une demi-journée. | AS3: AAS_D_213 | AT3: =VLOOKUP(AS3,'Axe 2 Règles de gestion'!$D$2:$F$54,3, FALSE) -> La durée réelle de l'autorisation d'absence pour crédit de temps syndical est au minimum d'une demi-journée. | AU3: ABS_C_010 | AV3: =VLOOKUP(AU3,'Axe 2 Règles de gestion'!$D$2:$F$54,3, FALSE) -> L'agent doit être en activité. | AW3: ABS_C_001 | AX3: =VLOOKUP(AW3,'Axe 2 Règles de gestion'!$D$2:$F$54,3, FALSE) -> La date de début du congé/absence doit être postérieure ou égale à la date de recrutement dans la FPE ou dans la carrière militaire. | AY3: ABS_C_003 | AZ3: =VLOOKUP(AY3,'Axe 2 Règles de gestion'!$D$2:$F$54,3, FALSE) -> La date de début du congé/absence doit être antérieure ou égale à la date de fin réelle du congé/absence. | BA3: ABS_C_004 | BB3: =VLOOKUP(BA3,'Axe 2 Règles de gestion'!$D$2:$F$54,3, FALSE) -> La date de début du congé/absence doit être antérieure ou égale à la date de fin prévisionnelle du congé/absence. | BC3: ABS_C_007 | BD3: =VLOOKUP(BC3,'Axe 2 Règles de gestion'!$D$2:$F$54,3, FALSE) -> La date de fin réelle du congé/absence doit être antérieure à la date limite de départ à la retraite. | BE3: ABS_C_008 | BF3: =VLOOKUP(BE3,'Axe 2 Règles de gestion'!$D$2:$F$54,3, FALSE) -> La date de fin prévisionnelle du congé/absence doit être antérieure à la date limite de départ à la retraite. | BG3: ABS_C_009 | BH3: =VLOOKUP(BG3,'Axe 2 Règles de gestion'!$D$2:$F$54,3, FALSE) -> La date de fin réelle ou la date de fin prévisionnelle du congé/absence doit être saisie. | BI3: ABS_C_019 | BJ3: =VLOOKUP(BI3,'Axe 2 Règles de gestion'!$D$2:$F$54,3, FALSE) -> Si l'absence ne commence pas par une demi-journée et si l'absence précédente ne finit pas par une demi journée, la date de début de l'absence saisie est postérieure à la date de fin réelle de l'absence précédente. | BK3: ABS_C_020 | BL3: =VLOOKUP(BK3,'Axe 2 Règles de gestion'!$D$2:$F$54,3, FALSE) -> Si l'absence ne commence pas par une demi-journée et si l'absence précédente ne finit pas par une demi journée, la date de début de l'absence saisie est postérieure à la date de fin prévisionnelle de l'absence précédente. | BM3: 2026-25
A4: 26.00.00 | B4: M | C4: 46175.448 | D4: D0007 | E4: Congés/Absence | F4: S0196 | G4: Autorisations d'absence syndicales | H4: E0855 | I4: Autorisation d'absence pour crédit de temps syndical | J4: Type de congé/absence saisi égal 'Autorisation d'absence pour crédit de temps syndical' | K4: A_COA_TYCOAB [Saisi] = 'CA055' | L4: T2116 | M4: Autorisation d'absence pour crédit de temps syndical | N4: Création Modification | Q4: Titulaire ou magistrat | R4: P0001 | S4: T | T4: Général | U4: Passant | V4: 45689 | X4: AAS_I_013 ET AAS_I_014 ET AAS_D_210 ET AAS_D_213 ET ABS_C_010 ET ABS_C_001 ET ABS_C_003 ET ABS_C_004 ET ABS_C_007 ET ABS_C_008 ET ABS_C_009 ET ABS_C_019 ET ABS_C_020 | Y4: AAS_I_013 | Z4: =VLOOKUP(Y4,'Axe 2 Règles de gestion'!$D$2:$F$54,3, FALSE) -> L'agent doit être chargé d'une activité syndicale. | AA4: AAS_I_014 | AB4: =VLOOKUP(AA4,'Axe 2 Règles de gestion'!$D$2:$F$54,3, FALSE) -> L'agent, désigné comme bénéficiaire de crédits d'heures par une organisation syndicale, peut bénéficier de crédits d'heures pour remplir ses obligations syndicales. | AQ4: AAS_D_210 | AR4: =VLOOKUP(AQ4,'Axe 2 Règles de gestion'!$D$2:$F$54,3, FALSE) -> La durée prévisionnelle de l'autorisation d'absence pour crédit de temps syndical est au minimum d'une demi-journée. | AS4: AAS_D_213 | AT4: =VLOOKUP(AS4,'Axe 2 Règles de gestion'!$D$2:$F$54,3, FALSE) -> La durée réelle de l'autorisation d'absence pour crédit de temps syndical est au minimum d'une demi-journée. | AU4: ABS_C_010 | AV4: =VLOOKUP(AU4,'Axe 2 Règles de gestion'!$D$2:$F$54,3, FALSE) -> L'agent doit être en activité. | AW4: ABS_C_001 | AX4: =VLOOKUP(AW4,'Axe 2 Règles de gestion'!$D$2:$F$54,3, FALSE) -> La date de début du congé/absence doit être postérieure ou égale à la date de recrutement dans la FPE ou dans la carrière militaire. | AY4: ABS_C_003 | AZ4: =VLOOKUP(AY4,'Axe 2 Règles de gestion'!$D$2:$F$54,3, FALSE) -> La date de début du congé/absence doit être antérieure ou égale à la date de fin réelle du congé/absence. | BA4: ABS_C_004 | BB4: =VLOOKUP(BA4,'Axe 2 Règles de gestion'!$D$2:$F$54,3, FALSE) -> La date de début du congé/absence doit être antérieure ou égale à la date de fin prévisionnelle du congé/absence. | BC4: ABS_C_007 | BD4: =VLOOKUP(BC4,'Axe 2 Règles de gestion'!$D$2:$F$54,3, FALSE) -> La date de fin réelle du congé/absence doit être antérieure à la date limite de départ à la retraite. | BE4: ABS_C_008 | BF4: =VLOOKUP(BE4,'Axe 2 Règles de gestion'!$D$2:$F$54,3, FALSE) -> La date de fin prévisionnelle du congé/absence doit être antérieure à la date limite de départ à la retraite. | BG4: ABS_C_009 | BH4: =VLOOKUP(BG4,'Axe 2 Règles de gestion'!$D$2:$F$54,3, FALSE) -> La date de fin réelle ou la date de fin prévisionnelle du congé/absence doit être saisie. | BI4: ABS_C_019 | BJ4: =VLOOKUP(BI4,'Axe 2 Règles de gestion'!$D$2:$F$54,3, FALSE) -> Si l'absence ne commence pas par une demi-journée et si l'absence précédente ne finit pas par une demi journée, la date de début de l'absence saisie est postérieure à la date de fin réelle de l'absence précédente. | BK4: ABS_C_020 | BL4: =VLOOKUP(BK4,'Axe 2 Règles de gestion'!$D$2:$F$54,3, FALSE) -> Si l'absence ne commence pas par une demi-journée et si l'absence précédente ne finit pas par une demi journée, la date de début de l'absence saisie est postérieure à la date de fin prévisionnelle de l'absence précédente. | BM4: 2026-25
A5: 26.00.00 | B5: A | C5: 46099.595 | D5: D0007 | E5: Congés/Absence | F5: S0196 | G5: Autorisations d'absence syndicales | H5: E0855 | I5: Autorisation d'absence pour crédit de temps syndical | J5: Type de congé/absence saisi égal 'Autorisation d'absence pour crédit de temps syndical' | K5: A_COA_TYCOAB [Saisi] = 'CA055' | L5: T2116 | M5: Autorisation d'absence pour crédit de temps syndical | N5: Création Modification | Q5: Militaire | R5: P0002 | S5: M | T5: Général | U5: Exclu | V5: 45689 | BM5: 2026-25
A6: 26.00.00 | B6: M | C6: 46099.597 | D6: D0007 | E6: Congés/Absence | F6: S0196 | G6: Autorisations d'absence syndicales | H6: E0855 | I6: Autorisation d'absence pour crédit de temps syndical | J6: Type de congé/absence saisi égal 'Autorisation d'absence pour crédit de temps syndical' | K6: A_COA_TYCOAB [Saisi] = 'CA055' | L6: T2116 | M6: Autorisation d'absence pour crédit de temps syndical | N6: Création Modification | Q6: Contractuel | R6: P0003 | S6: N | T6: Général | U6: Passant | V6: 40725 | W6: 41427 | X6: AAS_D_210 ET AAS_D_213 ET ABS_C_010 ET ABS_C_001 ET ABS_C_003 ET ABS_C_004 ET ABS_C_007 ET ABS_C_008 ET ABS_C_009 ET ABS_C_019 ET ABS_C_020 | AQ6: AAS_D_210 | AR6: =VLOOKUP(AQ6,'Axe 2 Règles de gestion'!$D$2:$F$54,3, FALSE) -> La durée prévisionnelle de l'autorisation d'absence pour crédit de temps syndical est au minimum d'une demi-journée. | AS6: AAS_D_213 | AT6: =VLOOKUP(AS6,'Axe 2 Règles de gestion'!$D$2:$F$54,3, FALSE) -> La durée réelle de l'autorisation d'absence pour crédit de temps syndical est au minimum d'une demi-journée. | AU6: ABS_C_010 | AV6: =VLOOKUP(AU6,'Axe 2 Règles de gestion'!$D$2:$F$54,3, FALSE) -> L'agent doit être en activité. | AW6: ABS_C_001 | AX6: =VLOOKUP(AW6,'Axe 2 Règles de gestion'!$D$2:$F$54,3, FALSE) -> La date de début du congé/absence doit être postérieure ou égale à la date de recrutement dans la FPE ou dans la carrière militaire. | AY6: ABS_C_003 | AZ6: =VLOOKUP(AY6,'Axe 2 Règles de gestion'!$D$2:$F$54,3, FALSE) -> La date de début du congé/absence doit être antérieure ou égale à la date de fin réelle du congé/absence. | BA6: ABS_C_004 | BB6: =VLOOKUP(BA6,'Axe 2 Règles de gestion'!$D$2:$F$54,3, FALSE) -> La date de début du congé/absence doit être antérieure ou égale à la date de fin prévisionnelle du congé/absence. | BC6: ABS_C_007 | BD6: =VLOOKUP(BC6,'Axe 2 Règles de gestion'!$D$2:$F$54,3, FALSE) -> La date de fin réelle du congé/absence doit être antérieure à la date limite de départ à la retraite. | BE6: ABS_C_008 | BF6: =VLOOKUP(BE6,'Axe 2 Règles de gestion'!$D$2:$F$54,3, FALSE) -> La date de fin prévisionnelle du congé/absence doit être antérieure à la date limite de départ à la retraite. | BG6: ABS_C_009 | BH6: =VLOOKUP(BG6,'Axe 2 Règles de gestion'!$D$2:$F$54,3, FALSE) -> La date de fin réelle ou la date de fin prévisionnelle du congé/absence doit être saisie. | BI6: ABS_C_019 | BJ6: =VLOOKUP(BI6,'Axe 2 Règles de gestion'!$D$2:$F$54,3, FALSE) -> Si l'absence ne commence pas par une demi-journée et si l'absence précédente ne finit pas par une demi journée, la date de début de l'absence saisie est postérieure à la date de fin réelle de l'absence précédente. | BK6: ABS_C_020 | BL6: =VLOOKUP(BK6,'Axe 2 Règles de gestion'!$D$2:$F$54,3, FALSE) -> Si l'absence ne commence pas par une demi-journée et si l'absence précédente ne finit pas par une demi journée, la date de début de l'absence saisie est postérieure à la date de fin prévisionnelle de l'absence précédente. | BM6: 2026-25
A7: 26.00.00 | B7: M | C7: 46099.598 | D7: D0007 | E7: Congés/Absence | F7: S0196 | G7: Autorisations d'absence syndicales | H7: E0855 | I7: Autorisation d'absence pour crédit de temps syndical | J7: Type de congé/absence saisi égal 'Autorisation d'absence pour crédit de temps syndical' | K7: A_COA_TYCOAB [Saisi] = 'CA055' | L7: T2116 | M7: Autorisation d'absence pour crédit de temps syndical | N7: Création Modification | Q7: Contractuel | R7: P0003 | S7: N | T7: Général | U7: Passant | V7: 41428 | W7: 45688 | X7: AAS_D_210 ET AAS_D_213 ET ABS_C_010 ET ABS_C_001 ET ABS_C_003 ET ABS_C_004 ET ABS_C_007 ET ABS_C_008 ET ABS_C_009 ET ABS_C_019 ET ABS_C_020 | AQ7: AAS_D_210 | AR7: =VLOOKUP(AQ7,'Axe 2 Règles de gestion'!$D$2:$F$54,3, FALSE) -> La durée prévisionnelle de l'autorisation d'absence pour crédit de temps syndical est au minimum d'une demi-journée. | AS7: AAS_D_213 | AT7: =VLOOKUP(AS7,'Axe 2 Règles de gestion'!$D$2:$F$54,3, FALSE) -> La durée réelle de l'autorisation d'absence pour crédit de temps syndical est au minimum d'une demi-journée. | AU7: ABS_C_010 | AV7: =VLOOKUP(AU7,'Axe 2 Règles de gestion'!$D$2:$F$54,3, FALSE) -> L'agent doit être en activité. | AW7: ABS_C_001 | AX7: =VLOOKUP(AW7,'Axe 2 Règles de gestion'!$D$2:$F$54,3, FALSE) -> La date de début du congé/absence doit être postérieure ou égale à la date de recrutement dans la FPE ou dans la carrière militaire. | AY7: ABS_C_003 | AZ7: =VLOOKUP(AY7,'Axe 2 Règles de gestion'!$D$2:$F$54,3, FALSE) -> La date de début du congé/absence doit être antérieure ou égale à la date de fin réelle du congé/absence. | BA7: ABS_C_004 | BB7: =VLOOKUP(BA7,'Axe 2 Règles de gestion'!$D$2:$F$54,3, FALSE) -> La date de début du congé/absence doit être antérieure ou égale à la date de fin prévisionnelle du congé/absence. | BC7: ABS_C_007 | BD7: =VLOOKUP(BC7,'Axe 2 Règles de gestion'!$D$2:$F$54,3, FALSE) -> La date de fin réelle du congé/absence doit être antérieure à la date limite de départ à la retraite. | BE7: ABS_C_008 | BF7: =VLOOKUP(BE7,'Axe 2 Règles de gestion'!$D$2:$F$54,3, FALSE) -> La date de fin prévisionnelle du congé/absence doit être antérieure à la date limite de départ à la retraite. | BG7: ABS_C_009 | BH7: =VLOOKUP(BG7,'Axe 2 Règles de gestion'!$D$2:$F$54,3, FALSE) -> La date de fin réelle ou la date de fin prévisionnelle du congé/absence doit être saisie. | BI7: ABS_C_019 | BJ7: =VLOOKUP(BI7,'Axe 2 Règles de gestion'!$D$2:$F$54,3, FALSE) -> Si l'absence ne commence pas par une demi-journée et si l'absence précédente ne finit pas par une demi journée, la date de début de l'absence saisie est postérieure à la date de fin réelle de l'absence précédente. | BK7: ABS_C_020 | BL7: =VLOOKUP(BK7,'Axe 2 Règles de gestion'!$D$2:$F$54,3, FALSE) -> Si l'absence ne commence pas par une demi-journée et si l'absence précédente ne finit pas par une demi journée, la date de début de l'absence saisie est postérieure à la date de fin prévisionnelle de l'absence précédente. | BM7: 2026-25
A8: 26.00.00 | B8: M | C8: 46175.448 | D8: D0007 | E8: Congés/Absence | F8: S0196 | G8: Autorisations d'absence syndicales | H8: E0855 | I8: Autorisation d'absence pour crédit de temps syndical | J8: Type de congé/absence saisi égal 'Autorisation d'absence pour crédit de temps syndical' | K8: A_COA_TYCOAB [Saisi] = 'CA055' | L8: T2116 | M8: Autorisation d'absence pour crédit de temps syndical | N8: Création Modification | Q8: Contractuel | R8: P0003 | S8: N | T8: Général | U8: Passant | V8: 45689 | X8: AAS_I_013 ET AAS_I_014 ET AAS_D_210 ET AAS_D_213 ET ABS_C_010 ET ABS_C_001 ET ABS_C_003 ET ABS_C_004 ET ABS_C_007 ET ABS_C_008 ET ABS_C_009 ET ABS_C_019 ET ABS_C_020 | Y8: AAS_I_013 | Z8: =VLOOKUP(Y8,'Axe 2 Règles de gestion'!$D$2:$F$54,3, FALSE) -> L'agent doit être chargé d'une activité syndicale. | AA8: AAS_I_014 | AB8: =VLOOKUP(AA8,'Axe 2 Règles de gestion'!$D$2:$F$54,3, FALSE) -> L'agent, désigné comme bénéficiaire de crédits d'heures par une organisation syndicale, peut bénéficier de crédits d'heures pour remplir ses obligations syndicales. | AQ8: AAS_D_210 | AR8: =VLOOKUP(AQ8,'Axe 2 Règles de gestion'!$D$2:$F$54,3, FALSE) -> La durée prévisionnelle de l'autorisation d'absence pour crédit de temps syndical est au minimum d'une demi-journée. | AS8: AAS_D_213 | AT8: =VLOOKUP(AS8,'Axe 2 Règles de gestion'!$D$2:$F$54,3, FALSE) -> La durée réelle de l'autorisation d'absence pour crédit de temps syndical est au minimum d'une demi-journée. | AU8: ABS_C_010 | AV8: =VLOOKUP(AU8,'Axe 2 Règles de gestion'!$D$2:$F$54,3, FALSE) -> L'agent doit être en activité. | AW8: ABS_C_001 | AX8: =VLOOKUP(AW8,'Axe 2 Règles de gestion'!$D$2:$F$54,3, FALSE) -> La date de début du congé/absence doit être postérieure ou égale à la date de recrutement dans la FPE ou dans la carrière militaire. | AY8: ABS_C_003 | AZ8: =VLOOKUP(AY8,'Axe 2 Règles de gestion'!$D$2:$F$54,3, FALSE) -> La date de début du congé/absence doit être antérieure ou égale à la date de fin réelle du congé/absence. | BA8: ABS_C_004 | BB8: =VLOOKUP(BA8,'Axe 2 Règles de gestion'!$D$2:$F$54,3, FALSE) -> La date de début du congé/absence doit être antérieure ou égale à la date de fin prévisionnelle du congé/absence. | BC8: ABS_C_007 | BD8: =VLOOKUP(BC8,'Axe 2 Règles de gestion'!$D$2:$F$54,3, FALSE) -> La date de fin réelle du congé/absence doit être antérieure à la date limite de départ à la retraite. | BE8: ABS_C_008 | BF8: =VLOOKUP(BE8,'Axe 2 Règles de gestion'!$D$2:$F$54,3, FALSE) -> La date de fin prévisionnelle du congé/absence doit être antérieure à la date limite de départ à la retraite. | BG8: ABS_C_009 | BH8: =VLOOKUP(BG8,'Axe 2 Règles de gestion'!$D$2:$F$54,3, FALSE) -> La date de fin réelle ou la date de fin prévisionnelle du congé/absence doit être saisie. | BI8: ABS_C_019 | BJ8: =VLOOKUP(BI8,'Axe 2 Règles de gestion'!$D$2:$F$54,3, FALSE) -> Si l'absence ne commence pas par une demi-journée et si l'absence précédente ne finit pas par une demi journée, la date de début de l'absence saisie est postérieure à la date de fin réelle de l'absence précédente. | BK8: ABS_C_020 | BL8: =VLOOKUP(BK8,'Axe 2 Règles de gestion'!$D$2:$F$54,3, FALSE) -> Si l'absence ne commence pas par une demi-journée et si l'absence précédente ne finit pas par une demi journée, la date de début de l'absence saisie est postérieure à la date de fin prévisionnelle de l'absence précédente. | BM8: 2026-25
A9: 26.00.00 | B9: M | C9: 46099.599 | D9: D0007 | E9: Congés/Absence | F9: S0196 | G9: Autorisations d'absence syndicales | H9: E0855 | I9: Autorisation d'absence pour crédit de temps syndical | J9: Type de congé/absence saisi égal 'Autorisation d'absence pour crédit de temps syndical' | K9: A_COA_TYCOAB [Saisi] = 'CA055' | L9: T2116 | M9: Autorisation d'absence pour crédit de temps syndical | N9: Création Modification | Q9: Stagiaire ou auditeur ou élève | R9: P0004 | S9: S | T9: Général | U9: Passant | V9: 40725 | W9: 41427 | X9: AAS_D_210 ET AAS_D_213 ET ABS_C_010 ET ABS_C_001 ET ABS_C_003 ET ABS_C_004 ET ABS_C_007 ET ABS_C_008 ET ABS_C_009 ET ABS_C_019 ET ABS_C_020 | AQ9: AAS_D_210 | AR9: =VLOOKUP(AQ9,'Axe 2 Règles de gestion'!$D$2:$F$54,3, FALSE) -> La durée prévisionnelle de l'autorisation d'absence pour crédit de temps syndical est au minimum d'une demi-journée. | AS9: AAS_D_213 | AT9: =VLOOKUP(AS9,'Axe 2 Règles de gestion'!$D$2:$F$54,3, FALSE) -> La durée réelle de l'autorisation d'absence pour crédit de temps syndical est au minimum d'une demi-journée. | AU9: ABS_C_010 | AV9: =VLOOKUP(AU9,'Axe 2 Règles de gestion'!$D$2:$F$54,3, FALSE) -> L'agent doit être en activité. | AW9: ABS_C_001 | AX9: =VLOOKUP(AW9,'Axe 2 Règles de gestion'!$D$2:$F$54,3, FALSE) -> La date de début du congé/absence doit être postérieure ou égale à la date de recrutement dans la FPE ou dans la carrière militaire. | AY9: ABS_C_003 | AZ9: =VLOOKUP(AY9,'Axe 2 Règles de gestion'!$D$2:$F$54,3, FALSE) -> La date de début du congé/absence doit être antérieure ou égale à la date de fin réelle du congé/absence. | BA9: ABS_C_004 | BB9: =VLOOKUP(BA9,'Axe 2 Règles de gestion'!$D$2:$F$54,3, FALSE) -> La date de début du congé/absence doit être antérieure ou égale à la date de fin prévisionnelle du congé/absence. | BC9: ABS_C_007 | BD9: =VLOOKUP(BC9,'Axe 2 Règles de gestion'!$D$2:$F$54,3, FALSE) -> La date de fin réelle du congé/absence doit être antérieure à la date limite de départ à la retraite. | BE9: ABS_C_008 | BF9: =VLOOKUP(BE9,'Axe 2 Règles de gestion'!$D$2:$F$54,3, FALSE) -> La date de fin prévisionnelle du congé/absence doit être antérieure à la date limite de départ à la retraite. | BG9: ABS_C_009 | BH9: =VLOOKUP(BG9,'Axe 2 Règles de gestion'!$D$2:$F$54,3, FALSE) -> La date de fin réelle ou la date de fin prévisionnelle du congé/absence doit être saisie. | BI9: ABS_C_019 | BJ9: =VLOOKUP(BI9,'Axe 2 Règles de gestion'!$D$2:$F$54,3, FALSE) -> Si l'absence ne commence pas par une demi-journée et si l'absence précédente ne finit pas par une demi journée, la date de début de l'absence saisie est postérieure à la date de fin réelle de l'absence précédente. | BK9: ABS_C_020 | BL9: =VLOOKUP(BK9,'Axe 2 Règles de gestion'!$D$2:$F$54,3, FALSE) -> Si l'absence ne commence pas par une demi-journée et si l'absence précédente ne finit pas par une demi journée, la date de début de l'absence saisie est postérieure à la date de fin prévisionnelle de l'absence précédente. | BM9: 2026-25
A10: 26.00.00 | B10: M | C10: 46099.6 | D10: D0007 | E10: Congés/Absence | F10: S0196 | G10: Autorisations d'absence syndicales | H10: E0855 | I10: Autorisation d'absence pour crédit de temps syndical | J10: Type de congé/absence saisi égal 'Autorisation d'absence pour crédit de temps syndical' | K10: A_COA_TYCOAB [Saisi] = 'CA055' | L10: T2116 | M10: Autorisation d'absence pour crédit de temps syndical | N10: Création Modification | Q10: Stagiaire ou auditeur ou élève | R10: P0004 | S10: S | T10: Général | U10: Passant | V10: 41428 | W10: 45688 | X10: AAS_D_210 ET AAS_D_213 ET ABS_C_010 ET ABS_C_001 ET ABS_C_003 ET ABS_C_004 ET ABS_C_007 ET ABS_C_008 ET ABS_C_009 ET ABS_C_019 ET ABS_C_020 | AQ10: AAS_D_210 | AR10: =VLOOKUP(AQ10,'Axe 2 Règles de gestion'!$D$2:$F$54,3, FALSE) -> La durée prévisionnelle de l'autorisation d'absence pour crédit de temps syndical est au minimum d'une demi-journée. | AS10: AAS_D_213 | AT10: =VLOOKUP(AS10,'Axe 2 Règles de gestion'!$D$2:$F$54,3, FALSE) -> La durée réelle de l'autorisation d'absence pour crédit de temps syndical est au minimum d'une demi-journée. | AU10: ABS_C_010 | AV10: =VLOOKUP(AU10,'Axe 2 Règles de gestion'!$D$2:$F$54,3, FALSE) -> L'agent doit être en activité. | AW10: ABS_C_001 | AX10: =VLOOKUP(AW10,'Axe 2 Règles de gestion'!$D$2:$F$54,3, FALSE) -> La date de début du congé/absence doit être postérieure ou égale à la date de recrutement dans la FPE ou dans la carrière militaire. | AY10: ABS_C_003 | AZ10: =VLOOKUP(AY10,'Axe 2 Règles de gestion'!$D$2:$F$54,3, FALSE) -> La date de début du congé/absence doit être antérieure ou égale à la date de fin réelle du congé/absence. | BA10: ABS_C_004 | BB10: =VLOOKUP(BA10,'Axe 2 Règles de gestion'!$D$2:$F$54,3, FALSE) -> La date de début du congé/absence doit être antérieure ou égale à la date de fin prévisionnelle du congé/absence. | BC10: ABS_C_007 | BD10: =VLOOKUP(BC10,'Axe 2 Règles de gestion'!$D$2:$F$54,3, FALSE) -> La date de fin réelle du congé/absence doit être antérieure à la date limite de départ à la retraite. | BE10: ABS_C_008 | BF10: =VLOOKUP(BE10,'Axe 2 Règles de gestion'!$D$2:$F$54,3, FALSE) -> La date de fin prévisionnelle du congé/absence doit être antérieure à la date limite de départ à la retraite. | BG10: ABS_C_009 | BH10: =VLOOKUP(BG10,'Axe 2 Règles de gestion'!$D$2:$F$54,3, FALSE) -> La date de fin réelle ou la date de fin prévisionnelle du congé/absence doit être saisie. | BI10: ABS_C_019 | BJ10: =VLOOKUP(BI10,'Axe 2 Règles de gestion'!$D$2:$F$54,3, FALSE) -> Si l'absence ne commence pas par une demi-journée et si l'absence précédente ne finit pas par une demi journée, la date de début de l'absence saisie est postérieure à la date de fin réelle de l'absence précédente. | BK10: ABS_C_020 | BL10: =VLOOKUP(BK10,'Axe 2 Règles de gestion'!$D$2:$F$54,3, FALSE) -> Si l'absence ne commence pas par une demi-journée et si l'absence précédente ne finit pas par une demi journée, la date de début de l'absence saisie est postérieure à la date de fin prévisionnelle de l'absence précédente. | BM10: 2026-25
A11: 26.00.00 | B11: M | C11: 46175.448 | D11: D0007 | E11: Congés/Absence | F11: S0196 | G11: Autorisations d'absence syndicales | H11: E0855 | I11: Autorisation d'absence pour crédit de temps syndical | J11: Type de congé/absence saisi égal 'Autorisation d'absence pour crédit de temps syndical' | K11: A_COA_TYCOAB [Saisi] = 'CA055' | L11: T2116 | M11: Autorisation d'absence pour crédit de temps syndical | N11: Création Modification | Q11: Stagiaire ou auditeur ou élève | R11: P0004 | S11: S | T11: Général | U11: Passant | V11: 45689 | X11: AAS_I_012 ET AAS_I_013 ET AAS_I_014 ET AAS_D_210 ET AAS_D_213 ET ABS_C_010 ET ABS_C_001 ET ABS_C_003 ET ABS_C_004 ET ABS_C_007 ET ABS_C_008 ET ABS_C_009 ET ABS_C_019 ET ABS_C_020 | Y11: AAS_I_012 | Z11: =VLOOKUP(Y11,'Axe 2 Règles de gestion'!$D$2:$F$54,3, FALSE) -> L'agent bénéficie des dispositions applicables aux agents titulaires pour les autorisations d'absence syndicales. | AA11: AAS_I_013 | AB11: =VLOOKUP(AA11,'Axe 2 Règles de gestion'!$D$2:$F$54,3, FALSE) -> L'agent doit être chargé d'une activité syndicale. | AC11: AAS_I_014 | AD11: =VLOOKUP(AC11,'Axe 2 Règles de gestion'!$D$2:$F$54,3, FALSE) -> L'agent, désigné comme bénéficiaire de crédits d'heures par une organisation syndicale, peut bénéficier de crédits d'heures pour remplir ses obligations syndicales. | AQ11: AAS_D_210 | AR11: =VLOOKUP(AQ11,'Axe 2 Règles de gestion'!$D$2:$F$54,3, FALSE) -> La durée prévisionnelle de l'autorisation d'absence pour crédit de temps syndical est au minimum d'une demi-journée. | AS11: AAS_D_213 | AT11: =VLOOKUP(AS11,'Axe 2 Règles de gestion'!$D$2:$F$54,3, FALSE) -> La durée réelle de l'autorisation d'absence pour crédit de temps syndical est au minimum d'une demi-journée. | AU11: ABS_C_010 | AV11: =VLOOKUP(AU11,'Axe 2 Règles de gestion'!$D$2:$F$54,3, FALSE) -> L'agent doit être en activité. | AW11: ABS_C_001 | AX11: =VLOOKUP(AW11,'Axe 2 Règles de gestion'!$D$2:$F$54,3, FALSE) -> La date de début du congé/absence doit être postérieure ou égale à la date de recrutement dans la FPE ou dans la carrière militaire. | AY11: ABS_C_003 | AZ11: =VLOOKUP(AY11,'Axe 2 Règles de gestion'!$D$2:$F$54,3, FALSE) -> La date de début du congé/absence doit être antérieure ou égale à la date de fin réelle du congé/absence. | BA11: ABS_C_004 | BB11: =VLOOKUP(BA11,'Axe 2 Règles de gestion'!$D$2:$F$54,3, FALSE) -> La date de début du congé/absence doit être antérieure ou égale à la date de fin prévisionnelle du congé/absence. | BC11: ABS_C_007 | BD11: =VLOOKUP(BC11,'Axe 2 Règles de gestion'!$D$2:$F$54,3, FALSE) -> La date de fin réelle du congé/absence doit être antérieure à la date limite de départ à la retraite. | BE11: ABS_C_008 | BF11: =VLOOKUP(BE11,'Axe 2 Règles de gestion'!$D$2:$F$54,3, FALSE) -> La date de fin prévisionnelle du congé/absence doit être antérieure à la date limite de départ à la retraite. | BG11: ABS_C_009 | BH11: =VLOOKUP(BG11,'Axe 2 Règles de gestion'!$D$2:$F$54,3, FALSE) -> La date de fin réelle ou la date de fin prévisionnelle du congé/absence doit être saisie. | BI11: ABS_C_019 | BJ11: =VLOOKUP(BI11,'Axe 2 Règles de gestion'!$D$2:$F$54,3, FALSE) -> Si l'absence ne commence pas par une demi-journée et si l'absence précédente ne finit pas par une demi journée, la date de début de l'absence saisie est postérieure à la date de fin réelle de l'absence précédente. | BK11: ABS_C_020 | BL11: =VLOOKUP(BK11,'Axe 2 Règles de gestion'!$D$2:$F$54,3, FALSE) -> Si l'absence ne commence pas par une demi-journée et si l'absence précédente ne finit pas par une demi journée, la date de début de l'absence saisie est postérieure à la date de fin prévisionnelle de l'absence précédente. | BM11: 2026-25
A12: 26.00.00 | B12: M | C12: 46099.602 | D12: D0007 | E12: Congés/Absence | F12: S0196 | G12: Autorisations d'absence syndicales | H12: E0855 | I12: Autorisation d'absence pour crédit de temps syndical | J12: Type de congé/absence saisi égal 'Autorisation d'absence pour crédit de temps syndical' | K12: A_COA_TYCOAB [Saisi] = 'CA055' | L12: T2116 | M12: Autorisation d'absence pour crédit de temps syndical | N12: Création Modification | Q12: Ouvrier d'état | R12: P0005 | S12: O | T12: Général | U12: Passant | V12: 40725 | W12: 41427 | X12: AAS_D_210 ET AAS_D_213 ET ABS_C_010 ET ABS_C_001 ET ABS_C_003 ET ABS_C_004 ET ABS_C_007 ET ABS_C_008 ET ABS_C_009 ET ABS_C_019 ET ABS_C_020 | AQ12: AAS_D_210 | AR12: =VLOOKUP(AQ12,'Axe 2 Règles de gestion'!$D$2:$F$54,3, FALSE) -> La durée prévisionnelle de l'autorisation d'absence pour crédit de temps syndical est au minimum d'une demi-journée. | AS12: AAS_D_213 | AT12: =VLOOKUP(AS12,'Axe 2 Règles de gestion'!$D$2:$F$54,3, FALSE) -> La durée réelle de l'autorisation d'absence pour crédit de temps syndical est au minimum d'une demi-journée. | AU12: ABS_C_010 | AV12: =VLOOKUP(AU12,'Axe 2 Règles de gestion'!$D$2:$F$54,3, FALSE) -> L'agent doit être en activité. | AW12: ABS_C_001 | AX12: =VLOOKUP(AW12,'Axe 2 Règles de gestion'!$D$2:$F$54,3, FALSE) -> La date de début du congé/absence doit être postérieure ou égale à la date de recrutement dans la FPE ou dans la carrière militaire. | AY12: ABS_C_003 | AZ12: =VLOOKUP(AY12,'Axe 2 Règles de gestion'!$D$2:$F$54,3, FALSE) -> La date de début du congé/absence doit être antérieure ou égale à la date de fin réelle du congé/absence. | BA12: ABS_C_004 | BB12: =VLOOKUP(BA12,'Axe 2 Règles de gestion'!$D$2:$F$54,3, FALSE) -> La date de début du congé/absence doit être antérieure ou égale à la date de fin prévisionnelle du congé/absence. | BC12: ABS_C_007 | BD12: =VLOOKUP(BC12,'Axe 2 Règles de gestion'!$D$2:$F$54,3, FALSE) -> La date de fin réelle du congé/absence doit être antérieure à la date limite de départ à la retraite. | BE12: ABS_C_008 | BF12: =VLOOKUP(BE12,'Axe 2 Règles de gestion'!$D$2:$F$54,3, FALSE) -> La date de fin prévisionnelle du congé/absence doit être antérieure à la date limite de départ à la retraite. | BG12: ABS_C_009 | BH12: =VLOOKUP(BG12,'Axe 2 Règles de gestion'!$D$2:$F$54,3, FALSE) -> La date de fin réelle ou la date de fin prévisionnelle du congé/absence doit être saisie. | BI12: ABS_C_019 | BJ12: =VLOOKUP(BI12,'Axe 2 Règles de gestion'!$D$2:$F$54,3, FALSE) -> Si l'absence ne commence pas par une demi-journée et si l'absence précédente ne finit pas par une demi journée, la date de début de l'absence saisie est postérieure à la date de fin réelle de l'absence précédente. | BK12: ABS_C_020 | BL12: =VLOOKUP(BK12,'Axe 2 Règles de gestion'!$D$2:$F$54,3, FALSE) -> Si l'absence ne commence pas par une demi-journée et si l'absence précédente ne finit pas par une demi journée, la date de début de l'absence saisie est postérieure à la date de fin prévisionnelle de l'absence précédente. | BM12: 2026-25
A13: 26.00.00 | B13: M | C13: 46099.602 | D13: D0007 | E13: Congés/Absence | F13: S0196 | G13: Autorisations d'absence syndicales | H13: E0855 | I13: Autorisation d'absence pour crédit de temps syndical | J13: Type de congé/absence saisi égal 'Autorisation d'absence pour crédit de temps syndical' | K13: A_COA_TYCOAB [Saisi] = 'CA055' | L13: T2116 | M13: Autorisation d'absence pour crédit de temps syndical | N13: Création Modification | Q13: Ouvrier d'état | R13: P0005 | S13: O | T13: Général | U13: Passant | V13: 41428 | W13: 45688 | X13: AAS_D_210 ET AAS_D_213 ET ABS_C_010 ET ABS_C_001 ET ABS_C_003 ET ABS_C_004 ET ABS_C_007 ET ABS_C_008 ET ABS_C_009 ET ABS_C_019 ET ABS_C_020 | AQ13: AAS_D_210 | AR13: =VLOOKUP(AQ13,'Axe 2 Règles de gestion'!$D$2:$F$54,3, FALSE) -> La durée prévisionnelle de l'autorisation d'absence pour crédit de temps syndical est au minimum d'une demi-journée. | AS13: AAS_D_213 | AT13: =VLOOKUP(AS13,'Axe 2 Règles de gestion'!$D$2:$F$54,3, FALSE) -> La durée réelle de l'autorisation d'absence pour crédit de temps syndical est au minimum d'une demi-journée. | AU13: ABS_C_010 | AV13: =VLOOKUP(AU13,'Axe 2 Règles de gestion'!$D$2:$F$54,3, FALSE) -> L'agent doit être en activité. | AW13: ABS_C_001 | AX13: =VLOOKUP(AW13,'Axe 2 Règles de gestion'!$D$2:$F$54,3, FALSE) -> La date de début du congé/absence doit être postérieure ou égale à la date de recrutement dans la FPE ou dans la carrière militaire. | AY13: ABS_C_003 | AZ13: =VLOOKUP(AY13,'Axe 2 Règles de gestion'!$D$2:$F$54,3, FALSE) -> La date de début du congé/absence doit être antérieure ou égale à la date de fin réelle du congé/absence. | BA13: ABS_C_004 | BB13: =VLOOKUP(BA13,'Axe 2 Règles de gestion'!$D$2:$F$54,3, FALSE) -> La date de début du congé/absence doit être antérieure ou égale à la date de fin prévisionnelle du congé/absence. | BC13: ABS_C_007 | BD13: =VLOOKUP(BC13,'Axe 2 Règles de gestion'!$D$2:$F$54,3, FALSE) -> La date de fin réelle du congé/absence doit être antérieure à la date limite de départ à la retraite. | BE13: ABS_C_008 | BF13: =VLOOKUP(BE13,'Axe 2 Règles de gestion'!$D$2:$F$54,3, FALSE) -> La date de fin prévisionnelle du congé/absence doit être antérieure à la date limite de départ à la retraite. | BG13: ABS_C_009 | BH13: =VLOOKUP(BG13,'Axe 2 Règles de gestion'!$D$2:$F$54,3, FALSE) -> La date de fin réelle ou la date de fin prévisionnelle du congé/absence doit être saisie. | BI13: ABS_C_019 | BJ13: =VLOOKUP(BI13,'Axe 2 Règles de gestion'!$D$2:$F$54,3, FALSE) -> Si l'absence ne commence pas par une demi-journée et si l'absence précédente ne finit pas par une demi journée, la date de début de l'absence saisie est postérieure à la date de fin réelle de l'absence précédente. | BK13: ABS_C_020 | BL13: =VLOOKUP(BK13,'Axe 2 Règles de gestion'!$D$2:$F$54,3, FALSE) -> Si l'absence ne commence pas par une demi-journée et si l'absence précédente ne finit pas par une demi journée, la date de début de l'absence saisie est postérieure à la date de fin prévisionnelle de l'absence précédente. | BM13: 2026-25
A14: 25.10.00 | B14: A | C14: 46006.653 | D14: D0007 | E14: Congés/Absence | F14: S0196 | G14: Autorisations d'absence syndicales | H14: E0855 | I14: Autorisation d'absence pour crédit de temps syndical | J14: Type de congé/absence saisi égal 'Autorisation d'absence pour crédit de temps syndical' | K14: A_COA_TYCOAB [Saisi] = 'CA055' | L14: T2116 | M14: Autorisation d'absence pour crédit de temps syndical | N14: Création Modification | Q14: Ouvrier d'état | R14: P0005 | S14: O | T14: Général | U14: Exclu | V14: 45689
A15: 26.00.00 | B15: M | C15: 46099.61 | D15: D0007 | E15: Congés/Absence | F15: S0196 | G15: Autorisations d'absence syndicales | H15: E0855 | I15: Autorisation d'absence pour crédit de temps syndical | J15: Type de congé/absence saisi égal 'Autorisation d'absence pour crédit de temps syndical' | K15: A_COA_TYCOAB [Saisi] = 'CA055' | L15: T2116 | M15: Autorisation d'absence pour crédit de temps syndical | N15: Création Modification | Q15: Magistrat de l'ordre judiciaire | R15: P0007 | S15: T | T15: Particulier | U15: Passant | V15: 40725 | W15: 41427 | X15: AAS_D_211 ET AAS_D_214 ET ABS_C_010 ET ABS_C_001 ET ABS_C_003 ET ABS_C_004 ET ABS_C_007 ET ABS_C_008 ET ABS_C_009 ET ABS_C_019 ET ABS_C_020 | AQ15: AAS_D_211 | AR15: =VLOOKUP(AQ15,'Axe 2 Règles de gestion'!$D$2:$F$54,3, FALSE) -> La durée prévisionnelle de l'autorisation d'absence pour crédit de temps syndical est au minimum d'une demi-journée. | AS15: AAS_D_214 | AT15: =VLOOKUP(AS15,'Axe 2 Règles de gestion'!$D$2:$F$54,3, FALSE) -> La durée réelle de l'autorisation d'absence pour crédit de temps syndical est au minimum d'une demi-journée. | AU15: ABS_C_010 | AV15: =VLOOKUP(AU15,'Axe 2 Règles de gestion'!$D$2:$F$54,3, FALSE) -> L'agent doit être en activité. | AW15: ABS_C_001 | AX15: =VLOOKUP(AW15,'Axe 2 Règles de gestion'!$D$2:$F$54,3, FALSE) -> La date de début du congé/absence doit être postérieure ou égale à la date de recrutement dans la FPE ou dans la carrière militaire. | AY15: ABS_C_003 | AZ15: =VLOOKUP(AY15,'Axe 2 Règles de gestion'!$D$2:$F$54,3, FALSE) -> La date de début du congé/absence doit être antérieure ou égale à la date de fin réelle du congé/absence. | BA15: ABS_C_004 | BB15: =VLOOKUP(BA15,'Axe 2 Règles de gestion'!$D$2:$F$54,3, FALSE) -> La date de début du congé/absence doit être antérieure ou égale à la date de fin prévisionnelle du congé/absence. | BC15: ABS_C_007 | BD15: =VLOOKUP(BC15,'Axe 2 Règles de gestion'!$D$2:$F$54,3, FALSE) -> La date de fin réelle du congé/absence doit être antérieure à la date limite de départ à la retraite. | BE15: ABS_C_008 | BF15: =VLOOKUP(BE15,'Axe 2 Règles de gestion'!$D$2:$F$54,3, FALSE) -> La date de fin prévisionnelle du congé/absence doit être antérieure à la date limite de départ à la retraite. | BG15: ABS_C_009 | BH15: =VLOOKUP(BG15,'Axe 2 Règles de gestion'!$D$2:$F$54,3, FALSE) -> La date de fin réelle ou la date de fin prévisionnelle du congé/absence doit être saisie. | BI15: ABS_C_019 | BJ15: =VLOOKUP(BI15,'Axe 2 Règles de gestion'!$D$2:$F$54,3, FALSE) -> Si l'absence ne commence pas par une demi-journée et si l'absence précédente ne finit pas par une demi journée, la date de début de l'absence saisie est postérieure à la date de fin réelle de l'absence précédente. | BK15: ABS_C_020 | BL15: =VLOOKUP(BK15,'Axe 2 Règles de gestion'!$D$2:$F$54,3, FALSE) -> Si l'absence ne commence pas par une demi-journée et si l'absence précédente ne finit pas par une demi journée, la date de début de l'absence saisie est postérieure à la date de fin prévisionnelle de l'absence précédente. | BM15: 2026-25
A16: 26.00.00 | B16: M | C16: 46099.617 | D16: D0007 | E16: Congés/Absence | F16: S0196 | G16: Autorisations d'absence syndicales | H16: E0855 | I16: Autorisation d'absence pour crédit de temps syndical | J16: Type de congé/absence saisi égal 'Autorisation d'absence pour crédit de temps syndical' | K16: A_COA_TYCOAB [Saisi] = 'CA055' | L16: T2116 | M16: Autorisation d'absence pour crédit de temps syndical | N16: Création Modification | Q16: Magistrat de l'ordre judiciaire | R16: P0007 | S16: T | T16: Particulier | U16: Passant | V16: 41428 | W16: 45688 | X16: AAS_D_210 ET AAS_D_213 ET ABS_C_010 ET ABS_C_001 ET ABS_C_003 ET ABS_C_004 ET ABS_C_007 ET ABS_C_008 ET ABS_C_009 ET ABS_C_019 ET ABS_C_020 | AQ16: AAS_D_210 | AR16: =VLOOKUP(AQ16,'Axe 2 Règles de gestion'!$D$2:$F$54,3, FALSE) -> La durée prévisionnelle de l'autorisation d'absence pour crédit de temps syndical est au minimum d'une demi-journée. | AS16: AAS_D_213 | AT16: =VLOOKUP(AS16,'Axe 2 Règles de gestion'!$D$2:$F$54,3, FALSE) -> La durée réelle de l'autorisation d'absence pour crédit de temps syndical est au minimum d'une demi-journée. | AU16: ABS_C_010 | AV16: =VLOOKUP(AU16,'Axe 2 Règles de gestion'!$D$2:$F$54,3, FALSE) -> L'agent doit être en activité. | AW16: ABS_C_001 | AX16: =VLOOKUP(AW16,'Axe 2 Règles de gestion'!$D$2:$F$54,3, FALSE) -> La date de début du congé/absence doit être postérieure ou égale à la date de recrutement dans la FPE ou dans la carrière militaire. | AY16: ABS_C_003 | AZ16: =VLOOKUP(AY16,'Axe 2 Règles de gestion'!$D$2:$F$54,3, FALSE) -> La date de début du congé/absence doit être antérieure ou égale à la date de fin réelle du congé/absence. | BA16: ABS_C_004 | BB16: =VLOOKUP(BA16,'Axe 2 Règles de gestion'!$D$2:$F$54,3, FALSE) -> La date de début du congé/absence doit être antérieure ou égale à la date de fin prévisionnelle du congé/absence. | BC16: ABS_C_007 | BD16: =VLOOKUP(BC16,'Axe 2 Règles de gestion'!$D$2:$F$54,3, FALSE) -> La date de fin réelle du congé/absence doit être antérieure à la date limite de départ à la retraite. | BE16: ABS_C_008 | BF16: =VLOOKUP(BE16,'Axe 2 Règles de gestion'!$D$2:$F$54,3, FALSE) -> La date de fin prévisionnelle du congé/absence doit être antérieure à la date limite de départ à la retraite. | BG16: ABS_C_009 | BH16: =VLOOKUP(BG16,'Axe 2 Règles de gestion'!$D$2:$F$54,3, FALSE) -> La date de fin réelle ou la date de fin prévisionnelle du congé/absence doit être saisie. | BI16: ABS_C_019 | BJ16: =VLOOKUP(BI16,'Axe 2 Règles de gestion'!$D$2:$F$54,3, FALSE) -> Si l'absence ne commence pas par une demi-journée et si l'absence précédente ne finit pas par une demi journée, la date de début de l'absence saisie est postérieure à la date de fin réelle de l'absence précédente. | BK16: ABS_C_020 | BL16: =VLOOKUP(BK16,'Axe 2 Règles de gestion'!$D$2:$F$54,3, FALSE) -> Si l'absence ne commence pas par une demi-journée et si l'absence précédente ne finit pas par une demi journée, la date de début de l'absence saisie est postérieure à la date de fin prévisionnelle de l'absence précédente. | BM16: 2026-25
A17: 26.00.00 | B17: M | C17: 46175.449 | D17: D0007 | E17: Congés/Absence | F17: S0196 | G17: Autorisations d'absence syndicales | H17: E0855 | I17: Autorisation d'absence pour crédit de temps syndical | J17: Type de congé/absence saisi égal 'Autorisation d'absence pour crédit de temps syndical' | K17: A_COA_TYCOAB [Saisi] = 'CA055' | L17: T2116 | M17: Autorisation d'absence pour crédit de temps syndical | N17: Création Modification | Q17: Magistrat de l'ordre judiciaire | R17: P0007 | S17: T | T17: Particulier | U17: Passant | V17: 45689 | X17: AAS_I_142 ET AAS_I_013 ET AAS_I_014 ET AAS_D_210 ET AAS_D_213 ET ABS_C_010 ET ABS_C_001 ET ABS_C_003 ET ABS_C_004 ET ABS_C_007 ET ABS_C_008 ET ABS_C_009 ET ABS_C_019 ET ABS_C_020 | Y17: AAS_I_142 | Z17: =VLOOKUP(Y17,'Axe 2 Règles de gestion'!$D$2:$F$54,3, FALSE) -> L'agent bénéficie des dispositions applicables aux agents titulaires pour les autorisations d'absence syndicales. | AA17: AAS_I_013 | AB17: =VLOOKUP(AA17,'Axe 2 Règles de gestion'!$D$2:$F$54,3, FALSE) -> L'agent doit être chargé d'une activité syndicale. | AC17: AAS_I_014 | AD17: =VLOOKUP(AC17,'Axe 2 Règles de gestion'!$D$2:$F$54,3, FALSE) -> L'agent, désigné comme bénéficiaire de crédits d'heures par une organisation syndicale, peut bénéficier de crédits d'heures pour remplir ses obligations syndicales. | AQ17: AAS_D_210 | AR17: =VLOOKUP(AQ17,'Axe 2 Règles de gestion'!$D$2:$F$54,3, FALSE) -> La durée prévisionnelle de l'autorisation d'absence pour crédit de temps syndical est au minimum d'une demi-journée. | AS17: AAS_D_213 | AT17: =VLOOKUP(AS17,'Axe 2 Règles de gestion'!$D$2:$F$54,3, FALSE) -> La durée réelle de l'autorisation d'absence pour crédit de temps syndical est au minimum d'une demi-journée. | AU17: ABS_C_010 | AV17: =VLOOKUP(AU17,'Axe 2 Règles de gestion'!$D$2:$F$54,3, FALSE) -> L'agent doit être en activité. | AW17: ABS_C_001 | AX17: =VLOOKUP(AW17,'Axe 2 Règles de gestion'!$D$2:$F$54,3, FALSE) -> La date de début du congé/absence doit être postérieure ou égale à la date de recrutement dans la FPE ou dans la carrière militaire. | AY17: ABS_C_003 | AZ17: =VLOOKUP(AY17,'Axe 2 Règles de gestion'!$D$2:$F$54,3, FALSE) -> La date de début du congé/absence doit être antérieure ou égale à la date de fin réelle du congé/absence. | BA17: ABS_C_004 | BB17: =VLOOKUP(BA17,'Axe 2 Règles de gestion'!$D$2:$F$54,3, FALSE) -> La date de début du congé/absence doit être antérieure ou égale à la date de fin prévisionnelle du congé/absence. | BC17: ABS_C_007 | BD17: =VLOOKUP(BC17,'Axe 2 Règles de gestion'!$D$2:$F$54,3, FALSE) -> La date de fin réelle du congé/absence doit être antérieure à la date limite de départ à la retraite. | BE17: ABS_C_008 | BF17: =VLOOKUP(BE17,'Axe 2 Règles de gestion'!$D$2:$F$54,3, FALSE) -> La date de fin prévisionnelle du congé/absence doit être antérieure à la date limite de départ à la retraite. | BG17: ABS_C_009 | BH17: =VLOOKUP(BG17,'Axe 2 Règles de gestion'!$D$2:$F$54,3, FALSE) -> La date de fin réelle ou la date de fin prévisionnelle du congé/absence doit être saisie. | BI17: ABS_C_019 | BJ17: =VLOOKUP(BI17,'Axe 2 Règles de gestion'!$D$2:$F$54,3, FALSE) -> Si l'absence ne commence pas par une demi-journée et si l'absence précédente ne finit pas par une demi journée, la date de début de l'absence saisie est postérieure à la date de fin réelle de l'absence précédente. | BK17: ABS_C_020 | BL17: =VLOOKUP(BK17,'Axe 2 Règles de gestion'!$D$2:$F$54,3, FALSE) -> Si l'absence ne commence pas par une demi-journée et si l'absence précédente ne finit pas par une demi journée, la date de début de l'absence saisie est postérieure à la date de fin prévisionnelle de l'absence précédente. | BM17: 2026-25
A18: 26.00.00 | B18: A | C18: 46099.62 | D18: D0007 | E18: Congés/Absence | F18: S0196 | G18: Autorisations d'absence syndicales | H18: E0855 | I18: Autorisation d'absence pour crédit de temps syndical | J18: Type de congé/absence saisi égal 'Autorisation d'absence pour crédit de temps syndical' | K18: A_COA_TYCOAB [Saisi] = 'CA055' | L18: T2116 | M18: Autorisation d'absence pour crédit de temps syndical | N18: Création Modification | Q18: Ouvrier de la défense ou assimilé | R18: P0197 | S18: O | T18: Particulier | U18: Passant | V18: 45689 | X18: AAS_I_027 ET AAS_I_028 ET AAS_I_029 ET AAS_I_030 ET AAS_I_031 ET AAS_I_032 ET AAS_I_033 ET ABS_C_010 ET ABS_C_001 ET ABS_C_003 ET ABS_C_004 ET ABS_C_007 ET ABS_C_008 ET ABS_C_009 | Y18: AAS_I_027 | Z18: =VLOOKUP(Y18,'Axe 2 Règles de gestion'!$D$2:$F$54,3, FALSE) -> L'agent doit être chargé d'un mandat syndical. | AA18: AAS_I_028 | AB18: =VLOOKUP(AA18,'Axe 2 Règles de gestion'!$D$2:$F$54,3, FALSE) -> L'agent, désigné comme bénéficiaire de crédits d'heures par une organisation syndicale, peut bénéficier, sur demande, de crédits d'heures pour remplir ses obligations syndicales. | AC18: AAS_I_029 | AD18: =VLOOKUP(AC18,'Axe 2 Règles de gestion'!$D$2:$F$54,3, FALSE) -> L'organisation syndicale adresse au chef d'organisme son besoin en identifiant le nom de l'agent bénéficiaire du crédit d'heures, la date et la durée de l'absence exprimée en heure(s). Cette durée comprend les éventuels délais de route. | AE18: AAS_I_030 | AF18: =VLOOKUP(AE18,'Axe 2 Règles de gestion'!$D$2:$F$54,3, FALSE) -> Cette absence est d'une demi-journée minimum lorsque ce crédit d'heures est utilisé pour participer aux activités en qualité de défenseur syndical au Conseil de prud'hommes et la cour d'appel en matière prud'homale. | AG18: AAS_I_031 | AH18: =VLOOKUP(AG18,'Axe 2 Règles de gestion'!$D$2:$F$54,3, FALSE) -> L'agent doit ensuite adresser sa demande auprès de son chef d'organisme au moins 1 semaine à l'avance. Toutefois, dans une situation d'urgence particulière, ce délai peut être ramené à 48 heures. | AI18: AAS_I_032 | AJ18: =VLOOKUP(AI18,'Axe 2 Règles de gestion'!$D$2:$F$54,3, FALSE) -> Le chef d'organisme doit rendre son avis sur la demande d'absence. Son avis doit porter sur la conciliation de cette autorisation avec le bon fonctionnement du service. | AK18: AAS_I_033 | AL18: =VLOOKUP(AK18,'Axe 2 Règles de gestion'!$D$2:$F$54,3, FALSE) -> En cas de refus, le chef d'organisme doit motiver sa décision. | AU18: ABS_C_010 | AV18: =VLOOKUP(AU18,'Axe 2 Règles de gestion'!$D$2:$F$54,3, FALSE) -> L'agent doit être en activité. | AW18: ABS_C_001 | AX18: =VLOOKUP(AW18,'Axe 2 Règles de gestion'!$D$2:$F$54,3, FALSE) -> La date de début du congé/absence doit être postérieure ou égale à la date de recrutement dans la FPE ou dans la carrière militaire. | AY18: ABS_C_003 | AZ18: =VLOOKUP(AY18,'Axe 2 Règles de gestion'!$D$2:$F$54,3, FALSE) -> La date de début du congé/absence doit être antérieure ou égale à la date de fin réelle du congé/absence. | BA18: ABS_C_004 | BB18: =VLOOKUP(BA18,'Axe 2 Règles de gestion'!$D$2:$F$54,3, FALSE) -> La date de début du congé/absence doit être antérieure ou égale à la date de fin prévisionnelle du congé/absence. | BC18: ABS_C_007 | BD18: =VLOOKUP(BC18,'Axe 2 Règles de gestion'!$D$2:$F$54,3, FALSE) -> La date de fin réelle du congé/absence doit être antérieure à la date limite de départ à la retraite. | BE18: ABS_C_008 | BF18: =VLOOKUP(BE18,'Axe 2 Règles de gestion'!$D$2:$F$54,3, FALSE) -> La date de fin prévisionnelle du congé/absence doit être antérieure à la date limite de départ à la retraite. | BG18: ABS_C_009 | BH18: =VLOOKUP(BG18,'Axe 2 Règles de gestion'!$D$2:$F$54,3, FALSE) -> La date de fin réelle ou la date de fin prévisionnelle du congé/absence doit être saisie. | BM18: 2026-25
A19: 26.00.00 | B19: M | C19: 46113.416 | D19: D0007 | E19: Congés/Absence | F19: S0196 | G19: Autorisations d'absence syndicales | H19: E1054 | I19: Autorisation d'absence pour siéger dans une instance de dialogue social | J19: Type de congé/absence saisi égal 'Autorisation d'absence pour siéger dans une instance de dialogue social' | K19: A_COA_TYCOAB [Saisi] = 'CA004' | L19: T2505 | M19: Autorisation d'absence pour siéger dans une instance de dialogue social | N19: Création Modification | Q19: Titulaire ou magistrat | R19: P0001 | S19: T | T19: Général | U19: Passant | V19: 45689 | X19: AAS_I_005 ET AAS_I_007 ET AAS_I_039 ET AAS_I_009 ET AAS_I_010 ET AAS_D_027 ET AAS_D_028 ET ABS_C_010 ET ABS_C_001 ET ABS_C_003 ET ABS_C_004 ET ABS_C_007 ET ABS_C_008 ET ABS_C_009 | Y19: AAS_I_005 | Z19: =VLOOKUP(Y19,'Axe 2 Règles de gestion'!$D$2:$F$54,3, FALSE) -> L'agent doit être représentant du personnel, titulaire ou suppléant, ou expert. | AA19: AAS_I_007 | AB19: =VLOOKUP(AA19,'Axe 2 Règles de gestion'!$D$2:$F$54,3, FALSE) -> L'agent doit présenter sa convocation ou un document l'informant de la réunion de l'organisme dans lequel il est appelé à siéger. | AC19: AAS_I_039 | AD19: =VLOOKUP(AC19,'Axe 2 Règles de gestion'!$D$2:$F$54,3, FALSE) -> La durée de cette autorisation correspond à la durée prévisible de la réunion et des éventuels délais de route pour se rendre à la réunion. | AE19: AAS_I_009 | AF19: =VLOOKUP(AE19,'Axe 2 Règles de gestion'!$D$2:$F$54,3, FALSE) -> La durée prévisionnelle de l'autorisation d'absence comprend les délais de route, la durée prévisible de la réunion, le temps nécessaire à la préparation et au compte rendu des travaux. | AG19: AAS_I_010 | AH19: =VLOOKUP(AG19,'Axe 2 Règles de gestion'!$D$2:$F$54,3, FALSE) -> Le temps nécessaire à la préparation et au compte rendu des travaux ne peut être supérieur à la durée prévisible de la réunion. | AQ19: AAS_D_027 | AR19: =VLOOKUP(AQ19,'Axe 2 Règles de gestion'!$D$2:$F$54,3, FALSE) -> Pour l'agent appelé à siéger aux commissions administratives paritaires, la durée de l'absence est égale à la durée prévisible de la réunion et ne peut dépasser une durée prévisionnelle de 2 jours. | AS19: AAS_D_028 | AT19: =VLOOKUP(AS19,'Axe 2 Règles de gestion'!$D$2:$F$54,3, FALSE) -> Pour l'agent appelé à siéger aux commissions administratives paritaires, la durée de l'absence est égale à la durée prévisible de la réunion et ne peut dépasser une durée réelle de 2 jours. | AU19: ABS_C_010 | AV19: =VLOOKUP(AU19,'Axe 2 Règles de gestion'!$D$2:$F$54,3, FALSE) -> L'agent doit être en activité. | AW19: ABS_C_001 | AX19: =VLOOKUP(AW19,'Axe 2 Règles de gestion'!$D$2:$F$54,3, FALSE) -> La date de début du congé/absence doit être postérieure ou égale à la date de recrutement dans la FPE ou dans la carrière militaire. | AY19: ABS_C_003 | AZ19: =VLOOKUP(AY19,'Axe 2 Règles de gestion'!$D$2:$F$54,3, FALSE) -> La date de début du congé/absence doit être antérieure ou égale à la date de fin réelle du congé/absence. | BA19: ABS_C_004 | BB19: =VLOOKUP(BA19,'Axe 2 Règles de gestion'!$D$2:$F$54,3, FALSE) -> La date de début du congé/absence doit être antérieure ou égale à la date de fin prévisionnelle du congé/absence. | BC19: ABS_C_007 | BD19: =VLOOKUP(BC19,'Axe 2 Règles de gestion'!$D$2:$F$54,3, FALSE) -> La date de fin réelle du congé/absence doit être antérieure à la date limite de départ à la retraite. | BE19: ABS_C_008 | BF19: =VLOOKUP(BE19,'Axe 2 Règles de gestion'!$D$2:$F$54,3, FALSE) -> La date de fin prévisionnelle du congé/absence doit être antérieure à la date limite de départ à la retraite. | BG19: ABS_C_009 | BH19: =VLOOKUP(BG19,'Axe 2 Règles de gestion'!$D$2:$F$54,3, FALSE) -> La date de fin réelle ou la date de fin prévisionnelle du congé/absence doit être saisie. | BM19: 2026-07 / 2026-25
A20: 26.00.00 | B20: A | C20: 46113.417 | D20: D0007 | E20: Congés/Absence | F20: S0196 | G20: Autorisations d'absence syndicales | H20: E1054 | I20: Autorisation d'absence pour siéger dans une instance de dialogue social | J20: Type de congé/absence saisi égal 'Autorisation d'absence pour siéger dans une instance de dialogue social' | K20: A_COA_TYCOAB [Saisi] = 'CA004' | L20: T2505 | M20: Autorisation d'absence pour siéger dans une instance de dialogue social | N20: Création Modification | Q20: Militaire | R20: P0002 | S20: M | T20: Général | U20: Exclu | V20: 45689 | BM20: 2026-25
A21: 26.00.00 | B21: M | C21: 46113.419 | D21: D0007 | E21: Congés/Absence | F21: S0196 | G21: Autorisations d'absence syndicales | H21: E1054 | I21: Autorisation d'absence pour siéger dans une instance de dialogue social | J21: Type de congé/absence saisi égal 'Autorisation d'absence pour siéger dans une instance de dialogue social' | K21: A_COA_TYCOAB [Saisi] = 'CA004' | L21: T2505 | M21: Autorisation d'absence pour siéger dans une instance de dialogue social | N21: Création Modification | Q21: Contractuel | R21: P0003 | S21: N | T21: Général | U21: Passant | V21: 45689 | X21: AAS_I_005 ET AAS_I_007 ET AAS_I_039 ET AAS_I_009 ET AAS_I_010 ET AAS_D_027 ET AAS_D_028 ET ABS_C_010 ET ABS_C_001 ET ABS_C_003 ET ABS_C_004 ET ABS_C_007 ET ABS_C_008 ET ABS_C_009 | Y21: AAS_I_005 | Z21: =VLOOKUP(Y21,'Axe 2 Règles de gestion'!$D$2:$F$54,3, FALSE) -> L'agent doit être représentant du personnel, titulaire ou suppléant, ou expert. | AA21: AAS_I_007 | AB21: =VLOOKUP(AA21,'Axe 2 Règles de gestion'!$D$2:$F$54,3, FALSE) -> L'agent doit présenter sa convocation ou un document l'informant de la réunion de l'organisme dans lequel il est appelé à siéger. | AC21: AAS_I_039 | AD21: =VLOOKUP(AC21,'Axe 2 Règles de gestion'!$D$2:$F$54,3, FALSE) -> La durée de cette autorisation correspond à la durée prévisible de la réunion et des éventuels délais de route pour se rendre à la réunion. | AE21: AAS_I_009 | AF21: =VLOOKUP(AE21,'Axe 2 Règles de gestion'!$D$2:$F$54,3, FALSE) -> La durée prévisionnelle de l'autorisation d'absence comprend les délais de route, la durée prévisible de la réunion, le temps nécessaire à la préparation et au compte rendu des travaux. | AG21: AAS_I_010 | AH21: =VLOOKUP(AG21,'Axe 2 Règles de gestion'!$D$2:$F$54,3, FALSE) -> Le temps nécessaire à la préparation et au compte rendu des travaux ne peut être supérieur à la durée prévisible de la réunion. | AQ21: AAS_D_027 | AR21: =VLOOKUP(AQ21,'Axe 2 Règles de gestion'!$D$2:$F$54,3, FALSE) -> Pour l'agent appelé à siéger aux commissions administratives paritaires, la durée de l'absence est égale à la durée prévisible de la réunion et ne peut dépasser une durée prévisionnelle de 2 jours. | AS21: AAS_D_028 | AT21: =VLOOKUP(AS21,'Axe 2 Règles de gestion'!$D$2:$F$54,3, FALSE) -> Pour l'agent appelé à siéger aux commissions administratives paritaires, la durée de l'absence est égale à la durée prévisible de la réunion et ne peut dépasser une durée réelle de 2 jours. | AU21: ABS_C_010 | AV21: =VLOOKUP(AU21,'Axe 2 Règles de gestion'!$D$2:$F$54,3, FALSE) -> L'agent doit être en activité. | AW21: ABS_C_001 | AX21: =VLOOKUP(AW21,'Axe 2 Règles de gestion'!$D$2:$F$54,3, FALSE) -> La date de début du congé/absence doit être postérieure ou égale à la date de recrutement dans la FPE ou dans la carrière militaire. | AY21: ABS_C_003 | AZ21: =VLOOKUP(AY21,'Axe 2 Règles de gestion'!$D$2:$F$54,3, FALSE) -> La date de début du congé/absence doit être antérieure ou égale à la date de fin réelle du congé/absence. | BA21: ABS_C_004 | BB21: =VLOOKUP(BA21,'Axe 2 Règles de gestion'!$D$2:$F$54,3, FALSE) -> La date de début du congé/absence doit être antérieure ou égale à la date de fin prévisionnelle du congé/absence. | BC21: ABS_C_007 | BD21: =VLOOKUP(BC21,'Axe 2 Règles de gestion'!$D$2:$F$54,3, FALSE) -> La date de fin réelle du congé/absence doit être antérieure à la date limite de départ à la retraite. | BE21: ABS_C_008 | BF21: =VLOOKUP(BE21,'Axe 2 Règles de gestion'!$D$2:$F$54,3, FALSE) -> La date de fin prévisionnelle du congé/absence doit être antérieure à la date limite de départ à la retraite. | BG21: ABS_C_009 | BH21: =VLOOKUP(BG21,'Axe 2 Règles de gestion'!$D$2:$F$54,3, FALSE) -> La date de fin réelle ou la date de fin prévisionnelle du congé/absence doit être saisie. | BM21: 2026-07 / 2026-25
A22: 26.00.00 | B22: M | C22: 46113.419 | D22: D0007 | E22: Congés/Absence | F22: S0196 | G22: Autorisations d'absence syndicales | H22: E1054 | I22: Autorisation d'absence pour siéger dans une instance de dialogue social | J22: Type de congé/absence saisi égal 'Autorisation d'absence pour siéger dans une instance de dialogue social' | K22: A_COA_TYCOAB [Saisi] = 'CA004' | L22: T2505 | M22: Autorisation d'absence pour siéger dans une instance de dialogue social | N22: Création Modification | Q22: Stagiaire ou auditeur ou élève | R22: P0004 | S22: S | T22: Général | U22: Passant | V22: 45689 | X22: AAS_I_012 ET AAS_I_005 ET AAS_I_007 ET AAS_I_039 ET AAS_I_009 ET AAS_I_010 ET ABS_C_010 ET ABS_C_001 ET ABS_C_003 ET ABS_C_004 ET ABS_C_007 ET ABS_C_008 ET ABS_C_009 | Y22: AAS_I_012 | Z22: =VLOOKUP(Y22,'Axe 2 Règles de gestion'!$D$2:$F$54,3, FALSE) -> L'agent bénéficie des dispositions applicables aux agents titulaires pour les autorisations d'absence syndicales. | AA22: AAS_I_005 | AB22: =VLOOKUP(AA22,'Axe 2 Règles de gestion'!$D$2:$F$54,3, FALSE) -> L'agent doit être représentant du personnel, titulaire ou suppléant, ou expert. | AC22: AAS_I_007 | AD22: =VLOOKUP(AC22,'Axe 2 Règles de gestion'!$D$2:$F$54,3, FALSE) -> L'agent doit présenter sa convocation ou un document l'informant de la réunion de l'organisme dans lequel il est appelé à siéger. | AE22: AAS_I_039 | AF22: =VLOOKUP(AE22,'Axe 2 Règles de gestion'!$D$2:$F$54,3, FALSE) -> La durée de cette autorisation correspond à la durée prévisible de la réunion et des éventuels délais de route pour se rendre à la réunion. | AG22: AAS_I_009 | AH22: =VLOOKUP(AG22,'Axe 2 Règles de gestion'!$D$2:$F$54,3, FALSE) -> La durée prévisionnelle de l'autorisation d'absence comprend les délais de route, la durée prévisible de la réunion, le temps nécessaire à la préparation et au compte rendu des travaux. | AI22: AAS_I_010 | AJ22: =VLOOKUP(AI22,'Axe 2 Règles de gestion'!$D$2:$F$54,3, FALSE) -> Le temps nécessaire à la préparation et au compte rendu des travaux ne peut être supérieur à la durée prévisible de la réunion. | AU22: ABS_C_010 | AV22: =VLOOKUP(AU22,'Axe 2 Règles de gestion'!$D$2:$F$54,3, FALSE) -> L'agent doit être en activité. | AW22: ABS_C_001 | AX22: =VLOOKUP(AW22,'Axe 2 Règles de gestion'!$D$2:$F$54,3, FALSE) -> La date de début du congé/absence doit être postérieure ou égale à la date de recrutement dans la FPE ou dans la carrière militaire. | AY22: ABS_C_003 | AZ22: =VLOOKUP(AY22,'Axe 2 Règles de gestion'!$D$2:$F$54,3, FALSE) -> La date de début du congé/absence doit être antérieure ou égale à la date de fin réelle du congé/absence. | BA22: ABS_C_004 | BB22: =VLOOKUP(BA22,'Axe 2 Règles de gestion'!$D$2:$F$54,3, FALSE) -> La date de début du congé/absence doit être antérieure ou égale à la date de fin prévisionnelle du congé/absence. | BC22: ABS_C_007 | BD22: =VLOOKUP(BC22,'Axe 2 Règles de gestion'!$D$2:$F$54,3, FALSE) -> La date de fin réelle du congé/absence doit être antérieure à la date limite de départ à la retraite. | BE22: ABS_C_008 | BF22: =VLOOKUP(BE22,'Axe 2 Règles de gestion'!$D$2:$F$54,3, FALSE) -> La date de fin prévisionnelle du congé/absence doit être antérieure à la date limite de départ à la retraite. | BG22: ABS_C_009 | BH22: =VLOOKUP(BG22,'Axe 2 Règles de gestion'!$D$2:$F$54,3, FALSE) -> La date de fin réelle ou la date de fin prévisionnelle du congé/absence doit être saisie. | BM22: 2026-07 / 2026-25
A23: 25.10.00 | B23: A | C23: 46006.701 | D23: D0007 | E23: Congés/Absence | F23: S0196 | G23: Autorisations d'absence syndicales | H23: E1054 | I23: Autorisation d'absence pour siéger dans une instance de dialogue social | J23: Type de congé/absence saisi égal 'Autorisation d'absence pour siéger dans une instance de dialogue social' | K23: A_COA_TYCOAB [Saisi] = 'CA004' | L23: T2505 | M23: Autorisation d'absence pour siéger dans une instance de dialogue social | N23: Création Modification | Q23: Ouvrier d'état | R23: P0005 | S23: O | T23: Général | U23: Exclu | V23: 45689
A24: 26.00.00 | B24: A | C24: 46113.422 | D24: D0007 | E24: Congés/Absence | F24: S0196 | G24: Autorisations d'absence syndicales | H24: E1054 | I24: Autorisation d'absence pour siéger dans une instance de dialogue social | J24: Type de congé/absence saisi égal 'Autorisation d'absence pour siéger dans une instance de dialogue social' | K24: A_COA_TYCOAB [Saisi] = 'CA004' | L24: T2505 | M24: Autorisation d'absence pour siéger dans une instance de dialogue social | N24: Création Modification | Q24: Magistrat de l'ordre judiciaire | R24: P0007 | S24: T | T24: Particulier | U24: Passant | V24: 45689 | X24: AAS_I_142 ET AAS_I_005 ET AAS_I_007 ET AAS_I_039 ET AAS_I_009 ET AAS_I_010 ET AAS_D_027 ET AAS_D_028 ET ABS_C_010 ET ABS_C_001 ET ABS_C_003 ET ABS_C_004 ET ABS_C_007 ET ABS_C_008 ET ABS_C_009 | Y24: AAS_I_142 | Z24: =VLOOKUP(Y24,'Axe 2 Règles de gestion'!$D$2:$F$54,3, FALSE) -> L'agent bénéficie des dispositions applicables aux agents titulaires pour les autorisations d'absence syndicales. | AA24: AAS_I_005 | AB24: =VLOOKUP(AA24,'Axe 2 Règles de gestion'!$D$2:$F$54,3, FALSE) -> L'agent doit être représentant du personnel, titulaire ou suppléant, ou expert. | AC24: AAS_I_007 | AD24: =VLOOKUP(AC24,'Axe 2 Règles de gestion'!$D$2:$F$54,3, FALSE) -> L'agent doit présenter sa convocation ou un document l'informant de la réunion de l'organisme dans lequel il est appelé à siéger. | AE24: AAS_I_039 | AF24: =VLOOKUP(AE24,'Axe 2 Règles de gestion'!$D$2:$F$54,3, FALSE) -> La durée de cette autorisation correspond à la durée prévisible de la réunion et des éventuels délais de route pour se rendre à la réunion. | AG24: AAS_I_009 | AH24: =VLOOKUP(AG24,'Axe 2 Règles de gestion'!$D$2:$F$54,3, FALSE) -> La durée prévisionnelle de l'autorisation d'absence comprend les délais de route, la durée prévisible de la réunion, le temps nécessaire à la préparation et au compte rendu des travaux. | AI24: AAS_I_010 | AJ24: =VLOOKUP(AI24,'Axe 2 Règles de gestion'!$D$2:$F$54,3, FALSE) -> Le temps nécessaire à la préparation et au compte rendu des travaux ne peut être supérieur à la durée prévisible de la réunion. | AQ24: AAS_D_027 | AR24: =VLOOKUP(AQ24,'Axe 2 Règles de gestion'!$D$2:$F$54,3, FALSE) -> Pour l'agent appelé à siéger aux commissions administratives paritaires, la durée de l'absence est égale à la durée prévisible de la réunion et ne peut dépasser une durée prévisionnelle de 2 jours. | AS24: AAS_D_028 | AT24: =VLOOKUP(AS24,'Axe 2 Règles de gestion'!$D$2:$F$54,3, FALSE) -> Pour l'agent appelé à siéger aux commissions administratives paritaires, la durée de l'absence est égale à la durée prévisible de la réunion et ne peut dépasser une durée réelle de 2 jours. | AU24: ABS_C_010 | AV24: =VLOOKUP(AU24,'Axe 2 Règles de gestion'!$D$2:$F$54,3, FALSE) -> L'agent doit être en activité. | AW24: ABS_C_001 | AX24: =VLOOKUP(AW24,'Axe 2 Règles de gestion'!$D$2:$F$54,3, FALSE) -> La date de début du congé/absence doit être postérieure ou égale à la date de recrutement dans la FPE ou dans la carrière militaire. | AY24: ABS_C_003 | AZ24: =VLOOKUP(AY24,'Axe 2 Règles de gestion'!$D$2:$F$54,3, FALSE) -> La date de début du congé/absence doit être antérieure ou égale à la date de fin réelle du congé/absence. | BA24: ABS_C_004 | BB24: =VLOOKUP(BA24,'Axe 2 Règles de gestion'!$D$2:$F$54,3, FALSE) -> La date de début du congé/absence doit être antérieure ou égale à la date de fin prévisionnelle du congé/absence. | BC24: ABS_C_007 | BD24: =VLOOKUP(BC24,'Axe 2 Règles de gestion'!$D$2:$F$54,3, FALSE) -> La date de fin réelle du congé/absence doit être antérieure à la date limite de départ à la retraite. | BE24: ABS_C_008 | BF24: =VLOOKUP(BE24,'Axe 2 Règles de gestion'!$D$2:$F$54,3, FALSE) -> La date de fin prévisionnelle du congé/absence doit être antérieure à la date limite de départ à la retraite. | BG24: ABS_C_009 | BH24: =VLOOKUP(BG24,'Axe 2 Règles de gestion'!$D$2:$F$54,3, FALSE) -> La date de fin réelle ou la date de fin prévisionnelle du congé/absence doit être saisie. | BM24: 2026-25 / 2026-07
A25: 26.00.00 | B25: A | C25: 46113.427 | D25: D0007 | E25: Congés/Absence | F25: S0196 | G25: Autorisations d'absence syndicales | H25: E1054 | I25: Autorisation d'absence pour siéger dans une instance de dialogue social | J25: Type de congé/absence saisi égal 'Autorisation d'absence pour siéger dans une instance de dialogue social' | K25: A_COA_TYCOAB [Saisi] = 'CA004' | L25: T2505 | M25: Autorisation d'absence pour siéger dans une instance de dialogue social | N25: Création Modification | Q25: Ouvrier des parcs et ateliers confirmé ou stagiaire | R25: P0143 | S25: O | T25: Particulier | U25: Passant | V25: 45901 | X25: AAS_I_011 ET AAS_I_005 ET AAS_I_007 ET AAS_I_039 ET AAS_I_009 ET AAS_I_010 ET AAS_D_027 ET AAS_D_028 ET ABS_C_010 ET ABS_C_001 ET ABS_C_003 ET ABS_C_004 ET ABS_C_007 ET ABS_C_008 ET ABS_C_009 | Y25: AAS_I_011 | Z25: =VLOOKUP(Y25,'Axe 2 Règles de gestion'!$D$2:$F$54,3, FALSE) -> L'agent bénéficie des dispositions applicables aux agents titulaires pour les autorisations d'absence syndicales. | AA25: AAS_I_005 | AB25: =VLOOKUP(AA25,'Axe 2 Règles de gestion'!$D$2:$F$54,3, FALSE) -> L'agent doit être représentant du personnel, titulaire ou suppléant, ou expert. | AC25: AAS_I_007 | AD25: =VLOOKUP(AC25,'Axe 2 Règles de gestion'!$D$2:$F$54,3, FALSE) -> L'agent doit présenter sa convocation ou un document l'informant de la réunion de l'organisme dans lequel il est appelé à siéger. | AE25: AAS_I_039 | AF25: =VLOOKUP(AE25,'Axe 2 Règles de gestion'!$D$2:$F$54,3, FALSE) -> La durée de cette autorisation correspond à la durée prévisible de la réunion et des éventuels délais de route pour se rendre à la réunion. | AG25: AAS_I_009 | AH25: =VLOOKUP(AG25,'Axe 2 Règles de gestion'!$D$2:$F$54,3, FALSE) -> La durée prévisionnelle de l'autorisation d'absence comprend les délais de route, la durée prévisible de la réunion, le temps nécessaire à la préparation et au compte rendu des travaux. | AI25: AAS_I_010 | AJ25: =VLOOKUP(AI25,'Axe 2 Règles de gestion'!$D$2:$F$54,3, FALSE) -> Le temps nécessaire à la préparation et au compte rendu des travaux ne peut être supérieur à la durée prévisible de la réunion. | AQ25: AAS_D_027 | AR25: =VLOOKUP(AQ25,'Axe 2 Règles de gestion'!$D$2:$F$54,3, FALSE) -> Pour l'agent appelé à siéger aux commissions administratives paritaires, la durée de l'absence est égale à la durée prévisible de la réunion et ne peut dépasser une durée prévisionnelle de 2 jours. | AS25: AAS_D_028 | AT25: =VLOOKUP(AS25,'Axe 2 Règles de gestion'!$D$2:$F$54,3, FALSE) -> Pour l'agent appelé à siéger aux commissions administratives paritaires, la durée de l'absence est égale à la durée prévisible de la réunion et ne peut dépasser une durée réelle de 2 jours. | AU25: ABS_C_010 | AV25: =VLOOKUP(AU25,'Axe 2 Règles de gestion'!$D$2:$F$54,3, FALSE) -> L'agent doit être en activité. | AW25: ABS_C_001 | AX25: =VLOOKUP(AW25,'Axe 2 Règles de gestion'!$D$2:$F$54,3, FALSE) -> La date de début du congé/absence doit être postérieure ou égale à la date de recrutement dans la FPE ou dans la carrière militaire. | AY25: ABS_C_003 | AZ25: =VLOOKUP(AY25,'Axe 2 Règles de gestion'!$D$2:$F$54,3, FALSE) -> La date de début du congé/absence doit être antérieure ou égale à la date de fin réelle du congé/absence. | BA25: ABS_C_004 | BB25: =VLOOKUP(BA25,'Axe 2 Règles de gestion'!$D$2:$F$54,3, FALSE) -> La date de début du congé/absence doit être antérieure ou égale à la date de fin prévisionnelle du congé/absence. | BC25: ABS_C_007 | BD25: =VLOOKUP(BC25,'Axe 2 Règles de gestion'!$D$2:$F$54,3, FALSE) -> La date de fin réelle du congé/absence doit être antérieure à la date limite de départ à la retraite. | BE25: ABS_C_008 | BF25: =VLOOKUP(BE25,'Axe 2 Règles de gestion'!$D$2:$F$54,3, FALSE) -> La date de fin prévisionnelle du congé/absence doit être antérieure à la date limite de départ à la retraite. | BG25: ABS_C_009 | BH25: =VLOOKUP(BG25,'Axe 2 Règles de gestion'!$D$2:$F$54,3, FALSE) -> La date de fin réelle ou la date de fin prévisionnelle du congé/absence doit être saisie. | BM25: 2026-07 / 2026-25
A26: 26.00.00 | B26: A | C26: 46113.422 | D26: D0007 | E26: Congés/Absence | F26: S0196 | G26: Autorisations d'absence syndicales | H26: E1054 | I26: Autorisation d'absence pour siéger dans une instance de dialogue social | J26: Type de congé/absence saisi égal 'Autorisation d'absence pour siéger dans une instance de dialogue social' | K26: A_COA_TYCOAB [Saisi] = 'CA004' | L26: T2505 | M26: Autorisation d'absence pour siéger dans une instance de dialogue social | N26: Création Modification | Q26: Ouvrier de la défense ou assimilé | R26: P0197 | S26: O | T26: Particulier | U26: Passant | V26: 45689 | X26: AAS_I_016 ET AAS_I_017 ET AAS_I_018 ET ABS_C_010 ET ABS_C_001 ET ABS_C_003 ET ABS_C_004 ET ABS_C_007 ET ABS_C_008 ET ABS_C_009 | Y26: AAS_I_016 | Z26: =VLOOKUP(Y26,'Axe 2 Règles de gestion'!$D$2:$F$54,3, FALSE) -> L'agent doit être représentant du personnel, titulaire ou suppléant, ou expert. | AA26: AAS_I_017 | AB26: =VLOOKUP(AA26,'Axe 2 Règles de gestion'!$D$2:$F$54,3, FALSE) -> L'agent doit présenter sa convocation de l'administration l'informant de l'instance ou l'organisme dans lequel il est appelé à siéger. | AC26: AAS_I_018 | AD26: =VLOOKUP(AC26,'Axe 2 Règles de gestion'!$D$2:$F$54,3, FALSE) -> La durée prévisionnelle de l'autorisation spéciale d'absence comprend la durée prévisible de la réunion, les délais de route et un temps supplémentaire égal à la durée prévisible de la réunion. | AU26: ABS_C_010 | AV26: =VLOOKUP(AU26,'Axe 2 Règles de gestion'!$D$2:$F$54,3, FALSE) -> L'agent doit être en activité. | AW26: ABS_C_001 | AX26: =VLOOKUP(AW26,'Axe 2 Règles de gestion'!$D$2:$F$54,3, FALSE) -> La date de début du congé/absence doit être postérieure ou égale à la date de recrutement dans la FPE ou dans la carrière militaire. | AY26: ABS_C_003 | AZ26: =VLOOKUP(AY26,'Axe 2 Règles de gestion'!$D$2:$F$54,3, FALSE) -> La date de début du congé/absence doit être antérieure ou égale à la date de fin réelle du congé/absence. | BA26: ABS_C_004 | BB26: =VLOOKUP(BA26,'Axe 2 Règles de gestion'!$D$2:$F$54,3, FALSE) -> La date de début du congé/absence doit être antérieure ou égale à la date de fin prévisionnelle du congé/absence. | BC26: ABS_C_007 | BD26: =VLOOKUP(BC26,'Axe 2 Règles de gestion'!$D$2:$F$54,3, FALSE) -> La date de fin réelle du congé/absence doit être antérieure à la date limite de départ à la retraite. | BE26: ABS_C_008 | BF26: =VLOOKUP(BE26,'Axe 2 Règles de gestion'!$D$2:$F$54,3, FALSE) -> La date de fin prévisionnelle du congé/absence doit être antérieure à la date limite de départ à la retraite. | BG26: ABS_C_009 | BH26: =VLOOKUP(BG26,'Axe 2 Règles de gestion'!$D$2:$F$54,3, FALSE) -> La date de fin réelle ou la date de fin prévisionnelle du congé/absence doit être saisie. | BM26: 2026-25
A27: 26.00.00 | B27: M | C27: 46113.492 | D27: D0007 | E27: Congés/Absence | F27: S0196 | G27: Autorisations d'absence syndicales | H27: E1055 | I27: Autorisation d'absence pour travailler/négocier avec l'administration | J27: Type de congé/absence saisi égal 'Autorisation d'absence pour travailler/négocier avec l'administration' | K27: A_COA_TYCOAB [Saisi] = 'CA060' | L27: T2506 | M27: Autorisation d'absence pour travailler/négocier avec l'administration | N27: Création Modification | Q27: Titulaire ou magistrat | R27: P0001 | S27: T | T27: Général | U27: Passant | V27: 45689 | X27: AAS_I_006 ET AAS_I_008 ET AAS_I_009 ET AAS_I_010 ET ABS_C_010 ET ABS_C_001 ET ABS_C_003 ET ABS_C_004 ET ABS_C_007 ET ABS_C_008 ET ABS_C_009 | Y27: AAS_I_006 | Z27: =VLOOKUP(Y27,'Axe 2 Règles de gestion'!$D$2:$F$54,3, FALSE) -> L'agent doit être représentant syndical. | AA27: AAS_I_008 | AB27: =VLOOKUP(AA27,'Axe 2 Règles de gestion'!$D$2:$F$54,3, FALSE) -> L'agent prend part à des réunions de travail convoquées par l'administration ou participe à des négociations d'accords collectifs. | AC27: AAS_I_009 | AD27: =VLOOKUP(AC27,'Axe 2 Règles de gestion'!$D$2:$F$54,3, FALSE) -> La durée prévisionnelle de l'autorisation d'absence comprend les délais de route, la durée prévisible de la réunion, le temps nécessaire à la préparation et au compte rendu des travaux. | AE27: AAS_I_010 | AF27: =VLOOKUP(AE27,'Axe 2 Règles de gestion'!$D$2:$F$54,3, FALSE) -> Le temps nécessaire à la préparation et au compte rendu des travaux ne peut être supérieur à la durée prévisible de la réunion. | AU27: ABS_C_010 | AV27: =VLOOKUP(AU27,'Axe 2 Règles de gestion'!$D$2:$F$54,3, FALSE) -> L'agent doit être en activité. | AW27: ABS_C_001 | AX27: =VLOOKUP(AW27,'Axe 2 Règles de gestion'!$D$2:$F$54,3, FALSE) -> La date de début du congé/absence doit être postérieure ou égale à la date de recrutement dans la FPE ou dans la carrière militaire. | AY27: ABS_C_003 | AZ27: =VLOOKUP(AY27,'Axe 2 Règles de gestion'!$D$2:$F$54,3, FALSE) -> La date de début du congé/absence doit être antérieure ou égale à la date de fin réelle du congé/absence. | BA27: ABS_C_004 | BB27: =VLOOKUP(BA27,'Axe 2 Règles de gestion'!$D$2:$F$54,3, FALSE) -> La date de début du congé/absence doit être antérieure ou égale à la date de fin prévisionnelle du congé/absence. | BC27: ABS_C_007 | BD27: =VLOOKUP(BC27,'Axe 2 Règles de gestion'!$D$2:$F$54,3, FALSE) -> La date de fin réelle du congé/absence doit être antérieure à la date limite de départ à la retraite. | BE27: ABS_C_008 | BF27: =VLOOKUP(BE27,'Axe 2 Règles de gestion'!$D$2:$F$54,3, FALSE) -> La date de fin prévisionnelle du congé/absence doit être antérieure à la date limite de départ à la retraite. | BG27: ABS_C_009 | BH27: =VLOOKUP(BG27,'Axe 2 Règles de gestion'!$D$2:$F$54,3, FALSE) -> La date de fin réelle ou la date de fin prévisionnelle du congé/absence doit être saisie. | BM27: 2026-25
A28: 26.00.00 | B28: A | C28: 46113.492 | D28: D0007 | E28: Congés/Absence | F28: S0196 | G28: Autorisations d'absence syndicales | H28: E1055 | I28: Autorisation d'absence pour travailler/négocier avec l'administration | J28: Type de congé/absence saisi égal 'Autorisation d'absence pour travailler/négocier avec l'administration' | K28: A_COA_TYCOAB [Saisi] = 'CA060' | L28: T2506 | M28: Autorisation d'absence pour travailler/négocier avec l'administration | N28: Création Modification | Q28: Militaire | R28: P0002 | S28: M | T28: Général | U28: Exclu | V28: 45689 | BM28: 2026-25
A29: 26.00.00 | B29: M | C29: 46113.493 | D29: D0007 | E29: Congés/Absence | F29: S0196 | G29: Autorisations d'absence syndicales | H29: E1055 | I29: Autorisation d'absence pour travailler/négocier avec l'administration | J29: Type de congé/absence saisi égal 'Autorisation d'absence pour travailler/négocier avec l'administration' | K29: A_COA_TYCOAB [Saisi] = 'CA060' | L29: T2506 | M29: Autorisation d'absence pour travailler/négocier avec l'administration | N29: Création Modification | Q29: Contractuel | R29: P0003 | S29: N | T29: Général | U29: Passant | V29: 45689 | X29: AAS_I_006 ET AAS_I_008 ET AAS_I_009 ET AAS_I_010 ET ABS_C_010 ET ABS_C_001 ET ABS_C_003 ET ABS_C_004 ET ABS_C_007 ET ABS_C_008 ET ABS_C_009 | Y29: AAS_I_006 | Z29: =VLOOKUP(Y29,'Axe 2 Règles de gestion'!$D$2:$F$54,3, FALSE) -> L'agent doit être représentant syndical. | AA29: AAS_I_008 | AB29: =VLOOKUP(AA29,'Axe 2 Règles de gestion'!$D$2:$F$54,3, FALSE) -> L'agent prend part à des réunions de travail convoquées par l'administration ou participe à des négociations d'accords collectifs. | AC29: AAS_I_009 | AD29: =VLOOKUP(AC29,'Axe 2 Règles de gestion'!$D$2:$F$54,3, FALSE) -> La durée prévisionnelle de l'autorisation d'absence comprend les délais de route, la durée prévisible de la réunion, le temps nécessaire à la préparation et au compte rendu des travaux. | AE29: AAS_I_010 | AF29: =VLOOKUP(AE29,'Axe 2 Règles de gestion'!$D$2:$F$54,3, FALSE) -> Le temps nécessaire à la préparation et au compte rendu des travaux ne peut être supérieur à la durée prévisible de la réunion. | AU29: ABS_C_010 | AV29: =VLOOKUP(AU29,'Axe 2 Règles de gestion'!$D$2:$F$54,3, FALSE) -> L'agent doit être en activité. | AW29: ABS_C_001 | AX29: =VLOOKUP(AW29,'Axe 2 Règles de gestion'!$D$2:$F$54,3, FALSE) -> La date de début du congé/absence doit être postérieure ou égale à la date de recrutement dans la FPE ou dans la carrière militaire. | AY29: ABS_C_003 | AZ29: =VLOOKUP(AY29,'Axe 2 Règles de gestion'!$D$2:$F$54,3, FALSE) -> La date de début du congé/absence doit être antérieure ou égale à la date de fin réelle du congé/absence. | BA29: ABS_C_004 | BB29: =VLOOKUP(BA29,'Axe 2 Règles de gestion'!$D$2:$F$54,3, FALSE) -> La date de début du congé/absence doit être antérieure ou égale à la date de fin prévisionnelle du congé/absence. | BC29: ABS_C_007 | BD29: =VLOOKUP(BC29,'Axe 2 Règles de gestion'!$D$2:$F$54,3, FALSE) -> La date de fin réelle du congé/absence doit être antérieure à la date limite de départ à la retraite. | BE29: ABS_C_008 | BF29: =VLOOKUP(BE29,'Axe 2 Règles de gestion'!$D$2:$F$54,3, FALSE) -> La date de fin prévisionnelle du congé/absence doit être antérieure à la date limite de départ à la retraite. | BG29: ABS_C_009 | BH29: =VLOOKUP(BG29,'Axe 2 Règles de gestion'!$D$2:$F$54,3, FALSE) -> La date de fin réelle ou la date de fin prévisionnelle du congé/absence doit être saisie. | BM29: 2026-25
A30: 26.00.00 | B30: M | C30: 46113.493 | D30: D0007 | E30: Congés/Absence | F30: S0196 | G30: Autorisations d'absence syndicales | H30: E1055 | I30: Autorisation d'absence pour travailler/négocier avec l'administration | J30: Type de congé/absence saisi égal 'Autorisation d'absence pour travailler/négocier avec l'administration' | K30: A_COA_TYCOAB [Saisi] = 'CA060' | L30: T2506 | M30: Autorisation d'absence pour travailler/négocier avec l'administration | N30: Création Modification | Q30: Stagiaire ou auditeur ou élève | R30: P0004 | S30: S | T30: Général | U30: Passant | V30: 45689 | X30: AAS_I_012 ET AAS_I_006 ET AAS_I_008 ET AAS_I_009 ET AAS_I_010 ET ABS_C_010 ET ABS_C_001 ET ABS_C_003 ET ABS_C_004 ET ABS_C_007 ET ABS_C_008 ET ABS_C_009 | Y30: AAS_I_012 | Z30: =VLOOKUP(Y30,'Axe 2 Règles de gestion'!$D$2:$F$54,3, FALSE) -> L'agent bénéficie des dispositions applicables aux agents titulaires pour les autorisations d'absence syndicales. | AA30: AAS_I_006 | AB30: =VLOOKUP(AA30,'Axe 2 Règles de gestion'!$D$2:$F$54,3, FALSE) -> L'agent doit être représentant syndical. | AC30: AAS_I_008 | AD30: =VLOOKUP(AC30,'Axe 2 Règles de gestion'!$D$2:$F$54,3, FALSE) -> L'agent prend part à des réunions de travail convoquées par l'administration ou participe à des négociations d'accords collectifs. | AE30: AAS_I_009 | AF30: =VLOOKUP(AE30,'Axe 2 Règles de gestion'!$D$2:$F$54,3, FALSE) -> La durée prévisionnelle de l'autorisation d'absence comprend les délais de route, la durée prévisible de la réunion, le temps nécessaire à la préparation et au compte rendu des travaux. | AG30: AAS_I_010 | AH30: =VLOOKUP(AG30,'Axe 2 Règles de gestion'!$D$2:$F$54,3, FALSE) -> Le temps nécessaire à la préparation et au compte rendu des travaux ne peut être supérieur à la durée prévisible de la réunion. | AU30: ABS_C_010 | AV30: =VLOOKUP(AU30,'Axe 2 Règles de gestion'!$D$2:$F$54,3, FALSE) -> L'agent doit être en activité. | AW30: ABS_C_001 | AX30: =VLOOKUP(AW30,'Axe 2 Règles de gestion'!$D$2:$F$54,3, FALSE) -> La date de début du congé/absence doit être postérieure ou égale à la date de recrutement dans la FPE ou dans la carrière militaire. | AY30: ABS_C_003 | AZ30: =VLOOKUP(AY30,'Axe 2 Règles de gestion'!$D$2:$F$54,3, FALSE) -> La date de début du congé/absence doit être antérieure ou égale à la date de fin réelle du congé/absence. | BA30: ABS_C_004 | BB30: =VLOOKUP(BA30,'Axe 2 Règles de gestion'!$D$2:$F$54,3, FALSE) -> La date de début du congé/absence doit être antérieure ou égale à la date de fin prévisionnelle du congé/absence. | BC30: ABS_C_007 | BD30: =VLOOKUP(BC30,'Axe 2 Règles de gestion'!$D$2:$F$54,3, FALSE) -> La date de fin réelle du congé/absence doit être antérieure à la date limite de départ à la retraite. | BE30: ABS_C_008 | BF30: =VLOOKUP(BE30,'Axe 2 Règles de gestion'!$D$2:$F$54,3, FALSE) -> La date de fin prévisionnelle du congé/absence doit être antérieure à la date limite de départ à la retraite. | BG30: ABS_C_009 | BH30: =VLOOKUP(BG30,'Axe 2 Règles de gestion'!$D$2:$F$54,3, FALSE) -> La date de fin réelle ou la date de fin prévisionnelle du congé/absence doit être saisie. | BM30: 2026-25
A31: 25.10.00 | B31: A | C31: 46006.701 | D31: D0007 | E31: Congés/Absence | F31: S0196 | G31: Autorisations d'absence syndicales | H31: E1055 | I31: Autorisation d'absence pour travailler/négocier avec l'administration | J31: Type de congé/absence saisi égal 'Autorisation d'absence pour travailler/négocier avec l'administration' | K31: A_COA_TYCOAB [Saisi] = 'CA060' | L31: T2506 | M31: Autorisation d'absence pour travailler/négocier avec l'administration | N31: Création Modification | Q31: Ouvrier d'état | R31: P0005 | S31: O | T31: Général | U31: Exclu | V31: 45689
A32: 26.00.00 | B32: A | C32: 46113.494 | D32: D0007 | E32: Congés/Absence | F32: S0196 | G32: Autorisations d'absence syndicales | H32: E1055 | I32: Autorisation d'absence pour travailler/négocier avec l'administration | J32: Type de congé/absence saisi égal 'Autorisation d'absence pour travailler/négocier avec l'administration' | K32: A_COA_TYCOAB [Saisi] = 'CA060' | L32: T2506 | M32: Autorisation d'absence pour travailler/négocier avec l'administration | N32: Création Modification | Q32: Magistrat de l'ordre judiciaire | R32: P0007 | S32: T | T32: Particulier | U32: Passant | V32: 45689 | X32: AAS_I_142 ET AAS_I_006 ET AAS_I_008 ET AAS_I_009 ET AAS_I_010 ET ABS_C_010 ET ABS_C_001 ET ABS_C_003 ET ABS_C_004 ET ABS_C_007 ET ABS_C_008 ET ABS_C_009 | Y32: AAS_I_142 | Z32: =VLOOKUP(Y32,'Axe 2 Règles de gestion'!$D$2:$F$54,3, FALSE) -> L'agent bénéficie des dispositions applicables aux agents titulaires pour les autorisations d'absence syndicales. | AA32: AAS_I_006 | AB32: =VLOOKUP(AA32,'Axe 2 Règles de gestion'!$D$2:$F$54,3, FALSE) -> L'agent doit être représentant syndical. | AC32: AAS_I_008 | AD32: =VLOOKUP(AC32,'Axe 2 Règles de gestion'!$D$2:$F$54,3, FALSE) -> L'agent prend part à des réunions de travail convoquées par l'administration ou participe à des négociations d'accords collectifs. | AE32: AAS_I_009 | AF32: =VLOOKUP(AE32,'Axe 2 Règles de gestion'!$D$2:$F$54,3, FALSE) -> La durée prévisionnelle de l'autorisation d'absence comprend les délais de route, la durée prévisible de la réunion, le temps nécessaire à la préparation et au compte rendu des travaux. | AG32: AAS_I_010 | AH32: =VLOOKUP(AG32,'Axe 2 Règles de gestion'!$D$2:$F$54,3, FALSE) -> Le temps nécessaire à la préparation et au compte rendu des travaux ne peut être supérieur à la durée prévisible de la réunion. | AU32: ABS_C_010 | AV32: =VLOOKUP(AU32,'Axe 2 Règles de gestion'!$D$2:$F$54,3, FALSE) -> L'agent doit être en activité. | AW32: ABS_C_001 | AX32: =VLOOKUP(AW32,'Axe 2 Règles de gestion'!$D$2:$F$54,3, FALSE) -> La date de début du congé/absence doit être postérieure ou égale à la date de recrutement dans la FPE ou dans la carrière militaire. | AY32: ABS_C_003 | AZ32: =VLOOKUP(AY32,'Axe 2 Règles de gestion'!$D$2:$F$54,3, FALSE) -> La date de début du congé/absence doit être antérieure ou égale à la date de fin réelle du congé/absence. | BA32: ABS_C_004 | BB32: =VLOOKUP(BA32,'Axe 2 Règles de gestion'!$D$2:$F$54,3, FALSE) -> La date de début du congé/absence doit être antérieure ou égale à la date de fin prévisionnelle du congé/absence. | BC32: ABS_C_007 | BD32: =VLOOKUP(BC32,'Axe 2 Règles de gestion'!$D$2:$F$54,3, FALSE) -> La date de fin réelle du congé/absence doit être antérieure à la date limite de départ à la retraite. | BE32: ABS_C_008 | BF32: =VLOOKUP(BE32,'Axe 2 Règles de gestion'!$D$2:$F$54,3, FALSE) -> La date de fin prévisionnelle du congé/absence doit être antérieure à la date limite de départ à la retraite. | BG32: ABS_C_009 | BH32: =VLOOKUP(BG32,'Axe 2 Règles de gestion'!$D$2:$F$54,3, FALSE) -> La date de fin réelle ou la date de fin prévisionnelle du congé/absence doit être saisie. | BM32: 2026-25
A33: 26.00.00 | B33: A | C33: 46113.496 | D33: D0007 | E33: Congés/Absence | F33: S0196 | G33: Autorisations d'absence syndicales | H33: E1055 | I33: Autorisation d'absence pour travailler/négocier avec l'administration | J33: Type de congé/absence saisi égal 'Autorisation d'absence pour travailler/négocier avec l'administration' | K33: A_COA_TYCOAB [Saisi] = 'CA060' | L33: T2506 | M33: Autorisation d'absence pour travailler/négocier avec l'administration | N33: Création Modification | Q33: Ouvrier des parcs et ateliers confirmé ou stagiaire | R33: P0143 | S33: O | T33: Particulier | U33: Passant | V33: 45901 | X33: AAS_I_011 ET AAS_I_006 ET AAS_I_008 ET AAS_I_009 ET AAS_I_010 ET ABS_C_010 ET ABS_C_001 ET ABS_C_003 ET ABS_C_004 ET ABS_C_007 ET ABS_C_008 ET ABS_C_009 | Y33: AAS_I_011 | Z33: =VLOOKUP(Y33,'Axe 2 Règles de gestion'!$D$2:$F$54,3, FALSE) -> L'agent bénéficie des dispositions applicables aux agents titulaires pour les autorisations d'absence syndicales. | AA33: AAS_I_006 | AB33: =VLOOKUP(AA33,'Axe 2 Règles de gestion'!$D$2:$F$54,3, FALSE) -> L'agent doit être représentant syndical. | AC33: AAS_I_008 | AD33: =VLOOKUP(AC33,'Axe 2 Règles de gestion'!$D$2:$F$54,3, FALSE) -> L'agent prend part à des réunions de travail convoquées par l'administration ou participe à des négociations d'accords collectifs. | AE33: AAS_I_009 | AF33: =VLOOKUP(AE33,'Axe 2 Règles de gestion'!$D$2:$F$54,3, FALSE) -> La durée prévisionnelle de l'autorisation d'absence comprend les délais de route, la durée prévisible de la réunion, le temps nécessaire à la préparation et au compte rendu des travaux. | AG33: AAS_I_010 | AH33: =VLOOKUP(AG33,'Axe 2 Règles de gestion'!$D$2:$F$54,3, FALSE) -> Le temps nécessaire à la préparation et au compte rendu des travaux ne peut être supérieur à la durée prévisible de la réunion. | AU33: ABS_C_010 | AV33: =VLOOKUP(AU33,'Axe 2 Règles de gestion'!$D$2:$F$54,3, FALSE) -> L'agent doit être en activité. | AW33: ABS_C_001 | AX33: =VLOOKUP(AW33,'Axe 2 Règles de gestion'!$D$2:$F$54,3, FALSE) -> La date de début du congé/absence doit être postérieure ou égale à la date de recrutement dans la FPE ou dans la carrière militaire. | AY33: ABS_C_003 | AZ33: =VLOOKUP(AY33,'Axe 2 Règles de gestion'!$D$2:$F$54,3, FALSE) -> La date de début du congé/absence doit être antérieure ou égale à la date de fin réelle du congé/absence. | BA33: ABS_C_004 | BB33: =VLOOKUP(BA33,'Axe 2 Règles de gestion'!$D$2:$F$54,3, FALSE) -> La date de début du congé/absence doit être antérieure ou égale à la date de fin prévisionnelle du congé/absence. | BC33: ABS_C_007 | BD33: =VLOOKUP(BC33,'Axe 2 Règles de gestion'!$D$2:$F$54,3, FALSE) -> La date de fin réelle du congé/absence doit être antérieure à la date limite de départ à la retraite. | BE33: ABS_C_008 | BF33: =VLOOKUP(BE33,'Axe 2 Règles de gestion'!$D$2:$F$54,3, FALSE) -> La date de fin prévisionnelle du congé/absence doit être antérieure à la date limite de départ à la retraite. | BG33: ABS_C_009 | BH33: =VLOOKUP(BG33,'Axe 2 Règles de gestion'!$D$2:$F$54,3, FALSE) -> La date de fin réelle ou la date de fin prévisionnelle du congé/absence doit être saisie. | BM33: 2026-25
A34: 26.00.00 | B34: A | C34: 46113.497 | D34: D0007 | E34: Congés/Absence | F34: S0196 | G34: Autorisations d'absence syndicales | H34: E1055 | I34: Autorisation d'absence pour travailler/négocier avec l'administration | J34: Type de congé/absence saisi égal 'Autorisation d'absence pour travailler/négocier avec l'administration' | K34: A_COA_TYCOAB [Saisi] = 'CA060' | L34: T2506 | M34: Autorisation d'absence pour travailler/négocier avec l'administration | N34: Création Modification | Q34: Ouvrier de la défense ou assimilé | R34: P0197 | S34: O | T34: Particulier | U34: Passant | V34: 45689 | X34: AAS_I_027 ET AAS_I_021 ET AAS_I_018 ET ABS_C_010 ET ABS_C_001 ET ABS_C_003 ET ABS_C_004 ET ABS_C_007 ET ABS_C_008 ET ABS_C_009 | Y34: AAS_I_027 | Z34: =VLOOKUP(Y34,'Axe 2 Règles de gestion'!$D$2:$F$54,3, FALSE) -> L'agent doit être chargé d'un mandat syndical. | AA34: AAS_I_021 | AB34: =VLOOKUP(AA34,'Axe 2 Règles de gestion'!$D$2:$F$54,3, FALSE) -> L'agent doit présenter sa convocation de l'administration l'informant de sa participation à une réunion, à un groupe de travail ou à des négociations. | AC34: AAS_I_018 | AD34: =VLOOKUP(AC34,'Axe 2 Règles de gestion'!$D$2:$F$54,3, FALSE) -> La durée prévisionnelle de l'autorisation spéciale d'absence comprend la durée prévisible de la réunion, les délais de route et un temps supplémentaire égal à la durée prévisible de la réunion. | AU34: ABS_C_010 | AV34: =VLOOKUP(AU34,'Axe 2 Règles de gestion'!$D$2:$F$54,3, FALSE) -> L'agent doit être en activité. | AW34: ABS_C_001 | AX34: =VLOOKUP(AW34,'Axe 2 Règles de gestion'!$D$2:$F$54,3, FALSE) -> La date de début du congé/absence doit être postérieure ou égale à la date de recrutement dans la FPE ou dans la carrière militaire. | AY34: ABS_C_003 | AZ34: =VLOOKUP(AY34,'Axe 2 Règles de gestion'!$D$2:$F$54,3, FALSE) -> La date de début du congé/absence doit être antérieure ou égale à la date de fin réelle du congé/absence. | BA34: ABS_C_004 | BB34: =VLOOKUP(BA34,'Axe 2 Règles de gestion'!$D$2:$F$54,3, FALSE) -> La date de début du congé/absence doit être antérieure ou égale à la date de fin prévisionnelle du congé/absence. | BC34: ABS_C_007 | BD34: =VLOOKUP(BC34,'Axe 2 Règles de gestion'!$D$2:$F$54,3, FALSE) -> La date de fin réelle du congé/absence doit être antérieure à la date limite de départ à la retraite. | BE34: ABS_C_008 | BF34: =VLOOKUP(BE34,'Axe 2 Règles de gestion'!$D$2:$F$54,3, FALSE) -> La date de fin prévisionnelle du congé/absence doit être antérieure à la date limite de départ à la retraite. | BG34: ABS_C_009 | BH34: =VLOOKUP(BG34,'Axe 2 Règles de gestion'!$D$2:$F$54,3, FALSE) -> La date de fin réelle ou la date de fin prévisionnelle du congé/absence doit être saisie. | BM34: 2026-25
A35: 26.00.00 | B35: A | C35: 46106.678 | D35: D0007 | E35: Congés/Absence | F35: S0196 | G35: Autorisations d'absence syndicales | H35: E1085 | I35: Auto. d'abs. pr congrès ou réunions des orga dir des unions, fédé ou conf de synd non représentées au CCFP ou des synd nat affiliés | J35: Type de congé/absence saisi égal 'Auto. d'abs. pr congrès ou réunions des orga dir des unions, fédé ou conf de synd non représentées au CCFP ou des synd nat affiliés' | K35: A_COA_TYCOAB [Saisi] = 'CA022' | L35: T2543 | M35: Auto. d'abs. pr congrès ou réunions des orga dir des unions, fédé ou conf de synd non représentées au CCFP ou des synd nat affiliés | N35: Création Modification | Q35: Titulaire ou magistrat | R35: P0001 | S35: T | T35: Général | U35: Passant | V35: 45689 | X35: AAS_I_005 ET AAS_I_006 ET AAS_I_007 ET AAS_I_008 ET AAS_I_001 ET AAS_I_002 ET AAS_I_034 ET AAS_I_035 ET AAS_D_001 ET ABS_C_010 ET ABS_C_001 ET ABS_C_003 ET ABS_C_004 ET ABS_C_007 ET ABS_C_008 ET ABS_C_009 ET ABS_C_019 ET ABS_C_020 | Y35: AAS_I_005 | Z35: =VLOOKUP(Y35,'Axe 2 Règles de gestion'!$D$2:$F$54,3, FALSE) -> L'agent doit être représentant du personnel, titulaire ou suppléant, ou expert. | AA35: AAS_I_006 | AB35: =VLOOKUP(AA35,'Axe 2 Règles de gestion'!$D$2:$F$54,3, FALSE) -> L'agent doit être représentant syndical. | AC35: AAS_I_007 | AD35: =VLOOKUP(AC35,'Axe 2 Règles de gestion'!$D$2:$F$54,3, FALSE) -> L'agent doit présenter sa convocation ou un document l'informant de la réunion de l'organisme dans lequel il est appelé à siéger. | AE35: AAS_I_008 | AF35: =VLOOKUP(AE35,'Axe 2 Règles de gestion'!$D$2:$F$54,3, FALSE) -> L'agent prend part à des réunions de travail convoquées par l'administration ou participe à des négociations d'accords collectifs. | AG35: AAS_I_001 | AH35: =VLOOKUP(AG35,'Axe 2 Règles de gestion'!$D$2:$F$54,3, FALSE) -> L'agent peut bénéficier d'autorisations d'absence spéciales pour assister aux congrès professionnels syndicaux fédéraux, confédéraux et internationaux. | AI35: AAS_I_002 | AJ35: =VLOOKUP(AI35,'Axe 2 Règles de gestion'!$D$2:$F$54,3, FALSE) -> L'agent peut bénéficier d'autorisations d'absence spéciales pour assister aux réunions de leurs organismes directeurs quel que soit leur niveau dans la structure du syndicat considéré, quand ils en sont membres élus ou qu'ils sont nommément désignés. | AK35: AAS_I_034 | AL35: =VLOOKUP(AK35,'Axe 2 Règles de gestion'!$D$2:$F$54,3, FALSE) -> Ces autorisations spéciales d'absence sont accordées sous réserve des nécessités du service. | AM35: AAS_I_035 | AN35: =VLOOKUP(AM35,'Axe 2 Règles de gestion'!$D$2:$F$54,3, FALSE) -> L'agent doit être un représentant syndical et doit être mandaté pour bénéficier de ces autorisations spéciales d'absence. | AQ35: AAS_D_001 | AR35: =VLOOKUP(AQ35,'Axe 2 Règles de gestion'!$D$2:$F$54,3, FALSE) -> La durée des autorisations spéciales d'absence accordées à un même agent, au cours d'une année, ne peut excéder 10 jours par an. | AU35: ABS_C_010 | AV35: =VLOOKUP(AU35,'Axe 2 Règles de gestion'!$D$2:$F$54,3, FALSE) -> L'agent doit être en activité. | AW35: ABS_C_001 | AX35: =VLOOKUP(AW35,'Axe 2 Règles de gestion'!$D$2:$F$54,3, FALSE) -> La date de début du congé/absence doit être postérieure ou égale à la date de recrutement dans la FPE ou dans la carrière militaire. | AY35: ABS_C_003 | AZ35: =VLOOKUP(AY35,'Axe 2 Règles de gestion'!$D$2:$F$54,3, FALSE) -> La date de début du congé/absence doit être antérieure ou égale à la date de fin réelle du congé/absence. | BA35: ABS_C_004 | BB35: =VLOOKUP(BA35,'Axe 2 Règles de gestion'!$D$2:$F$54,3, FALSE) -> La date de début du congé/absence doit être antérieure ou égale à la date de fin prévisionnelle du congé/absence. | BC35: ABS_C_007 | BD35: =VLOOKUP(BC35,'Axe 2 Règles de gestion'!$D$2:$F$54,3, FALSE) -> La date de fin réelle du congé/absence doit être antérieure à la date limite de départ à la retraite. | BE35: ABS_C_008 | BF35: =VLOOKUP(BE35,'Axe 2 Règles de gestion'!$D$2:$F$54,3, FALSE) -> La date de fin prévisionnelle du congé/absence doit être antérieure à la date limite de départ à la retraite. | BG35: ABS_C_009 | BH35: =VLOOKUP(BG35,'Axe 2 Règles de gestion'!$D$2:$F$54,3, FALSE) -> La date de fin réelle ou la date de fin prévisionnelle du congé/absence doit être saisie. | BI35: ABS_C_019 | BJ35: =VLOOKUP(BI35,'Axe 2 Règles de gestion'!$D$2:$F$54,3, FALSE) -> Si l'absence ne commence pas par une demi-journée et si l'absence précédente ne finit pas par une demi journée, la date de début de l'absence saisie est postérieure à la date de fin réelle de l'absence précédente. | BK35: ABS_C_020 | BL35: =VLOOKUP(BK35,'Axe 2 Règles de gestion'!$D$2:$F$54,3, FALSE) -> Si l'absence ne commence pas par une demi-journée et si l'absence précédente ne finit pas par une demi journée, la date de début de l'absence saisie est postérieure à la date de fin prévisionnelle de l'absence précédente. | BM35: 2026-25
A36: 26.00.00 | B36: A | C36: 46106.683 | D36: D0007 | E36: Congés/Absence | F36: S0196 | G36: Autorisations d'absence syndicales | H36: E1085 | I36: Auto. d'abs. pr congrès ou réunions des orga dir des unions, fédé ou conf de synd non représentées au CCFP ou des synd nat affiliés | J36: Type de congé/absence saisi égal 'Auto. d'abs. pr congrès ou réunions des orga dir des unions, fédé ou conf de synd non représentées au CCFP ou des synd nat affiliés' | K36: A_COA_TYCOAB [Saisi] = 'CA022' | L36: T2543 | M36: Auto. d'abs. pr congrès ou réunions des orga dir des unions, fédé ou conf de synd non représentées au CCFP ou des synd nat affiliés | N36: Création Modification | Q36: Militaire | R36: P0002 | S36: M | T36: Général | U36: Exclu | V36: 45689 | BM36: 2026-25
A37: 26.00.00 | B37: A | C37: 46106.677 | D37: D0007 | E37: Congés/Absence | F37: S0196 | G37: Autorisations d'absence syndicales | H37: E1085 | I37: Auto. d'abs. pr congrès ou réunions des orga dir des unions, fédé ou conf de synd non représentées au CCFP ou des synd nat affiliés | J37: Type de congé/absence saisi égal 'Auto. d'abs. pr congrès ou réunions des orga dir des unions, fédé ou conf de synd non représentées au CCFP ou des synd nat affiliés' | K37: A_COA_TYCOAB [Saisi] = 'CA022' | L37: T2543 | M37: Auto. d'abs. pr congrès ou réunions des orga dir des unions, fédé ou conf de synd non représentées au CCFP ou des synd nat affiliés | N37: Création Modification | Q37: Contractuel | R37: P0003 | S37: N | T37: Général | U37: Passant | V37: 45689 | X37: AAS_I_005 ET AAS_I_006 ET AAS_I_007 ET AAS_I_008 ET AAS_I_001 ET AAS_I_002 ET AAS_I_034 ET AAS_I_035 ET AAS_D_001 ET ABS_C_010 ET ABS_C_001 ET ABS_C_003 ET ABS_C_004 ET ABS_C_007 ET ABS_C_008 ET ABS_C_009 ET ABS_C_019 ET ABS_C_020 | Y37: AAS_I_005 | Z37: =VLOOKUP(Y37,'Axe 2 Règles de gestion'!$D$2:$F$54,3, FALSE) -> L'agent doit être représentant du personnel, titulaire ou suppléant, ou expert. | AA37: AAS_I_006 | AB37: =VLOOKUP(AA37,'Axe 2 Règles de gestion'!$D$2:$F$54,3, FALSE) -> L'agent doit être représentant syndical. | AC37: AAS_I_007 | AD37: =VLOOKUP(AC37,'Axe 2 Règles de gestion'!$D$2:$F$54,3, FALSE) -> L'agent doit présenter sa convocation ou un document l'informant de la réunion de l'organisme dans lequel il est appelé à siéger. | AE37: AAS_I_008 | AF37: =VLOOKUP(AE37,'Axe 2 Règles de gestion'!$D$2:$F$54,3, FALSE) -> L'agent prend part à des réunions de travail convoquées par l'administration ou participe à des négociations d'accords collectifs. | AG37: AAS_I_001 | AH37: =VLOOKUP(AG37,'Axe 2 Règles de gestion'!$D$2:$F$54,3, FALSE) -> L'agent peut bénéficier d'autorisations d'absence spéciales pour assister aux congrès professionnels syndicaux fédéraux, confédéraux et internationaux. | AI37: AAS_I_002 | AJ37: =VLOOKUP(AI37,'Axe 2 Règles de gestion'!$D$2:$F$54,3, FALSE) -> L'agent peut bénéficier d'autorisations d'absence spéciales pour assister aux réunions de leurs organismes directeurs quel que soit leur niveau dans la structure du syndicat considéré, quand ils en sont membres élus ou qu'ils sont nommément désignés. | AK37: AAS_I_034 | AL37: =VLOOKUP(AK37,'Axe 2 Règles de gestion'!$D$2:$F$54,3, FALSE) -> Ces autorisations spéciales d'absence sont accordées sous réserve des nécessités du service. | AM37: AAS_I_035 | AN37: =VLOOKUP(AM37,'Axe 2 Règles de gestion'!$D$2:$F$54,3, FALSE) -> L'agent doit être un représentant syndical et doit être mandaté pour bénéficier de ces autorisations spéciales d'absence. | AQ37: AAS_D_001 | AR37: =VLOOKUP(AQ37,'Axe 2 Règles de gestion'!$D$2:$F$54,3, FALSE) -> La durée des autorisations spéciales d'absence accordées à un même agent, au cours d'une année, ne peut excéder 10 jours par an. | AU37: ABS_C_010 | AV37: =VLOOKUP(AU37,'Axe 2 Règles de gestion'!$D$2:$F$54,3, FALSE) -> L'agent doit être en activité. | AW37: ABS_C_001 | AX37: =VLOOKUP(AW37,'Axe 2 Règles de gestion'!$D$2:$F$54,3, FALSE) -> La date de début du congé/absence doit être postérieure ou égale à la date de recrutement dans la FPE ou dans la carrière militaire. | AY37: ABS_C_003 | AZ37: =VLOOKUP(AY37,'Axe 2 Règles de gestion'!$D$2:$F$54,3, FALSE) -> La date de début du congé/absence doit être antérieure ou égale à la date de fin réelle du congé/absence. | BA37: ABS_C_004 | BB37: =VLOOKUP(BA37,'Axe 2 Règles de gestion'!$D$2:$F$54,3, FALSE) -> La date de début du congé/absence doit être antérieure ou égale à la date de fin prévisionnelle du congé/absence. | BC37: ABS_C_007 | BD37: =VLOOKUP(BC37,'Axe 2 Règles de gestion'!$D$2:$F$54,3, FALSE) -> La date de fin réelle du congé/absence doit être antérieure à la date limite de départ à la retraite. | BE37: ABS_C_008 | BF37: =VLOOKUP(BE37,'Axe 2 Règles de gestion'!$D$2:$F$54,3, FALSE) -> La date de fin prévisionnelle du congé/absence doit être antérieure à la date limite de départ à la retraite. | BG37: ABS_C_009 | BH37: =VLOOKUP(BG37,'Axe 2 Règles de gestion'!$D$2:$F$54,3, FALSE) -> La date de fin réelle ou la date de fin prévisionnelle du congé/absence doit être saisie. | BI37: ABS_C_019 | BJ37: =VLOOKUP(BI37,'Axe 2 Règles de gestion'!$D$2:$F$54,3, FALSE) -> Si l'absence ne commence pas par une demi-journée et si l'absence précédente ne finit pas par une demi journée, la date de début de l'absence saisie est postérieure à la date de fin réelle de l'absence précédente. | BK37: ABS_C_020 | BL37: =VLOOKUP(BK37,'Axe 2 Règles de gestion'!$D$2:$F$54,3, FALSE) -> Si l'absence ne commence pas par une demi-journée et si l'absence précédente ne finit pas par une demi journée, la date de début de l'absence saisie est postérieure à la date de fin prévisionnelle de l'absence précédente. | BM37: 2026-25
A38: 26.00.00 | B38: A | C38: 46106.684 | D38: D0007 | E38: Congés/Absence | F38: S0196 | G38: Autorisations d'absence syndicales | H38: E1085 | I38: Auto. d'abs. pr congrès ou réunions des orga dir des unions, fédé ou conf de synd non représentées au CCFP ou des synd nat affiliés | J38: Type de congé/absence saisi égal 'Auto. d'abs. pr congrès ou réunions des orga dir des unions, fédé ou conf de synd non représentées au CCFP ou des synd nat affiliés' | K38: A_COA_TYCOAB [Saisi] = 'CA022' | L38: T2543 | M38: Auto. d'abs. pr congrès ou réunions des orga dir des unions, fédé ou conf de synd non représentées au CCFP ou des synd nat affiliés | N38: Création Modification | Q38: Stagiaire ou auditeur ou élève | R38: P0004 | S38: S | T38: Général | U38: Passant | V38: 45689 | X38: AAS_I_012 ET AAS_I_005 ET AAS_I_006 ET AAS_I_007 ET AAS_I_008 ET AAS_I_001 ET AAS_I_002 ET AAS_D_001 ET ABS_C_010 ET ABS_C_001 ET ABS_C_003 ET ABS_C_004 ET ABS_C_007 ET ABS_C_008 ET ABS_C_009 ET ABS_C_019 ET ABS_C_020 | Y38: AAS_I_012 | Z38: =VLOOKUP(Y38,'Axe 2 Règles de gestion'!$D$2:$F$54,3, FALSE) -> L'agent bénéficie des dispositions applicables aux agents titulaires pour les autorisations d'absence syndicales. | AA38: AAS_I_005 | AB38: =VLOOKUP(AA38,'Axe 2 Règles de gestion'!$D$2:$F$54,3, FALSE) -> L'agent doit être représentant du personnel, titulaire ou suppléant, ou expert. | AC38: AAS_I_006 | AD38: =VLOOKUP(AC38,'Axe 2 Règles de gestion'!$D$2:$F$54,3, FALSE) -> L'agent doit être représentant syndical. | AE38: AAS_I_007 | AF38: =VLOOKUP(AE38,'Axe 2 Règles de gestion'!$D$2:$F$54,3, FALSE) -> L'agent doit présenter sa convocation ou un document l'informant de la réunion de l'organisme dans lequel il est appelé à siéger. | AG38: AAS_I_008 | AH38: =VLOOKUP(AG38,'Axe 2 Règles de gestion'!$D$2:$F$54,3, FALSE) -> L'agent prend part à des réunions de travail convoquées par l'administration ou participe à des négociations d'accords collectifs. | AI38: AAS_I_001 | AJ38: =VLOOKUP(AI38,'Axe 2 Règles de gestion'!$D$2:$F$54,3, FALSE) -> L'agent peut bénéficier d'autorisations d'absence spéciales pour assister aux congrès professionnels syndicaux fédéraux, confédéraux et internationaux. | AK38: AAS_I_002 | AL38: =VLOOKUP(AK38,'Axe 2 Règles de gestion'!$D$2:$F$54,3, FALSE) -> L'agent peut bénéficier d'autorisations d'absence spéciales pour assister aux réunions de leurs organismes directeurs quel que soit leur niveau dans la structure du syndicat considéré, quand ils en sont membres élus ou qu'ils sont nommément désignés. | AQ38: AAS_D_001 | AR38: =VLOOKUP(AQ38,'Axe 2 Règles de gestion'!$D$2:$F$54,3, FALSE) -> La durée des autorisations spéciales d'absence accordées à un même agent, au cours d'une année, ne peut excéder 10 jours par an. | AU38: ABS_C_010 | AV38: =VLOOKUP(AU38,'Axe 2 Règles de gestion'!$D$2:$F$54,3, FALSE) -> L'agent doit être en activité. | AW38: ABS_C_001 | AX38: =VLOOKUP(AW38,'Axe 2 Règles de gestion'!$D$2:$F$54,3, FALSE) -> La date de début du congé/absence doit être postérieure ou égale à la date de recrutement dans la FPE ou dans la carrière militaire. | AY38: ABS_C_003 | AZ38: =VLOOKUP(AY38,'Axe 2 Règles de gestion'!$D$2:$F$54,3, FALSE) -> La date de début du congé/absence doit être antérieure ou égale à la date de fin réelle du congé/absence. | BA38: ABS_C_004 | BB38: =VLOOKUP(BA38,'Axe 2 Règles de gestion'!$D$2:$F$54,3, FALSE) -> La date de début du congé/absence doit être antérieure ou égale à la date de fin prévisionnelle du congé/absence. | BC38: ABS_C_007 | BD38: =VLOOKUP(BC38,'Axe 2 Règles de gestion'!$D$2:$F$54,3, FALSE) -> La date de fin réelle du congé/absence doit être antérieure à la date limite de départ à la retraite. | BE38: ABS_C_008 | BF38: =VLOOKUP(BE38,'Axe 2 Règles de gestion'!$D$2:$F$54,3, FALSE) -> La date de fin prévisionnelle du congé/absence doit être antérieure à la date limite de départ à la retraite. | BG38: ABS_C_009 | BH38: =VLOOKUP(BG38,'Axe 2 Règles de gestion'!$D$2:$F$54,3, FALSE) -> La date de fin réelle ou la date de fin prévisionnelle du congé/absence doit être saisie. | BI38: ABS_C_019 | BJ38: =VLOOKUP(BI38,'Axe 2 Règles de gestion'!$D$2:$F$54,3, FALSE) -> Si l'absence ne commence pas par une demi-journée et si l'absence précédente ne finit pas par une demi journée, la date de début de l'absence saisie est postérieure à la date de fin réelle de l'absence précédente. | BK38: ABS_C_020 | BL38: =VLOOKUP(BK38,'Axe 2 Règles de gestion'!$D$2:$F$54,3, FALSE) -> Si l'absence ne commence pas par une demi-journée et si l'absence précédente ne finit pas par une demi journée, la date de début de l'absence saisie est postérieure à la date de fin prévisionnelle de l'absence précédente. | BM38: 2026-25
A39: 26.00.00 | B39: A | C39: 46106.685 | D39: D0007 | E39: Congés/Absence | F39: S0196 | G39: Autorisations d'absence syndicales | H39: E1085 | I39: Auto. d'abs. pr congrès ou réunions des orga dir des unions, fédé ou conf de synd non représentées au CCFP ou des synd nat affiliés | J39: Type de congé/absence saisi égal 'Auto. d'abs. pr congrès ou réunions des orga dir des unions, fédé ou conf de synd non représentées au CCFP ou des synd nat affiliés' | K39: A_COA_TYCOAB [Saisi] = 'CA022' | L39: T2543 | M39: Auto. d'abs. pr congrès ou réunions des orga dir des unions, fédé ou conf de synd non représentées au CCFP ou des synd nat affiliés | N39: Création Modification | Q39: Ouvrier d'état | R39: P0005 | S39: O | T39: Général | U39: Exclu | V39: 45689 | BM39: 2026-25
A40: 26.00.00 | B40: A | C40: 46106.689 | D40: D0007 | E40: Congés/Absence | F40: S0196 | G40: Autorisations d'absence syndicales | H40: E1085 | I40: Auto. d'abs. pr congrès ou réunions des orga dir des unions, fédé ou conf de synd non représentées au CCFP ou des synd nat affiliés | J40: Type de congé/absence saisi égal 'Auto. d'abs. pr congrès ou réunions des orga dir des unions, fédé ou conf de synd non représentées au CCFP ou des synd nat affiliés' | K40: A_COA_TYCOAB [Saisi] = 'CA022' | L40: T2543 | M40: Auto. d'abs. pr congrès ou réunions des orga dir des unions, fédé ou conf de synd non représentées au CCFP ou des synd nat affiliés | N40: Création Modification | Q40: Magistrat de l'ordre judiciaire | R40: P0007 | S40: T | T40: Particulier | U40: Passant | V40: 45689 | X40: AAS_I_142 ET AAS_I_005 ET AAS_I_006 ET AAS_I_007 ET AAS_I_008 ET AAS_I_001 ET AAS_I_002 ET AAS_I_034 ET AAS_I_035 ET AAS_D_001 ET ABS_C_010 ET ABS_C_001 ET ABS_C_003 ET ABS_C_004 ET ABS_C_007 ET ABS_C_008 ET ABS_C_009 ET ABS_C_019 ET ABS_C_020 | Y40: AAS_I_142 | Z40: =VLOOKUP(Y40,'Axe 2 Règles de gestion'!$D$2:$F$54,3, FALSE) -> L'agent bénéficie des dispositions applicables aux agents titulaires pour les autorisations d'absence syndicales. | AA40: AAS_I_005 | AB40: =VLOOKUP(AA40,'Axe 2 Règles de gestion'!$D$2:$F$54,3, FALSE) -> L'agent doit être représentant du personnel, titulaire ou suppléant, ou expert. | AC40: AAS_I_006 | AD40: =VLOOKUP(AC40,'Axe 2 Règles de gestion'!$D$2:$F$54,3, FALSE) -> L'agent doit être représentant syndical. | AE40: AAS_I_007 | AF40: =VLOOKUP(AE40,'Axe 2 Règles de gestion'!$D$2:$F$54,3, FALSE) -> L'agent doit présenter sa convocation ou un document l'informant de la réunion de l'organisme dans lequel il est appelé à siéger. | AG40: AAS_I_008 | AH40: =VLOOKUP(AG40,'Axe 2 Règles de gestion'!$D$2:$F$54,3, FALSE) -> L'agent prend part à des réunions de travail convoquées par l'administration ou participe à des négociations d'accords collectifs. | AI40: AAS_I_001 | AJ40: =VLOOKUP(AI40,'Axe 2 Règles de gestion'!$D$2:$F$54,3, FALSE) -> L'agent peut bénéficier d'autorisations d'absence spéciales pour assister aux congrès professionnels syndicaux fédéraux, confédéraux et internationaux. | AK40: AAS_I_002 | AL40: =VLOOKUP(AK40,'Axe 2 Règles de gestion'!$D$2:$F$54,3, FALSE) -> L'agent peut bénéficier d'autorisations d'absence spéciales pour assister aux réunions de leurs organismes directeurs quel que soit leur niveau dans la structure du syndicat considéré, quand ils en sont membres élus ou qu'ils sont nommément désignés. | AM40: AAS_I_034 | AN40: =VLOOKUP(AM40,'Axe 2 Règles de gestion'!$D$2:$F$54,3, FALSE) -> Ces autorisations spéciales d'absence sont accordées sous réserve des nécessités du service. | AO40: AAS_I_035 | AP40: =VLOOKUP(AO40,'Axe 2 Règles de gestion'!$D$2:$F$54,3, FALSE) -> L'agent doit être un représentant syndical et doit être mandaté pour bénéficier de ces autorisations spéciales d'absence. | AQ40: AAS_D_001 | AR40: =VLOOKUP(AQ40,'Axe 2 Règles de gestion'!$D$2:$F$54,3, FALSE) -> La durée des autorisations spéciales d'absence accordées à un même agent, au cours d'une année, ne peut excéder 10 jours par an. | AU40: ABS_C_010 | AV40: =VLOOKUP(AU40,'Axe 2 Règles de gestion'!$D$2:$F$54,3, FALSE) -> L'agent doit être en activité. | AW40: ABS_C_001 | AX40: =VLOOKUP(AW40,'Axe 2 Règles de gestion'!$D$2:$F$54,3, FALSE) -> La date de début du congé/absence doit être postérieure ou égale à la date de recrutement dans la FPE ou dans la carrière militaire. | AY40: ABS_C_003 | AZ40: =VLOOKUP(AY40,'Axe 2 Règles de gestion'!$D$2:$F$54,3, FALSE) -> La date de début du congé/absence doit être antérieure ou égale à la date de fin réelle du congé/absence. | BA40: ABS_C_004 | BB40: =VLOOKUP(BA40,'Axe 2 Règles de gestion'!$D$2:$F$54,3, FALSE) -> La date de début du congé/absence doit être antérieure ou égale à la date de fin prévisionnelle du congé/absence. | BC40: ABS_C_007 | BD40: =VLOOKUP(BC40,'Axe 2 Règles de gestion'!$D$2:$F$54,3, FALSE) -> La date de fin réelle du congé/absence doit être antérieure à la date limite de départ à la retraite. | BE40: ABS_C_008 | BF40: =VLOOKUP(BE40,'Axe 2 Règles de gestion'!$D$2:$F$54,3, FALSE) -> La date de fin prévisionnelle du congé/absence doit être antérieure à la date limite de départ à la retraite. | BG40: ABS_C_009 | BH40: =VLOOKUP(BG40,'Axe 2 Règles de gestion'!$D$2:$F$54,3, FALSE) -> La date de fin réelle ou la date de fin prévisionnelle du congé/absence doit être saisie. | BI40: ABS_C_019 | BJ40: =VLOOKUP(BI40,'Axe 2 Règles de gestion'!$D$2:$F$54,3, FALSE) -> Si l'absence ne commence pas par une demi-journée et si l'absence précédente ne finit pas par une demi journée, la date de début de l'absence saisie est postérieure à la date de fin réelle de l'absence précédente. | BK40: ABS_C_020 | BL40: =VLOOKUP(BK40,'Axe 2 Règles de gestion'!$D$2:$F$54,3, FALSE) -> Si l'absence ne commence pas par une demi-journée et si l'absence précédente ne finit pas par une demi journée, la date de début de l'absence saisie est postérieure à la date de fin prévisionnelle de l'absence précédente. | BM40: 2026-25
A41: 26.00.00 | B41: A | C41: 46106.691 | D41: D0007 | E41: Congés/Absence | F41: S0196 | G41: Autorisations d'absence syndicales | H41: E1085 | I41: Auto. d'abs. pr congrès ou réunions des orga dir des unions, fédé ou conf de synd non représentées au CCFP ou des synd nat affiliés | J41: Type de congé/absence saisi égal 'Auto. d'abs. pr congrès ou réunions des orga dir des unions, fédé ou conf de synd non représentées au CCFP ou des synd nat affiliés' | K41: A_COA_TYCOAB [Saisi] = 'CA022' | L41: T2543 | M41: Auto. d'abs. pr congrès ou réunions des orga dir des unions, fédé ou conf de synd non représentées au CCFP ou des synd nat affiliés | N41: Création Modification | Q41: Personnel civil payé à l'acte ou à la tâche | R41: P0054 | S41: N | T41: Particulier | U41: Exclu | V41: 45689 | BM41: 2026-25
A42: 26.00.00 | B42: A | C42: 46106.693 | D42: D0007 | E42: Congés/Absence | F42: S0196 | G42: Autorisations d'absence syndicales | H42: E1085 | I42: Auto. d'abs. pr congrès ou réunions des orga dir des unions, fédé ou conf de synd non représentées au CCFP ou des synd nat affiliés | J42: Type de congé/absence saisi égal 'Auto. d'abs. pr congrès ou réunions des orga dir des unions, fédé ou conf de synd non représentées au CCFP ou des synd nat affiliés' | K42: A_COA_TYCOAB [Saisi] = 'CA022' | L42: T2543 | M42: Auto. d'abs. pr congrès ou réunions des orga dir des unions, fédé ou conf de synd non représentées au CCFP ou des synd nat affiliés | N42: Création Modification | Q42: Ouvrier des parcs et ateliers confirmé ou stagiaire | R42: P0143 | S42: O | T42: Particulier | U42: Passant | V42: 45901 | X42: AAS_I_011 ET AAS_I_005 ET AAS_I_006 ET AAS_I_007 ET AAS_I_008 ET AAS_I_001 ET AAS_I_002 ET AAS_I_034 ET AAS_I_035 ET AAS_D_001 ET ABS_C_010 ET ABS_C_001 ET ABS_C_003 ET ABS_C_004 ET ABS_C_007 ET ABS_C_008 ET ABS_C_009 ET ABS_C_019 ET ABS_C_020 | Y42: AAS_I_011 | Z42: =VLOOKUP(Y42,'Axe 2 Règles de gestion'!$D$2:$F$54,3, FALSE) -> L'agent bénéficie des dispositions applicables aux agents titulaires pour les autorisations d'absence syndicales. | AA42: AAS_I_005 | AB42: =VLOOKUP(AA42,'Axe 2 Règles de gestion'!$D$2:$F$54,3, FALSE) -> L'agent doit être représentant du personnel, titulaire ou suppléant, ou expert. | AC42: AAS_I_006 | AD42: =VLOOKUP(AC42,'Axe 2 Règles de gestion'!$D$2:$F$54,3, FALSE) -> L'agent doit être représentant syndical. | AE42: AAS_I_007 | AF42: =VLOOKUP(AE42,'Axe 2 Règles de gestion'!$D$2:$F$54,3, FALSE) -> L'agent doit présenter sa convocation ou un document l'informant de la réunion de l'organisme dans lequel il est appelé à siéger. | AG42: AAS_I_008 | AH42: =VLOOKUP(AG42,'Axe 2 Règles de gestion'!$D$2:$F$54,3, FALSE) -> L'agent prend part à des réunions de travail convoquées par l'administration ou participe à des négociations d'accords collectifs. | AI42: AAS_I_001 | AJ42: =VLOOKUP(AI42,'Axe 2 Règles de gestion'!$D$2:$F$54,3, FALSE) -> L'agent peut bénéficier d'autorisations d'absence spéciales pour assister aux congrès professionnels syndicaux fédéraux, confédéraux et internationaux. | AK42: AAS_I_002 | AL42: =VLOOKUP(AK42,'Axe 2 Règles de gestion'!$D$2:$F$54,3, FALSE) -> L'agent peut bénéficier d'autorisations d'absence spéciales pour assister aux réunions de leurs organismes directeurs quel que soit leur niveau dans la structure du syndicat considéré, quand ils en sont membres élus ou qu'ils sont nommément désignés. | AM42: AAS_I_034 | AN42: =VLOOKUP(AM42,'Axe 2 Règles de gestion'!$D$2:$F$54,3, FALSE) -> Ces autorisations spéciales d'absence sont accordées sous réserve des nécessités du service. | AO42: AAS_I_035 | AP42: =VLOOKUP(AO42,'Axe 2 Règles de gestion'!$D$2:$F$54,3, FALSE) -> L'agent doit être un représentant syndical et doit être mandaté pour bénéficier de ces autorisations spéciales d'absence. | AQ42: AAS_D_001 | AR42: =VLOOKUP(AQ42,'Axe 2 Règles de gestion'!$D$2:$F$54,3, FALSE) -> La durée des autorisations spéciales d'absence accordées à un même agent, au cours d'une année, ne peut excéder 10 jours par an. | AU42: ABS_C_010 | AV42: =VLOOKUP(AU42,'Axe 2 Règles de gestion'!$D$2:$F$54,3, FALSE) -> L'agent doit être en activité. | AW42: ABS_C_001 | AX42: =VLOOKUP(AW42,'Axe 2 Règles de gestion'!$D$2:$F$54,3, FALSE) -> La date de début du congé/absence doit être postérieure ou égale à la date de recrutement dans la FPE ou dans la carrière militaire. | AY42: ABS_C_003 | AZ42: =VLOOKUP(AY42,'Axe 2 Règles de gestion'!$D$2:$F$54,3, FALSE) -> La date de début du congé/absence doit être antérieure ou égale à la date de fin réelle du congé/absence. | BA42: ABS_C_004 | BB42: =VLOOKUP(BA42,'Axe 2 Règles de gestion'!$D$2:$F$54,3, FALSE) -> La date de début du congé/absence doit être antérieure ou égale à la date de fin prévisionnelle du congé/absence. | BC42: ABS_C_007 | BD42: =VLOOKUP(BC42,'Axe 2 Règles de gestion'!$D$2:$F$54,3, FALSE) -> La date de fin réelle du congé/absence doit être antérieure à la date limite de départ à la retraite. | BE42: ABS_C_008 | BF42: =VLOOKUP(BE42,'Axe 2 Règles de gestion'!$D$2:$F$54,3, FALSE) -> La date de fin prévisionnelle du congé/absence doit être antérieure à la date limite de départ à la retraite. | BG42: ABS_C_009 | BH42: =VLOOKUP(BG42,'Axe 2 Règles de gestion'!$D$2:$F$54,3, FALSE) -> La date de fin réelle ou la date de fin prévisionnelle du congé/absence doit être saisie. | BI42: ABS_C_019 | BJ42: =VLOOKUP(BI42,'Axe 2 Règles de gestion'!$D$2:$F$54,3, FALSE) -> Si l'absence ne commence pas par une demi-journée et si l'absence précédente ne finit pas par une demi journée, la date de début de l'absence saisie est postérieure à la date de fin réelle de l'absence précédente. | BK42: ABS_C_020 | BL42: =VLOOKUP(BK42,'Axe 2 Règles de gestion'!$D$2:$F$54,3, FALSE) -> Si l'absence ne commence pas par une demi-journée et si l'absence précédente ne finit pas par une demi journée, la date de début de l'absence saisie est postérieure à la date de fin prévisionnelle de l'absence précédente. | BM42: 2026-25
A43: 26.00.00 | B43: A | C43: 46106.692 | D43: D0007 | E43: Congés/Absence | F43: S0196 | G43: Autorisations d'absence syndicales | H43: E1085 | I43: Auto. d'abs. pr congrès ou réunions des orga dir des unions, fédé ou conf de synd non représentées au CCFP ou des synd nat affiliés | J43: Type de congé/absence saisi égal 'Auto. d'abs. pr congrès ou réunions des orga dir des unions, fédé ou conf de synd non représentées au CCFP ou des synd nat affiliés' | K43: A_COA_TYCOAB [Saisi] = 'CA022' | L43: T2543 | M43: Auto. d'abs. pr congrès ou réunions des orga dir des unions, fédé ou conf de synd non représentées au CCFP ou des synd nat affiliés | N43: Création Modification | Q43: Ouvrier de la défense ou assimilé | R43: P0197 | S43: O | T43: Particulier | U43: Passant | V43: 45689 | X43: AAS_I_036 ET AAS_I_037 ET AAS_I_038 ET AAS_I_039 ET AAS_I_041 ET AAS_I_042 ET AAS_I_043 ET AAS_D_003 ET AAS_D_005 ET ABS_C_010 ET ABS_C_001 ET ABS_C_003 ET ABS_C_004 ET ABS_C_007 ET ABS_C_008 ET ABS_C_009 ET ABS_C_019 ET ABS_C_020 | Y43: AAS_I_036 | Z43: =VLOOKUP(Y43,'Axe 2 Règles de gestion'!$D$2:$F$54,3, FALSE) -> L'agent peut bénéficier d'autorisations d'absence spéciales pour assister aux congrès syndicaux ou aux réunions des organismes directeurs de leur organisation quel qu'en soit le niveau. | AA43: AAS_I_037 | AB43: =VLOOKUP(AA43,'Axe 2 Règles de gestion'!$D$2:$F$54,3, FALSE) -> L'agent doit être membre élu ou nommément désigné conformément aux dispositions des statuts de son organisation pour bénéficier de cette autorisation d'absence. | AC43: AAS_I_038 | AD43: =VLOOKUP(AC43,'Axe 2 Règles de gestion'!$D$2:$F$54,3, FALSE) -> Le représentant syndical adresse sa demande d'autorisation d'absence accompagnée de sa convocation au moins 1 semaine avant la date de la réunion à son supérieur hiérarchique qui se doit de répondre dans les plus brefs délais. | AE43: AAS_I_039 | AF43: =VLOOKUP(AE43,'Axe 2 Règles de gestion'!$D$2:$F$54,3, FALSE) -> La durée de cette autorisation correspond à la durée prévisible de la réunion et des éventuels délais de route pour se rendre à la réunion. | AG43: AAS_I_041 | AH43: =VLOOKUP(AG43,'Axe 2 Règles de gestion'!$D$2:$F$54,3, FALSE) -> Le chef d'organisme peut, pour des raisons de bonne marche de l'administration, refuser l'octroi d'une autorisation d'absence. Ce refus est exceptionnel. | AI43: AAS_I_042 | AJ43: =VLOOKUP(AI43,'Axe 2 Règles de gestion'!$D$2:$F$54,3, FALSE) -> Ce refus doit être écrit et motivé et cette décision doit être transmise par le centre ministériel de gestion compétent au bureau dialogue social de la direction des ressources humaines ministérielle. | AK43: AAS_I_043 | AL43: =VLOOKUP(AK43,'Axe 2 Règles de gestion'!$D$2:$F$54,3, FALSE) -> Les autorisations spéciales d'absence peuvent être fractionnées en demi-journées. | AQ43: AAS_D_003 | AR43: =VLOOKUP(AQ43,'Axe 2 Règles de gestion'!$D$2:$F$54,3, FALSE) -> La durée des autorisations spéciales d'absence accordées à un même agent, au cours d'une année, ne peut excéder 10 jours par an. | AS43: AAS_D_005 | AT43: =VLOOKUP(AS43,'Axe 2 Règles de gestion'!$D$2:$F$54,3, FALSE) -> Les deux limites de 10 et 20 jours ne sont pas cumulables. Ainsi, un même agent ne peut bénéficier de plus de 20 jours par an. | AU43: ABS_C_010 | AV43: =VLOOKUP(AU43,'Axe 2 Règles de gestion'!$D$2:$F$54,3, FALSE) -> L'agent doit être en activité. | AW43: ABS_C_001 | AX43: =VLOOKUP(AW43,'Axe 2 Règles de gestion'!$D$2:$F$54,3, FALSE) -> La date de début du congé/absence doit être postérieure ou égale à la date de recrutement dans la FPE ou dans la carrière militaire. | AY43: ABS_C_003 | AZ43: =VLOOKUP(AY43,'Axe 2 Règles de gestion'!$D$2:$F$54,3, FALSE) -> La date de début du congé/absence doit être antérieure ou égale à la date de fin réelle du congé/absence. | BA43: ABS_C_004 | BB43: =VLOOKUP(BA43,'Axe 2 Règles de gestion'!$D$2:$F$54,3, FALSE) -> La date de début du congé/absence doit être antérieure ou égale à la date de fin prévisionnelle du congé/absence. | BC43: ABS_C_007 | BD43: =VLOOKUP(BC43,'Axe 2 Règles de gestion'!$D$2:$F$54,3, FALSE) -> La date de fin réelle du congé/absence doit être antérieure à la date limite de départ à la retraite. | BE43: ABS_C_008 | BF43: =VLOOKUP(BE43,'Axe 2 Règles de gestion'!$D$2:$F$54,3, FALSE) -> La date de fin prévisionnelle du congé/absence doit être antérieure à la date limite de départ à la retraite. | BG43: ABS_C_009 | BH43: =VLOOKUP(BG43,'Axe 2 Règles de gestion'!$D$2:$F$54,3, FALSE) -> La date de fin réelle ou la date de fin prévisionnelle du congé/absence doit être saisie. | BI43: ABS_C_019 | BJ43: =VLOOKUP(BI43,'Axe 2 Règles de gestion'!$D$2:$F$54,3, FALSE) -> Si l'absence ne commence pas par une demi-journée et si l'absence précédente ne finit pas par une demi journée, la date de début de l'absence saisie est postérieure à la date de fin réelle de l'absence précédente. | BK43: ABS_C_020 | BL43: =VLOOKUP(BK43,'Axe 2 Règles de gestion'!$D$2:$F$54,3, FALSE) -> Si l'absence ne commence pas par une demi-journée et si l'absence précédente ne finit pas par une demi journée, la date de début de l'absence saisie est postérieure à la date de fin prévisionnelle de l'absence précédente. | BM43: 2026-25
A44: 26.00.00 | B44: A | C44: 46106.708 | D44: D0007 | E44: Congés/Absence | F44: S0196 | G44: Autorisations d'absence syndicales | H44: E1086 | I44: Auto. d'abs. pr congrès ou réunions des orga dir synd internat ou des unions, fédé ou conf représ au CCFP ou synd ou unions affiliés | J44: Type de congé/absence saisi égal 'Auto. d'abs. pr congrès ou réunions des orga dir synd internat ou des unions, fédé ou conf représ au CCFP ou synd ou unions affiliés' | K44: A_COA_TYCOAB [Saisi] = 'CA023' | L44: T2545 | M44: Auto. d'abs. pr congrès ou réunions des orga dir synd internat ou des unions, fédé ou conf représ au CCFP ou synd ou unions affiliés | N44: Création Modification | Q44: Titulaire ou magistrat | R44: P0001 | S44: T | T44: Général | U44: Passant | V44: 45689 | X44: AAS_I_005 ET AAS_I_006 ET AAS_I_007 ET AAS_I_008 ET AAS_I_001 ET AAS_I_002 ET AAS_I_034 ET AAS_I_035 ET AAS_D_002 ET ABS_C_010 ET ABS_C_001 ET ABS_C_003 ET ABS_C_004 ET ABS_C_007 ET ABS_C_008 ET ABS_C_009 ET ABS_C_019 ET ABS_C_020 | Y44: AAS_I_005 | Z44: =VLOOKUP(Y44,'Axe 2 Règles de gestion'!$D$2:$F$54,3, FALSE) -> L'agent doit être représentant du personnel, titulaire ou suppléant, ou expert. | AA44: AAS_I_006 | AB44: =VLOOKUP(AA44,'Axe 2 Règles de gestion'!$D$2:$F$54,3, FALSE) -> L'agent doit être représentant syndical. | AC44: AAS_I_007 | AD44: =VLOOKUP(AC44,'Axe 2 Règles de gestion'!$D$2:$F$54,3, FALSE) -> L'agent doit présenter sa convocation ou un document l'informant de la réunion de l'organisme dans lequel il est appelé à siéger. | AE44: AAS_I_008 | AF44: =VLOOKUP(AE44,'Axe 2 Règles de gestion'!$D$2:$F$54,3, FALSE) -> L'agent prend part à des réunions de travail convoquées par l'administration ou participe à des négociations d'accords collectifs. | AG44: AAS_I_001 | AH44: =VLOOKUP(AG44,'Axe 2 Règles de gestion'!$D$2:$F$54,3, FALSE) -> L'agent peut bénéficier d'autorisations d'absence spéciales pour assister aux congrès professionnels syndicaux fédéraux, confédéraux et internationaux. | AI44: AAS_I_002 | AJ44: =VLOOKUP(AI44,'Axe 2 Règles de gestion'!$D$2:$F$54,3, FALSE) -> L'agent peut bénéficier d'autorisations d'absence spéciales pour assister aux réunions de leurs organismes directeurs quel que soit leur niveau dans la structure du syndicat considéré, quand ils en sont membres élus ou qu'ils sont nommément désignés. | AK44: AAS_I_034 | AL44: =VLOOKUP(AK44,'Axe 2 Règles de gestion'!$D$2:$F$54,3, FALSE) -> Ces autorisations spéciales d'absence sont accordées sous réserve des nécessités du service. | AM44: AAS_I_035 | AN44: =VLOOKUP(AM44,'Axe 2 Règles de gestion'!$D$2:$F$54,3, FALSE) -> L'agent doit être un représentant syndical et doit être mandaté pour bénéficier de ces autorisations spéciales d'absence. | AQ44: AAS_D_002 | AR44: =VLOOKUP(AQ44,'Axe 2 Règles de gestion'!$D$2:$F$54,3, FALSE) -> La durée des autorisations spéciales d'absence accordées à un même agent, au cours d'une année, ne peut excéder 20 jours par an. | AU44: ABS_C_010 | AV44: =VLOOKUP(AU44,'Axe 2 Règles de gestion'!$D$2:$F$54,3, FALSE) -> L'agent doit être en activité. | AW44: ABS_C_001 | AX44: =VLOOKUP(AW44,'Axe 2 Règles de gestion'!$D$2:$F$54,3, FALSE) -> La date de début du congé/absence doit être postérieure ou égale à la date de recrutement dans la FPE ou dans la carrière militaire. | AY44: ABS_C_003 | AZ44: =VLOOKUP(AY44,'Axe 2 Règles de gestion'!$D$2:$F$54,3, FALSE) -> La date de début du congé/absence doit être antérieure ou égale à la date de fin réelle du congé/absence. | BA44: ABS_C_004 | BB44: =VLOOKUP(BA44,'Axe 2 Règles de gestion'!$D$2:$F$54,3, FALSE) -> La date de début du congé/absence doit être antérieure ou égale à la date de fin prévisionnelle du congé/absence. | BC44: ABS_C_007 | BD44: =VLOOKUP(BC44,'Axe 2 Règles de gestion'!$D$2:$F$54,3, FALSE) -> La date de fin réelle du congé/absence doit être antérieure à la date limite de départ à la retraite. | BE44: ABS_C_008 | BF44: =VLOOKUP(BE44,'Axe 2 Règles de gestion'!$D$2:$F$54,3, FALSE) -> La date de fin prévisionnelle du congé/absence doit être antérieure à la date limite de départ à la retraite. | BG44: ABS_C_009 | BH44: =VLOOKUP(BG44,'Axe 2 Règles de gestion'!$D$2:$F$54,3, FALSE) -> La date de fin réelle ou la date de fin prévisionnelle du congé/absence doit être saisie. | BI44: ABS_C_019 | BJ44: =VLOOKUP(BI44,'Axe 2 Règles de gestion'!$D$2:$F$54,3, FALSE) -> Si l'absence ne commence pas par une demi-journée et si l'absence précédente ne finit pas par une demi journée, la date de début de l'absence saisie est postérieure à la date de fin réelle de l'absence précédente. | BK44: ABS_C_020 | BL44: =VLOOKUP(BK44,'Axe 2 Règles de gestion'!$D$2:$F$54,3, FALSE) -> Si l'absence ne commence pas par une demi-journée et si l'absence précédente ne finit pas par une demi journée, la date de début de l'absence saisie est postérieure à la date de fin prévisionnelle de l'absence précédente. | BM44: 2026-25
A45: 26.00.00 | B45: A | C45: 46106.709 | D45: D0007 | E45: Congés/Absence | F45: S0196 | G45: Autorisations d'absence syndicales | H45: E1086 | I45: Auto. d'abs. pr congrès ou réunions des orga dir synd internat ou des unions, fédé ou conf représ au CCFP ou synd ou unions affiliés | J45: Type de congé/absence saisi égal 'Auto. d'abs. pr congrès ou réunions des orga dir synd internat ou des unions, fédé ou conf représ au CCFP ou synd ou unions affiliés' | K45: A_COA_TYCOAB [Saisi] = 'CA023' | L45: T2545 | M45: Auto. d'abs. pr congrès ou réunions des orga dir synd internat ou des unions, fédé ou conf représ au CCFP ou synd ou unions affiliés | N45: Création Modification | Q45: Militaire | R45: P0002 | S45: M | T45: Général | U45: Exclu | V45: 45689 | BM45: 2026-25
A46: 26.00.00 | B46: A | C46: 46106.709 | D46: D0007 | E46: Congés/Absence | F46: S0196 | G46: Autorisations d'absence syndicales | H46: E1086 | I46: Auto. d'abs. pr congrès ou réunions des orga dir synd internat ou des unions, fédé ou conf représ au CCFP ou synd ou unions affiliés | J46: Type de congé/absence saisi égal 'Auto. d'abs. pr congrès ou réunions des orga dir synd internat ou des unions, fédé ou conf représ au CCFP ou synd ou unions affiliés' | K46: A_COA_TYCOAB [Saisi] = 'CA023' | L46: T2545 | M46: Auto. d'abs. pr congrès ou réunions des orga dir synd internat ou des unions, fédé ou conf représ au CCFP ou synd ou unions affiliés | N46: Création Modification | Q46: Contractuel | R46: P0003 | S46: N | T46: Général | U46: Passant | V46: 45689 | X46: AAS_I_005 ET AAS_I_006 ET AAS_I_007 ET AAS_I_008 ET AAS_I_001 ET AAS_I_002 ET AAS_I_034 ET AAS_I_035 ET AAS_D_002 ET ABS_C_010 ET ABS_C_001 ET ABS_C_003 ET ABS_C_004 ET ABS_C_007 ET ABS_C_008 ET ABS_C_009 ET ABS_C_019 ET ABS_C_020 | Y46: AAS_I_005 | Z46: =VLOOKUP(Y46,'Axe 2 Règles de gestion'!$D$2:$F$54,3, FALSE) -> L'agent doit être représentant du personnel, titulaire ou suppléant, ou expert. | AA46: AAS_I_006 | AB46: =VLOOKUP(AA46,'Axe 2 Règles de gestion'!$D$2:$F$54,3, FALSE) -> L'agent doit être représentant syndical. | AC46: AAS_I_007 | AD46: =VLOOKUP(AC46,'Axe 2 Règles de gestion'!$D$2:$F$54,3, FALSE) -> L'agent doit présenter sa convocation ou un document l'informant de la réunion de l'organisme dans lequel il est appelé à siéger. | AE46: AAS_I_008 | AF46: =VLOOKUP(AE46,'Axe 2 Règles de gestion'!$D$2:$F$54,3, FALSE) -> L'agent prend part à des réunions de travail convoquées par l'administration ou participe à des négociations d'accords collectifs. | AG46: AAS_I_001 | AH46: =VLOOKUP(AG46,'Axe 2 Règles de gestion'!$D$2:$F$54,3, FALSE) -> L'agent peut bénéficier d'autorisations d'absence spéciales pour assister aux congrès professionnels syndicaux fédéraux, confédéraux et internationaux. | AI46: AAS_I_002 | AJ46: =VLOOKUP(AI46,'Axe 2 Règles de gestion'!$D$2:$F$54,3, FALSE) -> L'agent peut bénéficier d'autorisations d'absence spéciales pour assister aux réunions de leurs organismes directeurs quel que soit leur niveau dans la structure du syndicat considéré, quand ils en sont membres élus ou qu'ils sont nommément désignés. | AK46: AAS_I_034 | AL46: =VLOOKUP(AK46,'Axe 2 Règles de gestion'!$D$2:$F$54,3, FALSE) -> Ces autorisations spéciales d'absence sont accordées sous réserve des nécessités du service. | AM46: AAS_I_035 | AN46: =VLOOKUP(AM46,'Axe 2 Règles de gestion'!$D$2:$F$54,3, FALSE) -> L'agent doit être un représentant syndical et doit être mandaté pour bénéficier de ces autorisations spéciales d'absence. | AQ46: AAS_D_002 | AR46: =VLOOKUP(AQ46,'Axe 2 Règles de gestion'!$D$2:$F$54,3, FALSE) -> La durée des autorisations spéciales d'absence accordées à un même agent, au cours d'une année, ne peut excéder 20 jours par an. | AU46: ABS_C_010 | AV46: =VLOOKUP(AU46,'Axe 2 Règles de gestion'!$D$2:$F$54,3, FALSE) -> L'agent doit être en activité. | AW46: ABS_C_001 | AX46: =VLOOKUP(AW46,'Axe 2 Règles de gestion'!$D$2:$F$54,3, FALSE) -> La date de début du congé/absence doit être postérieure ou égale à la date de recrutement dans la FPE ou dans la carrière militaire. | AY46: ABS_C_003 | AZ46: =VLOOKUP(AY46,'Axe 2 Règles de gestion'!$D$2:$F$54,3, FALSE) -> La date de début du congé/absence doit être antérieure ou égale à la date de fin réelle du congé/absence. | BA46: ABS_C_004 | BB46: =VLOOKUP(BA46,'Axe 2 Règles de gestion'!$D$2:$F$54,3, FALSE) -> La date de début du congé/absence doit être antérieure ou égale à la date de fin prévisionnelle du congé/absence. | BC46: ABS_C_007 | BD46: =VLOOKUP(BC46,'Axe 2 Règles de gestion'!$D$2:$F$54,3, FALSE) -> La date de fin réelle du congé/absence doit être antérieure à la date limite de départ à la retraite. | BE46: ABS_C_008 | BF46: =VLOOKUP(BE46,'Axe 2 Règles de gestion'!$D$2:$F$54,3, FALSE) -> La date de fin prévisionnelle du congé/absence doit être antérieure à la date limite de départ à la retraite. | BG46: ABS_C_009 | BH46: =VLOOKUP(BG46,'Axe 2 Règles de gestion'!$D$2:$F$54,3, FALSE) -> La date de fin réelle ou la date de fin prévisionnelle du congé/absence doit être saisie. | BI46: ABS_C_019 | BJ46: =VLOOKUP(BI46,'Axe 2 Règles de gestion'!$D$2:$F$54,3, FALSE) -> Si l'absence ne commence pas par une demi-journée et si l'absence précédente ne finit pas par une demi journée, la date de début de l'absence saisie est postérieure à la date de fin réelle de l'absence précédente. | BK46: ABS_C_020 | BL46: =VLOOKUP(BK46,'Axe 2 Règles de gestion'!$D$2:$F$54,3, FALSE) -> Si l'absence ne commence pas par une demi-journée et si l'absence précédente ne finit pas par une demi journée, la date de début de l'absence saisie est postérieure à la date de fin prévisionnelle de l'absence précédente. | BM46: 2026-25
A47: 26.00.00 | B47: A | C47: 46106.711 | D47: D0007 | E47: Congés/Absence | F47: S0196 | G47: Autorisations d'absence syndicales | H47: E1086 | I47: Auto. d'abs. pr congrès ou réunions des orga dir synd internat ou des unions, fédé ou conf représ au CCFP ou synd ou unions affiliés | J47: Type de congé/absence saisi égal 'Auto. d'abs. pr congrès ou réunions des orga dir synd internat ou des unions, fédé ou conf représ au CCFP ou synd ou unions affiliés' | K47: A_COA_TYCOAB [Saisi] = 'CA023' | L47: T2545 | M47: Auto. d'abs. pr congrès ou réunions des orga dir synd internat ou des unions, fédé ou conf représ au CCFP ou synd ou unions affiliés | N47: Création Modification | Q47: Stagiaire ou auditeur ou élève | R47: P0004 | S47: S | T47: Général | U47: Passant | V47: 45689 | X47: AAS_I_012 ET AAS_I_005 ET AAS_I_006 ET AAS_I_007 ET AAS_I_008 ET AAS_I_001 ET AAS_I_002 ET AAS_D_002 ET ABS_C_010 ET ABS_C_001 ET ABS_C_003 ET ABS_C_004 ET ABS_C_007 ET ABS_C_008 ET ABS_C_009 ET ABS_C_019 ET ABS_C_020 | Y47: AAS_I_012 | Z47: =VLOOKUP(Y47,'Axe 2 Règles de gestion'!$D$2:$F$54,3, FALSE) -> L'agent bénéficie des dispositions applicables aux agents titulaires pour les autorisations d'absence syndicales. | AA47: AAS_I_005 | AB47: =VLOOKUP(AA47,'Axe 2 Règles de gestion'!$D$2:$F$54,3, FALSE) -> L'agent doit être représentant du personnel, titulaire ou suppléant, ou expert. | AC47: AAS_I_006 | AD47: =VLOOKUP(AC47,'Axe 2 Règles de gestion'!$D$2:$F$54,3, FALSE) -> L'agent doit être représentant syndical. | AE47: AAS_I_007 | AF47: =VLOOKUP(AE47,'Axe 2 Règles de gestion'!$D$2:$F$54,3, FALSE) -> L'agent doit présenter sa convocation ou un document l'informant de la réunion de l'organisme dans lequel il est appelé à siéger. | AG47: AAS_I_008 | AH47: =VLOOKUP(AG47,'Axe 2 Règles de gestion'!$D$2:$F$54,3, FALSE) -> L'agent prend part à des réunions de travail convoquées par l'administration ou participe à des négociations d'accords collectifs. | AI47: AAS_I_001 | AJ47: =VLOOKUP(AI47,'Axe 2 Règles de gestion'!$D$2:$F$54,3, FALSE) -> L'agent peut bénéficier d'autorisations d'absence spéciales pour assister aux congrès professionnels syndicaux fédéraux, confédéraux et internationaux. | AK47: AAS_I_002 | AL47: =VLOOKUP(AK47,'Axe 2 Règles de gestion'!$D$2:$F$54,3, FALSE) -> L'agent peut bénéficier d'autorisations d'absence spéciales pour assister aux réunions de leurs organismes directeurs quel que soit leur niveau dans la structure du syndicat considéré, quand ils en sont membres élus ou qu'ils sont nommément désignés. | AQ47: AAS_D_002 | AR47: =VLOOKUP(AQ47,'Axe 2 Règles de gestion'!$D$2:$F$54,3, FALSE) -> La durée des autorisations spéciales d'absence accordées à un même agent, au cours d'une année, ne peut excéder 20 jours par an. | AU47: ABS_C_010 | AV47: =VLOOKUP(AU47,'Axe 2 Règles de gestion'!$D$2:$F$54,3, FALSE) -> L'agent doit être en activité. | AW47: ABS_C_001 | AX47: =VLOOKUP(AW47,'Axe 2 Règles de gestion'!$D$2:$F$54,3, FALSE) -> La date de début du congé/absence doit être postérieure ou égale à la date de recrutement dans la FPE ou dans la carrière militaire. | AY47: ABS_C_003 | AZ47: =VLOOKUP(AY47,'Axe 2 Règles de gestion'!$D$2:$F$54,3, FALSE) -> La date de début du congé/absence doit être antérieure ou égale à la date de fin réelle du congé/absence. | BA47: ABS_C_004 | BB47: =VLOOKUP(BA47,'Axe 2 Règles de gestion'!$D$2:$F$54,3, FALSE) -> La date de début du congé/absence doit être antérieure ou égale à la date de fin prévisionnelle du congé/absence. | BC47: ABS_C_007 | BD47: =VLOOKUP(BC47,'Axe 2 Règles de gestion'!$D$2:$F$54,3, FALSE) -> La date de fin réelle du congé/absence doit être antérieure à la date limite de départ à la retraite. | BE47: ABS_C_008 | BF47: =VLOOKUP(BE47,'Axe 2 Règles de gestion'!$D$2:$F$54,3, FALSE) -> La date de fin prévisionnelle du congé/absence doit être antérieure à la date limite de départ à la retraite. | BG47: ABS_C_009 | BH47: =VLOOKUP(BG47,'Axe 2 Règles de gestion'!$D$2:$F$54,3, FALSE) -> La date de fin réelle ou la date de fin prévisionnelle du congé/absence doit être saisie. | BI47: ABS_C_019 | BJ47: =VLOOKUP(BI47,'Axe 2 Règles de gestion'!$D$2:$F$54,3, FALSE) -> Si l'absence ne commence pas par une demi-journée et si l'absence précédente ne finit pas par une demi journée, la date de début de l'absence saisie est postérieure à la date de fin réelle de l'absence précédente. | BK47: ABS_C_020 | BL47: =VLOOKUP(BK47,'Axe 2 Règles de gestion'!$D$2:$F$54,3, FALSE) -> Si l'absence ne commence pas par une demi-journée et si l'absence précédente ne finit pas par une demi journée, la date de début de l'absence saisie est postérieure à la date de fin prévisionnelle de l'absence précédente. | BM47: 2026-25
A48: 26.00.00 | B48: A | C48: 46106.711 | D48: D0007 | E48: Congés/Absence | F48: S0196 | G48: Autorisations d'absence syndicales | H48: E1086 | I48: Auto. d'abs. pr congrès ou réunions des orga dir synd internat ou des unions, fédé ou conf représ au CCFP ou synd ou unions affiliés | J48: Type de congé/absence saisi égal 'Auto. d'abs. pr congrès ou réunions des orga dir synd internat ou des unions, fédé ou conf représ au CCFP ou synd ou unions affiliés' | K48: A_COA_TYCOAB [Saisi] = 'CA023' | L48: T2545 | M48: Auto. d'abs. pr congrès ou réunions des orga dir synd internat ou des unions, fédé ou conf représ au CCFP ou synd ou unions affiliés | N48: Création Modification | Q48: Ouvrier d'état | R48: P0005 | S48: O | T48: Général | U48: Exclu | V48: 45689 | BM48: 2026-25
A49: 26.00.00 | B49: A | C49: 46106.712 | D49: D0007 | E49: Congés/Absence | F49: S0196 | G49: Autorisations d'absence syndicales | H49: E1086 | I49: Auto. d'abs. pr congrès ou réunions des orga dir synd internat ou des unions, fédé ou conf représ au CCFP ou synd ou unions affiliés | J49: Type de congé/absence saisi égal 'Auto. d'abs. pr congrès ou réunions des orga dir synd internat ou des unions, fédé ou conf représ au CCFP ou synd ou unions affiliés' | K49: A_COA_TYCOAB [Saisi] = 'CA023' | L49: T2545 | M49: Auto. d'abs. pr congrès ou réunions des orga dir synd internat ou des unions, fédé ou conf représ au CCFP ou synd ou unions affiliés | N49: Création Modification | Q49: Magistrat de l'ordre judiciaire | R49: P0007 | S49: T | T49: Particulier | U49: Passant | V49: 45689 | X49: AAS_I_142 ET AAS_I_005 ET AAS_I_006 ET AAS_I_007 ET AAS_I_008 ET AAS_I_001 ET AAS_I_002 ET AAS_I_034 ET AAS_I_035 ET AAS_D_002 ET ABS_C_010 ET ABS_C_001 ET ABS_C_003 ET ABS_C_004 ET ABS_C_007 ET ABS_C_008 ET ABS_C_009 ET ABS_C_019 ET ABS_C_020 | Y49: AAS_I_142 | Z49: =VLOOKUP(Y49,'Axe 2 Règles de gestion'!$D$2:$F$54,3, FALSE) -> L'agent bénéficie des dispositions applicables aux agents titulaires pour les autorisations d'absence syndicales. | AA49: AAS_I_005 | AB49: =VLOOKUP(AA49,'Axe 2 Règles de gestion'!$D$2:$F$54,3, FALSE) -> L'agent doit être représentant du personnel, titulaire ou suppléant, ou expert. | AC49: AAS_I_006 | AD49: =VLOOKUP(AC49,'Axe 2 Règles de gestion'!$D$2:$F$54,3, FALSE) -> L'agent doit être représentant syndical. | AE49: AAS_I_007 | AF49: =VLOOKUP(AE49,'Axe 2 Règles de gestion'!$D$2:$F$54,3, FALSE) -> L'agent doit présenter sa convocation ou un document l'informant de la réunion de l'organisme dans lequel il est appelé à siéger. | AG49: AAS_I_008 | AH49: =VLOOKUP(AG49,'Axe 2 Règles de gestion'!$D$2:$F$54,3, FALSE) -> L'agent prend part à des réunions de travail convoquées par l'administration ou participe à des négociations d'accords collectifs. | AI49: AAS_I_001 | AJ49: =VLOOKUP(AI49,'Axe 2 Règles de gestion'!$D$2:$F$54,3, FALSE) -> L'agent peut bénéficier d'autorisations d'absence spéciales pour assister aux congrès professionnels syndicaux fédéraux, confédéraux et internationaux. | AK49: AAS_I_002 | AL49: =VLOOKUP(AK49,'Axe 2 Règles de gestion'!$D$2:$F$54,3, FALSE) -> L'agent peut bénéficier d'autorisations d'absence spéciales pour assister aux réunions de leurs organismes directeurs quel que soit leur niveau dans la structure du syndicat considéré, quand ils en sont membres élus ou qu'ils sont nommément désignés. | AM49: AAS_I_034 | AN49: =VLOOKUP(AM49,'Axe 2 Règles de gestion'!$D$2:$F$54,3, FALSE) -> Ces autorisations spéciales d'absence sont accordées sous réserve des nécessités du service. | AO49: AAS_I_035 | AP49: =VLOOKUP(AO49,'Axe 2 Règles de gestion'!$D$2:$F$54,3, FALSE) -> L'agent doit être un représentant syndical et doit être mandaté pour bénéficier de ces autorisations spéciales d'absence. | AQ49: AAS_D_002 | AR49: =VLOOKUP(AQ49,'Axe 2 Règles de gestion'!$D$2:$F$54,3, FALSE) -> La durée des autorisations spéciales d'absence accordées à un même agent, au cours d'une année, ne peut excéder 20 jours par an. | AU49: ABS_C_010 | AV49: =VLOOKUP(AU49,'Axe 2 Règles de gestion'!$D$2:$F$54,3, FALSE) -> L'agent doit être en activité. | AW49: ABS_C_001 | AX49: =VLOOKUP(AW49,'Axe 2 Règles de gestion'!$D$2:$F$54,3, FALSE) -> La date de début du congé/absence doit être postérieure ou égale à la date de recrutement dans la FPE ou dans la carrière militaire. | AY49: ABS_C_003 | AZ49: =VLOOKUP(AY49,'Axe 2 Règles de gestion'!$D$2:$F$54,3, FALSE) -> La date de début du congé/absence doit être antérieure ou égale à la date de fin réelle du congé/absence. | BA49: ABS_C_004 | BB49: =VLOOKUP(BA49,'Axe 2 Règles de gestion'!$D$2:$F$54,3, FALSE) -> La date de début du congé/absence doit être antérieure ou égale à la date de fin prévisionnelle du congé/absence. | BC49: ABS_C_007 | BD49: =VLOOKUP(BC49,'Axe 2 Règles de gestion'!$D$2:$F$54,3, FALSE) -> La date de fin réelle du congé/absence doit être antérieure à la date limite de départ à la retraite. | BE49: ABS_C_008 | BF49: =VLOOKUP(BE49,'Axe 2 Règles de gestion'!$D$2:$F$54,3, FALSE) -> La date de fin prévisionnelle du congé/absence doit être antérieure à la date limite de départ à la retraite. | BG49: ABS_C_009 | BH49: =VLOOKUP(BG49,'Axe 2 Règles de gestion'!$D$2:$F$54,3, FALSE) -> La date de fin réelle ou la date de fin prévisionnelle du congé/absence doit être saisie. | BI49: ABS_C_019 | BJ49: =VLOOKUP(BI49,'Axe 2 Règles de gestion'!$D$2:$F$54,3, FALSE) -> Si l'absence ne commence pas par une demi-journée et si l'absence précédente ne finit pas par une demi journée, la date de début de l'absence saisie est postérieure à la date de fin réelle de l'absence précédente. | BK49: ABS_C_020 | BL49: =VLOOKUP(BK49,'Axe 2 Règles de gestion'!$D$2:$F$54,3, FALSE) -> Si l'absence ne commence pas par une demi-journée et si l'absence précédente ne finit pas par une demi journée, la date de début de l'absence saisie est postérieure à la date de fin prévisionnelle de l'absence précédente. | BM49: 2026-25
A50: 26.00.00 | B50: A | C50: 46106.714 | D50: D0007 | E50: Congés/Absence | F50: S0196 | G50: Autorisations d'absence syndicales | H50: E1086 | I50: Auto. d'abs. pr congrès ou réunions des orga dir synd internat ou des unions, fédé ou conf représ au CCFP ou synd ou unions affiliés | J50: Type de congé/absence saisi égal 'Auto. d'abs. pr congrès ou réunions des orga dir synd internat ou des unions, fédé ou conf représ au CCFP ou synd ou unions affiliés' | K50: A_COA_TYCOAB [Saisi] = 'CA023' | L50: T2545 | M50: Auto. d'abs. pr congrès ou réunions des orga dir synd internat ou des unions, fédé ou conf représ au CCFP ou synd ou unions affiliés | N50: Création Modification | Q50: Personnel civil payé à l'acte ou à la tâche | R50: P0054 | S50: N | T50: Particulier | U50: Exclu | V50: 45689 | BM50: 2026-25
A51: 26.00.00 | B51: A | C51: 46106.714 | D51: D0007 | E51: Congés/Absence | F51: S0196 | G51: Autorisations d'absence syndicales | H51: E1086 | I51: Auto. d'abs. pr congrès ou réunions des orga dir synd internat ou des unions, fédé ou conf représ au CCFP ou synd ou unions affiliés | J51: Type de congé/absence saisi égal 'Auto. d'abs. pr congrès ou réunions des orga dir synd internat ou des unions, fédé ou conf représ au CCFP ou synd ou unions affiliés' | K51: A_COA_TYCOAB [Saisi] = 'CA023' | L51: T2545 | M51: Auto. d'abs. pr congrès ou réunions des orga dir synd internat ou des unions, fédé ou conf représ au CCFP ou synd ou unions affiliés | N51: Création Modification | Q51: Ouvrier des parcs et ateliers confirmé ou stagiaire | R51: P0143 | S51: O | T51: Particulier | U51: Passant | V51: 45901 | X51: AAS_I_011 ET AAS_I_005 ET AAS_I_006 ET AAS_I_007 ET AAS_I_008 ET AAS_I_001 ET AAS_I_002 ET AAS_I_034 ET AAS_I_035 ET AAS_D_002 ET ABS_C_010 ET ABS_C_001 ET ABS_C_003 ET ABS_C_004 ET ABS_C_007 ET ABS_C_008 ET ABS_C_009 ET ABS_C_019 ET ABS_C_020 | Y51: AAS_I_011 | Z51: =VLOOKUP(Y51,'Axe 2 Règles de gestion'!$D$2:$F$54,3, FALSE) -> L'agent bénéficie des dispositions applicables aux agents titulaires pour les autorisations d'absence syndicales. | AA51: AAS_I_005 | AB51: =VLOOKUP(AA51,'Axe 2 Règles de gestion'!$D$2:$F$54,3, FALSE) -> L'agent doit être représentant du personnel, titulaire ou suppléant, ou expert. | AC51: AAS_I_006 | AD51: =VLOOKUP(AC51,'Axe 2 Règles de gestion'!$D$2:$F$54,3, FALSE) -> L'agent doit être représentant syndical. | AE51: AAS_I_007 | AF51: =VLOOKUP(AE51,'Axe 2 Règles de gestion'!$D$2:$F$54,3, FALSE) -> L'agent doit présenter sa convocation ou un document l'informant de la réunion de l'organisme dans lequel il est appelé à siéger. | AG51: AAS_I_008 | AH51: =VLOOKUP(AG51,'Axe 2 Règles de gestion'!$D$2:$F$54,3, FALSE) -> L'agent prend part à des réunions de travail convoquées par l'administration ou participe à des négociations d'accords collectifs. | AI51: AAS_I_001 | AJ51: =VLOOKUP(AI51,'Axe 2 Règles de gestion'!$D$2:$F$54,3, FALSE) -> L'agent peut bénéficier d'autorisations d'absence spéciales pour assister aux congrès professionnels syndicaux fédéraux, confédéraux et internationaux. | AK51: AAS_I_002 | AL51: =VLOOKUP(AK51,'Axe 2 Règles de gestion'!$D$2:$F$54,3, FALSE) -> L'agent peut bénéficier d'autorisations d'absence spéciales pour assister aux réunions de leurs organismes directeurs quel que soit leur niveau dans la structure du syndicat considéré, quand ils en sont membres élus ou qu'ils sont nommément désignés. | AM51: AAS_I_034 | AN51: =VLOOKUP(AM51,'Axe 2 Règles de gestion'!$D$2:$F$54,3, FALSE) -> Ces autorisations spéciales d'absence sont accordées sous réserve des nécessités du service. | AO51: AAS_I_035 | AP51: =VLOOKUP(AO51,'Axe 2 Règles de gestion'!$D$2:$F$54,3, FALSE) -> L'agent doit être un représentant syndical et doit être mandaté pour bénéficier de ces autorisations spéciales d'absence. | AQ51: AAS_D_002 | AR51: =VLOOKUP(AQ51,'Axe 2 Règles de gestion'!$D$2:$F$54,3, FALSE) -> La durée des autorisations spéciales d'absence accordées à un même agent, au cours d'une année, ne peut excéder 20 jours par an. | AU51: ABS_C_010 | AV51: =VLOOKUP(AU51,'Axe 2 Règles de gestion'!$D$2:$F$54,3, FALSE) -> L'agent doit être en activité. | AW51: ABS_C_001 | AX51: =VLOOKUP(AW51,'Axe 2 Règles de gestion'!$D$2:$F$54,3, FALSE) -> La date de début du congé/absence doit être postérieure ou égale à la date de recrutement dans la FPE ou dans la carrière militaire. | AY51: ABS_C_003 | AZ51: =VLOOKUP(AY51,'Axe 2 Règles de gestion'!$D$2:$F$54,3, FALSE) -> La date de début du congé/absence doit être antérieure ou égale à la date de fin réelle du congé/absence. | BA51: ABS_C_004 | BB51: =VLOOKUP(BA51,'Axe 2 Règles de gestion'!$D$2:$F$54,3, FALSE) -> La date de début du congé/absence doit être antérieure ou égale à la date de fin prévisionnelle du congé/absence. | BC51: ABS_C_007 | BD51: =VLOOKUP(BC51,'Axe 2 Règles de gestion'!$D$2:$F$54,3, FALSE) -> La date de fin réelle du congé/absence doit être antérieure à la date limite de départ à la retraite. | BE51: ABS_C_008 | BF51: =VLOOKUP(BE51,'Axe 2 Règles de gestion'!$D$2:$F$54,3, FALSE) -> La date de fin prévisionnelle du congé/absence doit être antérieure à la date limite de départ à la retraite. | BG51: ABS_C_009 | BH51: =VLOOKUP(BG51,'Axe 2 Règles de gestion'!$D$2:$F$54,3, FALSE) -> La date de fin réelle ou la date de fin prévisionnelle du congé/absence doit être saisie. | BI51: ABS_C_019 | BJ51: =VLOOKUP(BI51,'Axe 2 Règles de gestion'!$D$2:$F$54,3, FALSE) -> Si l'absence ne commence pas par une demi-journée et si l'absence précédente ne finit pas par une demi journée, la date de début de l'absence saisie est postérieure à la date de fin réelle de l'absence précédente. | BK51: ABS_C_020 | BL51: =VLOOKUP(BK51,'Axe 2 Règles de gestion'!$D$2:$F$54,3, FALSE) -> Si l'absence ne commence pas par une demi-journée et si l'absence précédente ne finit pas par une demi journée, la date de début de l'absence saisie est postérieure à la date de fin prévisionnelle de l'absence précédente. | BM51: 2026-25
A52: 26.00.00 | B52: A | C52: 46106.714 | D52: D0007 | E52: Congés/Absence | F52: S0196 | G52: Autorisations d'absence syndicales | H52: E1086 | I52: Auto. d'abs. pr congrès ou réunions des orga dir synd internat ou des unions, fédé ou conf représ au CCFP ou synd ou unions affiliés | J52: Type de congé/absence saisi égal 'Auto. d'abs. pr congrès ou réunions des orga dir synd internat ou des unions, fédé ou conf représ au CCFP ou synd ou unions affiliés' | K52: A_COA_TYCOAB [Saisi] = 'CA023' | L52: T2545 | M52: Auto. d'abs. pr congrès ou réunions des orga dir synd internat ou des unions, fédé ou conf représ au CCFP ou synd ou unions affiliés | N52: Création Modification | Q52: Ouvrier de la défense ou assimilé | R52: P0197 | S52: O | T52: Particulier | U52: Passant | V52: 45689 | X52: AAS_I_036 ET AAS_I_037 ET AAS_I_038 ET AAS_I_039 ET AAS_I_041 ET AAS_I_042 ET AAS_I_043 ET AAS_D_004 ET AAS_D_005 ET ABS_C_010 ET ABS_C_001 ET ABS_C_003 ET ABS_C_004 ET ABS_C_007 ET ABS_C_008 ET ABS_C_009 ET ABS_C_019 ET ABS_C_020 | Y52: AAS_I_036 | Z52: =VLOOKUP(Y52,'Axe 2 Règles de gestion'!$D$2:$F$54,3, FALSE) -> L'agent peut bénéficier d'autorisations d'absence spéciales pour assister aux congrès syndicaux ou aux réunions des organismes directeurs de leur organisation quel qu'en soit le niveau. | AA52: AAS_I_037 | AB52: =VLOOKUP(AA52,'Axe 2 Règles de gestion'!$D$2:$F$54,3, FALSE) -> L'agent doit être membre élu ou nommément désigné conformément aux dispositions des statuts de son organisation pour bénéficier de cette autorisation d'absence. | AC52: AAS_I_038 | AD52: =VLOOKUP(AC52,'Axe 2 Règles de gestion'!$D$2:$F$54,3, FALSE) -> Le représentant syndical adresse sa demande d'autorisation d'absence accompagnée de sa convocation au moins 1 semaine avant la date de la réunion à son supérieur hiérarchique qui se doit de répondre dans les plus brefs délais. | AE52: AAS_I_039 | AF52: =VLOOKUP(AE52,'Axe 2 Règles de gestion'!$D$2:$F$54,3, FALSE) -> La durée de cette autorisation correspond à la durée prévisible de la réunion et des éventuels délais de route pour se rendre à la réunion. | AG52: AAS_I_041 | AH52: =VLOOKUP(AG52,'Axe 2 Règles de gestion'!$D$2:$F$54,3, FALSE) -> Le chef d'organisme peut, pour des raisons de bonne marche de l'administration, refuser l'octroi d'une autorisation d'absence. Ce refus est exceptionnel. | AI52: AAS_I_042 | AJ52: =VLOOKUP(AI52,'Axe 2 Règles de gestion'!$D$2:$F$54,3, FALSE) -> Ce refus doit être écrit et motivé et cette décision doit être transmise par le centre ministériel de gestion compétent au bureau dialogue social de la direction des ressources humaines ministérielle. | AK52: AAS_I_043 | AL52: =VLOOKUP(AK52,'Axe 2 Règles de gestion'!$D$2:$F$54,3, FALSE) -> Les autorisations spéciales d'absence peuvent être fractionnées en demi-journées. | AQ52: AAS_D_004 | AR52: =VLOOKUP(AQ52,'Axe 2 Règles de gestion'!$D$2:$F$54,3, FALSE) -> La durée des autorisations spéciales d'absence accordées à un même agent, au cours d'une année, ne peut excéder 20 jours par an. | AS52: AAS_D_005 | AT52: =VLOOKUP(AS52,'Axe 2 Règles de gestion'!$D$2:$F$54,3, FALSE) -> Les deux limites de 10 et 20 jours ne sont pas cumulables. Ainsi, un même agent ne peut bénéficier de plus de 20 jours par an. | AU52: ABS_C_010 | AV52: =VLOOKUP(AU52,'Axe 2 Règles de gestion'!$D$2:$F$54,3, FALSE) -> L'agent doit être en activité. | AW52: ABS_C_001 | AX52: =VLOOKUP(AW52,'Axe 2 Règles de gestion'!$D$2:$F$54,3, FALSE) -> La date de début du congé/absence doit être postérieure ou égale à la date de recrutement dans la FPE ou dans la carrière militaire. | AY52: ABS_C_003 | AZ52: =VLOOKUP(AY52,'Axe 2 Règles de gestion'!$D$2:$F$54,3, FALSE) -> La date de début du congé/absence doit être antérieure ou égale à la date de fin réelle du congé/absence. | BA52: ABS_C_004 | BB52: =VLOOKUP(BA52,'Axe 2 Règles de gestion'!$D$2:$F$54,3, FALSE) -> La date de début du congé/absence doit être antérieure ou égale à la date de fin prévisionnelle du congé/absence. | BC52: ABS_C_007 | BD52: =VLOOKUP(BC52,'Axe 2 Règles de gestion'!$D$2:$F$54,3, FALSE) -> La date de fin réelle du congé/absence doit être antérieure à la date limite de départ à la retraite. | BE52: ABS_C_008 | BF52: =VLOOKUP(BE52,'Axe 2 Règles de gestion'!$D$2:$F$54,3, FALSE) -> La date de fin prévisionnelle du congé/absence doit être antérieure à la date limite de départ à la retraite. | BG52: ABS_C_009 | BH52: =VLOOKUP(BG52,'Axe 2 Règles de gestion'!$D$2:$F$54,3, FALSE) -> La date de fin réelle ou la date de fin prévisionnelle du congé/absence doit être saisie. | BI52: ABS_C_019 | BJ52: =VLOOKUP(BI52,'Axe 2 Règles de gestion'!$D$2:$F$54,3, FALSE) -> Si l'absence ne commence pas par une demi-journée et si l'absence précédente ne finit pas par une demi journée, la date de début de l'absence saisie est postérieure à la date de fin réelle de l'absence précédente. | BK52: ABS_C_020 | BL52: =VLOOKUP(BK52,'Axe 2 Règles de gestion'!$D$2:$F$54,3, FALSE) -> Si l'absence ne commence pas par une demi-journée et si l'absence précédente ne finit pas par une demi journée, la date de début de l'absence saisie est postérieure à la date de fin prévisionnelle de l'absence précédente. | BM52: 2026-25

Sheet Axe 1 Enchaînement RG Impact
A1: Version | B1: Type de mise à jour | C1: Date de mise à jour | D1: Identifiant Domaine | E1: Libellé du Domaine | F1: Identifiant Sous-domaine | G1: Libellé du Sous-domaine | H1: Identifiant Evénement | I1: Libellé de l'évènement | J1: Libellé condition déclenchement Evènement | K1: Condition déclenchement Evènement | L1: Identifiant type d'évènement | M1: Libellé type d'évènement | N1: Type de mise à jour | O1: Libellé condition déclenchement Type Evènement | P1: Condition déclenchement Type Evènement | Q1: Libellé Population | R1: Codification Population | S1: Typologie de population | T1: Général / Particulier | U1: Passant / Exclu | V1: Date de début | W1: Date de fin | X1: Impacts | Y1: FIME | Z1: Statut de travail
A2: 26.00.00 | B2: M | C2: 46099.591 | D2: D0007 | E2: Congés/Absence | F2: S0196 | G2: Autorisations d'absence syndicales | H2: E0855 | I2: Autorisation d'absence pour crédit de temps syndical | J2: Type de congé/absence saisi égal 'Autorisation d'absence pour crédit de temps syndical' | K2: A_COA_TYCOAB [Saisi] = 'CA055' | L2: T2116 | M2: Autorisation d'absence pour crédit de temps syndical | N2: Création Modification | Q2: Titulaire ou magistrat | R2: P0001 | S2: T | T2: Général | U2: Passant | V2: 40725 | W2: 41427 | Y2: 2026-25
A3: 26.00.00 | B3: M | C3: 46099.592 | D3: D0007 | E3: Congés/Absence | F3: S0196 | G3: Autorisations d'absence syndicales | H3: E0855 | I3: Autorisation d'absence pour crédit de temps syndical | J3: Type de congé/absence saisi égal 'Autorisation d'absence pour crédit de temps syndical' | K3: A_COA_TYCOAB [Saisi] = 'CA055' | L3: T2116 | M3: Autorisation d'absence pour crédit de temps syndical | N3: Création Modification | Q3: Titulaire ou magistrat | R3: P0001 | S3: T | T3: Général | U3: Passant | V3: 41428 | W3: 45688 | Y3: 2026-25
A4: 26.00.00 | B4: M | C4: 46175.448 | D4: D0007 | E4: Congés/Absence | F4: S0196 | G4: Autorisations d'absence syndicales | H4: E0855 | I4: Autorisation d'absence pour crédit de temps syndical | J4: Type de congé/absence saisi égal 'Autorisation d'absence pour crédit de temps syndical' | K4: A_COA_TYCOAB [Saisi] = 'CA055' | L4: T2116 | M4: Autorisation d'absence pour crédit de temps syndical | N4: Création Modification | Q4: Titulaire ou magistrat | R4: P0001 | S4: T | T4: Général | U4: Passant | V4: 45689 | Y4: 2026-25
A5: 26.00.00 | B5: A | C5: 46099.595 | D5: D0007 | E5: Congés/Absence | F5: S0196 | G5: Autorisations d'absence syndicales | H5: E0855 | I5: Autorisation d'absence pour crédit de temps syndical | J5: Type de congé/absence saisi égal 'Autorisation d'absence pour crédit de temps syndical' | K5: A_COA_TYCOAB [Saisi] = 'CA055' | L5: T2116 | M5: Autorisation d'absence pour crédit de temps syndical | N5: Création Modification | Q5: Militaire | R5: P0002 | S5: M | T5: Général | U5: Exclu | V5: 45689 | Y5: 2026-25
A6: 26.00.00 | B6: M | C6: 46099.597 | D6: D0007 | E6: Congés/Absence | F6: S0196 | G6: Autorisations d'absence syndicales | H6: E0855 | I6: Autorisation d'absence pour crédit de temps syndical | J6: Type de congé/absence saisi égal 'Autorisation d'absence pour crédit de temps syndical' | K6: A_COA_TYCOAB [Saisi] = 'CA055' | L6: T2116 | M6: Autorisation d'absence pour crédit de temps syndical | N6: Création Modification | Q6: Contractuel | R6: P0003 | S6: N | T6: Général | U6: Passant | V6: 40725 | W6: 41427 | Y6: 2026-25
A7: 26.00.00 | B7: M | C7: 46099.598 | D7: D0007 | E7: Congés/Absence | F7: S0196 | G7: Autorisations d'absence syndicales | H7: E0855 | I7: Autorisation d'absence pour crédit de temps syndical | J7: Type de congé/absence saisi égal 'Autorisation d'absence pour crédit de temps syndical' | K7: A_COA_TYCOAB [Saisi] = 'CA055' | L7: T2116 | M7: Autorisation d'absence pour crédit de temps syndical | N7: Création Modification | Q7: Contractuel | R7: P0003 | S7: N | T7: Général | U7: Passant | V7: 41428 | W7: 45688 | Y7: 2026-25
A8: 26.00.00 | B8: M | C8: 46175.448 | D8: D0007 | E8: Congés/Absence | F8: S0196 | G8: Autorisations d'absence syndicales | H8: E0855 | I8: Autorisation d'absence pour crédit de temps syndical | J8: Type de congé/absence saisi égal 'Autorisation d'absence pour crédit de temps syndical' | K8: A_COA_TYCOAB [Saisi] = 'CA055' | L8: T2116 | M8: Autorisation d'absence pour crédit de temps syndical | N8: Création Modification | Q8: Contractuel | R8: P0003 | S8: N | T8: Général | U8: Passant | V8: 45689 | Y8: 2026-25
A9: 26.00.00 | B9: M | C9: 46099.599 | D9: D0007 | E9: Congés/Absence | F9: S0196 | G9: Autorisations d'absence syndicales | H9: E0855 | I9: Autorisation d'absence pour crédit de temps syndical | J9: Type de congé/absence saisi égal 'Autorisation d'absence pour crédit de temps syndical' | K9: A_COA_TYCOAB [Saisi] = 'CA055' | L9: T2116 | M9: Autorisation d'absence pour crédit de temps syndical | N9: Création Modification | Q9: Stagiaire ou auditeur ou élève | R9: P0004 | S9: S | T9: Général | U9: Passant | V9: 40725 | W9: 41427 | Y9: 2026-25
A10: 26.00.00 | B10: M | C10: 46099.6 | D10: D0007 | E10: Congés/Absence | F10: S0196 | G10: Autorisations d'absence syndicales | H10: E0855 | I10: Autorisation d'absence pour crédit de temps syndical | J10: Type de congé/absence saisi égal 'Autorisation d'absence pour crédit de temps syndical' | K10: A_COA_TYCOAB [Saisi] = 'CA055' | L10: T2116 | M10: Autorisation d'absence pour crédit de temps syndical | N10: Création Modification | Q10: Stagiaire ou auditeur ou élève | R10: P0004 | S10: S | T10: Général | U10: Passant | V10: 41428 | W10: 45688 | Y10: 2026-25
A11: 26.00.00 | B11: M | C11: 46175.448 | D11: D0007 | E11: Congés/Absence | F11: S0196 | G11: Autorisations d'absence syndicales | H11: E0855 | I11: Autorisation d'absence pour crédit de temps syndical | J11: Type de congé/absence saisi égal 'Autorisation d'absence pour crédit de temps syndical' | K11: A_COA_TYCOAB [Saisi] = 'CA055' | L11: T2116 | M11: Autorisation d'absence pour crédit de temps syndical | N11: Création Modification | Q11: Stagiaire ou auditeur ou élève | R11: P0004 | S11: S | T11: Général | U11: Passant | V11: 45689 | Y11: 2026-25
A12: 26.00.00 | B12: M | C12: 46099.602 | D12: D0007 | E12: Congés/Absence | F12: S0196 | G12: Autorisations d'absence syndicales | H12: E0855 | I12: Autorisation d'absence pour crédit de temps syndical | J12: Type de congé/absence saisi égal 'Autorisation d'absence pour crédit de temps syndical' | K12: A_COA_TYCOAB [Saisi] = 'CA055' | L12: T2116 | M12: Autorisation d'absence pour crédit de temps syndical | N12: Création Modification | Q12: Ouvrier d'état | R12: P0005 | S12: O | T12: Général | U12: Passant | V12: 40725 | W12: 41427 | Y12: 2026-25
A13: 26.00.00 | B13: M | C13: 46099.602 | D13: D0007 | E13: Congés/Absence | F13: S0196 | G13: Autorisations d'absence syndicales | H13: E0855 | I13: Autorisation d'absence pour crédit de temps syndical | J13: Type de congé/absence saisi égal 'Autorisation d'absence pour crédit de temps syndical' | K13: A_COA_TYCOAB [Saisi] = 'CA055' | L13: T2116 | M13: Autorisation d'absence pour crédit de temps syndical | N13: Création Modification | Q13: Ouvrier d'état | R13: P0005 | S13: O | T13: Général | U13: Passant | V13: 41428 | W13: 45688 | Y13: 2026-25
A14: 25.10.00 | B14: A | C14: 46006.653 | D14: D0007 | E14: Congés/Absence | F14: S0196 | G14: Autorisations d'absence syndicales | H14: E0855 | I14: Autorisation d'absence pour crédit de temps syndical | J14: Type de congé/absence saisi égal 'Autorisation d'absence pour crédit de temps syndical' | K14: A_COA_TYCOAB [Saisi] = 'CA055' | L14: T2116 | M14: Autorisation d'absence pour crédit de temps syndical | N14: Création Modification | Q14: Ouvrier d'état | R14: P0005 | S14: O | T14: Général | U14: Exclu | V14: 45689
A15: 26.00.00 | B15: M | C15: 46099.61 | D15: D0007 | E15: Congés/Absence | F15: S0196 | G15: Autorisations d'absence syndicales | H15: E0855 | I15: Autorisation d'absence pour crédit de temps syndical | J15: Type de congé/absence saisi égal 'Autorisation d'absence pour crédit de temps syndical' | K15: A_COA_TYCOAB [Saisi] = 'CA055' | L15: T2116 | M15: Autorisation d'absence pour crédit de temps syndical | N15: Création Modification | Q15: Magistrat de l'ordre judiciaire | R15: P0007 | S15: T | T15: Particulier | U15: Passant | V15: 40725 | W15: 41427 | Y15: 2026-25
A16: 26.00.00 | B16: M | C16: 46099.617 | D16: D0007 | E16: Congés/Absence | F16: S0196 | G16: Autorisations d'absence syndicales | H16: E0855 | I16: Autorisation d'absence pour crédit de temps syndical | J16: Type de congé/absence saisi égal 'Autorisation d'absence pour crédit de temps syndical' | K16: A_COA_TYCOAB [Saisi] = 'CA055' | L16: T2116 | M16: Autorisation d'absence pour crédit de temps syndical | N16: Création Modification | Q16: Magistrat de l'ordre judiciaire | R16: P0007 | S16: T | T16: Particulier | U16: Passant | V16: 41428 | W16: 45688 | Y16: 2026-25
A17: 26.00.00 | B17: M | C17: 46175.449 | D17: D0007 | E17: Congés/Absence | F17: S0196 | G17: Autorisations d'absence syndicales | H17: E0855 | I17: Autorisation d'absence pour crédit de temps syndical | J17: Type de congé/absence saisi égal 'Autorisation d'absence pour crédit de temps syndical' | K17: A_COA_TYCOAB [Saisi] = 'CA055' | L17: T2116 | M17: Autorisation d'absence pour crédit de temps syndical | N17: Création Modification | Q17: Magistrat de l'ordre judiciaire | R17: P0007 | S17: T | T17: Particulier | U17: Passant | V17: 45689 | Y17: 2026-25
A18: 26.00.00 | B18: A | C18: 46099.62 | D18: D0007 | E18: Congés/Absence | F18: S0196 | G18: Autorisations d'absence syndicales | H18: E0855 | I18: Autorisation d'absence pour crédit de temps syndical | J18: Type de congé/absence saisi égal 'Autorisation d'absence pour crédit de temps syndical' | K18: A_COA_TYCOAB [Saisi] = 'CA055' | L18: T2116 | M18: Autorisation d'absence pour crédit de temps syndical | N18: Création Modification | Q18: Ouvrier de la défense ou assimilé | R18: P0197 | S18: O | T18: Particulier | U18: Passant | V18: 45689 | Y18: 2026-25
A19: 26.00.00 | B19: M | C19: 46113.416 | D19: D0007 | E19: Congés/Absence | F19: S0196 | G19: Autorisations d'absence syndicales | H19: E1054 | I19: Autorisation d'absence pour siéger dans une instance de dialogue social | J19: Type de congé/absence saisi égal 'Autorisation d'absence pour siéger dans une instance de dialogue social' | K19: A_COA_TYCOAB [Saisi] = 'CA004' | L19: T2505 | M19: Autorisation d'absence pour siéger dans une instance de dialogue social | N19: Création Modification | Q19: Titulaire ou magistrat | R19: P0001 | S19: T | T19: Général | U19: Passant | V19: 45689 | Y19: 2026-07 / 2026-25
A20: 26.00.00 | B20: A | C20: 46113.417 | D20: D0007 | E20: Congés/Absence | F20: S0196 | G20: Autorisations d'absence syndicales | H20: E1054 | I20: Autorisation d'absence pour siéger dans une instance de dialogue social | J20: Type de congé/absence saisi égal 'Autorisation d'absence pour siéger dans une instance de dialogue social' | K20: A_COA_TYCOAB [Saisi] = 'CA004' | L20: T2505 | M20: Autorisation d'absence pour siéger dans une instance de dialogue social | N20: Création Modification | Q20: Militaire | R20: P0002 | S20: M | T20: Général | U20: Exclu | V20: 45689 | Y20: 2026-25
A21: 26.00.00 | B21: M | C21: 46113.419 | D21: D0007 | E21: Congés/Absence | F21: S0196 | G21: Autorisations d'absence syndicales | H21: E1054 | I21: Autorisation d'absence pour siéger dans une instance de dialogue social | J21: Type de congé/absence saisi égal 'Autorisation d'absence pour siéger dans une instance de dialogue social' | K21: A_COA_TYCOAB [Saisi] = 'CA004' | L21: T2505 | M21: Autorisation d'absence pour siéger dans une instance de dialogue social | N21: Création Modification | Q21: Contractuel | R21: P0003 | S21: N | T21: Général | U21: Passant | V21: 45689 | Y21: 2026-07 / 2026-25
A22: 26.00.00 | B22: M | C22: 46113.419 | D22: D0007 | E22: Congés/Absence | F22: S0196 | G22: Autorisations d'absence syndicales | H22: E1054 | I22: Autorisation d'absence pour siéger dans une instance de dialogue social | J22: Type de congé/absence saisi égal 'Autorisation d'absence pour siéger dans une instance de dialogue social' | K22: A_COA_TYCOAB [Saisi] = 'CA004' | L22: T2505 | M22: Autorisation d'absence pour siéger dans une instance de dialogue social | N22: Création Modification | Q22: Stagiaire ou auditeur ou élève | R22: P0004 | S22: S | T22: Général | U22: Passant | V22: 45689 | Y22: 2026-07 / 2026-25
A23: 25.10.00 | B23: A | C23: 46006.701 | D23: D0007 | E23: Congés/Absence | F23: S0196 | G23: Autorisations d'absence syndicales | H23: E1054 | I23: Autorisation d'absence pour siéger dans une instance de dialogue social | J23: Type de congé/absence saisi égal 'Autorisation d'absence pour siéger dans une instance de dialogue social' | K23: A_COA_TYCOAB [Saisi] = 'CA004' | L23: T2505 | M23: Autorisation d'absence pour siéger dans une instance de dialogue social | N23: Création Modification | Q23: Ouvrier d'état | R23: P0005 | S23: O | T23: Général | U23: Exclu | V23: 45689
A24: 26.00.00 | B24: A | C24: 46113.422 | D24: D0007 | E24: Congés/Absence | F24: S0196 | G24: Autorisations d'absence syndicales | H24: E1054 | I24: Autorisation d'absence pour siéger dans une instance de dialogue social | J24: Type de congé/absence saisi égal 'Autorisation d'absence pour siéger dans une instance de dialogue social' | K24: A_COA_TYCOAB [Saisi] = 'CA004' | L24: T2505 | M24: Autorisation d'absence pour siéger dans une instance de dialogue social | N24: Création Modification | Q24: Magistrat de l'ordre judiciaire | R24: P0007 | S24: T | T24: Particulier | U24: Passant | V24: 45689 | Y24: 2026-25 / 2026-07
A25: 26.00.00 | B25: A | C25: 46113.427 | D25: D0007 | E25: Congés/Absence | F25: S0196 | G25: Autorisations d'absence syndicales | H25: E1054 | I25: Autorisation d'absence pour siéger dans une instance de dialogue social | J25: Type de congé/absence saisi égal 'Autorisation d'absence pour siéger dans une instance de dialogue social' | K25: A_COA_TYCOAB [Saisi] = 'CA004' | L25: T2505 | M25: Autorisation d'absence pour siéger dans une instance de dialogue social | N25: Création Modification | Q25: Ouvrier des parcs et ateliers confirmé ou stagiaire | R25: P0143 | S25: O | T25: Particulier | U25: Passant | V25: 45901 | Y25: 2026-07 / 2026-25
A26: 26.00.00 | B26: A | C26: 46113.422 | D26: D0007 | E26: Congés/Absence | F26: S0196 | G26: Autorisations d'absence syndicales | H26: E1054 | I26: Autorisation d'absence pour siéger dans une instance de dialogue social | J26: Type de congé/absence saisi égal 'Autorisation d'absence pour siéger dans une instance de dialogue social' | K26: A_COA_TYCOAB [Saisi] = 'CA004' | L26: T2505 | M26: Autorisation d'absence pour siéger dans une instance de dialogue social | N26: Création Modification | Q26: Ouvrier de la défense ou assimilé | R26: P0197 | S26: O | T26: Particulier | U26: Passant | V26: 45689 | Y26: 2026-25
A27: 26.00.00 | B27: M | C27: 46113.492 | D27: D0007 | E27: Congés/Absence | F27: S0196 | G27: Autorisations d'absence syndicales | H27: E1055 | I27: Autorisation d'absence pour travailler/négocier avec l'administration | J27: Type de congé/absence saisi égal 'Autorisation d'absence pour travailler/négocier avec l'administration' | K27: A_COA_TYCOAB [Saisi] = 'CA060' | L27: T2506 | M27: Autorisation d'absence pour travailler/négocier avec l'administration | N27: Création Modification | Q27: Titulaire ou magistrat | R27: P0001 | S27: T | T27: Général | U27: Passant | V27: 45689 | Y27: 2026-25
A28: 26.00.00 | B28: A | C28: 46113.492 | D28: D0007 | E28: Congés/Absence | F28: S0196 | G28: Autorisations d'absence syndicales | H28: E1055 | I28: Autorisation d'absence pour travailler/négocier avec l'administration | J28: Type de congé/absence saisi égal 'Autorisation d'absence pour travailler/négocier avec l'administration' | K28: A_COA_TYCOAB [Saisi] = 'CA060' | L28: T2506 | M28: Autorisation d'absence pour travailler/négocier avec l'administration | N28: Création Modification | Q28: Militaire | R28: P0002 | S28: M | T28: Général | U28: Exclu | V28: 45689 | Y28: 2026-25
A29: 26.00.00 | B29: M | C29: 46113.493 | D29: D0007 | E29: Congés/Absence | F29: S0196 | G29: Autorisations d'absence syndicales | H29: E1055 | I29: Autorisation d'absence pour travailler/négocier avec l'administration | J29: Type de congé/absence saisi égal 'Autorisation d'absence pour travailler/négocier avec l'administration' | K29: A_COA_TYCOAB [Saisi] = 'CA060' | L29: T2506 | M29: Autorisation d'absence pour travailler/négocier avec l'administration | N29: Création Modification | Q29: Contractuel | R29: P0003 | S29: N | T29: Général | U29: Passant | V29: 45689 | Y29: 2026-25
A30: 26.00.00 | B30: M | C30: 46113.493 | D30: D0007 | E30: Congés/Absence | F30: S0196 | G30: Autorisations d'absence syndicales | H30: E1055 | I30: Autorisation d'absence pour travailler/négocier avec l'administration | J30: Type de congé/absence saisi égal 'Autorisation d'absence pour travailler/négocier avec l'administration' | K30: A_COA_TYCOAB [Saisi] = 'CA060' | L30: T2506 | M30: Autorisation d'absence pour travailler/négocier avec l'administration | N30: Création Modification | Q30: Stagiaire ou auditeur ou élève | R30: P0004 | S30: S | T30: Général | U30: Passant | V30: 45689 | Y30: 2026-25
A31: 25.10.00 | B31: A | C31: 46006.701 | D31: D0007 | E31: Congés/Absence | F31: S0196 | G31: Autorisations d'absence syndicales | H31: E1055 | I31: Autorisation d'absence pour travailler/négocier avec l'administration | J31: Type de congé/absence saisi égal 'Autorisation d'absence pour travailler/négocier avec l'administration' | K31: A_COA_TYCOAB [Saisi] = 'CA060' | L31: T2506 | M31: Autorisation d'absence pour travailler/négocier avec l'administration | N31: Création Modification | Q31: Ouvrier d'état | R31: P0005 | S31: O | T31: Général | U31: Exclu | V31: 45689
A32: 26.00.00 | B32: A | C32: 46113.494 | D32: D0007 | E32: Congés/Absence | F32: S0196 | G32: Autorisations d'absence syndicales | H32: E1055 | I32: Autorisation d'absence pour travailler/négocier avec l'administration | J32: Type de congé/absence saisi égal 'Autorisation d'absence pour travailler/négocier avec l'administration' | K32: A_COA_TYCOAB [Saisi] = 'CA060' | L32: T2506 | M32: Autorisation d'absence pour travailler/négocier avec l'administration | N32: Création Modification | Q32: Magistrat de l'ordre judiciaire | R32: P0007 | S32: T | T32: Particulier | U32: Passant | V32: 45689 | Y32: 2026-25
A33: 26.00.00 | B33: A | C33: 46113.496 | D33: D0007 | E33: Congés/Absence | F33: S0196 | G33: Autorisations d'absence syndicales | H33: E1055 | I33: Autorisation d'absence pour travailler/négocier avec l'administration | J33: Type de congé/absence saisi égal 'Autorisation d'absence pour travailler/négocier avec l'administration' | K33: A_COA_TYCOAB [Saisi] = 'CA060' | L33: T2506 | M33: Autorisation d'absence pour travailler/négocier avec l'administration | N33: Création Modification | Q33: Ouvrier des parcs et ateliers confirmé ou stagiaire | R33: P0143 | S33: O | T33: Particulier | U33: Passant | V33: 45901 | Y33: 2026-25
A34: 26.00.00 | B34: A | C34: 46113.497 | D34: D0007 | E34: Congés/Absence | F34: S0196 | G34: Autorisations d'absence syndicales | H34: E1055 | I34: Autorisation d'absence pour travailler/négocier avec l'administration | J34: Type de congé/absence saisi égal 'Autorisation d'absence pour travailler/négocier avec l'administration' | K34: A_COA_TYCOAB [Saisi] = 'CA060' | L34: T2506 | M34: Autorisation d'absence pour travailler/négocier avec l'administration | N34: Création Modification | Q34: Ouvrier de la défense ou assimilé | R34: P0197 | S34: O | T34: Particulier | U34: Passant | V34: 45689 | Y34: 2026-25
A35: 26.00.00 | B35: A | C35: 46106.678 | D35: D0007 | E35: Congés/Absence | F35: S0196 | G35: Autorisations d'absence syndicales | H35: E1085 | I35: Auto. d'abs. pr congrès ou réunions des orga dir des unions, fédé ou conf de synd non représentées au CCFP ou des synd nat affiliés | J35: Type de congé/absence saisi égal 'Auto. d'abs. pr congrès ou réunions des orga dir des unions, fédé ou conf de synd non représentées au CCFP ou des synd nat affiliés' | K35: A_COA_TYCOAB [Saisi] = 'CA022' | L35: T2543 | M35: Auto. d'abs. pr congrès ou réunions des orga dir des unions, fédé ou conf de synd non représentées au CCFP ou des synd nat affiliés | N35: Création Modification | Q35: Titulaire ou magistrat | R35: P0001 | S35: T | T35: Général | U35: Passant | V35: 45689 | Y35: 2026-25
A36: 26.00.00 | B36: A | C36: 46106.683 | D36: D0007 | E36: Congés/Absence | F36: S0196 | G36: Autorisations d'absence syndicales | H36: E1085 | I36: Auto. d'abs. pr congrès ou réunions des orga dir des unions, fédé ou conf de synd non représentées au CCFP ou des synd nat affiliés | J36: Type de congé/absence saisi égal 'Auto. d'abs. pr congrès ou réunions des orga dir des unions, fédé ou conf de synd non représentées au CCFP ou des synd nat affiliés' | K36: A_COA_TYCOAB [Saisi] = 'CA022' | L36: T2543 | M36: Auto. d'abs. pr congrès ou réunions des orga dir des unions, fédé ou conf de synd non représentées au CCFP ou des synd nat affiliés | N36: Création Modification | Q36: Militaire | R36: P0002 | S36: M | T36: Général | U36: Exclu | V36: 45689 | Y36: 2026-25
A37: 26.00.00 | B37: A | C37: 46106.677 | D37: D0007 | E37: Congés/Absence | F37: S0196 | G37: Autorisations d'absence syndicales | H37: E1085 | I37: Auto. d'abs. pr congrès ou réunions des orga dir des unions, fédé ou conf de synd non représentées au CCFP ou des synd nat affiliés | J37: Type de congé/absence saisi égal 'Auto. d'abs. pr congrès ou réunions des orga dir des unions, fédé ou conf de synd non représentées au CCFP ou des synd nat affiliés' | K37: A_COA_TYCOAB [Saisi] = 'CA022' | L37: T2543 | M37: Auto. d'abs. pr congrès ou réunions des orga dir des unions, fédé ou conf de synd non représentées au CCFP ou des synd nat affiliés | N37: Création Modification | Q37: Contractuel | R37: P0003 | S37: N | T37: Général | U37: Passant | V37: 45689 | Y37: 2026-25
A38: 26.00.00 | B38: A | C38: 46106.684 | D38: D0007 | E38: Congés/Absence | F38: S0196 | G38: Autorisations d'absence syndicales | H38: E1085 | I38: Auto. d'abs. pr congrès ou réunions des orga dir des unions, fédé ou conf de synd non représentées au CCFP ou des synd nat affiliés | J38: Type de congé/absence saisi égal 'Auto. d'abs. pr congrès ou réunions des orga dir des unions, fédé ou conf de synd non représentées au CCFP ou des synd nat affiliés' | K38: A_COA_TYCOAB [Saisi] = 'CA022' | L38: T2543 | M38: Auto. d'abs. pr congrès ou réunions des orga dir des unions, fédé ou conf de synd non représentées au CCFP ou des synd nat affiliés | N38: Création Modification | Q38: Stagiaire ou auditeur ou élève | R38: P0004 | S38: S | T38: Général | U38: Passant | V38: 45689 | Y38: 2026-25
A39: 26.00.00 | B39: A | C39: 46106.685 | D39: D0007 | E39: Congés/Absence | F39: S0196 | G39: Autorisations d'absence syndicales | H39: E1085 | I39: Auto. d'abs. pr congrès ou réunions des orga dir des unions, fédé ou conf de synd non représentées au CCFP ou des synd nat affiliés | J39: Type de congé/absence saisi égal 'Auto. d'abs. pr congrès ou réunions des orga dir des unions, fédé ou conf de synd non représentées au CCFP ou des synd nat affiliés' | K39: A_COA_TYCOAB [Saisi] = 'CA022' | L39: T2543 | M39: Auto. d'abs. pr congrès ou réunions des orga dir des unions, fédé ou conf de synd non représentées au CCFP ou des synd nat affiliés | N39: Création Modification | Q39: Ouvrier d'état | R39: P0005 | S39: O | T39: Général | U39: Exclu | V39: 45689 | Y39: 2026-25
A40: 26.00.00 | B40: A | C40: 46106.689 | D40: D0007 | E40: Congés/Absence | F40: S0196 | G40: Autorisations d'absence syndicales | H40: E1085 | I40: Auto. d'abs. pr congrès ou réunions des orga dir des unions, fédé ou conf de synd non représentées au CCFP ou des synd nat affiliés | J40: Type de congé/absence saisi égal 'Auto. d'abs. pr congrès ou réunions des orga dir des unions, fédé ou conf de synd non représentées au CCFP ou des synd nat affiliés' | K40: A_COA_TYCOAB [Saisi] = 'CA022' | L40: T2543 | M40: Auto. d'abs. pr congrès ou réunions des orga dir des unions, fédé ou conf de synd non représentées au CCFP ou des synd nat affiliés | N40: Création Modification | Q40: Magistrat de l'ordre judiciaire | R40: P0007 | S40: T | T40: Particulier | U40: Passant | V40: 45689 | Y40: 2026-25
A41: 26.00.00 | B41: A | C41: 46106.691 | D41: D0007 | E41: Congés/Absence | F41: S0196 | G41: Autorisations d'absence syndicales | H41: E1085 | I41: Auto. d'abs. pr congrès ou réunions des orga dir des unions, fédé ou conf de synd non représentées au CCFP ou des synd nat affiliés | J41: Type de congé/absence saisi égal 'Auto. d'abs. pr congrès ou réunions des orga dir des unions, fédé ou conf de synd non représentées au CCFP ou des synd nat affiliés' | K41: A_COA_TYCOAB [Saisi] = 'CA022' | L41: T2543 | M41: Auto. d'abs. pr congrès ou réunions des orga dir des unions, fédé ou conf de synd non représentées au CCFP ou des synd nat affiliés | N41: Création Modification | Q41: Personnel civil payé à l'acte ou à la tâche | R41: P0054 | S41: N | T41: Particulier | U41: Exclu | V41: 45689 | Y41: 2026-25
A42: 26.00.00 | B42: A | C42: 46106.693 | D42: D0007 | E42: Congés/Absence | F42: S0196 | G42: Autorisations d'absence syndicales | H42: E1085 | I42: Auto. d'abs. pr congrès ou réunions des orga dir des unions, fédé ou conf de synd non représentées au CCFP ou des synd nat affiliés | J42: Type de congé/absence saisi égal 'Auto. d'abs. pr congrès ou réunions des orga dir des unions, fédé ou conf de synd non représentées au CCFP ou des synd nat affiliés' | K42: A_COA_TYCOAB [Saisi] = 'CA022' | L42: T2543 | M42: Auto. d'abs. pr congrès ou réunions des orga dir des unions, fédé ou conf de synd non représentées au CCFP ou des synd nat affiliés | N42: Création Modification | Q42: Ouvrier des parcs et ateliers confirmé ou stagiaire | R42: P0143 | S42: O | T42: Particulier | U42: Passant | V42: 45901 | Y42: 2026-25
A43: 26.00.00 | B43: A | C43: 46106.692 | D43: D0007 | E43: Congés/Absence | F43: S0196 | G43: Autorisations d'absence syndicales | H43: E1085 | I43: Auto. d'abs. pr congrès ou réunions des orga dir des unions, fédé ou conf de synd non représentées au CCFP ou des synd nat affiliés | J43: Type de congé/absence saisi égal 'Auto. d'abs. pr congrès ou réunions des orga dir des unions, fédé ou conf de synd non représentées au CCFP ou des synd nat affiliés' | K43: A_COA_TYCOAB [Saisi] = 'CA022' | L43: T2543 | M43: Auto. d'abs. pr congrès ou réunions des orga dir des unions, fédé ou conf de synd non représentées au CCFP ou des synd nat affiliés | N43: Création Modification | Q43: Ouvrier de la défense ou assimilé | R43: P0197 | S43: O | T43: Particulier | U43: Passant | V43: 45689 | Y43: 2026-25
... A52: 26.00.00 | B52: A | C52: 46106.714 | D52: D0007 | E52: Congés/Absence | F52: S0196 | G52: Autorisations d'absence syndicales | H52: E1086 | I52: Auto. d'abs. pr congrès ou réunions des orga dir synd internat ou des unions, fédé ou conf représ au CCFP ou synd ou unions affiliés | J52: Type de congé/absence saisi égal 'Auto. d'abs. pr congrès ou réunions des orga dir synd internat ou des unions, fédé ou conf représ au CCFP ou synd ou unions affiliés' | K52: A_COA_TYCOAB [Saisi] = 'CA023' | L52: T2545 | M52: Auto. d'abs. pr congrès ou réunions des orga dir synd internat ou des unions, fédé ou conf représ au CCFP ou synd ou unions affiliés | N52: Création Modification | Q52: Ouvrier de la défense ou assimilé | R52: P0197 | S52: O | T52: Particulier | U52: Passant | V52: 45689 | Y52: 2026-25

Sheet Axe 1 Rattachement des actes
A1: Version | B1: Type de mise à jour | C1: Date de mise à jour | D1: Identifiant Domaine | E1: Libellé du Domaine | F1: Identifiant Sous-domaine | G1: Libellé du Sous-domaine | H1: Identifiant Evénement | I1: Libellé de l'évènement | J1: Libellé condition déclenchement Evènement | K1: Condition déclenchement Evènement | L1: Identifiant type d'évènement | M1: Libellé type d'évènement | N1: Type de mise à jour | O1: Libellé condition déclenchement Type Evènement | P1: Condition déclenchement Type Evènement | Q1: Libellé Population | R1: Codification Population | S1: Général / Particulier | T1: Passant / Exclu | U1: Date de début | V1: Date de fin | W1: Libellé condition de déclenchement 1 | X1: Condition de déclenchement 1 | Y1: Code nature 1 | Z1: Libellé nature 1 | AA1: Libellé condition de déclenchement 2 | AB1: Condition de déclenchement 2 | AC1: Code nature 2 | AD1: Libellé nature 2 | AE1: Libellé condition de déclenchement 3 | AF1: Condition de déclenchement 3 | AG1: Code nature 3 | AH1: Libellé nature 3 | AI1: Libellé condition de déclenchement 4 | AJ1: Condition de déclenchement 4 | AK1: Code nature 4 | AL1: Libellé nature 4 | AM1: Commentaire | AN1: FIME | AO1: Statut de travail
A2: 26.00.00 | B2: M | C2: 46099.591 | D2: D0007 | E2: Congés/Absence | F2: S0196 | G2: Autorisations d'absence syndicales | H2: E0855 | I2: Autorisation d'absence pour crédit de temps syndical | J2: Type de congé/absence saisi égal 'Autorisation d'absence pour crédit de temps syndical' | K2: A_COA_TYCOAB [Saisi] = 'CA055' | L2: T2116 | M2: Autorisation d'absence pour crédit de temps syndical | N2: Création Modification | Q2: Titulaire ou magistrat | R2: P0001 | S2: Général | T2: Passant | U2: 40550 | V2: 41427
A3: 26.00.00 | B3: M | C3: 46099.592 | D3: D0007 | E3: Congés/Absence | F3: S0196 | G3: Autorisations d'absence syndicales | H3: E0855 | I3: Autorisation d'absence pour crédit de temps syndical | J3: Type de congé/absence saisi égal 'Autorisation d'absence pour crédit de temps syndical' | K3: A_COA_TYCOAB [Saisi] = 'CA055' | L3: T2116 | M3: Autorisation d'absence pour crédit de temps syndical | N3: Création Modification | Q3: Titulaire ou magistrat | R3: P0001 | S3: Général | T3: Passant | U3: 41339 | V3: 45688
A4: 26.00.00 | B4: M | C4: 46175.448 | D4: D0007 | E4: Congés/Absence | F4: S0196 | G4: Autorisations d'absence syndicales | H4: E0855 | I4: Autorisation d'absence pour crédit de temps syndical | J4: Type de congé/absence saisi égal 'Autorisation d'absence pour crédit de temps syndical' | K4: A_COA_TYCOAB [Saisi] = 'CA055' | L4: T2116 | M4: Autorisation d'absence pour crédit de temps syndical | N4: Création Modification | Q4: Titulaire ou magistrat | R4: P0001 | S4: Général | T4: Passant | U4: 45659
A5: 26.00.00 | B5: A | C5: 46099.595 | D5: D0007 | E5: Congés/Absence | F5: S0196 | G5: Autorisations d'absence syndicales | H5: E0855 | I5: Autorisation d'absence pour crédit de temps syndical | J5: Type de congé/absence saisi égal 'Autorisation d'absence pour crédit de temps syndical' | K5: A_COA_TYCOAB [Saisi] = 'CA055' | L5: T2116 | M5: Autorisation d'absence pour crédit de temps syndical | N5: Création Modification | Q5: Militaire | R5: P0002 | S5: Général | T5: Exclu | U5: 45659
A6: 26.00.00 | B6: M | C6: 46099.597 | D6: D0007 | E6: Congés/Absence | F6: S0196 | G6: Autorisations d'absence syndicales | H6: E0855 | I6: Autorisation d'absence pour crédit de temps syndical | J6: Type de congé/absence saisi égal 'Autorisation d'absence pour crédit de temps syndical' | K6: A_COA_TYCOAB [Saisi] = 'CA055' | L6: T2116 | M6: Autorisation d'absence pour crédit de temps syndical | N6: Création Modification | Q6: Contractuel | R6: P0003 | S6: Général | T6: Passant | U6: 40550 | V6: 41427
A7: 26.00.00 | B7: M | C7: 46099.598 | D7: D0007 | E7: Congés/Absence | F7: S0196 | G7: Autorisations d'absence syndicales | H7: E0855 | I7: Autorisation d'absence pour crédit de temps syndical | J7: Type de congé/absence saisi égal 'Autorisation d'absence pour crédit de temps syndical' | K7: A_COA_TYCOAB [Saisi] = 'CA055' | L7: T2116 | M7: Autorisation d'absence pour crédit de temps syndical | N7: Création Modification | Q7: Contractuel | R7: P0003 | S7: Général | T7: Passant | U7: 41339 | V7: 45688
A8: 26.00.00 | B8: M | C8: 46175.448 | D8: D0007 | E8: Congés/Absence | F8: S0196 | G8: Autorisations d'absence syndicales | H8: E0855 | I8: Autorisation d'absence pour crédit de temps syndical | J8: Type de congé/absence saisi égal 'Autorisation d'absence pour crédit de temps syndical' | K8: A_COA_TYCOAB [Saisi] = 'CA055' | L8: T2116 | M8: Autorisation d'absence pour crédit de temps syndical | N8: Création Modification | Q8: Contractuel | R8: P0003 | S8: Général | T8: Passant | U8: 45659
A9: 26.00.00 | B9: M | C9: 46099.599 | D9: D0007 | E9: Congés/Absence | F9: S0196 | G9: Autorisations d'absence syndicales | H9: E0855 | I9: Autorisation d'absence pour crédit de temps syndical | J9: Type de congé/absence saisi égal 'Autorisation d'absence pour crédit de temps syndical' | K9: A_COA_TYCOAB [Saisi] = 'CA055' | L9: T2116 | M9: Autorisation d'absence pour crédit de temps syndical | N9: Création Modification | Q9: Stagiaire ou auditeur ou élève | R9: P0004 | S9: Général | T9: Passant | U9: 40550 | V9: 41427
A10: 26.00.00 | B10: M | C10: 46099.6 | D10: D0007 | E10: Congés/Absence | F10: S0196 | G10: Autorisations d'absence syndicales | H10: E0855 | I10: Autorisation d'absence pour crédit de temps syndical | J10: Type de congé/absence saisi égal 'Autorisation d'absence pour crédit de temps syndical' | K10: A_COA_TYCOAB [Saisi] = 'CA055' | L10: T2116 | M10: Autorisation d'absence pour crédit de temps syndical | N10: Création Modification | Q10: Stagiaire ou auditeur ou élève | R10: P0004 | S10: Général | T10: Passant | U10: 41339 | V10: 45688
A11: 26.00.00 | B11: M | C11: 46175.448 | D11: D0007 | E11: Congés/Absence | F11: S0196 | G11: Autorisations d'absence syndicales | H11: E0855 | I11: Autorisation d'absence pour crédit de temps syndical | J11: Type de congé/absence saisi égal 'Autorisation d'absence pour crédit de temps syndical' | K11: A_COA_TYCOAB [Saisi] = 'CA055' | L11: T2116 | M11: Autorisation d'absence pour crédit de temps syndical | N11: Création Modification | Q11: Stagiaire ou auditeur ou élève | R11: P0004 | S11: Général | T11: Passant | U11: 45659
A12: 26.00.00 | B12: M | C12: 46099.602 | D12: D0007 | E12: Congés/Absence | F12: S0196 | G12: Autorisations d'absence syndicales | H12: E0855 | I12: Autorisation d'absence pour crédit de temps syndical | J12: Type de congé/absence saisi égal 'Autorisation d'absence pour crédit de temps syndical' | K12: A_COA_TYCOAB [Saisi] = 'CA055' | L12: T2116 | M12: Autorisation d'absence pour crédit de temps syndical | N12: Création Modification | Q12: Ouvrier d'état | R12: P0005 | S12: Général | T12: Passant | U12: 40550 | V12: 41427
A13: 26.00.00 | B13: M | C13: 46099.602 | D13: D0007 | E13: Congés/Absence | F13: S0196 | G13: Autorisations d'absence syndicales | H13: E0855 | I13: Autorisation d'absence pour crédit de temps syndical | J13: Type de congé/absence saisi égal 'Autorisation d'absence pour crédit de temps syndical' | K13: A_COA_TYCOAB [Saisi] = 'CA055' | L13: T2116 | M13: Autorisation d'absence pour crédit de temps syndical | N13: Création Modification | Q13: Ouvrier d'état | R13: P0005 | S13: Général | T13: Passant | U13: 41339 | V13: 45688
A14: 25.10.00 | B14: A | C14: 46006.653 | D14: D0007 | E14: Congés/Absence | F14: S0196 | G14: Autorisations d'absence syndicales | H14: E0855 | I14: Autorisation d'absence pour crédit de temps syndical | J14: Type de congé/absence saisi égal 'Autorisation d'absence pour crédit de temps syndical' | K14: A_COA_TYCOAB [Saisi] = 'CA055' | L14: T2116 | M14: Autorisation d'absence pour crédit de temps syndical | N14: Création Modification | Q14: Ouvrier d'état | R14: P0005 | S14: Général | T14: Exclu | U14: 45659
A15: 26.00.00 | B15: M | C15: 46099.61 | D15: D0007 | E15: Congés/Absence | F15: S0196 | G15: Autorisations d'absence syndicales | H15: E0855 | I15: Autorisation d'absence pour crédit de temps syndical | J15: Type de congé/absence saisi égal 'Autorisation d'absence pour crédit de temps syndical' | K15: A_COA_TYCOAB [Saisi] = 'CA055' | L15: T2116 | M15: Autorisation d'absence pour crédit de temps syndical | N15: Création Modification | Q15: Magistrat de l'ordre judiciaire | R15: P0007 | S15: Particulier | T15: Passant | U15: 40550 | V15: 41427
A16: 26.00.00 | B16: M | C16: 46099.617 | D16: D0007 | E16: Congés/Absence | F16: S0196 | G16: Autorisations d'absence syndicales | H16: E0855 | I16: Autorisation d'absence pour crédit de temps syndical | J16: Type de congé/absence saisi égal 'Autorisation d'absence pour crédit de temps syndical' | K16: A_COA_TYCOAB [Saisi] = 'CA055' | L16: T2116 | M16: Autorisation d'absence pour crédit de temps syndical | N16: Création Modification | Q16: Magistrat de l'ordre judiciaire | R16: P0007 | S16: Particulier | T16: Passant | U16: 41339 | V16: 45688
A17: 26.00.00 | B17: M | C17: 46175.449 | D17: D0007 | E17: Congés/Absence | F17: S0196 | G17: Autorisations d'absence syndicales | H17: E0855 | I17: Autorisation d'absence pour crédit de temps syndical | J17: Type de congé/absence saisi égal 'Autorisation d'absence pour crédit de temps syndical' | K17: A_COA_TYCOAB [Saisi] = 'CA055' | L17: T2116 | M17: Autorisation d'absence pour crédit de temps syndical | N17: Création Modification | Q17: Magistrat de l'ordre judiciaire | R17: P0007 | S17: Particulier | T17: Passant | U17: 45659
A18: 26.00.00 | B18: A | C18: 46099.62 | D18: D0007 | E18: Congés/Absence | F18: S0196 | G18: Autorisations d'absence syndicales | H18: E0855 | I18: Autorisation d'absence pour crédit de temps syndical | J18: Type de congé/absence saisi égal 'Autorisation d'absence pour crédit de temps syndical' | K18: A_COA_TYCOAB [Saisi] = 'CA055' | L18: T2116 | M18: Autorisation d'absence pour crédit de temps syndical | N18: Création Modification | Q18: Ouvrier de la défense ou assimilé | R18: P0197 | S18: Particulier | T18: Passant | U18: 45659
A19: 26.00.00 | B19: M | C19: 46113.416 | D19: D0007 | E19: Congés/Absence | F19: S0196 | G19: Autorisations d'absence syndicales | H19: E1054 | I19: Autorisation d'absence pour siéger dans une instance de dialogue social | J19: Type de congé/absence saisi égal 'Autorisation d'absence pour siéger dans une instance de dialogue social' | K19: A_COA_TYCOAB [Saisi] = 'CA004' | L19: T2505 | M19: Autorisation d'absence pour siéger dans une instance de dialogue social | N19: Création Modification | Q19: Titulaire ou magistrat | R19: P0001 | S19: Général | T19: Passant | U19: 45659
A20: 26.00.00 | B20: A | C20: 46113.417 | D20: D0007 | E20: Congés/Absence | F20: S0196 | G20: Autorisations d'absence syndicales | H20: E1054 | I20: Autorisation d'absence pour siéger dans une instance de dialogue social | J20: Type de congé/absence saisi égal 'Autorisation d'absence pour siéger dans une instance de dialogue social' | K20: A_COA_TYCOAB [Saisi] = 'CA004' | L20: T2505 | M20: Autorisation d'absence pour siéger dans une instance de dialogue social | N20: Création Modification | Q20: Militaire | R20: P0002 | S20: Général | T20: Exclu | U20: 45659
A21: 26.00.00 | B21: M | C21: 46113.419 | D21: D0007 | E21: Congés/Absence | F21: S0196 | G21: Autorisations d'absence syndicales | H21: E1054 | I21: Autorisation d'absence pour siéger dans une instance de dialogue social | J21: Type de congé/absence saisi égal 'Autorisation d'absence pour siéger dans une instance de dialogue social' | K21: A_COA_TYCOAB [Saisi] = 'CA004' | L21: T2505 | M21: Autorisation d'absence pour siéger dans une instance de dialogue social | N21: Création Modification | Q21: Contractuel | R21: P0003 | S21: Général | T21: Passant | U21: 45659
A22: 26.00.00 | B22: M | C22: 46113.419 | D22: D0007 | E22: Congés/Absence | F22: S0196 | G22: Autorisations d'absence syndicales | H22: E1054 | I22: Autorisation d'absence pour siéger dans une instance de dialogue social | J22: Type de congé/absence saisi égal 'Autorisation d'absence pour siéger dans une instance de dialogue social' | K22: A_COA_TYCOAB [Saisi] = 'CA004' | L22: T2505 | M22: Autorisation d'absence pour siéger dans une instance de dialogue social | N22: Création Modification | Q22: Stagiaire ou auditeur ou élève | R22: P0004 | S22: Général | T22: Passant | U22: 45659
A23: 25.10.00 | B23: A | C23: 46006.701 | D23: D0007 | E23: Congés/Absence | F23: S0196 | G23: Autorisations d'absence syndicales | H23: E1054 | I23: Autorisation d'absence pour siéger dans une instance de dialogue social | J23: Type de congé/absence saisi égal 'Autorisation d'absence pour siéger dans une instance de dialogue social' | K23: A_COA_TYCOAB [Saisi] = 'CA004' | L23: T2505 | M23: Autorisation d'absence pour siéger dans une instance de dialogue social | N23: Création Modification | Q23: Ouvrier d'état | R23: P0005 | S23: Général | T23: Exclu | U23: 45659
