Workbook
Name date_DIADC: 'Mode opératoire'!#REF!
Name notice_DIADC: 'Mode opératoire'!#REF!
Name notice_ENCHN: 'Mode opératoire'!$B$1:$B$4
Name notice_ICA: 'Mode opératoire'!#REF!

Sheet Mode opératoire
B1: MODE OPERATOIRE
B2: La transaction s'effectue au niveau du dossier PSC.

Sheet Axe 1 Enchainement des RG
A1: Version | B1: Type de mise à jour | C1: Date de mise à jour | D1: Identifiant Domaine | E1: Libellé du Domaine | F1: Identifiant Sous-domaine | G1: Libellé du Sous-domaine | H1: Identifiant Evénement | I1: Libellé de l'évènement | J1: Libellé condition déclenchement Evènement | K1: Condition déclenchement Evènement | L1: Identifiant type d'évènement | M1: Libellé type d'évènement | N1: Type de mise à jour | O1: Libellé condition déclenchement Type Evènement | P1: Condition déclenchement Type Evènement | Q1: Libellé Population | R1: Codification Population | S1: Typologie de population | T1: Général / Particulier | U1: Passant / Exclu | V1: Date de début | W1: Date de fin | X1: Règles mobilisées | Y1: Identifiant Règle de contrôle 1 | Z1: Libellé Règle de contrôle 1 | AA1: Identifiant Règle de contrôle 2 | AB1: Libellé Règle de contrôle 2 | AC1: Identifiant Règle de contrôle 3 | AD1: Libellé Règle de contrôle 3 | AE1: Identifiant Règle de contrôle 4 | AF1: Libellé Règle de contrôle 4 | AG1: Identifiant Règle de contrôle 5 | AH1: Libellé Règle de contrôle 5 | AI1: Identifiant Règle de contrôle 6 | AJ1: Libellé Règle de contrôle 6 | AK1: FIME | AL1: Statut de travail
A2: 24.10.00 | B2: A | C2: 45623.63 | D2: D0018 | E2: Protection sociale complémentaire | F2: S0184 | G2: Protection sociale complémentaire | H2: E0974 | I2: Affiliation à la protection sociale complémentaire | J2: La date de début de l'affiliation saisie est différente de vide et la date de fin de l'affiliation saisie est vide | K2: BL70_DAT_DEB [Saisi] <> VIDE ET BL70_DAT_FIN [Saisi] = VIDE | L2: T2363 | M2: Affiliation à la protection sociale complémentaire | N2: Création Modification | Q2: Titulaire ou magistrat | R2: P0001 | S2: T | T2: Général | U2: Passant | V2: 45658 | X2: PSC_C_002 ET PSC_C_004 | Y2: PSC_C_002 | Z2: =VLOOKUP(Y2,'Axe 2 Règles de gestion'!$D$2:$F$7,3, FALSE) -> Le statut de l'agent lui permet d'être éligible à l'affiliation (contrôle effectué à la date de début de l'affiliation). | AA2: PSC_C_004 | AB2: =VLOOKUP(AA2,'Axe 2 Règles de gestion'!$D$2:$F$7,3, FALSE) -> La position de l'agent ne doit pas entrainer la suspension de l'affiliation (contrôle effectué à la date de début de l'affiliation).
A3: 24.10.00 | B3: A | C3: 45623.633 | D3: D0018 | E3: Protection sociale complémentaire | F3: S0184 | G3: Protection sociale complémentaire | H3: E0974 | I3: Affiliation à la protection sociale complémentaire | J3: La date de début de l'affiliation saisie est différente de vide et la date de fin de l'affiliation saisie est vide | K3: BL70_DAT_DEB [Saisi] <> VIDE ET BL70_DAT_FIN [Saisi] = VIDE | L3: T2363 | M3: Affiliation à la protection sociale complémentaire | N3: Création Modification | Q3: Militaire | R3: P0002 | S3: M | T3: Général | U3: Passant | V3: 45658 | X3: PSC_C_002 ET PSC_C_004 | Y3: PSC_C_002 | Z3: =VLOOKUP(Y3,'Axe 2 Règles de gestion'!$D$2:$F$7,3, FALSE) -> Le statut de l'agent lui permet d'être éligible à l'affiliation (contrôle effectué à la date de début de l'affiliation). | AA3: PSC_C_004 | AB3: =VLOOKUP(AA3,'Axe 2 Règles de gestion'!$D$2:$F$7,3, FALSE) -> La position de l'agent ne doit pas entrainer la suspension de l'affiliation (contrôle effectué à la date de début de l'affiliation).
A4: 24.10.00 | B4: A | C4: 45623.632 | D4: D0018 | E4: Protection sociale complémentaire | F4: S0184 | G4: Protection sociale complémentaire | H4: E0974 | I4: Affiliation à la protection sociale complémentaire | J4: La date de début de l'affiliation saisie est différente de vide et la date de fin de l'affiliation saisie est vide | K4: BL70_DAT_DEB [Saisi] <> VIDE ET BL70_DAT_FIN [Saisi] = VIDE | L4: T2363 | M4: Affiliation à la protection sociale complémentaire | N4: Création Modification | Q4: Contractuel | R4: P0003 | S4: N | T4: Général | U4: Passant | V4: 45658 | X4: PSC_C_002 ET PSC_C_004 | Y4: PSC_C_002 | Z4: =VLOOKUP(Y4,'Axe 2 Règles de gestion'!$D$2:$F$7,3, FALSE) -> Le statut de l'agent lui permet d'être éligible à l'affiliation (contrôle effectué à la date de début de l'affiliation). | AA4: PSC_C_004 | AB4: =VLOOKUP(AA4,'Axe 2 Règles de gestion'!$D$2:$F$7,3, FALSE) -> La position de l'agent ne doit pas entrainer la suspension de l'affiliation (contrôle effectué à la date de début de l'affiliation).
A5: 24.10.00 | B5: A | C5: 45623.631 | D5: D0018 | E5: Protection sociale complémentaire | F5: S0184 | G5: Protection sociale complémentaire | H5: E0974 | I5: Affiliation à la protection sociale complémentaire | J5: La date de début de l'affiliation saisie est différente de vide et la date de fin de l'affiliation saisie est vide | K5: BL70_DAT_DEB [Saisi] <> VIDE ET BL70_DAT_FIN [Saisi] = VIDE | L5: T2363 | M5: Affiliation à la protection sociale complémentaire | N5: Création Modification | Q5: Stagiaire ou auditeur ou élève | R5: P0004 | S5: S | T5: Général | U5: Passant | V5: 45658 | X5: PSC_C_002 ET PSC_C_004 | Y5: PSC_C_002 | Z5: =VLOOKUP(Y5,'Axe 2 Règles de gestion'!$D$2:$F$7,3, FALSE) -> Le statut de l'agent lui permet d'être éligible à l'affiliation (contrôle effectué à la date de début de l'affiliation). | AA5: PSC_C_004 | AB5: =VLOOKUP(AA5,'Axe 2 Règles de gestion'!$D$2:$F$7,3, FALSE) -> La position de l'agent ne doit pas entrainer la suspension de l'affiliation (contrôle effectué à la date de début de l'affiliation).
A6: 24.10.00 | B6: A | C6: 45623.633 | D6: D0018 | E6: Protection sociale complémentaire | F6: S0184 | G6: Protection sociale complémentaire | H6: E0974 | I6: Affiliation à la protection sociale complémentaire | J6: La date de début de l'affiliation saisie est différente de vide et la date de fin de l'affiliation saisie est vide | K6: BL70_DAT_DEB [Saisi] <> VIDE ET BL70_DAT_FIN [Saisi] = VIDE | L6: T2363 | M6: Affiliation à la protection sociale complémentaire | N6: Création Modification | Q6: Ouvrier d'état | R6: P0005 | S6: O | T6: Général | U6: Passant | V6: 45658 | X6: PSC_C_002 ET PSC_C_004 | Y6: PSC_C_002 | Z6: =VLOOKUP(Y6,'Axe 2 Règles de gestion'!$D$2:$F$7,3, FALSE) -> Le statut de l'agent lui permet d'être éligible à l'affiliation (contrôle effectué à la date de début de l'affiliation). | AA6: PSC_C_004 | AB6: =VLOOKUP(AA6,'Axe 2 Règles de gestion'!$D$2:$F$7,3, FALSE) -> La position de l'agent ne doit pas entrainer la suspension de l'affiliation (contrôle effectué à la date de début de l'affiliation).
A7: 24.10.00 | B7: A | C7: 45623.633 | D7: D0018 | E7: Protection sociale complémentaire | F7: S0184 | G7: Protection sociale complémentaire | H7: E0975 | I7: Désaffiliation à la protection sociale complémentaire | J7: La date de fin de l'affiliation saisie est différente de vide | K7: BL70_DAT_FIN [Saisi] <> VIDE | L7: T2364 | M7: Désaffiliation à la protection sociale complémentaire | N7: Création Modification | Q7: Titulaire ou magistrat | R7: P0001 | S7: T | T7: Général | U7: Passant | V7: 45658 | X7: PSC_C_001 ET PSC_C_002 ET PSC_C_004 ET PSC_C_005 ET PSC_C_006 ET PSC_C_007 | Y7: PSC_C_001 | Z7: =VLOOKUP(Y7,'Axe 2 Règles de gestion'!$D$2:$F$7,3, FALSE) -> La date de fin de l'affiliation doit être supérieure ou égale à la date de début de l'affiliation. | AA7: PSC_C_002 | AB7: =VLOOKUP(AA7,'Axe 2 Règles de gestion'!$D$2:$F$7,3, FALSE) -> Le statut de l'agent lui permet d'être éligible à l'affiliation (contrôle effectué à la date de début de l'affiliation). | AC7: PSC_C_004 | AD7: =VLOOKUP(AC7,'Axe 2 Règles de gestion'!$D$2:$F$7,3, FALSE) -> La position de l'agent ne doit pas entrainer la suspension de l'affiliation (contrôle effectué à la date de début de l'affiliation). | AE7: PSC_C_005 | AF7: =VLOOKUP(AE7,'Axe 2 Règles de gestion'!$D$2:$F$7,3, FALSE) -> Si le statut de l'agent n'est plus éligible à la PSC, alors la date de fin d'affiliation doit être égale à la date de début de ce statut - 1 JOUR. | AG7: PSC_C_006 | AH7: =VLOOKUP(AG7,'Axe 2 Règles de gestion'!$D$2:$F$7,3, FALSE) -> Si la position de l'agent suspend l'affiliation à la PSC, alors la date de fin d'affiliation doit être égale à la date de début de cette position - 1 JOUR. | AI7: PSC_C_007 | AJ7: =VLOOKUP(AI7,'Axe 2 Règles de gestion'!$D$2:$F$7,3, FALSE) -> Si une date de début de dispense a été saisie alors la date de fin d'affiliation doit être égale à la date de début de cette dispense - 1 JOUR.
A8: 24.10.00 | B8: A | C8: 45623.635 | D8: D0018 | E8: Protection sociale complémentaire | F8: S0184 | G8: Protection sociale complémentaire | H8: E0975 | I8: Désaffiliation à la protection sociale complémentaire | J8: La date de fin de l'affiliation saisie est différente de vide | K8: BL70_DAT_FIN [Saisi] <> VIDE | L8: T2364 | M8: Désaffiliation à la protection sociale complémentaire | N8: Création Modification | Q8: Militaire | R8: P0002 | S8: M | T8: Général | U8: Passant | V8: 45658 | X8: PSC_C_001 ET PSC_C_002 ET PSC_C_004 ET PSC_C_005 ET PSC_C_006 ET PSC_C_007 | Y8: PSC_C_001 | Z8: =VLOOKUP(Y8,'Axe 2 Règles de gestion'!$D$2:$F$7,3, FALSE) -> La date de fin de l'affiliation doit être supérieure ou égale à la date de début de l'affiliation. | AA8: PSC_C_002 | AB8: =VLOOKUP(AA8,'Axe 2 Règles de gestion'!$D$2:$F$7,3, FALSE) -> Le statut de l'agent lui permet d'être éligible à l'affiliation (contrôle effectué à la date de début de l'affiliation). | AC8: PSC_C_004 | AD8: =VLOOKUP(AC8,'Axe 2 Règles de gestion'!$D$2:$F$7,3, FALSE) -> La position de l'agent ne doit pas entrainer la suspension de l'affiliation (contrôle effectué à la date de début de l'affiliation). | AE8: PSC_C_005 | AF8: =VLOOKUP(AE8,'Axe 2 Règles de gestion'!$D$2:$F$7,3, FALSE) -> Si le statut de l'agent n'est plus éligible à la PSC, alors la date de fin d'affiliation doit être égale à la date de début de ce statut - 1 JOUR. | AG8: PSC_C_006 | AH8: =VLOOKUP(AG8,'Axe 2 Règles de gestion'!$D$2:$F$7,3, FALSE) -> Si la position de l'agent suspend l'affiliation à la PSC, alors la date de fin d'affiliation doit être égale à la date de début de cette position - 1 JOUR. | AI8: PSC_C_007 | AJ8: =VLOOKUP(AI8,'Axe 2 Règles de gestion'!$D$2:$F$7,3, FALSE) -> Si une date de début de dispense a été saisie alors la date de fin d'affiliation doit être égale à la date de début de cette dispense - 1 JOUR.
A9: 24.10.00 | B9: A | C9: 45623.634 | D9: D0018 | E9: Protection sociale complémentaire | F9: S0184 | G9: Protection sociale complémentaire | H9: E0975 | I9: Désaffiliation à la protection sociale complémentaire | J9: La date de fin de l'affiliation saisie est différente de vide | K9: BL70_DAT_FIN [Saisi] <> VIDE | L9: T2364 | M9: Désaffiliation à la protection sociale complémentaire | N9: Création Modification | Q9: Contractuel | R9: P0003 | S9: N | T9: Général | U9: Passant | V9: 45658 | X9: PSC_C_001 ET PSC_C_002 ET PSC_C_004 ET PSC_C_005 ET PSC_C_006 ET PSC_C_007 | Y9: PSC_C_001 | Z9: =VLOOKUP(Y9,'Axe 2 Règles de gestion'!$D$2:$F$7,3, FALSE) -> La date de fin de l'affiliation doit être supérieure ou égale à la date de début de l'affiliation. | AA9: PSC_C_002 | AB9: =VLOOKUP(AA9,'Axe 2 Règles de gestion'!$D$2:$F$7,3, FALSE) -> Le statut de l'agent lui permet d'être éligible à l'affiliation (contrôle effectué à la date de début de l'affiliation). | AC9: PSC_C_004 | AD9: =VLOOKUP(AC9,'Axe 2 Règles de gestion'!$D$2:$F$7,3, FALSE) -> La position de l'agent ne doit pas entrainer la suspension de l'affiliation (contrôle effectué à la date de début de l'affiliation). | AE9: PSC_C_005 | AF9: =VLOOKUP(AE9,'Axe 2 Règles de gestion'!$D$2:$F$7,3, FALSE) -> Si le statut de l'agent n'est plus éligible à la PSC, alors la date de fin d'affiliation doit être égale à la date de début de ce statut - 1 JOUR. | AG9: PSC_C_006 | AH9: =VLOOKUP(AG9,'Axe 2 Règles de gestion'!$D$2:$F$7,3, FALSE) -> Si la position de l'agent suspend l'affiliation à la PSC, alors la date de fin d'affiliation doit être égale à la date de début de cette position - 1 JOUR. | AI9: PSC_C_007 | AJ9: =VLOOKUP(AI9,'Axe 2 Règles de gestion'!$D$2:$F$7,3, FALSE) -> Si une date de début de dispense a été saisie alors la date de fin d'affiliation doit être égale à la date de début de cette dispense - 1 JOUR.
A10: 24.10.00 | B10: A | C10: 45623.634 | D10: D0018 | E10: Protection sociale complémentaire | F10: S0184 | G10: Protection sociale complémentaire | H10: E0975 | I10: Désaffiliation à la protection sociale complémentaire | J10: La date de fin de l'affiliation saisie est différente de vide | K10: BL70_DAT_FIN [Saisi] <> VIDE | L10: T2364 | M10: Désaffiliation à la protection sociale complémentaire | N10: Création Modification | Q10: Stagiaire ou auditeur ou élève | R10: P0004 | S10: S | T10: Général | U10: Passant | V10: 45658 | X10: PSC_C_001 ET PSC_C_002 ET PSC_C_004 ET PSC_C_005 ET PSC_C_006 ET PSC_C_007 | Y10: PSC_C_001 | Z10: =VLOOKUP(Y10,'Axe 2 Règles de gestion'!$D$2:$F$7,3, FALSE) -> La date de fin de l'affiliation doit être supérieure ou égale à la date de début de l'affiliation. | AA10: PSC_C_002 | AB10: =VLOOKUP(AA10,'Axe 2 Règles de gestion'!$D$2:$F$7,3, FALSE) -> Le statut de l'agent lui permet d'être éligible à l'affiliation (contrôle effectué à la date de début de l'affiliation). | AC10: PSC_C_004 | AD10: =VLOOKUP(AC10,'Axe 2 Règles de gestion'!$D$2:$F$7,3, FALSE) -> La position de l'agent ne doit pas entrainer la suspension de l'affiliation (contrôle effectué à la date de début de l'affiliation). | AE10: PSC_C_005 | AF10: =VLOOKUP(AE10,'Axe 2 Règles de gestion'!$D$2:$F$7,3, FALSE) -> Si le statut de l'agent n'est plus éligible à la PSC, alors la date de fin d'affiliation doit être égale à la date de début de ce statut - 1 JOUR. | AG10: PSC_C_006 | AH10: =VLOOKUP(AG10,'Axe 2 Règles de gestion'!$D$2:$F$7,3, FALSE) -> Si la position de l'agent suspend l'affiliation à la PSC, alors la date de fin d'affiliation doit être égale à la date de début de cette position - 1 JOUR. | AI10: PSC_C_007 | AJ10: =VLOOKUP(AI10,'Axe 2 Règles de gestion'!$D$2:$F$7,3, FALSE) -> Si une date de début de dispense a été saisie alors la date de fin d'affiliation doit être égale à la date de début de cette dispense - 1 JOUR.
A11: 24.10.00 | B11: A | C11: 45623.634 | D11: D0018 | E11: Protection sociale complémentaire | F11: S0184 | G11: Protection sociale complémentaire | H11: E0975 | I11: Désaffiliation à la protection sociale complémentaire | J11: La date de fin de l'affiliation saisie est différente de vide | K11: BL70_DAT_FIN [Saisi] <> VIDE | L11: T2364 | M11: Désaffiliation à la protection sociale complémentaire | N11: Création Modification | Q11: Ouvrier d'état | R11: P0005 | S11: O | T11: Général | U11: Passant | V11: 45658 | X11: PSC_C_001 ET PSC_C_002 ET PSC_C_004 ET PSC_C_005 ET PSC_C_006 ET PSC_C_007 | Y11: PSC_C_001 | Z11: =VLOOKUP(Y11,'Axe 2 Règles de gestion'!$D$2:$F$7,3, FALSE) -> La date de fin de l'affiliation doit être supérieure ou égale à la date de début de l'affiliation. | AA11: PSC_C_002 | AB11: =VLOOKUP(AA11,'Axe 2 Règles de gestion'!$D$2:$F$7,3, FALSE) -> Le statut de l'agent lui permet d'être éligible à l'affiliation (contrôle effectué à la date de début de l'affiliation). | AC11: PSC_C_004 | AD11: =VLOOKUP(AC11,'Axe 2 Règles de gestion'!$D$2:$F$7,3, FALSE) -> La position de l'agent ne doit pas entrainer la suspension de l'affiliation (contrôle effectué à la date de début de l'affiliation). | AE11: PSC_C_005 | AF11: =VLOOKUP(AE11,'Axe 2 Règles de gestion'!$D$2:$F$7,3, FALSE) -> Si le statut de l'agent n'est plus éligible à la PSC, alors la date de fin d'affiliation doit être égale à la date de début de ce statut - 1 JOUR. | AG11: PSC_C_006 | AH11: =VLOOKUP(AG11,'Axe 2 Règles de gestion'!$D$2:$F$7,3, FALSE) -> Si la position de l'agent suspend l'affiliation à la PSC, alors la date de fin d'affiliation doit être égale à la date de début de cette position - 1 JOUR. | AI11: PSC_C_007 | AJ11: =VLOOKUP(AI11,'Axe 2 Règles de gestion'!$D$2:$F$7,3, FALSE) -> Si une date de début de dispense a été saisie alors la date de fin d'affiliation doit être égale à la date de début de cette dispense - 1 JOUR.

Sheet Axe 1 Enchaînement RG Impact
A1: Version | B1: Type de mise à jour | C1: Date de mise à jour | D1: Identifiant Domaine | E1: Libellé du Domaine | F1: Identifiant Sous-domaine | G1: Libellé du Sous-domaine | H1: Identifiant Evénement | I1: Libellé de l'évènement | J1: Libellé condition déclenchement Evènement | K1: Condition déclenchement Evènement | L1: Identifiant type d'évènement | M1: Libellé type d'évènement | N1: Type de mise à jour | O1: Libellé condition déclenchement Type Evènement | P1: Condition déclenchement Type Evènement | Q1: Libellé Population | R1: Codification Population | S1: Typologie de population | T1: Général / Particulier | U1: Passant / Exclu | V1: Date de début | W1: Date de fin | X1: Impacts | Y1: FIME | Z1: Statut de travail
A2: 24.10.00 | B2: A | C2: 45623.63 | D2: D0018 | E2: Protection sociale complémentaire | F2: S0184 | G2: Protection sociale complémentaire | H2: E0974 | I2: Affiliation à la protection sociale complémentaire | J2: La date de début de l'affiliation saisie est différente de vide et la date de fin de l'affiliation saisie est vide | K2: BL70_DAT_DEB [Saisi] <> VIDE ET BL70_DAT_FIN [Saisi] = VIDE | L2: T2363 | M2: Affiliation à la protection sociale complémentaire | N2: Création Modification | Q2: Titulaire ou magistrat | R2: P0001 | S2: T | T2: Général | U2: Passant | V2: 45658
A3: 24.10.00 | B3: A | C3: 45623.633 | D3: D0018 | E3: Protection sociale complémentaire | F3: S0184 | G3: Protection sociale complémentaire | H3: E0974 | I3: Affiliation à la protection sociale complémentaire | J3: La date de début de l'affiliation saisie est différente de vide et la date de fin de l'affiliation saisie est vide | K3: BL70_DAT_DEB [Saisi] <> VIDE ET BL70_DAT_FIN [Saisi] = VIDE | L3: T2363 | M3: Affiliation à la protection sociale complémentaire | N3: Création Modification | Q3: Militaire | R3: P0002 | S3: M | T3: Général | U3: Passant | V3: 45658
A4: 24.10.00 | B4: A | C4: 45623.632 | D4: D0018 | E4: Protection sociale complémentaire | F4: S0184 | G4: Protection sociale complémentaire | H4: E0974 | I4: Affiliation à la protection sociale complémentaire | J4: La date de début de l'affiliation saisie est différente de vide et la date de fin de l'affiliation saisie est vide | K4: BL70_DAT_DEB [Saisi] <> VIDE ET BL70_DAT_FIN [Saisi] = VIDE | L4: T2363 | M4: Affiliation à la protection sociale complémentaire | N4: Création Modification | Q4: Contractuel | R4: P0003 | S4: N | T4: Général | U4: Passant | V4: 45658
A5: 24.10.00 | B5: A | C5: 45623.631 | D5: D0018 | E5: Protection sociale complémentaire | F5: S0184 | G5: Protection sociale complémentaire | H5: E0974 | I5: Affiliation à la protection sociale complémentaire | J5: La date de début de l'affiliation saisie est différente de vide et la date de fin de l'affiliation saisie est vide | K5: BL70_DAT_DEB [Saisi] <> VIDE ET BL70_DAT_FIN [Saisi] = VIDE | L5: T2363 | M5: Affiliation à la protection sociale complémentaire | N5: Création Modification | Q5: Stagiaire ou auditeur ou élève | R5: P0004 | S5: S | T5: Général | U5: Passant | V5: 45658
A6: 24.10.00 | B6: A | C6: 45623.633 | D6: D0018 | E6: Protection sociale complémentaire | F6: S0184 | G6: Protection sociale complémentaire | H6: E0974 | I6: Affiliation à la protection sociale complémentaire | J6: La date de début de l'affiliation saisie est différente de vide et la date de fin de l'affiliation saisie est vide | K6: BL70_DAT_DEB [Saisi] <> VIDE ET BL70_DAT_FIN [Saisi] = VIDE | L6: T2363 | M6: Affiliation à la protection sociale complémentaire | N6: Création Modification | Q6: Ouvrier d'état | R6: P0005 | S6: O | T6: Général | U6: Passant | V6: 45658
A7: 24.10.00 | B7: A | C7: 45623.633 | D7: D0018 | E7: Protection sociale complémentaire | F7: S0184 | G7: Protection sociale complémentaire | H7: E0975 | I7: Désaffiliation à la protection sociale complémentaire | J7: La date de fin de l'affiliation saisie est différente de vide | K7: BL70_DAT_FIN [Saisi] <> VIDE | L7: T2364 | M7: Désaffiliation à la protection sociale complémentaire | N7: Création Modification | Q7: Titulaire ou magistrat | R7: P0001 | S7: T | T7: Général | U7: Passant | V7: 45658
A8: 24.10.00 | B8: A | C8: 45623.635 | D8: D0018 | E8: Protection sociale complémentaire | F8: S0184 | G8: Protection sociale complémentaire | H8: E0975 | I8: Désaffiliation à la protection sociale complémentaire | J8: La date de fin de l'affiliation saisie est différente de vide | K8: BL70_DAT_FIN [Saisi] <> VIDE | L8: T2364 | M8: Désaffiliation à la protection sociale complémentaire | N8: Création Modification | Q8: Militaire | R8: P0002 | S8: M | T8: Général | U8: Passant | V8: 45658
A9: 24.10.00 | B9: A | C9: 45623.634 | D9: D0018 | E9: Protection sociale complémentaire | F9: S0184 | G9: Protection sociale complémentaire | H9: E0975 | I9: Désaffiliation à la protection sociale complémentaire | J9: La date de fin de l'affiliation saisie est différente de vide | K9: BL70_DAT_FIN [Saisi] <> VIDE | L9: T2364 | M9: Désaffiliation à la protection sociale complémentaire | N9: Création Modification | Q9: Contractuel | R9: P0003 | S9: N | T9: Général | U9: Passant | V9: 45658
A10: 24.10.00 | B10: A | C10: 45623.634 | D10: D0018 | E10: Protection sociale complémentaire | F10: S0184 | G10: Protection sociale complémentaire | H10: E0975 | I10: Désaffiliation à la protection sociale complémentaire | J10: La date de fin de l'affiliation saisie est différente de vide | K10: BL70_DAT_FIN [Saisi] <> VIDE | L10: T2364 | M10: Désaffiliation à la protection sociale complémentaire | N10: Création Modification | Q10: Stagiaire ou auditeur ou élève | R10: P0004 | S10: S | T10: Général | U10: Passant | V10: 45658
A11: 24.10.00 | B11: A | C11: 45623.634 | D11: D0018 | E11: Protection sociale complémentaire | F11: S0184 | G11: Protection sociale complémentaire | H11: E0975 | I11: Désaffiliation à la protection sociale complémentaire | J11: La date de fin de l'affiliation saisie est différente de vide | K11: BL70_DAT_FIN [Saisi] <> VIDE | L11: T2364 | M11: Désaffiliation à la protection sociale complémentaire | N11: Création Modification | Q11: Ouvrier d'état | R11: P0005 | S11: O | T11: Général | U11: Passant | V11: 45658

Sheet Axe 1 Rattachement des actes
A1: Version | B1: Type de mise à jour | C1: Date de mise à jour | D1: Identifiant Domaine | E1: Libellé du Domaine | F1: Identifiant Sous-domaine | G1: Libellé du Sous-domaine | H1: Identifiant Evénement | I1: Libellé de l'évènement | J1: Libellé condition déclenchement Evènement | K1: Condition déclenchement Evènement | L1: Identifiant type d'évènement | M1: Libellé type d'évènement | N1: Type de mise à jour | O1: Libellé condition déclenchement Type Evènement | P1: Condition déclenchement Type Evènement | Q1: Libellé Population | R1: Codification Population | S1: Général / Particulier | T1: Passant / Exclu | U1: Date de début | V1: Date de fin | W1: Libellé condition de déclenchement 1 | X1: Condition de déclenchement 1 | Y1: Code nature 1 | Z1: Libellé nature 1 | AA1: Libellé condition de déclenchement 2 | AB1: Condition de déclenchement 2 | AC1: Code nature 2 | AD1: Libellé nature 2 | AE1: Libellé condition de déclenchement 3 | AF1: Condition de déclenchement 3 | AG1: Code nature 3 | AH1: Libellé nature 3 | AI1: Libellé condition de déclenchement 4 | AJ1: Condition de déclenchement 4 | AK1: Code nature 4 | AL1: Libellé nature 4 | AM1: Commentaire | AN1: FIME | AO1: Statut de travail
A2: 24.10.00 | B2: A | C2: 45623.63 | D2: D0018 | E2: Protection sociale complémentaire | F2: S0184 | G2: Protection sociale complémentaire | H2: E0974 | I2: Affiliation à la protection sociale complémentaire | J2: La date de début de l'affiliation saisie est différente de vide et la date de fin de l'affiliation saisie est vide | K2: BL70_DAT_DEB [Saisi] <> VIDE ET BL70_DAT_FIN [Saisi] = VIDE | L2: T2363 | M2: Affiliation à la protection sociale complémentaire | N2: Création Modification | Q2: Titulaire ou magistrat | R2: P0001 | S2: Général | T2: Passant | U2: 45658
A3: 24.10.00 | B3: A | C3: 45623.633 | D3: D0018 | E3: Protection sociale complémentaire | F3: S0184 | G3: Protection sociale complémentaire | H3: E0974 | I3: Affiliation à la protection sociale complémentaire | J3: La date de début de l'affiliation saisie est différente de vide et la date de fin de l'affiliation saisie est vide | K3: BL70_DAT_DEB [Saisi] <> VIDE ET BL70_DAT_FIN [Saisi] = VIDE | L3: T2363 | M3: Affiliation à la protection sociale complémentaire | N3: Création Modification | Q3: Militaire | R3: P0002 | S3: Général | T3: Passant | U3: 45658
A4: 24.10.00 | B4: A | C4: 45623.632 | D4: D0018 | E4: Protection sociale complémentaire | F4: S0184 | G4: Protection sociale complémentaire | H4: E0974 | I4: Affiliation à la protection sociale complémentaire | J4: La date de début de l'affiliation saisie est différente de vide et la date de fin de l'affiliation saisie est vide | K4: BL70_DAT_DEB [Saisi] <> VIDE ET BL70_DAT_FIN [Saisi] = VIDE | L4: T2363 | M4: Affiliation à la protection sociale complémentaire | N4: Création Modification | Q4: Contractuel | R4: P0003 | S4: Général | T4: Passant | U4: 45658
A5: 24.10.00 | B5: A | C5: 45623.631 | D5: D0018 | E5: Protection sociale complémentaire | F5: S0184 | G5: Protection sociale complémentaire | H5: E0974 | I5: Affiliation à la protection sociale complémentaire | J5: La date de début de l'affiliation saisie est différente de vide et la date de fin de l'affiliation saisie est vide | K5: BL70_DAT_DEB [Saisi] <> VIDE ET BL70_DAT_FIN [Saisi] = VIDE | L5: T2363 | M5: Affiliation à la protection sociale complémentaire | N5: Création Modification | Q5: Stagiaire ou auditeur ou élève | R5: P0004 | S5: Général | T5: Passant | U5: 45658
A6: 24.10.00 | B6: A | C6: 45623.633 | D6: D0018 | E6: Protection sociale complémentaire | F6: S0184 | G6: Protection sociale complémentaire | H6: E0974 | I6: Affiliation à la protection sociale complémentaire | J6: La date de début de l'affiliation saisie est différente de vide et la date de fin de l'affiliation saisie est vide | K6: BL70_DAT_DEB [Saisi] <> VIDE ET BL70_DAT_FIN [Saisi] = VIDE | L6: T2363 | M6: Affiliation à la protection sociale complémentaire | N6: Création Modification | Q6: Ouvrier d'état | R6: P0005 | S6: Général | T6: Passant | U6: 45658
A7: 24.10.00 | B7: A | C7: 45623.633 | D7: D0018 | E7: Protection sociale complémentaire | F7: S0184 | G7: Protection sociale complémentaire | H7: E0975 | I7: Désaffiliation à la protection sociale complémentaire | J7: La date de fin de l'affiliation saisie est différente de vide | K7: BL70_DAT_FIN [Saisi] <> VIDE | L7: T2364 | M7: Désaffiliation à la protection sociale complémentaire | N7: Création Modification | Q7: Titulaire ou magistrat | R7: P0001 | S7: Général | T7: Passant | U7: 45658
A8: 24.10.00 | B8: A | C8: 45623.635 | D8: D0018 | E8: Protection sociale complémentaire | F8: S0184 | G8: Protection sociale complémentaire | H8: E0975 | I8: Désaffiliation à la protection sociale complémentaire | J8: La date de fin de l'affiliation saisie est différente de vide | K8: BL70_DAT_FIN [Saisi] <> VIDE | L8: T2364 | M8: Désaffiliation à la protection sociale complémentaire | N8: Création Modification | Q8: Militaire | R8: P0002 | S8: Général | T8: Passant | U8: 45658
A9: 24.10.00 | B9: A | C9: 45623.634 | D9: D0018 | E9: Protection sociale complémentaire | F9: S0184 | G9: Protection sociale complémentaire | H9: E0975 | I9: Désaffiliation à la protection sociale complémentaire | J9: La date de fin de l'affiliation saisie est différente de vide | K9: BL70_DAT_FIN [Saisi] <> VIDE | L9: T2364 | M9: Désaffiliation à la protection sociale complémentaire | N9: Création Modification | Q9: Contractuel | R9: P0003 | S9: Général | T9: Passant | U9: 45658
A10: 24.10.00 | B10: A | C10: 45623.634 | D10: D0018 | E10: Protection sociale complémentaire | F10: S0184 | G10: Protection sociale complémentaire | H10: E0975 | I10: Désaffiliation à la protection sociale complémentaire | J10: La date de fin de l'affiliation saisie est différente de vide | K10: BL70_DAT_FIN [Saisi] <> VIDE | L10: T2364 | M10: Désaffiliation à la protection sociale complémentaire | N10: Création Modification | Q10: Stagiaire ou auditeur ou élève | R10: P0004 | S10: Général | T10: Passant | U10: 45658
A11: 24.10.00 | B11: A | C11: 45623.634 | D11: D0018 | E11: Protection sociale complémentaire | F11: S0184 | G11: Protection sociale complémentaire | H11: E0975 | I11: Désaffiliation à la protection sociale complémentaire | J11: La date de fin de l'affiliation saisie est différente de vide | K11: BL70_DAT_FIN [Saisi] <> VIDE | L11: T2364 | M11: Désaffiliation à la protection sociale complémentaire | N11: Création Modification | Q11: Ouvrier d'état | R11: P0005 | S11: Général | T11: Passant | U11: 45658

Sheet Axe 2 Règles de gestion
A1: Version | B1: Type de mise à jour | C1: Date de mise à jour | D1: Code de la règle | E1: Type de règle | F1: Règle littérale | G1: Références juridiques | H1: Date de début | I1: Date de fin | J1: Condition | K1: Articulation | L1: Type de contrôle | M1: Commentaire | N1: Typage RG exclusion | O1: Typage RG condition | P1: Typage RG contrôle | Q1: Typage RG intellectuel | R1: Typage RG impact | S1: FIME | T1: Statut de travail | U1: Règle retenue | V1: Expression littérale
A2: 24.10.00 | B2: A | C2: 45623.613 | D2: PSC_C_001 | E2: Contrôle | F2: La date de fin de l'affiliation doit être supérieure ou égale à la date de début de l'affiliation. | H2: 45658 | K2: BL70_DAT_FIN [Saisi] >= BL70_DAT_DEB [Saisi] | L2: Bloquant | P2: P0001 / P0002 / P0003 / P0004 / P0005 - E0975 - Désaffiliation
A3: 24.10.00 | B3: A | C3: 45623.617 | D3: PSC_C_002 | E3: Contrôle | F3: Le statut de l'agent lui permet d'être éligible à l'affiliation (contrôle effectué à la date de début de l'affiliation). | H3: 45658 | K3: [SELECTIONNER (STATUT_TYPPOP.R_FOR_IELPSC) POUR (STATUT_TYPPOP.R_FOR_IDEN05 = A_CAR_STAAGE [Dossier])] = '1' | L3: Bloquant | P3: P0001 / P0002 / P0003 / P0004 / P0005 - E0974 / E0975
A4: 24.10.00 | B4: A | C4: 45623.617 | D4: PSC_C_004 | E4: Contrôle | F4: La position de l'agent ne doit pas entrainer la suspension de l'affiliation (contrôle effectué à la date de début de l'affiliation). | H4: 45658 | K4: [SELECTIONNER (POSITION_SITUATION.R_FOR_ISUPSC) POUR (POSITION_SITUATION.R_FOR_IDEN05 = A_POS_POSIAD [Dossier])] <> '1' | L4: Bloquant | P4: P0001 / P0002 / P0003 / P0004 / P0005 - E0974 / E0975
A5: 24.10.00 | B5: A | C5: 45623.644 | D5: PSC_C_005 | E5: Contrôle | F5: Si le statut de l'agent n'est plus éligible à la PSC, alors la date de fin d'affiliation doit être égale à la date de début de ce statut - 1 JOUR. | H5: 45658 | J5: SI [SELECTIONNER (STATUT_TYPPOP.R_FOR_IELPSC) POUR (STATUT_TYPPOP.R_FOR_IDEN05 = A_CAR_STAAGE [Dossier suivant])] = '0' | K5: BL70_DAT_FIN [Saisi] = A_CAR_DAENST [Dossier suivant]- 1 JOUR | L5: Bloquant | P5: P0001 / P0002 / P0003 / P0004 / P0005 - E0975
A6: 24.10.00 | B6: A | C6: 45623.644 | D6: PSC_C_006 | E6: Contrôle | F6: Si la position de l'agent suspend l'affiliation à la PSC, alors la date de fin d'affiliation doit être égale à la date de début de cette position - 1 JOUR. | H6: 45658 | J6: SI [SELECTIONNER (POSITION_SITUATION.R_FOR_ISUPSC) POUR (POSITION_SITUATION.R_FOR_IDEN05 = A_POS_POSIAD [Dossier suivant])] = '1' | K6: BL70_DAT_FIN [Saisi] = A_POS_DAFIPS [Dossier suivant] - 1 JOUR | L6: Bloquant | P6: P0001 / P0002 / P0003 / P0004 / P0005 - E0975
A7: 24.10.00 | B7: A | C7: 45623.624 | D7: PSC_C_007 | E7: Contrôle | F7: Si une date de début de dispense a été saisie alors la date de fin d'affiliation doit être égale à la date de début de cette dispense - 1 JOUR. | H7: 45658 | J7: SI D_PSC_DDDISP [Dossier suivant] <> VIDE | K7: BL70_DAT_FIN [Saisi] = SI D_PSC_DDDISP [Dossier suivant] - 1 JOUR | L7: Bloquant | M7: Ce contrôle ne fonctionne que pour les dispenses demandées après une première affiliation. | P7: P0001 / P0002 / P0003 / P0004 / P0005 - E0975
