Workbook
Name date_DIADC: 'Mode opératoire'!#REF!
Name notice_DIADC: 'Mode opératoire'!#REF!
Name notice_ENCHN: 'Mode opératoire'!$B$1:$B$4
Name notice_ICA: 'Mode opératoire'!#REF!

Sheet Mode opératoire
B1: MODE OPERATOIRE
B2: Une fois l'ensemble des mouvements créés pour une remise de paie d'un mois donné, les contrôles s'effectuent successivement sur les mouvements de type 03 présents dans la remise de paie. Les contrôles d'alimentation automatique des zones du mouvement par les données du dossier agent sont portés par la modélisation du dictionnaire de données qui précise le cas échéant quelle donnée du dossier agent alimente la zone du mouvement avec ou sans transformation. Pour les zones concernées, ces contrôles doivent garantir la cohérence entre la donnée du dossier agent et la zone du mouvement. Ils ne sont pas redécrits dans les tableaux structurés de RG PAY. Un type d'événement a été créé par code particulier. Exemple : - T0010 : Ouvrier de l'aviation civile, temps plein - T0011 : Ouvrier de l'aviation civile, temps partiel - T0012 : Contrat d'accompagnement dans l'emploi ...

Sheet Axe 1 Enchainement des RG
A1: Version | B1: Type de mise à jour | C1: Date de mise à jour | D1: Identifiant Domaine | E1: Libellé du Domaine | F1: Identifiant Sous-domaine | G1: Libellé du Sous-domaine | H1: Identifiant Evénement | I1: Libellé de l'évènement | J1: Libellé condition déclenchement Evènement | K1: Condition déclenchement Evènement | L1: Identifiant type d'évènement | M1: Libellé type d'évènement | N1: Type de mise à jour | O1: Libellé condition déclenchement Type Evènement | P1: Condition déclenchement Type Evènement | Q1: Libellé Population | R1: Codification Population | S1: Typologie de population | T1: Général / Particulier | U1: Passant / Exclu | V1: Date de début | W1: Date de fin | X1: Règles mobilisées | Y1: Identifiant Règle de contrôle 1 | Z1: Libellé Règle de contrôle 1 | AA1: Identifiant Règle de contrôle 2 | AB1: Libellé Règle de contrôle 2 | AC1: Identifiant Règle de contrôle 3 | AD1: Libellé Règle de contrôle 3 | AE1: Identifiant Règle de contrôle 4 | AF1: Libellé Règle de contrôle 4 | AG1: Identifiant Règle de contrôle 5 | AH1: Libellé Règle de contrôle 5 | AI1: Identifiant Règle de contrôle 6 | AJ1: Libellé Règle de contrôle 6 | AK1: Identifiant Règle de contrôle 7 | AL1: Libellé Règle de contrôle 7 | AM1: Identifiant Règle de contrôle 8 | AN1: Libellé Règle de contrôle 8 | AO1: Identifiant Règle de contrôle 9 | AP1: Libellé Règle de contrôle 9 | AQ1: Identifiant Règle de contrôle 10 | AR1: Libellé Règle de contrôle 10 | AS1: FIME | AT1: Statut de travail
A2: 25.00.00 | B2: A | C2: 45814.507 | D2: D0016 | E2: Contrôles PAY | F2: S0174 | G2: Mouvement 03 | H2: E1010 | I2: Contrôles d'alimentation du mouvement 03 | J2: La date d'effet d'un mouvement 03 est saisie | K2: BG03_DAT_EFF [BG_Occurrence_courante] <> Vide | L2: T2426 | M2: Ouvrier de l'aviation civile, temps plein | N2: Création Modification | O2: Le code saisi est égal à 'Ouvrier de l'aviation civile, temps plein' | P2: BG03_NJOUR [BG_Occurrence_courante] = 'AC' | Q2: Titulaire ou magistrat | R2: P0001 | S2: T | T2: Général | U2: Exclu | V2: 40725
A3: 25.00.00 | B3: A | C3: 45814.509 | D3: D0016 | E3: Contrôles PAY | F3: S0174 | G3: Mouvement 03 | H3: E1010 | I3: Contrôles d'alimentation du mouvement 03 | J3: La date d'effet d'un mouvement 03 est saisie | K3: BG03_DAT_EFF [BG_Occurrence_courante] <> Vide | L3: T2427 | M3: Ouvrier de l'aviation civile, temps partiel | N3: Création Modification | O3: Le code saisi est égal à 'Ouvrier de l'aviation civile, temps partiel' | P3: BG03_NJOUR [BG_Occurrence_courante] = 'BC' | Q3: Titulaire ou magistrat | R3: P0001 | S3: T | T3: Général | U3: Exclu | V3: 40725
A4: 25.00.00 | B4: A | C4: 45814.517 | D4: D0016 | E4: Contrôles PAY | F4: S0174 | G4: Mouvement 03 | H4: E1010 | I4: Contrôles d'alimentation du mouvement 03 | J4: La date d'effet d'un mouvement 03 est saisie | K4: BG03_DAT_EFF [BG_Occurrence_courante] <> Vide | L4: T2428 | M4: Contrat d'accompagnement dans l'emploi | N4: Création Modification | O4: Le code saisi est égal à 'CAE' | P4: BG03_NJOUR [BG_Occurrence_courante] = 'CA' | Q4: Titulaire ou magistrat | R4: P0001 | S4: T | T4: Général | U4: Exclu | V4: 40725
A5: 25.00.00 | B5: A | C5: 45814.519 | D5: D0016 | E5: Contrôles PAY | F5: S0174 | G5: Mouvement 03 | H5: E1010 | I5: Contrôles d'alimentation du mouvement 03 | J5: La date d'effet d'un mouvement 03 est saisie | K5: BG03_DAT_EFF [BG_Occurrence_courante] <> Vide | L5: T2429 | M5: Ouvrier de l'aviation civile, surcotisant | N5: Création Modification | O5: Le code saisi est égal à 'Ouvrier de l'aviation civile, surcotisant' | P5: BG03_NJOUR [BG_Occurrence_courante] = 'CC' | Q5: Titulaire ou magistrat | R5: P0001 | S5: T | T5: Général | U5: Exclu | V5: 40725
A6: 25.00.00 | B6: A | C6: 45814.546 | D6: D0016 | E6: Contrôles PAY | F6: S0174 | G6: Mouvement 03 | H6: E1010 | I6: Contrôles d'alimentation du mouvement 03 | J6: La date d'effet d'un mouvement 03 est saisie | K6: BG03_DAT_EFF [BG_Occurrence_courante] <> Vide | L6: T2430 | M6: Agent Handicapé, dont l'incapacité est de 80% au moins, surcotisant | N6: Création Modification | O6: Le code saisi est égal à 'Agent Handicapé, dont l'incapacité est de 80% au moins, surcotisant' | P6: BG03_NJOUR [BG_Occurrence_courante] = 'HA' | Q6: Titulaire ou magistrat | R6: P0001 | S6: T | T6: Général | U6: Passant | V6: 40725 | X6: G03_C_001 ET G03_C_002 ET G03_C_003 ET G03_C_005 ET G03_C_010 ET G03_C_011 ET G03_C_013 ET G03_C_016 ET G03_C_017 | Y6: G03_C_001 | Z6: =VLOOKUP(Y6,'Axe 2 Règles de gestion'!$D$2:$F$20,3, FALSE) -> La date d'effet du mouvement 03 ne peut être postérieure au 31 du mois de la paye. | AA6: G03_C_002 | AB6: =VLOOKUP(AA6,'Axe 2 Règles de gestion'!$D$2:$F$20,3, FALSE) -> La date d'effet du mouvement 03 ne peut être antérieure ou égale à la date de prise en charge. | AC6: G03_C_003 | AD6: =VLOOKUP(AC6,'Axe 2 Règles de gestion'!$D$2:$F$20,3, FALSE) -> La date d'effet du mouvement 03 ne peut être antérieure à 3 ans ou plus du 1er jour du mois de paie en cours. Pour un rappel remontant à la quatrième année, il convient d'envoyer un mouvement 42. | AE6: G03_C_005 | AF6: =VLOOKUP(AE6,'Axe 2 Règles de gestion'!$D$2:$F$20,3, FALSE) -> Le nombre de mouvements de type 03 est limité à 20 par mois de paie et par numéro de dossier (NUDOS). | AG6: G03_C_010 | AH6: =VLOOKUP(AG6,'Axe 2 Règles de gestion'!$D$2:$F$20,3, FALSE) -> L'agent surcotise. | AI6: G03_C_011 | AJ6: =VLOOKUP(AI6,'Axe 2 Règles de gestion'!$D$2:$F$20,3, FALSE) -> L'agent est handicapé à 80% ou plus. | AK6: G03_C_013 | AL6: =VLOOKUP(AK6,'Axe 2 Règles de gestion'!$D$2:$F$20,3, FALSE) -> L'agent doit être en temps partiel thérapeutique ou en temps partiel. | AM6: G03_C_016 | AN6: =VLOOKUP(AM6,'Axe 2 Règles de gestion'!$D$2:$F$20,3, FALSE) -> Le numérateur de la fraction de rémunération présent dans le dossier RH de l'agent est égal au numérateur de la fraction de rémunération saisi dans le mouvement 03. | AO6: G03_C_017 | AP6: =VLOOKUP(AO6,'Axe 2 Règles de gestion'!$D$2:$F$20,3, FALSE) -> Le dénominateur de la fraction de rémunération présent dans le dossier RH de l'agent est égal au dénominateur de la fraction de rémunération saisi dans le mouvement 03.
A7: 25.00.00 | B7: A | C7: 45814.548 | D7: D0016 | E7: Contrôles PAY | F7: S0174 | G7: Mouvement 03 | H7: E1010 | I7: Contrôles d'alimentation du mouvement 03 | J7: La date d'effet d'un mouvement 03 est saisie | K7: BG03_DAT_EFF [BG_Occurrence_courante] <> Vide | L7: T2431 | M7: Ouvrier (Cadre Général), à temps partiel, surcotisant, avec handicap d'au moins 80% | N7: Création Modification | O7: Le code saisi est égal à 'Ouvrier (Cadre Général), à temps partiel, surcotisant, avec handicap d'au moins 80%' | P7: BG03_NJOUR [BG_Occurrence_courante] = 'IP' | Q7: Titulaire ou magistrat | R7: P0001 | S7: T | T7: Général | U7: Exclu | V7: 40725
A8: 25.00.00 | B8: A | C8: 45814.549 | D8: D0016 | E8: Contrôles PAY | F8: S0174 | G8: Mouvement 03 | H8: E1010 | I8: Contrôles d'alimentation du mouvement 03 | J8: La date d'effet d'un mouvement 03 est saisie | K8: BG03_DAT_EFF [BG_Occurrence_courante] <> Vide | L8: T2432 | M8: Ouvrier Aviation Civile, à temps partiel, surcotisant, avec handicap d'au moins 80% | N8: Création Modification | O8: Le code saisi est égal à 'Ouvrier Aviation Civile, à temps partiel, surcotisant, avec handicap d'au moins 80%' | P8: BG03_NJOUR [BG_Occurrence_courante] = 'JC' | Q8: Titulaire ou magistrat | R8: P0001 | S8: T | T8: Général | U8: Exclu | V8: 40725
A9: 25.00.00 | B9: A | C9: 45814.551 | D9: D0016 | E9: Contrôles PAY | F9: S0174 | G9: Mouvement 03 | H9: E1010 | I9: Contrôles d'alimentation du mouvement 03 | J9: La date d'effet d'un mouvement 03 est saisie | K9: BG03_DAT_EFF [BG_Occurrence_courante] <> Vide | L9: T2433 | M9: Militaire DGA, pour proratisation de certains éléments | N9: Création Modification | O9: Le code saisi est égal à 'Militaire DGA, pour proratisation de certains éléments' | P9: BG03_NJOUR [BG_Occurrence_courante] = 'MI' | Q9: Titulaire ou magistrat | R9: P0001 | S9: T | T9: Général | U9: Exclu | V9: 40725
A10: 25.00.00 | B10: A | C10: 45814.554 | D10: D0016 | E10: Contrôles PAY | F10: S0174 | G10: Mouvement 03 | H10: E1010 | I10: Contrôles d'alimentation du mouvement 03 | J10: La date d'effet d'un mouvement 03 est saisie | K10: BG03_DAT_EFF [BG_Occurrence_courante] <> Vide | L10: T2434 | M10: Agent non titulaire surcotisant | N10: Création Modification | O10: Le code saisi est égal à 'Agent non titulaire surcotisant' | P10: BG03_NJOUR [BG_Occurrence_courante] = 'NP' | Q10: Titulaire ou magistrat | R10: P0001 | S10: T | T10: Général | U10: Exclu | V10: 40725
A11: 25.00.00 | B11: A | C11: 45814.57 | D11: D0016 | E11: Contrôles PAY | F11: S0174 | G11: Mouvement 03 | H11: E1010 | I11: Contrôles d'alimentation du mouvement 03 | J11: La date d'effet d'un mouvement 03 est saisie | K11: BG03_DAT_EFF [BG_Occurrence_courante] <> Vide | L11: T2435 | M11: Ouvrier (Cadre Général) surcotisant | N11: Création Modification | O11: Le code saisi est égal à 'Ouvrier (Cadre Général) surcotisant' | P11: BG03_NJOUR [BG_Occurrence_courante] = 'OP' | Q11: Titulaire ou magistrat | R11: P0001 | S11: T | T11: Général | U11: Exclu | V11: 40725
A12: 25.00.00 | B12: A | C12: 45814.572 | D12: D0016 | E12: Contrôles PAY | F12: S0174 | G12: Mouvement 03 | H12: E1010 | I12: Contrôles d'alimentation du mouvement 03 | J12: La date d'effet d'un mouvement 03 est saisie | K12: BG03_DAT_EFF [BG_Occurrence_courante] <> Vide | L12: T2436 | M12: Contractuel PACTE | N12: Création Modification | O12: Le code saisi est égal à 'PACTE' | P12: BG03_NJOUR [BG_Occurrence_courante] = 'PA' | Q12: Titulaire ou magistrat | R12: P0001 | S12: T | T12: Général | U12: Exclu | V12: 40725
A13: 25.00.00 | B13: A | C13: 45814.574 | D13: D0016 | E13: Contrôles PAY | F13: S0174 | G13: Mouvement 03 | H13: E1010 | I13: Contrôles d'alimentation du mouvement 03 | J13: La date d'effet d'un mouvement 03 est saisie | K13: BG03_DAT_EFF [BG_Occurrence_courante] <> Vide | L13: T2437 | M13: Surcotisation Douanes, Police, Pénitentiaire | N13: Création Modification | O13: Le code saisi est égal à 'Surcotisation Douanes, Police, Pénitentiaire' | P13: BG03_NJOUR [BG_Occurrence_courante] = 'PP' | Q13: Titulaire ou magistrat | R13: P0001 | S13: T | T13: Général | U13: Passant | V13: 40725 | X13: G03_C_001 ET G03_C_002 ET G03_C_003 ET G03_C_005 ET G03_C_010 ET G03_C_013 ET G03_C_016 ET G03_C_017 | Y13: G03_C_001 | Z13: =VLOOKUP(Y13,'Axe 2 Règles de gestion'!$D$2:$F$20,3, FALSE) -> La date d'effet du mouvement 03 ne peut être postérieure au 31 du mois de la paye. | AA13: G03_C_002 | AB13: =VLOOKUP(AA13,'Axe 2 Règles de gestion'!$D$2:$F$20,3, FALSE) -> La date d'effet du mouvement 03 ne peut être antérieure ou égale à la date de prise en charge. | AC13: G03_C_003 | AD13: =VLOOKUP(AC13,'Axe 2 Règles de gestion'!$D$2:$F$20,3, FALSE) -> La date d'effet du mouvement 03 ne peut être antérieure à 3 ans ou plus du 1er jour du mois de paie en cours. Pour un rappel remontant à la quatrième année, il convient d'envoyer un mouvement 42. | AE13: G03_C_005 | AF13: =VLOOKUP(AE13,'Axe 2 Règles de gestion'!$D$2:$F$20,3, FALSE) -> Le nombre de mouvements de type 03 est limité à 20 par mois de paie et par numéro de dossier (NUDOS). | AG13: G03_C_010 | AH13: =VLOOKUP(AG13,'Axe 2 Règles de gestion'!$D$2:$F$20,3, FALSE) -> L'agent surcotise. | AI13: G03_C_013 | AJ13: =VLOOKUP(AI13,'Axe 2 Règles de gestion'!$D$2:$F$20,3, FALSE) -> L'agent doit être en temps partiel thérapeutique ou en temps partiel. | AK13: G03_C_016 | AL13: =VLOOKUP(AK13,'Axe 2 Règles de gestion'!$D$2:$F$20,3, FALSE) -> Le numérateur de la fraction de rémunération présent dans le dossier RH de l'agent est égal au numérateur de la fraction de rémunération saisi dans le mouvement 03. | AM13: G03_C_017 | AN13: =VLOOKUP(AM13,'Axe 2 Règles de gestion'!$D$2:$F$20,3, FALSE) -> Le dénominateur de la fraction de rémunération présent dans le dossier RH de l'agent est égal au dénominateur de la fraction de rémunération saisi dans le mouvement 03.
A14: 25.00.00 | B14: A | C14: 45814.575 | D14: D0016 | E14: Contrôles PAY | F14: S0174 | G14: Mouvement 03 | H14: E1010 | I14: Contrôles d'alimentation du mouvement 03 | J14: La date d'effet d'un mouvement 03 est saisie | K14: BG03_DAT_EFF [BG_Occurrence_courante] <> Vide | L14: T2438 | M14: Surcotisant temps partiel | N14: Création Modification | O14: Le code saisi est égal à 'Surcotisant temps partiel' | P14: BG03_NJOUR [BG_Occurrence_courante] = 'SP' | Q14: Titulaire ou magistrat | R14: P0001 | S14: T | T14: Général | U14: Passant | V14: 40725 | X14: G03_C_001 ET G03_C_002 ET G03_C_003 ET G03_C_005 ET G03_C_010 ET G03_C_013 ET G03_C_015 ET G03_C_016 ET G03_C_017 | Y14: G03_C_001 | Z14: =VLOOKUP(Y14,'Axe 2 Règles de gestion'!$D$2:$F$20,3, FALSE) -> La date d'effet du mouvement 03 ne peut être postérieure au 31 du mois de la paye. | AA14: G03_C_002 | AB14: =VLOOKUP(AA14,'Axe 2 Règles de gestion'!$D$2:$F$20,3, FALSE) -> La date d'effet du mouvement 03 ne peut être antérieure ou égale à la date de prise en charge. | AC14: G03_C_003 | AD14: =VLOOKUP(AC14,'Axe 2 Règles de gestion'!$D$2:$F$20,3, FALSE) -> La date d'effet du mouvement 03 ne peut être antérieure à 3 ans ou plus du 1er jour du mois de paie en cours. Pour un rappel remontant à la quatrième année, il convient d'envoyer un mouvement 42. | AE14: G03_C_005 | AF14: =VLOOKUP(AE14,'Axe 2 Règles de gestion'!$D$2:$F$20,3, FALSE) -> Le nombre de mouvements de type 03 est limité à 20 par mois de paie et par numéro de dossier (NUDOS). | AG14: G03_C_010 | AH14: =VLOOKUP(AG14,'Axe 2 Règles de gestion'!$D$2:$F$20,3, FALSE) -> L'agent surcotise. | AI14: G03_C_013 | AJ14: =VLOOKUP(AI14,'Axe 2 Règles de gestion'!$D$2:$F$20,3, FALSE) -> L'agent doit être en temps partiel thérapeutique ou en temps partiel. | AK14: G03_C_015 | AL14: =VLOOKUP(AK14,'Axe 2 Règles de gestion'!$D$2:$F$20,3, FALSE) -> Si l'agent est handicapé alors il l'est à moins de 80%. | AM14: G03_C_016 | AN14: =VLOOKUP(AM14,'Axe 2 Règles de gestion'!$D$2:$F$20,3, FALSE) -> Le numérateur de la fraction de rémunération présent dans le dossier RH de l'agent est égal au numérateur de la fraction de rémunération saisi dans le mouvement 03. | AO14: G03_C_017 | AP14: =VLOOKUP(AO14,'Axe 2 Règles de gestion'!$D$2:$F$20,3, FALSE) -> Le dénominateur de la fraction de rémunération présent dans le dossier RH de l'agent est égal au dénominateur de la fraction de rémunération saisi dans le mouvement 03.
A15: 25.00.00 | B15: A | C15: 45814.578 | D15: D0016 | E15: Contrôles PAY | F15: S0174 | G15: Mouvement 03 | H15: E1010 | I15: Contrôles d'alimentation du mouvement 03 | J15: La date d'effet d'un mouvement 03 est saisie | K15: BG03_DAT_EFF [BG_Occurrence_courante] <> Vide | L15: T2439 | M15: Agent à temps partiel | N15: Création Modification | O15: Le code saisi est égal à 'Agent à temps partiel' | P15: BG03_NJOUR [BG_Occurrence_courante] = 'TP' | Q15: Titulaire ou magistrat | R15: P0001 | S15: T | T15: Général | U15: Passant | V15: 40725 | X15: G03_C_001 ET G03_C_002 ET G03_C_003 ET G03_C_005 ET G03_C_013 ET G03_C_014 ET G03_C_016 ET G03_C_017 | Y15: G03_C_001 | Z15: =VLOOKUP(Y15,'Axe 2 Règles de gestion'!$D$2:$F$20,3, FALSE) -> La date d'effet du mouvement 03 ne peut être postérieure au 31 du mois de la paye. | AA15: G03_C_002 | AB15: =VLOOKUP(AA15,'Axe 2 Règles de gestion'!$D$2:$F$20,3, FALSE) -> La date d'effet du mouvement 03 ne peut être antérieure ou égale à la date de prise en charge. | AC15: G03_C_003 | AD15: =VLOOKUP(AC15,'Axe 2 Règles de gestion'!$D$2:$F$20,3, FALSE) -> La date d'effet du mouvement 03 ne peut être antérieure à 3 ans ou plus du 1er jour du mois de paie en cours. Pour un rappel remontant à la quatrième année, il convient d'envoyer un mouvement 42. | AE15: G03_C_005 | AF15: =VLOOKUP(AE15,'Axe 2 Règles de gestion'!$D$2:$F$20,3, FALSE) -> Le nombre de mouvements de type 03 est limité à 20 par mois de paie et par numéro de dossier (NUDOS). | AG15: G03_C_013 | AH15: =VLOOKUP(AG15,'Axe 2 Règles de gestion'!$D$2:$F$20,3, FALSE) -> L'agent doit être en temps partiel thérapeutique ou en temps partiel. | AI15: G03_C_014 | AJ15: =VLOOKUP(AI15,'Axe 2 Règles de gestion'!$D$2:$F$20,3, FALSE) -> L'agent ne surcotise pas. | AK15: G03_C_016 | AL15: =VLOOKUP(AK15,'Axe 2 Règles de gestion'!$D$2:$F$20,3, FALSE) -> Le numérateur de la fraction de rémunération présent dans le dossier RH de l'agent est égal au numérateur de la fraction de rémunération saisi dans le mouvement 03. | AM15: G03_C_017 | AN15: =VLOOKUP(AM15,'Axe 2 Règles de gestion'!$D$2:$F$20,3, FALSE) -> Le dénominateur de la fraction de rémunération présent dans le dossier RH de l'agent est égal au dénominateur de la fraction de rémunération saisi dans le mouvement 03.
A16: 25.00.00 | B16: A | C16: 45814.58 | D16: D0016 | E16: Contrôles PAY | F16: S0174 | G16: Mouvement 03 | H16: E1010 | I16: Contrôles d'alimentation du mouvement 03 | J16: La date d'effet d'un mouvement 03 est saisie | K16: BG03_DAT_EFF [BG_Occurrence_courante] <> Vide | L16: T2440 | M16: Agent à temps incomplet | N16: Création Modification | O16: Le code saisi est égal à 'Agent à temps incomplet' | P16: BG03_NJOUR [BG_Occurrence_courante] = '00' | Q16: Titulaire ou magistrat | R16: P0001 | S16: T | T16: Général | U16: Exclu | V16: 40725
A17: 25.00.00 | B17: A | C17: 45814.581 | D17: D0016 | E17: Contrôles PAY | F17: S0174 | G17: Mouvement 03 | H17: E1010 | I17: Contrôles d'alimentation du mouvement 03 | J17: La date d'effet d'un mouvement 03 est saisie | K17: BG03_DAT_EFF [BG_Occurrence_courante] <> Vide | L17: T2441 | M17: Remise à blanc de la zone | N17: Création Modification | O17: Le code saisi est égal à 'Remise à blanc de la zone' | P17: BG03_NJOUR [BG_Occurrence_courante] = 'ZZ' | Q17: Titulaire ou magistrat | R17: P0001 | S17: T | T17: Général | U17: Passant | V17: 40725 | X17: G03_C_001 ET G03_C_002 ET G03_C_003 ET G03_C_005 ET G03_C_009 | Y17: G03_C_001 | Z17: =VLOOKUP(Y17,'Axe 2 Règles de gestion'!$D$2:$F$20,3, FALSE) -> La date d'effet du mouvement 03 ne peut être postérieure au 31 du mois de la paye. | AA17: G03_C_002 | AB17: =VLOOKUP(AA17,'Axe 2 Règles de gestion'!$D$2:$F$20,3, FALSE) -> La date d'effet du mouvement 03 ne peut être antérieure ou égale à la date de prise en charge. | AC17: G03_C_003 | AD17: =VLOOKUP(AC17,'Axe 2 Règles de gestion'!$D$2:$F$20,3, FALSE) -> La date d'effet du mouvement 03 ne peut être antérieure à 3 ans ou plus du 1er jour du mois de paie en cours. Pour un rappel remontant à la quatrième année, il convient d'envoyer un mouvement 42. | AE17: G03_C_005 | AF17: =VLOOKUP(AE17,'Axe 2 Règles de gestion'!$D$2:$F$20,3, FALSE) -> Le nombre de mouvements de type 03 est limité à 20 par mois de paie et par numéro de dossier (NUDOS). | AG17: G03_C_009 | AH17: =VLOOKUP(AG17,'Axe 2 Règles de gestion'!$D$2:$F$20,3, FALSE) -> La valeur 'ZZZZZ' doit être saisi dans le champ "Numérateur de la fraction de rémunération" et la valeur 'ZZZ' doit être saisi dans le champ "Dénominateur de la fraction de rémunération".
A18: 25.00.00 | B18: A | C18: 45814.585 | D18: D0016 | E18: Contrôles PAY | F18: S0174 | G18: Mouvement 03 | H18: E1010 | I18: Contrôles d'alimentation du mouvement 03 | J18: La date d'effet d'un mouvement 03 est saisie | K18: BG03_DAT_EFF [BG_Occurrence_courante] <> Vide | L18: T2442 | M18: Surcotisation CPA | N18: Création Modification | O18: Le code saisi est égal à 'Surcotisation CPA' | P18: BG03_NJOUR [BG_Occurrence_courante] = 'SO' | Q18: Titulaire ou magistrat | R18: P0001 | S18: T | T18: Général | U18: Passant | V18: 40725 | W18: 43555 | X18: G03_C_001 ET G03_C_002 ET G03_C_003 ET G03_C_005 ET G03_C_010 ET G03_C_016 ET G03_C_017 ET G03_C_020 | Y18: G03_C_001 | Z18: =VLOOKUP(Y18,'Axe 2 Règles de gestion'!$D$2:$F$20,3, FALSE) -> La date d'effet du mouvement 03 ne peut être postérieure au 31 du mois de la paye. | AA18: G03_C_002 | AB18: =VLOOKUP(AA18,'Axe 2 Règles de gestion'!$D$2:$F$20,3, FALSE) -> La date d'effet du mouvement 03 ne peut être antérieure ou égale à la date de prise en charge. | AC18: G03_C_003 | AD18: =VLOOKUP(AC18,'Axe 2 Règles de gestion'!$D$2:$F$20,3, FALSE) -> La date d'effet du mouvement 03 ne peut être antérieure à 3 ans ou plus du 1er jour du mois de paie en cours. Pour un rappel remontant à la quatrième année, il convient d'envoyer un mouvement 42. | AE18: G03_C_005 | AF18: =VLOOKUP(AE18,'Axe 2 Règles de gestion'!$D$2:$F$20,3, FALSE) -> Le nombre de mouvements de type 03 est limité à 20 par mois de paie et par numéro de dossier (NUDOS). | AG18: G03_C_010 | AH18: =VLOOKUP(AG18,'Axe 2 Règles de gestion'!$D$2:$F$20,3, FALSE) -> L'agent surcotise. | AI18: G03_C_016 | AJ18: =VLOOKUP(AI18,'Axe 2 Règles de gestion'!$D$2:$F$20,3, FALSE) -> Le numérateur de la fraction de rémunération présent dans le dossier RH de l'agent est égal au numérateur de la fraction de rémunération saisi dans le mouvement 03. | AK18: G03_C_017 | AL18: =VLOOKUP(AK18,'Axe 2 Règles de gestion'!$D$2:$F$20,3, FALSE) -> Le dénominateur de la fraction de rémunération présent dans le dossier RH de l'agent est égal au dénominateur de la fraction de rémunération saisi dans le mouvement 03. | AM18: G03_C_020 | AN18: =VLOOKUP(AM18,'Axe 2 Règles de gestion'!$D$2:$F$20,3, FALSE) -> L'agent doit être en cessation progressive d'activité.
A19: 25.00.00 | B19: A | C19: 45814.592 | D19: D0016 | E19: Contrôles PAY | F19: S0174 | G19: Mouvement 03 | H19: E1010 | I19: Contrôles d'alimentation du mouvement 03 | J19: La date d'effet d'un mouvement 03 est saisie | K19: BG03_DAT_EFF [BG_Occurrence_courante] <> Vide | L19: T2443 | M19: Maître de l'enseignement privé en CPA | N19: Création Modification | O19: Le code saisi est égal à 'Maître de l'enseignement privé en CPA' | P19: BG03_NJOUR [BG_Occurrence_courante] = 'EP' | Q19: Titulaire ou magistrat | R19: P0001 | S19: T | T19: Général | U19: Exclu | V19: 40725 | W19: 43555
A20: 25.00.00 | B20: A | C20: 45814.507 | D20: D0016 | E20: Contrôles PAY | F20: S0174 | G20: Mouvement 03 | H20: E1010 | I20: Contrôles d'alimentation du mouvement 03 | J20: La date d'effet d'un mouvement 03 est saisie | K20: BG03_DAT_EFF [BG_Occurrence_courante] <> Vide | L20: T2426 | M20: Ouvrier de l'aviation civile, temps plein | N20: Création Modification | O20: Le code saisi est égal à 'Ouvrier de l'aviation civile, temps plein' | P20: BG03_NJOUR [BG_Occurrence_courante] = 'AC' | Q20: Militaire | R20: P0002 | S20: M | T20: Général | U20: Exclu | V20: 40725
A21: 25.00.00 | B21: A | C21: 45814.515 | D21: D0016 | E21: Contrôles PAY | F21: S0174 | G21: Mouvement 03 | H21: E1010 | I21: Contrôles d'alimentation du mouvement 03 | J21: La date d'effet d'un mouvement 03 est saisie | K21: BG03_DAT_EFF [BG_Occurrence_courante] <> Vide | L21: T2427 | M21: Ouvrier de l'aviation civile, temps partiel | N21: Création Modification | O21: Le code saisi est égal à 'Ouvrier de l'aviation civile, temps partiel' | P21: BG03_NJOUR [BG_Occurrence_courante] = 'BC' | Q21: Militaire | R21: P0002 | S21: M | T21: Général | U21: Exclu | V21: 40725
A22: 25.00.00 | B22: A | C22: 45814.518 | D22: D0016 | E22: Contrôles PAY | F22: S0174 | G22: Mouvement 03 | H22: E1010 | I22: Contrôles d'alimentation du mouvement 03 | J22: La date d'effet d'un mouvement 03 est saisie | K22: BG03_DAT_EFF [BG_Occurrence_courante] <> Vide | L22: T2428 | M22: Contrat d'accompagnement dans l'emploi | N22: Création Modification | O22: Le code saisi est égal à 'CAE' | P22: BG03_NJOUR [BG_Occurrence_courante] = 'CA' | Q22: Militaire | R22: P0002 | S22: M | T22: Général | U22: Exclu | V22: 40725
A23: 25.00.00 | B23: A | C23: 45814.519 | D23: D0016 | E23: Contrôles PAY | F23: S0174 | G23: Mouvement 03 | H23: E1010 | I23: Contrôles d'alimentation du mouvement 03 | J23: La date d'effet d'un mouvement 03 est saisie | K23: BG03_DAT_EFF [BG_Occurrence_courante] <> Vide | L23: T2429 | M23: Ouvrier de l'aviation civile, surcotisant | N23: Création Modification | O23: Le code saisi est égal à 'Ouvrier de l'aviation civile, surcotisant' | P23: BG03_NJOUR [BG_Occurrence_courante] = 'CC' | Q23: Militaire | R23: P0002 | S23: M | T23: Général | U23: Exclu | V23: 40725
A24: 25.00.00 | B24: A | C24: 45814.547 | D24: D0016 | E24: Contrôles PAY | F24: S0174 | G24: Mouvement 03 | H24: E1010 | I24: Contrôles d'alimentation du mouvement 03 | J24: La date d'effet d'un mouvement 03 est saisie | K24: BG03_DAT_EFF [BG_Occurrence_courante] <> Vide | L24: T2430 | M24: Agent Handicapé, dont l'incapacité est de 80% au moins, surcotisant | N24: Création Modification | O24: Le code saisi est égal à 'Agent Handicapé, dont l'incapacité est de 80% au moins, surcotisant' | P24: BG03_NJOUR [BG_Occurrence_courante] = 'HA' | Q24: Militaire | R24: P0002 | S24: M | T24: Général | U24: Exclu | V24: 40725
A25: 25.00.00 | B25: A | C25: 45814.548 | D25: D0016 | E25: Contrôles PAY | F25: S0174 | G25: Mouvement 03 | H25: E1010 | I25: Contrôles d'alimentation du mouvement 03 | J25: La date d'effet d'un mouvement 03 est saisie | K25: BG03_DAT_EFF [BG_Occurrence_courante] <> Vide | L25: T2431 | M25: Ouvrier (Cadre Général), à temps partiel, surcotisant, avec handicap d'au moins 80% | N25: Création Modification | O25: Le code saisi est égal à 'Ouvrier (Cadre Général), à temps partiel, surcotisant, avec handicap d'au moins 80%' | P25: BG03_NJOUR [BG_Occurrence_courante] = 'IP' | Q25: Militaire | R25: P0002 | S25: M | T25: Général | U25: Exclu | V25: 40725
A26: 25.00.00 | B26: A | C26: 45814.549 | D26: D0016 | E26: Contrôles PAY | F26: S0174 | G26: Mouvement 03 | H26: E1010 | I26: Contrôles d'alimentation du mouvement 03 | J26: La date d'effet d'un mouvement 03 est saisie | K26: BG03_DAT_EFF [BG_Occurrence_courante] <> Vide | L26: T2432 | M26: Ouvrier Aviation Civile, à temps partiel, surcotisant, avec handicap d'au moins 80% | N26: Création Modification | O26: Le code saisi est égal à 'Ouvrier Aviation Civile, à temps partiel, surcotisant, avec handicap d'au moins 80%' | P26: BG03_NJOUR [BG_Occurrence_courante] = 'JC' | Q26: Militaire | R26: P0002 | S26: M | T26: Général | U26: Exclu | V26: 40725
A27: 25.00.00 | B27: A | C27: 45814.551 | D27: D0016 | E27: Contrôles PAY | F27: S0174 | G27: Mouvement 03 | H27: E1010 | I27: Contrôles d'alimentation du mouvement 03 | J27: La date d'effet d'un mouvement 03 est saisie | K27: BG03_DAT_EFF [BG_Occurrence_courante] <> Vide | L27: T2433 | M27: Militaire DGA, pour proratisation de certains éléments | N27: Création Modification | O27: Le code saisi est égal à 'Militaire DGA, pour proratisation de certains éléments' | P27: BG03_NJOUR [BG_Occurrence_courante] = 'MI' | Q27: Militaire | R27: P0002 | S27: M | T27: Général | U27: Exclu | V27: 40725
A28: 25.00.00 | B28: A | C28: 45814.555 | D28: D0016 | E28: Contrôles PAY | F28: S0174 | G28: Mouvement 03 | H28: E1010 | I28: Contrôles d'alimentation du mouvement 03 | J28: La date d'effet d'un mouvement 03 est saisie | K28: BG03_DAT_EFF [BG_Occurrence_courante] <> Vide | L28: T2434 | M28: Agent non titulaire surcotisant | N28: Création Modification | O28: Le code saisi est égal à 'Agent non titulaire surcotisant' | P28: BG03_NJOUR [BG_Occurrence_courante] = 'NP' | Q28: Militaire | R28: P0002 | S28: M | T28: Général | U28: Exclu | V28: 40725
A29: 25.00.00 | B29: A | C29: 45814.57 | D29: D0016 | E29: Contrôles PAY | F29: S0174 | G29: Mouvement 03 | H29: E1010 | I29: Contrôles d'alimentation du mouvement 03 | J29: La date d'effet d'un mouvement 03 est saisie | K29: BG03_DAT_EFF [BG_Occurrence_courante] <> Vide | L29: T2435 | M29: Ouvrier (Cadre Général) surcotisant | N29: Création Modification | O29: Le code saisi est égal à 'Ouvrier (Cadre Général) surcotisant' | P29: BG03_NJOUR [BG_Occurrence_courante] = 'OP' | Q29: Militaire | R29: P0002 | S29: M | T29: Général | U29: Exclu | V29: 40725
A30: 25.00.00 | B30: A | C30: 45814.573 | D30: D0016 | E30: Contrôles PAY | F30: S0174 | G30: Mouvement 03 | H30: E1010 | I30: Contrôles d'alimentation du mouvement 03 | J30: La date d'effet d'un mouvement 03 est saisie | K30: BG03_DAT_EFF [BG_Occurrence_courante] <> Vide | L30: T2436 | M30: Contractuel PACTE | N30: Création Modification | O30: Le code saisi est égal à 'PACTE' | P30: BG03_NJOUR [BG_Occurrence_courante] = 'PA' | Q30: Militaire | R30: P0002 | S30: M | T30: Général | U30: Exclu | V30: 40725
A31: 25.00.00 | B31: A | C31: 45814.574 | D31: D0016 | E31: Contrôles PAY | F31: S0174 | G31: Mouvement 03 | H31: E1010 | I31: Contrôles d'alimentation du mouvement 03 | J31: La date d'effet d'un mouvement 03 est saisie | K31: BG03_DAT_EFF [BG_Occurrence_courante] <> Vide | L31: T2437 | M31: Surcotisation Douanes, Police, Pénitentiaire | N31: Création Modification | O31: Le code saisi est égal à 'Surcotisation Douanes, Police, Pénitentiaire' | P31: BG03_NJOUR [BG_Occurrence_courante] = 'PP' | Q31: Militaire | R31: P0002 | S31: M | T31: Général | U31: Exclu | V31: 40725
A32: 25.00.00 | B32: A | C32: 45814.576 | D32: D0016 | E32: Contrôles PAY | F32: S0174 | G32: Mouvement 03 | H32: E1010 | I32: Contrôles d'alimentation du mouvement 03 | J32: La date d'effet d'un mouvement 03 est saisie | K32: BG03_DAT_EFF [BG_Occurrence_courante] <> Vide | L32: T2438 | M32: Surcotisant temps partiel | N32: Création Modification | O32: Le code saisi est égal à 'Surcotisant temps partiel' | P32: BG03_NJOUR [BG_Occurrence_courante] = 'SP' | Q32: Militaire | R32: P0002 | S32: M | T32: Général | U32: Exclu | V32: 40725
A33: 25.00.00 | B33: A | C33: 45814.579 | D33: D0016 | E33: Contrôles PAY | F33: S0174 | G33: Mouvement 03 | H33: E1010 | I33: Contrôles d'alimentation du mouvement 03 | J33: La date d'effet d'un mouvement 03 est saisie | K33: BG03_DAT_EFF [BG_Occurrence_courante] <> Vide | L33: T2439 | M33: Agent à temps partiel | N33: Création Modification | O33: Le code saisi est égal à 'Agent à temps partiel' | P33: BG03_NJOUR [BG_Occurrence_courante] = 'TP' | Q33: Militaire | R33: P0002 | S33: M | T33: Général | U33: Passant | V33: 40725 | X33: G03_C_001 ET G03_C_002 ET G03_C_003 ET G03_C_005 ET G03_C_013 ET G03_C_014 ET G03_C_016 ET G03_C_017 | Y33: G03_C_001 | Z33: =VLOOKUP(Y33,'Axe 2 Règles de gestion'!$D$2:$F$20,3, FALSE) -> La date d'effet du mouvement 03 ne peut être postérieure au 31 du mois de la paye. | AA33: G03_C_002 | AB33: =VLOOKUP(AA33,'Axe 2 Règles de gestion'!$D$2:$F$20,3, FALSE) -> La date d'effet du mouvement 03 ne peut être antérieure ou égale à la date de prise en charge. | AC33: G03_C_003 | AD33: =VLOOKUP(AC33,'Axe 2 Règles de gestion'!$D$2:$F$20,3, FALSE) -> La date d'effet du mouvement 03 ne peut être antérieure à 3 ans ou plus du 1er jour du mois de paie en cours. Pour un rappel remontant à la quatrième année, il convient d'envoyer un mouvement 42. | AE33: G03_C_005 | AF33: =VLOOKUP(AE33,'Axe 2 Règles de gestion'!$D$2:$F$20,3, FALSE) -> Le nombre de mouvements de type 03 est limité à 20 par mois de paie et par numéro de dossier (NUDOS). | AG33: G03_C_013 | AH33: =VLOOKUP(AG33,'Axe 2 Règles de gestion'!$D$2:$F$20,3, FALSE) -> L'agent doit être en temps partiel thérapeutique ou en temps partiel. | AI33: G03_C_014 | AJ33: =VLOOKUP(AI33,'Axe 2 Règles de gestion'!$D$2:$F$20,3, FALSE) -> L'agent ne surcotise pas. | AK33: G03_C_016 | AL33: =VLOOKUP(AK33,'Axe 2 Règles de gestion'!$D$2:$F$20,3, FALSE) -> Le numérateur de la fraction de rémunération présent dans le dossier RH de l'agent est égal au numérateur de la fraction de rémunération saisi dans le mouvement 03. | AM33: G03_C_017 | AN33: =VLOOKUP(AM33,'Axe 2 Règles de gestion'!$D$2:$F$20,3, FALSE) -> Le dénominateur de la fraction de rémunération présent dans le dossier RH de l'agent est égal au dénominateur de la fraction de rémunération saisi dans le mouvement 03.
A34: 25.00.00 | B34: A | C34: 45814.581 | D34: D0016 | E34: Contrôles PAY | F34: S0174 | G34: Mouvement 03 | H34: E1010 | I34: Contrôles d'alimentation du mouvement 03 | J34: La date d'effet d'un mouvement 03 est saisie | K34: BG03_DAT_EFF [BG_Occurrence_courante] <> Vide | L34: T2440 | M34: Agent à temps incomplet | N34: Création Modification | O34: Le code saisi est égal à 'Agent à temps incomplet' | P34: BG03_NJOUR [BG_Occurrence_courante] = '00' | Q34: Militaire | R34: P0002 | S34: M | T34: Général | U34: Exclu | V34: 40725
A35: 25.00.00 | B35: A | C35: 45814.583 | D35: D0016 | E35: Contrôles PAY | F35: S0174 | G35: Mouvement 03 | H35: E1010 | I35: Contrôles d'alimentation du mouvement 03 | J35: La date d'effet d'un mouvement 03 est saisie | K35: BG03_DAT_EFF [BG_Occurrence_courante] <> Vide | L35: T2441 | M35: Remise à blanc de la zone | N35: Création Modification | O35: Le code saisi est égal à 'Remise à blanc de la zone' | P35: BG03_NJOUR [BG_Occurrence_courante] = 'ZZ' | Q35: Militaire | R35: P0002 | S35: M | T35: Général | U35: Passant | V35: 40725 | X35: G03_C_001 ET G03_C_002 ET G03_C_003 ET G03_C_005 ET G03_C_009 | Y35: G03_C_001 | Z35: =VLOOKUP(Y35,'Axe 2 Règles de gestion'!$D$2:$F$20,3, FALSE) -> La date d'effet du mouvement 03 ne peut être postérieure au 31 du mois de la paye. | AA35: G03_C_002 | AB35: =VLOOKUP(AA35,'Axe 2 Règles de gestion'!$D$2:$F$20,3, FALSE) -> La date d'effet du mouvement 03 ne peut être antérieure ou égale à la date de prise en charge. | AC35: G03_C_003 | AD35: =VLOOKUP(AC35,'Axe 2 Règles de gestion'!$D$2:$F$20,3, FALSE) -> La date d'effet du mouvement 03 ne peut être antérieure à 3 ans ou plus du 1er jour du mois de paie en cours. Pour un rappel remontant à la quatrième année, il convient d'envoyer un mouvement 42. | AE35: G03_C_005 | AF35: =VLOOKUP(AE35,'Axe 2 Règles de gestion'!$D$2:$F$20,3, FALSE) -> Le nombre de mouvements de type 03 est limité à 20 par mois de paie et par numéro de dossier (NUDOS). | AG35: G03_C_009 | AH35: =VLOOKUP(AG35,'Axe 2 Règles de gestion'!$D$2:$F$20,3, FALSE) -> La valeur 'ZZZZZ' doit être saisi dans le champ "Numérateur de la fraction de rémunération" et la valeur 'ZZZ' doit être saisi dans le champ "Dénominateur de la fraction de rémunération".
A36: 25.00.00 | B36: A | C36: 45814.589 | D36: D0016 | E36: Contrôles PAY | F36: S0174 | G36: Mouvement 03 | H36: E1010 | I36: Contrôles d'alimentation du mouvement 03 | J36: La date d'effet d'un mouvement 03 est saisie | K36: BG03_DAT_EFF [BG_Occurrence_courante] <> Vide | L36: T2442 | M36: Surcotisation CPA | N36: Création Modification | O36: Le code saisi est égal à 'Surcotisation CPA' | P36: BG03_NJOUR [BG_Occurrence_courante] = 'SO' | Q36: Militaire | R36: P0002 | S36: M | T36: Général | U36: Exclu | V36: 40725 | W36: 43555
A37: 25.00.00 | B37: A | C37: 45814.593 | D37: D0016 | E37: Contrôles PAY | F37: S0174 | G37: Mouvement 03 | H37: E1010 | I37: Contrôles d'alimentation du mouvement 03 | J37: La date d'effet d'un mouvement 03 est saisie | K37: BG03_DAT_EFF [BG_Occurrence_courante] <> Vide | L37: T2443 | M37: Maître de l'enseignement privé en CPA | N37: Création Modification | O37: Le code saisi est égal à 'Maître de l'enseignement privé en CPA' | P37: BG03_NJOUR [BG_Occurrence_courante] = 'EP' | Q37: Militaire | R37: P0002 | S37: M | T37: Général | U37: Exclu | V37: 40725 | W37: 43555
A38: 25.00.00 | B38: A | C38: 45814.508 | D38: D0016 | E38: Contrôles PAY | F38: S0174 | G38: Mouvement 03 | H38: E1010 | I38: Contrôles d'alimentation du mouvement 03 | J38: La date d'effet d'un mouvement 03 est saisie | K38: BG03_DAT_EFF [BG_Occurrence_courante] <> Vide | L38: T2426 | M38: Ouvrier de l'aviation civile, temps plein | N38: Création Modification | O38: Le code saisi est égal à 'Ouvrier de l'aviation civile, temps plein' | P38: BG03_NJOUR [BG_Occurrence_courante] = 'AC' | Q38: Contractuel | R38: P0003 | S38: N | T38: Général | U38: Exclu | V38: 40725
A39: 25.00.00 | B39: A | C39: 45814.515 | D39: D0016 | E39: Contrôles PAY | F39: S0174 | G39: Mouvement 03 | H39: E1010 | I39: Contrôles d'alimentation du mouvement 03 | J39: La date d'effet d'un mouvement 03 est saisie | K39: BG03_DAT_EFF [BG_Occurrence_courante] <> Vide | L39: T2427 | M39: Ouvrier de l'aviation civile, temps partiel | N39: Création Modification | O39: Le code saisi est égal à 'Ouvrier de l'aviation civile, temps partiel' | P39: BG03_NJOUR [BG_Occurrence_courante] = 'BC' | Q39: Contractuel | R39: P0003 | S39: N | T39: Général | U39: Exclu | V39: 40725
A40: 25.00.00 | B40: A | C40: 45814.517 | D40: D0016 | E40: Contrôles PAY | F40: S0174 | G40: Mouvement 03 | H40: E1010 | I40: Contrôles d'alimentation du mouvement 03 | J40: La date d'effet d'un mouvement 03 est saisie | K40: BG03_DAT_EFF [BG_Occurrence_courante] <> Vide | L40: T2428 | M40: Contrat d'accompagnement dans l'emploi | N40: Création Modification | O40: Le code saisi est égal à 'CAE' | P40: BG03_NJOUR [BG_Occurrence_courante] = 'CA' | Q40: Contractuel | R40: P0003 | S40: N | T40: Général | U40: Exclu | V40: 40725
A41: 25.00.00 | B41: A | C41: 45814.519 | D41: D0016 | E41: Contrôles PAY | F41: S0174 | G41: Mouvement 03 | H41: E1010 | I41: Contrôles d'alimentation du mouvement 03 | J41: La date d'effet d'un mouvement 03 est saisie | K41: BG03_DAT_EFF [BG_Occurrence_courante] <> Vide | L41: T2429 | M41: Ouvrier de l'aviation civile, surcotisant | N41: Création Modification | O41: Le code saisi est égal à 'Ouvrier de l'aviation civile, surcotisant' | P41: BG03_NJOUR [BG_Occurrence_courante] = 'CC' | Q41: Contractuel | R41: P0003 | S41: N | T41: Général | U41: Exclu | V41: 40725
A42: 25.00.00 | B42: A | C42: 45814.546 | D42: D0016 | E42: Contrôles PAY | F42: S0174 | G42: Mouvement 03 | H42: E1010 | I42: Contrôles d'alimentation du mouvement 03 | J42: La date d'effet d'un mouvement 03 est saisie | K42: BG03_DAT_EFF [BG_Occurrence_courante] <> Vide | L42: T2430 | M42: Agent Handicapé, dont l'incapacité est de 80% au moins, surcotisant | N42: Création Modification | O42: Le code saisi est égal à 'Agent Handicapé, dont l'incapacité est de 80% au moins, surcotisant' | P42: BG03_NJOUR [BG_Occurrence_courante] = 'HA' | Q42: Contractuel | R42: P0003 | S42: N | T42: Général | U42: Passant | V42: 40725 | X42: G03_C_001 ET G03_C_002 ET G03_C_003 ET G03_C_005 ET G03_C_010 ET G03_C_011 ET G03_C_013 ET G03_C_016 ET G03_C_017 | Y42: G03_C_001 | Z42: =VLOOKUP(Y42,'Axe 2 Règles de gestion'!$D$2:$F$20,3, FALSE) -> La date d'effet du mouvement 03 ne peut être postérieure au 31 du mois de la paye. | AA42: G03_C_002 | AB42: =VLOOKUP(AA42,'Axe 2 Règles de gestion'!$D$2:$F$20,3, FALSE) -> La date d'effet du mouvement 03 ne peut être antérieure ou égale à la date de prise en charge. | AC42: G03_C_003 | AD42: =VLOOKUP(AC42,'Axe 2 Règles de gestion'!$D$2:$F$20,3, FALSE) -> La date d'effet du mouvement 03 ne peut être antérieure à 3 ans ou plus du 1er jour du mois de paie en cours. Pour un rappel remontant à la quatrième année, il convient d'envoyer un mouvement 42. | AE42: G03_C_005 | AF42: =VLOOKUP(AE42,'Axe 2 Règles de gestion'!$D$2:$F$20,3, FALSE) -> Le nombre de mouvements de type 03 est limité à 20 par mois de paie et par numéro de dossier (NUDOS). | AG42: G03_C_010 | AH42: =VLOOKUP(AG42,'Axe 2 Règles de gestion'!$D$2:$F$20,3, FALSE) -> L'agent surcotise. | AI42: G03_C_011 | AJ42: =VLOOKUP(AI42,'Axe 2 Règles de gestion'!$D$2:$F$20,3, FALSE) -> L'agent est handicapé à 80% ou plus. | AK42: G03_C_013 | AL42: =VLOOKUP(AK42,'Axe 2 Règles de gestion'!$D$2:$F$20,3, FALSE) -> L'agent doit être en temps partiel thérapeutique ou en temps partiel. | AM42: G03_C_016 | AN42: =VLOOKUP(AM42,'Axe 2 Règles de gestion'!$D$2:$F$20,3, FALSE) -> Le numérateur de la fraction de rémunération présent dans le dossier RH de l'agent est égal au numérateur de la fraction de rémunération saisi dans le mouvement 03. | AO42: G03_C_017 | AP42: =VLOOKUP(AO42,'Axe 2 Règles de gestion'!$D$2:$F$20,3, FALSE) -> Le dénominateur de la fraction de rémunération présent dans le dossier RH de l'agent est égal au dénominateur de la fraction de rémunération saisi dans le mouvement 03.
A43: 25.00.00 | B43: A | C43: 45814.548 | D43: D0016 | E43: Contrôles PAY | F43: S0174 | G43: Mouvement 03 | H43: E1010 | I43: Contrôles d'alimentation du mouvement 03 | J43: La date d'effet d'un mouvement 03 est saisie | K43: BG03_DAT_EFF [BG_Occurrence_courante] <> Vide | L43: T2431 | M43: Ouvrier (Cadre Général), à temps partiel, surcotisant, avec handicap d'au moins 80% | N43: Création Modification | O43: Le code saisi est égal à 'Ouvrier (Cadre Général), à temps partiel, surcotisant, avec handicap d'au moins 80%' | P43: BG03_NJOUR [BG_Occurrence_courante] = 'IP' | Q43: Contractuel | R43: P0003 | S43: N | T43: Général | U43: Exclu | V43: 40725
A44: 25.00.00 | B44: A | C44: 45814.549 | D44: D0016 | E44: Contrôles PAY | F44: S0174 | G44: Mouvement 03 | H44: E1010 | I44: Contrôles d'alimentation du mouvement 03 | J44: La date d'effet d'un mouvement 03 est saisie | K44: BG03_DAT_EFF [BG_Occurrence_courante] <> Vide | L44: T2432 | M44: Ouvrier Aviation Civile, à temps partiel, surcotisant, avec handicap d'au moins 80% | N44: Création Modification | O44: Le code saisi est égal à 'Ouvrier Aviation Civile, à temps partiel, surcotisant, avec handicap d'au moins 80%' | P44: BG03_NJOUR [BG_Occurrence_courante] = 'JC' | Q44: Contractuel | R44: P0003 | S44: N | T44: Général | U44: Exclu | V44: 40725
A45: 25.00.00 | B45: A | C45: 45814.551 | D45: D0016 | E45: Contrôles PAY | F45: S0174 | G45: Mouvement 03 | H45: E1010 | I45: Contrôles d'alimentation du mouvement 03 | J45: La date d'effet d'un mouvement 03 est saisie | K45: BG03_DAT_EFF [BG_Occurrence_courante] <> Vide | L45: T2433 | M45: Militaire DGA, pour proratisation de certains éléments | N45: Création Modification | O45: Le code saisi est égal à 'Militaire DGA, pour proratisation de certains éléments' | P45: BG03_NJOUR [BG_Occurrence_courante] = 'MI' | Q45: Contractuel | R45: P0003 | S45: N | T45: Général | U45: Exclu | V45: 40725
A46: 25.00.00 | B46: A | C46: 45814.554 | D46: D0016 | E46: Contrôles PAY | F46: S0174 | G46: Mouvement 03 | H46: E1010 | I46: Contrôles d'alimentation du mouvement 03 | J46: La date d'effet d'un mouvement 03 est saisie | K46: BG03_DAT_EFF [BG_Occurrence_courante] <> Vide | L46: T2434 | M46: Agent non titulaire surcotisant | N46: Création Modification | O46: Le code saisi est égal à 'Agent non titulaire surcotisant' | P46: BG03_NJOUR [BG_Occurrence_courante] = 'NP' | Q46: Contractuel | R46: P0003 | S46: N | T46: Général | U46: Passant | V46: 40725 | X46: G03_C_001 ET G03_C_002 ET G03_C_003 ET G03_C_005 ET G03_C_010 ET G03_C_013 ET G03_C_015 ET G03_C_016 ET G03_C_017 | Y46: G03_C_001 | Z46: =VLOOKUP(Y46,'Axe 2 Règles de gestion'!$D$2:$F$20,3, FALSE) -> La date d'effet du mouvement 03 ne peut être postérieure au 31 du mois de la paye. | AA46: G03_C_002 | AB46: =VLOOKUP(AA46,'Axe 2 Règles de gestion'!$D$2:$F$20,3, FALSE) -> La date d'effet du mouvement 03 ne peut être antérieure ou égale à la date de prise en charge. | AC46: G03_C_003 | AD46: =VLOOKUP(AC46,'Axe 2 Règles de gestion'!$D$2:$F$20,3, FALSE) -> La date d'effet du mouvement 03 ne peut être antérieure à 3 ans ou plus du 1er jour du mois de paie en cours. Pour un rappel remontant à la quatrième année, il convient d'envoyer un mouvement 42. | AE46: G03_C_005 | AF46: =VLOOKUP(AE46,'Axe 2 Règles de gestion'!$D$2:$F$20,3, FALSE) -> Le nombre de mouvements de type 03 est limité à 20 par mois de paie et par numéro de dossier (NUDOS). | AG46: G03_C_010 | AH46: =VLOOKUP(AG46,'Axe 2 Règles de gestion'!$D$2:$F$20,3, FALSE) -> L'agent surcotise. | AI46: G03_C_013 | AJ46: =VLOOKUP(AI46,'Axe 2 Règles de gestion'!$D$2:$F$20,3, FALSE) -> L'agent doit être en temps partiel thérapeutique ou en temps partiel. | AK46: G03_C_015 | AL46: =VLOOKUP(AK46,'Axe 2 Règles de gestion'!$D$2:$F$20,3, FALSE) -> Si l'agent est handicapé alors il l'est à moins de 80%. | AM46: G03_C_016 | AN46: =VLOOKUP(AM46,'Axe 2 Règles de gestion'!$D$2:$F$20,3, FALSE) -> Le numérateur de la fraction de rémunération présent dans le dossier RH de l'agent est égal au numérateur de la fraction de rémunération saisi dans le mouvement 03. | AO46: G03_C_017 | AP46: =VLOOKUP(AO46,'Axe 2 Règles de gestion'!$D$2:$F$20,3, FALSE) -> Le dénominateur de la fraction de rémunération présent dans le dossier RH de l'agent est égal au dénominateur de la fraction de rémunération saisi dans le mouvement 03.
A47: 25.00.00 | B47: A | C47: 45814.57 | D47: D0016 | E47: Contrôles PAY | F47: S0174 | G47: Mouvement 03 | H47: E1010 | I47: Contrôles d'alimentation du mouvement 03 | J47: La date d'effet d'un mouvement 03 est saisie | K47: BG03_DAT_EFF [BG_Occurrence_courante] <> Vide | L47: T2435 | M47: Ouvrier (Cadre Général) surcotisant | N47: Création Modification | O47: Le code saisi est égal à 'Ouvrier (Cadre Général) surcotisant' | P47: BG03_NJOUR [BG_Occurrence_courante] = 'OP' | Q47: Contractuel | R47: P0003 | S47: N | T47: Général | U47: Exclu | V47: 40725
A48: 25.00.00 | B48: A | C48: 45814.572 | D48: D0016 | E48: Contrôles PAY | F48: S0174 | G48: Mouvement 03 | H48: E1010 | I48: Contrôles d'alimentation du mouvement 03 | J48: La date d'effet d'un mouvement 03 est saisie | K48: BG03_DAT_EFF [BG_Occurrence_courante] <> Vide | L48: T2436 | M48: Contractuel PACTE | N48: Création Modification | O48: Le code saisi est égal à 'PACTE' | P48: BG03_NJOUR [BG_Occurrence_courante] = 'PA' | Q48: Contractuel | R48: P0003 | S48: N | T48: Général | U48: Exclu | V48: 40725
A49: 25.00.00 | B49: A | C49: 45814.574 | D49: D0016 | E49: Contrôles PAY | F49: S0174 | G49: Mouvement 03 | H49: E1010 | I49: Contrôles d'alimentation du mouvement 03 | J49: La date d'effet d'un mouvement 03 est saisie | K49: BG03_DAT_EFF [BG_Occurrence_courante] <> Vide | L49: T2437 | M49: Surcotisation Douanes, Police, Pénitentiaire | N49: Création Modification | O49: Le code saisi est égal à 'Surcotisation Douanes, Police, Pénitentiaire' | P49: BG03_NJOUR [BG_Occurrence_courante] = 'PP' | Q49: Contractuel | R49: P0003 | S49: N | T49: Général | U49: Exclu | V49: 40725
A50: 25.00.00 | B50: A | C50: 45814.576 | D50: D0016 | E50: Contrôles PAY | F50: S0174 | G50: Mouvement 03 | H50: E1010 | I50: Contrôles d'alimentation du mouvement 03 | J50: La date d'effet d'un mouvement 03 est saisie | K50: BG03_DAT_EFF [BG_Occurrence_courante] <> Vide | L50: T2438 | M50: Surcotisant temps partiel | N50: Création Modification | O50: Le code saisi est égal à 'Surcotisant temps partiel' | P50: BG03_NJOUR [BG_Occurrence_courante] = 'SP' | Q50: Contractuel | R50: P0003 | S50: N | T50: Général | U50: Exclu | V50: 40725
A51: 25.00.00 | B51: A | C51: 45814.578 | D51: D0016 | E51: Contrôles PAY | F51: S0174 | G51: Mouvement 03 | H51: E1010 | I51: Contrôles d'alimentation du mouvement 03 | J51: La date d'effet d'un mouvement 03 est saisie | K51: BG03_DAT_EFF [BG_Occurrence_courante] <> Vide | L51: T2439 | M51: Agent à temps partiel | N51: Création Modification | O51: Le code saisi est égal à 'Agent à temps partiel' | P51: BG03_NJOUR [BG_Occurrence_courante] = 'TP' | Q51: Contractuel | R51: P0003 | S51: N | T51: Général | U51: Passant | V51: 40725 | X51: G03_C_001 ET G03_C_002 ET G03_C_003 ET G03_C_005 ET G03_C_013 ET G03_C_014 ET G03_C_016 ET G03_C_017 | Y51: G03_C_001 | Z51: =VLOOKUP(Y51,'Axe 2 Règles de gestion'!$D$2:$F$20,3, FALSE) -> La date d'effet du mouvement 03 ne peut être postérieure au 31 du mois de la paye. | AA51: G03_C_002 | AB51: =VLOOKUP(AA51,'Axe 2 Règles de gestion'!$D$2:$F$20,3, FALSE) -> La date d'effet du mouvement 03 ne peut être antérieure ou égale à la date de prise en charge. | AC51: G03_C_003 | AD51: =VLOOKUP(AC51,'Axe 2 Règles de gestion'!$D$2:$F$20,3, FALSE) -> La date d'effet du mouvement 03 ne peut être antérieure à 3 ans ou plus du 1er jour du mois de paie en cours. Pour un rappel remontant à la quatrième année, il convient d'envoyer un mouvement 42. | AE51: G03_C_005 | AF51: =VLOOKUP(AE51,'Axe 2 Règles de gestion'!$D$2:$F$20,3, FALSE) -> Le nombre de mouvements de type 03 est limité à 20 par mois de paie et par numéro de dossier (NUDOS). | AG51: G03_C_013 | AH51: =VLOOKUP(AG51,'Axe 2 Règles de gestion'!$D$2:$F$20,3, FALSE) -> L'agent doit être en temps partiel thérapeutique ou en temps partiel. | AI51: G03_C_014 | AJ51: =VLOOKUP(AI51,'Axe 2 Règles de gestion'!$D$2:$F$20,3, FALSE) -> L'agent ne surcotise pas. | AK51: G03_C_016 | AL51: =VLOOKUP(AK51,'Axe 2 Règles de gestion'!$D$2:$F$20,3, FALSE) -> Le numérateur de la fraction de rémunération présent dans le dossier RH de l'agent est égal au numérateur de la fraction de rémunération saisi dans le mouvement 03. | AM51: G03_C_017 | AN51: =VLOOKUP(AM51,'Axe 2 Règles de gestion'!$D$2:$F$20,3, FALSE) -> Le dénominateur de la fraction de rémunération présent dans le dossier RH de l'agent est égal au dénominateur de la fraction de rémunération saisi dans le mouvement 03.
A52: 25.00.00 | B52: A | C52: 45814.58 | D52: D0016 | E52: Contrôles PAY | F52: S0174 | G52: Mouvement 03 | H52: E1010 | I52: Contrôles d'alimentation du mouvement 03 | J52: La date d'effet d'un mouvement 03 est saisie | K52: BG03_DAT_EFF [BG_Occurrence_courante] <> Vide | L52: T2440 | M52: Agent à temps incomplet | N52: Création Modification | O52: Le code saisi est égal à 'Agent à temps incomplet' | P52: BG03_NJOUR [BG_Occurrence_courante] = '00' | Q52: Contractuel | R52: P0003 | S52: N | T52: Général | U52: Passant | V52: 40725 | X52: G03_C_001 ET G03_C_002 ET G03_C_003 ET G03_C_005 ET G03_C_006 ET G03_C_016 ET G03_C_017 | Y52: G03_C_001 | Z52: =VLOOKUP(Y52,'Axe 2 Règles de gestion'!$D$2:$F$20,3, FALSE) -> La date d'effet du mouvement 03 ne peut être postérieure au 31 du mois de la paye. | AA52: G03_C_002 | AB52: =VLOOKUP(AA52,'Axe 2 Règles de gestion'!$D$2:$F$20,3, FALSE) -> La date d'effet du mouvement 03 ne peut être antérieure ou égale à la date de prise en charge. | AC52: G03_C_003 | AD52: =VLOOKUP(AC52,'Axe 2 Règles de gestion'!$D$2:$F$20,3, FALSE) -> La date d'effet du mouvement 03 ne peut être antérieure à 3 ans ou plus du 1er jour du mois de paie en cours. Pour un rappel remontant à la quatrième année, il convient d'envoyer un mouvement 42. | AE52: G03_C_005 | AF52: =VLOOKUP(AE52,'Axe 2 Règles de gestion'!$D$2:$F$20,3, FALSE) -> Le nombre de mouvements de type 03 est limité à 20 par mois de paie et par numéro de dossier (NUDOS). | AG52: G03_C_006 | AH52: =VLOOKUP(AG52,'Axe 2 Règles de gestion'!$D$2:$F$20,3, FALSE) -> L'agent doit être à temps incomplet. | AI52: G03_C_016 | AJ52: =VLOOKUP(AI52,'Axe 2 Règles de gestion'!$D$2:$F$20,3, FALSE) -> Le numérateur de la fraction de rémunération présent dans le dossier RH de l'agent est égal au numérateur de la fraction de rémunération saisi dans le mouvement 03. | AK52: G03_C_017 | AL52: =VLOOKUP(AK52,'Axe 2 Règles de gestion'!$D$2:$F$20,3, FALSE) -> Le dénominateur de la fraction de rémunération présent dans le dossier RH de l'agent est égal au dénominateur de la fraction de rémunération saisi dans le mouvement 03.
A53: 25.00.00 | B53: A | C53: 45814.582 | D53: D0016 | E53: Contrôles PAY | F53: S0174 | G53: Mouvement 03 | H53: E1010 | I53: Contrôles d'alimentation du mouvement 03 | J53: La date d'effet d'un mouvement 03 est saisie | K53: BG03_DAT_EFF [BG_Occurrence_courante] <> Vide | L53: T2441 | M53: Remise à blanc de la zone | N53: Création Modification | O53: Le code saisi est égal à 'Remise à blanc de la zone' | P53: BG03_NJOUR [BG_Occurrence_courante] = 'ZZ' | Q53: Contractuel | R53: P0003 | S53: N | T53: Général | U53: Passant | V53: 40725 | X53: G03_C_001 ET G03_C_002 ET G03_C_003 ET G03_C_005 ET G03_C_009 | Y53: G03_C_001 | Z53: =VLOOKUP(Y53,'Axe 2 Règles de gestion'!$D$2:$F$20,3, FALSE) -> La date d'effet du mouvement 03 ne peut être postérieure au 31 du mois de la paye. | AA53: G03_C_002 | AB53: =VLOOKUP(AA53,'Axe 2 Règles de gestion'!$D$2:$F$20,3, FALSE) -> La date d'effet du mouvement 03 ne peut être antérieure ou égale à la date de prise en charge. | AC53: G03_C_003 | AD53: =VLOOKUP(AC53,'Axe 2 Règles de gestion'!$D$2:$F$20,3, FALSE) -> La date d'effet du mouvement 03 ne peut être antérieure à 3 ans ou plus du 1er jour du mois de paie en cours. Pour un rappel remontant à la quatrième année, il convient d'envoyer un mouvement 42. | AE53: G03_C_005 | AF53: =VLOOKUP(AE53,'Axe 2 Règles de gestion'!$D$2:$F$20,3, FALSE) -> Le nombre de mouvements de type 03 est limité à 20 par mois de paie et par numéro de dossier (NUDOS). | AG53: G03_C_009 | AH53: =VLOOKUP(AG53,'Axe 2 Règles de gestion'!$D$2:$F$20,3, FALSE) -> La valeur 'ZZZZZ' doit être saisi dans le champ "Numérateur de la fraction de rémunération" et la valeur 'ZZZ' doit être saisi dans le champ "Dénominateur de la fraction de rémunération".
A54: 25.00.00 | B54: A | C54: 45814.588 | D54: D0016 | E54: Contrôles PAY | F54: S0174 | G54: Mouvement 03 | H54: E1010 | I54: Contrôles d'alimentation du mouvement 03 | J54: La date d'effet d'un mouvement 03 est saisie | K54: BG03_DAT_EFF [BG_Occurrence_courante] <> Vide | L54: T2442 | M54: Surcotisation CPA | N54: Création Modification | O54: Le code saisi est égal à 'Surcotisation CPA' | P54: BG03_NJOUR [BG_Occurrence_courante] = 'SO' | Q54: Contractuel | R54: P0003 | S54: N | T54: Général | U54: Passant | V54: 40725 | W54: 43555 | X54: G03_C_001 ET G03_C_002 ET G03_C_003 ET G03_C_005 ET G03_C_010 ET G03_C_016 ET G03_C_017 ET G03_C_020 | Y54: G03_C_001 | Z54: =VLOOKUP(Y54,'Axe 2 Règles de gestion'!$D$2:$F$20,3, FALSE) -> La date d'effet du mouvement 03 ne peut être postérieure au 31 du mois de la paye. | AA54: G03_C_002 | AB54: =VLOOKUP(AA54,'Axe 2 Règles de gestion'!$D$2:$F$20,3, FALSE) -> La date d'effet du mouvement 03 ne peut être antérieure ou égale à la date de prise en charge. | AC54: G03_C_003 | AD54: =VLOOKUP(AC54,'Axe 2 Règles de gestion'!$D$2:$F$20,3, FALSE) -> La date d'effet du mouvement 03 ne peut être antérieure à 3 ans ou plus du 1er jour du mois de paie en cours. Pour un rappel remontant à la quatrième année, il convient d'envoyer un mouvement 42. | AE54: G03_C_005 | AF54: =VLOOKUP(AE54,'Axe 2 Règles de gestion'!$D$2:$F$20,3, FALSE) -> Le nombre de mouvements de type 03 est limité à 20 par mois de paie et par numéro de dossier (NUDOS). | AG54: G03_C_010 | AH54: =VLOOKUP(AG54,'Axe 2 Règles de gestion'!$D$2:$F$20,3, FALSE) -> L'agent surcotise. | AI54: G03_C_016 | AJ54: =VLOOKUP(AI54,'Axe 2 Règles de gestion'!$D$2:$F$20,3, FALSE) -> Le numérateur de la fraction de rémunération présent dans le dossier RH de l'agent est égal au numérateur de la fraction de rémunération saisi dans le mouvement 03. | AK54: G03_C_017 | AL54: =VLOOKUP(AK54,'Axe 2 Règles de gestion'!$D$2:$F$20,3, FALSE) -> Le dénominateur de la fraction de rémunération présent dans le dossier RH de l'agent est égal au dénominateur de la fraction de rémunération saisi dans le mouvement 03. | AM54: G03_C_020 | AN54: =VLOOKUP(AM54,'Axe 2 Règles de gestion'!$D$2:$F$20,3, FALSE) -> L'agent doit être en cessation progressive d'activité.
A55: 25.00.00 | B55: A | C55: 45814.592 | D55: D0016 | E55: Contrôles PAY | F55: S0174 | G55: Mouvement 03 | H55: E1010 | I55: Contrôles d'alimentation du mouvement 03 | J55: La date d'effet d'un mouvement 03 est saisie | K55: BG03_DAT_EFF [BG_Occurrence_courante] <> Vide | L55: T2443 | M55: Maître de l'enseignement privé en CPA | N55: Création Modification | O55: Le code saisi est égal à 'Maître de l'enseignement privé en CPA' | P55: BG03_NJOUR [BG_Occurrence_courante] = 'EP' | Q55: Contractuel | R55: P0003 | S55: N | T55: Général | U55: Exclu | V55: 40725 | W55: 43555
A56: 25.00.00 | B56: A | C56: 45814.507 | D56: D0016 | E56: Contrôles PAY | F56: S0174 | G56: Mouvement 03 | H56: E1010 | I56: Contrôles d'alimentation du mouvement 03 | J56: La date d'effet d'un mouvement 03 est saisie | K56: BG03_DAT_EFF [BG_Occurrence_courante] <> Vide | L56: T2426 | M56: Ouvrier de l'aviation civile, temps plein | N56: Création Modification | O56: Le code saisi est égal à 'Ouvrier de l'aviation civile, temps plein' | P56: BG03_NJOUR [BG_Occurrence_courante] = 'AC' | Q56: Stagiaire ou auditeur ou élève | R56: P0004 | S56: S | T56: Général | U56: Exclu | V56: 40725
A57: 25.00.00 | B57: A | C57: 45814.515 | D57: D0016 | E57: Contrôles PAY | F57: S0174 | G57: Mouvement 03 | H57: E1010 | I57: Contrôles d'alimentation du mouvement 03 | J57: La date d'effet d'un mouvement 03 est saisie | K57: BG03_DAT_EFF [BG_Occurrence_courante] <> Vide | L57: T2427 | M57: Ouvrier de l'aviation civile, temps partiel | N57: Création Modification | O57: Le code saisi est égal à 'Ouvrier de l'aviation civile, temps partiel' | P57: BG03_NJOUR [BG_Occurrence_courante] = 'BC' | Q57: Stagiaire ou auditeur ou élève | R57: P0004 | S57: S | T57: Général | U57: Exclu | V57: 40725
A58: 25.00.00 | B58: A | C58: 45814.517 | D58: D0016 | E58: Contrôles PAY | F58: S0174 | G58: Mouvement 03 | H58: E1010 | I58: Contrôles d'alimentation du mouvement 03 | J58: La date d'effet d'un mouvement 03 est saisie | K58: BG03_DAT_EFF [BG_Occurrence_courante] <> Vide | L58: T2428 | M58: Contrat d'accompagnement dans l'emploi | N58: Création Modification | O58: Le code saisi est égal à 'CAE' | P58: BG03_NJOUR [BG_Occurrence_courante] = 'CA' | Q58: Stagiaire ou auditeur ou élève | R58: P0004 | S58: S | T58: Général | U58: Exclu | V58: 40725
A59: 25.00.00 | B59: A | C59: 45814.519 | D59: D0016 | E59: Contrôles PAY | F59: S0174 | G59: Mouvement 03 | H59: E1010 | I59: Contrôles d'alimentation du mouvement 03 | J59: La date d'effet d'un mouvement 03 est saisie | K59: BG03_DAT_EFF [BG_Occurrence_courante] <> Vide | L59: T2429 | M59: Ouvrier de l'aviation civile, surcotisant | N59: Création Modification | O59: Le code saisi est égal à 'Ouvrier de l'aviation civile, surcotisant' | P59: BG03_NJOUR [BG_Occurrence_courante] = 'CC' | Q59: Stagiaire ou auditeur ou élève | R59: P0004 | S59: S | T59: Général | U59: Exclu | V59: 40725
A60: 25.00.00 | B60: A | C60: 45814.547 | D60: D0016 | E60: Contrôles PAY | F60: S0174 | G60: Mouvement 03 | H60: E1010 | I60: Contrôles d'alimentation du mouvement 03 | J60: La date d'effet d'un mouvement 03 est saisie | K60: BG03_DAT_EFF [BG_Occurrence_courante] <> Vide | L60: T2430 | M60: Agent Handicapé, dont l'incapacité est de 80% au moins, surcotisant | N60: Création Modification | O60: Le code saisi est égal à 'Agent Handicapé, dont l'incapacité est de 80% au moins, surcotisant' | P60: BG03_NJOUR [BG_Occurrence_courante] = 'HA' | Q60: Stagiaire ou auditeur ou élève | R60: P0004 | S60: S | T60: Général | U60: Passant | V60: 40725 | X60: G03_C_001 ET G03_C_002 ET G03_C_003 ET G03_C_005 ET G03_C_010 ET G03_C_011 ET G03_C_013 ET G03_C_016 ET G03_C_017 | Y60: G03_C_001 | Z60: =VLOOKUP(Y60,'Axe 2 Règles de gestion'!$D$2:$F$20,3, FALSE) -> La date d'effet du mouvement 03 ne peut être postérieure au 31 du mois de la paye. | AA60: G03_C_002 | AB60: =VLOOKUP(AA60,'Axe 2 Règles de gestion'!$D$2:$F$20,3, FALSE) -> La date d'effet du mouvement 03 ne peut être antérieure ou égale à la date de prise en charge. | AC60: G03_C_003 | AD60: =VLOOKUP(AC60,'Axe 2 Règles de gestion'!$D$2:$F$20,3, FALSE) -> La date d'effet du mouvement 03 ne peut être antérieure à 3 ans ou plus du 1er jour du mois de paie en cours. Pour un rappel remontant à la quatrième année, il convient d'envoyer un mouvement 42. | AE60: G03_C_005 | AF60: =VLOOKUP(AE60,'Axe 2 Règles de gestion'!$D$2:$F$20,3, FALSE) -> Le nombre de mouvements de type 03 est limité à 20 par mois de paie et par numéro de dossier (NUDOS). | AG60: G03_C_010 | AH60: =VLOOKUP(AG60,'Axe 2 Règles de gestion'!$D$2:$F$20,3, FALSE) -> L'agent surcotise. | AI60: G03_C_011 | AJ60: =VLOOKUP(AI60,'Axe 2 Règles de gestion'!$D$2:$F$20,3, FALSE) -> L'agent est handicapé à 80% ou plus. | AK60: G03_C_013 | AL60: =VLOOKUP(AK60,'Axe 2 Règles de gestion'!$D$2:$F$20,3, FALSE) -> L'agent doit être en temps partiel thérapeutique ou en temps partiel. | AM60: G03_C_016 | AN60: =VLOOKUP(AM60,'Axe 2 Règles de gestion'!$D$2:$F$20,3, FALSE) -> Le numérateur de la fraction de rémunération présent dans le dossier RH de l'agent est égal au numérateur de la fraction de rémunération saisi dans le mouvement 03. | AO60: G03_C_017 | AP60: =VLOOKUP(AO60,'Axe 2 Règles de gestion'!$D$2:$F$20,3, FALSE) -> Le dénominateur de la fraction de rémunération présent dans le dossier RH de l'agent est égal au dénominateur de la fraction de rémunération saisi dans le mouvement 03.
A61: 25.00.00 | B61: A | C61: 45814.548 | D61: D0016 | E61: Contrôles PAY | F61: S0174 | G61: Mouvement 03 | H61: E1010 | I61: Contrôles d'alimentation du mouvement 03 | J61: La date d'effet d'un mouvement 03 est saisie | K61: BG03_DAT_EFF [BG_Occurrence_courante] <> Vide | L61: T2431 | M61: Ouvrier (Cadre Général), à temps partiel, surcotisant, avec handicap d'au moins 80% | N61: Création Modification | O61: Le code saisi est égal à 'Ouvrier (Cadre Général), à temps partiel, surcotisant, avec handicap d'au moins 80%' | P61: BG03_NJOUR [BG_Occurrence_courante] = 'IP' | Q61: Stagiaire ou auditeur ou élève | R61: P0004 | S61: S | T61: Général | U61: Exclu | V61: 40725
A62: 25.00.00 | B62: A | C62: 45814.549 | D62: D0016 | E62: Contrôles PAY | F62: S0174 | G62: Mouvement 03 | H62: E1010 | I62: Contrôles d'alimentation du mouvement 03 | J62: La date d'effet d'un mouvement 03 est saisie | K62: BG03_DAT_EFF [BG_Occurrence_courante] <> Vide | L62: T2432 | M62: Ouvrier Aviation Civile, à temps partiel, surcotisant, avec handicap d'au moins 80% | N62: Création Modification | O62: Le code saisi est égal à 'Ouvrier Aviation Civile, à temps partiel, surcotisant, avec handicap d'au moins 80%' | P62: BG03_NJOUR [BG_Occurrence_courante] = 'JC' | Q62: Stagiaire ou auditeur ou élève | R62: P0004 | S62: S | T62: Général | U62: Exclu | V62: 40725
A63: 25.00.00 | B63: A | C63: 45814.551 | D63: D0016 | E63: Contrôles PAY | F63: S0174 | G63: Mouvement 03 | H63: E1010 | I63: Contrôles d'alimentation du mouvement 03 | J63: La date d'effet d'un mouvement 03 est saisie | K63: BG03_DAT_EFF [BG_Occurrence_courante] <> Vide | L63: T2433 | M63: Militaire DGA, pour proratisation de certains éléments | N63: Création Modification | O63: Le code saisi est égal à 'Militaire DGA, pour proratisation de certains éléments' | P63: BG03_NJOUR [BG_Occurrence_courante] = 'MI' | Q63: Stagiaire ou auditeur ou élève | R63: P0004 | S63: S | T63: Général | U63: Exclu | V63: 40725
A64: 25.00.00 | B64: A | C64: 45814.554 | D64: D0016 | E64: Contrôles PAY | F64: S0174 | G64: Mouvement 03 | H64: E1010 | I64: Contrôles d'alimentation du mouvement 03 | J64: La date d'effet d'un mouvement 03 est saisie | K64: BG03_DAT_EFF [BG_Occurrence_courante] <> Vide | L64: T2434 | M64: Agent non titulaire surcotisant | N64: Création Modification | O64: Le code saisi est égal à 'Agent non titulaire surcotisant' | P64: BG03_NJOUR [BG_Occurrence_courante] = 'NP' | Q64: Stagiaire ou auditeur ou élève | R64: P0004 | S64: S | T64: Général | U64: Exclu | V64: 40725
A65: 25.00.00 | B65: A | C65: 45814.57 | D65: D0016 | E65: Contrôles PAY | F65: S0174 | G65: Mouvement 03 | H65: E1010 | I65: Contrôles d'alimentation du mouvement 03 | J65: La date d'effet d'un mouvement 03 est saisie | K65: BG03_DAT_EFF [BG_Occurrence_courante] <> Vide | L65: T2435 | M65: Ouvrier (Cadre Général) surcotisant | N65: Création Modification | O65: Le code saisi est égal à 'Ouvrier (Cadre Général) surcotisant' | P65: BG03_NJOUR [BG_Occurrence_courante] = 'OP' | Q65: Stagiaire ou auditeur ou élève | R65: P0004 | S65: S | T65: Général | U65: Exclu | V65: 40725
A66: 25.00.00 | B66: A | C66: 45814.572 | D66: D0016 | E66: Contrôles PAY | F66: S0174 | G66: Mouvement 03 | H66: E1010 | I66: Contrôles d'alimentation du mouvement 03 | J66: La date d'effet d'un mouvement 03 est saisie | K66: BG03_DAT_EFF [BG_Occurrence_courante] <> Vide | L66: T2436 | M66: Contractuel PACTE | N66: Création Modification | O66: Le code saisi est égal à 'PACTE' | P66: BG03_NJOUR [BG_Occurrence_courante] = 'PA' | Q66: Stagiaire ou auditeur ou élève | R66: P0004 | S66: S | T66: Général | U66: Exclu | V66: 40725
A67: 25.00.00 | B67: A | C67: 45814.574 | D67: D0016 | E67: Contrôles PAY | F67: S0174 | G67: Mouvement 03 | H67: E1010 | I67: Contrôles d'alimentation du mouvement 03 | J67: La date d'effet d'un mouvement 03 est saisie | K67: BG03_DAT_EFF [BG_Occurrence_courante] <> Vide | L67: T2437 | M67: Surcotisation Douanes, Police, Pénitentiaire | N67: Création Modification | O67: Le code saisi est égal à 'Surcotisation Douanes, Police, Pénitentiaire' | P67: BG03_NJOUR [BG_Occurrence_courante] = 'PP' | Q67: Stagiaire ou auditeur ou élève | R67: P0004 | S67: S | T67: Général | U67: Exclu | V67: 40725
A68: 25.00.00 | B68: A | C68: 45814.576 | D68: D0016 | E68: Contrôles PAY | F68: S0174 | G68: Mouvement 03 | H68: E1010 | I68: Contrôles d'alimentation du mouvement 03 | J68: La date d'effet d'un mouvement 03 est saisie | K68: BG03_DAT_EFF [BG_Occurrence_courante] <> Vide | L68: T2438 | M68: Surcotisant temps partiel | N68: Création Modification | O68: Le code saisi est égal à 'Surcotisant temps partiel' | P68: BG03_NJOUR [BG_Occurrence_courante] = 'SP' | Q68: Stagiaire ou auditeur ou élève | R68: P0004 | S68: S | T68: Général | U68: Passant | V68: 40725 | X68: G03_C_001 ET G03_C_002 ET G03_C_003 ET G03_C_005 ET G03_C_010 ET G03_C_013 ET G03_C_015 ET G03_C_016 ET G03_C_017 | Y68: G03_C_001 | Z68: =VLOOKUP(Y68,'Axe 2 Règles de gestion'!$D$2:$F$20,3, FALSE) -> La date d'effet du mouvement 03 ne peut être postérieure au 31 du mois de la paye. | AA68: G03_C_002 | AB68: =VLOOKUP(AA68,'Axe 2 Règles de gestion'!$D$2:$F$20,3, FALSE) -> La date d'effet du mouvement 03 ne peut être antérieure ou égale à la date de prise en charge. | AC68: G03_C_003 | AD68: =VLOOKUP(AC68,'Axe 2 Règles de gestion'!$D$2:$F$20,3, FALSE) -> La date d'effet du mouvement 03 ne peut être antérieure à 3 ans ou plus du 1er jour du mois de paie en cours. Pour un rappel remontant à la quatrième année, il convient d'envoyer un mouvement 42. | AE68: G03_C_005 | AF68: =VLOOKUP(AE68,'Axe 2 Règles de gestion'!$D$2:$F$20,3, FALSE) -> Le nombre de mouvements de type 03 est limité à 20 par mois de paie et par numéro de dossier (NUDOS). | AG68: G03_C_010 | AH68: =VLOOKUP(AG68,'Axe 2 Règles de gestion'!$D$2:$F$20,3, FALSE) -> L'agent surcotise. | AI68: G03_C_013 | AJ68: =VLOOKUP(AI68,'Axe 2 Règles de gestion'!$D$2:$F$20,3, FALSE) -> L'agent doit être en temps partiel thérapeutique ou en temps partiel. | AK68: G03_C_015 | AL68: =VLOOKUP(AK68,'Axe 2 Règles de gestion'!$D$2:$F$20,3, FALSE) -> Si l'agent est handicapé alors il l'est à moins de 80%. | AM68: G03_C_016 | AN68: =VLOOKUP(AM68,'Axe 2 Règles de gestion'!$D$2:$F$20,3, FALSE) -> Le numérateur de la fraction de rémunération présent dans le dossier RH de l'agent est égal au numérateur de la fraction de rémunération saisi dans le mouvement 03. | AO68: G03_C_017 | AP68: =VLOOKUP(AO68,'Axe 2 Règles de gestion'!$D$2:$F$20,3, FALSE) -> Le dénominateur de la fraction de rémunération présent dans le dossier RH de l'agent est égal au dénominateur de la fraction de rémunération saisi dans le mouvement 03.
A69: 25.00.00 | B69: A | C69: 45814.578 | D69: D0016 | E69: Contrôles PAY | F69: S0174 | G69: Mouvement 03 | H69: E1010 | I69: Contrôles d'alimentation du mouvement 03 | J69: La date d'effet d'un mouvement 03 est saisie | K69: BG03_DAT_EFF [BG_Occurrence_courante] <> Vide | L69: T2439 | M69: Agent à temps partiel | N69: Création Modification | O69: Le code saisi est égal à 'Agent à temps partiel' | P69: BG03_NJOUR [BG_Occurrence_courante] = 'TP' | Q69: Stagiaire ou auditeur ou élève | R69: P0004 | S69: S | T69: Général | U69: Passant | V69: 40725 | X69: G03_C_001 ET G03_C_002 ET G03_C_003 ET G03_C_005 ET G03_C_013 ET G03_C_014 ET G03_C_016 ET G03_C_017 | Y69: G03_C_001 | Z69: =VLOOKUP(Y69,'Axe 2 Règles de gestion'!$D$2:$F$20,3, FALSE) -> La date d'effet du mouvement 03 ne peut être postérieure au 31 du mois de la paye. | AA69: G03_C_002 | AB69: =VLOOKUP(AA69,'Axe 2 Règles de gestion'!$D$2:$F$20,3, FALSE) -> La date d'effet du mouvement 03 ne peut être antérieure ou égale à la date de prise en charge. | AC69: G03_C_003 | AD69: =VLOOKUP(AC69,'Axe 2 Règles de gestion'!$D$2:$F$20,3, FALSE) -> La date d'effet du mouvement 03 ne peut être antérieure à 3 ans ou plus du 1er jour du mois de paie en cours. Pour un rappel remontant à la quatrième année, il convient d'envoyer un mouvement 42. | AE69: G03_C_005 | AF69: =VLOOKUP(AE69,'Axe 2 Règles de gestion'!$D$2:$F$20,3, FALSE) -> Le nombre de mouvements de type 03 est limité à 20 par mois de paie et par numéro de dossier (NUDOS). | AG69: G03_C_013 | AH69: =VLOOKUP(AG69,'Axe 2 Règles de gestion'!$D$2:$F$20,3, FALSE) -> L'agent doit être en temps partiel thérapeutique ou en temps partiel. | AI69: G03_C_014 | AJ69: =VLOOKUP(AI69,'Axe 2 Règles de gestion'!$D$2:$F$20,3, FALSE) -> L'agent ne surcotise pas. | AK69: G03_C_016 | AL69: =VLOOKUP(AK69,'Axe 2 Règles de gestion'!$D$2:$F$20,3, FALSE) -> Le numérateur de la fraction de rémunération présent dans le dossier RH de l'agent est égal au numérateur de la fraction de rémunération saisi dans le mouvement 03. | AM69: G03_C_017 | AN69: =VLOOKUP(AM69,'Axe 2 Règles de gestion'!$D$2:$F$20,3, FALSE) -> Le dénominateur de la fraction de rémunération présent dans le dossier RH de l'agent est égal au dénominateur de la fraction de rémunération saisi dans le mouvement 03.
A70: 25.00.00 | B70: A | C70: 45814.58 | D70: D0016 | E70: Contrôles PAY | F70: S0174 | G70: Mouvement 03 | H70: E1010 | I70: Contrôles d'alimentation du mouvement 03 | J70: La date d'effet d'un mouvement 03 est saisie | K70: BG03_DAT_EFF [BG_Occurrence_courante] <> Vide | L70: T2440 | M70: Agent à temps incomplet | N70: Création Modification | O70: Le code saisi est égal à 'Agent à temps incomplet' | P70: BG03_NJOUR [BG_Occurrence_courante] = '00' | Q70: Stagiaire ou auditeur ou élève | R70: P0004 | S70: S | T70: Général | U70: Exclu | V70: 40725
A71: 25.00.00 | B71: A | C71: 45814.581 | D71: D0016 | E71: Contrôles PAY | F71: S0174 | G71: Mouvement 03 | H71: E1010 | I71: Contrôles d'alimentation du mouvement 03 | J71: La date d'effet d'un mouvement 03 est saisie | K71: BG03_DAT_EFF [BG_Occurrence_courante] <> Vide | L71: T2441 | M71: Remise à blanc de la zone | N71: Création Modification | O71: Le code saisi est égal à 'Remise à blanc de la zone' | P71: BG03_NJOUR [BG_Occurrence_courante] = 'ZZ' | Q71: Stagiaire ou auditeur ou élève | R71: P0004 | S71: S | T71: Général | U71: Passant | V71: 40725 | X71: G03_C_001 ET G03_C_002 ET G03_C_003 ET G03_C_005 ET G03_C_009 | Y71: G03_C_001 | Z71: =VLOOKUP(Y71,'Axe 2 Règles de gestion'!$D$2:$F$20,3, FALSE) -> La date d'effet du mouvement 03 ne peut être postérieure au 31 du mois de la paye. | AA71: G03_C_002 | AB71: =VLOOKUP(AA71,'Axe 2 Règles de gestion'!$D$2:$F$20,3, FALSE) -> La date d'effet du mouvement 03 ne peut être antérieure ou égale à la date de prise en charge. | AC71: G03_C_003 | AD71: =VLOOKUP(AC71,'Axe 2 Règles de gestion'!$D$2:$F$20,3, FALSE) -> La date d'effet du mouvement 03 ne peut être antérieure à 3 ans ou plus du 1er jour du mois de paie en cours. Pour un rappel remontant à la quatrième année, il convient d'envoyer un mouvement 42. | AE71: G03_C_005 | AF71: =VLOOKUP(AE71,'Axe 2 Règles de gestion'!$D$2:$F$20,3, FALSE) -> Le nombre de mouvements de type 03 est limité à 20 par mois de paie et par numéro de dossier (NUDOS). | AG71: G03_C_009 | AH71: =VLOOKUP(AG71,'Axe 2 Règles de gestion'!$D$2:$F$20,3, FALSE) -> La valeur 'ZZZZZ' doit être saisi dans le champ "Numérateur de la fraction de rémunération" et la valeur 'ZZZ' doit être saisi dans le champ "Dénominateur de la fraction de rémunération".
A72: 25.00.00 | B72: A | C72: 45814.588 | D72: D0016 | E72: Contrôles PAY | F72: S0174 | G72: Mouvement 03 | H72: E1010 | I72: Contrôles d'alimentation du mouvement 03 | J72: La date d'effet d'un mouvement 03 est saisie | K72: BG03_DAT_EFF [BG_Occurrence_courante] <> Vide | L72: T2442 | M72: Surcotisation CPA | N72: Création Modification | O72: Le code saisi est égal à 'Surcotisation CPA' | P72: BG03_NJOUR [BG_Occurrence_courante] = 'SO' | Q72: Stagiaire ou auditeur ou élève | R72: P0004 | S72: S | T72: Général | U72: Passant | V72: 40725 | W72: 43555 | X72: G03_C_001 ET G03_C_002 ET G03_C_003 ET G03_C_005 ET G03_C_010 ET G03_C_016 ET G03_C_017 ET G03_C_020 | Y72: G03_C_001 | Z72: =VLOOKUP(Y72,'Axe 2 Règles de gestion'!$D$2:$F$20,3, FALSE) -> La date d'effet du mouvement 03 ne peut être postérieure au 31 du mois de la paye. | AA72: G03_C_002 | AB72: =VLOOKUP(AA72,'Axe 2 Règles de gestion'!$D$2:$F$20,3, FALSE) -> La date d'effet du mouvement 03 ne peut être antérieure ou égale à la date de prise en charge. | AC72: G03_C_003 | AD72: =VLOOKUP(AC72,'Axe 2 Règles de gestion'!$D$2:$F$20,3, FALSE) -> La date d'effet du mouvement 03 ne peut être antérieure à 3 ans ou plus du 1er jour du mois de paie en cours. Pour un rappel remontant à la quatrième année, il convient d'envoyer un mouvement 42. | AE72: G03_C_005 | AF72: =VLOOKUP(AE72,'Axe 2 Règles de gestion'!$D$2:$F$20,3, FALSE) -> Le nombre de mouvements de type 03 est limité à 20 par mois de paie et par numéro de dossier (NUDOS). | AG72: G03_C_010 | AH72: =VLOOKUP(AG72,'Axe 2 Règles de gestion'!$D$2:$F$20,3, FALSE) -> L'agent surcotise. | AI72: G03_C_016 | AJ72: =VLOOKUP(AI72,'Axe 2 Règles de gestion'!$D$2:$F$20,3, FALSE) -> Le numérateur de la fraction de rémunération présent dans le dossier RH de l'agent est égal au numérateur de la fraction de rémunération saisi dans le mouvement 03. | AK72: G03_C_017 | AL72: =VLOOKUP(AK72,'Axe 2 Règles de gestion'!$D$2:$F$20,3, FALSE) -> Le dénominateur de la fraction de rémunération présent dans le dossier RH de l'agent est égal au dénominateur de la fraction de rémunération saisi dans le mouvement 03. | AM72: G03_C_020 | AN72: =VLOOKUP(AM72,'Axe 2 Règles de gestion'!$D$2:$F$20,3, FALSE) -> L'agent doit être en cessation progressive d'activité.
A73: 25.00.00 | B73: A | C73: 45814.592 | D73: D0016 | E73: Contrôles PAY | F73: S0174 | G73: Mouvement 03 | H73: E1010 | I73: Contrôles d'alimentation du mouvement 03 | J73: La date d'effet d'un mouvement 03 est saisie | K73: BG03_DAT_EFF [BG_Occurrence_courante] <> Vide | L73: T2443 | M73: Maître de l'enseignement privé en CPA | N73: Création Modification | O73: Le code saisi est égal à 'Maître de l'enseignement privé en CPA' | P73: BG03_NJOUR [BG_Occurrence_courante] = 'EP' | Q73: Stagiaire ou auditeur ou élève | R73: P0004 | S73: S | T73: Général | U73: Exclu | V73: 40725 | W73: 43555
A74: 25.00.00 | B74: A | C74: 45814.506 | D74: D0016 | E74: Contrôles PAY | F74: S0174 | G74: Mouvement 03 | H74: E1010 | I74: Contrôles d'alimentation du mouvement 03 | J74: La date d'effet d'un mouvement 03 est saisie | K74: BG03_DAT_EFF [BG_Occurrence_courante] <> Vide | L74: T2426 | M74: Ouvrier de l'aviation civile, temps plein | N74: Création Modification | O74: Le code saisi est égal à 'Ouvrier de l'aviation civile, temps plein' | P74: BG03_NJOUR [BG_Occurrence_courante] = 'AC' | Q74: Ouvrier d'état | R74: P0005 | S74: O | T74: Général | U74: Passant | V74: 40725 | X74: G03_C_001 ET G03_C_002 ET G03_C_003 ET G03_C_005 ET G03_C_012 ET G03_C_021 | Y74: G03_C_001 | Z74: =VLOOKUP(Y74,'Axe 2 Règles de gestion'!$D$2:$F$20,3, FALSE) -> La date d'effet du mouvement 03 ne peut être postérieure au 31 du mois de la paye. | AA74: G03_C_002 | AB74: =VLOOKUP(AA74,'Axe 2 Règles de gestion'!$D$2:$F$20,3, FALSE) -> La date d'effet du mouvement 03 ne peut être antérieure ou égale à la date de prise en charge. | AC74: G03_C_003 | AD74: =VLOOKUP(AC74,'Axe 2 Règles de gestion'!$D$2:$F$20,3, FALSE) -> La date d'effet du mouvement 03 ne peut être antérieure à 3 ans ou plus du 1er jour du mois de paie en cours. Pour un rappel remontant à la quatrième année, il convient d'envoyer un mouvement 42. | AE74: G03_C_005 | AF74: =VLOOKUP(AE74,'Axe 2 Règles de gestion'!$D$2:$F$20,3, FALSE) -> Le nombre de mouvements de type 03 est limité à 20 par mois de paie et par numéro de dossier (NUDOS). | AG74: G03_C_012 | AH74: =VLOOKUP(AG74,'Axe 2 Règles de gestion'!$D$2:$F$20,3, FALSE) -> L'agent doit être à temps plein. | AI74: G03_C_021 | AJ74: =VLOOKUP(AI74,'Axe 2 Règles de gestion'!$D$2:$F$20,3, FALSE) -> L'agent est rattaché à la direction générale de l'aviation civile.
A75: 25.00.00 | B75: A | C75: 45814.508 | D75: D0016 | E75: Contrôles PAY | F75: S0174 | G75: Mouvement 03 | H75: E1010 | I75: Contrôles d'alimentation du mouvement 03 | J75: La date d'effet d'un mouvement 03 est saisie | K75: BG03_DAT_EFF [BG_Occurrence_courante] <> Vide | L75: T2427 | M75: Ouvrier de l'aviation civile, temps partiel | N75: Création Modification | O75: Le code saisi est égal à 'Ouvrier de l'aviation civile, temps partiel' | P75: BG03_NJOUR [BG_Occurrence_courante] = 'BC' | Q75: Ouvrier d'état | R75: P0005 | S75: O | T75: Général | U75: Passant | V75: 40725 | X75: G03_C_001 ET G03_C_002 ET G03_C_003 ET G03_C_005 ET G03_C_013 ET G03_C_014 ET G03_C_016 ET G03_C_017 ET G03_C_021 | Y75: G03_C_001 | Z75: =VLOOKUP(Y75,'Axe 2 Règles de gestion'!$D$2:$F$20,3, FALSE) -> La date d'effet du mouvement 03 ne peut être postérieure au 31 du mois de la paye. | AA75: G03_C_002 | AB75: =VLOOKUP(AA75,'Axe 2 Règles de gestion'!$D$2:$F$20,3, FALSE) -> La date d'effet du mouvement 03 ne peut être antérieure ou égale à la date de prise en charge. | AC75: G03_C_003 | AD75: =VLOOKUP(AC75,'Axe 2 Règles de gestion'!$D$2:$F$20,3, FALSE) -> La date d'effet du mouvement 03 ne peut être antérieure à 3 ans ou plus du 1er jour du mois de paie en cours. Pour un rappel remontant à la quatrième année, il convient d'envoyer un mouvement 42. | AE75: G03_C_005 | AF75: =VLOOKUP(AE75,'Axe 2 Règles de gestion'!$D$2:$F$20,3, FALSE) -> Le nombre de mouvements de type 03 est limité à 20 par mois de paie et par numéro de dossier (NUDOS). | AG75: G03_C_013 | AH75: =VLOOKUP(AG75,'Axe 2 Règles de gestion'!$D$2:$F$20,3, FALSE) -> L'agent doit être en temps partiel thérapeutique ou en temps partiel. | AI75: G03_C_014 | AJ75: =VLOOKUP(AI75,'Axe 2 Règles de gestion'!$D$2:$F$20,3, FALSE) -> L'agent ne surcotise pas. | AK75: G03_C_016 | AL75: =VLOOKUP(AK75,'Axe 2 Règles de gestion'!$D$2:$F$20,3, FALSE) -> Le numérateur de la fraction de rémunération présent dans le dossier RH de l'agent est égal au numérateur de la fraction de rémunération saisi dans le mouvement 03. | AM75: G03_C_017 | AN75: =VLOOKUP(AM75,'Axe 2 Règles de gestion'!$D$2:$F$20,3, FALSE) -> Le dénominateur de la fraction de rémunération présent dans le dossier RH de l'agent est égal au dénominateur de la fraction de rémunération saisi dans le mouvement 03. | AO75: G03_C_021 | AP75: =VLOOKUP(AO75,'Axe 2 Règles de gestion'!$D$2:$F$20,3, FALSE) -> L'agent est rattaché à la direction générale de l'aviation civile.
A76: 25.00.00 | B76: A | C76: 45814.518 | D76: D0016 | E76: Contrôles PAY | F76: S0174 | G76: Mouvement 03 | H76: E1010 | I76: Contrôles d'alimentation du mouvement 03 | J76: La date d'effet d'un mouvement 03 est saisie | K76: BG03_DAT_EFF [BG_Occurrence_courante] <> Vide | L76: T2428 | M76: Contrat d'accompagnement dans l'emploi | N76: Création Modification | O76: Le code saisi est égal à 'CAE' | P76: BG03_NJOUR [BG_Occurrence_courante] = 'CA' | Q76: Ouvrier d'état | R76: P0005 | S76: O | T76: Général | U76: Exclu | V76: 40725
A77: 25.00.00 | B77: A | C77: 45814.519 | D77: D0016 | E77: Contrôles PAY | F77: S0174 | G77: Mouvement 03 | H77: E1010 | I77: Contrôles d'alimentation du mouvement 03 | J77: La date d'effet d'un mouvement 03 est saisie | K77: BG03_DAT_EFF [BG_Occurrence_courante] <> Vide | L77: T2429 | M77: Ouvrier de l'aviation civile, surcotisant | N77: Création Modification | O77: Le code saisi est égal à 'Ouvrier de l'aviation civile, surcotisant' | P77: BG03_NJOUR [BG_Occurrence_courante] = 'CC' | Q77: Ouvrier d'état | R77: P0005 | S77: O | T77: Général | U77: Passant | V77: 40725 | X77: G03_C_001 ET G03_C_002 ET G03_C_003 ET G03_C_005 ET G03_C_010 ET G03_C_013 ET G03_C_015 ET G03_C_016 ET G03_C_017 ET G03_C_021 | Y77: G03_C_001 | Z77: =VLOOKUP(Y77,'Axe 2 Règles de gestion'!$D$2:$F$20,3, FALSE) -> La date d'effet du mouvement 03 ne peut être postérieure au 31 du mois de la paye. | AA77: G03_C_002 | AB77: =VLOOKUP(AA77,'Axe 2 Règles de gestion'!$D$2:$F$20,3, FALSE) -> La date d'effet du mouvement 03 ne peut être antérieure ou égale à la date de prise en charge. | AC77: G03_C_003 | AD77: =VLOOKUP(AC77,'Axe 2 Règles de gestion'!$D$2:$F$20,3, FALSE) -> La date d'effet du mouvement 03 ne peut être antérieure à 3 ans ou plus du 1er jour du mois de paie en cours. Pour un rappel remontant à la quatrième année, il convient d'envoyer un mouvement 42. | AE77: G03_C_005 | AF77: =VLOOKUP(AE77,'Axe 2 Règles de gestion'!$D$2:$F$20,3, FALSE) -> Le nombre de mouvements de type 03 est limité à 20 par mois de paie et par numéro de dossier (NUDOS). | AG77: G03_C_010 | AH77: =VLOOKUP(AG77,'Axe 2 Règles de gestion'!$D$2:$F$20,3, FALSE) -> L'agent surcotise. | AI77: G03_C_013 | AJ77: =VLOOKUP(AI77,'Axe 2 Règles de gestion'!$D$2:$F$20,3, FALSE) -> L'agent doit être en temps partiel thérapeutique ou en temps partiel. | AK77: G03_C_015 | AL77: =VLOOKUP(AK77,'Axe 2 Règles de gestion'!$D$2:$F$20,3, FALSE) -> Si l'agent est handicapé alors il l'est à moins de 80%. | AM77: G03_C_016 | AN77: =VLOOKUP(AM77,'Axe 2 Règles de gestion'!$D$2:$F$20,3, FALSE) -> Le numérateur de la fraction de rémunération présent dans le dossier RH de l'agent est égal au numérateur de la fraction de rémunération saisi dans le mouvement 03. | AO77: G03_C_017 | AP77: =VLOOKUP(AO77,'Axe 2 Règles de gestion'!$D$2:$F$20,3, FALSE) -> Le dénominateur de la fraction de rémunération présent dans le dossier RH de l'agent est égal au dénominateur de la fraction de rémunération saisi dans le mouvement 03. | AQ77: G03_C_021 | AR77: =VLOOKUP(AQ77,'Axe 2 Règles de gestion'!$D$2:$F$20,3, FALSE) -> L'agent est rattaché à la direction générale de l'aviation civile.
A78: 25.00.00 | B78: A | C78: 45814.547 | D78: D0016 | E78: Contrôles PAY | F78: S0174 | G78: Mouvement 03 | H78: E1010 | I78: Contrôles d'alimentation du mouvement 03 | J78: La date d'effet d'un mouvement 03 est saisie | K78: BG03_DAT_EFF [BG_Occurrence_courante] <> Vide | L78: T2430 | M78: Agent Handicapé, dont l'incapacité est de 80% au moins, surcotisant | N78: Création Modification | O78: Le code saisi est égal à 'Agent Handicapé, dont l'incapacité est de 80% au moins, surcotisant' | P78: BG03_NJOUR [BG_Occurrence_courante] = 'HA' | Q78: Ouvrier d'état | R78: P0005 | S78: O | T78: Général | U78: Exclu | V78: 40725
A79: 25.00.00 | B79: A | C79: 45814.548 | D79: D0016 | E79: Contrôles PAY | F79: S0174 | G79: Mouvement 03 | H79: E1010 | I79: Contrôles d'alimentation du mouvement 03 | J79: La date d'effet d'un mouvement 03 est saisie | K79: BG03_DAT_EFF [BG_Occurrence_courante] <> Vide | L79: T2431 | M79: Ouvrier (Cadre Général), à temps partiel, surcotisant, avec handicap d'au moins 80% | N79: Création Modification | O79: Le code saisi est égal à 'Ouvrier (Cadre Général), à temps partiel, surcotisant, avec handicap d'au moins 80%' | P79: BG03_NJOUR [BG_Occurrence_courante] = 'IP' | Q79: Ouvrier d'état | R79: P0005 | S79: O | T79: Général | U79: Passant | V79: 40725 | X79: G03_C_001 ET G03_C_002 ET G03_C_003 ET G03_C_005 ET G03_C_010 ET G03_C_011 ET G03_C_013 ET G03_C_016 ET G03_C_017 ET G03_C_022 | Y79: G03_C_001 | Z79: =VLOOKUP(Y79,'Axe 2 Règles de gestion'!$D$2:$F$20,3, FALSE) -> La date d'effet du mouvement 03 ne peut être postérieure au 31 du mois de la paye. | AA79: G03_C_002 | AB79: =VLOOKUP(AA79,'Axe 2 Règles de gestion'!$D$2:$F$20,3, FALSE) -> La date d'effet du mouvement 03 ne peut être antérieure ou égale à la date de prise en charge. | AC79: G03_C_003 | AD79: =VLOOKUP(AC79,'Axe 2 Règles de gestion'!$D$2:$F$20,3, FALSE) -> La date d'effet du mouvement 03 ne peut être antérieure à 3 ans ou plus du 1er jour du mois de paie en cours. Pour un rappel remontant à la quatrième année, il convient d'envoyer un mouvement 42. | AE79: G03_C_005 | AF79: =VLOOKUP(AE79,'Axe 2 Règles de gestion'!$D$2:$F$20,3, FALSE) -> Le nombre de mouvements de type 03 est limité à 20 par mois de paie et par numéro de dossier (NUDOS). | AG79: G03_C_010 | AH79: =VLOOKUP(AG79,'Axe 2 Règles de gestion'!$D$2:$F$20,3, FALSE) -> L'agent surcotise. | AI79: G03_C_011 | AJ79: =VLOOKUP(AI79,'Axe 2 Règles de gestion'!$D$2:$F$20,3, FALSE) -> L'agent est handicapé à 80% ou plus. | AK79: G03_C_013 | AL79: =VLOOKUP(AK79,'Axe 2 Règles de gestion'!$D$2:$F$20,3, FALSE) -> L'agent doit être en temps partiel thérapeutique ou en temps partiel. | AM79: G03_C_016 | AN79: =VLOOKUP(AM79,'Axe 2 Règles de gestion'!$D$2:$F$20,3, FALSE) -> Le numérateur de la fraction de rémunération présent dans le dossier RH de l'agent est égal au numérateur de la fraction de rémunération saisi dans le mouvement 03. | AO79: G03_C_017 | AP79: =VLOOKUP(AO79,'Axe 2 Règles de gestion'!$D$2:$F$20,3, FALSE) -> Le dénominateur de la fraction de rémunération présent dans le dossier RH de l'agent est égal au dénominateur de la fraction de rémunération saisi dans le mouvement 03. | AQ79: G03_C_022 | AR79: =VLOOKUP(AQ79,'Axe 2 Règles de gestion'!$D$2:$F$20,3, FALSE) -> L'agent n'est pas rattaché à la direction générale de l'aviation civile.
A80: 25.00.00 | B80: A | C80: 45814.549 | D80: D0016 | E80: Contrôles PAY | F80: S0174 | G80: Mouvement 03 | H80: E1010 | I80: Contrôles d'alimentation du mouvement 03 | J80: La date d'effet d'un mouvement 03 est saisie | K80: BG03_DAT_EFF [BG_Occurrence_courante] <> Vide | L80: T2432 | M80: Ouvrier Aviation Civile, à temps partiel, surcotisant, avec handicap d'au moins 80% | N80: Création Modification | O80: Le code saisi est égal à 'Ouvrier Aviation Civile, à temps partiel, surcotisant, avec handicap d'au moins 80%' | P80: BG03_NJOUR [BG_Occurrence_courante] = 'JC' | Q80: Ouvrier d'état | R80: P0005 | S80: O | T80: Général | U80: Passant | V80: 40725 | X80: G03_C_001 ET G03_C_002 ET G03_C_003 ET G03_C_005 ET G03_C_010 ET G03_C_011 ET G03_C_013 ET G03_C_016 ET G03_C_017 ET G03_C_021 | Y80: G03_C_001 | Z80: =VLOOKUP(Y80,'Axe 2 Règles de gestion'!$D$2:$F$20,3, FALSE) -> La date d'effet du mouvement 03 ne peut être postérieure au 31 du mois de la paye. | AA80: G03_C_002 | AB80: =VLOOKUP(AA80,'Axe 2 Règles de gestion'!$D$2:$F$20,3, FALSE) -> La date d'effet du mouvement 03 ne peut être antérieure ou égale à la date de prise en charge. | AC80: G03_C_003 | AD80: =VLOOKUP(AC80,'Axe 2 Règles de gestion'!$D$2:$F$20,3, FALSE) -> La date d'effet du mouvement 03 ne peut être antérieure à 3 ans ou plus du 1er jour du mois de paie en cours. Pour un rappel remontant à la quatrième année, il convient d'envoyer un mouvement 42. | AE80: G03_C_005 | AF80: =VLOOKUP(AE80,'Axe 2 Règles de gestion'!$D$2:$F$20,3, FALSE) -> Le nombre de mouvements de type 03 est limité à 20 par mois de paie et par numéro de dossier (NUDOS). | AG80: G03_C_010 | AH80: =VLOOKUP(AG80,'Axe 2 Règles de gestion'!$D$2:$F$20,3, FALSE) -> L'agent surcotise. | AI80: G03_C_011 | AJ80: =VLOOKUP(AI80,'Axe 2 Règles de gestion'!$D$2:$F$20,3, FALSE) -> L'agent est handicapé à 80% ou plus. | AK80: G03_C_013 | AL80: =VLOOKUP(AK80,'Axe 2 Règles de gestion'!$D$2:$F$20,3, FALSE) -> L'agent doit être en temps partiel thérapeutique ou en temps partiel. | AM80: G03_C_016 | AN80: =VLOOKUP(AM80,'Axe 2 Règles de gestion'!$D$2:$F$20,3, FALSE) -> Le numérateur de la fraction de rémunération présent dans le dossier RH de l'agent est égal au numérateur de la fraction de rémunération saisi dans le mouvement 03. | AO80: G03_C_017 | AP80: =VLOOKUP(AO80,'Axe 2 Règles de gestion'!$D$2:$F$20,3, FALSE) -> Le dénominateur de la fraction de rémunération présent dans le dossier RH de l'agent est égal au dénominateur de la fraction de rémunération saisi dans le mouvement 03. | AQ80: G03_C_021 | AR80: =VLOOKUP(AQ80,'Axe 2 Règles de gestion'!$D$2:$F$20,3, FALSE) -> L'agent est rattaché à la direction générale de l'aviation civile.
A81: 25.00.00 | B81: A | C81: 45814.551 | D81: D0016 | E81: Contrôles PAY | F81: S0174 | G81: Mouvement 03 | H81: E1010 | I81: Contrôles d'alimentation du mouvement 03 | J81: La date d'effet d'un mouvement 03 est saisie | K81: BG03_DAT_EFF [BG_Occurrence_courante] <> Vide | L81: T2433 | M81: Militaire DGA, pour proratisation de certains éléments | N81: Création Modification | O81: Le code saisi est égal à 'Militaire DGA, pour proratisation de certains éléments' | P81: BG03_NJOUR [BG_Occurrence_courante] = 'MI' | Q81: Ouvrier d'état | R81: P0005 | S81: O | T81: Général | U81: Exclu | V81: 40725
A82: 25.00.00 | B82: A | C82: 45814.554 | D82: D0016 | E82: Contrôles PAY | F82: S0174 | G82: Mouvement 03 | H82: E1010 | I82: Contrôles d'alimentation du mouvement 03 | J82: La date d'effet d'un mouvement 03 est saisie | K82: BG03_DAT_EFF [BG_Occurrence_courante] <> Vide | L82: T2434 | M82: Agent non titulaire surcotisant | N82: Création Modification | O82: Le code saisi est égal à 'Agent non titulaire surcotisant' | P82: BG03_NJOUR [BG_Occurrence_courante] = 'NP' | Q82: Ouvrier d'état | R82: P0005 | S82: O | T82: Général | U82: Exclu | V82: 40725
A83: 25.00.00 | B83: A | C83: 45814.569 | D83: D0016 | E83: Contrôles PAY | F83: S0174 | G83: Mouvement 03 | H83: E1010 | I83: Contrôles d'alimentation du mouvement 03 | J83: La date d'effet d'un mouvement 03 est saisie | K83: BG03_DAT_EFF [BG_Occurrence_courante] <> Vide | L83: T2435 | M83: Ouvrier (Cadre Général) surcotisant | N83: Création Modification | O83: Le code saisi est égal à 'Ouvrier (Cadre Général) surcotisant' | P83: BG03_NJOUR [BG_Occurrence_courante] = 'OP' | Q83: Ouvrier d'état | R83: P0005 | S83: O | T83: Général | U83: Passant | V83: 40725 | X83: G03_C_001 ET G03_C_002 ET G03_C_003 ET G03_C_005 ET G03_C_010 ET G03_C_013 ET G03_C_015 ET G03_C_016 ET G03_C_017 ET G03_C_022 | Y83: G03_C_001 | Z83: =VLOOKUP(Y83,'Axe 2 Règles de gestion'!$D$2:$F$20,3, FALSE) -> La date d'effet du mouvement 03 ne peut être postérieure au 31 du mois de la paye. | AA83: G03_C_002 | AB83: =VLOOKUP(AA83,'Axe 2 Règles de gestion'!$D$2:$F$20,3, FALSE) -> La date d'effet du mouvement 03 ne peut être antérieure ou égale à la date de prise en charge. | AC83: G03_C_003 | AD83: =VLOOKUP(AC83,'Axe 2 Règles de gestion'!$D$2:$F$20,3, FALSE) -> La date d'effet du mouvement 03 ne peut être antérieure à 3 ans ou plus du 1er jour du mois de paie en cours. Pour un rappel remontant à la quatrième année, il convient d'envoyer un mouvement 42. | AE83: G03_C_005 | AF83: =VLOOKUP(AE83,'Axe 2 Règles de gestion'!$D$2:$F$20,3, FALSE) -> Le nombre de mouvements de type 03 est limité à 20 par mois de paie et par numéro de dossier (NUDOS). | AG83: G03_C_010 | AH83: =VLOOKUP(AG83,'Axe 2 Règles de gestion'!$D$2:$F$20,3, FALSE) -> L'agent surcotise. | AI83: G03_C_013 | AJ83: =VLOOKUP(AI83,'Axe 2 Règles de gestion'!$D$2:$F$20,3, FALSE) -> L'agent doit être en temps partiel thérapeutique ou en temps partiel. | AK83: G03_C_015 | AL83: =VLOOKUP(AK83,'Axe 2 Règles de gestion'!$D$2:$F$20,3, FALSE) -> Si l'agent est handicapé alors il l'est à moins de 80%. | AM83: G03_C_016 | AN83: =VLOOKUP(AM83,'Axe 2 Règles de gestion'!$D$2:$F$20,3, FALSE) -> Le numérateur de la fraction de rémunération présent dans le dossier RH de l'agent est égal au numérateur de la fraction de rémunération saisi dans le mouvement 03. | AO83: G03_C_017 | AP83: =VLOOKUP(AO83,'Axe 2 Règles de gestion'!$D$2:$F$20,3, FALSE) -> Le dénominateur de la fraction de rémunération présent dans le dossier RH de l'agent est égal au dénominateur de la fraction de rémunération saisi dans le mouvement 03. | AQ83: G03_C_022 | AR83: =VLOOKUP(AQ83,'Axe 2 Règles de gestion'!$D$2:$F$20,3, FALSE) -> L'agent n'est pas rattaché à la direction générale de l'aviation civile.
A84: 25.00.00 | B84: A | C84: 45814.572 | D84: D0016 | E84: Contrôles PAY | F84: S0174 | G84: Mouvement 03 | H84: E1010 | I84: Contrôles d'alimentation du mouvement 03 | J84: La date d'effet d'un mouvement 03 est saisie | K84: BG03_DAT_EFF [BG_Occurrence_courante] <> Vide | L84: T2436 | M84: Contractuel PACTE | N84: Création Modification | O84: Le code saisi est égal à 'PACTE' | P84: BG03_NJOUR [BG_Occurrence_courante] = 'PA' | Q84: Ouvrier d'état | R84: P0005 | S84: O | T84: Général | U84: Exclu | V84: 40725
A85: 25.00.00 | B85: A | C85: 45814.574 | D85: D0016 | E85: Contrôles PAY | F85: S0174 | G85: Mouvement 03 | H85: E1010 | I85: Contrôles d'alimentation du mouvement 03 | J85: La date d'effet d'un mouvement 03 est saisie | K85: BG03_DAT_EFF [BG_Occurrence_courante] <> Vide | L85: T2437 | M85: Surcotisation Douanes, Police, Pénitentiaire | N85: Création Modification | O85: Le code saisi est égal à 'Surcotisation Douanes, Police, Pénitentiaire' | P85: BG03_NJOUR [BG_Occurrence_courante] = 'PP' | Q85: Ouvrier d'état | R85: P0005 | S85: O | T85: Général | U85: Exclu | V85: 40725
A86: 25.00.00 | B86: A | C86: 45814.576 | D86: D0016 | E86: Contrôles PAY | F86: S0174 | G86: Mouvement 03 | H86: E1010 | I86: Contrôles d'alimentation du mouvement 03 | J86: La date d'effet d'un mouvement 03 est saisie | K86: BG03_DAT_EFF [BG_Occurrence_courante] <> Vide | L86: T2438 | M86: Surcotisant temps partiel | N86: Création Modification | O86: Le code saisi est égal à 'Surcotisant temps partiel' | P86: BG03_NJOUR [BG_Occurrence_courante] = 'SP' | Q86: Ouvrier d'état | R86: P0005 | S86: O | T86: Général | U86: Exclu | V86: 40725
A87: 25.00.00 | B87: A | C87: 45814.578 | D87: D0016 | E87: Contrôles PAY | F87: S0174 | G87: Mouvement 03 | H87: E1010 | I87: Contrôles d'alimentation du mouvement 03 | J87: La date d'effet d'un mouvement 03 est saisie | K87: BG03_DAT_EFF [BG_Occurrence_courante] <> Vide | L87: T2439 | M87: Agent à temps partiel | N87: Création Modification | O87: Le code saisi est égal à 'Agent à temps partiel' | P87: BG03_NJOUR [BG_Occurrence_courante] = 'TP' | Q87: Ouvrier d'état | R87: P0005 | S87: O | T87: Général | U87: Passant | V87: 40725 | X87: G03_C_001 ET G03_C_002 ET G03_C_003 ET G03_C_005 ET G03_C_013 ET G03_C_014 ET G03_C_016 ET G03_C_017 ET G03_C_022 | Y87: G03_C_001 | Z87: =VLOOKUP(Y87,'Axe 2 Règles de gestion'!$D$2:$F$20,3, FALSE) -> La date d'effet du mouvement 03 ne peut être postérieure au 31 du mois de la paye. | AA87: G03_C_002 | AB87: =VLOOKUP(AA87,'Axe 2 Règles de gestion'!$D$2:$F$20,3, FALSE) -> La date d'effet du mouvement 03 ne peut être antérieure ou égale à la date de prise en charge. | AC87: G03_C_003 | AD87: =VLOOKUP(AC87,'Axe 2 Règles de gestion'!$D$2:$F$20,3, FALSE) -> La date d'effet du mouvement 03 ne peut être antérieure à 3 ans ou plus du 1er jour du mois de paie en cours. Pour un rappel remontant à la quatrième année, il convient d'envoyer un mouvement 42. | AE87: G03_C_005 | AF87: =VLOOKUP(AE87,'Axe 2 Règles de gestion'!$D$2:$F$20,3, FALSE) -> Le nombre de mouvements de type 03 est limité à 20 par mois de paie et par numéro de dossier (NUDOS). | AG87: G03_C_013 | AH87: =VLOOKUP(AG87,'Axe 2 Règles de gestion'!$D$2:$F$20,3, FALSE) -> L'agent doit être en temps partiel thérapeutique ou en temps partiel. | AI87: G03_C_014 | AJ87: =VLOOKUP(AI87,'Axe 2 Règles de gestion'!$D$2:$F$20,3, FALSE) -> L'agent ne surcotise pas. | AK87: G03_C_016 | AL87: =VLOOKUP(AK87,'Axe 2 Règles de gestion'!$D$2:$F$20,3, FALSE) -> Le numérateur de la fraction de rémunération présent dans le dossier RH de l'agent est égal au numérateur de la fraction de rémunération saisi dans le mouvement 03. | AM87: G03_C_017 | AN87: =VLOOKUP(AM87,'Axe 2 Règles de gestion'!$D$2:$F$20,3, FALSE) -> Le dénominateur de la fraction de rémunération présent dans le dossier RH de l'agent est égal au dénominateur de la fraction de rémunération saisi dans le mouvement 03. | AO87: G03_C_022 | AP87: =VLOOKUP(AO87,'Axe 2 Règles de gestion'!$D$2:$F$20,3, FALSE) -> L'agent n'est pas rattaché à la direction générale de l'aviation civile.
A88: 25.00.00 | B88: A | C88: 45814.581 | D88: D0016 | E88: Contrôles PAY | F88: S0174 | G88: Mouvement 03 | H88: E1010 | I88: Contrôles d'alimentation du mouvement 03 | J88: La date d'effet d'un mouvement 03 est saisie | K88: BG03_DAT_EFF [BG_Occurrence_courante] <> Vide | L88: T2440 | M88: Agent à temps incomplet | N88: Création Modification | O88: Le code saisi est égal à 'Agent à temps incomplet' | P88: BG03_NJOUR [BG_Occurrence_courante] = '00' | Q88: Ouvrier d'état | R88: P0005 | S88: O | T88: Général | U88: Exclu | V88: 40725
A89: 25.00.00 | B89: A | C89: 45814.583 | D89: D0016 | E89: Contrôles PAY | F89: S0174 | G89: Mouvement 03 | H89: E1010 | I89: Contrôles d'alimentation du mouvement 03 | J89: La date d'effet d'un mouvement 03 est saisie | K89: BG03_DAT_EFF [BG_Occurrence_courante] <> Vide | L89: T2441 | M89: Remise à blanc de la zone | N89: Création Modification | O89: Le code saisi est égal à 'Remise à blanc de la zone' | P89: BG03_NJOUR [BG_Occurrence_courante] = 'ZZ' | Q89: Ouvrier d'état | R89: P0005 | S89: O | T89: Général | U89: Passant | V89: 40725 | X89: G03_C_001 ET G03_C_002 ET G03_C_003 ET G03_C_005 ET G03_C_009 | Y89: G03_C_001 | Z89: =VLOOKUP(Y89,'Axe 2 Règles de gestion'!$D$2:$F$20,3, FALSE) -> La date d'effet du mouvement 03 ne peut être postérieure au 31 du mois de la paye. | AA89: G03_C_002 | AB89: =VLOOKUP(AA89,'Axe 2 Règles de gestion'!$D$2:$F$20,3, FALSE) -> La date d'effet du mouvement 03 ne peut être antérieure ou égale à la date de prise en charge. | AC89: G03_C_003 | AD89: =VLOOKUP(AC89,'Axe 2 Règles de gestion'!$D$2:$F$20,3, FALSE) -> La date d'effet du mouvement 03 ne peut être antérieure à 3 ans ou plus du 1er jour du mois de paie en cours. Pour un rappel remontant à la quatrième année, il convient d'envoyer un mouvement 42. | AE89: G03_C_005 | AF89: =VLOOKUP(AE89,'Axe 2 Règles de gestion'!$D$2:$F$20,3, FALSE) -> Le nombre de mouvements de type 03 est limité à 20 par mois de paie et par numéro de dossier (NUDOS). | AG89: G03_C_009 | AH89: =VLOOKUP(AG89,'Axe 2 Règles de gestion'!$D$2:$F$20,3, FALSE) -> La valeur 'ZZZZZ' doit être saisi dans le champ "Numérateur de la fraction de rémunération" et la valeur 'ZZZ' doit être saisi dans le champ "Dénominateur de la fraction de rémunération".
A90: 25.00.00 | B90: A | C90: 45814.589 | D90: D0016 | E90: Contrôles PAY | F90: S0174 | G90: Mouvement 03 | H90: E1010 | I90: Contrôles d'alimentation du mouvement 03 | J90: La date d'effet d'un mouvement 03 est saisie | K90: BG03_DAT_EFF [BG_Occurrence_courante] <> Vide | L90: T2442 | M90: Surcotisation CPA | N90: Création Modification | O90: Le code saisi est égal à 'Surcotisation CPA' | P90: BG03_NJOUR [BG_Occurrence_courante] = 'SO' | Q90: Ouvrier d'état | R90: P0005 | S90: O | T90: Général | U90: Exclu | V90: 40725 | W90: 43555
A91: 25.00.00 | B91: A | C91: 45814.592 | D91: D0016 | E91: Contrôles PAY | F91: S0174 | G91: Mouvement 03 | H91: E1010 | I91: Contrôles d'alimentation du mouvement 03 | J91: La date d'effet d'un mouvement 03 est saisie | K91: BG03_DAT_EFF [BG_Occurrence_courante] <> Vide | L91: T2443 | M91: Maître de l'enseignement privé en CPA | N91: Création Modification | O91: Le code saisi est égal à 'Maître de l'enseignement privé en CPA' | P91: BG03_NJOUR [BG_Occurrence_courante] = 'EP' | Q91: Ouvrier d'état | R91: P0005 | S91: O | T91: Général | U91: Exclu | V91: 40725 | W91: 43555
A92: 25.00.00 | B92: A | C92: 45814.517 | D92: D0016 | E92: Contrôles PAY | F92: S0174 | G92: Mouvement 03 | H92: E1010 | I92: Contrôles d'alimentation du mouvement 03 | J92: La date d'effet d'un mouvement 03 est saisie | K92: BG03_DAT_EFF [BG_Occurrence_courante] <> Vide | L92: T2428 | M92: Contrat d'accompagnement dans l'emploi | N92: Création Modification | O92: Le code saisi est égal à 'CAE' | P92: BG03_NJOUR [BG_Occurrence_courante] = 'CA' | Q92: Policier adjoint en emploi aidé | R92: P0049 | S92: N | T92: Particulier | U92: Passant | V92: 40725 | X92: G03_C_001 ET G03_C_002 ET G03_C_003 ET G03_C_005 | Y92: G03_C_001 | Z92: =VLOOKUP(Y92,'Axe 2 Règles de gestion'!$D$2:$F$20,3, FALSE) -> La date d'effet du mouvement 03 ne peut être postérieure au 31 du mois de la paye. | AA92: G03_C_002 | AB92: =VLOOKUP(AA92,'Axe 2 Règles de gestion'!$D$2:$F$20,3, FALSE) -> La date d'effet du mouvement 03 ne peut être antérieure ou égale à la date de prise en charge. | AC92: G03_C_003 | AD92: =VLOOKUP(AC92,'Axe 2 Règles de gestion'!$D$2:$F$20,3, FALSE) -> La date d'effet du mouvement 03 ne peut être antérieure à 3 ans ou plus du 1er jour du mois de paie en cours. Pour un rappel remontant à la quatrième année, il convient d'envoyer un mouvement 42. | AE92: G03_C_005 | AF92: =VLOOKUP(AE92,'Axe 2 Règles de gestion'!$D$2:$F$20,3, FALSE) -> Le nombre de mouvements de type 03 est limité à 20 par mois de paie et par numéro de dossier (NUDOS).
A93: 25.00.00 | B93: A | C93: 45814.577 | D93: D0016 | E93: Contrôles PAY | F93: S0174 | G93: Mouvement 03 | H93: E1010 | I93: Contrôles d'alimentation du mouvement 03 | J93: La date d'effet d'un mouvement 03 est saisie | K93: BG03_DAT_EFF [BG_Occurrence_courante] <> Vide | L93: T2439 | M93: Agent à temps partiel | N93: Création Modification | O93: Le code saisi est égal à 'Agent à temps partiel' | P93: BG03_NJOUR [BG_Occurrence_courante] = 'TP' | Q93: Personnel civil payé à l'acte ou à la tâche | R93: P0054 | S93: N | T93: Particulier | U93: Exclu | V93: 40725
A94: 25.00.00 | B94: A | C94: 45814.572 | D94: D0016 | E94: Contrôles PAY | F94: S0174 | G94: Mouvement 03 | H94: E1010 | I94: Contrôles d'alimentation du mouvement 03 | J94: La date d'effet d'un mouvement 03 est saisie | K94: BG03_DAT_EFF [BG_Occurrence_courante] <> Vide | L94: T2436 | M94: Contractuel PACTE | N94: Création Modification | O94: Le code saisi est égal à 'PACTE' | P94: BG03_NJOUR [BG_Occurrence_courante] = 'PA' | Q94: Contractuel sous contrat PACTE | R94: P0166 | S94: N | T94: Particulier | U94: Passant | V94: 40725 | X94: G03_C_001 ET G03_C_002 ET G03_C_003 ET G03_C_005 ET G03_C_018 ET G03_C_019 | Y94: G03_C_001 | Z94: =VLOOKUP(Y94,'Axe 2 Règles de gestion'!$D$2:$F$20,3, FALSE) -> La date d'effet du mouvement 03 ne peut être postérieure au 31 du mois de la paye. | AA94: G03_C_002 | AB94: =VLOOKUP(AA94,'Axe 2 Règles de gestion'!$D$2:$F$20,3, FALSE) -> La date d'effet du mouvement 03 ne peut être antérieure ou égale à la date de prise en charge. | AC94: G03_C_003 | AD94: =VLOOKUP(AC94,'Axe 2 Règles de gestion'!$D$2:$F$20,3, FALSE) -> La date d'effet du mouvement 03 ne peut être antérieure à 3 ans ou plus du 1er jour du mois de paie en cours. Pour un rappel remontant à la quatrième année, il convient d'envoyer un mouvement 42. | AE94: G03_C_005 | AF94: =VLOOKUP(AE94,'Axe 2 Règles de gestion'!$D$2:$F$20,3, FALSE) -> Le nombre de mouvements de type 03 est limité à 20 par mois de paie et par numéro de dossier (NUDOS). | AG94: G03_C_018 | AH94: =VLOOKUP(AG94,'Axe 2 Règles de gestion'!$D$2:$F$20,3, FALSE) -> Le pourcentage de rémunération présent dans le dossier RH de l'agent (contrat ou avenant) est égal au numérateur de la fraction de rémunération saisi dans le mouvement 03. | AI94: G03_C_019 | AJ94: =VLOOKUP(AI94,'Axe 2 Règles de gestion'!$D$2:$F$20,3, FALSE) -> Le dénominateur de la fraction de rémunération saisi dans le mouvement 03 est égal à 100.
A95: 25.00.00 | B95: A | C95: 45814.592 | D95: D0016 | E95: Contrôles PAY | F95: S0174 | G95: Mouvement 03 | H95: E1010 | I95: Contrôles d'alimentation du mouvement 03 | J95: La date d'effet d'un mouvement 03 est saisie | K95: BG03_DAT_EFF [BG_Occurrence_courante] <> Vide | L95: T2443 | M95: Maître de l'enseignement privé en CPA | N95: Création Modification | O95: Le code saisi est égal à 'Maître de l'enseignement privé en CPA' | P95: BG03_NJOUR [BG_Occurrence_courante] = 'EP' | Q95: Maître du privé - Education | R95: P0199 | S95: N | T95: Particulier | U95: Passant | V95: 40725 | W95: 43555 | X95: G03_C_001 ET G03_C_002 ET G03_C_003 ET G03_C_005 ET G03_C_016 ET G03_C_017 ET G03_C_020 | Y95: G03_C_001 | Z95: =VLOOKUP(Y95,'Axe 2 Règles de gestion'!$D$2:$F$20,3, FALSE) -> La date d'effet du mouvement 03 ne peut être postérieure au 31 du mois de la paye. | AA95: G03_C_002 | AB95: =VLOOKUP(AA95,'Axe 2 Règles de gestion'!$D$2:$F$20,3, FALSE) -> La date d'effet du mouvement 03 ne peut être antérieure ou égale à la date de prise en charge. | AC95: G03_C_003 | AD95: =VLOOKUP(AC95,'Axe 2 Règles de gestion'!$D$2:$F$20,3, FALSE) -> La date d'effet du mouvement 03 ne peut être antérieure à 3 ans ou plus du 1er jour du mois de paie en cours. Pour un rappel remontant à la quatrième année, il convient d'envoyer un mouvement 42. | AE95: G03_C_005 | AF95: =VLOOKUP(AE95,'Axe 2 Règles de gestion'!$D$2:$F$20,3, FALSE) -> Le nombre de mouvements de type 03 est limité à 20 par mois de paie et par numéro de dossier (NUDOS). | AG95: G03_C_016 | AH95: =VLOOKUP(AG95,'Axe 2 Règles de gestion'!$D$2:$F$20,3, FALSE) -> Le numérateur de la fraction de rémunération présent dans le dossier RH de l'agent est égal au numérateur de la fraction de rémunération saisi dans le mouvement 03. | AI95: G03_C_017 | AJ95: =VLOOKUP(AI95,'Axe 2 Règles de gestion'!$D$2:$F$20,3, FALSE) -> Le dénominateur de la fraction de rémunération présent dans le dossier RH de l'agent est égal au dénominateur de la fraction de rémunération saisi dans le mouvement 03. | AK95: G03_C_020 | AL95: =VLOOKUP(AK95,'Axe 2 Règles de gestion'!$D$2:$F$20,3, FALSE) -> L'agent doit être en cessation progressive d'activité.
A96: 25.00.00 | B96: A | C96: 45814.517 | D96: D0016 | E96: Contrôles PAY | F96: S0174 | G96: Mouvement 03 | H96: E1010 | I96: Contrôles d'alimentation du mouvement 03 | J96: La date d'effet d'un mouvement 03 est saisie | K96: BG03_DAT_EFF [BG_Occurrence_courante] <> Vide | L96: T2428 | M96: Contrat d'accompagnement dans l'emploi | N96: Création Modification | O96: Le code saisi est égal à 'CAE' | P96: BG03_NJOUR [BG_Occurrence_courante] = 'CA' | Q96: Contractuel en emploi aidé de droit privé | R96: P0216 | S96: N | T96: Particulier | U96: Passant | V96: 40725 | X96: G03_C_001 ET G03_C_002 ET G03_C_003 ET G03_C_005 | Y96: G03_C_001 | Z96: =VLOOKUP(Y96,'Axe 2 Règles de gestion'!$D$2:$F$20,3, FALSE) -> La date d'effet du mouvement 03 ne peut être postérieure au 31 du mois de la paye. | AA96: G03_C_002 | AB96: =VLOOKUP(AA96,'Axe 2 Règles de gestion'!$D$2:$F$20,3, FALSE) -> La date d'effet du mouvement 03 ne peut être antérieure ou égale à la date de prise en charge. | AC96: G03_C_003 | AD96: =VLOOKUP(AC96,'Axe 2 Règles de gestion'!$D$2:$F$20,3, FALSE) -> La date d'effet du mouvement 03 ne peut être antérieure à 3 ans ou plus du 1er jour du mois de paie en cours. Pour un rappel remontant à la quatrième année, il convient d'envoyer un mouvement 42. | AE96: G03_C_005 | AF96: =VLOOKUP(AE96,'Axe 2 Règles de gestion'!$D$2:$F$20,3, FALSE) -> Le nombre de mouvements de type 03 est limité à 20 par mois de paie et par numéro de dossier (NUDOS).
A97: 25.00.00 | B97: A | C97: 45814.55 | D97: D0016 | E97: Contrôles PAY | F97: S0174 | G97: Mouvement 03 | H97: E1010 | I97: Contrôles d'alimentation du mouvement 03 | J97: La date d'effet d'un mouvement 03 est saisie | K97: BG03_DAT_EFF [BG_Occurrence_courante] <> Vide | L97: T2433 | M97: Militaire DGA, pour proratisation de certains éléments | N97: Création Modification | O97: Le code saisi est égal à 'Militaire DGA, pour proratisation de certains éléments' | P97: BG03_NJOUR [BG_Occurrence_courante] = 'MI' | Q97: Militaire de la DGA | R97: P0217 | S97: M | T97: Particulier | U97: Passant | V97: 40725 | X97: G03_C_001 ET G03_C_002 ET G03_C_003 ET G03_C_005 | Y97: G03_C_001 | Z97: =VLOOKUP(Y97,'Axe 2 Règles de gestion'!$D$2:$F$20,3, FALSE) -> La date d'effet du mouvement 03 ne peut être postérieure au 31 du mois de la paye. | AA97: G03_C_002 | AB97: =VLOOKUP(AA97,'Axe 2 Règles de gestion'!$D$2:$F$20,3, FALSE) -> La date d'effet du mouvement 03 ne peut être antérieure ou égale à la date de prise en charge. | AC97: G03_C_003 | AD97: =VLOOKUP(AC97,'Axe 2 Règles de gestion'!$D$2:$F$20,3, FALSE) -> La date d'effet du mouvement 03 ne peut être antérieure à 3 ans ou plus du 1er jour du mois de paie en cours. Pour un rappel remontant à la quatrième année, il convient d'envoyer un mouvement 42. | AE97: G03_C_005 | AF97: =VLOOKUP(AE97,'Axe 2 Règles de gestion'!$D$2:$F$20,3, FALSE) -> Le nombre de mouvements de type 03 est limité à 20 par mois de paie et par numéro de dossier (NUDOS).

Sheet Axe 1 Enchaînement RG Impact
A1: Version | B1: Type de mise à jour | C1: Date de mise à jour | D1: Identifiant Domaine | E1: Libellé du Domaine | F1: Identifiant Sous-domaine | G1: Libellé du Sous-domaine | H1: Identifiant Evénement | I1: Libellé de l'évènement | J1: Libellé condition déclenchement Evènement | K1: Condition déclenchement Evènement | L1: Identifiant type d'évènement | M1: Libellé type d'évènement | N1: Type de mise à jour | O1: Libellé condition déclenchement Type Evènement | P1: Condition déclenchement Type Evènement | Q1: Libellé Population | R1: Codification Population | S1: Typologie de population | T1: Général / Particulier | U1: Passant / Exclu | V1: Date de début | W1: Date de fin | X1: Impacts | Y1: FIME | Z1: Statut de travail
A2: 25.00.00 | B2: A | C2: 45814.507 | D2: D0016 | E2: Contrôles PAY | F2: S0174 | G2: Mouvement 03 | H2: E1010 | I2: Contrôles d'alimentation du mouvement 03 | J2: La date d'effet d'un mouvement 03 est saisie | K2: BG03_DAT_EFF [BG_Occurrence_courante] <> Vide | L2: T2426 | M2: Ouvrier de l'aviation civile, temps plein | N2: Création Modification | O2: Le code saisi est égal à 'Ouvrier de l'aviation civile, temps plein' | P2: BG03_NJOUR [BG_Occurrence_courante] = 'AC' | Q2: Titulaire ou magistrat | R2: P0001 | S2: T | T2: Général | U2: Exclu | V2: 40725
A3: 25.00.00 | B3: A | C3: 45814.509 | D3: D0016 | E3: Contrôles PAY | F3: S0174 | G3: Mouvement 03 | H3: E1010 | I3: Contrôles d'alimentation du mouvement 03 | J3: La date d'effet d'un mouvement 03 est saisie | K3: BG03_DAT_EFF [BG_Occurrence_courante] <> Vide | L3: T2427 | M3: Ouvrier de l'aviation civile, temps partiel | N3: Création Modification | O3: Le code saisi est égal à 'Ouvrier de l'aviation civile, temps partiel' | P3: BG03_NJOUR [BG_Occurrence_courante] = 'BC' | Q3: Titulaire ou magistrat | R3: P0001 | S3: T | T3: Général | U3: Exclu | V3: 40725
A4: 25.00.00 | B4: A | C4: 45814.517 | D4: D0016 | E4: Contrôles PAY | F4: S0174 | G4: Mouvement 03 | H4: E1010 | I4: Contrôles d'alimentation du mouvement 03 | J4: La date d'effet d'un mouvement 03 est saisie | K4: BG03_DAT_EFF [BG_Occurrence_courante] <> Vide | L4: T2428 | M4: Contrat d'accompagnement dans l'emploi | N4: Création Modification | O4: Le code saisi est égal à 'CAE' | P4: BG03_NJOUR [BG_Occurrence_courante] = 'CA' | Q4: Titulaire ou magistrat | R4: P0001 | S4: T | T4: Général | U4: Exclu | V4: 40725
A5: 25.00.00 | B5: A | C5: 45814.519 | D5: D0016 | E5: Contrôles PAY | F5: S0174 | G5: Mouvement 03 | H5: E1010 | I5: Contrôles d'alimentation du mouvement 03 | J5: La date d'effet d'un mouvement 03 est saisie | K5: BG03_DAT_EFF [BG_Occurrence_courante] <> Vide | L5: T2429 | M5: Ouvrier de l'aviation civile, surcotisant | N5: Création Modification | O5: Le code saisi est égal à 'Ouvrier de l'aviation civile, surcotisant' | P5: BG03_NJOUR [BG_Occurrence_courante] = 'CC' | Q5: Titulaire ou magistrat | R5: P0001 | S5: T | T5: Général | U5: Exclu | V5: 40725
A6: 25.00.00 | B6: A | C6: 45814.546 | D6: D0016 | E6: Contrôles PAY | F6: S0174 | G6: Mouvement 03 | H6: E1010 | I6: Contrôles d'alimentation du mouvement 03 | J6: La date d'effet d'un mouvement 03 est saisie | K6: BG03_DAT_EFF [BG_Occurrence_courante] <> Vide | L6: T2430 | M6: Agent Handicapé, dont l'incapacité est de 80% au moins, surcotisant | N6: Création Modification | O6: Le code saisi est égal à 'Agent Handicapé, dont l'incapacité est de 80% au moins, surcotisant' | P6: BG03_NJOUR [BG_Occurrence_courante] = 'HA' | Q6: Titulaire ou magistrat | R6: P0001 | S6: T | T6: Général | U6: Passant | V6: 40725
A7: 25.00.00 | B7: A | C7: 45814.548 | D7: D0016 | E7: Contrôles PAY | F7: S0174 | G7: Mouvement 03 | H7: E1010 | I7: Contrôles d'alimentation du mouvement 03 | J7: La date d'effet d'un mouvement 03 est saisie | K7: BG03_DAT_EFF [BG_Occurrence_courante] <> Vide | L7: T2431 | M7: Ouvrier (Cadre Général), à temps partiel, surcotisant, avec handicap d'au moins 80% | N7: Création Modification | O7: Le code saisi est égal à 'Ouvrier (Cadre Général), à temps partiel, surcotisant, avec handicap d'au moins 80%' | P7: BG03_NJOUR [BG_Occurrence_courante] = 'IP' | Q7: Titulaire ou magistrat | R7: P0001 | S7: T | T7: Général | U7: Exclu | V7: 40725
A8: 25.00.00 | B8: A | C8: 45814.549 | D8: D0016 | E8: Contrôles PAY | F8: S0174 | G8: Mouvement 03 | H8: E1010 | I8: Contrôles d'alimentation du mouvement 03 | J8: La date d'effet d'un mouvement 03 est saisie | K8: BG03_DAT_EFF [BG_Occurrence_courante] <> Vide | L8: T2432 | M8: Ouvrier Aviation Civile, à temps partiel, surcotisant, avec handicap d'au moins 80% | N8: Création Modification | O8: Le code saisi est égal à 'Ouvrier Aviation Civile, à temps partiel, surcotisant, avec handicap d'au moins 80%' | P8: BG03_NJOUR [BG_Occurrence_courante] = 'JC' | Q8: Titulaire ou magistrat | R8: P0001 | S8: T | T8: Général | U8: Exclu | V8: 40725
A9: 25.00.00 | B9: A | C9: 45814.551 | D9: D0016 | E9: Contrôles PAY | F9: S0174 | G9: Mouvement 03 | H9: E1010 | I9: Contrôles d'alimentation du mouvement 03 | J9: La date d'effet d'un mouvement 03 est saisie | K9: BG03_DAT_EFF [BG_Occurrence_courante] <> Vide | L9: T2433 | M9: Militaire DGA, pour proratisation de certains éléments | N9: Création Modification | O9: Le code saisi est égal à 'Militaire DGA, pour proratisation de certains éléments' | P9: BG03_NJOUR [BG_Occurrence_courante] = 'MI' | Q9: Titulaire ou magistrat | R9: P0001 | S9: T | T9: Général | U9: Exclu | V9: 40725
A10: 25.00.00 | B10: A | C10: 45814.554 | D10: D0016 | E10: Contrôles PAY | F10: S0174 | G10: Mouvement 03 | H10: E1010 | I10: Contrôles d'alimentation du mouvement 03 | J10: La date d'effet d'un mouvement 03 est saisie | K10: BG03_DAT_EFF [BG_Occurrence_courante] <> Vide | L10: T2434 | M10: Agent non titulaire surcotisant | N10: Création Modification | O10: Le code saisi est égal à 'Agent non titulaire surcotisant' | P10: BG03_NJOUR [BG_Occurrence_courante] = 'NP' | Q10: Titulaire ou magistrat | R10: P0001 | S10: T | T10: Général | U10: Exclu | V10: 40725
A11: 25.00.00 | B11: A | C11: 45814.57 | D11: D0016 | E11: Contrôles PAY | F11: S0174 | G11: Mouvement 03 | H11: E1010 | I11: Contrôles d'alimentation du mouvement 03 | J11: La date d'effet d'un mouvement 03 est saisie | K11: BG03_DAT_EFF [BG_Occurrence_courante] <> Vide | L11: T2435 | M11: Ouvrier (Cadre Général) surcotisant | N11: Création Modification | O11: Le code saisi est égal à 'Ouvrier (Cadre Général) surcotisant' | P11: BG03_NJOUR [BG_Occurrence_courante] = 'OP' | Q11: Titulaire ou magistrat | R11: P0001 | S11: T | T11: Général | U11: Exclu | V11: 40725
A12: 25.00.00 | B12: A | C12: 45814.572 | D12: D0016 | E12: Contrôles PAY | F12: S0174 | G12: Mouvement 03 | H12: E1010 | I12: Contrôles d'alimentation du mouvement 03 | J12: La date d'effet d'un mouvement 03 est saisie | K12: BG03_DAT_EFF [BG_Occurrence_courante] <> Vide | L12: T2436 | M12: Contractuel PACTE | N12: Création Modification | O12: Le code saisi est égal à 'PACTE' | P12: BG03_NJOUR [BG_Occurrence_courante] = 'PA' | Q12: Titulaire ou magistrat | R12: P0001 | S12: T | T12: Général | U12: Exclu | V12: 40725
A13: 25.00.00 | B13: A | C13: 45814.574 | D13: D0016 | E13: Contrôles PAY | F13: S0174 | G13: Mouvement 03 | H13: E1010 | I13: Contrôles d'alimentation du mouvement 03 | J13: La date d'effet d'un mouvement 03 est saisie | K13: BG03_DAT_EFF [BG_Occurrence_courante] <> Vide | L13: T2437 | M13: Surcotisation Douanes, Police, Pénitentiaire | N13: Création Modification | O13: Le code saisi est égal à 'Surcotisation Douanes, Police, Pénitentiaire' | P13: BG03_NJOUR [BG_Occurrence_courante] = 'PP' | Q13: Titulaire ou magistrat | R13: P0001 | S13: T | T13: Général | U13: Passant | V13: 40725
... A17: 25.00.00 | B17: A | C17: 45814.581 | D17: D0016 | E17: Contrôles PAY | F17: S0174 | G17: Mouvement 03 | H17: E1010 | I17: Contrôles d'alimentation du mouvement 03 | J17: La date d'effet d'un mouvement 03 est saisie | K17: BG03_DAT_EFF [BG_Occurrence_courante] <> Vide | L17: T2441 | M17: Remise à blanc de la zone | N17: Création Modification | O17: Le code saisi est égal à 'Remise à blanc de la zone' | P17: BG03_NJOUR [BG_Occurrence_courante] = 'ZZ' | Q17: Titulaire ou magistrat | R17: P0001 | S17: T | T17: Général | U17: Passant | V17: 40725
A18: 25.00.00 | B18: A | C18: 45814.585 | D18: D0016 | E18: Contrôles PAY | F18: S0174 | G18: Mouvement 03 | H18: E1010 | I18: Contrôles d'alimentation du mouvement 03 | J18: La date d'effet d'un mouvement 03 est saisie | K18: BG03_DAT_EFF [BG_Occurrence_courante] <> Vide | L18: T2442 | M18: Surcotisation CPA | N18: Création Modification | O18: Le code saisi est égal à 'Surcotisation CPA' | P18: BG03_NJOUR [BG_Occurrence_courante] = 'SO' | Q18: Titulaire ou magistrat | R18: P0001 | S18: T | T18: Général | U18: Passant | V18: 40725 | W18: 43555
A19: 25.00.00 | B19: A | C19: 45814.592 | D19: D0016 | E19: Contrôles PAY | F19: S0174 | G19: Mouvement 03 | H19: E1010 | I19: Contrôles d'alimentation du mouvement 03 | J19: La date d'effet d'un mouvement 03 est saisie | K19: BG03_DAT_EFF [BG_Occurrence_courante] <> Vide | L19: T2443 | M19: Maître de l'enseignement privé en CPA | N19: Création Modification | O19: Le code saisi est égal à 'Maître de l'enseignement privé en CPA' | P19: BG03_NJOUR [BG_Occurrence_courante] = 'EP' | Q19: Titulaire ou magistrat | R19: P0001 | S19: T | T19: Général | U19: Exclu | V19: 40725 | W19: 43555
A20: 25.00.00 | B20: A | C20: 45814.507 | D20: D0016 | E20: Contrôles PAY | F20: S0174 | G20: Mouvement 03 | H20: E1010 | I20: Contrôles d'alimentation du mouvement 03 | J20: La date d'effet d'un mouvement 03 est saisie | K20: BG03_DAT_EFF [BG_Occurrence_courante] <> Vide | L20: T2426 | M20: Ouvrier de l'aviation civile, temps plein | N20: Création Modification | O20: Le code saisi est égal à 'Ouvrier de l'aviation civile, temps plein' | P20: BG03_NJOUR [BG_Occurrence_courante] = 'AC' | Q20: Militaire | R20: P0002 | S20: M | T20: Général | U20: Exclu | V20: 40725
A21: 25.00.00 | B21: A | C21: 45814.515 | D21: D0016 | E21: Contrôles PAY | F21: S0174 | G21: Mouvement 03 | H21: E1010 | I21: Contrôles d'alimentation du mouvement 03 | J21: La date d'effet d'un mouvement 03 est saisie | K21: BG03_DAT_EFF [BG_Occurrence_courante] <> Vide | L21: T2427 | M21: Ouvrier de l'aviation civile, temps partiel | N21: Création Modification | O21: Le code saisi est égal à 'Ouvrier de l'aviation civile, temps partiel' | P21: BG03_NJOUR [BG_Occurrence_courante] = 'BC' | Q21: Militaire | R21: P0002 | S21: M | T21: Général | U21: Exclu | V21: 40725
A22: 25.00.00 | B22: A | C22: 45814.518 | D22: D0016 | E22: Contrôles PAY | F22: S0174 | G22: Mouvement 03 | H22: E1010 | I22: Contrôles d'alimentation du mouvement 03 | J22: La date d'effet d'un mouvement 03 est saisie | K22: BG03_DAT_EFF [BG_Occurrence_courante] <> Vide | L22: T2428 | M22: Contrat d'accompagnement dans l'emploi | N22: Création Modification | O22: Le code saisi est égal à 'CAE' | P22: BG03_NJOUR [BG_Occurrence_courante] = 'CA' | Q22: Militaire | R22: P0002 | S22: M | T22: Général | U22: Exclu | V22: 40725
A23: 25.00.00 | B23: A | C23: 45814.519 | D23: D0016 | E23: Contrôles PAY | F23: S0174 | G23: Mouvement 03 | H23: E1010 | I23: Contrôles d'alimentation du mouvement 03 | J23: La date d'effet d'un mouvement 03 est saisie | K23: BG03_DAT_EFF [BG_Occurrence_courante] <> Vide | L23: T2429 | M23: Ouvrier de l'aviation civile, surcotisant | N23: Création Modification | O23: Le code saisi est égal à 'Ouvrier de l'aviation civile, surcotisant' | P23: BG03_NJOUR [BG_Occurrence_courante] = 'CC' | Q23: Militaire | R23: P0002 | S23: M | T23: Général | U23: Exclu | V23: 40725
A24: 25.00.00 | B24: A | C24: 45814.547 | D24: D0016 | E24: Contrôles PAY | F24: S0174 | G24: Mouvement 03 | H24: E1010 | I24: Contrôles d'alimentation du mouvement 03 | J24: La date d'effet d'un mouvement 03 est saisie | K24: BG03_DAT_EFF [BG_Occurrence_courante] <> Vide | L24: T2430 | M24: Agent Handicapé, dont l'incapacité est de 80% au moins, surcotisant | N24: Création Modification | O24: Le code saisi est égal à 'Agent Handicapé, dont l'incapacité est de 80% au moins, surcotisant' | P24: BG03_NJOUR [BG_Occurrence_courante] = 'HA' | Q24: Militaire | R24: P0002 | S24: M | T24: Général | U24: Exclu | V24: 40725
A25: 25.00.00 | B25: A | C25: 45814.548 | D25: D0016 | E25: Contrôles PAY | F25: S0174 | G25: Mouvement 03 | H25: E1010 | I25: Contrôles d'alimentation du mouvement 03 | J25: La date d'effet d'un mouvement 03 est saisie | K25: BG03_DAT_EFF [BG_Occurrence_courante] <> Vide | L25: T2431 | M25: Ouvrier (Cadre Général), à temps partiel, surcotisant, avec handicap d'au moins 80% | N25: Création Modification | O25: Le code saisi est égal à 'Ouvrier (Cadre Général), à temps partiel, surcotisant, avec handicap d'au moins 80%' | P25: BG03_NJOUR [BG_Occurrence_courante] = 'IP' | Q25: Militaire | R25: P0002 | S25: M | T25: Général | U25: Exclu | V25: 40725
A26: 25.00.00 | B26: A | C26: 45814.549 | D26: D0016 | E26: Contrôles PAY | F26: S0174 | G26: Mouvement 03 | H26: E1010 | I26: Contrôles d'alimentation du mouvement 03 | J26: La date d'effet d'un mouvement 03 est saisie | K26: BG03_DAT_EFF [BG_Occurrence_courante] <> Vide | L26: T2432 | M26: Ouvrier Aviation Civile, à temps partiel, surcotisant, avec handicap d'au moins 80% | N26: Création Modification | O26: Le code saisi est égal à 'Ouvrier Aviation Civile, à temps partiel, surcotisant, avec handicap d'au moins 80%' | P26: BG03_NJOUR [BG_Occurrence_courante] = 'JC' | Q26: Militaire | R26: P0002 | S26: M | T26: Général | U26: Exclu | V26: 40725
A27: 25.00.00 | B27: A | C27: 45814.551 | D27: D0016 | E27: Contrôles PAY | F27: S0174 | G27: Mouvement 03 | H27: E1010 | I27: Contrôles d'alimentation du mouvement 03 | J27: La date d'effet d'un mouvement 03 est saisie | K27: BG03_DAT_EFF [BG_Occurrence_courante] <> Vide | L27: T2433 | M27: Militaire DGA, pour proratisation de certains éléments | N27: Création Modification | O27: Le code saisi est égal à 'Militaire DGA, pour proratisation de certains éléments' | P27: BG03_NJOUR [BG_Occurrence_courante] = 'MI' | Q27: Militaire | R27: P0002 | S27: M | T27: Général | U27: Exclu | V27: 40725
A28: 25.00.00 | B28: A | C28: 45814.555 | D28: D0016 | E28: Contrôles PAY | F28: S0174 | G28: Mouvement 03 | H28: E1010 | I28: Contrôles d'alimentation du mouvement 03 | J28: La date d'effet d'un mouvement 03 est saisie | K28: BG03_DAT_EFF [BG_Occurrence_courante] <> Vide | L28: T2434 | M28: Agent non titulaire surcotisant | N28: Création Modification | O28: Le code saisi est égal à 'Agent non titulaire surcotisant' | P28: BG03_NJOUR [BG_Occurrence_courante] = 'NP' | Q28: Militaire | R28: P0002 | S28: M | T28: Général | U28: Exclu | V28: 40725
A29: 25.00.00 | B29: A | C29: 45814.57 | D29: D0016 | E29: Contrôles PAY | F29: S0174 | G29: Mouvement 03 | H29: E1010 | I29: Contrôles d'alimentation du mouvement 03 | J29: La date d'effet d'un mouvement 03 est saisie | K29: BG03_DAT_EFF [BG_Occurrence_courante] <> Vide | L29: T2435 | M29: Ouvrier (Cadre Général) surcotisant | N29: Création Modification | O29: Le code saisi est égal à 'Ouvrier (Cadre Général) surcotisant' | P29: BG03_NJOUR [BG_Occurrence_courante] = 'OP' | Q29: Militaire | R29: P0002 | S29: M | T29: Général | U29: Exclu | V29: 40725
A30: 25.00.00 | B30: A | C30: 45814.573 | D30: D0016 | E30: Contrôles PAY | F30: S0174 | G30: Mouvement 03 | H30: E1010 | I30: Contrôles d'alimentation du mouvement 03 | J30: La date d'effet d'un mouvement 03 est saisie | K30: BG03_DAT_EFF [BG_Occurrence_courante] <> Vide | L30: T2436 | M30: Contractuel PACTE | N30: Création Modification | O30: Le code saisi est égal à 'PACTE' | P30: BG03_NJOUR [BG_Occurrence_courante] = 'PA' | Q30: Militaire | R30: P0002 | S30: M | T30: Général | U30: Exclu | V30: 40725
A31: 25.00.00 | B31: A | C31: 45814.574 | D31: D0016 | E31: Contrôles PAY | F31: S0174 | G31: Mouvement 03 | H31: E1010 | I31: Contrôles d'alimentation du mouvement 03 | J31: La date d'effet d'un mouvement 03 est saisie | K31: BG03_DAT_EFF [BG_Occurrence_courante] <> Vide | L31: T2437 | M31: Surcotisation Douanes, Police, Pénitentiaire | N31: Création Modification | O31: Le code saisi est égal à 'Surcotisation Douanes, Police, Pénitentiaire' | P31: BG03_NJOUR [BG_Occurrence_courante] = 'PP' | Q31: Militaire | R31: P0002 | S31: M | T31: Général | U31: Exclu | V31: 40725
... A35: 25.00.00 | B35: A | C35: 45814.583 | D35: D0016 | E35: Contrôles PAY | F35: S0174 | G35: Mouvement 03 | H35: E1010 | I35: Contrôles d'alimentation du mouvement 03 | J35: La date d'effet d'un mouvement 03 est saisie | K35: BG03_DAT_EFF [BG_Occurrence_courante] <> Vide | L35: T2441 | M35: Remise à blanc de la zone | N35: Création Modification | O35: Le code saisi est égal à 'Remise à blanc de la zone' | P35: BG03_NJOUR [BG_Occurrence_courante] = 'ZZ' | Q35: Militaire | R35: P0002 | S35: M | T35: Général | U35: Passant | V35: 40725
A36: 25.00.00 | B36: A | C36: 45814.589 | D36: D0016 | E36: Contrôles PAY | F36: S0174 | G36: Mouvement 03 | H36: E1010 | I36: Contrôles d'alimentation du mouvement 03 | J36: La date d'effet d'un mouvement 03 est saisie | K36: BG03_DAT_EFF [BG_Occurrence_courante] <> Vide | L36: T2442 | M36: Surcotisation CPA | N36: Création Modification | O36: Le code saisi est égal à 'Surcotisation CPA' | P36: BG03_NJOUR [BG_Occurrence_courante] = 'SO' | Q36: Militaire | R36: P0002 | S36: M | T36: Général | U36: Exclu | V36: 40725 | W36: 43555
A37: 25.00.00 | B37: A | C37: 45814.593 | D37: D0016 | E37: Contrôles PAY | F37: S0174 | G37: Mouvement 03 | H37: E1010 | I37: Contrôles d'alimentation du mouvement 03 | J37: La date d'effet d'un mouvement 03 est saisie | K37: BG03_DAT_EFF [BG_Occurrence_courante] <> Vide | L37: T2443 | M37: Maître de l'enseignement privé en CPA | N37: Création Modification | O37: Le code saisi est égal à 'Maître de l'enseignement privé en CPA' | P37: BG03_NJOUR [BG_Occurrence_courante] = 'EP' | Q37: Militaire | R37: P0002 | S37: M | T37: Général | U37: Exclu | V37: 40725 | W37: 43555
A38: 25.00.00 | B38: A | C38: 45814.508 | D38: D0016 | E38: Contrôles PAY | F38: S0174 | G38: Mouvement 03 | H38: E1010 | I38: Contrôles d'alimentation du mouvement 03 | J38: La date d'effet d'un mouvement 03 est saisie | K38: BG03_DAT_EFF [BG_Occurrence_courante] <> Vide | L38: T2426 | M38: Ouvrier de l'aviation civile, temps plein | N38: Création Modification | O38: Le code saisi est égal à 'Ouvrier de l'aviation civile, temps plein' | P38: BG03_NJOUR [BG_Occurrence_courante] = 'AC' | Q38: Contractuel | R38: P0003 | S38: N | T38: Général | U38: Exclu | V38: 40725
A39: 25.00.00 | B39: A | C39: 45814.515 | D39: D0016 | E39: Contrôles PAY | F39: S0174 | G39: Mouvement 03 | H39: E1010 | I39: Contrôles d'alimentation du mouvement 03 | J39: La date d'effet d'un mouvement 03 est saisie | K39: BG03_DAT_EFF [BG_Occurrence_courante] <> Vide | L39: T2427 | M39: Ouvrier de l'aviation civile, temps partiel | N39: Création Modification | O39: Le code saisi est égal à 'Ouvrier de l'aviation civile, temps partiel' | P39: BG03_NJOUR [BG_Occurrence_courante] = 'BC' | Q39: Contractuel | R39: P0003 | S39: N | T39: Général | U39: Exclu | V39: 40725
A40: 25.00.00 | B40: A | C40: 45814.517 | D40: D0016 | E40: Contrôles PAY | F40: S0174 | G40: Mouvement 03 | H40: E1010 | I40: Contrôles d'alimentation du mouvement 03 | J40: La date d'effet d'un mouvement 03 est saisie | K40: BG03_DAT_EFF [BG_Occurrence_courante] <> Vide | L40: T2428 | M40: Contrat d'accompagnement dans l'emploi | N40: Création Modification | O40: Le code saisi est égal à 'CAE' | P40: BG03_NJOUR [BG_Occurrence_courante] = 'CA' | Q40: Contractuel | R40: P0003 | S40: N | T40: Général | U40: Exclu | V40: 40725
A41: 25.00.00 | B41: A | C41: 45814.519 | D41: D0016 | E41: Contrôles PAY | F41: S0174 | G41: Mouvement 03 | H41: E1010 | I41: Contrôles d'alimentation du mouvement 03 | J41: La date d'effet d'un mouvement 03 est saisie | K41: BG03_DAT_EFF [BG_Occurrence_courante] <> Vide | L41: T2429 | M41: Ouvrier de l'aviation civile, surcotisant | N41: Création Modification | O41: Le code saisi est égal à 'Ouvrier de l'aviation civile, surcotisant' | P41: BG03_NJOUR [BG_Occurrence_courante] = 'CC' | Q41: Contractuel | R41: P0003 | S41: N | T41: Général | U41: Exclu | V41: 40725
A42: 25.00.00 | B42: A | C42: 45814.546 | D42: D0016 | E42: Contrôles PAY | F42: S0174 | G42: Mouvement 03 | H42: E1010 | I42: Contrôles d'alimentation du mouvement 03 | J42: La date d'effet d'un mouvement 03 est saisie | K42: BG03_DAT_EFF [BG_Occurrence_courante] <> Vide | L42: T2430 | M42: Agent Handicapé, dont l'incapacité est de 80% au moins, surcotisant | N42: Création Modification | O42: Le code saisi est égal à 'Agent Handicapé, dont l'incapacité est de 80% au moins, surcotisant' | P42: BG03_NJOUR [BG_Occurrence_courante] = 'HA' | Q42: Contractuel | R42: P0003 | S42: N | T42: Général | U42: Passant | V42: 40725
A43: 25.00.00 | B43: A | C43: 45814.548 | D43: D0016 | E43: Contrôles PAY | F43: S0174 | G43: Mouvement 03 | H43: E1010 | I43: Contrôles d'alimentation du mouvement 03 | J43: La date d'effet d'un mouvement 03 est saisie | K43: BG03_DAT_EFF [BG_Occurrence_courante] <> Vide | L43: T2431 | M43: Ouvrier (Cadre Général), à temps partiel, surcotisant, avec handicap d'au moins 80% | N43: Création Modification | O43: Le code saisi est égal à 'Ouvrier (Cadre Général), à temps partiel, surcotisant, avec handicap d'au moins 80%' | P43: BG03_NJOUR [BG_Occurrence_courante] = 'IP' | Q43: Contractuel | R43: P0003 | S43: N | T43: Général | U43: Exclu | V43: 40725
A44: 25.00.00 | B44: A | C44: 45814.549 | D44: D0016 | E44: Contrôles PAY | F44: S0174 | G44: Mouvement 03 | H44: E1010 | I44: Contrôles d'alimentation du mouvement 03 | J44: La date d'effet d'un mouvement 03 est saisie | K44: BG03_DAT_EFF [BG_Occurrence_courante] <> Vide | L44: T2432 | M44: Ouvrier Aviation Civile, à temps partiel, surcotisant, avec handicap d'au moins 80% | N44: Création Modification | O44: Le code saisi est égal à 'Ouvrier Aviation Civile, à temps partiel, surcotisant, avec handicap d'au moins 80%' | P44: BG03_NJOUR [BG_Occurrence_courante] = 'JC' | Q44: Contractuel | R44: P0003 | S44: N | T44: Général | U44: Exclu | V44: 40725
A45: 25.00.00 | B45: A | C45: 45814.551 | D45: D0016 | E45: Contrôles PAY | F45: S0174 | G45: Mouvement 03 | H45: E1010 | I45: Contrôles d'alimentation du mouvement 03 | J45: La date d'effet d'un mouvement 03 est saisie | K45: BG03_DAT_EFF [BG_Occurrence_courante] <> Vide | L45: T2433 | M45: Militaire DGA, pour proratisation de certains éléments | N45: Création Modification | O45: Le code saisi est égal à 'Militaire DGA, pour proratisation de certains éléments' | P45: BG03_NJOUR [BG_Occurrence_courante] = 'MI' | Q45: Contractuel | R45: P0003 | S45: N | T45: Général | U45: Exclu | V45: 40725
A46: 25.00.00 | B46: A | C46: 45814.554 | D46: D0016 | E46: Contrôles PAY | F46: S0174 | G46: Mouvement 03 | H46: E1010 | I46: Contrôles d'alimentation du mouvement 03 | J46: La date d'effet d'un mouvement 03 est saisie | K46: BG03_DAT_EFF [BG_Occurrence_courante] <> Vide | L46: T2434 | M46: Agent non titulaire surcotisant | N46: Création Modification | O46: Le code saisi est égal à 'Agent non titulaire surcotisant' | P46: BG03_NJOUR [BG_Occurrence_courante] = 'NP' | Q46: Contractuel | R46: P0003 | S46: N | T46: Général | U46: Passant | V46: 40725
A47: 25.00.00 | B47: A | C47: 45814.57 | D47: D0016 | E47: Contrôles PAY | F47: S0174 | G47: Mouvement 03 | H47: E1010 | I47: Contrôles d'alimentation du mouvement 03 | J47: La date d'effet d'un mouvement 03 est saisie | K47: BG03_DAT_EFF [BG_Occurrence_courante] <> Vide | L47: T2435 | M47: Ouvrier (Cadre Général) surcotisant | N47: Création Modification | O47: Le code saisi est égal à 'Ouvrier (Cadre Général) surcotisant' | P47: BG03_NJOUR [BG_Occurrence_courante] = 'OP' | Q47: Contractuel | R47: P0003 | S47: N | T47: Général | U47: Exclu | V47: 40725
A48: 25.00.00 | B48: A | C48: 45814.572 | D48: D0016 | E48: Contrôles PAY | F48: S0174 | G48: Mouvement 03 | H48: E1010 | I48: Contrôles d'alimentation du mouvement 03 | J48: La date d'effet d'un mouvement 03 est saisie | K48: BG03_DAT_EFF [BG_Occurrence_courante] <> Vide | L48: T2436 | M48: Contractuel PACTE | N48: Création Modification | O48: Le code saisi est égal à 'PACTE' | P48: BG03_NJOUR [BG_Occurrence_courante] = 'PA' | Q48: Contractuel | R48: P0003 | S48: N | T48: Général | U48: Exclu | V48: 40725
A49: 25.00.00 | B49: A | C49: 45814.574 | D49: D0016 | E49: Contrôles PAY | F49: S0174 | G49: Mouvement 03 | H49: E1010 | I49: Contrôles d'alimentation du mouvement 03 | J49: La date d'effet d'un mouvement 03 est saisie | K49: BG03_DAT_EFF [BG_Occurrence_courante] <> Vide | L49: T2437 | M49: Surcotisation Douanes, Police, Pénitentiaire | N49: Création Modification | O49: Le code saisi est égal à 'Surcotisation Douanes, Police, Pénitentiaire' | P49: BG03_NJOUR [BG_Occurrence_courante] = 'PP' | Q49: Contractuel | R49: P0003 | S49: N | T49: Général | U49: Exclu | V49: 40725
... A53: 25.00.00 | B53: A | C53: 45814.582 | D53: D0016 | E53: Contrôles PAY | F53: S0174 | G53: Mouvement 03 | H53: E1010 | I53: Contrôles d'alimentation du mouvement 03 | J53: La date d'effet d'un mouvement 03 est saisie | K53: BG03_DAT_EFF [BG_Occurrence_courante] <> Vide | L53: T2441 | M53: Remise à blanc de la zone | N53: Création Modification | O53: Le code saisi est égal à 'Remise à blanc de la zone' | P53: BG03_NJOUR [BG_Occurrence_courante] = 'ZZ' | Q53: Contractuel | R53: P0003 | S53: N | T53: Général | U53: Passant | V53: 40725
A54: 25.00.00 | B54: A | C54: 45814.588 | D54: D0016 | E54: Contrôles PAY | F54: S0174 | G54: Mouvement 03 | H54: E1010 | I54: Contrôles d'alimentation du mouvement 03 | J54: La date d'effet d'un mouvement 03 est saisie | K54: BG03_DAT_EFF [BG_Occurrence_courante] <> Vide | L54: T2442 | M54: Surcotisation CPA | N54: Création Modification | O54: Le code saisi est égal à 'Surcotisation CPA' | P54: BG03_NJOUR [BG_Occurrence_courante] = 'SO' | Q54: Contractuel | R54: P0003 | S54: N | T54: Général | U54: Passant | V54: 40725 | W54: 43555
A55: 25.00.00 | B55: A | C55: 45814.592 | D55: D0016 | E55: Contrôles PAY | F55: S0174 | G55: Mouvement 03 | H55: E1010 | I55: Contrôles d'alimentation du mouvement 03 | J55: La date d'effet d'un mouvement 03 est saisie | K55: BG03_DAT_EFF [BG_Occurrence_courante] <> Vide | L55: T2443 | M55: Maître de l'enseignement privé en CPA | N55: Création Modification | O55: Le code saisi est égal à 'Maître de l'enseignement privé en CPA' | P55: BG03_NJOUR [BG_Occurrence_courante] = 'EP' | Q55: Contractuel | R55: P0003 | S55: N | T55: Général | U55: Exclu | V55: 40725 | W55: 43555
A56: 25.00.00 | B56: A | C56: 45814.507 | D56: D0016 | E56: Contrôles PAY | F56: S0174 | G56: Mouvement 03 | H56: E1010 | I56: Contrôles d'alimentation du mouvement 03 | J56: La date d'effet d'un mouvement 03 est saisie | K56: BG03_DAT_EFF [BG_Occurrence_courante] <> Vide | L56: T2426 | M56: Ouvrier de l'aviation civile, temps plein | N56: Création Modification | O56: Le code saisi est égal à 'Ouvrier de l'aviation civile, temps plein' | P56: BG03_NJOUR [BG_Occurrence_courante] = 'AC' | Q56: Stagiaire ou auditeur ou élève | R56: P0004 | S56: S | T56: Général | U56: Exclu | V56: 40725
A57: 25.00.00 | B57: A | C57: 45814.515 | D57: D0016 | E57: Contrôles PAY | F57: S0174 | G57: Mouvement 03 | H57: E1010 | I57: Contrôles d'alimentation du mouvement 03 | J57: La date d'effet d'un mouvement 03 est saisie | K57: BG03_DAT_EFF [BG_Occurrence_courante] <> Vide | L57: T2427 | M57: Ouvrier de l'aviation civile, temps partiel | N57: Création Modification | O57: Le code saisi est égal à 'Ouvrier de l'aviation civile, temps partiel' | P57: BG03_NJOUR [BG_Occurrence_courante] = 'BC' | Q57: Stagiaire ou auditeur ou élève | R57: P0004 | S57: S | T57: Général | U57: Exclu | V57: 40725
A58: 25.00.00 | B58: A | C58: 45814.517 | D58: D0016 | E58: Contrôles PAY | F58: S0174 | G58: Mouvement 03 | H58: E1010 | I58: Contrôles d'alimentation du mouvement 03 | J58: La date d'effet d'un mouvement 03 est saisie | K58: BG03_DAT_EFF [BG_Occurrence_courante] <> Vide | L58: T2428 | M58: Contrat d'accompagnement dans l'emploi | N58: Création Modification | O58: Le code saisi est égal à 'CAE' | P58: BG03_NJOUR [BG_Occurrence_courante] = 'CA' | Q58: Stagiaire ou auditeur ou élève | R58: P0004 | S58: S | T58: Général | U58: Exclu | V58: 40725
A59: 25.00.00 | B59: A | C59: 45814.519 | D59: D0016 | E59: Contrôles PAY | F59: S0174 | G59: Mouvement 03 | H59: E1010 | I59: Contrôles d'alimentation du mouvement 03 | J59: La date d'effet d'un mouvement 03 est saisie | K59: BG03_DAT_EFF [BG_Occurrence_courante] <> Vide | L59: T2429 | M59: Ouvrier de l'aviation civile, surcotisant | N59: Création Modification | O59: Le code saisi est égal à 'Ouvrier de l'aviation civile, surcotisant' | P59: BG03_NJOUR [BG_Occurrence_courante] = 'CC' | Q59: Stagiaire ou auditeur ou élève | R59: P0004 | S59: S | T59: Général | U59: Exclu | V59: 40725
A60: 25.00.00 | B60: A | C60: 45814.547 | D60: D0016 | E60: Contrôles PAY | F60: S0174 | G60: Mouvement 03 | H60: E1010 | I60: Contrôles d'alimentation du mouvement 03 | J60: La date d'effet d'un mouvement 03 est saisie | K60: BG03_DAT_EFF [BG_Occurrence_courante] <> Vide | L60: T2430 | M60: Agent Handicapé, dont l'incapacité est de 80% au moins, surcotisant | N60: Création Modification | O60: Le code saisi est égal à 'Agent Handicapé, dont l'incapacité est de 80% au moins, surcotisant' | P60: BG03_NJOUR [BG_Occurrence_courante] = 'HA' | Q60: Stagiaire ou auditeur ou élève | R60: P0004 | S60: S | T60: Général | U60: Passant | V60: 40725
A61: 25.00.00 | B61: A | C61: 45814.548 | D61: D0016 | E61: Contrôles PAY | F61: S0174 | G61: Mouvement 03 | H61: E1010 | I61: Contrôles d'alimentation du mouvement 03 | J61: La date d'effet d'un mouvement 03 est saisie | K61: BG03_DAT_EFF [BG_Occurrence_courante] <> Vide | L61: T2431 | M61: Ouvrier (Cadre Général), à temps partiel, surcotisant, avec handicap d'au moins 80% | N61: Création Modification | O61: Le code saisi est égal à 'Ouvrier (Cadre Général), à temps partiel, surcotisant, avec handicap d'au moins 80%' | P61: BG03_NJOUR [BG_Occurrence_courante] = 'IP' | Q61: Stagiaire ou auditeur ou élève | R61: P0004 | S61: S | T61: Général | U61: Exclu | V61: 40725
A62: 25.00.00 | B62: A | C62: 45814.549 | D62: D0016 | E62: Contrôles PAY | F62: S0174 | G62: Mouvement 03 | H62: E1010 | I62: Contrôles d'alimentation du mouvement 03 | J62: La date d'effet d'un mouvement 03 est saisie | K62: BG03_DAT_EFF [BG_Occurrence_courante] <> Vide | L62: T2432 | M62: Ouvrier Aviation Civile, à temps partiel, surcotisant, avec handicap d'au moins 80% | N62: Création Modification | O62: Le code saisi est égal à 'Ouvrier Aviation Civile, à temps partiel, surcotisant, avec handicap d'au moins 80%' | P62: BG03_NJOUR [BG_Occurrence_courante] = 'JC' | Q62: Stagiaire ou auditeur ou élève | R62: P0004 | S62: S | T62: Général | U62: Exclu | V62: 40725
A63: 25.00.00 | B63: A | C63: 45814.551 | D63: D0016 | E63: Contrôles PAY | F63: S0174 | G63: Mouvement 03 | H63: E1010 | I63: Contrôles d'alimentation du mouvement 03 | J63: La date d'effet d'un mouvement 03 est saisie | K63: BG03_DAT_EFF [BG_Occurrence_courante] <> Vide | L63: T2433 | M63: Militaire DGA, pour proratisation de certains éléments | N63: Création Modification | O63: Le code saisi est égal à 'Militaire DGA, pour proratisation de certains éléments' | P63: BG03_NJOUR [BG_Occurrence_courante] = 'MI' | Q63: Stagiaire ou auditeur ou élève | R63: P0004 | S63: S | T63: Général | U63: Exclu | V63: 40725
A64: 25.00.00 | B64: A | C64: 45814.554 | D64: D0016 | E64: Contrôles PAY | F64: S0174 | G64: Mouvement 03 | H64: E1010 | I64: Contrôles d'alimentation du mouvement 03 | J64: La date d'effet d'un mouvement 03 est saisie | K64: BG03_DAT_EFF [BG_Occurrence_courante] <> Vide | L64: T2434 | M64: Agent non titulaire surcotisant | N64: Création Modification | O64: Le code saisi est égal à 'Agent non titulaire surcotisant' | P64: BG03_NJOUR [BG_Occurrence_courante] = 'NP' | Q64: Stagiaire ou auditeur ou élève | R64: P0004 | S64: S | T64: Général | U64: Exclu | V64: 40725
A65: 25.00.00 | B65: A | C65: 45814.57 | D65: D0016 | E65: Contrôles PAY | F65: S0174 | G65: Mouvement 03 | H65: E1010 | I65: Contrôles d'alimentation du mouvement 03 | J65: La date d'effet d'un mouvement 03 est saisie | K65: BG03_DAT_EFF [BG_Occurrence_courante] <> Vide | L65: T2435 | M65: Ouvrier (Cadre Général) surcotisant | N65: Création Modification | O65: Le code saisi est égal à 'Ouvrier (Cadre Général) surcotisant' | P65: BG03_NJOUR [BG_Occurrence_courante] = 'OP' | Q65: Stagiaire ou auditeur ou élève | R65: P0004 | S65: S | T65: Général | U65: Exclu | V65: 40725
A66: 25.00.00 | B66: A | C66: 45814.572 | D66: D0016 | E66: Contrôles PAY | F66: S0174 | G66: Mouvement 03 | H66: E1010 | I66: Contrôles d'alimentation du mouvement 03 | J66: La date d'effet d'un mouvement 03 est saisie | K66: BG03_DAT_EFF [BG_Occurrence_courante] <> Vide | L66: T2436 | M66: Contractuel PACTE | N66: Création Modification | O66: Le code saisi est égal à 'PACTE' | P66: BG03_NJOUR [BG_Occurrence_courante] = 'PA' | Q66: Stagiaire ou auditeur ou élève | R66: P0004 | S66: S | T66: Général | U66: Exclu | V66: 40725
A67: 25.00.00 | B67: A | C67: 45814.574 | D67: D0016 | E67: Contrôles PAY | F67: S0174 | G67: Mouvement 03 | H67: E1010 | I67: Contrôles d'alimentation du mouvement 03 | J67: La date d'effet d'un mouvement 03 est saisie | K67: BG03_DAT_EFF [BG_Occurrence_courante] <> Vide | L67: T2437 | M67: Surcotisation Douanes, Police, Pénitentiaire | N67: Création Modification | O67: Le code saisi est égal à 'Surcotisation Douanes, Police, Pénitentiaire' | P67: BG03_NJOUR [BG_Occurrence_courante] = 'PP' | Q67: Stagiaire ou auditeur ou élève | R67: P0004 | S67: S | T67: Général | U67: Exclu | V67: 40725
... A71: 25.00.00 | B71: A | C71: 45814.581 | D71: D0016 | E71: Contrôles PAY | F71: S0174 | G71: Mouvement 03 | H71: E1010 | I71: Contrôles d'alimentation du mouvement 03 | J71: La date d'effet d'un mouvement 03 est saisie | K71: BG03_DAT_EFF [BG_Occurrence_courante] <> Vide | L71: T2441 | M71: Remise à blanc de la zone | N71: Création Modification | O71: Le code saisi est égal à 'Remise à blanc de la zone' | P71: BG03_NJOUR [BG_Occurrence_courante] = 'ZZ' | Q71: Stagiaire ou auditeur ou élève | R71: P0004 | S71: S | T71: Général | U71: Passant | V71: 40725
A72: 25.00.00 | B72: A | C72: 45814.588 | D72: D0016 | E72: Contrôles PAY | F72: S0174 | G72: Mouvement 03 | H72: E1010 | I72: Contrôles d'alimentation du mouvement 03 | J72: La date d'effet d'un mouvement 03 est saisie | K72: BG03_DAT_EFF [BG_Occurrence_courante] <> Vide | L72: T2442 | M72: Surcotisation CPA | N72: Création Modification | O72: Le code saisi est égal à 'Surcotisation CPA' | P72: BG03_NJOUR [BG_Occurrence_courante] = 'SO' | Q72: Stagiaire ou auditeur ou élève | R72: P0004 | S72: S | T72: Général | U72: Passant | V72: 40725 | W72: 43555
A73: 25.00.00 | B73: A | C73: 45814.592 | D73: D0016 | E73: Contrôles PAY | F73: S0174 | G73: Mouvement 03 | H73: E1010 | I73: Contrôles d'alimentation du mouvement 03 | J73: La date d'effet d'un mouvement 03 est saisie | K73: BG03_DAT_EFF [BG_Occurrence_courante] <> Vide | L73: T2443 | M73: Maître de l'enseignement privé en CPA | N73: Création Modification | O73: Le code saisi est égal à 'Maître de l'enseignement privé en CPA' | P73: BG03_NJOUR [BG_Occurrence_courante] = 'EP' | Q73: Stagiaire ou auditeur ou élève | R73: P0004 | S73: S | T73: Général | U73: Exclu | V73: 40725 | W73: 43555
A74: 25.00.00 | B74: A | C74: 45814.506 | D74: D0016 | E74: Contrôles PAY | F74: S0174 | G74: Mouvement 03 | H74: E1010 | I74: Contrôles d'alimentation du mouvement 03 | J74: La date d'effet d'un mouvement 03 est saisie | K74: BG03_DAT_EFF [BG_Occurrence_courante] <> Vide | L74: T2426 | M74: Ouvrier de l'aviation civile, temps plein | N74: Création Modification | O74: Le code saisi est égal à 'Ouvrier de l'aviation civile, temps plein' | P74: BG03_NJOUR [BG_Occurrence_courante] = 'AC' | Q74: Ouvrier d'état | R74: P0005 | S74: O | T74: Général | U74: Passant | V74: 40725
A75: 25.00.00 | B75: A | C75: 45814.508 | D75: D0016 | E75: Contrôles PAY | F75: S0174 | G75: Mouvement 03 | H75: E1010 | I75: Contrôles d'alimentation du mouvement 03 | J75: La date d'effet d'un mouvement 03 est saisie | K75: BG03_DAT_EFF [BG_Occurrence_courante] <> Vide | L75: T2427 | M75: Ouvrier de l'aviation civile, temps partiel | N75: Création Modification | O75: Le code saisi est égal à 'Ouvrier de l'aviation civile, temps partiel' | P75: BG03_NJOUR [BG_Occurrence_courante] = 'BC' | Q75: Ouvrier d'état | R75: P0005 | S75: O | T75: Général | U75: Passant | V75: 40725
A76: 25.00.00 | B76: A | C76: 45814.518 | D76: D0016 | E76: Contrôles PAY | F76: S0174 | G76: Mouvement 03 | H76: E1010 | I76: Contrôles d'alimentation du mouvement 03 | J76: La date d'effet d'un mouvement 03 est saisie | K76: BG03_DAT_EFF [BG_Occurrence_courante] <> Vide | L76: T2428 | M76: Contrat d'accompagnement dans l'emploi | N76: Création Modification | O76: Le code saisi est égal à 'CAE' | P76: BG03_NJOUR [BG_Occurrence_courante] = 'CA' | Q76: Ouvrier d'état | R76: P0005 | S76: O | T76: Général | U76: Exclu | V76: 40725
A77: 25.00.00 | B77: A | C77: 45814.519 | D77: D0016 | E77: Contrôles PAY | F77: S0174 | G77: Mouvement 03 | H77: E1010 | I77: Contrôles d'alimentation du mouvement 03 | J77: La date d'effet d'un mouvement 03 est saisie | K77: BG03_DAT_EFF [BG_Occurrence_courante] <> Vide | L77: T2429 | M77: Ouvrier de l'aviation civile, surcotisant | N77: Création Modification | O77: Le code saisi est égal à 'Ouvrier de l'aviation civile, surcotisant' | P77: BG03_NJOUR [BG_Occurrence_courante] = 'CC' | Q77: Ouvrier d'état | R77: P0005 | S77: O | T77: Général | U77: Passant | V77: 40725
A78: 25.00.00 | B78: A | C78: 45814.547 | D78: D0016 | E78: Contrôles PAY | F78: S0174 | G78: Mouvement 03 | H78: E1010 | I78: Contrôles d'alimentation du mouvement 03 | J78: La date d'effet d'un mouvement 03 est saisie | K78: BG03_DAT_EFF [BG_Occurrence_courante] <> Vide | L78: T2430 | M78: Agent Handicapé, dont l'incapacité est de 80% au moins, surcotisant | N78: Création Modification | O78: Le code saisi est égal à 'Agent Handicapé, dont l'incapacité est de 80% au moins, surcotisant' | P78: BG03_NJOUR [BG_Occurrence_courante] = 'HA' | Q78: Ouvrier d'état | R78: P0005 | S78: O | T78: Général | U78: Exclu | V78: 40725
A79: 25.00.00 | B79: A | C79: 45814.548 | D79: D0016 | E79: Contrôles PAY | F79: S0174 | G79: Mouvement 03 | H79: E1010 | I79: Contrôles d'alimentation du mouvement 03 | J79: La date d'effet d'un mouvement 03 est saisie | K79: BG03_DAT_EFF [BG_Occurrence_courante] <> Vide | L79: T2431 | M79: Ouvrier (Cadre Général), à temps partiel, surcotisant, avec handicap d'au moins 80% | N79: Création Modification | O79: Le code saisi est égal à 'Ouvrier (Cadre Général), à temps partiel, surcotisant, avec handicap d'au moins 80%' | P79: BG03_NJOUR [BG_Occurrence_courante] = 'IP' | Q79: Ouvrier d'état | R79: P0005 | S79: O | T79: Général | U79: Passant | V79: 40725
A80: 25.00.00 | B80: A | C80: 45814.549 | D80: D0016 | E80: Contrôles PAY | F80: S0174 | G80: Mouvement 03 | H80: E1010 | I80: Contrôles d'alimentation du mouvement 03 | J80: La date d'effet d'un mouvement 03 est saisie | K80: BG03_DAT_EFF [BG_Occurrence_courante] <> Vide | L80: T2432 | M80: Ouvrier Aviation Civile, à temps partiel, surcotisant, avec handicap d'au moins 80% | N80: Création Modification | O80: Le code saisi est égal à 'Ouvrier Aviation Civile, à temps partiel, surcotisant, avec handicap d'au moins 80%' | P80: BG03_NJOUR [BG_Occurrence_courante] = 'JC' | Q80: Ouvrier d'état | R80: P0005 | S80: O | T80: Général | U80: Passant | V80: 40725
A81: 25.00.00 | B81: A | C81: 45814.551 | D81: D0016 | E81: Contrôles PAY | F81: S0174 | G81: Mouvement 03 | H81: E1010 | I81: Contrôles d'alimentation du mouvement 03 | J81: La date d'effet d'un mouvement 03 est saisie | K81: BG03_DAT_EFF [BG_Occurrence_courante] <> Vide | L81: T2433 | M81: Militaire DGA, pour proratisation de certains éléments | N81: Création Modification | O81: Le code saisi est égal à 'Militaire DGA, pour proratisation de certains éléments' | P81: BG03_NJOUR [BG_Occurrence_courante] = 'MI' | Q81: Ouvrier d'état | R81: P0005 | S81: O | T81: Général | U81: Exclu | V81: 40725
A82: 25.00.00 | B82: A | C82: 45814.554 | D82: D0016 | E82: Contrôles PAY | F82: S0174 | G82: Mouvement 03 | H82: E1010 | I82: Contrôles d'alimentation du mouvement 03 | J82: La date d'effet d'un mouvement 03 est saisie | K82: BG03_DAT_EFF [BG_Occurrence_courante] <> Vide | L82: T2434 | M82: Agent non titulaire surcotisant | N82: Création Modification | O82: Le code saisi est égal à 'Agent non titulaire surcotisant' | P82: BG03_NJOUR [BG_Occurrence_courante] = 'NP' | Q82: Ouvrier d'état | R82: P0005 | S82: O | T82: Général | U82: Exclu | V82: 40725
A83: 25.00.00 | B83: A | C83: 45814.569 | D83: D0016 | E83: Contrôles PAY | F83: S0174 | G83: Mouvement 03 | H83: E1010 | I83: Contrôles d'alimentation du mouvement 03 | J83: La date d'effet d'un mouvement 03 est saisie | K83: BG03_DAT_EFF [BG_Occurrence_courante] <> Vide | L83: T2435 | M83: Ouvrier (Cadre Général) surcotisant | N83: Création Modification | O83: Le code saisi est égal à 'Ouvrier (Cadre Général) surcotisant' | P83: BG03_NJOUR [BG_Occurrence_courante] = 'OP' | Q83: Ouvrier d'état | R83: P0005 | S83: O | T83: Général | U83: Passant | V83: 40725
A84: 25.00.00 | B84: A | C84: 45814.572 | D84: D0016 | E84: Contrôles PAY | F84: S0174 | G84: Mouvement 03 | H84: E1010 | I84: Contrôles d'alimentation du mouvement 03 | J84: La date d'effet d'un mouvement 03 est saisie | K84: BG03_DAT_EFF [BG_Occurrence_courante] <> Vide | L84: T2436 | M84: Contractuel PACTE | N84: Création Modification | O84: Le code saisi est égal à 'PACTE' | P84: BG03_NJOUR [BG_Occurrence_courante] = 'PA' | Q84: Ouvrier d'état | R84: P0005 | S84: O | T84: Général | U84: Exclu | V84: 40725
A85: 25.00.00 | B85: A | C85: 45814.574 | D85: D0016 | E85: Contrôles PAY | F85: S0174 | G85: Mouvement 03 | H85: E1010 | I85: Contrôles d'alimentation du mouvement 03 | J85: La date d'effet d'un mouvement 03 est saisie | K85: BG03_DAT_EFF [BG_Occurrence_courante] <> Vide | L85: T2437 | M85: Surcotisation Douanes, Police, Pénitentiaire | N85: Création Modification | O85: Le code saisi est égal à 'Surcotisation Douanes, Police, Pénitentiaire' | P85: BG03_NJOUR [BG_Occurrence_courante] = 'PP' | Q85: Ouvrier d'état | R85: P0005 | S85: O | T85: Général | U85: Exclu | V85: 40725
... A89: 25.00.00 | B89: A | C89: 45814.583 | D89: D0016 | E89: Contrôles PAY | F89: S0174 | G89: Mouvement 03 | H89: E1010 | I89: Contrôles d'alimentation du mouvement 03 | J89: La date d'effet d'un mouvement 03 est saisie | K89: BG03_DAT_EFF [BG_Occurrence_courante] <> Vide | L89: T2441 | M89: Remise à blanc de la zone | N89: Création Modification | O89: Le code saisi est égal à 'Remise à blanc de la zone' | P89: BG03_NJOUR [BG_Occurrence_courante] = 'ZZ' | Q89: Ouvrier d'état | R89: P0005 | S89: O | T89: Général | U89: Passant | V89: 40725
A90: 25.00.00 | B90: A | C90: 45814.589 | D90: D0016 | E90: Contrôles PAY | F90: S0174 | G90: Mouvement 03 | H90: E1010 | I90: Contrôles d'alimentation du mouvement 03 | J90: La date d'effet d'un mouvement 03 est saisie | K90: BG03_DAT_EFF [BG_Occurrence_courante] <> Vide | L90: T2442 | M90: Surcotisation CPA | N90: Création Modification | O90: Le code saisi est égal à 'Surcotisation CPA' | P90: BG03_NJOUR [BG_Occurrence_courante] = 'SO' | Q90: Ouvrier d'état | R90: P0005 | S90: O | T90: Général | U90: Exclu | V90: 40725 | W90: 43555
A91: 25.00.00 | B91: A | C91: 45814.592 | D91: D0016 | E91: Contrôles PAY | F91: S0174 | G91: Mouvement 03 | H91: E1010 | I91: Contrôles d'alimentation du mouvement 03 | J91: La date d'effet d'un mouvement 03 est saisie | K91: BG03_DAT_EFF [BG_Occurrence_courante] <> Vide | L91: T2443 | M91: Maître de l'enseignement privé en CPA | N91: Création Modification | O91: Le code saisi est égal à 'Maître de l'enseignement privé en CPA' | P91: BG03_NJOUR [BG_Occurrence_courante] = 'EP' | Q91: Ouvrier d'état | R91: P0005 | S91: O | T91: Général | U91: Exclu | V91: 40725 | W91: 43555
A92: 25.00.00 | B92: A | C92: 45814.517 | D92: D0016 | E92: Contrôles PAY | F92: S0174 | G92: Mouvement 03 | H92: E1010 | I92: Contrôles d'alimentation du mouvement 03 | J92: La date d'effet d'un mouvement 03 est saisie | K92: BG03_DAT_EFF [BG_Occurrence_courante] <> Vide | L92: T2428 | M92: Contrat d'accompagnement dans l'emploi | N92: Création Modification | O92: Le code saisi est égal à 'CAE' | P92: BG03_NJOUR [BG_Occurrence_courante] = 'CA' | Q92: Policier adjoint en emploi aidé | R92: P0049 | S92: N | T92: Particulier | U92: Passant | V92: 40725
A93: 25.00.00 | B93: A | C93: 45814.577 | D93: D0016 | E93: Contrôles PAY | F93: S0174 | G93: Mouvement 03 | H93: E1010 | I93: Contrôles d'alimentation du mouvement 03 | J93: La date d'effet d'un mouvement 03 est saisie | K93: BG03_DAT_EFF [BG_Occurrence_courante] <> Vide | L93: T2439 | M93: Agent à temps partiel | N93: Création Modification | O93: Le code saisi est égal à 'Agent à temps partiel' | P93: BG03_NJOUR [BG_Occurrence_courante] = 'TP' | Q93: Personnel civil payé à l'acte ou à la tâche | R93: P0054 | S93: N | T93: Particulier | U93: Exclu | V93: 40725
A94: 25.00.00 | B94: A | C94: 45814.572 | D94: D0016 | E94: Contrôles PAY | F94: S0174 | G94: Mouvement 03 | H94: E1010 | I94: Contrôles d'alimentation du mouvement 03 | J94: La date d'effet d'un mouvement 03 est saisie | K94: BG03_DAT_EFF [BG_Occurrence_courante] <> Vide | L94: T2436 | M94: Contractuel PACTE | N94: Création Modification | O94: Le code saisi est égal à 'PACTE' | P94: BG03_NJOUR [BG_Occurrence_courante] = 'PA' | Q94: Contractuel sous contrat PACTE | R94: P0166 | S94: N | T94: Particulier | U94: Passant | V94: 40725
A95: 25.00.00 | B95: A | C95: 45814.592 | D95: D0016 | E95: Contrôles PAY | F95: S0174 | G95: Mouvement 03 | H95: E1010 | I95: Contrôles d'alimentation du mouvement 03 | J95: La date d'effet d'un mouvement 03 est saisie | K95: BG03_DAT_EFF [BG_Occurrence_courante] <> Vide | L95: T2443 | M95: Maître de l'enseignement privé en CPA | N95: Création Modification | O95: Le code saisi est égal à 'Maître de l'enseignement privé en CPA' | P95: BG03_NJOUR [BG_Occurrence_courante] = 'EP' | Q95: Maître du privé - Education | R95: P0199 | S95: N | T95: Particulier | U95: Passant | V95: 40725 | W95: 43555
A96: 25.00.00 | B96: A | C96: 45814.517 | D96: D0016 | E96: Contrôles PAY | F96: S0174 | G96: Mouvement 03 | H96: E1010 | I96: Contrôles d'alimentation du mouvement 03 | J96: La date d'effet d'un mouvement 03 est saisie | K96: BG03_DAT_EFF [BG_Occurrence_courante] <> Vide | L96: T2428 | M96: Contrat d'accompagnement dans l'emploi | N96: Création Modification | O96: Le code saisi est égal à 'CAE' | P96: BG03_NJOUR [BG_Occurrence_courante] = 'CA' | Q96: Contractuel en emploi aidé de droit privé | R96: P0216 | S96: N | T96: Particulier | U96: Passant | V96: 40725
A97: 25.00.00 | B97: A | C97: 45814.55 | D97: D0016 | E97: Contrôles PAY | F97: S0174 | G97: Mouvement 03 | H97: E1010 | I97: Contrôles d'alimentation du mouvement 03 | J97: La date d'effet d'un mouvement 03 est saisie | K97: BG03_DAT_EFF [BG_Occurrence_courante] <> Vide | L97: T2433 | M97: Militaire DGA, pour proratisation de certains éléments | N97: Création Modification | O97: Le code saisi est égal à 'Militaire DGA, pour proratisation de certains éléments' | P97: BG03_NJOUR [BG_Occurrence_courante] = 'MI' | Q97: Militaire de la DGA | R97: P0217 | S97: M | T97: Particulier | U97: Passant | V97: 40725

Sheet Axe 1 Rattachement des actes
A1: Version | B1: Type de mise à jour | C1: Date de mise à jour | D1: Identifiant Domaine | E1: Libellé du Domaine | F1: Identifiant Sous-domaine | G1: Libellé du Sous-domaine | H1: Identifiant Evénement | I1: Libellé de l'évènement | J1: Libellé condition déclenchement Evènement | K1: Condition déclenchement Evènement | L1: Identifiant type d'évènement | M1: Libellé type d'évènement | N1: Type de mise à jour | O1: Libellé condition déclenchement Type Evènement | P1: Condition déclenchement Type Evènement | Q1: Libellé Population | R1: Codification Population | S1: Général / Particulier | T1: Passant / Exclu | U1: Date de début | V1: Date de fin | W1: Libellé condition de déclenchement 1 | X1: Condition de déclenchement 1 | Y1: Code nature 1 | Z1: Libellé nature 1 | AA1: Libellé condition de déclenchement 2 | AB1: Condition de déclenchement 2 | AC1: Code nature 2 | AD1: Libellé nature 2 | AE1: Libellé condition de déclenchement 3 | AF1: Condition de déclenchement 3 | AG1: Code nature 3 | AH1: Libellé nature 3 | AI1: Libellé condition de déclenchement 4 | AJ1: Condition de déclenchement 4 | AK1: Code nature 4 | AL1: Libellé nature 4 | AM1: Commentaire | AN1: FIME | AO1: Statut de travail
A2: 25.00.00 | B2: A | C2: 45814.507 | D2: D0016 | E2: Contrôles PAY | F2: S0174 | G2: Mouvement 03 | H2: E1010 | I2: Contrôles d'alimentation du mouvement 03 | J2: La date d'effet d'un mouvement 03 est saisie | K2: BG03_DAT_EFF [BG_Occurrence_courante] <> Vide | L2: T2426 | M2: Ouvrier de l'aviation civile, temps plein | N2: Création Modification | O2: Le code saisi est égal à 'Ouvrier de l'aviation civile, temps plein' | P2: BG03_NJOUR [BG_Occurrence_courante] = 'AC' | Q2: Titulaire ou magistrat | R2: P0001 | S2: Général | T2: Exclu | U2: 40550
A3: 25.00.00 | B3: A | C3: 45814.509 | D3: D0016 | E3: Contrôles PAY | F3: S0174 | G3: Mouvement 03 | H3: E1010 | I3: Contrôles d'alimentation du mouvement 03 | J3: La date d'effet d'un mouvement 03 est saisie | K3: BG03_DAT_EFF [BG_Occurrence_courante] <> Vide | L3: T2427 | M3: Ouvrier de l'aviation civile, temps partiel | N3: Création Modification | O3: Le code saisi est égal à 'Ouvrier de l'aviation civile, temps partiel' | P3: BG03_NJOUR [BG_Occurrence_courante] = 'BC' | Q3: Titulaire ou magistrat | R3: P0001 | S3: Général | T3: Exclu | U3: 40550
A4: 25.00.00 | B4: A | C4: 45814.517 | D4: D0016 | E4: Contrôles PAY | F4: S0174 | G4: Mouvement 03 | H4: E1010 | I4: Contrôles d'alimentation du mouvement 03 | J4: La date d'effet d'un mouvement 03 est saisie | K4: BG03_DAT_EFF [BG_Occurrence_courante] <> Vide | L4: T2428 | M4: Contrat d'accompagnement dans l'emploi | N4: Création Modification | O4: Le code saisi est égal à 'CAE' | P4: BG03_NJOUR [BG_Occurrence_courante] = 'CA' | Q4: Titulaire ou magistrat | R4: P0001 | S4: Général | T4: Exclu | U4: 40550
A5: 25.00.00 | B5: A | C5: 45814.519 | D5: D0016 | E5: Contrôles PAY | F5: S0174 | G5: Mouvement 03 | H5: E1010 | I5: Contrôles d'alimentation du mouvement 03 | J5: La date d'effet d'un mouvement 03 est saisie | K5: BG03_DAT_EFF [BG_Occurrence_courante] <> Vide | L5: T2429 | M5: Ouvrier de l'aviation civile, surcotisant | N5: Création Modification | O5: Le code saisi est égal à 'Ouvrier de l'aviation civile, surcotisant' | P5: BG03_NJOUR [BG_Occurrence_courante] = 'CC' | Q5: Titulaire ou magistrat | R5: P0001 | S5: Général | T5: Exclu | U5: 40550
A6: 25.00.00 | B6: A | C6: 45814.546 | D6: D0016 | E6: Contrôles PAY | F6: S0174 | G6: Mouvement 03 | H6: E1010 | I6: Contrôles d'alimentation du mouvement 03 | J6: La date d'effet d'un mouvement 03 est saisie | K6: BG03_DAT_EFF [BG_Occurrence_courante] <> Vide | L6: T2430 | M6: Agent Handicapé, dont l'incapacité est de 80% au moins, surcotisant | N6: Création Modification | O6: Le code saisi est égal à 'Agent Handicapé, dont l'incapacité est de 80% au moins, surcotisant' | P6: BG03_NJOUR [BG_Occurrence_courante] = 'HA' | Q6: Titulaire ou magistrat | R6: P0001 | S6: Général | T6: Passant | U6: 40550
A7: 25.00.00 | B7: A | C7: 45814.548 | D7: D0016 | E7: Contrôles PAY | F7: S0174 | G7: Mouvement 03 | H7: E1010 | I7: Contrôles d'alimentation du mouvement 03 | J7: La date d'effet d'un mouvement 03 est saisie | K7: BG03_DAT_EFF [BG_Occurrence_courante] <> Vide | L7: T2431 | M7: Ouvrier (Cadre Général), à temps partiel, surcotisant, avec handicap d'au moins 80% | N7: Création Modification | O7: Le code saisi est égal à 'Ouvrier (Cadre Général), à temps partiel, surcotisant, avec handicap d'au moins 80%' | P7: BG03_NJOUR [BG_Occurrence_courante] = 'IP' | Q7: Titulaire ou magistrat | R7: P0001 | S7: Général | T7: Exclu | U7: 40550
A8: 25.00.00 | B8: A | C8: 45814.549 | D8: D0016 | E8: Contrôles PAY | F8: S0174 | G8: Mouvement 03 | H8: E1010 | I8: Contrôles d'alimentation du mouvement 03 | J8: La date d'effet d'un mouvement 03 est saisie | K8: BG03_DAT_EFF [BG_Occurrence_courante] <> Vide | L8: T2432 | M8: Ouvrier Aviation Civile, à temps partiel, surcotisant, avec handicap d'au moins 80% | N8: Création Modification | O8: Le code saisi est égal à 'Ouvrier Aviation Civile, à temps partiel, surcotisant, avec handicap d'au moins 80%' | P8: BG03_NJOUR [BG_Occurrence_courante] = 'JC' | Q8: Titulaire ou magistrat | R8: P0001 | S8: Général | T8: Exclu | U8: 40550
A9: 25.00.00 | B9: A | C9: 45814.551 | D9: D0016 | E9: Contrôles PAY | F9: S0174 | G9: Mouvement 03 | H9: E1010 | I9: Contrôles d'alimentation du mouvement 03 | J9: La date d'effet d'un mouvement 03 est saisie | K9: BG03_DAT_EFF [BG_Occurrence_courante] <> Vide | L9: T2433 | M9: Militaire DGA, pour proratisation de certains éléments | N9: Création Modification | O9: Le code saisi est égal à 'Militaire DGA, pour proratisation de certains éléments' | P9: BG03_NJOUR [BG_Occurrence_courante] = 'MI' | Q9: Titulaire ou magistrat | R9: P0001 | S9: Général | T9: Exclu | U9: 40550
A10: 25.00.00 | B10: A | C10: 45814.554 | D10: D0016 | E10: Contrôles PAY | F10: S0174 | G10: Mouvement 03 | H10: E1010 | I10: Contrôles d'alimentation du mouvement 03 | J10: La date d'effet d'un mouvement 03 est saisie | K10: BG03_DAT_EFF [BG_Occurrence_courante] <> Vide | L10: T2434 | M10: Agent non titulaire surcotisant | N10: Création Modification | O10: Le code saisi est égal à 'Agent non titulaire surcotisant' | P10: BG03_NJOUR [BG_Occurrence_courante] = 'NP' | Q10: Titulaire ou magistrat | R10: P0001 | S10: Général | T10: Exclu | U10: 40550
A11: 25.00.00 | B11: A | C11: 45814.57 | D11: D0016 | E11: Contrôles PAY | F11: S0174 | G11: Mouvement 03 | H11: E1010 | I11: Contrôles d'alimentation du mouvement 03 | J11: La date d'effet d'un mouvement 03 est saisie | K11: BG03_DAT_EFF [BG_Occurrence_courante] <> Vide | L11: T2435 | M11: Ouvrier (Cadre Général) surcotisant | N11: Création Modification | O11: Le code saisi est égal à 'Ouvrier (Cadre Général) surcotisant' | P11: BG03_NJOUR [BG_Occurrence_courante] = 'OP' | Q11: Titulaire ou magistrat | R11: P0001 | S11: Général | T11: Exclu | U11: 40550
A12: 25.00.00 | B12: A | C12: 45814.572 | D12: D0016 | E12: Contrôles PAY | F12: S0174 | G12: Mouvement 03 | H12: E1010 | I12: Contrôles d'alimentation du mouvement 03 | J12: La date d'effet d'un mouvement 03 est saisie | K12: BG03_DAT_EFF [BG_Occurrence_courante] <> Vide | L12: T2436 | M12: Contractuel PACTE | N12: Création Modification | O12: Le code saisi est égal à 'PACTE' | P12: BG03_NJOUR [BG_Occurrence_courante] = 'PA' | Q12: Titulaire ou magistrat | R12: P0001 | S12: Général | T12: Exclu | U12: 40550
A13: 25.00.00 | B13: A | C13: 45814.574 | D13: D0016 | E13: Contrôles PAY | F13: S0174 | G13: Mouvement 03 | H13: E1010 | I13: Contrôles d'alimentation du mouvement 03 | J13: La date d'effet d'un mouvement 03 est saisie | K13: BG03_DAT_EFF [BG_Occurrence_courante] <> Vide | L13: T2437 | M13: Surcotisation Douanes, Police, Pénitentiaire | N13: Création Modification | O13: Le code saisi est égal à 'Surcotisation Douanes, Police, Pénitentiaire' | P13: BG03_NJOUR [BG_Occurrence_courante] = 'PP' | Q13: Titulaire ou magistrat | R13: P0001 | S13: Général | T13: Passant | U13: 40550
... A17: 25.00.00 | B17: A | C17: 45814.581 | D17: D0016 | E17: Contrôles PAY | F17: S0174 | G17: Mouvement 03 | H17: E1010 | I17: Contrôles d'alimentation du mouvement 03 | J17: La date d'effet d'un mouvement 03 est saisie | K17: BG03_DAT_EFF [BG_Occurrence_courante] <> Vide | L17: T2441 | M17: Remise à blanc de la zone | N17: Création Modification | O17: Le code saisi est égal à 'Remise à blanc de la zone' | P17: BG03_NJOUR [BG_Occurrence_courante] = 'ZZ' | Q17: Titulaire ou magistrat | R17: P0001 | S17: Général | T17: Passant | U17: 40550
A18: 25.00.00 | B18: A | C18: 45814.585 | D18: D0016 | E18: Contrôles PAY | F18: S0174 | G18: Mouvement 03 | H18: E1010 | I18: Contrôles d'alimentation du mouvement 03 | J18: La date d'effet d'un mouvement 03 est saisie | K18: BG03_DAT_EFF [BG_Occurrence_courante] <> Vide | L18: T2442 | M18: Surcotisation CPA | N18: Création Modification | O18: Le code saisi est égal à 'Surcotisation CPA' | P18: BG03_NJOUR [BG_Occurrence_courante] = 'SO' | Q18: Titulaire ou magistrat | R18: P0001 | S18: Général | T18: Passant | U18: 40550 | V18: 43555
A19: 25.00.00 | B19: A | C19: 45814.592 | D19: D0016 | E19: Contrôles PAY | F19: S0174 | G19: Mouvement 03 | H19: E1010 | I19: Contrôles d'alimentation du mouvement 03 | J19: La date d'effet d'un mouvement 03 est saisie | K19: BG03_DAT_EFF [BG_Occurrence_courante] <> Vide | L19: T2443 | M19: Maître de l'enseignement privé en CPA | N19: Création Modification | O19: Le code saisi est égal à 'Maître de l'enseignement privé en CPA' | P19: BG03_NJOUR [BG_Occurrence_courante] = 'EP' | Q19: Titulaire ou magistrat | R19: P0001 | S19: Général | T19: Exclu | U19: 40550 | V19: 43555
A20: 25.00.00 | B20: A | C20: 45814.507 | D20: D0016 | E20: Contrôles PAY | F20: S0174 | G20: Mouvement 03 | H20: E1010 | I20: Contrôles d'alimentation du mouvement 03 | J20: La date d'effet d'un mouvement 03 est saisie | K20: BG03_DAT_EFF [BG_Occurrence_courante] <> Vide | L20: T2426 | M20: Ouvrier de l'aviation civile, temps plein | N20: Création Modification | O20: Le code saisi est égal à 'Ouvrier de l'aviation civile, temps plein' | P20: BG03_NJOUR [BG_Occurrence_courante] = 'AC' | Q20: Militaire | R20: P0002 | S20: Général | T20: Exclu | U20: 40550
A21: 25.00.00 | B21: A | C21: 45814.515 | D21: D0016 | E21: Contrôles PAY | F21: S0174 | G21: Mouvement 03 | H21: E1010 | I21: Contrôles d'alimentation du mouvement 03 | J21: La date d'effet d'un mouvement 03 est saisie | K21: BG03_DAT_EFF [BG_Occurrence_courante] <> Vide | L21: T2427 | M21: Ouvrier de l'aviation civile, temps partiel | N21: Création Modification | O21: Le code saisi est égal à 'Ouvrier de l'aviation civile, temps partiel' | P21: BG03_NJOUR [BG_Occurrence_courante] = 'BC' | Q21: Militaire | R21: P0002 | S21: Général | T21: Exclu | U21: 40550
A22: 25.00.00 | B22: A | C22: 45814.518 | D22: D0016 | E22: Contrôles PAY | F22: S0174 | G22: Mouvement 03 | H22: E1010 | I22: Contrôles d'alimentation du mouvement 03 | J22: La date d'effet d'un mouvement 03 est saisie | K22: BG03_DAT_EFF [BG_Occurrence_courante] <> Vide | L22: T2428 | M22: Contrat d'accompagnement dans l'emploi | N22: Création Modification | O22: Le code saisi est égal à 'CAE' | P22: BG03_NJOUR [BG_Occurrence_courante] = 'CA' | Q22: Militaire | R22: P0002 | S22: Général | T22: Exclu | U22: 40550
A23: 25.00.00 | B23: A | C23: 45814.519 | D23: D0016 | E23: Contrôles PAY | F23: S0174 | G23: Mouvement 03 | H23: E1010 | I23: Contrôles d'alimentation du mouvement 03 | J23: La date d'effet d'un mouvement 03 est saisie | K23: BG03_DAT_EFF [BG_Occurrence_courante] <> Vide | L23: T2429 | M23: Ouvrier de l'aviation civile, surcotisant | N23: Création Modification | O23: Le code saisi est égal à 'Ouvrier de l'aviation civile, surcotisant' | P23: BG03_NJOUR [BG_Occurrence_courante] = 'CC' | Q23: Militaire | R23: P0002 | S23: Général | T23: Exclu | U23: 40550
A24: 25.00.00 | B24: A | C24: 45814.547 | D24: D0016 | E24: Contrôles PAY | F24: S0174 | G24: Mouvement 03 | H24: E1010 | I24: Contrôles d'alimentation du mouvement 03 | J24: La date d'effet d'un mouvement 03 est saisie | K24: BG03_DAT_EFF [BG_Occurrence_courante] <> Vide | L24: T2430 | M24: Agent Handicapé, dont l'incapacité est de 80% au moins, surcotisant | N24: Création Modification | O24: Le code saisi est égal à 'Agent Handicapé, dont l'incapacité est de 80% au moins, surcotisant' | P24: BG03_NJOUR [BG_Occurrence_courante] = 'HA' | Q24: Militaire | R24: P0002 | S24: Général | T24: Exclu | U24: 40550
A25: 25.00.00 | B25: A | C25: 45814.548 | D25: D0016 | E25: Contrôles PAY | F25: S0174 | G25: Mouvement 03 | H25: E1010 | I25: Contrôles d'alimentation du mouvement 03 | J25: La date d'effet d'un mouvement 03 est saisie | K25: BG03_DAT_EFF [BG_Occurrence_courante] <> Vide | L25: T2431 | M25: Ouvrier (Cadre Général), à temps partiel, surcotisant, avec handicap d'au moins 80% | N25: Création Modification | O25: Le code saisi est égal à 'Ouvrier (Cadre Général), à temps partiel, surcotisant, avec handicap d'au moins 80%' | P25: BG03_NJOUR [BG_Occurrence_courante] = 'IP' | Q25: Militaire | R25: P0002 | S25: Général | T25: Exclu | U25: 40550
A26: 25.00.00 | B26: A | C26: 45814.549 | D26: D0016 | E26: Contrôles PAY | F26: S0174 | G26: Mouvement 03 | H26: E1010 | I26: Contrôles d'alimentation du mouvement 03 | J26: La date d'effet d'un mouvement 03 est saisie | K26: BG03_DAT_EFF [BG_Occurrence_courante] <> Vide | L26: T2432 | M26: Ouvrier Aviation Civile, à temps partiel, surcotisant, avec handicap d'au moins 80% | N26: Création Modification | O26: Le code saisi est égal à 'Ouvrier Aviation Civile, à temps partiel, surcotisant, avec handicap d'au moins 80%' | P26: BG03_NJOUR [BG_Occurrence_courante] = 'JC' | Q26: Militaire | R26: P0002 | S26: Général | T26: Exclu | U26: 40550
A27: 25.00.00 | B27: A | C27: 45814.551 | D27: D0016 | E27: Contrôles PAY | F27: S0174 | G27: Mouvement 03 | H27: E1010 | I27: Contrôles d'alimentation du mouvement 03 | J27: La date d'effet d'un mouvement 03 est saisie | K27: BG03_DAT_EFF [BG_Occurrence_courante] <> Vide | L27: T2433 | M27: Militaire DGA, pour proratisation de certains éléments | N27: Création Modification | O27: Le code saisi est égal à 'Militaire DGA, pour proratisation de certains éléments' | P27: BG03_NJOUR [BG_Occurrence_courante] = 'MI' | Q27: Militaire | R27: P0002 | S27: Général | T27: Exclu | U27: 40550
A28: 25.00.00 | B28: A | C28: 45814.555 | D28: D0016 | E28: Contrôles PAY | F28: S0174 | G28: Mouvement 03 | H28: E1010 | I28: Contrôles d'alimentation du mouvement 03 | J28: La date d'effet d'un mouvement 03 est saisie | K28: BG03_DAT_EFF [BG_Occurrence_courante] <> Vide | L28: T2434 | M28: Agent non titulaire surcotisant | N28: Création Modification | O28: Le code saisi est égal à 'Agent non titulaire surcotisant' | P28: BG03_NJOUR [BG_Occurrence_courante] = 'NP' | Q28: Militaire | R28: P0002 | S28: Général | T28: Exclu | U28: 40550
A29: 25.00.00 | B29: A | C29: 45814.57 | D29: D0016 | E29: Contrôles PAY | F29: S0174 | G29: Mouvement 03 | H29: E1010 | I29: Contrôles d'alimentation du mouvement 03 | J29: La date d'effet d'un mouvement 03 est saisie | K29: BG03_DAT_EFF [BG_Occurrence_courante] <> Vide | L29: T2435 | M29: Ouvrier (Cadre Général) surcotisant | N29: Création Modification | O29: Le code saisi est égal à 'Ouvrier (Cadre Général) surcotisant' | P29: BG03_NJOUR [BG_Occurrence_courante] = 'OP' | Q29: Militaire | R29: P0002 | S29: Général | T29: Exclu | U29: 40550
A30: 25.00.00 | B30: A | C30: 45814.573 | D30: D0016 | E30: Contrôles PAY | F30: S0174 | G30: Mouvement 03 | H30: E1010 | I30: Contrôles d'alimentation du mouvement 03 | J30: La date d'effet d'un mouvement 03 est saisie | K30: BG03_DAT_EFF [BG_Occurrence_courante] <> Vide | L30: T2436 | M30: Contractuel PACTE | N30: Création Modification | O30: Le code saisi est égal à 'PACTE' | P30: BG03_NJOUR [BG_Occurrence_courante] = 'PA' | Q30: Militaire | R30: P0002 | S30: Général | T30: Exclu | U30: 40550
A31: 25.00.00 | B31: A | C31: 45814.574 | D31: D0016 | E31: Contrôles PAY | F31: S0174 | G31: Mouvement 03 | H31: E1010 | I31: Contrôles d'alimentation du mouvement 03 | J31: La date d'effet d'un mouvement 03 est saisie | K31: BG03_DAT_EFF [BG_Occurrence_courante] <> Vide | L31: T2437 | M31: Surcotisation Douanes, Police, Pénitentiaire | N31: Création Modification | O31: Le code saisi est égal à 'Surcotisation Douanes, Police, Pénitentiaire' | P31: BG03_NJOUR [BG_Occurrence_courante] = 'PP' | Q31: Militaire | R31: P0002 | S31: Général | T31: Exclu | U31: 40550
... A35: 25.00.00 | B35: A | C35: 45814.583 | D35: D0016 | E35: Contrôles PAY | F35: S0174 | G35: Mouvement 03 | H35: E1010 | I35: Contrôles d'alimentation du mouvement 03 | J35: La date d'effet d'un mouvement 03 est saisie | K35: BG03_DAT_EFF [BG_Occurrence_courante] <> Vide | L35: T2441 | M35: Remise à blanc de la zone | N35: Création Modification | O35: Le code saisi est égal à 'Remise à blanc de la zone' | P35: BG03_NJOUR [BG_Occurrence_courante] = 'ZZ' | Q35: Militaire | R35: P0002 | S35: Général | T35: Passant | U35: 40550
A36: 25.00.00 | B36: A | C36: 45814.589 | D36: D0016 | E36: Contrôles PAY | F36: S0174 | G36: Mouvement 03 | H36: E1010 | I36: Contrôles d'alimentation du mouvement 03 | J36: La date d'effet d'un mouvement 03 est saisie | K36: BG03_DAT_EFF [BG_Occurrence_courante] <> Vide | L36: T2442 | M36: Surcotisation CPA | N36: Création Modification | O36: Le code saisi est égal à 'Surcotisation CPA' | P36: BG03_NJOUR [BG_Occurrence_courante] = 'SO' | Q36: Militaire | R36: P0002 | S36: Général | T36: Exclu | U36: 40550 | V36: 43555
A37: 25.00.00 | B37: A | C37: 45814.593 | D37: D0016 | E37: Contrôles PAY | F37: S0174 | G37: Mouvement 03 | H37: E1010 | I37: Contrôles d'alimentation du mouvement 03 | J37: La date d'effet d'un mouvement 03 est saisie | K37: BG03_DAT_EFF [BG_Occurrence_courante] <> Vide | L37: T2443 | M37: Maître de l'enseignement privé en CPA | N37: Création Modification | O37: Le code saisi est égal à 'Maître de l'enseignement privé en CPA' | P37: BG03_NJOUR [BG_Occurrence_courante] = 'EP' | Q37: Militaire | R37: P0002 | S37: Général | T37: Exclu | U37: 40550 | V37: 43555
A38: 25.00.00 | B38: A | C38: 45814.508 | D38: D0016 | E38: Contrôles PAY | F38: S0174 | G38: Mouvement 03 | H38: E1010 | I38: Contrôles d'alimentation du mouvement 03 | J38: La date d'effet d'un mouvement 03 est saisie | K38: BG03_DAT_EFF [BG_Occurrence_courante] <> Vide | L38: T2426 | M38: Ouvrier de l'aviation civile, temps plein | N38: Création Modification | O38: Le code saisi est égal à 'Ouvrier de l'aviation civile, temps plein' | P38: BG03_NJOUR [BG_Occurrence_courante] = 'AC' | Q38: Contractuel | R38: P0003 | S38: Général | T38: Exclu | U38: 40550
A39: 25.00.00 | B39: A | C39: 45814.515 | D39: D0016 | E39: Contrôles PAY | F39: S0174 | G39: Mouvement 03 | H39: E1010 | I39: Contrôles d'alimentation du mouvement 03 | J39: La date d'effet d'un mouvement 03 est saisie | K39: BG03_DAT_EFF [BG_Occurrence_courante] <> Vide | L39: T2427 | M39: Ouvrier de l'aviation civile, temps partiel | N39: Création Modification | O39: Le code saisi est égal à 'Ouvrier de l'aviation civile, temps partiel' | P39: BG03_NJOUR [BG_Occurrence_courante] = 'BC' | Q39: Contractuel | R39: P0003 | S39: Général | T39: Exclu | U39: 40550
A40: 25.00.00 | B40: A | C40: 45814.517 | D40: D0016 | E40: Contrôles PAY | F40: S0174 | G40: Mouvement 03 | H40: E1010 | I40: Contrôles d'alimentation du mouvement 03 | J40: La date d'effet d'un mouvement 03 est saisie | K40: BG03_DAT_EFF [BG_Occurrence_courante] <> Vide | L40: T2428 | M40: Contrat d'accompagnement dans l'emploi | N40: Création Modification | O40: Le code saisi est égal à 'CAE' | P40: BG03_NJOUR [BG_Occurrence_courante] = 'CA' | Q40: Contractuel | R40: P0003 | S40: Général | T40: Exclu | U40: 40550
A41: 25.00.00 | B41: A | C41: 45814.519 | D41: D0016 | E41: Contrôles PAY | F41: S0174 | G41: Mouvement 03 | H41: E1010 | I41: Contrôles d'alimentation du mouvement 03 | J41: La date d'effet d'un mouvement 03 est saisie | K41: BG03_DAT_EFF [BG_Occurrence_courante] <> Vide | L41: T2429 | M41: Ouvrier de l'aviation civile, surcotisant | N41: Création Modification | O41: Le code saisi est égal à 'Ouvrier de l'aviation civile, surcotisant' | P41: BG03_NJOUR [BG_Occurrence_courante] = 'CC' | Q41: Contractuel | R41: P0003 | S41: Général | T41: Exclu | U41: 40550
A42: 25.00.00 | B42: A | C42: 45814.546 | D42: D0016 | E42: Contrôles PAY | F42: S0174 | G42: Mouvement 03 | H42: E1010 | I42: Contrôles d'alimentation du mouvement 03 | J42: La date d'effet d'un mouvement 03 est saisie | K42: BG03_DAT_EFF [BG_Occurrence_courante] <> Vide | L42: T2430 | M42: Agent Handicapé, dont l'incapacité est de 80% au moins, surcotisant | N42: Création Modification | O42: Le code saisi est égal à 'Agent Handicapé, dont l'incapacité est de 80% au moins, surcotisant' | P42: BG03_NJOUR [BG_Occurrence_courante] = 'HA' | Q42: Contractuel | R42: P0003 | S42: Général | T42: Passant | U42: 40550
A43: 25.00.00 | B43: A | C43: 45814.548 | D43: D0016 | E43: Contrôles PAY | F43: S0174 | G43: Mouvement 03 | H43: E1010 | I43: Contrôles d'alimentation du mouvement 03 | J43: La date d'effet d'un mouvement 03 est saisie | K43: BG03_DAT_EFF [BG_Occurrence_courante] <> Vide | L43: T2431 | M43: Ouvrier (Cadre Général), à temps partiel, surcotisant, avec handicap d'au moins 80% | N43: Création Modification | O43: Le code saisi est égal à 'Ouvrier (Cadre Général), à temps partiel, surcotisant, avec handicap d'au moins 80%' | P43: BG03_NJOUR [BG_Occurrence_courante] = 'IP' | Q43: Contractuel | R43: P0003 | S43: Général | T43: Exclu | U43: 40550
A44: 25.00.00 | B44: A | C44: 45814.549 | D44: D0016 | E44: Contrôles PAY | F44: S0174 | G44: Mouvement 03 | H44: E1010 | I44: Contrôles d'alimentation du mouvement 03 | J44: La date d'effet d'un mouvement 03 est saisie | K44: BG03_DAT_EFF [BG_Occurrence_courante] <> Vide | L44: T2432 | M44: Ouvrier Aviation Civile, à temps partiel, surcotisant, avec handicap d'au moins 80% | N44: Création Modification | O44: Le code saisi est égal à 'Ouvrier Aviation Civile, à temps partiel, surcotisant, avec handicap d'au moins 80%' | P44: BG03_NJOUR [BG_Occurrence_courante] = 'JC' | Q44: Contractuel | R44: P0003 | S44: Général | T44: Exclu | U44: 40550
A45: 25.00.00 | B45: A | C45: 45814.551 | D45: D0016 | E45: Contrôles PAY | F45: S0174 | G45: Mouvement 03 | H45: E1010 | I45: Contrôles d'alimentation du mouvement 03 | J45: La date d'effet d'un mouvement 03 est saisie | K45: BG03_DAT_EFF [BG_Occurrence_courante] <> Vide | L45: T2433 | M45: Militaire DGA, pour proratisation de certains éléments | N45: Création Modification | O45: Le code saisi est égal à 'Militaire DGA, pour proratisation de certains éléments' | P45: BG03_NJOUR [BG_Occurrence_courante] = 'MI' | Q45: Contractuel | R45: P0003 | S45: Général | T45: Exclu | U45: 40550
A46: 25.00.00 | B46: A | C46: 45814.554 | D46: D0016 | E46: Contrôles PAY | F46: S0174 | G46: Mouvement 03 | H46: E1010 | I46: Contrôles d'alimentation du mouvement 03 | J46: La date d'effet d'un mouvement 03 est saisie | K46: BG03_DAT_EFF [BG_Occurrence_courante] <> Vide | L46: T2434 | M46: Agent non titulaire surcotisant | N46: Création Modification | O46: Le code saisi est égal à 'Agent non titulaire surcotisant' | P46: BG03_NJOUR [BG_Occurrence_courante] = 'NP' | Q46: Contractuel | R46: P0003 | S46: Général | T46: Passant | U46: 40550
A47: 25.00.00 | B47: A | C47: 45814.57 | D47: D0016 | E47: Contrôles PAY | F47: S0174 | G47: Mouvement 03 | H47: E1010 | I47: Contrôles d'alimentation du mouvement 03 | J47: La date d'effet d'un mouvement 03 est saisie | K47: BG03_DAT_EFF [BG_Occurrence_courante] <> Vide | L47: T2435 | M47: Ouvrier (Cadre Général) surcotisant | N47: Création Modification | O47: Le code saisi est égal à 'Ouvrier (Cadre Général) surcotisant' | P47: BG03_NJOUR [BG_Occurrence_courante] = 'OP' | Q47: Contractuel | R47: P0003 | S47: Général | T47: Exclu | U47: 40550
A48: 25.00.00 | B48: A | C48: 45814.572 | D48: D0016 | E48: Contrôles PAY | F48: S0174 | G48: Mouvement 03 | H48: E1010 | I48: Contrôles d'alimentation du mouvement 03 | J48: La date d'effet d'un mouvement 03 est saisie | K48: BG03_DAT_EFF [BG_Occurrence_courante] <> Vide | L48: T2436 | M48: Contractuel PACTE | N48: Création Modification | O48: Le code saisi est égal à 'PACTE' | P48: BG03_NJOUR [BG_Occurrence_courante] = 'PA' | Q48: Contractuel | R48: P0003 | S48: Général | T48: Exclu | U48: 40550
A49: 25.00.00 | B49: A | C49: 45814.574 | D49: D0016 | E49: Contrôles PAY | F49: S0174 | G49: Mouvement 03 | H49: E1010 | I49: Contrôles d'alimentation du mouvement 03 | J49: La date d'effet d'un mouvement 03 est saisie | K49: BG03_DAT_EFF [BG_Occurrence_courante] <> Vide | L49: T2437 | M49: Surcotisation Douanes, Police, Pénitentiaire | N49: Création Modification | O49: Le code saisi est égal à 'Surcotisation Douanes, Police, Pénitentiaire' | P49: BG03_NJOUR [BG_Occurrence_courante] = 'PP' | Q49: Contractuel | R49: P0003 | S49: Général | T49: Exclu | U49: 40550
... A53: 25.00.00 | B53: A | C53: 45814.582 | D53: D0016 | E53: Contrôles PAY | F53: S0174 | G53: Mouvement 03 | H53: E1010 | I53: Contrôles d'alimentation du mouvement 03 | J53: La date d'effet d'un mouvement 03 est saisie | K53: BG03_DAT_EFF [BG_Occurrence_courante] <> Vide | L53: T2441 | M53: Remise à blanc de la zone | N53: Création Modification | O53: Le code saisi est égal à 'Remise à blanc de la zone' | P53: BG03_NJOUR [BG_Occurrence_courante] = 'ZZ' | Q53: Contractuel | R53: P0003 | S53: Général | T53: Passant | U53: 40550
A54: 25.00.00 | B54: A | C54: 45814.588 | D54: D0016 | E54: Contrôles PAY | F54: S0174 | G54: Mouvement 03 | H54: E1010 | I54: Contrôles d'alimentation du mouvement 03 | J54: La date d'effet d'un mouvement 03 est saisie | K54: BG03_DAT_EFF [BG_Occurrence_courante] <> Vide | L54: T2442 | M54: Surcotisation CPA | N54: Création Modification | O54: Le code saisi est égal à 'Surcotisation CPA' | P54: BG03_NJOUR [BG_Occurrence_courante] = 'SO' | Q54: Contractuel | R54: P0003 | S54: Général | T54: Passant | U54: 40550 | V54: 43555
A55: 25.00.00 | B55: A | C55: 45814.592 | D55: D0016 | E55: Contrôles PAY | F55: S0174 | G55: Mouvement 03 | H55: E1010 | I55: Contrôles d'alimentation du mouvement 03 | J55: La date d'effet d'un mouvement 03 est saisie | K55: BG03_DAT_EFF [BG_Occurrence_courante] <> Vide | L55: T2443 | M55: Maître de l'enseignement privé en CPA | N55: Création Modification | O55: Le code saisi est égal à 'Maître de l'enseignement privé en CPA' | P55: BG03_NJOUR [BG_Occurrence_courante] = 'EP' | Q55: Contractuel | R55: P0003 | S55: Général | T55: Exclu | U55: 40550 | V55: 43555
A56: 25.00.00 | B56: A | C56: 45814.507 | D56: D0016 | E56: Contrôles PAY | F56: S0174 | G56: Mouvement 03 | H56: E1010 | I56: Contrôles d'alimentation du mouvement 03 | J56: La date d'effet d'un mouvement 03 est saisie | K56: BG03_DAT_EFF [BG_Occurrence_courante] <> Vide | L56: T2426 | M56: Ouvrier de l'aviation civile, temps plein | N56: Création Modification | O56: Le code saisi est égal à 'Ouvrier de l'aviation civile, temps plein' | P56: BG03_NJOUR [BG_Occurrence_courante] = 'AC' | Q56: Stagiaire ou auditeur ou élève | R56: P0004 | S56: Général | T56: Exclu | U56: 40550
A57: 25.00.00 | B57: A | C57: 45814.515 | D57: D0016 | E57: Contrôles PAY | F57: S0174 | G57: Mouvement 03 | H57: E1010 | I57: Contrôles d'alimentation du mouvement 03 | J57: La date d'effet d'un mouvement 03 est saisie | K57: BG03_DAT_EFF [BG_Occurrence_courante] <> Vide | L57: T2427 | M57: Ouvrier de l'aviation civile, temps partiel | N57: Création Modification | O57: Le code saisi est égal à 'Ouvrier de l'aviation civile, temps partiel' | P57: BG03_NJOUR [BG_Occurrence_courante] = 'BC' | Q57: Stagiaire ou auditeur ou élève | R57: P0004 | S57: Général | T57: Exclu | U57: 40550
A58: 25.00.00 | B58: A | C58: 45814.517 | D58: D0016 | E58: Contrôles PAY | F58: S0174 | G58: Mouvement 03 | H58: E1010 | I58: Contrôles d'alimentation du mouvement 03 | J58: La date d'effet d'un mouvement 03 est saisie | K58: BG03_DAT_EFF [BG_Occurrence_courante] <> Vide | L58: T2428 | M58: Contrat d'accompagnement dans l'emploi | N58: Création Modification | O58: Le code saisi est égal à 'CAE' | P58: BG03_NJOUR [BG_Occurrence_courante] = 'CA' | Q58: Stagiaire ou auditeur ou élève | R58: P0004 | S58: Général | T58: Exclu | U58: 40550
A59: 25.00.00 | B59: A | C59: 45814.519 | D59: D0016 | E59: Contrôles PAY | F59: S0174 | G59: Mouvement 03 | H59: E1010 | I59: Contrôles d'alimentation du mouvement 03 | J59: La date d'effet d'un mouvement 03 est saisie | K59: BG03_DAT_EFF [BG_Occurrence_courante] <> Vide | L59: T2429 | M59: Ouvrier de l'aviation civile, surcotisant | N59: Création Modification | O59: Le code saisi est égal à 'Ouvrier de l'aviation civile, surcotisant' | P59: BG03_NJOUR [BG_Occurrence_courante] = 'CC' | Q59: Stagiaire ou auditeur ou élève | R59: P0004 | S59: Général | T59: Exclu | U59: 40550
A60: 25.00.00 | B60: A | C60: 45814.547 | D60: D0016 | E60: Contrôles PAY | F60: S0174 | G60: Mouvement 03 | H60: E1010 | I60: Contrôles d'alimentation du mouvement 03 | J60: La date d'effet d'un mouvement 03 est saisie | K60: BG03_DAT_EFF [BG_Occurrence_courante] <> Vide | L60: T2430 | M60: Agent Handicapé, dont l'incapacité est de 80% au moins, surcotisant | N60: Création Modification | O60: Le code saisi est égal à 'Agent Handicapé, dont l'incapacité est de 80% au moins, surcotisant' | P60: BG03_NJOUR [BG_Occurrence_courante] = 'HA' | Q60: Stagiaire ou auditeur ou élève | R60: P0004 | S60: Général | T60: Passant | U60: 40550
A61: 25.00.00 | B61: A | C61: 45814.548 | D61: D0016 | E61: Contrôles PAY | F61: S0174 | G61: Mouvement 03 | H61: E1010 | I61: Contrôles d'alimentation du mouvement 03 | J61: La date d'effet d'un mouvement 03 est saisie | K61: BG03_DAT_EFF [BG_Occurrence_courante] <> Vide | L61: T2431 | M61: Ouvrier (Cadre Général), à temps partiel, surcotisant, avec handicap d'au moins 80% | N61: Création Modification | O61: Le code saisi est égal à 'Ouvrier (Cadre Général), à temps partiel, surcotisant, avec handicap d'au moins 80%' | P61: BG03_NJOUR [BG_Occurrence_courante] = 'IP' | Q61: Stagiaire ou auditeur ou élève | R61: P0004 | S61: Général | T61: Exclu | U61: 40550
A62: 25.00.00 | B62: A | C62: 45814.549 | D62: D0016 | E62: Contrôles PAY | F62: S0174 | G62: Mouvement 03 | H62: E1010 | I62: Contrôles d'alimentation du mouvement 03 | J62: La date d'effet d'un mouvement 03 est saisie | K62: BG03_DAT_EFF [BG_Occurrence_courante] <> Vide | L62: T2432 | M62: Ouvrier Aviation Civile, à temps partiel, surcotisant, avec handicap d'au moins 80% | N62: Création Modification | O62: Le code saisi est égal à 'Ouvrier Aviation Civile, à temps partiel, surcotisant, avec handicap d'au moins 80%' | P62: BG03_NJOUR [BG_Occurrence_courante] = 'JC' | Q62: Stagiaire ou auditeur ou élève | R62: P0004 | S62: Général | T62: Exclu | U62: 40550
A63: 25.00.00 | B63: A | C63: 45814.551 | D63: D0016 | E63: Contrôles PAY | F63: S0174 | G63: Mouvement 03 | H63: E1010 | I63: Contrôles d'alimentation du mouvement 03 | J63: La date d'effet d'un mouvement 03 est saisie | K63: BG03_DAT_EFF [BG_Occurrence_courante] <> Vide | L63: T2433 | M63: Militaire DGA, pour proratisation de certains éléments | N63: Création Modification | O63: Le code saisi est égal à 'Militaire DGA, pour proratisation de certains éléments' | P63: BG03_NJOUR [BG_Occurrence_courante] = 'MI' | Q63: Stagiaire ou auditeur ou élève | R63: P0004 | S63: Général | T63: Exclu | U63: 40550
A64: 25.00.00 | B64: A | C64: 45814.554 | D64: D0016 | E64: Contrôles PAY | F64: S0174 | G64: Mouvement 03 | H64: E1010 | I64: Contrôles d'alimentation du mouvement 03 | J64: La date d'effet d'un mouvement 03 est saisie | K64: BG03_DAT_EFF [BG_Occurrence_courante] <> Vide | L64: T2434 | M64: Agent non titulaire surcotisant | N64: Création Modification | O64: Le code saisi est égal à 'Agent non titulaire surcotisant' | P64: BG03_NJOUR [BG_Occurrence_courante] = 'NP' | Q64: Stagiaire ou auditeur ou élève | R64: P0004 | S64: Général | T64: Exclu | U64: 40550
A65: 25.00.00 | B65: A | C65: 45814.57 | D65: D0016 | E65: Contrôles PAY | F65: S0174 | G65: Mouvement 03 | H65: E1010 | I65: Contrôles d'alimentation du mouvement 03 | J65: La date d'effet d'un mouvement 03 est saisie | K65: BG03_DAT_EFF [BG_Occurrence_courante] <> Vide | L65: T2435 | M65: Ouvrier (Cadre Général) surcotisant | N65: Création Modification | O65: Le code saisi est égal à 'Ouvrier (Cadre Général) surcotisant' | P65: BG03_NJOUR [BG_Occurrence_courante] = 'OP' | Q65: Stagiaire ou auditeur ou élève | R65: P0004 | S65: Général | T65: Exclu | U65: 40550
A66: 25.00.00 | B66: A | C66: 45814.572 | D66: D0016 | E66: Contrôles PAY | F66: S0174 | G66: Mouvement 03 | H66: E1010 | I66: Contrôles d'alimentation du mouvement 03 | J66: La date d'effet d'un mouvement 03 est saisie | K66: BG03_DAT_EFF [BG_Occurrence_courante] <> Vide | L66: T2436 | M66: Contractuel PACTE | N66: Création Modification | O66: Le code saisi est égal à 'PACTE' | P66: BG03_NJOUR [BG_Occurrence_courante] = 'PA' | Q66: Stagiaire ou auditeur ou élève | R66: P0004 | S66: Général | T66: Exclu | U66: 40550
A67: 25.00.00 | B67: A | C67: 45814.574 | D67: D0016 | E67: Contrôles PAY | F67: S0174 | G67: Mouvement 03 | H67: E1010 | I67: Contrôles d'alimentation du mouvement 03 | J67: La date d'effet d'un mouvement 03 est saisie | K67: BG03_DAT_EFF [BG_Occurrence_courante] <> Vide | L67: T2437 | M67: Surcotisation Douanes, Police, Pénitentiaire | N67: Création Modification | O67: Le code saisi est égal à 'Surcotisation Douanes, Police, Pénitentiaire' | P67: BG03_NJOUR [BG_Occurrence_courante] = 'PP' | Q67: Stagiaire ou auditeur ou élève | R67: P0004 | S67: Général | T67: Exclu | U67: 40550
... A71: 25.00.00 | B71: A | C71: 45814.581 | D71: D0016 | E71: Contrôles PAY | F71: S0174 | G71: Mouvement 03 | H71: E1010 | I71: Contrôles d'alimentation du mouvement 03 | J71: La date d'effet d'un mouvement 03 est saisie | K71: BG03_DAT_EFF [BG_Occurrence_courante] <> Vide | L71: T2441 | M71: Remise à blanc de la zone | N71: Création Modification | O71: Le code saisi est égal à 'Remise à blanc de la zone' | P71: BG03_NJOUR [BG_Occurrence_courante] = 'ZZ' | Q71: Stagiaire ou auditeur ou élève | R71: P0004 | S71: Général | T71: Passant | U71: 40550
A72: 25.00.00 | B72: A | C72: 45814.588 | D72: D0016 | E72: Contrôles PAY | F72: S0174 | G72: Mouvement 03 | H72: E1010 | I72: Contrôles d'alimentation du mouvement 03 | J72: La date d'effet d'un mouvement 03 est saisie | K72: BG03_DAT_EFF [BG_Occurrence_courante] <> Vide | L72: T2442 | M72: Surcotisation CPA | N72: Création Modification | O72: Le code saisi est égal à 'Surcotisation CPA' | P72: BG03_NJOUR [BG_Occurrence_courante] = 'SO' | Q72: Stagiaire ou auditeur ou élève | R72: P0004 | S72: Général | T72: Passant | U72: 40550 | V72: 43555
A73: 25.00.00 | B73: A | C73: 45814.592 | D73: D0016 | E73: Contrôles PAY | F73: S0174 | G73: Mouvement 03 | H73: E1010 | I73: Contrôles d'alimentation du mouvement 03 | J73: La date d'effet d'un mouvement 03 est saisie | K73: BG03_DAT_EFF [BG_Occurrence_courante] <> Vide | L73: T2443 | M73: Maître de l'enseignement privé en CPA | N73: Création Modification | O73: Le code saisi est égal à 'Maître de l'enseignement privé en CPA' | P73: BG03_NJOUR [BG_Occurrence_courante] = 'EP' | Q73: Stagiaire ou auditeur ou élève | R73: P0004 | S73: Général | T73: Exclu | U73: 40550 | V73: 43555
A74: 25.00.00 | B74: A | C74: 45814.506 | D74: D0016 | E74: Contrôles PAY | F74: S0174 | G74: Mouvement 03 | H74: E1010 | I74: Contrôles d'alimentation du mouvement 03 | J74: La date d'effet d'un mouvement 03 est saisie | K74: BG03_DAT_EFF [BG_Occurrence_courante] <> Vide | L74: T2426 | M74: Ouvrier de l'aviation civile, temps plein | N74: Création Modification | O74: Le code saisi est égal à 'Ouvrier de l'aviation civile, temps plein' | P74: BG03_NJOUR [BG_Occurrence_courante] = 'AC' | Q74: Ouvrier d'état | R74: P0005 | S74: Général | T74: Passant | U74: 40550
A75: 25.00.00 | B75: A | C75: 45814.508 | D75: D0016 | E75: Contrôles PAY | F75: S0174 | G75: Mouvement 03 | H75: E1010 | I75: Contrôles d'alimentation du mouvement 03 | J75: La date d'effet d'un mouvement 03 est saisie | K75: BG03_DAT_EFF [BG_Occurrence_courante] <> Vide | L75: T2427 | M75: Ouvrier de l'aviation civile, temps partiel | N75: Création Modification | O75: Le code saisi est égal à 'Ouvrier de l'aviation civile, temps partiel' | P75: BG03_NJOUR [BG_Occurrence_courante] = 'BC' | Q75: Ouvrier d'état | R75: P0005 | S75: Général | T75: Passant | U75: 40550
A76: 25.00.00 | B76: A | C76: 45814.518 | D76: D0016 | E76: Contrôles PAY | F76: S0174 | G76: Mouvement 03 | H76: E1010 | I76: Contrôles d'alimentation du mouvement 03 | J76: La date d'effet d'un mouvement 03 est saisie | K76: BG03_DAT_EFF [BG_Occurrence_courante] <> Vide | L76: T2428 | M76: Contrat d'accompagnement dans l'emploi | N76: Création Modification | O76: Le code saisi est égal à 'CAE' | P76: BG03_NJOUR [BG_Occurrence_courante] = 'CA' | Q76: Ouvrier d'état | R76: P0005 | S76: Général | T76: Exclu | U76: 40550
A77: 25.00.00 | B77: A | C77: 45814.519 | D77: D0016 | E77: Contrôles PAY | F77: S0174 | G77: Mouvement 03 | H77: E1010 | I77: Contrôles d'alimentation du mouvement 03 | J77: La date d'effet d'un mouvement 03 est saisie | K77: BG03_DAT_EFF [BG_Occurrence_courante] <> Vide | L77: T2429 | M77: Ouvrier de l'aviation civile, surcotisant | N77: Création Modification | O77: Le code saisi est égal à 'Ouvrier de l'aviation civile, surcotisant' | P77: BG03_NJOUR [BG_Occurrence_courante] = 'CC' | Q77: Ouvrier d'état | R77: P0005 | S77: Général | T77: Passant | U77: 40550
A78: 25.00.00 | B78: A | C78: 45814.547 | D78: D0016 | E78: Contrôles PAY | F78: S0174 | G78: Mouvement 03 | H78: E1010 | I78: Contrôles d'alimentation du mouvement 03 | J78: La date d'effet d'un mouvement 03 est saisie | K78: BG03_DAT_EFF [BG_Occurrence_courante] <> Vide | L78: T2430 | M78: Agent Handicapé, dont l'incapacité est de 80% au moins, surcotisant | N78: Création Modification | O78: Le code saisi est égal à 'Agent Handicapé, dont l'incapacité est de 80% au moins, surcotisant' | P78: BG03_NJOUR [BG_Occurrence_courante] = 'HA' | Q78: Ouvrier d'état | R78: P0005 | S78: Général | T78: Exclu | U78: 40550
A79: 25.00.00 | B79: A | C79: 45814.548 | D79: D0016 | E79: Contrôles PAY | F79: S0174 | G79: Mouvement 03 | H79: E1010 | I79: Contrôles d'alimentation du mouvement 03 | J79: La date d'effet d'un mouvement 03 est saisie | K79: BG03_DAT_EFF [BG_Occurrence_courante] <> Vide | L79: T2431 | M79: Ouvrier (Cadre Général), à temps partiel, surcotisant, avec handicap d'au moins 80% | N79: Création Modification | O79: Le code saisi est égal à 'Ouvrier (Cadre Général), à temps partiel, surcotisant, avec handicap d'au moins 80%' | P79: BG03_NJOUR [BG_Occurrence_courante] = 'IP' | Q79: Ouvrier d'état | R79: P0005 | S79: Général | T79: Passant | U79: 40550
A80: 25.00.00 | B80: A | C80: 45814.549 | D80: D0016 | E80: Contrôles PAY | F80: S0174 | G80: Mouvement 03 | H80: E1010 | I80: Contrôles d'alimentation du mouvement 03 | J80: La date d'effet d'un mouvement 03 est saisie | K80: BG03_DAT_EFF [BG_Occurrence_courante] <> Vide | L80: T2432 | M80: Ouvrier Aviation Civile, à temps partiel, surcotisant, avec handicap d'au moins 80% | N80: Création Modification | O80: Le code saisi est égal à 'Ouvrier Aviation Civile, à temps partiel, surcotisant, avec handicap d'au moins 80%' | P80: BG03_NJOUR [BG_Occurrence_courante] = 'JC' | Q80: Ouvrier d'état | R80: P0005 | S80: Général | T80: Passant | U80: 40550
A81: 25.00.00 | B81: A | C81: 45814.551 | D81: D0016 | E81: Contrôles PAY | F81: S0174 | G81: Mouvement 03 | H81: E1010 | I81: Contrôles d'alimentation du mouvement 03 | J81: La date d'effet d'un mouvement 03 est saisie | K81: BG03_DAT_EFF [BG_Occurrence_courante] <> Vide | L81: T2433 | M81: Militaire DGA, pour proratisation de certains éléments | N81: Création Modification | O81: Le code saisi est égal à 'Militaire DGA, pour proratisation de certains éléments' | P81: BG03_NJOUR [BG_Occurrence_courante] = 'MI' | Q81: Ouvrier d'état | R81: P0005 | S81: Général | T81: Exclu | U81: 40550
A82: 25.00.00 | B82: A | C82: 45814.554 | D82: D0016 | E82: Contrôles PAY | F82: S0174 | G82: Mouvement 03 | H82: E1010 | I82: Contrôles d'alimentation du mouvement 03 | J82: La date d'effet d'un mouvement 03 est saisie | K82: BG03_DAT_EFF [BG_Occurrence_courante] <> Vide | L82: T2434 | M82: Agent non titulaire surcotisant | N82: Création Modification | O82: Le code saisi est égal à 'Agent non titulaire surcotisant' | P82: BG03_NJOUR [BG_Occurrence_courante] = 'NP' | Q82: Ouvrier d'état | R82: P0005 | S82: Général | T82: Exclu | U82: 40550
A83: 25.00.00 | B83: A | C83: 45814.569 | D83: D0016 | E83: Contrôles PAY | F83: S0174 | G83: Mouvement 03 | H83: E1010 | I83: Contrôles d'alimentation du mouvement 03 | J83: La date d'effet d'un mouvement 03 est saisie | K83: BG03_DAT_EFF [BG_Occurrence_courante] <> Vide | L83: T2435 | M83: Ouvrier (Cadre Général) surcotisant | N83: Création Modification | O83: Le code saisi est égal à 'Ouvrier (Cadre Général) surcotisant' | P83: BG03_NJOUR [BG_Occurrence_courante] = 'OP' | Q83: Ouvrier d'état | R83: P0005 | S83: Général | T83: Passant | U83: 40550
A84: 25.00.00 | B84: A | C84: 45814.572 | D84: D0016 | E84: Contrôles PAY | F84: S0174 | G84: Mouvement 03 | H84: E1010 | I84: Contrôles d'alimentation du mouvement 03 | J84: La date d'effet d'un mouvement 03 est saisie | K84: BG03_DAT_EFF [BG_Occurrence_courante] <> Vide | L84: T2436 | M84: Contractuel PACTE | N84: Création Modification | O84: Le code saisi est égal à 'PACTE' | P84: BG03_NJOUR [BG_Occurrence_courante] = 'PA' | Q84: Ouvrier d'état | R84: P0005 | S84: Général | T84: Exclu | U84: 40550
A85: 25.00.00 | B85: A | C85: 45814.574 | D85: D0016 | E85: Contrôles PAY | F85: S0174 | G85: Mouvement 03 | H85: E1010 | I85: Contrôles d'alimentation du mouvement 03 | J85: La date d'effet d'un mouvement 03 est saisie | K85: BG03_DAT_EFF [BG_Occurrence_courante] <> Vide | L85: T2437 | M85: Surcotisation Douanes, Police, Pénitentiaire | N85: Création Modification | O85: Le code saisi est égal à 'Surcotisation Douanes, Police, Pénitentiaire' | P85: BG03_NJOUR [BG_Occurrence_courante] = 'PP' | Q85: Ouvrier d'état | R85: P0005 | S85: Général | T85: Exclu | U85: 40550
... A89: 25.00.00 | B89: A | C89: 45814.583 | D89: D0016 | E89: Contrôles PAY | F89: S0174 | G89: Mouvement 03 | H89: E1010 | I89: Contrôles d'alimentation du mouvement 03 | J89: La date d'effet d'un mouvement 03 est saisie | K89: BG03_DAT_EFF [BG_Occurrence_courante] <> Vide | L89: T2441 | M89: Remise à blanc de la zone | N89: Création Modification | O89: Le code saisi est égal à 'Remise à blanc de la zone' | P89: BG03_NJOUR [BG_Occurrence_courante] = 'ZZ' | Q89: Ouvrier d'état | R89: P0005 | S89: Général | T89: Passant | U89: 40550
