Workbook
Name date_DIADC: 'Mode opératoire'!#REF!
Name notice_DIADC: 'Mode opératoire'!#REF!
Name notice_ENCHN: 'Mode opératoire'!$B$1:$B$4
Name notice_ICA: 'Mode opératoire'!#REF!

Sheet Mode opératoire
B1: MODE OPERATOIRE
B2: Une fois l'ensemble des mouvements créés pour une remise de paie d'un mois donné, les contrôles s'effectuent successivement sur les mouvements de type 20 présents dans la remise de paie. Les contrôles d'alimentation automatique des zones du mouvement par les données du dossier agent sont portés par la modélisation du dictionnaire de données qui précise le cas échéant quelle donnée du dossier agent alimente la zone du mouvement avec ou sans transformation. Pour les zones concernées, ces contrôles doivent garantir la cohérence entre la donnée du dossier agent et la zone du mouvement. Ils ne sont pas redécrits dans les tableaux structurés de RG PAY.

Sheet Axe 1 Enchainement des RG
A1: Version | B1: Type de mise à jour | C1: Date de mise à jour | D1: Identifiant Domaine | E1: Libellé du Domaine | F1: Identifiant Sous-domaine | G1: Libellé du Sous-domaine | H1: Identifiant Evénement | I1: Libellé de l'évènement | J1: Libellé condition déclenchement Evènement | K1: Condition déclenchement Evènement | L1: Identifiant type d'évènement | M1: Libellé type d'évènement | N1: Type de mise à jour | O1: Libellé condition déclenchement Type Evènement | P1: Condition déclenchement Type Evènement | Q1: Libellé Population | R1: Codification Population | S1: Typologie de population | T1: Général / Particulier | U1: Passant / Exclu | V1: Date de début | W1: Date de fin | X1: Règles mobilisées | Y1: Identifiant Règle de contrôle 1 | Z1: Libellé Règle de contrôle 1 | AA1: Identifiant Règle de contrôle 2 | AB1: Libellé Règle de contrôle 2 | AC1: Identifiant Règle de contrôle 3 | AD1: Libellé Règle de contrôle 3 | AE1: Identifiant Règle de contrôle 4 | AF1: Libellé Règle de contrôle 4 | AG1: Identifiant Règle de contrôle 5 | AH1: Libellé Règle de contrôle 5 | AI1: Identifiant Règle de contrôle 6 | AJ1: Libellé Règle de contrôle 6 | AK1: Identifiant Règle de contrôle 7 | AL1: Libellé Règle de contrôle 7 | AM1: Identifiant Règle de contrôle 8 | AN1: Libellé Règle de contrôle 8 | AO1: Identifiant Règle de contrôle 9 | AP1: Libellé Règle de contrôle 9 | AQ1: Identifiant Règle de contrôle 10 | AR1: Libellé Règle de contrôle 10 | AS1: Identifiant Règle de contrôle 11 | AT1: Libellé Règle de contrôle 11 | AU1: Identifiant Règle de contrôle 12 | AV1: Libellé Règle de contrôle 12 | AW1: Identifiant Règle de contrôle 13 | AX1: Libellé Règle de contrôle 13 | AY1: Identifiant Règle de contrôle 14 | AZ1: Libellé Règle de contrôle 14 | BA1: FIME | BB1: Statut de travail
A2: 25.00.00 | B2: A | C2: 45818.402 | D2: D0016 | E2: Contrôles PAY | F2: S0177 | G2: Mouvement 20 | H2: E1012 | I2: Contrôles d'alimentation du mouvement 20 | J2: Le code indemnité d'un mouvement 20 est saisi | K2: BG20_COD_IND [BG_Occurrence_courante] <> Vide | L2: T2445 | M2: Contrôles Précompte cotis. sal. RAFP | N2: Création Modification | O2: Le code indemnité saisi est 'Précompte cotis. sal. RAFP' | P2: BG20_COD_IND [BG_Occurrence_courante] = '0954' | Q2: Titulaire ou magistrat | R2: P0001 | S2: T | T2: Général | U2: Passant | V2: 40725 | X2: G20_C_001 ET G20_C_003 ET G20_C_004 ET G20_C_005 ET G20_C_006 ET G20_C_007 ET G20_C_015 ET G20_C_016 ET G20_C_017 ET G20_C_021 ET G20_C_019 ET G20_C_020 | Y2: G20_C_001 | Z2: =VLOOKUP(Y2,'Axe 2 Règles de gestion'!$D$2:$F$23,3, FALSE) -> Le code origine doit être "0" (mois courant) pour l'indemnité '0954 - Précompte cotis. sal. RAFP'. | AA2: G20_C_003 | AB2: =VLOOKUP(AA2,'Axe 2 Règles de gestion'!$D$2:$F$23,3, FALSE) -> Il est interdit de codifier le sens 1 (sens contraire) si le code origine est 0 (mois courant). | AC2: G20_C_004 | AD2: =VLOOKUP(AC2,'Axe 2 Règles de gestion'!$D$2:$F$23,3, FALSE) -> Si le mode de calcul est "A - Montant précalculé", alors il faut laisser à vide la zone nombre d'unités. | AE2: G20_C_005 | AF2: =VLOOKUP(AE2,'Axe 2 Règles de gestion'!$D$2:$F$23,3, FALSE) -> Le terme « GREVE » ne doit pas être utilisé dans la zone "Libellé complémentaire". | AG2: G20_C_006 | AH2: =VLOOKUP(AG2,'Axe 2 Règles de gestion'!$D$2:$F$23,3, FALSE) -> Si le mode de calcul est "A - Montant précalculé", il faut que le montant soit différent de vide. | AI2: G20_C_007 | AJ2: =VLOOKUP(AI2,'Axe 2 Règles de gestion'!$D$2:$F$23,3, FALSE) -> Si le mode de calcul est "B - Nombre d'unités x montant unitaire", il faut que le nombre d'unités et le montant soient différents de vide. | AK2: G20_C_015 | AL2: =VLOOKUP(AK2,'Axe 2 Règles de gestion'!$D$2:$F$23,3, FALSE) -> Le code sens est obligatoire. | AM2: G20_C_016 | AN2: =VLOOKUP(AM2,'Axe 2 Règles de gestion'!$D$2:$F$23,3, FALSE) -> Le code origine est obligatoire. | AO2: G20_C_017 | AP2: =VLOOKUP(AO2,'Axe 2 Règles de gestion'!$D$2:$F$23,3, FALSE) -> Seuls les modes de calcul "A - Montant précalculé", "B - Nombre d'unités x montant unitaire", "G - Indemnité à déduire" sont autorisés. | AQ2: G20_C_021 | AR2: =VLOOKUP(AQ2,'Axe 2 Règles de gestion'!$D$2:$F$23,3, FALSE) -> Le nombre total de mouvements 20 pour le mois de paie en cours doit être inférieur ou égal à 30. | AS2: G20_C_019 | AT2: =VLOOKUP(AS2,'Axe 2 Règles de gestion'!$D$2:$F$23,3, FALSE) -> Si le mode de calcul est "G - Indemnité à déduire", alors il faut laisser vide la zone nombre d'unités. | AU2: G20_C_020 | AV2: =VLOOKUP(AU2,'Axe 2 Règles de gestion'!$D$2:$F$23,3, FALSE) -> Si le mode de calcul est "G - Indemnité à déduire", il faut que le montant soit différent de vide.
A3: 25.00.00 | B3: A | C3: 45818.403 | D3: D0016 | E3: Contrôles PAY | F3: S0177 | G3: Mouvement 20 | H3: E1012 | I3: Contrôles d'alimentation du mouvement 20 | J3: Le code indemnité d'un mouvement 20 est saisi | K3: BG20_COD_IND [BG_Occurrence_courante] <> Vide | L3: T2446 | M3: Contrôles Cotis. prefon | N3: Création Modification | O3: Le code indemnité saisi est 'Cotis. prefon' | P3: BG20_COD_IND [BG_Occurrence_courante] = '0879' | Q3: Titulaire ou magistrat | R3: P0001 | S3: T | T3: Général | U3: Passant | V3: 40725 | X3: G20_C_002 ET G20_C_003 ET G20_C_005 ET G20_C_011 ET G20_C_012 ET G20_C_014 ET G20_C_015 ET G20_C_016 ET G20_C_021 | Y3: G20_C_002 | Z3: =VLOOKUP(Y3,'Axe 2 Règles de gestion'!$D$2:$F$23,3, FALSE) -> Lorsque la date de paye correspond au mois de janvier, le code origine "1" (année courante) ne doit pas être notifié. | AA3: G20_C_003 | AB3: =VLOOKUP(AA3,'Axe 2 Règles de gestion'!$D$2:$F$23,3, FALSE) -> Il est interdit de codifier le sens 1 (sens contraire) si le code origine est 0 (mois courant). | AC3: G20_C_005 | AD3: =VLOOKUP(AC3,'Axe 2 Règles de gestion'!$D$2:$F$23,3, FALSE) -> Le terme « GREVE » ne doit pas être utilisé dans la zone "Libellé complémentaire". | AE3: G20_C_011 | AF3: =VLOOKUP(AE3,'Axe 2 Règles de gestion'!$D$2:$F$23,3, FALSE) -> Si la zone mode de calcul est "Calcul PREFON" (MC = E), la zone "Nombre d'unités" doit être vide. | AG3: G20_C_012 | AH3: =VLOOKUP(AG3,'Axe 2 Règles de gestion'!$D$2:$F$23,3, FALSE) -> Pour la retenue PREFON (code '0879'), seuls les deux derniers caractères (positions 57 à 58) de la zone MONTANT doivent être servies. | AI3: G20_C_014 | AJ3: =VLOOKUP(AI3,'Axe 2 Règles de gestion'!$D$2:$F$23,3, FALSE) -> Pour la retenue PREFON (code '0879'), le mode de calcul doit être "E - Calcul PREFON (code classe)". | AK3: G20_C_015 | AL3: =VLOOKUP(AK3,'Axe 2 Règles de gestion'!$D$2:$F$23,3, FALSE) -> Le code sens est obligatoire. | AM3: G20_C_016 | AN3: =VLOOKUP(AM3,'Axe 2 Règles de gestion'!$D$2:$F$23,3, FALSE) -> Le code origine est obligatoire. | AO3: G20_C_021 | AP3: =VLOOKUP(AO3,'Axe 2 Règles de gestion'!$D$2:$F$23,3, FALSE) -> Le nombre total de mouvements 20 pour le mois de paie en cours doit être inférieur ou égal à 30.
A4: 25.00.00 | B4: A | C4: 45818.407 | D4: D0016 | E4: Contrôles PAY | F4: S0177 | G4: Mouvement 20 | H4: E1012 | I4: Contrôles d'alimentation du mouvement 20 | J4: Le code indemnité d'un mouvement 20 est saisi | K4: BG20_COD_IND [BG_Occurrence_courante] <> Vide | L4: T2447 | M4: Contrôles Avantages en nature et Avantage en nature ntic et Avantage en nature nourriture et Avantage en nature véhicule et Avantages en nature divers | N4: Création Modification | O4: Le code indemnité saisi est 'Avantages en nature' ou 'Avantage en nature ntic' ou 'Avantage en nature nourriture' ou 'Avantage en nature véhicule' ou 'Avantages en nature divers' | P4: BG20_COD_IND [BG_Occurrence_courante] DANS ('0136', '1404', '1405', '1406', '1407') | Q4: Titulaire ou magistrat | R4: P0001 | S4: T | T4: Général | U4: Passant | V4: 40725 | X4: G20_C_002 ET G20_C_003 ET G20_C_005 ET G20_C_008 ET G20_C_009 ET G20_C_013 ET G20_C_015 ET G20_C_016 ET G20_C_021 | Y4: G20_C_002 | Z4: =VLOOKUP(Y4,'Axe 2 Règles de gestion'!$D$2:$F$23,3, FALSE) -> Lorsque la date de paye correspond au mois de janvier, le code origine "1" (année courante) ne doit pas être notifié. | AA4: G20_C_003 | AB4: =VLOOKUP(AA4,'Axe 2 Règles de gestion'!$D$2:$F$23,3, FALSE) -> Il est interdit de codifier le sens 1 (sens contraire) si le code origine est 0 (mois courant). | AC4: G20_C_005 | AD4: =VLOOKUP(AC4,'Axe 2 Règles de gestion'!$D$2:$F$23,3, FALSE) -> Le terme « GREVE » ne doit pas être utilisé dans la zone "Libellé complémentaire". | AE4: G20_C_008 | AF4: =VLOOKUP(AE4,'Axe 2 Règles de gestion'!$D$2:$F$23,3, FALSE) -> Si le mode de calcul est "H - Indemnité à ne pas payer (avantage en nature)", il faut que le nombre d'unités soit vide. | AG4: G20_C_009 | AH4: =VLOOKUP(AG4,'Axe 2 Règles de gestion'!$D$2:$F$23,3, FALSE) -> Si le mode de calcul est "H - Indemnité à ne pas payer (avantage en nature)", il faut que le montant soit différent de vide. | AI4: G20_C_013 | AJ4: =VLOOKUP(AI4,'Axe 2 Règles de gestion'!$D$2:$F$23,3, FALSE) -> Pour les avantages en nature (codes '0136','1404','1405','1406','1407), le mode de calcul doit être "H - Indemnité à ne pas payer (avantage en nature)". | AK4: G20_C_015 | AL4: =VLOOKUP(AK4,'Axe 2 Règles de gestion'!$D$2:$F$23,3, FALSE) -> Le code sens est obligatoire. | AM4: G20_C_016 | AN4: =VLOOKUP(AM4,'Axe 2 Règles de gestion'!$D$2:$F$23,3, FALSE) -> Le code origine est obligatoire. | AO4: G20_C_021 | AP4: =VLOOKUP(AO4,'Axe 2 Règles de gestion'!$D$2:$F$23,3, FALSE) -> Le nombre total de mouvements 20 pour le mois de paie en cours doit être inférieur ou égal à 30.
A5: 25.00.00 | B5: A | C5: 45818.408 | D5: D0016 | E5: Contrôles PAY | F5: S0177 | G5: Mouvement 20 | H5: E1012 | I5: Contrôles d'alimentation du mouvement 20 | J5: Le code indemnité d'un mouvement 20 est saisi | K5: BG20_COD_IND [BG_Occurrence_courante] <> Vide | L5: T2448 | M5: Contrôles Cotisation assurance chômage | N5: Création Modification | O5: Le code indemnité saisi est 'Cotisation assurance chômage' | P5: BG20_COD_IND [BG_Occurrence_courante] = '0870' | Q5: Titulaire ou magistrat | R5: P0001 | S5: T | T5: Général | U5: Exclu | V5: 40725
A6: 25.00.00 | B6: A | C6: 45818.409 | D6: D0016 | E6: Contrôles PAY | F6: S0177 | G6: Mouvement 20 | H6: E1012 | I6: Contrôles d'alimentation du mouvement 20 | J6: Le code indemnité d'un mouvement 20 est saisi | K6: BG20_COD_IND [BG_Occurrence_courante] <> Vide | L6: T2449 | M6: Contrôles autres indemnités et retenues exceptionnelles | N6: Création Modification | O6: Le code indemnité/retenue saisi est différent de '0954', '0879', '0136', '1404', '1405', '1406', '1407', '0870' | P6: BG20_COD_IND [BG_Occurrence_courante] PAS DANS ('0954', '0879', '0136', '1404', '1405', '1406', '1407', '0870') | Q6: Titulaire ou magistrat | R6: P0001 | S6: T | T6: Général | U6: Passant | V6: 40725 | X6: G20_C_002 ET G20_C_003 ET G20_C_004 ET G20_C_005 ET G20_C_006 ET G20_C_007 ET G20_C_015 ET G20_C_016 ET G20_C_017 ET G20_C_019 ET G20_C_020 ET G20_C_021 | Y6: G20_C_002 | Z6: =VLOOKUP(Y6,'Axe 2 Règles de gestion'!$D$2:$F$23,3, FALSE) -> Lorsque la date de paye correspond au mois de janvier, le code origine "1" (année courante) ne doit pas être notifié. | AA6: G20_C_003 | AB6: =VLOOKUP(AA6,'Axe 2 Règles de gestion'!$D$2:$F$23,3, FALSE) -> Il est interdit de codifier le sens 1 (sens contraire) si le code origine est 0 (mois courant). | AC6: G20_C_004 | AD6: =VLOOKUP(AC6,'Axe 2 Règles de gestion'!$D$2:$F$23,3, FALSE) -> Si le mode de calcul est "A - Montant précalculé", alors il faut laisser à vide la zone nombre d'unités. | AE6: G20_C_005 | AF6: =VLOOKUP(AE6,'Axe 2 Règles de gestion'!$D$2:$F$23,3, FALSE) -> Le terme « GREVE » ne doit pas être utilisé dans la zone "Libellé complémentaire". | AG6: G20_C_006 | AH6: =VLOOKUP(AG6,'Axe 2 Règles de gestion'!$D$2:$F$23,3, FALSE) -> Si le mode de calcul est "A - Montant précalculé", il faut que le montant soit différent de vide. | AI6: G20_C_007 | AJ6: =VLOOKUP(AI6,'Axe 2 Règles de gestion'!$D$2:$F$23,3, FALSE) -> Si le mode de calcul est "B - Nombre d'unités x montant unitaire", il faut que le nombre d'unités et le montant soient différents de vide. | AK6: G20_C_015 | AL6: =VLOOKUP(AK6,'Axe 2 Règles de gestion'!$D$2:$F$23,3, FALSE) -> Le code sens est obligatoire. | AM6: G20_C_016 | AN6: =VLOOKUP(AM6,'Axe 2 Règles de gestion'!$D$2:$F$23,3, FALSE) -> Le code origine est obligatoire. | AO6: G20_C_017 | AP6: =VLOOKUP(AO6,'Axe 2 Règles de gestion'!$D$2:$F$23,3, FALSE) -> Seuls les modes de calcul "A - Montant précalculé", "B - Nombre d'unités x montant unitaire", "G - Indemnité à déduire" sont autorisés. | AQ6: G20_C_019 | AR6: =VLOOKUP(AQ6,'Axe 2 Règles de gestion'!$D$2:$F$23,3, FALSE) -> Si le mode de calcul est "G - Indemnité à déduire", alors il faut laisser vide la zone nombre d'unités. | AS6: G20_C_020 | AT6: =VLOOKUP(AS6,'Axe 2 Règles de gestion'!$D$2:$F$23,3, FALSE) -> Si le mode de calcul est "G - Indemnité à déduire", il faut que le montant soit différent de vide. | AU6: G20_C_021 | AV6: =VLOOKUP(AU6,'Axe 2 Règles de gestion'!$D$2:$F$23,3, FALSE) -> Le nombre total de mouvements 20 pour le mois de paie en cours doit être inférieur ou égal à 30.
A7: 25.00.00 | B7: A | C7: 45818.402 | D7: D0016 | E7: Contrôles PAY | F7: S0177 | G7: Mouvement 20 | H7: E1012 | I7: Contrôles d'alimentation du mouvement 20 | J7: Le code indemnité d'un mouvement 20 est saisi | K7: BG20_COD_IND [BG_Occurrence_courante] <> Vide | L7: T2445 | M7: Contrôles Précompte cotis. sal. RAFP | N7: Création Modification | O7: Le code indemnité saisi est 'Précompte cotis. sal. RAFP' | P7: BG20_COD_IND [BG_Occurrence_courante] = '0954' | Q7: Militaire | R7: P0002 | S7: M | T7: Général | U7: Passant | V7: 40725 | X7: G20_C_001 ET G20_C_003 ET G20_C_004 ET G20_C_005 ET G20_C_006 ET G20_C_007 ET G20_C_015 ET G20_C_016 ET G20_C_017 ET G20_C_021 ET G20_C_019 ET G20_C_020 | Y7: G20_C_001 | Z7: =VLOOKUP(Y7,'Axe 2 Règles de gestion'!$D$2:$F$23,3, FALSE) -> Le code origine doit être "0" (mois courant) pour l'indemnité '0954 - Précompte cotis. sal. RAFP'. | AA7: G20_C_003 | AB7: =VLOOKUP(AA7,'Axe 2 Règles de gestion'!$D$2:$F$23,3, FALSE) -> Il est interdit de codifier le sens 1 (sens contraire) si le code origine est 0 (mois courant). | AC7: G20_C_004 | AD7: =VLOOKUP(AC7,'Axe 2 Règles de gestion'!$D$2:$F$23,3, FALSE) -> Si le mode de calcul est "A - Montant précalculé", alors il faut laisser à vide la zone nombre d'unités. | AE7: G20_C_005 | AF7: =VLOOKUP(AE7,'Axe 2 Règles de gestion'!$D$2:$F$23,3, FALSE) -> Le terme « GREVE » ne doit pas être utilisé dans la zone "Libellé complémentaire". | AG7: G20_C_006 | AH7: =VLOOKUP(AG7,'Axe 2 Règles de gestion'!$D$2:$F$23,3, FALSE) -> Si le mode de calcul est "A - Montant précalculé", il faut que le montant soit différent de vide. | AI7: G20_C_007 | AJ7: =VLOOKUP(AI7,'Axe 2 Règles de gestion'!$D$2:$F$23,3, FALSE) -> Si le mode de calcul est "B - Nombre d'unités x montant unitaire", il faut que le nombre d'unités et le montant soient différents de vide. | AK7: G20_C_015 | AL7: =VLOOKUP(AK7,'Axe 2 Règles de gestion'!$D$2:$F$23,3, FALSE) -> Le code sens est obligatoire. | AM7: G20_C_016 | AN7: =VLOOKUP(AM7,'Axe 2 Règles de gestion'!$D$2:$F$23,3, FALSE) -> Le code origine est obligatoire. | AO7: G20_C_017 | AP7: =VLOOKUP(AO7,'Axe 2 Règles de gestion'!$D$2:$F$23,3, FALSE) -> Seuls les modes de calcul "A - Montant précalculé", "B - Nombre d'unités x montant unitaire", "G - Indemnité à déduire" sont autorisés. | AQ7: G20_C_021 | AR7: =VLOOKUP(AQ7,'Axe 2 Règles de gestion'!$D$2:$F$23,3, FALSE) -> Le nombre total de mouvements 20 pour le mois de paie en cours doit être inférieur ou égal à 30. | AS7: G20_C_019 | AT7: =VLOOKUP(AS7,'Axe 2 Règles de gestion'!$D$2:$F$23,3, FALSE) -> Si le mode de calcul est "G - Indemnité à déduire", alors il faut laisser vide la zone nombre d'unités. | AU7: G20_C_020 | AV7: =VLOOKUP(AU7,'Axe 2 Règles de gestion'!$D$2:$F$23,3, FALSE) -> Si le mode de calcul est "G - Indemnité à déduire", il faut que le montant soit différent de vide.
A8: 25.00.00 | B8: A | C8: 45818.404 | D8: D0016 | E8: Contrôles PAY | F8: S0177 | G8: Mouvement 20 | H8: E1012 | I8: Contrôles d'alimentation du mouvement 20 | J8: Le code indemnité d'un mouvement 20 est saisi | K8: BG20_COD_IND [BG_Occurrence_courante] <> Vide | L8: T2446 | M8: Contrôles Cotis. prefon | N8: Création Modification | O8: Le code indemnité saisi est 'Cotis. prefon' | P8: BG20_COD_IND [BG_Occurrence_courante] = '0879' | Q8: Militaire | R8: P0002 | S8: M | T8: Général | U8: Passant | V8: 40725 | X8: G20_C_002 ET G20_C_003 ET G20_C_005 ET G20_C_011 ET G20_C_012 ET G20_C_014 ET G20_C_015 ET G20_C_016 ET G20_C_021 | Y8: G20_C_002 | Z8: =VLOOKUP(Y8,'Axe 2 Règles de gestion'!$D$2:$F$23,3, FALSE) -> Lorsque la date de paye correspond au mois de janvier, le code origine "1" (année courante) ne doit pas être notifié. | AA8: G20_C_003 | AB8: =VLOOKUP(AA8,'Axe 2 Règles de gestion'!$D$2:$F$23,3, FALSE) -> Il est interdit de codifier le sens 1 (sens contraire) si le code origine est 0 (mois courant). | AC8: G20_C_005 | AD8: =VLOOKUP(AC8,'Axe 2 Règles de gestion'!$D$2:$F$23,3, FALSE) -> Le terme « GREVE » ne doit pas être utilisé dans la zone "Libellé complémentaire". | AE8: G20_C_011 | AF8: =VLOOKUP(AE8,'Axe 2 Règles de gestion'!$D$2:$F$23,3, FALSE) -> Si la zone mode de calcul est "Calcul PREFON" (MC = E), la zone "Nombre d'unités" doit être vide. | AG8: G20_C_012 | AH8: =VLOOKUP(AG8,'Axe 2 Règles de gestion'!$D$2:$F$23,3, FALSE) -> Pour la retenue PREFON (code '0879'), seuls les deux derniers caractères (positions 57 à 58) de la zone MONTANT doivent être servies. | AI8: G20_C_014 | AJ8: =VLOOKUP(AI8,'Axe 2 Règles de gestion'!$D$2:$F$23,3, FALSE) -> Pour la retenue PREFON (code '0879'), le mode de calcul doit être "E - Calcul PREFON (code classe)". | AK8: G20_C_015 | AL8: =VLOOKUP(AK8,'Axe 2 Règles de gestion'!$D$2:$F$23,3, FALSE) -> Le code sens est obligatoire. | AM8: G20_C_016 | AN8: =VLOOKUP(AM8,'Axe 2 Règles de gestion'!$D$2:$F$23,3, FALSE) -> Le code origine est obligatoire. | AO8: G20_C_021 | AP8: =VLOOKUP(AO8,'Axe 2 Règles de gestion'!$D$2:$F$23,3, FALSE) -> Le nombre total de mouvements 20 pour le mois de paie en cours doit être inférieur ou égal à 30.
A9: 25.00.00 | B9: A | C9: 45818.408 | D9: D0016 | E9: Contrôles PAY | F9: S0177 | G9: Mouvement 20 | H9: E1012 | I9: Contrôles d'alimentation du mouvement 20 | J9: Le code indemnité d'un mouvement 20 est saisi | K9: BG20_COD_IND [BG_Occurrence_courante] <> Vide | L9: T2447 | M9: Contrôles Avantages en nature et Avantage en nature ntic et Avantage en nature nourriture et Avantage en nature véhicule et Avantages en nature divers | N9: Création Modification | O9: Le code indemnité saisi est 'Avantages en nature' ou 'Avantage en nature ntic' ou 'Avantage en nature nourriture' ou 'Avantage en nature véhicule' ou 'Avantages en nature divers' | P9: BG20_COD_IND [BG_Occurrence_courante] DANS ('0136', '1404', '1405', '1406', '1407') | Q9: Militaire | R9: P0002 | S9: M | T9: Général | U9: Passant | V9: 40725 | X9: G20_C_002 ET G20_C_003 ET G20_C_005 ET G20_C_008 ET G20_C_009 ET G20_C_013 ET G20_C_015 ET G20_C_016 ET G20_C_021 | Y9: G20_C_002 | Z9: =VLOOKUP(Y9,'Axe 2 Règles de gestion'!$D$2:$F$23,3, FALSE) -> Lorsque la date de paye correspond au mois de janvier, le code origine "1" (année courante) ne doit pas être notifié. | AA9: G20_C_003 | AB9: =VLOOKUP(AA9,'Axe 2 Règles de gestion'!$D$2:$F$23,3, FALSE) -> Il est interdit de codifier le sens 1 (sens contraire) si le code origine est 0 (mois courant). | AC9: G20_C_005 | AD9: =VLOOKUP(AC9,'Axe 2 Règles de gestion'!$D$2:$F$23,3, FALSE) -> Le terme « GREVE » ne doit pas être utilisé dans la zone "Libellé complémentaire". | AE9: G20_C_008 | AF9: =VLOOKUP(AE9,'Axe 2 Règles de gestion'!$D$2:$F$23,3, FALSE) -> Si le mode de calcul est "H - Indemnité à ne pas payer (avantage en nature)", il faut que le nombre d'unités soit vide. | AG9: G20_C_009 | AH9: =VLOOKUP(AG9,'Axe 2 Règles de gestion'!$D$2:$F$23,3, FALSE) -> Si le mode de calcul est "H - Indemnité à ne pas payer (avantage en nature)", il faut que le montant soit différent de vide. | AI9: G20_C_013 | AJ9: =VLOOKUP(AI9,'Axe 2 Règles de gestion'!$D$2:$F$23,3, FALSE) -> Pour les avantages en nature (codes '0136','1404','1405','1406','1407), le mode de calcul doit être "H - Indemnité à ne pas payer (avantage en nature)". | AK9: G20_C_015 | AL9: =VLOOKUP(AK9,'Axe 2 Règles de gestion'!$D$2:$F$23,3, FALSE) -> Le code sens est obligatoire. | AM9: G20_C_016 | AN9: =VLOOKUP(AM9,'Axe 2 Règles de gestion'!$D$2:$F$23,3, FALSE) -> Le code origine est obligatoire. | AO9: G20_C_021 | AP9: =VLOOKUP(AO9,'Axe 2 Règles de gestion'!$D$2:$F$23,3, FALSE) -> Le nombre total de mouvements 20 pour le mois de paie en cours doit être inférieur ou égal à 30.
A10: 25.00.00 | B10: A | C10: 45818.408 | D10: D0016 | E10: Contrôles PAY | F10: S0177 | G10: Mouvement 20 | H10: E1012 | I10: Contrôles d'alimentation du mouvement 20 | J10: Le code indemnité d'un mouvement 20 est saisi | K10: BG20_COD_IND [BG_Occurrence_courante] <> Vide | L10: T2448 | M10: Contrôles Cotisation assurance chômage | N10: Création Modification | O10: Le code indemnité saisi est 'Cotisation assurance chômage' | P10: BG20_COD_IND [BG_Occurrence_courante] = '0870' | Q10: Militaire | R10: P0002 | S10: M | T10: Général | U10: Exclu | V10: 40725
A11: 25.00.00 | B11: A | C11: 45818.41 | D11: D0016 | E11: Contrôles PAY | F11: S0177 | G11: Mouvement 20 | H11: E1012 | I11: Contrôles d'alimentation du mouvement 20 | J11: Le code indemnité d'un mouvement 20 est saisi | K11: BG20_COD_IND [BG_Occurrence_courante] <> Vide | L11: T2449 | M11: Contrôles autres indemnités et retenues exceptionnelles | N11: Création Modification | O11: Le code indemnité/retenue saisi est différent de '0954', '0879', '0136', '1404', '1405', '1406', '1407', '0870' | P11: BG20_COD_IND [BG_Occurrence_courante] PAS DANS ('0954', '0879', '0136', '1404', '1405', '1406', '1407', '0870') | Q11: Militaire | R11: P0002 | S11: M | T11: Général | U11: Passant | V11: 40725 | X11: G20_C_002 ET G20_C_003 ET G20_C_004 ET G20_C_005 ET G20_C_006 ET G20_C_007 ET G20_C_015 ET G20_C_016 ET G20_C_017 ET G20_C_019 ET G20_C_020 ET G20_C_021 | Y11: G20_C_002 | Z11: =VLOOKUP(Y11,'Axe 2 Règles de gestion'!$D$2:$F$23,3, FALSE) -> Lorsque la date de paye correspond au mois de janvier, le code origine "1" (année courante) ne doit pas être notifié. | AA11: G20_C_003 | AB11: =VLOOKUP(AA11,'Axe 2 Règles de gestion'!$D$2:$F$23,3, FALSE) -> Il est interdit de codifier le sens 1 (sens contraire) si le code origine est 0 (mois courant). | AC11: G20_C_004 | AD11: =VLOOKUP(AC11,'Axe 2 Règles de gestion'!$D$2:$F$23,3, FALSE) -> Si le mode de calcul est "A - Montant précalculé", alors il faut laisser à vide la zone nombre d'unités. | AE11: G20_C_005 | AF11: =VLOOKUP(AE11,'Axe 2 Règles de gestion'!$D$2:$F$23,3, FALSE) -> Le terme « GREVE » ne doit pas être utilisé dans la zone "Libellé complémentaire". | AG11: G20_C_006 | AH11: =VLOOKUP(AG11,'Axe 2 Règles de gestion'!$D$2:$F$23,3, FALSE) -> Si le mode de calcul est "A - Montant précalculé", il faut que le montant soit différent de vide. | AI11: G20_C_007 | AJ11: =VLOOKUP(AI11,'Axe 2 Règles de gestion'!$D$2:$F$23,3, FALSE) -> Si le mode de calcul est "B - Nombre d'unités x montant unitaire", il faut que le nombre d'unités et le montant soient différents de vide. | AK11: G20_C_015 | AL11: =VLOOKUP(AK11,'Axe 2 Règles de gestion'!$D$2:$F$23,3, FALSE) -> Le code sens est obligatoire. | AM11: G20_C_016 | AN11: =VLOOKUP(AM11,'Axe 2 Règles de gestion'!$D$2:$F$23,3, FALSE) -> Le code origine est obligatoire. | AO11: G20_C_017 | AP11: =VLOOKUP(AO11,'Axe 2 Règles de gestion'!$D$2:$F$23,3, FALSE) -> Seuls les modes de calcul "A - Montant précalculé", "B - Nombre d'unités x montant unitaire", "G - Indemnité à déduire" sont autorisés. | AQ11: G20_C_019 | AR11: =VLOOKUP(AQ11,'Axe 2 Règles de gestion'!$D$2:$F$23,3, FALSE) -> Si le mode de calcul est "G - Indemnité à déduire", alors il faut laisser vide la zone nombre d'unités. | AS11: G20_C_020 | AT11: =VLOOKUP(AS11,'Axe 2 Règles de gestion'!$D$2:$F$23,3, FALSE) -> Si le mode de calcul est "G - Indemnité à déduire", il faut que le montant soit différent de vide. | AU11: G20_C_021 | AV11: =VLOOKUP(AU11,'Axe 2 Règles de gestion'!$D$2:$F$23,3, FALSE) -> Le nombre total de mouvements 20 pour le mois de paie en cours doit être inférieur ou égal à 30.
A12: 25.00.00 | B12: A | C12: 45818.403 | D12: D0016 | E12: Contrôles PAY | F12: S0177 | G12: Mouvement 20 | H12: E1012 | I12: Contrôles d'alimentation du mouvement 20 | J12: Le code indemnité d'un mouvement 20 est saisi | K12: BG20_COD_IND [BG_Occurrence_courante] <> Vide | L12: T2445 | M12: Contrôles Précompte cotis. sal. RAFP | N12: Création Modification | O12: Le code indemnité saisi est 'Précompte cotis. sal. RAFP' | P12: BG20_COD_IND [BG_Occurrence_courante] = '0954' | Q12: Contractuel | R12: P0003 | S12: N | T12: Général | U12: Passant | V12: 40725 | X12: G20_C_025 ET G20_C_001 ET G20_C_003 ET G20_C_004 ET G20_C_005 ET G20_C_006 ET G20_C_007 ET G20_C_015 ET G20_C_016 ET G20_C_017 ET G20_C_021 ET G20_C_019 ET G20_C_020 | Y12: G20_C_025 | Z12: =VLOOKUP(Y12,'Axe 2 Règles de gestion'!$D$2:$F$23,3, FALSE) -> L'agent doit être détaché sur contrat. | AA12: G20_C_001 | AB12: =VLOOKUP(AA12,'Axe 2 Règles de gestion'!$D$2:$F$23,3, FALSE) -> Le code origine doit être "0" (mois courant) pour l'indemnité '0954 - Précompte cotis. sal. RAFP'. | AC12: G20_C_003 | AD12: =VLOOKUP(AC12,'Axe 2 Règles de gestion'!$D$2:$F$23,3, FALSE) -> Il est interdit de codifier le sens 1 (sens contraire) si le code origine est 0 (mois courant). | AE12: G20_C_004 | AF12: =VLOOKUP(AE12,'Axe 2 Règles de gestion'!$D$2:$F$23,3, FALSE) -> Si le mode de calcul est "A - Montant précalculé", alors il faut laisser à vide la zone nombre d'unités. | AG12: G20_C_005 | AH12: =VLOOKUP(AG12,'Axe 2 Règles de gestion'!$D$2:$F$23,3, FALSE) -> Le terme « GREVE » ne doit pas être utilisé dans la zone "Libellé complémentaire". | AI12: G20_C_006 | AJ12: =VLOOKUP(AI12,'Axe 2 Règles de gestion'!$D$2:$F$23,3, FALSE) -> Si le mode de calcul est "A - Montant précalculé", il faut que le montant soit différent de vide. | AK12: G20_C_007 | AL12: =VLOOKUP(AK12,'Axe 2 Règles de gestion'!$D$2:$F$23,3, FALSE) -> Si le mode de calcul est "B - Nombre d'unités x montant unitaire", il faut que le nombre d'unités et le montant soient différents de vide. | AM12: G20_C_015 | AN12: =VLOOKUP(AM12,'Axe 2 Règles de gestion'!$D$2:$F$23,3, FALSE) -> Le code sens est obligatoire. | AO12: G20_C_016 | AP12: =VLOOKUP(AO12,'Axe 2 Règles de gestion'!$D$2:$F$23,3, FALSE) -> Le code origine est obligatoire. | AQ12: G20_C_017 | AR12: =VLOOKUP(AQ12,'Axe 2 Règles de gestion'!$D$2:$F$23,3, FALSE) -> Seuls les modes de calcul "A - Montant précalculé", "B - Nombre d'unités x montant unitaire", "G - Indemnité à déduire" sont autorisés. | AS12: G20_C_021 | AT12: =VLOOKUP(AS12,'Axe 2 Règles de gestion'!$D$2:$F$23,3, FALSE) -> Le nombre total de mouvements 20 pour le mois de paie en cours doit être inférieur ou égal à 30. | AU12: G20_C_019 | AV12: =VLOOKUP(AU12,'Axe 2 Règles de gestion'!$D$2:$F$23,3, FALSE) -> Si le mode de calcul est "G - Indemnité à déduire", alors il faut laisser vide la zone nombre d'unités. | AW12: G20_C_020 | AX12: =VLOOKUP(AW12,'Axe 2 Règles de gestion'!$D$2:$F$23,3, FALSE) -> Si le mode de calcul est "G - Indemnité à déduire", il faut que le montant soit différent de vide.
A13: 25.00.00 | B13: A | C13: 45818.404 | D13: D0016 | E13: Contrôles PAY | F13: S0177 | G13: Mouvement 20 | H13: E1012 | I13: Contrôles d'alimentation du mouvement 20 | J13: Le code indemnité d'un mouvement 20 est saisi | K13: BG20_COD_IND [BG_Occurrence_courante] <> Vide | L13: T2446 | M13: Contrôles Cotis. prefon | N13: Création Modification | O13: Le code indemnité saisi est 'Cotis. prefon' | P13: BG20_COD_IND [BG_Occurrence_courante] = '0879' | Q13: Contractuel | R13: P0003 | S13: N | T13: Général | U13: Passant | V13: 40725 | X13: G20_C_002 ET G20_C_003 ET G20_C_005 ET G20_C_011 ET G20_C_012 ET G20_C_014 ET G20_C_015 ET G20_C_016 ET G20_C_021 | Y13: G20_C_002 | Z13: =VLOOKUP(Y13,'Axe 2 Règles de gestion'!$D$2:$F$23,3, FALSE) -> Lorsque la date de paye correspond au mois de janvier, le code origine "1" (année courante) ne doit pas être notifié. | AA13: G20_C_003 | AB13: =VLOOKUP(AA13,'Axe 2 Règles de gestion'!$D$2:$F$23,3, FALSE) -> Il est interdit de codifier le sens 1 (sens contraire) si le code origine est 0 (mois courant). | AC13: G20_C_005 | AD13: =VLOOKUP(AC13,'Axe 2 Règles de gestion'!$D$2:$F$23,3, FALSE) -> Le terme « GREVE » ne doit pas être utilisé dans la zone "Libellé complémentaire". | AE13: G20_C_011 | AF13: =VLOOKUP(AE13,'Axe 2 Règles de gestion'!$D$2:$F$23,3, FALSE) -> Si la zone mode de calcul est "Calcul PREFON" (MC = E), la zone "Nombre d'unités" doit être vide. | AG13: G20_C_012 | AH13: =VLOOKUP(AG13,'Axe 2 Règles de gestion'!$D$2:$F$23,3, FALSE) -> Pour la retenue PREFON (code '0879'), seuls les deux derniers caractères (positions 57 à 58) de la zone MONTANT doivent être servies. | AI13: G20_C_014 | AJ13: =VLOOKUP(AI13,'Axe 2 Règles de gestion'!$D$2:$F$23,3, FALSE) -> Pour la retenue PREFON (code '0879'), le mode de calcul doit être "E - Calcul PREFON (code classe)". | AK13: G20_C_015 | AL13: =VLOOKUP(AK13,'Axe 2 Règles de gestion'!$D$2:$F$23,3, FALSE) -> Le code sens est obligatoire. | AM13: G20_C_016 | AN13: =VLOOKUP(AM13,'Axe 2 Règles de gestion'!$D$2:$F$23,3, FALSE) -> Le code origine est obligatoire. | AO13: G20_C_021 | AP13: =VLOOKUP(AO13,'Axe 2 Règles de gestion'!$D$2:$F$23,3, FALSE) -> Le nombre total de mouvements 20 pour le mois de paie en cours doit être inférieur ou égal à 30.
A14: 25.00.00 | B14: A | C14: 45818.407 | D14: D0016 | E14: Contrôles PAY | F14: S0177 | G14: Mouvement 20 | H14: E1012 | I14: Contrôles d'alimentation du mouvement 20 | J14: Le code indemnité d'un mouvement 20 est saisi | K14: BG20_COD_IND [BG_Occurrence_courante] <> Vide | L14: T2447 | M14: Contrôles Avantages en nature et Avantage en nature ntic et Avantage en nature nourriture et Avantage en nature véhicule et Avantages en nature divers | N14: Création Modification | O14: Le code indemnité saisi est 'Avantages en nature' ou 'Avantage en nature ntic' ou 'Avantage en nature nourriture' ou 'Avantage en nature véhicule' ou 'Avantages en nature divers' | P14: BG20_COD_IND [BG_Occurrence_courante] DANS ('0136', '1404', '1405', '1406', '1407') | Q14: Contractuel | R14: P0003 | S14: N | T14: Général | U14: Passant | V14: 40725 | X14: G20_C_002 ET G20_C_003 ET G20_C_005 ET G20_C_008 ET G20_C_009 ET G20_C_013 ET G20_C_015 ET G20_C_016 ET G20_C_021 | Y14: G20_C_002 | Z14: =VLOOKUP(Y14,'Axe 2 Règles de gestion'!$D$2:$F$23,3, FALSE) -> Lorsque la date de paye correspond au mois de janvier, le code origine "1" (année courante) ne doit pas être notifié. | AA14: G20_C_003 | AB14: =VLOOKUP(AA14,'Axe 2 Règles de gestion'!$D$2:$F$23,3, FALSE) -> Il est interdit de codifier le sens 1 (sens contraire) si le code origine est 0 (mois courant). | AC14: G20_C_005 | AD14: =VLOOKUP(AC14,'Axe 2 Règles de gestion'!$D$2:$F$23,3, FALSE) -> Le terme « GREVE » ne doit pas être utilisé dans la zone "Libellé complémentaire". | AE14: G20_C_008 | AF14: =VLOOKUP(AE14,'Axe 2 Règles de gestion'!$D$2:$F$23,3, FALSE) -> Si le mode de calcul est "H - Indemnité à ne pas payer (avantage en nature)", il faut que le nombre d'unités soit vide. | AG14: G20_C_009 | AH14: =VLOOKUP(AG14,'Axe 2 Règles de gestion'!$D$2:$F$23,3, FALSE) -> Si le mode de calcul est "H - Indemnité à ne pas payer (avantage en nature)", il faut que le montant soit différent de vide. | AI14: G20_C_013 | AJ14: =VLOOKUP(AI14,'Axe 2 Règles de gestion'!$D$2:$F$23,3, FALSE) -> Pour les avantages en nature (codes '0136','1404','1405','1406','1407), le mode de calcul doit être "H - Indemnité à ne pas payer (avantage en nature)". | AK14: G20_C_015 | AL14: =VLOOKUP(AK14,'Axe 2 Règles de gestion'!$D$2:$F$23,3, FALSE) -> Le code sens est obligatoire. | AM14: G20_C_016 | AN14: =VLOOKUP(AM14,'Axe 2 Règles de gestion'!$D$2:$F$23,3, FALSE) -> Le code origine est obligatoire. | AO14: G20_C_021 | AP14: =VLOOKUP(AO14,'Axe 2 Règles de gestion'!$D$2:$F$23,3, FALSE) -> Le nombre total de mouvements 20 pour le mois de paie en cours doit être inférieur ou égal à 30.
A15: 25.00.00 | B15: A | C15: 45818.408 | D15: D0016 | E15: Contrôles PAY | F15: S0177 | G15: Mouvement 20 | H15: E1012 | I15: Contrôles d'alimentation du mouvement 20 | J15: Le code indemnité d'un mouvement 20 est saisi | K15: BG20_COD_IND [BG_Occurrence_courante] <> Vide | L15: T2448 | M15: Contrôles Cotisation assurance chômage | N15: Création Modification | O15: Le code indemnité saisi est 'Cotisation assurance chômage' | P15: BG20_COD_IND [BG_Occurrence_courante] = '0870' | Q15: Contractuel | R15: P0003 | S15: N | T15: Général | U15: Exclu | V15: 40725
A16: 25.00.00 | B16: A | C16: 45818.41 | D16: D0016 | E16: Contrôles PAY | F16: S0177 | G16: Mouvement 20 | H16: E1012 | I16: Contrôles d'alimentation du mouvement 20 | J16: Le code indemnité d'un mouvement 20 est saisi | K16: BG20_COD_IND [BG_Occurrence_courante] <> Vide | L16: T2449 | M16: Contrôles autres indemnités et retenues exceptionnelles | N16: Création Modification | O16: Le code indemnité/retenue saisi est différent de '0954', '0879', '0136', '1404', '1405', '1406', '1407', '0870' | P16: BG20_COD_IND [BG_Occurrence_courante] PAS DANS ('0954', '0879', '0136', '1404', '1405', '1406', '1407', '0870') | Q16: Contractuel | R16: P0003 | S16: N | T16: Général | U16: Passant | V16: 40725 | X16: G20_C_002 ET G20_C_003 ET G20_C_004 ET G20_C_005 ET G20_C_006 ET G20_C_007 ET G20_C_015 ET G20_C_016 ET G20_C_017 ET G20_C_019 ET G20_C_020 ET G20_C_021 | Y16: G20_C_002 | Z16: =VLOOKUP(Y16,'Axe 2 Règles de gestion'!$D$2:$F$23,3, FALSE) -> Lorsque la date de paye correspond au mois de janvier, le code origine "1" (année courante) ne doit pas être notifié. | AA16: G20_C_003 | AB16: =VLOOKUP(AA16,'Axe 2 Règles de gestion'!$D$2:$F$23,3, FALSE) -> Il est interdit de codifier le sens 1 (sens contraire) si le code origine est 0 (mois courant). | AC16: G20_C_004 | AD16: =VLOOKUP(AC16,'Axe 2 Règles de gestion'!$D$2:$F$23,3, FALSE) -> Si le mode de calcul est "A - Montant précalculé", alors il faut laisser à vide la zone nombre d'unités. | AE16: G20_C_005 | AF16: =VLOOKUP(AE16,'Axe 2 Règles de gestion'!$D$2:$F$23,3, FALSE) -> Le terme « GREVE » ne doit pas être utilisé dans la zone "Libellé complémentaire". | AG16: G20_C_006 | AH16: =VLOOKUP(AG16,'Axe 2 Règles de gestion'!$D$2:$F$23,3, FALSE) -> Si le mode de calcul est "A - Montant précalculé", il faut que le montant soit différent de vide. | AI16: G20_C_007 | AJ16: =VLOOKUP(AI16,'Axe 2 Règles de gestion'!$D$2:$F$23,3, FALSE) -> Si le mode de calcul est "B - Nombre d'unités x montant unitaire", il faut que le nombre d'unités et le montant soient différents de vide. | AK16: G20_C_015 | AL16: =VLOOKUP(AK16,'Axe 2 Règles de gestion'!$D$2:$F$23,3, FALSE) -> Le code sens est obligatoire. | AM16: G20_C_016 | AN16: =VLOOKUP(AM16,'Axe 2 Règles de gestion'!$D$2:$F$23,3, FALSE) -> Le code origine est obligatoire. | AO16: G20_C_017 | AP16: =VLOOKUP(AO16,'Axe 2 Règles de gestion'!$D$2:$F$23,3, FALSE) -> Seuls les modes de calcul "A - Montant précalculé", "B - Nombre d'unités x montant unitaire", "G - Indemnité à déduire" sont autorisés. | AQ16: G20_C_019 | AR16: =VLOOKUP(AQ16,'Axe 2 Règles de gestion'!$D$2:$F$23,3, FALSE) -> Si le mode de calcul est "G - Indemnité à déduire", alors il faut laisser vide la zone nombre d'unités. | AS16: G20_C_020 | AT16: =VLOOKUP(AS16,'Axe 2 Règles de gestion'!$D$2:$F$23,3, FALSE) -> Si le mode de calcul est "G - Indemnité à déduire", il faut que le montant soit différent de vide. | AU16: G20_C_021 | AV16: =VLOOKUP(AU16,'Axe 2 Règles de gestion'!$D$2:$F$23,3, FALSE) -> Le nombre total de mouvements 20 pour le mois de paie en cours doit être inférieur ou égal à 30.
A17: 25.00.00 | B17: A | C17: 45818.402 | D17: D0016 | E17: Contrôles PAY | F17: S0177 | G17: Mouvement 20 | H17: E1012 | I17: Contrôles d'alimentation du mouvement 20 | J17: Le code indemnité d'un mouvement 20 est saisi | K17: BG20_COD_IND [BG_Occurrence_courante] <> Vide | L17: T2445 | M17: Contrôles Précompte cotis. sal. RAFP | N17: Création Modification | O17: Le code indemnité saisi est 'Précompte cotis. sal. RAFP' | P17: BG20_COD_IND [BG_Occurrence_courante] = '0954' | Q17: Stagiaire ou auditeur ou élève | R17: P0004 | S17: S | T17: Général | U17: Passant | V17: 40725 | X17: G20_C_001 ET G20_C_003 ET G20_C_004 ET G20_C_005 ET G20_C_006 ET G20_C_007 ET G20_C_015 ET G20_C_016 ET G20_C_017 ET G20_C_021 ET G20_C_019 ET G20_C_020 | Y17: G20_C_001 | Z17: =VLOOKUP(Y17,'Axe 2 Règles de gestion'!$D$2:$F$23,3, FALSE) -> Le code origine doit être "0" (mois courant) pour l'indemnité '0954 - Précompte cotis. sal. RAFP'. | AA17: G20_C_003 | AB17: =VLOOKUP(AA17,'Axe 2 Règles de gestion'!$D$2:$F$23,3, FALSE) -> Il est interdit de codifier le sens 1 (sens contraire) si le code origine est 0 (mois courant). | AC17: G20_C_004 | AD17: =VLOOKUP(AC17,'Axe 2 Règles de gestion'!$D$2:$F$23,3, FALSE) -> Si le mode de calcul est "A - Montant précalculé", alors il faut laisser à vide la zone nombre d'unités. | AE17: G20_C_005 | AF17: =VLOOKUP(AE17,'Axe 2 Règles de gestion'!$D$2:$F$23,3, FALSE) -> Le terme « GREVE » ne doit pas être utilisé dans la zone "Libellé complémentaire". | AG17: G20_C_006 | AH17: =VLOOKUP(AG17,'Axe 2 Règles de gestion'!$D$2:$F$23,3, FALSE) -> Si le mode de calcul est "A - Montant précalculé", il faut que le montant soit différent de vide. | AI17: G20_C_007 | AJ17: =VLOOKUP(AI17,'Axe 2 Règles de gestion'!$D$2:$F$23,3, FALSE) -> Si le mode de calcul est "B - Nombre d'unités x montant unitaire", il faut que le nombre d'unités et le montant soient différents de vide. | AK17: G20_C_015 | AL17: =VLOOKUP(AK17,'Axe 2 Règles de gestion'!$D$2:$F$23,3, FALSE) -> Le code sens est obligatoire. | AM17: G20_C_016 | AN17: =VLOOKUP(AM17,'Axe 2 Règles de gestion'!$D$2:$F$23,3, FALSE) -> Le code origine est obligatoire. | AO17: G20_C_017 | AP17: =VLOOKUP(AO17,'Axe 2 Règles de gestion'!$D$2:$F$23,3, FALSE) -> Seuls les modes de calcul "A - Montant précalculé", "B - Nombre d'unités x montant unitaire", "G - Indemnité à déduire" sont autorisés. | AQ17: G20_C_021 | AR17: =VLOOKUP(AQ17,'Axe 2 Règles de gestion'!$D$2:$F$23,3, FALSE) -> Le nombre total de mouvements 20 pour le mois de paie en cours doit être inférieur ou égal à 30. | AS17: G20_C_019 | AT17: =VLOOKUP(AS17,'Axe 2 Règles de gestion'!$D$2:$F$23,3, FALSE) -> Si le mode de calcul est "G - Indemnité à déduire", alors il faut laisser vide la zone nombre d'unités. | AU17: G20_C_020 | AV17: =VLOOKUP(AU17,'Axe 2 Règles de gestion'!$D$2:$F$23,3, FALSE) -> Si le mode de calcul est "G - Indemnité à déduire", il faut que le montant soit différent de vide.
A18: 25.00.00 | B18: A | C18: 45818.403 | D18: D0016 | E18: Contrôles PAY | F18: S0177 | G18: Mouvement 20 | H18: E1012 | I18: Contrôles d'alimentation du mouvement 20 | J18: Le code indemnité d'un mouvement 20 est saisi | K18: BG20_COD_IND [BG_Occurrence_courante] <> Vide | L18: T2446 | M18: Contrôles Cotis. prefon | N18: Création Modification | O18: Le code indemnité saisi est 'Cotis. prefon' | P18: BG20_COD_IND [BG_Occurrence_courante] = '0879' | Q18: Stagiaire ou auditeur ou élève | R18: P0004 | S18: S | T18: Général | U18: Passant | V18: 40725 | X18: G20_C_002 ET G20_C_003 ET G20_C_005 ET G20_C_011 ET G20_C_012 ET G20_C_014 ET G20_C_015 ET G20_C_016 ET G20_C_021 | Y18: G20_C_002 | Z18: =VLOOKUP(Y18,'Axe 2 Règles de gestion'!$D$2:$F$23,3, FALSE) -> Lorsque la date de paye correspond au mois de janvier, le code origine "1" (année courante) ne doit pas être notifié. | AA18: G20_C_003 | AB18: =VLOOKUP(AA18,'Axe 2 Règles de gestion'!$D$2:$F$23,3, FALSE) -> Il est interdit de codifier le sens 1 (sens contraire) si le code origine est 0 (mois courant). | AC18: G20_C_005 | AD18: =VLOOKUP(AC18,'Axe 2 Règles de gestion'!$D$2:$F$23,3, FALSE) -> Le terme « GREVE » ne doit pas être utilisé dans la zone "Libellé complémentaire". | AE18: G20_C_011 | AF18: =VLOOKUP(AE18,'Axe 2 Règles de gestion'!$D$2:$F$23,3, FALSE) -> Si la zone mode de calcul est "Calcul PREFON" (MC = E), la zone "Nombre d'unités" doit être vide. | AG18: G20_C_012 | AH18: =VLOOKUP(AG18,'Axe 2 Règles de gestion'!$D$2:$F$23,3, FALSE) -> Pour la retenue PREFON (code '0879'), seuls les deux derniers caractères (positions 57 à 58) de la zone MONTANT doivent être servies. | AI18: G20_C_014 | AJ18: =VLOOKUP(AI18,'Axe 2 Règles de gestion'!$D$2:$F$23,3, FALSE) -> Pour la retenue PREFON (code '0879'), le mode de calcul doit être "E - Calcul PREFON (code classe)". | AK18: G20_C_015 | AL18: =VLOOKUP(AK18,'Axe 2 Règles de gestion'!$D$2:$F$23,3, FALSE) -> Le code sens est obligatoire. | AM18: G20_C_016 | AN18: =VLOOKUP(AM18,'Axe 2 Règles de gestion'!$D$2:$F$23,3, FALSE) -> Le code origine est obligatoire. | AO18: G20_C_021 | AP18: =VLOOKUP(AO18,'Axe 2 Règles de gestion'!$D$2:$F$23,3, FALSE) -> Le nombre total de mouvements 20 pour le mois de paie en cours doit être inférieur ou égal à 30.
A19: 25.00.00 | B19: A | C19: 45818.407 | D19: D0016 | E19: Contrôles PAY | F19: S0177 | G19: Mouvement 20 | H19: E1012 | I19: Contrôles d'alimentation du mouvement 20 | J19: Le code indemnité d'un mouvement 20 est saisi | K19: BG20_COD_IND [BG_Occurrence_courante] <> Vide | L19: T2447 | M19: Contrôles Avantages en nature et Avantage en nature ntic et Avantage en nature nourriture et Avantage en nature véhicule et Avantages en nature divers | N19: Création Modification | O19: Le code indemnité saisi est 'Avantages en nature' ou 'Avantage en nature ntic' ou 'Avantage en nature nourriture' ou 'Avantage en nature véhicule' ou 'Avantages en nature divers' | P19: BG20_COD_IND [BG_Occurrence_courante] DANS ('0136', '1404', '1405', '1406', '1407') | Q19: Stagiaire ou auditeur ou élève | R19: P0004 | S19: S | T19: Général | U19: Passant | V19: 40725 | X19: G20_C_002 ET G20_C_003 ET G20_C_005 ET G20_C_008 ET G20_C_009 ET G20_C_013 ET G20_C_015 ET G20_C_016 ET G20_C_021 | Y19: G20_C_002 | Z19: =VLOOKUP(Y19,'Axe 2 Règles de gestion'!$D$2:$F$23,3, FALSE) -> Lorsque la date de paye correspond au mois de janvier, le code origine "1" (année courante) ne doit pas être notifié. | AA19: G20_C_003 | AB19: =VLOOKUP(AA19,'Axe 2 Règles de gestion'!$D$2:$F$23,3, FALSE) -> Il est interdit de codifier le sens 1 (sens contraire) si le code origine est 0 (mois courant). | AC19: G20_C_005 | AD19: =VLOOKUP(AC19,'Axe 2 Règles de gestion'!$D$2:$F$23,3, FALSE) -> Le terme « GREVE » ne doit pas être utilisé dans la zone "Libellé complémentaire". | AE19: G20_C_008 | AF19: =VLOOKUP(AE19,'Axe 2 Règles de gestion'!$D$2:$F$23,3, FALSE) -> Si le mode de calcul est "H - Indemnité à ne pas payer (avantage en nature)", il faut que le nombre d'unités soit vide. | AG19: G20_C_009 | AH19: =VLOOKUP(AG19,'Axe 2 Règles de gestion'!$D$2:$F$23,3, FALSE) -> Si le mode de calcul est "H - Indemnité à ne pas payer (avantage en nature)", il faut que le montant soit différent de vide. | AI19: G20_C_013 | AJ19: =VLOOKUP(AI19,'Axe 2 Règles de gestion'!$D$2:$F$23,3, FALSE) -> Pour les avantages en nature (codes '0136','1404','1405','1406','1407), le mode de calcul doit être "H - Indemnité à ne pas payer (avantage en nature)". | AK19: G20_C_015 | AL19: =VLOOKUP(AK19,'Axe 2 Règles de gestion'!$D$2:$F$23,3, FALSE) -> Le code sens est obligatoire. | AM19: G20_C_016 | AN19: =VLOOKUP(AM19,'Axe 2 Règles de gestion'!$D$2:$F$23,3, FALSE) -> Le code origine est obligatoire. | AO19: G20_C_021 | AP19: =VLOOKUP(AO19,'Axe 2 Règles de gestion'!$D$2:$F$23,3, FALSE) -> Le nombre total de mouvements 20 pour le mois de paie en cours doit être inférieur ou égal à 30.
A20: 25.00.00 | B20: A | C20: 45818.408 | D20: D0016 | E20: Contrôles PAY | F20: S0177 | G20: Mouvement 20 | H20: E1012 | I20: Contrôles d'alimentation du mouvement 20 | J20: Le code indemnité d'un mouvement 20 est saisi | K20: BG20_COD_IND [BG_Occurrence_courante] <> Vide | L20: T2448 | M20: Contrôles Cotisation assurance chômage | N20: Création Modification | O20: Le code indemnité saisi est 'Cotisation assurance chômage' | P20: BG20_COD_IND [BG_Occurrence_courante] = '0870' | Q20: Stagiaire ou auditeur ou élève | R20: P0004 | S20: S | T20: Général | U20: Exclu | V20: 40725
A21: 25.00.00 | B21: A | C21: 45818.409 | D21: D0016 | E21: Contrôles PAY | F21: S0177 | G21: Mouvement 20 | H21: E1012 | I21: Contrôles d'alimentation du mouvement 20 | J21: Le code indemnité d'un mouvement 20 est saisi | K21: BG20_COD_IND [BG_Occurrence_courante] <> Vide | L21: T2449 | M21: Contrôles autres indemnités et retenues exceptionnelles | N21: Création Modification | O21: Le code indemnité/retenue saisi est différent de '0954', '0879', '0136', '1404', '1405', '1406', '1407', '0870' | P21: BG20_COD_IND [BG_Occurrence_courante] PAS DANS ('0954', '0879', '0136', '1404', '1405', '1406', '1407', '0870') | Q21: Stagiaire ou auditeur ou élève | R21: P0004 | S21: S | T21: Général | U21: Passant | V21: 40725 | X21: G20_C_002 ET G20_C_003 ET G20_C_004 ET G20_C_005 ET G20_C_006 ET G20_C_007 ET G20_C_015 ET G20_C_016 ET G20_C_017 ET G20_C_019 ET G20_C_020 ET G20_C_021 | Y21: G20_C_002 | Z21: =VLOOKUP(Y21,'Axe 2 Règles de gestion'!$D$2:$F$23,3, FALSE) -> Lorsque la date de paye correspond au mois de janvier, le code origine "1" (année courante) ne doit pas être notifié. | AA21: G20_C_003 | AB21: =VLOOKUP(AA21,'Axe 2 Règles de gestion'!$D$2:$F$23,3, FALSE) -> Il est interdit de codifier le sens 1 (sens contraire) si le code origine est 0 (mois courant). | AC21: G20_C_004 | AD21: =VLOOKUP(AC21,'Axe 2 Règles de gestion'!$D$2:$F$23,3, FALSE) -> Si le mode de calcul est "A - Montant précalculé", alors il faut laisser à vide la zone nombre d'unités. | AE21: G20_C_005 | AF21: =VLOOKUP(AE21,'Axe 2 Règles de gestion'!$D$2:$F$23,3, FALSE) -> Le terme « GREVE » ne doit pas être utilisé dans la zone "Libellé complémentaire". | AG21: G20_C_006 | AH21: =VLOOKUP(AG21,'Axe 2 Règles de gestion'!$D$2:$F$23,3, FALSE) -> Si le mode de calcul est "A - Montant précalculé", il faut que le montant soit différent de vide. | AI21: G20_C_007 | AJ21: =VLOOKUP(AI21,'Axe 2 Règles de gestion'!$D$2:$F$23,3, FALSE) -> Si le mode de calcul est "B - Nombre d'unités x montant unitaire", il faut que le nombre d'unités et le montant soient différents de vide. | AK21: G20_C_015 | AL21: =VLOOKUP(AK21,'Axe 2 Règles de gestion'!$D$2:$F$23,3, FALSE) -> Le code sens est obligatoire. | AM21: G20_C_016 | AN21: =VLOOKUP(AM21,'Axe 2 Règles de gestion'!$D$2:$F$23,3, FALSE) -> Le code origine est obligatoire. | AO21: G20_C_017 | AP21: =VLOOKUP(AO21,'Axe 2 Règles de gestion'!$D$2:$F$23,3, FALSE) -> Seuls les modes de calcul "A - Montant précalculé", "B - Nombre d'unités x montant unitaire", "G - Indemnité à déduire" sont autorisés. | AQ21: G20_C_019 | AR21: =VLOOKUP(AQ21,'Axe 2 Règles de gestion'!$D$2:$F$23,3, FALSE) -> Si le mode de calcul est "G - Indemnité à déduire", alors il faut laisser vide la zone nombre d'unités. | AS21: G20_C_020 | AT21: =VLOOKUP(AS21,'Axe 2 Règles de gestion'!$D$2:$F$23,3, FALSE) -> Si le mode de calcul est "G - Indemnité à déduire", il faut que le montant soit différent de vide. | AU21: G20_C_021 | AV21: =VLOOKUP(AU21,'Axe 2 Règles de gestion'!$D$2:$F$23,3, FALSE) -> Le nombre total de mouvements 20 pour le mois de paie en cours doit être inférieur ou égal à 30.
A22: 25.00.00 | B22: A | C22: 45818.403 | D22: D0016 | E22: Contrôles PAY | F22: S0177 | G22: Mouvement 20 | H22: E1012 | I22: Contrôles d'alimentation du mouvement 20 | J22: Le code indemnité d'un mouvement 20 est saisi | K22: BG20_COD_IND [BG_Occurrence_courante] <> Vide | L22: T2445 | M22: Contrôles Précompte cotis. sal. RAFP | N22: Création Modification | O22: Le code indemnité saisi est 'Précompte cotis. sal. RAFP' | P22: BG20_COD_IND [BG_Occurrence_courante] = '0954' | Q22: Ouvrier d'état | R22: P0005 | S22: O | T22: Général | U22: Exclu | V22: 40725
A23: 25.00.00 | B23: A | C23: 45818.404 | D23: D0016 | E23: Contrôles PAY | F23: S0177 | G23: Mouvement 20 | H23: E1012 | I23: Contrôles d'alimentation du mouvement 20 | J23: Le code indemnité d'un mouvement 20 est saisi | K23: BG20_COD_IND [BG_Occurrence_courante] <> Vide | L23: T2446 | M23: Contrôles Cotis. prefon | N23: Création Modification | O23: Le code indemnité saisi est 'Cotis. prefon' | P23: BG20_COD_IND [BG_Occurrence_courante] = '0879' | Q23: Ouvrier d'état | R23: P0005 | S23: O | T23: Général | U23: Passant | V23: 40725 | X23: G20_C_002 ET G20_C_003 ET G20_C_005 ET G20_C_011 ET G20_C_012 ET G20_C_014 ET G20_C_015 ET G20_C_016 ET G20_C_021 | Y23: G20_C_002 | Z23: =VLOOKUP(Y23,'Axe 2 Règles de gestion'!$D$2:$F$23,3, FALSE) -> Lorsque la date de paye correspond au mois de janvier, le code origine "1" (année courante) ne doit pas être notifié. | AA23: G20_C_003 | AB23: =VLOOKUP(AA23,'Axe 2 Règles de gestion'!$D$2:$F$23,3, FALSE) -> Il est interdit de codifier le sens 1 (sens contraire) si le code origine est 0 (mois courant). | AC23: G20_C_005 | AD23: =VLOOKUP(AC23,'Axe 2 Règles de gestion'!$D$2:$F$23,3, FALSE) -> Le terme « GREVE » ne doit pas être utilisé dans la zone "Libellé complémentaire". | AE23: G20_C_011 | AF23: =VLOOKUP(AE23,'Axe 2 Règles de gestion'!$D$2:$F$23,3, FALSE) -> Si la zone mode de calcul est "Calcul PREFON" (MC = E), la zone "Nombre d'unités" doit être vide. | AG23: G20_C_012 | AH23: =VLOOKUP(AG23,'Axe 2 Règles de gestion'!$D$2:$F$23,3, FALSE) -> Pour la retenue PREFON (code '0879'), seuls les deux derniers caractères (positions 57 à 58) de la zone MONTANT doivent être servies. | AI23: G20_C_014 | AJ23: =VLOOKUP(AI23,'Axe 2 Règles de gestion'!$D$2:$F$23,3, FALSE) -> Pour la retenue PREFON (code '0879'), le mode de calcul doit être "E - Calcul PREFON (code classe)". | AK23: G20_C_015 | AL23: =VLOOKUP(AK23,'Axe 2 Règles de gestion'!$D$2:$F$23,3, FALSE) -> Le code sens est obligatoire. | AM23: G20_C_016 | AN23: =VLOOKUP(AM23,'Axe 2 Règles de gestion'!$D$2:$F$23,3, FALSE) -> Le code origine est obligatoire. | AO23: G20_C_021 | AP23: =VLOOKUP(AO23,'Axe 2 Règles de gestion'!$D$2:$F$23,3, FALSE) -> Le nombre total de mouvements 20 pour le mois de paie en cours doit être inférieur ou égal à 30.
A24: 25.00.00 | B24: A | C24: 45818.407 | D24: D0016 | E24: Contrôles PAY | F24: S0177 | G24: Mouvement 20 | H24: E1012 | I24: Contrôles d'alimentation du mouvement 20 | J24: Le code indemnité d'un mouvement 20 est saisi | K24: BG20_COD_IND [BG_Occurrence_courante] <> Vide | L24: T2447 | M24: Contrôles Avantages en nature et Avantage en nature ntic et Avantage en nature nourriture et Avantage en nature véhicule et Avantages en nature divers | N24: Création Modification | O24: Le code indemnité saisi est 'Avantages en nature' ou 'Avantage en nature ntic' ou 'Avantage en nature nourriture' ou 'Avantage en nature véhicule' ou 'Avantages en nature divers' | P24: BG20_COD_IND [BG_Occurrence_courante] DANS ('0136', '1404', '1405', '1406', '1407') | Q24: Ouvrier d'état | R24: P0005 | S24: O | T24: Général | U24: Passant | V24: 40725 | X24: G20_C_002 ET G20_C_003 ET G20_C_005 ET G20_C_008 ET G20_C_009 ET G20_C_013 ET G20_C_015 ET G20_C_016 ET G20_C_021 | Y24: G20_C_002 | Z24: =VLOOKUP(Y24,'Axe 2 Règles de gestion'!$D$2:$F$23,3, FALSE) -> Lorsque la date de paye correspond au mois de janvier, le code origine "1" (année courante) ne doit pas être notifié. | AA24: G20_C_003 | AB24: =VLOOKUP(AA24,'Axe 2 Règles de gestion'!$D$2:$F$23,3, FALSE) -> Il est interdit de codifier le sens 1 (sens contraire) si le code origine est 0 (mois courant). | AC24: G20_C_005 | AD24: =VLOOKUP(AC24,'Axe 2 Règles de gestion'!$D$2:$F$23,3, FALSE) -> Le terme « GREVE » ne doit pas être utilisé dans la zone "Libellé complémentaire". | AE24: G20_C_008 | AF24: =VLOOKUP(AE24,'Axe 2 Règles de gestion'!$D$2:$F$23,3, FALSE) -> Si le mode de calcul est "H - Indemnité à ne pas payer (avantage en nature)", il faut que le nombre d'unités soit vide. | AG24: G20_C_009 | AH24: =VLOOKUP(AG24,'Axe 2 Règles de gestion'!$D$2:$F$23,3, FALSE) -> Si le mode de calcul est "H - Indemnité à ne pas payer (avantage en nature)", il faut que le montant soit différent de vide. | AI24: G20_C_013 | AJ24: =VLOOKUP(AI24,'Axe 2 Règles de gestion'!$D$2:$F$23,3, FALSE) -> Pour les avantages en nature (codes '0136','1404','1405','1406','1407), le mode de calcul doit être "H - Indemnité à ne pas payer (avantage en nature)". | AK24: G20_C_015 | AL24: =VLOOKUP(AK24,'Axe 2 Règles de gestion'!$D$2:$F$23,3, FALSE) -> Le code sens est obligatoire. | AM24: G20_C_016 | AN24: =VLOOKUP(AM24,'Axe 2 Règles de gestion'!$D$2:$F$23,3, FALSE) -> Le code origine est obligatoire. | AO24: G20_C_021 | AP24: =VLOOKUP(AO24,'Axe 2 Règles de gestion'!$D$2:$F$23,3, FALSE) -> Le nombre total de mouvements 20 pour le mois de paie en cours doit être inférieur ou égal à 30.
A25: 25.00.00 | B25: A | C25: 45818.409 | D25: D0016 | E25: Contrôles PAY | F25: S0177 | G25: Mouvement 20 | H25: E1012 | I25: Contrôles d'alimentation du mouvement 20 | J25: Le code indemnité d'un mouvement 20 est saisi | K25: BG20_COD_IND [BG_Occurrence_courante] <> Vide | L25: T2448 | M25: Contrôles Cotisation assurance chômage | N25: Création Modification | O25: Le code indemnité saisi est 'Cotisation assurance chômage' | P25: BG20_COD_IND [BG_Occurrence_courante] = '0870' | Q25: Ouvrier d'état | R25: P0005 | S25: O | T25: Général | U25: Exclu | V25: 40725
A26: 25.00.00 | B26: A | C26: 45818.41 | D26: D0016 | E26: Contrôles PAY | F26: S0177 | G26: Mouvement 20 | H26: E1012 | I26: Contrôles d'alimentation du mouvement 20 | J26: Le code indemnité d'un mouvement 20 est saisi | K26: BG20_COD_IND [BG_Occurrence_courante] <> Vide | L26: T2449 | M26: Contrôles autres indemnités et retenues exceptionnelles | N26: Création Modification | O26: Le code indemnité/retenue saisi est différent de '0954', '0879', '0136', '1404', '1405', '1406', '1407', '0870' | P26: BG20_COD_IND [BG_Occurrence_courante] PAS DANS ('0954', '0879', '0136', '1404', '1405', '1406', '1407', '0870') | Q26: Ouvrier d'état | R26: P0005 | S26: O | T26: Général | U26: Passant | V26: 40725 | X26: G20_C_002 ET G20_C_003 ET G20_C_004 ET G20_C_005 ET G20_C_006 ET G20_C_007 ET G20_C_015 ET G20_C_016 ET G20_C_017 ET G20_C_019 ET G20_C_020 ET G20_C_021 | Y26: G20_C_002 | Z26: =VLOOKUP(Y26,'Axe 2 Règles de gestion'!$D$2:$F$23,3, FALSE) -> Lorsque la date de paye correspond au mois de janvier, le code origine "1" (année courante) ne doit pas être notifié. | AA26: G20_C_003 | AB26: =VLOOKUP(AA26,'Axe 2 Règles de gestion'!$D$2:$F$23,3, FALSE) -> Il est interdit de codifier le sens 1 (sens contraire) si le code origine est 0 (mois courant). | AC26: G20_C_004 | AD26: =VLOOKUP(AC26,'Axe 2 Règles de gestion'!$D$2:$F$23,3, FALSE) -> Si le mode de calcul est "A - Montant précalculé", alors il faut laisser à vide la zone nombre d'unités. | AE26: G20_C_005 | AF26: =VLOOKUP(AE26,'Axe 2 Règles de gestion'!$D$2:$F$23,3, FALSE) -> Le terme « GREVE » ne doit pas être utilisé dans la zone "Libellé complémentaire". | AG26: G20_C_006 | AH26: =VLOOKUP(AG26,'Axe 2 Règles de gestion'!$D$2:$F$23,3, FALSE) -> Si le mode de calcul est "A - Montant précalculé", il faut que le montant soit différent de vide. | AI26: G20_C_007 | AJ26: =VLOOKUP(AI26,'Axe 2 Règles de gestion'!$D$2:$F$23,3, FALSE) -> Si le mode de calcul est "B - Nombre d'unités x montant unitaire", il faut que le nombre d'unités et le montant soient différents de vide. | AK26: G20_C_015 | AL26: =VLOOKUP(AK26,'Axe 2 Règles de gestion'!$D$2:$F$23,3, FALSE) -> Le code sens est obligatoire. | AM26: G20_C_016 | AN26: =VLOOKUP(AM26,'Axe 2 Règles de gestion'!$D$2:$F$23,3, FALSE) -> Le code origine est obligatoire. | AO26: G20_C_017 | AP26: =VLOOKUP(AO26,'Axe 2 Règles de gestion'!$D$2:$F$23,3, FALSE) -> Seuls les modes de calcul "A - Montant précalculé", "B - Nombre d'unités x montant unitaire", "G - Indemnité à déduire" sont autorisés. | AQ26: G20_C_019 | AR26: =VLOOKUP(AQ26,'Axe 2 Règles de gestion'!$D$2:$F$23,3, FALSE) -> Si le mode de calcul est "G - Indemnité à déduire", alors il faut laisser vide la zone nombre d'unités. | AS26: G20_C_020 | AT26: =VLOOKUP(AS26,'Axe 2 Règles de gestion'!$D$2:$F$23,3, FALSE) -> Si le mode de calcul est "G - Indemnité à déduire", il faut que le montant soit différent de vide. | AU26: G20_C_021 | AV26: =VLOOKUP(AU26,'Axe 2 Règles de gestion'!$D$2:$F$23,3, FALSE) -> Le nombre total de mouvements 20 pour le mois de paie en cours doit être inférieur ou égal à 30.
A27: 25.00.00 | B27: A | C27: 45818.401 | D27: D0016 | E27: Contrôles PAY | F27: S0177 | G27: Mouvement 20 | H27: E1012 | I27: Contrôles d'alimentation du mouvement 20 | J27: Le code indemnité d'un mouvement 20 est saisi | K27: BG20_COD_IND [BG_Occurrence_courante] <> Vide | L27: T2448 | M27: Contrôles Cotisation assurance chômage | N27: Création Modification | O27: Le code indemnité saisi est 'Cotisation assurance chômage' | P27: BG20_COD_IND [BG_Occurrence_courante] = '0870' | Q27: Enseignant privé ou maître délégué - Education | R27: P0224 | S27: N | T27: Particulier | U27: Passant | V27: 40725 | X27: G20_C_001 ET G20_C_003 ET G20_C_004 ET G20_C_005 ET G20_C_006 ET G20_C_007 ET G20_C_015 ET G20_C_016 ET G20_C_017 ET G20_C_021 ET G20_C_019 ET G20_C_020 ET G20_C_023 ET G20_C_024 | Y27: G20_C_001 | Z27: =VLOOKUP(Y27,'Axe 2 Règles de gestion'!$D$2:$F$23,3, FALSE) -> Le code origine doit être "0" (mois courant) pour l'indemnité '0954 - Précompte cotis. sal. RAFP'. | AA27: G20_C_003 | AB27: =VLOOKUP(AA27,'Axe 2 Règles de gestion'!$D$2:$F$23,3, FALSE) -> Il est interdit de codifier le sens 1 (sens contraire) si le code origine est 0 (mois courant). | AC27: G20_C_004 | AD27: =VLOOKUP(AC27,'Axe 2 Règles de gestion'!$D$2:$F$23,3, FALSE) -> Si le mode de calcul est "A - Montant précalculé", alors il faut laisser à vide la zone nombre d'unités. | AE27: G20_C_005 | AF27: =VLOOKUP(AE27,'Axe 2 Règles de gestion'!$D$2:$F$23,3, FALSE) -> Le terme « GREVE » ne doit pas être utilisé dans la zone "Libellé complémentaire". | AG27: G20_C_006 | AH27: =VLOOKUP(AG27,'Axe 2 Règles de gestion'!$D$2:$F$23,3, FALSE) -> Si le mode de calcul est "A - Montant précalculé", il faut que le montant soit différent de vide. | AI27: G20_C_007 | AJ27: =VLOOKUP(AI27,'Axe 2 Règles de gestion'!$D$2:$F$23,3, FALSE) -> Si le mode de calcul est "B - Nombre d'unités x montant unitaire", il faut que le nombre d'unités et le montant soient différents de vide. | AK27: G20_C_015 | AL27: =VLOOKUP(AK27,'Axe 2 Règles de gestion'!$D$2:$F$23,3, FALSE) -> Le code sens est obligatoire. | AM27: G20_C_016 | AN27: =VLOOKUP(AM27,'Axe 2 Règles de gestion'!$D$2:$F$23,3, FALSE) -> Le code origine est obligatoire. | AO27: G20_C_017 | AP27: =VLOOKUP(AO27,'Axe 2 Règles de gestion'!$D$2:$F$23,3, FALSE) -> Seuls les modes de calcul "A - Montant précalculé", "B - Nombre d'unités x montant unitaire", "G - Indemnité à déduire" sont autorisés. | AQ27: G20_C_021 | AR27: =VLOOKUP(AQ27,'Axe 2 Règles de gestion'!$D$2:$F$23,3, FALSE) -> Le nombre total de mouvements 20 pour le mois de paie en cours doit être inférieur ou égal à 30. | AS27: G20_C_019 | AT27: =VLOOKUP(AS27,'Axe 2 Règles de gestion'!$D$2:$F$23,3, FALSE) -> Si le mode de calcul est "G - Indemnité à déduire", alors il faut laisser vide la zone nombre d'unités. | AU27: G20_C_020 | AV27: =VLOOKUP(AU27,'Axe 2 Règles de gestion'!$D$2:$F$23,3, FALSE) -> Si le mode de calcul est "G - Indemnité à déduire", il faut que le montant soit différent de vide. | AW27: G20_C_023 | AX27: =VLOOKUP(AW27,'Axe 2 Règles de gestion'!$D$2:$F$23,3, FALSE) -> Si le code "0870 - Cotisation assurance chômage" est utilisé pour une régularisation de cotisation avec un code statutaire servi à "92 - Privé simple, laïc et privé simple, religieux affilié à SS et RC et ASSEDIC", le mouvement de type 20 utilisé ressortira en anomalie non bloquante. | AY27: G20_C_024 | AZ27: =VLOOKUP(AY27,'Axe 2 Règles de gestion'!$D$2:$F$23,3, FALSE) -> Si le code "0870 - Cotisation assurance chômage" est utilisé pour une régularisation de cotisation le code statutaire doit être servi avec une valeur égale à "92 - Privé simple, laïc et privé simple, religieux affilié à SS et RC et ASSEDIC".

Sheet Axe 1 Enchaînement RG Impact
A1: Version | B1: Type de mise à jour | C1: Date de mise à jour | D1: Identifiant Domaine | E1: Libellé du Domaine | F1: Identifiant Sous-domaine | G1: Libellé du Sous-domaine | H1: Identifiant Evénement | I1: Libellé de l'évènement | J1: Libellé condition déclenchement Evènement | K1: Condition déclenchement Evènement | L1: Identifiant type d'évènement | M1: Libellé type d'évènement | N1: Type de mise à jour | O1: Libellé condition déclenchement Type Evènement | P1: Condition déclenchement Type Evènement | Q1: Libellé Population | R1: Codification Population | S1: Typologie de population | T1: Général / Particulier | U1: Passant / Exclu | V1: Date de début | W1: Date de fin | X1: Impacts | Y1: FIME | Z1: Statut de travail
A2: 25.00.00 | B2: A | C2: 45818.402 | D2: D0016 | E2: Contrôles PAY | F2: S0177 | G2: Mouvement 20 | H2: E1012 | I2: Contrôles d'alimentation du mouvement 20 | J2: Le code indemnité d'un mouvement 20 est saisi | K2: BG20_COD_IND [BG_Occurrence_courante] <> Vide | L2: T2445 | M2: Contrôles Précompte cotis. sal. RAFP | N2: Création Modification | O2: Le code indemnité saisi est 'Précompte cotis. sal. RAFP' | P2: BG20_COD_IND [BG_Occurrence_courante] = '0954' | Q2: Titulaire ou magistrat | R2: P0001 | S2: T | T2: Général | U2: Passant | V2: 40725
A3: 25.00.00 | B3: A | C3: 45818.403 | D3: D0016 | E3: Contrôles PAY | F3: S0177 | G3: Mouvement 20 | H3: E1012 | I3: Contrôles d'alimentation du mouvement 20 | J3: Le code indemnité d'un mouvement 20 est saisi | K3: BG20_COD_IND [BG_Occurrence_courante] <> Vide | L3: T2446 | M3: Contrôles Cotis. prefon | N3: Création Modification | O3: Le code indemnité saisi est 'Cotis. prefon' | P3: BG20_COD_IND [BG_Occurrence_courante] = '0879' | Q3: Titulaire ou magistrat | R3: P0001 | S3: T | T3: Général | U3: Passant | V3: 40725
A4: 25.00.00 | B4: A | C4: 45818.407 | D4: D0016 | E4: Contrôles PAY | F4: S0177 | G4: Mouvement 20 | H4: E1012 | I4: Contrôles d'alimentation du mouvement 20 | J4: Le code indemnité d'un mouvement 20 est saisi | K4: BG20_COD_IND [BG_Occurrence_courante] <> Vide | L4: T2447 | M4: Contrôles Avantages en nature et Avantage en nature ntic et Avantage en nature nourriture et Avantage en nature véhicule et Avantages en nature divers | N4: Création Modification | O4: Le code indemnité saisi est 'Avantages en nature' ou 'Avantage en nature ntic' ou 'Avantage en nature nourriture' ou 'Avantage en nature véhicule' ou 'Avantages en nature divers' | P4: BG20_COD_IND [BG_Occurrence_courante] DANS ('0136', '1404', '1405', '1406', '1407') | Q4: Titulaire ou magistrat | R4: P0001 | S4: T | T4: Général | U4: Passant | V4: 40725
A5: 25.00.00 | B5: A | C5: 45818.408 | D5: D0016 | E5: Contrôles PAY | F5: S0177 | G5: Mouvement 20 | H5: E1012 | I5: Contrôles d'alimentation du mouvement 20 | J5: Le code indemnité d'un mouvement 20 est saisi | K5: BG20_COD_IND [BG_Occurrence_courante] <> Vide | L5: T2448 | M5: Contrôles Cotisation assurance chômage | N5: Création Modification | O5: Le code indemnité saisi est 'Cotisation assurance chômage' | P5: BG20_COD_IND [BG_Occurrence_courante] = '0870' | Q5: Titulaire ou magistrat | R5: P0001 | S5: T | T5: Général | U5: Exclu | V5: 40725
A6: 25.00.00 | B6: A | C6: 45818.409 | D6: D0016 | E6: Contrôles PAY | F6: S0177 | G6: Mouvement 20 | H6: E1012 | I6: Contrôles d'alimentation du mouvement 20 | J6: Le code indemnité d'un mouvement 20 est saisi | K6: BG20_COD_IND [BG_Occurrence_courante] <> Vide | L6: T2449 | M6: Contrôles autres indemnités et retenues exceptionnelles | N6: Création Modification | O6: Le code indemnité/retenue saisi est différent de '0954', '0879', '0136', '1404', '1405', '1406', '1407', '0870' | P6: BG20_COD_IND [BG_Occurrence_courante] PAS DANS ('0954', '0879', '0136', '1404', '1405', '1406', '1407', '0870') | Q6: Titulaire ou magistrat | R6: P0001 | S6: T | T6: Général | U6: Passant | V6: 40725
A7: 25.00.00 | B7: A | C7: 45818.402 | D7: D0016 | E7: Contrôles PAY | F7: S0177 | G7: Mouvement 20 | H7: E1012 | I7: Contrôles d'alimentation du mouvement 20 | J7: Le code indemnité d'un mouvement 20 est saisi | K7: BG20_COD_IND [BG_Occurrence_courante] <> Vide | L7: T2445 | M7: Contrôles Précompte cotis. sal. RAFP | N7: Création Modification | O7: Le code indemnité saisi est 'Précompte cotis. sal. RAFP' | P7: BG20_COD_IND [BG_Occurrence_courante] = '0954' | Q7: Militaire | R7: P0002 | S7: M | T7: Général | U7: Passant | V7: 40725
A8: 25.00.00 | B8: A | C8: 45818.404 | D8: D0016 | E8: Contrôles PAY | F8: S0177 | G8: Mouvement 20 | H8: E1012 | I8: Contrôles d'alimentation du mouvement 20 | J8: Le code indemnité d'un mouvement 20 est saisi | K8: BG20_COD_IND [BG_Occurrence_courante] <> Vide | L8: T2446 | M8: Contrôles Cotis. prefon | N8: Création Modification | O8: Le code indemnité saisi est 'Cotis. prefon' | P8: BG20_COD_IND [BG_Occurrence_courante] = '0879' | Q8: Militaire | R8: P0002 | S8: M | T8: Général | U8: Passant | V8: 40725
A9: 25.00.00 | B9: A | C9: 45818.408 | D9: D0016 | E9: Contrôles PAY | F9: S0177 | G9: Mouvement 20 | H9: E1012 | I9: Contrôles d'alimentation du mouvement 20 | J9: Le code indemnité d'un mouvement 20 est saisi | K9: BG20_COD_IND [BG_Occurrence_courante] <> Vide | L9: T2447 | M9: Contrôles Avantages en nature et Avantage en nature ntic et Avantage en nature nourriture et Avantage en nature véhicule et Avantages en nature divers | N9: Création Modification | O9: Le code indemnité saisi est 'Avantages en nature' ou 'Avantage en nature ntic' ou 'Avantage en nature nourriture' ou 'Avantage en nature véhicule' ou 'Avantages en nature divers' | P9: BG20_COD_IND [BG_Occurrence_courante] DANS ('0136', '1404', '1405', '1406', '1407') | Q9: Militaire | R9: P0002 | S9: M | T9: Général | U9: Passant | V9: 40725
A10: 25.00.00 | B10: A | C10: 45818.408 | D10: D0016 | E10: Contrôles PAY | F10: S0177 | G10: Mouvement 20 | H10: E1012 | I10: Contrôles d'alimentation du mouvement 20 | J10: Le code indemnité d'un mouvement 20 est saisi | K10: BG20_COD_IND [BG_Occurrence_courante] <> Vide | L10: T2448 | M10: Contrôles Cotisation assurance chômage | N10: Création Modification | O10: Le code indemnité saisi est 'Cotisation assurance chômage' | P10: BG20_COD_IND [BG_Occurrence_courante] = '0870' | Q10: Militaire | R10: P0002 | S10: M | T10: Général | U10: Exclu | V10: 40725
A11: 25.00.00 | B11: A | C11: 45818.41 | D11: D0016 | E11: Contrôles PAY | F11: S0177 | G11: Mouvement 20 | H11: E1012 | I11: Contrôles d'alimentation du mouvement 20 | J11: Le code indemnité d'un mouvement 20 est saisi | K11: BG20_COD_IND [BG_Occurrence_courante] <> Vide | L11: T2449 | M11: Contrôles autres indemnités et retenues exceptionnelles | N11: Création Modification | O11: Le code indemnité/retenue saisi est différent de '0954', '0879', '0136', '1404', '1405', '1406', '1407', '0870' | P11: BG20_COD_IND [BG_Occurrence_courante] PAS DANS ('0954', '0879', '0136', '1404', '1405', '1406', '1407', '0870') | Q11: Militaire | R11: P0002 | S11: M | T11: Général | U11: Passant | V11: 40725
A12: 25.00.00 | B12: A | C12: 45818.403 | D12: D0016 | E12: Contrôles PAY | F12: S0177 | G12: Mouvement 20 | H12: E1012 | I12: Contrôles d'alimentation du mouvement 20 | J12: Le code indemnité d'un mouvement 20 est saisi | K12: BG20_COD_IND [BG_Occurrence_courante] <> Vide | L12: T2445 | M12: Contrôles Précompte cotis. sal. RAFP | N12: Création Modification | O12: Le code indemnité saisi est 'Précompte cotis. sal. RAFP' | P12: BG20_COD_IND [BG_Occurrence_courante] = '0954' | Q12: Contractuel | R12: P0003 | S12: N | T12: Général | U12: Passant | V12: 40725
A13: 25.00.00 | B13: A | C13: 45818.404 | D13: D0016 | E13: Contrôles PAY | F13: S0177 | G13: Mouvement 20 | H13: E1012 | I13: Contrôles d'alimentation du mouvement 20 | J13: Le code indemnité d'un mouvement 20 est saisi | K13: BG20_COD_IND [BG_Occurrence_courante] <> Vide | L13: T2446 | M13: Contrôles Cotis. prefon | N13: Création Modification | O13: Le code indemnité saisi est 'Cotis. prefon' | P13: BG20_COD_IND [BG_Occurrence_courante] = '0879' | Q13: Contractuel | R13: P0003 | S13: N | T13: Général | U13: Passant | V13: 40725
... A27: 25.00.00 | B27: A | C27: 45818.401 | D27: D0016 | E27: Contrôles PAY | F27: S0177 | G27: Mouvement 20 | H27: E1012 | I27: Contrôles d'alimentation du mouvement 20 | J27: Le code indemnité d'un mouvement 20 est saisi | K27: BG20_COD_IND [BG_Occurrence_courante] <> Vide | L27: T2448 | M27: Contrôles Cotisation assurance chômage | N27: Création Modification | O27: Le code indemnité saisi est 'Cotisation assurance chômage' | P27: BG20_COD_IND [BG_Occurrence_courante] = '0870' | Q27: Enseignant privé ou maître délégué - Education | R27: P0224 | S27: N | T27: Particulier | U27: Passant | V27: 40725

Sheet Axe 1 Rattachement des actes
A1: Version | B1: Type de mise à jour | C1: Date de mise à jour | D1: Identifiant Domaine | E1: Libellé du Domaine | F1: Identifiant Sous-domaine | G1: Libellé du Sous-domaine | H1: Identifiant Evénement | I1: Libellé de l'évènement | J1: Libellé condition déclenchement Evènement | K1: Condition déclenchement Evènement | L1: Identifiant type d'évènement | M1: Libellé type d'évènement | N1: Type de mise à jour | O1: Libellé condition déclenchement Type Evènement | P1: Condition déclenchement Type Evènement | Q1: Libellé Population | R1: Codification Population | S1: Général / Particulier | T1: Passant / Exclu | U1: Date de début | V1: Date de fin | W1: Libellé condition de déclenchement 1 | X1: Condition de déclenchement 1 | Y1: Code nature 1 | Z1: Libellé nature 1 | AA1: Libellé condition de déclenchement 2 | AB1: Condition de déclenchement 2 | AC1: Code nature 2 | AD1: Libellé nature 2 | AE1: Libellé condition de déclenchement 3 | AF1: Condition de déclenchement 3 | AG1: Code nature 3 | AH1: Libellé nature 3 | AI1: Libellé condition de déclenchement 4 | AJ1: Condition de déclenchement 4 | AK1: Code nature 4 | AL1: Libellé nature 4 | AM1: Commentaire | AN1: FIME | AO1: Statut de travail
A2: 25.00.00 | B2: A | C2: 45818.402 | D2: D0016 | E2: Contrôles PAY | F2: S0177 | G2: Mouvement 20 | H2: E1012 | I2: Contrôles d'alimentation du mouvement 20 | J2: Le code indemnité d'un mouvement 20 est saisi | K2: BG20_COD_IND [BG_Occurrence_courante] <> Vide | L2: T2445 | M2: Contrôles Précompte cotis. sal. RAFP | N2: Création Modification | O2: Le code indemnité saisi est 'Précompte cotis. sal. RAFP' | P2: BG20_COD_IND [BG_Occurrence_courante] = '0954' | Q2: Titulaire ou magistrat | R2: P0001 | S2: Général | T2: Passant | U2: 40550
A3: 25.00.00 | B3: A | C3: 45818.403 | D3: D0016 | E3: Contrôles PAY | F3: S0177 | G3: Mouvement 20 | H3: E1012 | I3: Contrôles d'alimentation du mouvement 20 | J3: Le code indemnité d'un mouvement 20 est saisi | K3: BG20_COD_IND [BG_Occurrence_courante] <> Vide | L3: T2446 | M3: Contrôles Cotis. prefon | N3: Création Modification | O3: Le code indemnité saisi est 'Cotis. prefon' | P3: BG20_COD_IND [BG_Occurrence_courante] = '0879' | Q3: Titulaire ou magistrat | R3: P0001 | S3: Général | T3: Passant | U3: 40550
A4: 25.00.00 | B4: A | C4: 45818.407 | D4: D0016 | E4: Contrôles PAY | F4: S0177 | G4: Mouvement 20 | H4: E1012 | I4: Contrôles d'alimentation du mouvement 20 | J4: Le code indemnité d'un mouvement 20 est saisi | K4: BG20_COD_IND [BG_Occurrence_courante] <> Vide | L4: T2447 | M4: Contrôles Avantages en nature et Avantage en nature ntic et Avantage en nature nourriture et Avantage en nature véhicule et Avantages en nature divers | N4: Création Modification | O4: Le code indemnité saisi est 'Avantages en nature' ou 'Avantage en nature ntic' ou 'Avantage en nature nourriture' ou 'Avantage en nature véhicule' ou 'Avantages en nature divers' | P4: BG20_COD_IND [BG_Occurrence_courante] DANS ('0136', '1404', '1405', '1406', '1407') | Q4: Titulaire ou magistrat | R4: P0001 | S4: Général | T4: Passant | U4: 40550
A5: 25.00.00 | B5: A | C5: 45818.408 | D5: D0016 | E5: Contrôles PAY | F5: S0177 | G5: Mouvement 20 | H5: E1012 | I5: Contrôles d'alimentation du mouvement 20 | J5: Le code indemnité d'un mouvement 20 est saisi | K5: BG20_COD_IND [BG_Occurrence_courante] <> Vide | L5: T2448 | M5: Contrôles Cotisation assurance chômage | N5: Création Modification | O5: Le code indemnité saisi est 'Cotisation assurance chômage' | P5: BG20_COD_IND [BG_Occurrence_courante] = '0870' | Q5: Titulaire ou magistrat | R5: P0001 | S5: Général | T5: Exclu | U5: 40550
A6: 25.00.00 | B6: A | C6: 45818.409 | D6: D0016 | E6: Contrôles PAY | F6: S0177 | G6: Mouvement 20 | H6: E1012 | I6: Contrôles d'alimentation du mouvement 20 | J6: Le code indemnité d'un mouvement 20 est saisi | K6: BG20_COD_IND [BG_Occurrence_courante] <> Vide | L6: T2449 | M6: Contrôles autres indemnités et retenues exceptionnelles | N6: Création Modification | O6: Le code indemnité/retenue saisi est différent de '0954', '0879', '0136', '1404', '1405', '1406', '1407', '0870' | P6: BG20_COD_IND [BG_Occurrence_courante] PAS DANS ('0954', '0879', '0136', '1404', '1405', '1406', '1407', '0870') | Q6: Titulaire ou magistrat | R6: P0001 | S6: Général | T6: Passant | U6: 40550
A7: 25.00.00 | B7: A | C7: 45818.402 | D7: D0016 | E7: Contrôles PAY | F7: S0177 | G7: Mouvement 20 | H7: E1012 | I7: Contrôles d'alimentation du mouvement 20 | J7: Le code indemnité d'un mouvement 20 est saisi | K7: BG20_COD_IND [BG_Occurrence_courante] <> Vide | L7: T2445 | M7: Contrôles Précompte cotis. sal. RAFP | N7: Création Modification | O7: Le code indemnité saisi est 'Précompte cotis. sal. RAFP' | P7: BG20_COD_IND [BG_Occurrence_courante] = '0954' | Q7: Militaire | R7: P0002 | S7: Général | T7: Passant | U7: 40550
A8: 25.00.00 | B8: A | C8: 45818.404 | D8: D0016 | E8: Contrôles PAY | F8: S0177 | G8: Mouvement 20 | H8: E1012 | I8: Contrôles d'alimentation du mouvement 20 | J8: Le code indemnité d'un mouvement 20 est saisi | K8: BG20_COD_IND [BG_Occurrence_courante] <> Vide | L8: T2446 | M8: Contrôles Cotis. prefon | N8: Création Modification | O8: Le code indemnité saisi est 'Cotis. prefon' | P8: BG20_COD_IND [BG_Occurrence_courante] = '0879' | Q8: Militaire | R8: P0002 | S8: Général | T8: Passant | U8: 40550
A9: 25.00.00 | B9: A | C9: 45818.408 | D9: D0016 | E9: Contrôles PAY | F9: S0177 | G9: Mouvement 20 | H9: E1012 | I9: Contrôles d'alimentation du mouvement 20 | J9: Le code indemnité d'un mouvement 20 est saisi | K9: BG20_COD_IND [BG_Occurrence_courante] <> Vide | L9: T2447 | M9: Contrôles Avantages en nature et Avantage en nature ntic et Avantage en nature nourriture et Avantage en nature véhicule et Avantages en nature divers | N9: Création Modification | O9: Le code indemnité saisi est 'Avantages en nature' ou 'Avantage en nature ntic' ou 'Avantage en nature nourriture' ou 'Avantage en nature véhicule' ou 'Avantages en nature divers' | P9: BG20_COD_IND [BG_Occurrence_courante] DANS ('0136', '1404', '1405', '1406', '1407') | Q9: Militaire | R9: P0002 | S9: Général | T9: Passant | U9: 40550
A10: 25.00.00 | B10: A | C10: 45818.408 | D10: D0016 | E10: Contrôles PAY | F10: S0177 | G10: Mouvement 20 | H10: E1012 | I10: Contrôles d'alimentation du mouvement 20 | J10: Le code indemnité d'un mouvement 20 est saisi | K10: BG20_COD_IND [BG_Occurrence_courante] <> Vide | L10: T2448 | M10: Contrôles Cotisation assurance chômage | N10: Création Modification | O10: Le code indemnité saisi est 'Cotisation assurance chômage' | P10: BG20_COD_IND [BG_Occurrence_courante] = '0870' | Q10: Militaire | R10: P0002 | S10: Général | T10: Exclu | U10: 40550
A11: 25.00.00 | B11: A | C11: 45818.41 | D11: D0016 | E11: Contrôles PAY | F11: S0177 | G11: Mouvement 20 | H11: E1012 | I11: Contrôles d'alimentation du mouvement 20 | J11: Le code indemnité d'un mouvement 20 est saisi | K11: BG20_COD_IND [BG_Occurrence_courante] <> Vide | L11: T2449 | M11: Contrôles autres indemnités et retenues exceptionnelles | N11: Création Modification | O11: Le code indemnité/retenue saisi est différent de '0954', '0879', '0136', '1404', '1405', '1406', '1407', '0870' | P11: BG20_COD_IND [BG_Occurrence_courante] PAS DANS ('0954', '0879', '0136', '1404', '1405', '1406', '1407', '0870') | Q11: Militaire | R11: P0002 | S11: Général | T11: Passant | U11: 40550
A12: 25.00.00 | B12: A | C12: 45818.403 | D12: D0016 | E12: Contrôles PAY | F12: S0177 | G12: Mouvement 20 | H12: E1012 | I12: Contrôles d'alimentation du mouvement 20 | J12: Le code indemnité d'un mouvement 20 est saisi | K12: BG20_COD_IND [BG_Occurrence_courante] <> Vide | L12: T2445 | M12: Contrôles Précompte cotis. sal. RAFP | N12: Création Modification | O12: Le code indemnité saisi est 'Précompte cotis. sal. RAFP' | P12: BG20_COD_IND [BG_Occurrence_courante] = '0954' | Q12: Contractuel | R12: P0003 | S12: Général | T12: Passant | U12: 40550
A13: 25.00.00 | B13: A | C13: 45818.404 | D13: D0016 | E13: Contrôles PAY | F13: S0177 | G13: Mouvement 20 | H13: E1012 | I13: Contrôles d'alimentation du mouvement 20 | J13: Le code indemnité d'un mouvement 20 est saisi | K13: BG20_COD_IND [BG_Occurrence_courante] <> Vide | L13: T2446 | M13: Contrôles Cotis. prefon | N13: Création Modification | O13: Le code indemnité saisi est 'Cotis. prefon' | P13: BG20_COD_IND [BG_Occurrence_courante] = '0879' | Q13: Contractuel | R13: P0003 | S13: Général | T13: Passant | U13: 40550
... A27: 25.00.00 | B27: A | C27: 45818.401 | D27: D0016 | E27: Contrôles PAY | F27: S0177 | G27: Mouvement 20 | H27: E1012 | I27: Contrôles d'alimentation du mouvement 20 | J27: Le code indemnité d'un mouvement 20 est saisi | K27: BG20_COD_IND [BG_Occurrence_courante] <> Vide | L27: T2448 | M27: Contrôles Cotisation assurance chômage | N27: Création Modification | O27: Le code indemnité saisi est 'Cotisation assurance chômage' | P27: BG20_COD_IND [BG_Occurrence_courante] = '0870' | Q27: Enseignant privé ou maître délégué - Education | R27: P0224 | S27: Particulier | T27: Passant | U27: 40550

Sheet Axe 2 Règles de gestion
A1: Version | B1: Type de mise à jour | C1: Date de mise à jour | D1: Code de la règle | E1: Type de règle | F1: Règle littérale | G1: Références juridiques | H1: Date de début | I1: Date de fin | J1: Condition | K1: Articulation | L1: Type de contrôle | M1: Commentaire | N1: Typage RG exclusion | O1: Typage RG condition | P1: Typage RG contrôle | Q1: Typage RG intellectuel | R1: Typage RG impact | S1: FIME | T1: Statut de travail | U1: Règle retenue | V1: Expression littérale
A2: 25.00.00 | B2: M | C2: 46196.488 | D2: G20_C_001 | E2: Contrôle | F2: Le code origine doit être "0" (mois courant) pour l'indemnité '0954 - Précompte cotis. sal. RAFP'. | G2: Guide des règles de gestion du fichier GEST Référence 20.01 | H2: 40725 | K2: BG20_COD_ORI [BG_Occurrence_courante] = '0' | L2: Bloquant | M2: Références CG règles PAY 20.01
A3: 25.00.00 | B3: M | C3: 46196.488 | D3: G20_C_002 | E3: Contrôle | F3: Lorsque la date de paye correspond au mois de janvier, le code origine "1" (année courante) ne doit pas être notifié. | G3: Guide des règles de gestion du fichier GEST Référence 20.02 | H3: 40725 | J3: SI [Sous-chaine(BG_DAT_PAY [BG_Occurrence_courante],5,2)] = '01' | K3: BG20_COD_ORI [BG_Occurrence_courante] <> '1' | L3: Bloquant | M3: Références CG règles PAY 20.02
A4: 25.00.00 | B4: M | C4: 46196.488 | D4: G20_C_003 | E4: Contrôle | F4: Il est interdit de codifier le sens 1 (sens contraire) si le code origine est 0 (mois courant). | G4: Guide des règles de gestion du fichier GEST Référence 20.03 | H4: 40725 | J4: SI BG20_COD_ORI [BG_Occurrence_courante] = '0' | K4: BG20_COD_SEN [BG_Occurrence_courante] = '0' | L4: Bloquant | M4: Références CG règles PAY 20.03
A5: 25.00.00 | B5: M | C5: 46196.488 | D5: G20_C_004 | E5: Contrôle | F5: Si le mode de calcul est "A - Montant précalculé", alors il faut laisser à vide la zone nombre d'unités. | G5: Guide des règles de gestion du fichier GEST Référence 20.07 | H5: 40725 | J5: SI BG20_MOD_CAL [BG_Occurrence_courante] = 'A' | K5: BG20_NBR_UNI [BG_Occurrence_courante] = Vide | L5: Bloquant | M5: Références CG règles PAY 20.07
A6: 25.00.00 | B6: M | C6: 46196.488 | D6: G20_C_005 | E6: Contrôle | F6: Le terme « GREVE » ne doit pas être utilisé dans la zone "Libellé complémentaire". | G6: Guide des règles de gestion du fichier GEST Référence 20.05 | H6: 40725 | K6: # Le terme « GREVE » ne doit pas être utilisé dans la zone "Libellé complémentaire"BG20_LIB_CPL [BG_Occurrence_courante].# | L6: Non Bloquant | M6: Ce contrôle est non bloquant car il s'agit d'une alerte pour le gestionnaire. PAY supprime automatiquement le premier E du mot GREVE. Références CG règles PAY 20.05
A7: 25.00.00 | B7: M | C7: 46196.488 | D7: G20_C_006 | E7: Contrôle | F7: Si le mode de calcul est "A - Montant précalculé", il faut que le montant soit différent de vide. | G7: Guide des règles de gestion du fichier GEST Référence 20.07 | H7: 40725 | J7: SI BG20_MOD_CAL [BG_Occurrence_courante] = 'A' | K7: BG20_MONTANT [BG_Occurrence_courante] <> Vide | L7: Bloquant | M7: Références CG règles PAY 20.07
A8: 25.00.00 | B8: M | C8: 46196.488 | D8: G20_C_007 | E8: Contrôle | F8: Si le mode de calcul est "B - Nombre d'unités x montant unitaire", il faut que le nombre d'unités et le montant soient différents de vide. | G8: Guide des règles de gestion du fichier GEST Référence 20.07 | H8: 40725 | J8: SI BG20_MOD_CAL [BG_Occurrence_courante] = 'B' | K8: BG20_NBR_UNI [BG_Occurrence_courante] <> Vide ET BG20_MONTANT [BG_Occurrence_courante] <> Vide | L8: Bloquant | M8: Références CG règles PAY 20.07
A9: 25.00.00 | B9: M | C9: 46196.488 | D9: G20_C_008 | E9: Contrôle | F9: Si le mode de calcul est "H - Indemnité à ne pas payer (avantage en nature)", il faut que le nombre d'unités soit vide. | G9: Guide des règles de gestion du fichier GEST Référence 20.07 | H9: 40725 | J9: SI BG20_MOD_CAL [BG_Occurrence_courante] = 'H' | K9: BG20_NBR_UNI [BG_Occurrence_courante] = Vide | L9: Bloquant | M9: Références CG règles PAY 20.07
A10: 25.00.00 | B10: M | C10: 46196.488 | D10: G20_C_009 | E10: Contrôle | F10: Si le mode de calcul est "H - Indemnité à ne pas payer (avantage en nature)", il faut que le montant soit différent de vide. | G10: Guide des règles de gestion du fichier GEST Référence 20.07 | H10: 40725 | J10: SI BG20_MOD_CAL [BG_Occurrence_courante] = 'H' | K10: BG20_MONTANT [BG_Occurrence_courante] <> Vide | L10: Bloquant | M10: Références CG règles PAY 20.07
A11: 25.00.00 | B11: M | C11: 46196.488 | D11: G20_C_011 | E11: Contrôle | F11: Si la zone mode de calcul est "Calcul PREFON" (MC = E), la zone "Nombre d'unités" doit être vide. | G11: Guide des règles de gestion du fichier GEST Référence 20.07 | H11: 40725 | J11: SI BG20_MOD_CAL [BG_Occurrence_courante] = 'E' | K11: BG20_NBR_UNI [BG_Occurrence_courante] = Vide | L11: Bloquant | M11: Références CG règles PAY 20.07
A12: 25.00.00 | B12: M | C12: 46196.488 | D12: G20_C_012 | E12: Contrôle | F12: Pour la retenue PREFON (code '0879'), seuls les deux derniers caractères (positions 57 à 58) de la zone MONTANT doivent être servies. | G12: Guide des règles de gestion du fichier GEST Référence 20.07 | H12: 40725 | J12: SI BG20_MOD_CAL [BG_Occurrence_courante] = 'E' | K12: [Sous-chaine (BG20_MONTANT [BG_Occurrence_courante],1,4)] = Vide ET [Sous-chaine (BG20_MONTANT [BG_Occurrence_courante],5,2)] <>Vide | L12: Bloquant | M12: Références CG règles PAY 20.07
A13: 25.00.00 | B13: M | C13: 46196.488 | D13: G20_C_013 | E13: Contrôle | F13: Pour les avantages en nature (codes '0136','1404','1405','1406','1407), le mode de calcul doit être "H - Indemnité à ne pas payer (avantage en nature)". | G13: Guide des règles de gestion du fichier GEST Référence 20.07 | H13: 40725 | K13: BG20_MOD_CAL [BG_Occurrence_courante] = 'H' | L13: Bloquant | M13: Références CG règles PAY 20.07
A14: 25.00.00 | B14: M | C14: 46196.488 | D14: G20_C_014 | E14: Contrôle | F14: Pour la retenue PREFON (code '0879'), le mode de calcul doit être "E - Calcul PREFON (code classe)". | G14: Guide des règles de gestion du fichier GEST Référence 20.07 | H14: 40725 | K14: BG20_MOD_CAL [BG_Occurrence_courante] = 'E' | L14: Bloquant | M14: Références CG règles PAY 20.07
A15: 25.00.00 | B15: M | C15: 46196.488 | D15: G20_C_015 | E15: Contrôle | F15: Le code sens est obligatoire. | G15: Guide des règles de gestion du fichier GEST Référence 20.10 | H15: 40725 | K15: BG20_COD_SEN [BG_Occurrence_courante] <> Vide | L15: Bloquant | M15: Références CG règles PAY 20.10
A16: 25.00.00 | B16: M | C16: 46196.488 | D16: G20_C_016 | E16: Contrôle | F16: Le code origine est obligatoire. | G16: Guide des règles de gestion du fichier GEST Référence 20.11 | H16: 40725 | K16: BG20_COD_ORI [BG_Occurrence_courante] <> Vide | L16: Bloquant | M16: Références CG règles PAY 20.11
A17: 25.00.00 | B17: M | C17: 46196.488 | D17: G20_C_017 | E17: Contrôle | F17: Seuls les modes de calcul "A - Montant précalculé", "B - Nombre d'unités x montant unitaire", "G - Indemnité à déduire" sont autorisés. | G17: Guide des règles de gestion du fichier GEST Référence 20.07 | H17: 40725 | K17: BG20_MOD_CAL [BG_Occurrence_courante] DANS ('A', 'B', 'G') | L17: Bloquant | M17: Références CG règles PAY 20.07
A18: 25.00.00 | B18: M | C18: 46196.488 | D18: G20_C_019 | E18: Contrôle | F18: Si le mode de calcul est "G - Indemnité à déduire", alors il faut laisser vide la zone nombre d'unités. | G18: Guide des règles de gestion du fichier GEST Référence 20.07 | H18: 40725 | J18: SI BG20_MOD_CAL [BG_Occurrence_courante] = 'G' | K18: BG20_NBR_UNI [BG_Occurrence_courante] = Vide | L18: Bloquant | M18: Références CG règles PAY 20.07
A19: 25.00.00 | B19: M | C19: 46196.488 | D19: G20_C_020 | E19: Contrôle | F19: Si le mode de calcul est "G - Indemnité à déduire", il faut que le montant soit différent de vide. | G19: Guide des règles de gestion du fichier GEST Référence 20.07 | H19: 40725 | J19: SI BG20_MOD_CAL [BG_Occurrence_courante] = 'G' | K19: BG20_MONTANT [BG_Occurrence_courante] <> Vide | L19: Bloquant | M19: Références CG règles PAY 20.07
A20: 25.00.00 | B20: M | C20: 46196.488 | D20: G20_C_021 | E20: Contrôle | F20: Le nombre total de mouvements 20 pour le mois de paie en cours doit être inférieur ou égal à 30. | G20: Guide des règles de gestion du fichier GEST Référence 20.09 | H20: 40725 | K20: [Somme_DAT_PAY (F_NBR_OCC,20)] <= 30 | L20: Bloquant | M20: Références CG règles PAY 20.09
A21: 25.00.00 | B21: M | C21: 46196.488 | D21: G20_C_023 | E21: Contrôle | F21: Si le code "0870 - Cotisation assurance chômage" est utilisé pour une régularisation de cotisation avec un code statutaire servi à "92 - Privé simple, laïc et privé simple, religieux affilié à SS et RC et ASSEDIC", le mouvement de type 20 utilisé ressortira en anomalie non bloquante. | G21: Guide des règles de gestion du fichier GEST Référence 20.06 | H21: 40725 | K21: BG02_SIT_STA [BG_Autre_occurrence] <> '92' | L21: Non Bloquant | M21: Ce contrôle est non bloquant car il s'agit d'une alerte pour le gestionnaire. PAY de rappel de cotisation exceptionnelle. Références CG règles PAY 20.06
A22: 25.00.00 | B22: M | C22: 46196.488 | D22: G20_C_024 | E22: Contrôle | F22: Si le code "0870 - Cotisation assurance chômage" est utilisé pour une régularisation de cotisation le code statutaire doit être servi avec une valeur égale à "92 - Privé simple, laïc et privé simple, religieux affilié à SS et RC et ASSEDIC". | G22: Guide des règles de gestion du fichier GEST Référence 20.06 | H22: 40725 | K22: BG02_SIT_STA [BG_Autre_occurrence] = '92' | L22: Bloquant | M22: Références CG règles PAY 20.06
A23: 25.00.00 | B23: A | C23: 46196.488 | D23: G20_C_025 | E23: Contrôle | F23: L'agent doit être détaché sur contrat. | G23: Guide des règles de gestion du fichier GEST Référence 20.12 | H23: 40725 | K23: A_POS_POSIAD [Dossier] DANS ('DEE04', 'DES04') | L23: Bloquant | M23: Références CG règles PAY 20.12
