Workbook
Name date_DIADC: 'Mode opératoire'!#REF!
Name notice_DIADC: 'Mode opératoire'!#REF!
Name notice_ENCHN: 'Mode opératoire'!$B$1:$B$4
Name notice_ICA: 'Mode opératoire'!#REF!

Sheet Mode opératoire
B1: MODE OPERATOIRE
B2: La transaction s'effectue au niveau de la rubrique "Retraite progressive".

Sheet Axe 1 Enchainement des RG
A1: Version | B1: Type de mise à jour | C1: Date de mise à jour | D1: Identifiant Domaine | E1: Libellé du Domaine | F1: Identifiant Sous-domaine | G1: Libellé du Sous-domaine | H1: Identifiant Evénement | I1: Libellé de l'évènement | J1: Libellé condition déclenchement Evènement | K1: Condition déclenchement Evènement | L1: Identifiant type d'évènement | M1: Libellé type d'évènement | N1: Type de mise à jour | O1: Libellé condition déclenchement Type Evènement | P1: Condition déclenchement Type Evènement | Q1: Libellé Population | R1: Codification Population | S1: Typologie de population | T1: Général / Particulier | U1: Passant / Exclu | V1: Date de début | W1: Date de fin | X1: Règles mobilisées | Y1: Identifiant Règle de contrôle intellectuel 1 | Z1: Libellé Règle de contrôle intellectuel 1 | AA1: Identifiant Règle de contrôle intellectuel 2 | AB1: Libellé Règle de contrôle intellectuel 2 | AC1: Identifiant Règle de contrôle intellectuel 3 | AD1: Libellé Règle de contrôle intellectuel 3 | AE1: Identifiant Règle de contrôle intellectuel 4 | AF1: Libellé Règle de contrôle intellectuel 4 | AG1: Identifiant Règle de contrôle intellectuel 5 | AH1: Libellé Règle de contrôle intellectuel 5 | AI1: Identifiant Règle de contrôle intellectuel 6 | AJ1: Libellé Règle de contrôle intellectuel 6 | AK1: Identifiant Règle de contrôle intellectuel 7 | AL1: Libellé Règle de contrôle intellectuel 7 | AM1: Identifiant Règle de contrôle intellectuel 8 | AN1: Libellé Règle de contrôle intellectuel 8 | AO1: Identifiant Règle de contrôle intellectuel 9 | AP1: Libellé Règle de contrôle intellectuel 9 | AQ1: Identifiant Règle de contrôle intellectuel 10 | AR1: Libellé Règle de contrôle intellectuel 10 | AS1: Identifiant Règle de contrôle intellectuel 11 | AT1: Libellé Règle de contrôle intellectuel 11 | AU1: Identifiant Règle de contrôle intellectuel 12 | AV1: Libellé Règle de contrôle intellectuel 12 | AW1: Identifiant Règle de condition 1 | AX1: Libellé Règle de condition 1 | AY1: Identifiant Règle de condition 2 | AZ1: Libellé Règle de condition 2 | BA1: Identifiant Règle de contrôle 1 | BB1: Libellé Règle de contrôle 1 | BC1: Identifiant Règle de contrôle 2 | BD1: Libellé Règle de contrôle 2 | BE1: Identifiant Règle de contrôle 3 | BF1: Libellé Règle de contrôle 3 | BG1: Identifiant Règle de contrôle 4 | BH1: Libellé Règle de contrôle 4 | BI1: Identifiant Règle de contrôle 5 | BJ1: Libellé Règle de contrôle 5 | BK1: FIME | BL1: Statut de travail
A2: 25.10.00 | B2: M | C2: 45915.456 | D2: D0017 | E2: Retraite progressive | F2: S0182 | G2: Retraite progressive | H2: E0969 | I2: Retraite progressive | J2: La date de début retraite progressive saisie est différente de vide | K2: A_RPR_DDRPRO [Saisi] <> VIDE | L2: T2354 | M2: Retraite progressive - Demande | N2: Création | Q2: Titulaire ou magistrat | R2: P0001 | S2: T | T2: Général | U2: Passant | V2: 45170 | W2: 45900 | X2: RPR_I_004 ET RPR_I_013 ET RPR_I_005 ET RPR_I_011 ET RPR_I_002 ET RPR_I_003 ET RPR_I_001 ET RPR_I_009 ET RPR_I_014 ET RPR_I_015 ET RPR_I_016 ET RPR_I_018 ET RPR_D_001 ET RPR_D_002 ET RPR_C_001 ET RPR_C_002 ET RPR_C_003 | Y2: RPR_I_004 | Z2: =VLOOKUP(Y2,'Axe 2 Règles de gestion'!$D$2:$F$66,3, FALSE) -> L'agent doit avoir atteint l'âge plancher égal à son âge d'ouverture des droits diminué de 2 années, soit 62 ans, à l'issue de la montée en charge de la réforme. | AA2: RPR_I_013 | AB2: =VLOOKUP(AA2,'Axe 2 Règles de gestion'!$D$2:$F$66,3, FALSE) -> La condition d'age s'applique pour l'ensemble des agents sédentaires, actifs ou superactifs. | AC2: RPR_I_005 | AD2: =VLOOKUP(AC2,'Axe 2 Règles de gestion'!$D$2:$F$66,3, FALSE) -> L'agent doit justifier d'une durée d'assurance et de périodes reconnues équivalentes fixée à 150 trimestres auprès d'une ou plusieurs caisses de retraite de base. | AE2: RPR_I_011 | AF2: =VLOOKUP(AE2,'Axe 2 Règles de gestion'!$D$2:$F$66,3, FALSE) -> L'agent ne peut pas exercer d'activité accessoire. | AG2: RPR_I_002 | AH2: =VLOOKUP(AG2,'Axe 2 Règles de gestion'!$D$2:$F$66,3, FALSE) -> L'agent doit bénéficier d'une autorisation de temps partiel. | AI2: RPR_I_003 | AJ2: =VLOOKUP(AI2,'Axe 2 Règles de gestion'!$D$2:$F$66,3, FALSE) -> Les modalités de service à temps partiel éligibles sont : le temps partiel sur autorisation, de droit pour soins à conjoint, enfant, ascendant, de droit à l'occasion d'une naissance ou d'une adoption, de droit au profit des travailleurs handicapés. | AK2: RPR_I_001 | AL2: =VLOOKUP(AK2,'Axe 2 Règles de gestion'!$D$2:$F$66,3, FALSE) -> L'agent effectue sa demande de retraite progressive auprès du service des retraites de l'Etat. | AM2: RPR_I_009 | AN2: =VLOOKUP(AM2,'Axe 2 Règles de gestion'!$D$2:$F$66,3, FALSE) -> La demande contient la date d'effet souhaitée de la retraite progressive qui ne peut pas être antérieure à la date de cette demande. | AO2: RPR_I_014 | AP2: =VLOOKUP(AO2,'Axe 2 Règles de gestion'!$D$2:$F$66,3, FALSE) -> La demande de temps partiel et de retraite progressive doivent être effectuées par l'agent au moins 6 mois avant la date de départ en retraite progressive souhaitée. | AQ2: RPR_I_015 | AR2: =VLOOKUP(AQ2,'Axe 2 Règles de gestion'!$D$2:$F$66,3, FALSE) -> L'administration doit transmettre au moins 4 mois avant la date d'effet souhaitée l'autorisation de travail à temps partiel au service des retraites de l'Etat. | AS2: RPR_I_016 | AT2: =VLOOKUP(AS2,'Axe 2 Règles de gestion'!$D$2:$F$66,3, FALSE) -> Si l'agent bénéficie déjà d'un temps partiel au moment où il fait la demande de retraite progressive, il doit l'indiquer dans sa demande. | AU2: RPR_I_018 | AV2: =VLOOKUP(AU2,'Axe 2 Règles de gestion'!$D$2:$F$66,3, FALSE) -> La retraite progressive est notifiée à l'agent 1 mois avant la date d'effet souhaitée. | AW2: RPR_D_001 | AX2: =VLOOKUP(AW2,'Axe 2 Règles de gestion'!$D$2:$F$66,3, FALSE) -> L'agent doit bénéficier d'une autorisation de temps partiel : temps partiel sur autorisation, de droit pour soins à conjoint, enfant, ascendant, de droit à l'occasion d'une naissance ou d'une adoption, de droit au profit des travailleurs handicapés. | AY2: RPR_D_002 | AZ2: =VLOOKUP(AY2,'Axe 2 Règles de gestion'!$D$2:$F$66,3, FALSE) -> L'agent né à partir du 1er janvier 1968 doit avoir au moins 62 ans à la date de début de la retraite progressive. | BA2: RPR_C_001 | BB2: =VLOOKUP(BA2,'Axe 2 Règles de gestion'!$D$2:$F$66,3, FALSE) -> La date de début de la retraite progressive doit être postérieure ou égale à la date d'entrée dans la FPE ou dans la carrière militaire. | BC2: RPR_C_002 | BD2: =VLOOKUP(BC2,'Axe 2 Règles de gestion'!$D$2:$F$66,3, FALSE) -> La date de début de la retraite progressive doit être antérieure ou égale à la date de fin de la retraite progressive. | BE2: RPR_C_003 | BF2: =VLOOKUP(BE2,'Axe 2 Règles de gestion'!$D$2:$F$66,3, FALSE) -> La date de fin de la retraite progressive doit être antérieure à la date limite de départ à la retraite.
A3: 25.10.00 | B3: A | C3: 45915.461 | D3: D0017 | E3: Retraite progressive | F3: S0182 | G3: Retraite progressive | H3: E0969 | I3: Retraite progressive | J3: La date de début retraite progressive saisie est différente de vide | K3: A_RPR_DDRPRO [Saisi] <> VIDE | L3: T2354 | M3: Retraite progressive - Demande | N3: Création | Q3: Titulaire ou magistrat | R3: P0001 | S3: T | T3: Général | U3: Passant | V3: 45901 | X3: RPR_I_049 ET RPR_I_013 ET RPR_I_005 ET RPR_I_011 ET RPR_I_002 ET RPR_I_003 ET RPR_I_001 ET RPR_I_009 ET RPR_I_014 ET RPR_I_015 ET RPR_I_016 ET RPR_I_018 ET RPR_D_001 ET RPR_D_007 ET RPR_C_001 ET RPR_C_002 ET RPR_C_003 | Y3: RPR_I_049 | Z3: =VLOOKUP(Y3,'Axe 2 Règles de gestion'!$D$2:$F$66,3, FALSE) -> L'agent doit avoir 60 ans au moins à l'ouverture du droit à la retraite progressive. | AA3: RPR_I_013 | AB3: =VLOOKUP(AA3,'Axe 2 Règles de gestion'!$D$2:$F$66,3, FALSE) -> La condition d'age s'applique pour l'ensemble des agents sédentaires, actifs ou superactifs. | AC3: RPR_I_005 | AD3: =VLOOKUP(AC3,'Axe 2 Règles de gestion'!$D$2:$F$66,3, FALSE) -> L'agent doit justifier d'une durée d'assurance et de périodes reconnues équivalentes fixée à 150 trimestres auprès d'une ou plusieurs caisses de retraite de base. | AE3: RPR_I_011 | AF3: =VLOOKUP(AE3,'Axe 2 Règles de gestion'!$D$2:$F$66,3, FALSE) -> L'agent ne peut pas exercer d'activité accessoire. | AG3: RPR_I_002 | AH3: =VLOOKUP(AG3,'Axe 2 Règles de gestion'!$D$2:$F$66,3, FALSE) -> L'agent doit bénéficier d'une autorisation de temps partiel. | AI3: RPR_I_003 | AJ3: =VLOOKUP(AI3,'Axe 2 Règles de gestion'!$D$2:$F$66,3, FALSE) -> Les modalités de service à temps partiel éligibles sont : le temps partiel sur autorisation, de droit pour soins à conjoint, enfant, ascendant, de droit à l'occasion d'une naissance ou d'une adoption, de droit au profit des travailleurs handicapés. | AK3: RPR_I_001 | AL3: =VLOOKUP(AK3,'Axe 2 Règles de gestion'!$D$2:$F$66,3, FALSE) -> L'agent effectue sa demande de retraite progressive auprès du service des retraites de l'Etat. | AM3: RPR_I_009 | AN3: =VLOOKUP(AM3,'Axe 2 Règles de gestion'!$D$2:$F$66,3, FALSE) -> La demande contient la date d'effet souhaitée de la retraite progressive qui ne peut pas être antérieure à la date de cette demande. | AO3: RPR_I_014 | AP3: =VLOOKUP(AO3,'Axe 2 Règles de gestion'!$D$2:$F$66,3, FALSE) -> La demande de temps partiel et de retraite progressive doivent être effectuées par l'agent au moins 6 mois avant la date de départ en retraite progressive souhaitée. | AQ3: RPR_I_015 | AR3: =VLOOKUP(AQ3,'Axe 2 Règles de gestion'!$D$2:$F$66,3, FALSE) -> L'administration doit transmettre au moins 4 mois avant la date d'effet souhaitée l'autorisation de travail à temps partiel au service des retraites de l'Etat. | AS3: RPR_I_016 | AT3: =VLOOKUP(AS3,'Axe 2 Règles de gestion'!$D$2:$F$66,3, FALSE) -> Si l'agent bénéficie déjà d'un temps partiel au moment où il fait la demande de retraite progressive, il doit l'indiquer dans sa demande. | AU3: RPR_I_018 | AV3: =VLOOKUP(AU3,'Axe 2 Règles de gestion'!$D$2:$F$66,3, FALSE) -> La retraite progressive est notifiée à l'agent 1 mois avant la date d'effet souhaitée. | AW3: RPR_D_001 | AX3: =VLOOKUP(AW3,'Axe 2 Règles de gestion'!$D$2:$F$66,3, FALSE) -> L'agent doit bénéficier d'une autorisation de temps partiel : temps partiel sur autorisation, de droit pour soins à conjoint, enfant, ascendant, de droit à l'occasion d'une naissance ou d'une adoption, de droit au profit des travailleurs handicapés. | AY3: RPR_D_007 | AZ3: =VLOOKUP(AY3,'Axe 2 Règles de gestion'!$D$2:$F$66,3, FALSE) -> L'âge d'ouverture du droit à la retraite progressive est égal à 60 ans. | BA3: RPR_C_001 | BB3: =VLOOKUP(BA3,'Axe 2 Règles de gestion'!$D$2:$F$66,3, FALSE) -> La date de début de la retraite progressive doit être postérieure ou égale à la date d'entrée dans la FPE ou dans la carrière militaire. | BC3: RPR_C_002 | BD3: =VLOOKUP(BC3,'Axe 2 Règles de gestion'!$D$2:$F$66,3, FALSE) -> La date de début de la retraite progressive doit être antérieure ou égale à la date de fin de la retraite progressive. | BE3: RPR_C_003 | BF3: =VLOOKUP(BE3,'Axe 2 Règles de gestion'!$D$2:$F$66,3, FALSE) -> La date de fin de la retraite progressive doit être antérieure à la date limite de départ à la retraite.
A4: 24.10.00 | B4: A | C4: 45622.508 | D4: D0017 | E4: Retraite progressive | F4: S0182 | G4: Retraite progressive | H4: E0969 | I4: Retraite progressive | J4: La date de début retraite progressive saisie est différente de vide | K4: A_RPR_DDRPRO [Saisi] <> VIDE | L4: T2355 | M4: Retraite progressive - Modification / Fin | N4: Modification | Q4: Titulaire ou magistrat | R4: P0001 | S4: T | T4: Général | U4: Passant | V4: 45170 | X4: RPR_I_012 ET RPR_I_008 ET RPR_I_020 ET RPR_I_007 ET RPR_I_017 ET RPR_I_044 ET RPR_D_001 ET RPR_C_002 ET RPR_C_003 | Y4: RPR_I_012 | Z4: =VLOOKUP(Y4,'Axe 2 Règles de gestion'!$D$2:$F$66,3, FALSE) -> L'administration doit informer sans délai le service des retraites de l'Etat de toutes modifications (retour à temps plein, suspension, modification de la quotité de travail...) relatives à la retraite progressive. | AA4: RPR_I_008 | AB4: =VLOOKUP(AA4,'Axe 2 Règles de gestion'!$D$2:$F$66,3, FALSE) -> Dans certains cas, la retraite progressive peut être suspendue (période de formation au cours de laquelle l'agent exerce à temps plein). | AC4: RPR_I_020 | AD4: =VLOOKUP(AC4,'Axe 2 Règles de gestion'!$D$2:$F$66,3, FALSE) -> La suspension prend effet le 1er jour du mois suivant celui au cours duquel les conditions cessent d'être réunies ou le 1er jour du mois quand la suspension prend effet ce même jour. | AE4: RPR_I_007 | AF4: =VLOOKUP(AE4,'Axe 2 Règles de gestion'!$D$2:$F$66,3, FALSE) -> Si l'agent reprend une activité professionnelle à temps plein alors la retraite progressive cesse définitivement le 1er jour du mois suivant. | AG4: RPR_I_017 | AH4: =VLOOKUP(AG4,'Axe 2 Règles de gestion'!$D$2:$F$66,3, FALSE) -> Toutefois, si cette reprise intervient le 1er jour du mois, alors la cessation de la retraite progressive prend effet ce même jour. | AI4: RPR_I_044 | AJ4: =VLOOKUP(AI4,'Axe 2 Règles de gestion'!$D$2:$F$66,3, FALSE) -> Si l'agent demande sa retraite à taux plein, alors la retraite progressive cesse définitivement à compter de la date d'effet de la pension complète. | AW4: RPR_D_001 | AX4: =VLOOKUP(AW4,'Axe 2 Règles de gestion'!$D$2:$F$66,3, FALSE) -> L'agent doit bénéficier d'une autorisation de temps partiel : temps partiel sur autorisation, de droit pour soins à conjoint, enfant, ascendant, de droit à l'occasion d'une naissance ou d'une adoption, de droit au profit des travailleurs handicapés. | BA4: RPR_C_002 | BB4: =VLOOKUP(BA4,'Axe 2 Règles de gestion'!$D$2:$F$66,3, FALSE) -> La date de début de la retraite progressive doit être antérieure ou égale à la date de fin de la retraite progressive. | BC4: RPR_C_003 | BD4: =VLOOKUP(BC4,'Axe 2 Règles de gestion'!$D$2:$F$66,3, FALSE) -> La date de fin de la retraite progressive doit être antérieure à la date limite de départ à la retraite.
A5: 24.10.00 | B5: A | C5: 45622.508 | D5: D0017 | E5: Retraite progressive | F5: S0182 | G5: Retraite progressive | H5: E0969 | I5: Retraite progressive | J5: La date de début retraite progressive saisie est différente de vide | K5: A_RPR_DDRPRO [Saisi] <> VIDE | L5: T2354 | M5: Retraite progressive - Demande | N5: Création | Q5: Militaire | R5: P0002 | S5: M | T5: Général | U5: Exclu | V5: 45170
A6: 24.10.00 | B6: A | C6: 45622.508 | D6: D0017 | E6: Retraite progressive | F6: S0182 | G6: Retraite progressive | H6: E0969 | I6: Retraite progressive | J6: La date de début retraite progressive saisie est différente de vide | K6: A_RPR_DDRPRO [Saisi] <> VIDE | L6: T2355 | M6: Retraite progressive - Modification / Fin | N6: Modification | Q6: Militaire | R6: P0002 | S6: M | T6: Général | U6: Exclu | V6: 45170
A7: 25.00.00 | B7: M | C7: 45779.49 | D7: D0017 | E7: Retraite progressive | F7: S0182 | G7: Retraite progressive | H7: E0969 | I7: Retraite progressive | J7: La date de début retraite progressive saisie est différente de vide | K7: A_RPR_DDRPRO [Saisi] <> VIDE | L7: T2354 | M7: Retraite progressive - Demande | N7: Création | Q7: Contractuel | R7: P0003 | S7: N | T7: Général | U7: Passant | V7: 45170 | W7: 45709 | X7: RPR_I_034 ET RPR_I_035 ET RPR_I_036 ET RPR_I_042 ET RPR_I_037 ET RPR_D_006 ET RPR_D_005 ET RPR_C_001 ET RPR_C_004 ET RPR_C_002 ET RPR_C_003 ET RPR_C_005 | Y7: RPR_I_034 | Z7: =VLOOKUP(Y7,'Axe 2 Règles de gestion'!$D$2:$F$66,3, FALSE) -> L'agent doit avoir atteint l'âge plancher égal à son âge d'ouverture des droits diminué de 2 années, soit 62 ans, à l'issue de la montée en charge de la réforme. | AA7: RPR_I_035 | AB7: =VLOOKUP(AA7,'Axe 2 Règles de gestion'!$D$2:$F$66,3, FALSE) -> L'agent doit justifier d'une durée d'assurance et de périodes reconnues équivalentes fixée à 150 trimestres auprès d'une ou plusieurs caisses de retraite de base. | AC7: RPR_I_036 | AD7: =VLOOKUP(AC7,'Axe 2 Règles de gestion'!$D$2:$F$66,3, FALSE) -> L'agent doit effectuer une demande. | AE7: RPR_I_042 | AF7: =VLOOKUP(AE7,'Axe 2 Règles de gestion'!$D$2:$F$66,3, FALSE) -> Elle est accompagnée du contrat de travail, d'une déclaration sur l'honneur attestant qu'il n'exerce pas d'autre activité, d'une attestation de l'employeur indiquant la durée du travail à temps complet applicable et des 12 derniers bulletin de paie. | AG7: RPR_I_037 | AH7: =VLOOKUP(AG7,'Axe 2 Règles de gestion'!$D$2:$F$66,3, FALSE) -> L'agent doit adresser sa demande de retraite progressive à l'organisme, l'établissement ou le service gérant l'un des régimes auxquels il est affilié à la date de sa demande. | AW7: RPR_D_006 | AX7: =VLOOKUP(AW7,'Axe 2 Règles de gestion'!$D$2:$F$66,3, FALSE) -> L'agent doit être à temps partiel. | AY7: RPR_D_005 | AZ7: =VLOOKUP(AY7,'Axe 2 Règles de gestion'!$D$2:$F$66,3, FALSE) -> L'agent né à partir du 1er janvier 1968 doit avoir au moins 62 ans à la date de début de la retraite progressive. | BA7: RPR_C_001 | BB7: =VLOOKUP(BA7,'Axe 2 Règles de gestion'!$D$2:$F$66,3, FALSE) -> La date de début de la retraite progressive doit être postérieure ou égale à la date d'entrée dans la FPE ou dans la carrière militaire. | BC7: RPR_C_004 | BD7: =VLOOKUP(BC7,'Axe 2 Règles de gestion'!$D$2:$F$66,3, FALSE) -> La date de début de la retraite progressive doit être postérieure ou égale à la date de début du lien juridique. | BE7: RPR_C_002 | BF7: =VLOOKUP(BE7,'Axe 2 Règles de gestion'!$D$2:$F$66,3, FALSE) -> La date de début de la retraite progressive doit être antérieure ou égale à la date de fin de la retraite progressive. | BG7: RPR_C_003 | BH7: =VLOOKUP(BG7,'Axe 2 Règles de gestion'!$D$2:$F$66,3, FALSE) -> La date de fin de la retraite progressive doit être antérieure à la date limite de départ à la retraite. | BI7: RPR_C_005 | BJ7: =VLOOKUP(BI7,'Axe 2 Règles de gestion'!$D$2:$F$66,3, FALSE) -> La date de fin de la retraite progressive doit être antérieure ou égale à la date de fin du lien juridique.
A8: 25.10.00 | B8: M | C8: 45915.46 | D8: D0017 | E8: Retraite progressive | F8: S0182 | G8: Retraite progressive | H8: E0969 | I8: Retraite progressive | J8: La date de début retraite progressive saisie est différente de vide | K8: A_RPR_DDRPRO [Saisi] <> VIDE | L8: T2354 | M8: Retraite progressive - Demande | N8: Création | Q8: Contractuel | R8: P0003 | S8: N | T8: Général | U8: Passant | V8: 45710 | W8: 45900 | X8: RPR_I_034 ET RPR_I_035 ET RPR_I_036 ET RPR_I_042 ET RPR_I_048 ET RPR_I_045 ET RPR_D_006 ET RPR_D_005 ET RPR_C_001 ET RPR_C_004 ET RPR_C_002 ET RPR_C_003 ET RPR_C_005 | Y8: RPR_I_034 | Z8: =VLOOKUP(Y8,'Axe 2 Règles de gestion'!$D$2:$F$66,3, FALSE) -> L'agent doit avoir atteint l'âge plancher égal à son âge d'ouverture des droits diminué de 2 années, soit 62 ans, à l'issue de la montée en charge de la réforme. | AA8: RPR_I_035 | AB8: =VLOOKUP(AA8,'Axe 2 Règles de gestion'!$D$2:$F$66,3, FALSE) -> L'agent doit justifier d'une durée d'assurance et de périodes reconnues équivalentes fixée à 150 trimestres auprès d'une ou plusieurs caisses de retraite de base. | AC8: RPR_I_036 | AD8: =VLOOKUP(AC8,'Axe 2 Règles de gestion'!$D$2:$F$66,3, FALSE) -> L'agent doit effectuer une demande. | AE8: RPR_I_042 | AF8: =VLOOKUP(AE8,'Axe 2 Règles de gestion'!$D$2:$F$66,3, FALSE) -> Elle est accompagnée du contrat de travail, d'une déclaration sur l'honneur attestant qu'il n'exerce pas d'autre activité, d'une attestation de l'employeur indiquant la durée du travail à temps complet applicable et des 12 derniers bulletin de paie. | AG8: RPR_I_048 | AH8: =VLOOKUP(AG8,'Axe 2 Règles de gestion'!$D$2:$F$66,3, FALSE) -> L'agent doit adresser sa demande de retraite progressive au moyen d'un formulaire commun à l'organisme, l'établissement ou le service gérant l'un des régimes auxquels il est affilié à la date de sa demande. | AI8: RPR_I_045 | AJ8: =VLOOKUP(AI8,'Axe 2 Règles de gestion'!$D$2:$F$66,3, FALSE) -> L'agent reçoit un récépissé de sa demande et des pièces qui l'accompagnent. | AW8: RPR_D_006 | AX8: =VLOOKUP(AW8,'Axe 2 Règles de gestion'!$D$2:$F$66,3, FALSE) -> L'agent doit être à temps partiel. | AY8: RPR_D_005 | AZ8: =VLOOKUP(AY8,'Axe 2 Règles de gestion'!$D$2:$F$66,3, FALSE) -> L'agent né à partir du 1er janvier 1968 doit avoir au moins 62 ans à la date de début de la retraite progressive. | BA8: RPR_C_001 | BB8: =VLOOKUP(BA8,'Axe 2 Règles de gestion'!$D$2:$F$66,3, FALSE) -> La date de début de la retraite progressive doit être postérieure ou égale à la date d'entrée dans la FPE ou dans la carrière militaire. | BC8: RPR_C_004 | BD8: =VLOOKUP(BC8,'Axe 2 Règles de gestion'!$D$2:$F$66,3, FALSE) -> La date de début de la retraite progressive doit être postérieure ou égale à la date de début du lien juridique. | BE8: RPR_C_002 | BF8: =VLOOKUP(BE8,'Axe 2 Règles de gestion'!$D$2:$F$66,3, FALSE) -> La date de début de la retraite progressive doit être antérieure ou égale à la date de fin de la retraite progressive. | BG8: RPR_C_003 | BH8: =VLOOKUP(BG8,'Axe 2 Règles de gestion'!$D$2:$F$66,3, FALSE) -> La date de fin de la retraite progressive doit être antérieure à la date limite de départ à la retraite. | BI8: RPR_C_005 | BJ8: =VLOOKUP(BI8,'Axe 2 Règles de gestion'!$D$2:$F$66,3, FALSE) -> La date de fin de la retraite progressive doit être antérieure ou égale à la date de fin du lien juridique.
A9: 25.10.00 | B9: A | C9: 45915.46 | D9: D0017 | E9: Retraite progressive | F9: S0182 | G9: Retraite progressive | H9: E0969 | I9: Retraite progressive | J9: La date de début retraite progressive saisie est différente de vide | K9: A_RPR_DDRPRO [Saisi] <> VIDE | L9: T2354 | M9: Retraite progressive - Demande | N9: Création | Q9: Contractuel | R9: P0003 | S9: N | T9: Général | U9: Passant | V9: 45901 | X9: RPR_I_050 ET RPR_I_035 ET RPR_I_036 ET RPR_I_042 ET RPR_I_048 ET RPR_I_045 ET RPR_D_006 ET RPR_D_008 ET RPR_C_001 ET RPR_C_004 ET RPR_C_002 ET RPR_C_003 ET RPR_C_005 | Y9: RPR_I_050 | Z9: =VLOOKUP(Y9,'Axe 2 Règles de gestion'!$D$2:$F$66,3, FALSE) -> L'agent doit avoir 60 ans au moins à l'ouverture du droit à la retraite progressive. | AA9: RPR_I_035 | AB9: =VLOOKUP(AA9,'Axe 2 Règles de gestion'!$D$2:$F$66,3, FALSE) -> L'agent doit justifier d'une durée d'assurance et de périodes reconnues équivalentes fixée à 150 trimestres auprès d'une ou plusieurs caisses de retraite de base. | AC9: RPR_I_036 | AD9: =VLOOKUP(AC9,'Axe 2 Règles de gestion'!$D$2:$F$66,3, FALSE) -> L'agent doit effectuer une demande. | AE9: RPR_I_042 | AF9: =VLOOKUP(AE9,'Axe 2 Règles de gestion'!$D$2:$F$66,3, FALSE) -> Elle est accompagnée du contrat de travail, d'une déclaration sur l'honneur attestant qu'il n'exerce pas d'autre activité, d'une attestation de l'employeur indiquant la durée du travail à temps complet applicable et des 12 derniers bulletin de paie. | AG9: RPR_I_048 | AH9: =VLOOKUP(AG9,'Axe 2 Règles de gestion'!$D$2:$F$66,3, FALSE) -> L'agent doit adresser sa demande de retraite progressive au moyen d'un formulaire commun à l'organisme, l'établissement ou le service gérant l'un des régimes auxquels il est affilié à la date de sa demande. | AI9: RPR_I_045 | AJ9: =VLOOKUP(AI9,'Axe 2 Règles de gestion'!$D$2:$F$66,3, FALSE) -> L'agent reçoit un récépissé de sa demande et des pièces qui l'accompagnent. | AW9: RPR_D_006 | AX9: =VLOOKUP(AW9,'Axe 2 Règles de gestion'!$D$2:$F$66,3, FALSE) -> L'agent doit être à temps partiel. | AY9: RPR_D_008 | AZ9: =VLOOKUP(AY9,'Axe 2 Règles de gestion'!$D$2:$F$66,3, FALSE) -> L'âge d'ouverture du droit à la retraite progressive est égal à 60 ans. | BA9: RPR_C_001 | BB9: =VLOOKUP(BA9,'Axe 2 Règles de gestion'!$D$2:$F$66,3, FALSE) -> La date de début de la retraite progressive doit être postérieure ou égale à la date d'entrée dans la FPE ou dans la carrière militaire. | BC9: RPR_C_004 | BD9: =VLOOKUP(BC9,'Axe 2 Règles de gestion'!$D$2:$F$66,3, FALSE) -> La date de début de la retraite progressive doit être postérieure ou égale à la date de début du lien juridique. | BE9: RPR_C_002 | BF9: =VLOOKUP(BE9,'Axe 2 Règles de gestion'!$D$2:$F$66,3, FALSE) -> La date de début de la retraite progressive doit être antérieure ou égale à la date de fin de la retraite progressive. | BG9: RPR_C_003 | BH9: =VLOOKUP(BG9,'Axe 2 Règles de gestion'!$D$2:$F$66,3, FALSE) -> La date de fin de la retraite progressive doit être antérieure à la date limite de départ à la retraite. | BI9: RPR_C_005 | BJ9: =VLOOKUP(BI9,'Axe 2 Règles de gestion'!$D$2:$F$66,3, FALSE) -> La date de fin de la retraite progressive doit être antérieure ou égale à la date de fin du lien juridique.
A10: 24.10.00 | B10: A | C10: 45623.564 | D10: D0017 | E10: Retraite progressive | F10: S0182 | G10: Retraite progressive | H10: E0969 | I10: Retraite progressive | J10: La date de début retraite progressive saisie est différente de vide | K10: A_RPR_DDRPRO [Saisi] <> VIDE | L10: T2355 | M10: Retraite progressive - Modification / Fin | N10: Modification | Q10: Contractuel | R10: P0003 | S10: N | T10: Général | U10: Passant | V10: 45170 | X10: RPR_I_038 ET RPR_I_040 ET RPR_I_041 ET RPR_I_039 ET RPR_I_043 ET RPR_D_006 ET RPR_C_002 ET RPR_C_003 ET RPR_C_005 | Y10: RPR_I_038 | Z10: =VLOOKUP(Y10,'Axe 2 Règles de gestion'!$D$2:$F$66,3, FALSE) -> L'agent informe sa caisse de retraite de toutes modifications impactant sa retraite progressive. | AA10: RPR_I_040 | AB10: =VLOOKUP(AA10,'Axe 2 Règles de gestion'!$D$2:$F$66,3, FALSE) -> Dans certains cas, la retraite progressive peut être suspendue. | AC10: RPR_I_041 | AD10: =VLOOKUP(AC10,'Axe 2 Règles de gestion'!$D$2:$F$66,3, FALSE) -> La suspension prend effet le 1er jour du mois suivant celui au cours duquel les conditions cessent d'être réunies. | AE10: RPR_I_039 | AF10: =VLOOKUP(AE10,'Axe 2 Règles de gestion'!$D$2:$F$66,3, FALSE) -> Si l'agent reprend une activité professionnelle à temps plein alors la retraite progressive cesse définitivement le 1er jour du mois suivant. | AG10: RPR_I_043 | AH10: =VLOOKUP(AG10,'Axe 2 Règles de gestion'!$D$2:$F$66,3, FALSE) -> Si l'agent demande sa retraite à taux plein, alors la retraite progressive cesse définitivement. | AW10: RPR_D_006 | AX10: =VLOOKUP(AW10,'Axe 2 Règles de gestion'!$D$2:$F$66,3, FALSE) -> L'agent doit être à temps partiel. | BA10: RPR_C_002 | BB10: =VLOOKUP(BA10,'Axe 2 Règles de gestion'!$D$2:$F$66,3, FALSE) -> La date de début de la retraite progressive doit être antérieure ou égale à la date de fin de la retraite progressive. | BC10: RPR_C_003 | BD10: =VLOOKUP(BC10,'Axe 2 Règles de gestion'!$D$2:$F$66,3, FALSE) -> La date de fin de la retraite progressive doit être antérieure à la date limite de départ à la retraite. | BE10: RPR_C_005 | BF10: =VLOOKUP(BE10,'Axe 2 Règles de gestion'!$D$2:$F$66,3, FALSE) -> La date de fin de la retraite progressive doit être antérieure ou égale à la date de fin du lien juridique.
A11: 25.10.00 | B11: M | C11: 45915.457 | D11: D0017 | E11: Retraite progressive | F11: S0182 | G11: Retraite progressive | H11: E0969 | I11: Retraite progressive | J11: La date de début retraite progressive saisie est différente de vide | K11: A_RPR_DDRPRO [Saisi] <> VIDE | L11: T2354 | M11: Retraite progressive - Demande | N11: Création | Q11: Stagiaire ou auditeur ou élève | R11: P0004 | S11: S | T11: Général | U11: Passant | V11: 45170 | W11: 45900 | X11: RPR_I_004 ET RPR_I_013 ET RPR_I_005 ET RPR_I_011 ET RPR_I_002 ET RPR_I_003 ET RPR_I_001 ET RPR_I_009 ET RPR_I_014 ET RPR_I_015 ET RPR_I_016 ET RPR_I_018 ET RPR_D_001 ET RPR_D_002 ET RPR_C_001 ET RPR_C_002 ET RPR_C_003 | Y11: RPR_I_004 | Z11: =VLOOKUP(Y11,'Axe 2 Règles de gestion'!$D$2:$F$66,3, FALSE) -> L'agent doit avoir atteint l'âge plancher égal à son âge d'ouverture des droits diminué de 2 années, soit 62 ans, à l'issue de la montée en charge de la réforme. | AA11: RPR_I_013 | AB11: =VLOOKUP(AA11,'Axe 2 Règles de gestion'!$D$2:$F$66,3, FALSE) -> La condition d'age s'applique pour l'ensemble des agents sédentaires, actifs ou superactifs. | AC11: RPR_I_005 | AD11: =VLOOKUP(AC11,'Axe 2 Règles de gestion'!$D$2:$F$66,3, FALSE) -> L'agent doit justifier d'une durée d'assurance et de périodes reconnues équivalentes fixée à 150 trimestres auprès d'une ou plusieurs caisses de retraite de base. | AE11: RPR_I_011 | AF11: =VLOOKUP(AE11,'Axe 2 Règles de gestion'!$D$2:$F$66,3, FALSE) -> L'agent ne peut pas exercer d'activité accessoire. | AG11: RPR_I_002 | AH11: =VLOOKUP(AG11,'Axe 2 Règles de gestion'!$D$2:$F$66,3, FALSE) -> L'agent doit bénéficier d'une autorisation de temps partiel. | AI11: RPR_I_003 | AJ11: =VLOOKUP(AI11,'Axe 2 Règles de gestion'!$D$2:$F$66,3, FALSE) -> Les modalités de service à temps partiel éligibles sont : le temps partiel sur autorisation, de droit pour soins à conjoint, enfant, ascendant, de droit à l'occasion d'une naissance ou d'une adoption, de droit au profit des travailleurs handicapés. | AK11: RPR_I_001 | AL11: =VLOOKUP(AK11,'Axe 2 Règles de gestion'!$D$2:$F$66,3, FALSE) -> L'agent effectue sa demande de retraite progressive auprès du service des retraites de l'Etat. | AM11: RPR_I_009 | AN11: =VLOOKUP(AM11,'Axe 2 Règles de gestion'!$D$2:$F$66,3, FALSE) -> La demande contient la date d'effet souhaitée de la retraite progressive qui ne peut pas être antérieure à la date de cette demande. | AO11: RPR_I_014 | AP11: =VLOOKUP(AO11,'Axe 2 Règles de gestion'!$D$2:$F$66,3, FALSE) -> La demande de temps partiel et de retraite progressive doivent être effectuées par l'agent au moins 6 mois avant la date de départ en retraite progressive souhaitée. | AQ11: RPR_I_015 | AR11: =VLOOKUP(AQ11,'Axe 2 Règles de gestion'!$D$2:$F$66,3, FALSE) -> L'administration doit transmettre au moins 4 mois avant la date d'effet souhaitée l'autorisation de travail à temps partiel au service des retraites de l'Etat. | AS11: RPR_I_016 | AT11: =VLOOKUP(AS11,'Axe 2 Règles de gestion'!$D$2:$F$66,3, FALSE) -> Si l'agent bénéficie déjà d'un temps partiel au moment où il fait la demande de retraite progressive, il doit l'indiquer dans sa demande. | AU11: RPR_I_018 | AV11: =VLOOKUP(AU11,'Axe 2 Règles de gestion'!$D$2:$F$66,3, FALSE) -> La retraite progressive est notifiée à l'agent 1 mois avant la date d'effet souhaitée. | AW11: RPR_D_001 | AX11: =VLOOKUP(AW11,'Axe 2 Règles de gestion'!$D$2:$F$66,3, FALSE) -> L'agent doit bénéficier d'une autorisation de temps partiel : temps partiel sur autorisation, de droit pour soins à conjoint, enfant, ascendant, de droit à l'occasion d'une naissance ou d'une adoption, de droit au profit des travailleurs handicapés. | AY11: RPR_D_002 | AZ11: =VLOOKUP(AY11,'Axe 2 Règles de gestion'!$D$2:$F$66,3, FALSE) -> L'agent né à partir du 1er janvier 1968 doit avoir au moins 62 ans à la date de début de la retraite progressive. | BA11: RPR_C_001 | BB11: =VLOOKUP(BA11,'Axe 2 Règles de gestion'!$D$2:$F$66,3, FALSE) -> La date de début de la retraite progressive doit être postérieure ou égale à la date d'entrée dans la FPE ou dans la carrière militaire. | BC11: RPR_C_002 | BD11: =VLOOKUP(BC11,'Axe 2 Règles de gestion'!$D$2:$F$66,3, FALSE) -> La date de début de la retraite progressive doit être antérieure ou égale à la date de fin de la retraite progressive. | BE11: RPR_C_003 | BF11: =VLOOKUP(BE11,'Axe 2 Règles de gestion'!$D$2:$F$66,3, FALSE) -> La date de fin de la retraite progressive doit être antérieure à la date limite de départ à la retraite.
A12: 25.10.00 | B12: A | C12: 45915.461 | D12: D0017 | E12: Retraite progressive | F12: S0182 | G12: Retraite progressive | H12: E0969 | I12: Retraite progressive | J12: La date de début retraite progressive saisie est différente de vide | K12: A_RPR_DDRPRO [Saisi] <> VIDE | L12: T2354 | M12: Retraite progressive - Demande | N12: Création | Q12: Stagiaire ou auditeur ou élève | R12: P0004 | S12: S | T12: Général | U12: Passant | V12: 45901 | X12: RPR_I_049 ET RPR_I_013 ET RPR_I_005 ET RPR_I_011 ET RPR_I_002 ET RPR_I_003 ET RPR_I_001 ET RPR_I_009 ET RPR_I_014 ET RPR_I_015 ET RPR_I_016 ET RPR_I_018 ET RPR_D_001 ET RPR_D_007 ET RPR_C_001 ET RPR_C_002 ET RPR_C_003 | Y12: RPR_I_049 | Z12: =VLOOKUP(Y12,'Axe 2 Règles de gestion'!$D$2:$F$66,3, FALSE) -> L'agent doit avoir 60 ans au moins à l'ouverture du droit à la retraite progressive. | AA12: RPR_I_013 | AB12: =VLOOKUP(AA12,'Axe 2 Règles de gestion'!$D$2:$F$66,3, FALSE) -> La condition d'age s'applique pour l'ensemble des agents sédentaires, actifs ou superactifs. | AC12: RPR_I_005 | AD12: =VLOOKUP(AC12,'Axe 2 Règles de gestion'!$D$2:$F$66,3, FALSE) -> L'agent doit justifier d'une durée d'assurance et de périodes reconnues équivalentes fixée à 150 trimestres auprès d'une ou plusieurs caisses de retraite de base. | AE12: RPR_I_011 | AF12: =VLOOKUP(AE12,'Axe 2 Règles de gestion'!$D$2:$F$66,3, FALSE) -> L'agent ne peut pas exercer d'activité accessoire. | AG12: RPR_I_002 | AH12: =VLOOKUP(AG12,'Axe 2 Règles de gestion'!$D$2:$F$66,3, FALSE) -> L'agent doit bénéficier d'une autorisation de temps partiel. | AI12: RPR_I_003 | AJ12: =VLOOKUP(AI12,'Axe 2 Règles de gestion'!$D$2:$F$66,3, FALSE) -> Les modalités de service à temps partiel éligibles sont : le temps partiel sur autorisation, de droit pour soins à conjoint, enfant, ascendant, de droit à l'occasion d'une naissance ou d'une adoption, de droit au profit des travailleurs handicapés. | AK12: RPR_I_001 | AL12: =VLOOKUP(AK12,'Axe 2 Règles de gestion'!$D$2:$F$66,3, FALSE) -> L'agent effectue sa demande de retraite progressive auprès du service des retraites de l'Etat. | AM12: RPR_I_009 | AN12: =VLOOKUP(AM12,'Axe 2 Règles de gestion'!$D$2:$F$66,3, FALSE) -> La demande contient la date d'effet souhaitée de la retraite progressive qui ne peut pas être antérieure à la date de cette demande. | AO12: RPR_I_014 | AP12: =VLOOKUP(AO12,'Axe 2 Règles de gestion'!$D$2:$F$66,3, FALSE) -> La demande de temps partiel et de retraite progressive doivent être effectuées par l'agent au moins 6 mois avant la date de départ en retraite progressive souhaitée. | AQ12: RPR_I_015 | AR12: =VLOOKUP(AQ12,'Axe 2 Règles de gestion'!$D$2:$F$66,3, FALSE) -> L'administration doit transmettre au moins 4 mois avant la date d'effet souhaitée l'autorisation de travail à temps partiel au service des retraites de l'Etat. | AS12: RPR_I_016 | AT12: =VLOOKUP(AS12,'Axe 2 Règles de gestion'!$D$2:$F$66,3, FALSE) -> Si l'agent bénéficie déjà d'un temps partiel au moment où il fait la demande de retraite progressive, il doit l'indiquer dans sa demande. | AU12: RPR_I_018 | AV12: =VLOOKUP(AU12,'Axe 2 Règles de gestion'!$D$2:$F$66,3, FALSE) -> La retraite progressive est notifiée à l'agent 1 mois avant la date d'effet souhaitée. | AW12: RPR_D_001 | AX12: =VLOOKUP(AW12,'Axe 2 Règles de gestion'!$D$2:$F$66,3, FALSE) -> L'agent doit bénéficier d'une autorisation de temps partiel : temps partiel sur autorisation, de droit pour soins à conjoint, enfant, ascendant, de droit à l'occasion d'une naissance ou d'une adoption, de droit au profit des travailleurs handicapés. | AY12: RPR_D_007 | AZ12: =VLOOKUP(AY12,'Axe 2 Règles de gestion'!$D$2:$F$66,3, FALSE) -> L'âge d'ouverture du droit à la retraite progressive est égal à 60 ans. | BA12: RPR_C_001 | BB12: =VLOOKUP(BA12,'Axe 2 Règles de gestion'!$D$2:$F$66,3, FALSE) -> La date de début de la retraite progressive doit être postérieure ou égale à la date d'entrée dans la FPE ou dans la carrière militaire. | BC12: RPR_C_002 | BD12: =VLOOKUP(BC12,'Axe 2 Règles de gestion'!$D$2:$F$66,3, FALSE) -> La date de début de la retraite progressive doit être antérieure ou égale à la date de fin de la retraite progressive. | BE12: RPR_C_003 | BF12: =VLOOKUP(BE12,'Axe 2 Règles de gestion'!$D$2:$F$66,3, FALSE) -> La date de fin de la retraite progressive doit être antérieure à la date limite de départ à la retraite.
A13: 24.10.00 | B13: A | C13: 45623.565 | D13: D0017 | E13: Retraite progressive | F13: S0182 | G13: Retraite progressive | H13: E0969 | I13: Retraite progressive | J13: La date de début retraite progressive saisie est différente de vide | K13: A_RPR_DDRPRO [Saisi] <> VIDE | L13: T2355 | M13: Retraite progressive - Modification / Fin | N13: Modification | Q13: Stagiaire ou auditeur ou élève | R13: P0004 | S13: S | T13: Général | U13: Passant | V13: 45170 | X13: RPR_I_012 ET RPR_I_008 ET RPR_I_020 ET RPR_I_007 ET RPR_I_017 ET RPR_I_044 ET RPR_D_001 ET RPR_C_002 ET RPR_C_003 | Y13: RPR_I_012 | Z13: =VLOOKUP(Y13,'Axe 2 Règles de gestion'!$D$2:$F$66,3, FALSE) -> L'administration doit informer sans délai le service des retraites de l'Etat de toutes modifications (retour à temps plein, suspension, modification de la quotité de travail...) relatives à la retraite progressive. | AA13: RPR_I_008 | AB13: =VLOOKUP(AA13,'Axe 2 Règles de gestion'!$D$2:$F$66,3, FALSE) -> Dans certains cas, la retraite progressive peut être suspendue (période de formation au cours de laquelle l'agent exerce à temps plein). | AC13: RPR_I_020 | AD13: =VLOOKUP(AC13,'Axe 2 Règles de gestion'!$D$2:$F$66,3, FALSE) -> La suspension prend effet le 1er jour du mois suivant celui au cours duquel les conditions cessent d'être réunies ou le 1er jour du mois quand la suspension prend effet ce même jour. | AE13: RPR_I_007 | AF13: =VLOOKUP(AE13,'Axe 2 Règles de gestion'!$D$2:$F$66,3, FALSE) -> Si l'agent reprend une activité professionnelle à temps plein alors la retraite progressive cesse définitivement le 1er jour du mois suivant. | AG13: RPR_I_017 | AH13: =VLOOKUP(AG13,'Axe 2 Règles de gestion'!$D$2:$F$66,3, FALSE) -> Toutefois, si cette reprise intervient le 1er jour du mois, alors la cessation de la retraite progressive prend effet ce même jour. | AI13: RPR_I_044 | AJ13: =VLOOKUP(AI13,'Axe 2 Règles de gestion'!$D$2:$F$66,3, FALSE) -> Si l'agent demande sa retraite à taux plein, alors la retraite progressive cesse définitivement à compter de la date d'effet de la pension complète. | AW13: RPR_D_001 | AX13: =VLOOKUP(AW13,'Axe 2 Règles de gestion'!$D$2:$F$66,3, FALSE) -> L'agent doit bénéficier d'une autorisation de temps partiel : temps partiel sur autorisation, de droit pour soins à conjoint, enfant, ascendant, de droit à l'occasion d'une naissance ou d'une adoption, de droit au profit des travailleurs handicapés. | BA13: RPR_C_002 | BB13: =VLOOKUP(BA13,'Axe 2 Règles de gestion'!$D$2:$F$66,3, FALSE) -> La date de début de la retraite progressive doit être antérieure ou égale à la date de fin de la retraite progressive. | BC13: RPR_C_003 | BD13: =VLOOKUP(BC13,'Axe 2 Règles de gestion'!$D$2:$F$66,3, FALSE) -> La date de fin de la retraite progressive doit être antérieure à la date limite de départ à la retraite.
A14: 25.00.00 | B14: M | C14: 45779.494 | D14: D0017 | E14: Retraite progressive | F14: S0182 | G14: Retraite progressive | H14: E0969 | I14: Retraite progressive | J14: La date de début retraite progressive saisie est différente de vide | K14: A_RPR_DDRPRO [Saisi] <> VIDE | L14: T2354 | M14: Retraite progressive - Demande | N14: Création | Q14: Ouvrier d'état | R14: P0005 | S14: O | T14: Général | U14: Passant | V14: 45170 | W14: 45709 | X14: RPR_I_023 ET RPR_I_024 ET RPR_I_025 ET RPR_I_026 ET RPR_I_022 ET RPR_I_033 ET RPR_I_027 ET RPR_D_003 ET RPR_D_004 ET RPR_C_001 ET RPR_C_004 ET RPR_C_002 ET RPR_C_003 ET RPR_C_005 | Y14: RPR_I_023 | Z14: =VLOOKUP(Y14,'Axe 2 Règles de gestion'!$D$2:$F$66,3, FALSE) -> L'agent doit avoir atteint l'âge plancher égal à son âge d'ouverture des droits diminué de 2 années, soit 62 ans, à l'issue de la montée en charge de la réforme. | AA14: RPR_I_024 | AB14: =VLOOKUP(AA14,'Axe 2 Règles de gestion'!$D$2:$F$66,3, FALSE) -> L'agent doit justifier d'une durée d'assurance de 150 trimestres. | AC14: RPR_I_025 | AD14: =VLOOKUP(AC14,'Axe 2 Règles de gestion'!$D$2:$F$66,3, FALSE) -> L'agent doit bénéficier d'une autorisation de temps partiel. | AE14: RPR_I_026 | AF14: =VLOOKUP(AE14,'Axe 2 Règles de gestion'!$D$2:$F$66,3, FALSE) -> Les modalités de service à temps partiel éligbles sont : le temps partiel sur autorisation, de droit pour soins à conjoint, enfant, ascendant, de droit à l'occasion d'une naissance ou d'une adoption, de droit au profit des travailleurs handicapés. | AG14: RPR_I_022 | AH14: =VLOOKUP(AG14,'Axe 2 Règles de gestion'!$D$2:$F$66,3, FALSE) -> L'agent doit effectuer une demande auprès de l'administration. | AI14: RPR_I_033 | AJ14: =VLOOKUP(AI14,'Axe 2 Règles de gestion'!$D$2:$F$66,3, FALSE) -> La demande contient la date d'effet souhaitée de la retraite progressive qui ne peut pas être antérieure à la date de cette demande. | AK14: RPR_I_027 | AL14: =VLOOKUP(AK14,'Axe 2 Règles de gestion'!$D$2:$F$66,3, FALSE) -> L'agent doit adresser sa demande de retraite progressive à l'organisme, l'établissement ou le service gérant l'un des régimes auxquels il est affilié à la date de sa demande. | AW14: RPR_D_003 | AX14: =VLOOKUP(AW14,'Axe 2 Règles de gestion'!$D$2:$F$66,3, FALSE) -> L'agent doit bénéficier d'une autorisation de temps partiel : temps partiel sur autorisation, de droit pour soins à conjoint, enfant, ascendant, de droit à l'occasion d'une naissance ou d'une adoption, de droit au profit des travailleurs handicapés. | AY14: RPR_D_004 | AZ14: =VLOOKUP(AY14,'Axe 2 Règles de gestion'!$D$2:$F$66,3, FALSE) -> L'agent né à partir du 1er janvier 1968 doit avoir au moins 62 ans à la date de début de la retraite progressive. | BA14: RPR_C_001 | BB14: =VLOOKUP(BA14,'Axe 2 Règles de gestion'!$D$2:$F$66,3, FALSE) -> La date de début de la retraite progressive doit être postérieure ou égale à la date d'entrée dans la FPE ou dans la carrière militaire. | BC14: RPR_C_004 | BD14: =VLOOKUP(BC14,'Axe 2 Règles de gestion'!$D$2:$F$66,3, FALSE) -> La date de début de la retraite progressive doit être postérieure ou égale à la date de début du lien juridique. | BE14: RPR_C_002 | BF14: =VLOOKUP(BE14,'Axe 2 Règles de gestion'!$D$2:$F$66,3, FALSE) -> La date de début de la retraite progressive doit être antérieure ou égale à la date de fin de la retraite progressive. | BG14: RPR_C_003 | BH14: =VLOOKUP(BG14,'Axe 2 Règles de gestion'!$D$2:$F$66,3, FALSE) -> La date de fin de la retraite progressive doit être antérieure à la date limite de départ à la retraite. | BI14: RPR_C_005 | BJ14: =VLOOKUP(BI14,'Axe 2 Règles de gestion'!$D$2:$F$66,3, FALSE) -> La date de fin de la retraite progressive doit être antérieure ou égale à la date de fin du lien juridique.
A15: 25.10.00 | B15: M | C15: 45915.46 | D15: D0017 | E15: Retraite progressive | F15: S0182 | G15: Retraite progressive | H15: E0969 | I15: Retraite progressive | J15: La date de début retraite progressive saisie est différente de vide | K15: A_RPR_DDRPRO [Saisi] <> VIDE | L15: T2354 | M15: Retraite progressive - Demande | N15: Création | Q15: Ouvrier d'état | R15: P0005 | S15: O | T15: Général | U15: Passant | V15: 45710 | W15: 45900 | X15: RPR_I_023 ET RPR_I_024 ET RPR_I_025 ET RPR_I_026 ET RPR_I_022 ET RPR_I_033 ET RPR_I_047 ET RPR_I_046 ET RPR_D_003 ET RPR_D_004 ET RPR_C_001 ET RPR_C_004 ET RPR_C_002 ET RPR_C_003 ET RPR_C_005 | Y15: RPR_I_023 | Z15: =VLOOKUP(Y15,'Axe 2 Règles de gestion'!$D$2:$F$66,3, FALSE) -> L'agent doit avoir atteint l'âge plancher égal à son âge d'ouverture des droits diminué de 2 années, soit 62 ans, à l'issue de la montée en charge de la réforme. | AA15: RPR_I_024 | AB15: =VLOOKUP(AA15,'Axe 2 Règles de gestion'!$D$2:$F$66,3, FALSE) -> L'agent doit justifier d'une durée d'assurance de 150 trimestres. | AC15: RPR_I_025 | AD15: =VLOOKUP(AC15,'Axe 2 Règles de gestion'!$D$2:$F$66,3, FALSE) -> L'agent doit bénéficier d'une autorisation de temps partiel. | AE15: RPR_I_026 | AF15: =VLOOKUP(AE15,'Axe 2 Règles de gestion'!$D$2:$F$66,3, FALSE) -> Les modalités de service à temps partiel éligbles sont : le temps partiel sur autorisation, de droit pour soins à conjoint, enfant, ascendant, de droit à l'occasion d'une naissance ou d'une adoption, de droit au profit des travailleurs handicapés. | AG15: RPR_I_022 | AH15: =VLOOKUP(AG15,'Axe 2 Règles de gestion'!$D$2:$F$66,3, FALSE) -> L'agent doit effectuer une demande auprès de l'administration. | AI15: RPR_I_033 | AJ15: =VLOOKUP(AI15,'Axe 2 Règles de gestion'!$D$2:$F$66,3, FALSE) -> La demande contient la date d'effet souhaitée de la retraite progressive qui ne peut pas être antérieure à la date de cette demande. | AK15: RPR_I_047 | AL15: =VLOOKUP(AK15,'Axe 2 Règles de gestion'!$D$2:$F$66,3, FALSE) -> L'agent doit adresser sa demande de retraite progressive au moyen d'un formulaire commun à l'organisme, l'établissement ou le service gérant l'un des régimes auxquels il est affilié à la date de sa demande. | AM15: RPR_I_046 | AN15: =VLOOKUP(AM15,'Axe 2 Règles de gestion'!$D$2:$F$66,3, FALSE) -> L'agent reçoit un récépissé de sa demande et des pièces qui l'accompagnent. | AW15: RPR_D_003 | AX15: =VLOOKUP(AW15,'Axe 2 Règles de gestion'!$D$2:$F$66,3, FALSE) -> L'agent doit bénéficier d'une autorisation de temps partiel : temps partiel sur autorisation, de droit pour soins à conjoint, enfant, ascendant, de droit à l'occasion d'une naissance ou d'une adoption, de droit au profit des travailleurs handicapés. | AY15: RPR_D_004 | AZ15: =VLOOKUP(AY15,'Axe 2 Règles de gestion'!$D$2:$F$66,3, FALSE) -> L'agent né à partir du 1er janvier 1968 doit avoir au moins 62 ans à la date de début de la retraite progressive. | BA15: RPR_C_001 | BB15: =VLOOKUP(BA15,'Axe 2 Règles de gestion'!$D$2:$F$66,3, FALSE) -> La date de début de la retraite progressive doit être postérieure ou égale à la date d'entrée dans la FPE ou dans la carrière militaire. | BC15: RPR_C_004 | BD15: =VLOOKUP(BC15,'Axe 2 Règles de gestion'!$D$2:$F$66,3, FALSE) -> La date de début de la retraite progressive doit être postérieure ou égale à la date de début du lien juridique. | BE15: RPR_C_002 | BF15: =VLOOKUP(BE15,'Axe 2 Règles de gestion'!$D$2:$F$66,3, FALSE) -> La date de début de la retraite progressive doit être antérieure ou égale à la date de fin de la retraite progressive. | BG15: RPR_C_003 | BH15: =VLOOKUP(BG15,'Axe 2 Règles de gestion'!$D$2:$F$66,3, FALSE) -> La date de fin de la retraite progressive doit être antérieure à la date limite de départ à la retraite. | BI15: RPR_C_005 | BJ15: =VLOOKUP(BI15,'Axe 2 Règles de gestion'!$D$2:$F$66,3, FALSE) -> La date de fin de la retraite progressive doit être antérieure ou égale à la date de fin du lien juridique.
A16: 25.10.00 | B16: A | C16: 45915.461 | D16: D0017 | E16: Retraite progressive | F16: S0182 | G16: Retraite progressive | H16: E0969 | I16: Retraite progressive | J16: La date de début retraite progressive saisie est différente de vide | K16: A_RPR_DDRPRO [Saisi] <> VIDE | L16: T2354 | M16: Retraite progressive - Demande | N16: Création | Q16: Ouvrier d'état | R16: P0005 | S16: O | T16: Général | U16: Passant | V16: 45901 | X16: RPR_I_051 ET RPR_I_024 ET RPR_I_025 ET RPR_I_026 ET RPR_I_022 ET RPR_I_033 ET RPR_I_047 ET RPR_I_046 ET RPR_D_003 ET RPR_D_009 ET RPR_C_001 ET RPR_C_004 ET RPR_C_002 ET RPR_C_003 ET RPR_C_005 | Y16: RPR_I_051 | Z16: =VLOOKUP(Y16,'Axe 2 Règles de gestion'!$D$2:$F$66,3, FALSE) -> L'agent doit avoir 60 ans au moins à l'ouverture du droit à la retraite progressive. | AA16: RPR_I_024 | AB16: =VLOOKUP(AA16,'Axe 2 Règles de gestion'!$D$2:$F$66,3, FALSE) -> L'agent doit justifier d'une durée d'assurance de 150 trimestres. | AC16: RPR_I_025 | AD16: =VLOOKUP(AC16,'Axe 2 Règles de gestion'!$D$2:$F$66,3, FALSE) -> L'agent doit bénéficier d'une autorisation de temps partiel. | AE16: RPR_I_026 | AF16: =VLOOKUP(AE16,'Axe 2 Règles de gestion'!$D$2:$F$66,3, FALSE) -> Les modalités de service à temps partiel éligbles sont : le temps partiel sur autorisation, de droit pour soins à conjoint, enfant, ascendant, de droit à l'occasion d'une naissance ou d'une adoption, de droit au profit des travailleurs handicapés. | AG16: RPR_I_022 | AH16: =VLOOKUP(AG16,'Axe 2 Règles de gestion'!$D$2:$F$66,3, FALSE) -> L'agent doit effectuer une demande auprès de l'administration. | AI16: RPR_I_033 | AJ16: =VLOOKUP(AI16,'Axe 2 Règles de gestion'!$D$2:$F$66,3, FALSE) -> La demande contient la date d'effet souhaitée de la retraite progressive qui ne peut pas être antérieure à la date de cette demande. | AK16: RPR_I_047 | AL16: =VLOOKUP(AK16,'Axe 2 Règles de gestion'!$D$2:$F$66,3, FALSE) -> L'agent doit adresser sa demande de retraite progressive au moyen d'un formulaire commun à l'organisme, l'établissement ou le service gérant l'un des régimes auxquels il est affilié à la date de sa demande. | AM16: RPR_I_046 | AN16: =VLOOKUP(AM16,'Axe 2 Règles de gestion'!$D$2:$F$66,3, FALSE) -> L'agent reçoit un récépissé de sa demande et des pièces qui l'accompagnent. | AW16: RPR_D_003 | AX16: =VLOOKUP(AW16,'Axe 2 Règles de gestion'!$D$2:$F$66,3, FALSE) -> L'agent doit bénéficier d'une autorisation de temps partiel : temps partiel sur autorisation, de droit pour soins à conjoint, enfant, ascendant, de droit à l'occasion d'une naissance ou d'une adoption, de droit au profit des travailleurs handicapés. | AY16: RPR_D_009 | AZ16: =VLOOKUP(AY16,'Axe 2 Règles de gestion'!$D$2:$F$66,3, FALSE) -> L'âge d'ouverture du droit à la retraite progressive est égal à 60 ans. | BA16: RPR_C_001 | BB16: =VLOOKUP(BA16,'Axe 2 Règles de gestion'!$D$2:$F$66,3, FALSE) -> La date de début de la retraite progressive doit être postérieure ou égale à la date d'entrée dans la FPE ou dans la carrière militaire. | BC16: RPR_C_004 | BD16: =VLOOKUP(BC16,'Axe 2 Règles de gestion'!$D$2:$F$66,3, FALSE) -> La date de début de la retraite progressive doit être postérieure ou égale à la date de début du lien juridique. | BE16: RPR_C_002 | BF16: =VLOOKUP(BE16,'Axe 2 Règles de gestion'!$D$2:$F$66,3, FALSE) -> La date de début de la retraite progressive doit être antérieure ou égale à la date de fin de la retraite progressive. | BG16: RPR_C_003 | BH16: =VLOOKUP(BG16,'Axe 2 Règles de gestion'!$D$2:$F$66,3, FALSE) -> La date de fin de la retraite progressive doit être antérieure à la date limite de départ à la retraite. | BI16: RPR_C_005 | BJ16: =VLOOKUP(BI16,'Axe 2 Règles de gestion'!$D$2:$F$66,3, FALSE) -> La date de fin de la retraite progressive doit être antérieure ou égale à la date de fin du lien juridique.
A17: 24.10.00 | B17: A | C17: 45623.564 | D17: D0017 | E17: Retraite progressive | F17: S0182 | G17: Retraite progressive | H17: E0969 | I17: Retraite progressive | J17: La date de début retraite progressive saisie est différente de vide | K17: A_RPR_DDRPRO [Saisi] <> VIDE | L17: T2355 | M17: Retraite progressive - Modification / Fin | N17: Modification | Q17: Ouvrier d'état | R17: P0005 | S17: O | T17: Général | U17: Passant | V17: 45170 | X17: RPR_I_031 ET RPR_I_032 ET RPR_I_028 ET RPR_I_029 ET RPR_I_030 ET RPR_D_003 ET RPR_C_002 ET RPR_C_003 ET RPR_C_005 | Y17: RPR_I_031 | Z17: =VLOOKUP(Y17,'Axe 2 Règles de gestion'!$D$2:$F$66,3, FALSE) -> Dans certains cas, la retraite progressive peut être suspendue. | AA17: RPR_I_032 | AB17: =VLOOKUP(AA17,'Axe 2 Règles de gestion'!$D$2:$F$66,3, FALSE) -> La suspension prend effet le 1er jour du mois suivant celui au cours duquel les conditions cessent d'être réunies ou le 1er jour du mois quand la suspension prend effet ce même jour. | AC17: RPR_I_028 | AD17: =VLOOKUP(AC17,'Axe 2 Règles de gestion'!$D$2:$F$66,3, FALSE) -> Si l'agent reprend une activité professionnelle à temps plein alors la retraite progressive cesse définitivement le 1er jour du mois suivant. | AE17: RPR_I_029 | AF17: =VLOOKUP(AE17,'Axe 2 Règles de gestion'!$D$2:$F$66,3, FALSE) -> Toutefois, si cette reprise intervient le 1er jour du mois, alors la cessation de la retraite progressive prend effet ce même jour. | AG17: RPR_I_030 | AH17: =VLOOKUP(AG17,'Axe 2 Règles de gestion'!$D$2:$F$66,3, FALSE) -> Si l'agent demande sa retraite à taux plein, alors la retraite progressive cesse définitivement à la date de prise d'effet de la pension complète. | AW17: RPR_D_003 | AX17: =VLOOKUP(AW17,'Axe 2 Règles de gestion'!$D$2:$F$66,3, FALSE) -> L'agent doit bénéficier d'une autorisation de temps partiel : temps partiel sur autorisation, de droit pour soins à conjoint, enfant, ascendant, de droit à l'occasion d'une naissance ou d'une adoption, de droit au profit des travailleurs handicapés. | BA17: RPR_C_002 | BB17: =VLOOKUP(BA17,'Axe 2 Règles de gestion'!$D$2:$F$66,3, FALSE) -> La date de début de la retraite progressive doit être antérieure ou égale à la date de fin de la retraite progressive. | BC17: RPR_C_003 | BD17: =VLOOKUP(BC17,'Axe 2 Règles de gestion'!$D$2:$F$66,3, FALSE) -> La date de fin de la retraite progressive doit être antérieure à la date limite de départ à la retraite. | BE17: RPR_C_005 | BF17: =VLOOKUP(BE17,'Axe 2 Règles de gestion'!$D$2:$F$66,3, FALSE) -> La date de fin de la retraite progressive doit être antérieure ou égale à la date de fin du lien juridique.

Sheet Axe 1 Enchaînement RG Impact
A1: Version | B1: Type de mise à jour | C1: Date de mise à jour | D1: Identifiant Domaine | E1: Libellé du Domaine | F1: Identifiant Sous-domaine | G1: Libellé du Sous-domaine | H1: Identifiant Evénement | I1: Libellé de l'évènement | J1: Libellé condition déclenchement Evènement | K1: Condition déclenchement Evènement | L1: Identifiant type d'évènement | M1: Libellé type d'évènement | N1: Type de mise à jour | O1: Libellé condition déclenchement Type Evènement | P1: Condition déclenchement Type Evènement | Q1: Libellé Population | R1: Codification Population | S1: Typologie de population | T1: Général / Particulier | U1: Passant / Exclu | V1: Date de début | W1: Date de fin | X1: Impacts | Y1: Identifiant Impacts 1 | Z1: Libellé Impacts 1 | AA1: Identifiant Impacts 2 | AB1: Libellé Impacts 2 | AC1: FIME | AD1: Statut de travail
A2: 25.10.00 | B2: M | C2: 45915.456 | D2: D0017 | E2: Retraite progressive | F2: S0182 | G2: Retraite progressive | H2: E0969 | I2: Retraite progressive | J2: La date de début retraite progressive saisie est différente de vide | K2: A_RPR_DDRPRO [Saisi] <> VIDE | L2: T2354 | M2: Retraite progressive - Demande | N2: Création | Q2: Titulaire ou magistrat | R2: P0001 | S2: T | T2: Général | U2: Passant | V2: 45170 | W2: 45900 | X2: RPR_P_001 ET RPR_P_002 | Y2: RPR_P_001 | Z2: =VLOOKUP(Y2,'Axe 2 Règles de gestion'!$D$2:$F$66,3, FALSE) -> Pension : La fraction de pension de retraite versée à l'agent est égale à la différence entre 100 % et la quotité de travail à temps partiel. | AA2: RPR_P_002 | AB2: =VLOOKUP(AA2,'Axe 2 Règles de gestion'!$D$2:$F$66,3, FALSE) -> Retraite : L'agent continue de cotiser à la retraite.
A3: 25.10.00 | B3: A | C3: 45915.461 | D3: D0017 | E3: Retraite progressive | F3: S0182 | G3: Retraite progressive | H3: E0969 | I3: Retraite progressive | J3: La date de début retraite progressive saisie est différente de vide | K3: A_RPR_DDRPRO [Saisi] <> VIDE | L3: T2354 | M3: Retraite progressive - Demande | N3: Création | Q3: Titulaire ou magistrat | R3: P0001 | S3: T | T3: Général | U3: Passant | V3: 45901 | X3: RPR_P_001 ET RPR_P_002 | Y3: RPR_P_001 | Z3: =VLOOKUP(Y3,'Axe 2 Règles de gestion'!$D$2:$F$66,3, FALSE) -> Pension : La fraction de pension de retraite versée à l'agent est égale à la différence entre 100 % et la quotité de travail à temps partiel. | AA3: RPR_P_002 | AB3: =VLOOKUP(AA3,'Axe 2 Règles de gestion'!$D$2:$F$66,3, FALSE) -> Retraite : L'agent continue de cotiser à la retraite.
A4: 24.10.00 | B4: A | C4: 45622.508 | D4: D0017 | E4: Retraite progressive | F4: S0182 | G4: Retraite progressive | H4: E0969 | I4: Retraite progressive | J4: La date de début retraite progressive saisie est différente de vide | K4: A_RPR_DDRPRO [Saisi] <> VIDE | L4: T2355 | M4: Retraite progressive - Modification / Fin | N4: Modification | Q4: Titulaire ou magistrat | R4: P0001 | S4: T | T4: Général | U4: Passant | V4: 45170
A5: 24.10.00 | B5: A | C5: 45622.508 | D5: D0017 | E5: Retraite progressive | F5: S0182 | G5: Retraite progressive | H5: E0969 | I5: Retraite progressive | J5: La date de début retraite progressive saisie est différente de vide | K5: A_RPR_DDRPRO [Saisi] <> VIDE | L5: T2354 | M5: Retraite progressive - Demande | N5: Création | Q5: Militaire | R5: P0002 | S5: M | T5: Général | U5: Exclu | V5: 45170
A6: 24.10.00 | B6: A | C6: 45622.508 | D6: D0017 | E6: Retraite progressive | F6: S0182 | G6: Retraite progressive | H6: E0969 | I6: Retraite progressive | J6: La date de début retraite progressive saisie est différente de vide | K6: A_RPR_DDRPRO [Saisi] <> VIDE | L6: T2355 | M6: Retraite progressive - Modification / Fin | N6: Modification | Q6: Militaire | R6: P0002 | S6: M | T6: Général | U6: Exclu | V6: 45170
A7: 25.00.00 | B7: M | C7: 45779.49 | D7: D0017 | E7: Retraite progressive | F7: S0182 | G7: Retraite progressive | H7: E0969 | I7: Retraite progressive | J7: La date de début retraite progressive saisie est différente de vide | K7: A_RPR_DDRPRO [Saisi] <> VIDE | L7: T2354 | M7: Retraite progressive - Demande | N7: Création | Q7: Contractuel | R7: P0003 | S7: N | T7: Général | U7: Passant | V7: 45170 | W7: 45709 | X7: RPR_P_004 | Y7: RPR_P_004 | Z7: =VLOOKUP(Y7,'Axe 2 Règles de gestion'!$D$2:$F$66,3, FALSE) -> Pension : La fraction de pension de retraite versée à l'agent est égale à la différence entre 100 % et la quotité de travail à temps partiel.
A8: 25.10.00 | B8: M | C8: 45915.46 | D8: D0017 | E8: Retraite progressive | F8: S0182 | G8: Retraite progressive | H8: E0969 | I8: Retraite progressive | J8: La date de début retraite progressive saisie est différente de vide | K8: A_RPR_DDRPRO [Saisi] <> VIDE | L8: T2354 | M8: Retraite progressive - Demande | N8: Création | Q8: Contractuel | R8: P0003 | S8: N | T8: Général | U8: Passant | V8: 45710 | W8: 45900 | X8: RPR_P_004 | Y8: RPR_P_004 | Z8: =VLOOKUP(Y8,'Axe 2 Règles de gestion'!$D$2:$F$66,3, FALSE) -> Pension : La fraction de pension de retraite versée à l'agent est égale à la différence entre 100 % et la quotité de travail à temps partiel.
A9: 25.10.00 | B9: A | C9: 45915.46 | D9: D0017 | E9: Retraite progressive | F9: S0182 | G9: Retraite progressive | H9: E0969 | I9: Retraite progressive | J9: La date de début retraite progressive saisie est différente de vide | K9: A_RPR_DDRPRO [Saisi] <> VIDE | L9: T2354 | M9: Retraite progressive - Demande | N9: Création | Q9: Contractuel | R9: P0003 | S9: N | T9: Général | U9: Passant | V9: 45901 | X9: RPR_P_004 | Y9: RPR_P_004 | Z9: =VLOOKUP(Y9,'Axe 2 Règles de gestion'!$D$2:$F$66,3, FALSE) -> Pension : La fraction de pension de retraite versée à l'agent est égale à la différence entre 100 % et la quotité de travail à temps partiel.
A10: 24.10.00 | B10: A | C10: 45623.564 | D10: D0017 | E10: Retraite progressive | F10: S0182 | G10: Retraite progressive | H10: E0969 | I10: Retraite progressive | J10: La date de début retraite progressive saisie est différente de vide | K10: A_RPR_DDRPRO [Saisi] <> VIDE | L10: T2355 | M10: Retraite progressive - Modification / Fin | N10: Modification | Q10: Contractuel | R10: P0003 | S10: N | T10: Général | U10: Passant | V10: 45170
A11: 25.10.00 | B11: M | C11: 45915.457 | D11: D0017 | E11: Retraite progressive | F11: S0182 | G11: Retraite progressive | H11: E0969 | I11: Retraite progressive | J11: La date de début retraite progressive saisie est différente de vide | K11: A_RPR_DDRPRO [Saisi] <> VIDE | L11: T2354 | M11: Retraite progressive - Demande | N11: Création | Q11: Stagiaire ou auditeur ou élève | R11: P0004 | S11: S | T11: Général | U11: Passant | V11: 45170 | W11: 45900 | X11: RPR_P_001 ET RPR_P_002 | Y11: RPR_P_001 | Z11: =VLOOKUP(Y11,'Axe 2 Règles de gestion'!$D$2:$F$66,3, FALSE) -> Pension : La fraction de pension de retraite versée à l'agent est égale à la différence entre 100 % et la quotité de travail à temps partiel. | AA11: RPR_P_002 | AB11: =VLOOKUP(AA11,'Axe 2 Règles de gestion'!$D$2:$F$66,3, FALSE) -> Retraite : L'agent continue de cotiser à la retraite.
A12: 25.10.00 | B12: A | C12: 45915.461 | D12: D0017 | E12: Retraite progressive | F12: S0182 | G12: Retraite progressive | H12: E0969 | I12: Retraite progressive | J12: La date de début retraite progressive saisie est différente de vide | K12: A_RPR_DDRPRO [Saisi] <> VIDE | L12: T2354 | M12: Retraite progressive - Demande | N12: Création | Q12: Stagiaire ou auditeur ou élève | R12: P0004 | S12: S | T12: Général | U12: Passant | V12: 45901 | X12: RPR_P_001 ET RPR_P_002 | Y12: RPR_P_001 | Z12: =VLOOKUP(Y12,'Axe 2 Règles de gestion'!$D$2:$F$66,3, FALSE) -> Pension : La fraction de pension de retraite versée à l'agent est égale à la différence entre 100 % et la quotité de travail à temps partiel. | AA12: RPR_P_002 | AB12: =VLOOKUP(AA12,'Axe 2 Règles de gestion'!$D$2:$F$66,3, FALSE) -> Retraite : L'agent continue de cotiser à la retraite.
A13: 24.10.00 | B13: A | C13: 45623.565 | D13: D0017 | E13: Retraite progressive | F13: S0182 | G13: Retraite progressive | H13: E0969 | I13: Retraite progressive | J13: La date de début retraite progressive saisie est différente de vide | K13: A_RPR_DDRPRO [Saisi] <> VIDE | L13: T2355 | M13: Retraite progressive - Modification / Fin | N13: Modification | Q13: Stagiaire ou auditeur ou élève | R13: P0004 | S13: S | T13: Général | U13: Passant | V13: 45170
A14: 25.00.00 | B14: M | C14: 45779.494 | D14: D0017 | E14: Retraite progressive | F14: S0182 | G14: Retraite progressive | H14: E0969 | I14: Retraite progressive | J14: La date de début retraite progressive saisie est différente de vide | K14: A_RPR_DDRPRO [Saisi] <> VIDE | L14: T2354 | M14: Retraite progressive - Demande | N14: Création | Q14: Ouvrier d'état | R14: P0005 | S14: O | T14: Général | U14: Passant | V14: 45170 | W14: 45709 | X14: RPR_P_003 | Y14: RPR_P_003 | Z14: =VLOOKUP(Y14,'Axe 2 Règles de gestion'!$D$2:$F$66,3, FALSE) -> Pension : La fraction de pension de retraite versée à l'agent est égale à la différence entre 100 % et la quotité de travail à temps partiel.
A15: 25.10.00 | B15: M | C15: 45915.46 | D15: D0017 | E15: Retraite progressive | F15: S0182 | G15: Retraite progressive | H15: E0969 | I15: Retraite progressive | J15: La date de début retraite progressive saisie est différente de vide | K15: A_RPR_DDRPRO [Saisi] <> VIDE | L15: T2354 | M15: Retraite progressive - Demande | N15: Création | Q15: Ouvrier d'état | R15: P0005 | S15: O | T15: Général | U15: Passant | V15: 45710 | W15: 45900 | X15: RPR_P_003 | Y15: RPR_P_003 | Z15: =VLOOKUP(Y15,'Axe 2 Règles de gestion'!$D$2:$F$66,3, FALSE) -> Pension : La fraction de pension de retraite versée à l'agent est égale à la différence entre 100 % et la quotité de travail à temps partiel.
A16: 25.10.00 | B16: A | C16: 45915.461 | D16: D0017 | E16: Retraite progressive | F16: S0182 | G16: Retraite progressive | H16: E0969 | I16: Retraite progressive | J16: La date de début retraite progressive saisie est différente de vide | K16: A_RPR_DDRPRO [Saisi] <> VIDE | L16: T2354 | M16: Retraite progressive - Demande | N16: Création | Q16: Ouvrier d'état | R16: P0005 | S16: O | T16: Général | U16: Passant | V16: 45901 | X16: RPR_P_003 | Y16: RPR_P_003 | Z16: =VLOOKUP(Y16,'Axe 2 Règles de gestion'!$D$2:$F$66,3, FALSE) -> Pension : La fraction de pension de retraite versée à l'agent est égale à la différence entre 100 % et la quotité de travail à temps partiel.
A17: 24.10.00 | B17: A | C17: 45623.564 | D17: D0017 | E17: Retraite progressive | F17: S0182 | G17: Retraite progressive | H17: E0969 | I17: Retraite progressive | J17: La date de début retraite progressive saisie est différente de vide | K17: A_RPR_DDRPRO [Saisi] <> VIDE | L17: T2355 | M17: Retraite progressive - Modification / Fin | N17: Modification | Q17: Ouvrier d'état | R17: P0005 | S17: O | T17: Général | U17: Passant | V17: 45170

Sheet Axe 1 Rattachement des actes
A1: Version | B1: Type de mise à jour | C1: Date de mise à jour | D1: Identifiant Domaine | E1: Libellé du Domaine | F1: Identifiant Sous-domaine | G1: Libellé du Sous-domaine | H1: Identifiant Evénement | I1: Libellé de l'évènement | J1: Libellé condition déclenchement Evènement | K1: Condition déclenchement Evènement | L1: Identifiant type d'évènement | M1: Libellé type d'évènement | N1: Type de mise à jour | O1: Libellé condition déclenchement Type Evènement | P1: Condition déclenchement Type Evènement | Q1: Libellé Population | R1: Codification Population | S1: Général / Particulier | T1: Passant / Exclu | U1: Date de début | V1: Date de fin | W1: Libellé condition de déclenchement 1 | X1: Condition de déclenchement 1 | Y1: Code nature 1 | Z1: Libellé nature 1 | AA1: Libellé condition de déclenchement 2 | AB1: Condition de déclenchement 2 | AC1: Code nature 2 | AD1: Libellé nature 2 | AE1: Libellé condition de déclenchement 3 | AF1: Condition de déclenchement 3 | AG1: Code nature 3 | AH1: Libellé nature 3 | AI1: Libellé condition de déclenchement 4 | AJ1: Condition de déclenchement 4 | AK1: Code nature 4 | AL1: Libellé nature 4 | AM1: Commentaire | AN1: FIME | AO1: Statut de travail
A2: 25.10.00 | B2: M | C2: 45915.456 | D2: D0017 | E2: Retraite progressive | F2: S0182 | G2: Retraite progressive | H2: E0969 | I2: Retraite progressive | J2: La date de début retraite progressive saisie est différente de vide | K2: A_RPR_DDRPRO [Saisi] <> VIDE | L2: T2354 | M2: Retraite progressive - Demande | N2: Création | Q2: Titulaire ou magistrat | R2: P0001 | S2: Général | T2: Passant | U2: 44935 | V2: 45900
A3: 25.10.00 | B3: A | C3: 45915.461 | D3: D0017 | E3: Retraite progressive | F3: S0182 | G3: Retraite progressive | H3: E0969 | I3: Retraite progressive | J3: La date de début retraite progressive saisie est différente de vide | K3: A_RPR_DDRPRO [Saisi] <> VIDE | L3: T2354 | M3: Retraite progressive - Demande | N3: Création | Q3: Titulaire ou magistrat | R3: P0001 | S3: Général | T3: Passant | U3: 45666
A4: 24.10.00 | B4: A | C4: 45622.508 | D4: D0017 | E4: Retraite progressive | F4: S0182 | G4: Retraite progressive | H4: E0969 | I4: Retraite progressive | J4: La date de début retraite progressive saisie est différente de vide | K4: A_RPR_DDRPRO [Saisi] <> VIDE | L4: T2355 | M4: Retraite progressive - Modification / Fin | N4: Modification | Q4: Titulaire ou magistrat | R4: P0001 | S4: Général | T4: Passant | U4: 44935
A5: 24.10.00 | B5: A | C5: 45622.508 | D5: D0017 | E5: Retraite progressive | F5: S0182 | G5: Retraite progressive | H5: E0969 | I5: Retraite progressive | J5: La date de début retraite progressive saisie est différente de vide | K5: A_RPR_DDRPRO [Saisi] <> VIDE | L5: T2354 | M5: Retraite progressive - Demande | N5: Création | Q5: Militaire | R5: P0002 | S5: Général | T5: Exclu | U5: 44935
A6: 24.10.00 | B6: A | C6: 45622.508 | D6: D0017 | E6: Retraite progressive | F6: S0182 | G6: Retraite progressive | H6: E0969 | I6: Retraite progressive | J6: La date de début retraite progressive saisie est différente de vide | K6: A_RPR_DDRPRO [Saisi] <> VIDE | L6: T2355 | M6: Retraite progressive - Modification / Fin | N6: Modification | Q6: Militaire | R6: P0002 | S6: Général | T6: Exclu | U6: 44935
A7: 25.00.00 | B7: M | C7: 45779.49 | D7: D0017 | E7: Retraite progressive | F7: S0182 | G7: Retraite progressive | H7: E0969 | I7: Retraite progressive | J7: La date de début retraite progressive saisie est différente de vide | K7: A_RPR_DDRPRO [Saisi] <> VIDE | L7: T2354 | M7: Retraite progressive - Demande | N7: Création | Q7: Contractuel | R7: P0003 | S7: Général | T7: Passant | U7: 44935 | V7: 45709
A8: 25.10.00 | B8: M | C8: 45915.46 | D8: D0017 | E8: Retraite progressive | F8: S0182 | G8: Retraite progressive | H8: E0969 | I8: Retraite progressive | J8: La date de début retraite progressive saisie est différente de vide | K8: A_RPR_DDRPRO [Saisi] <> VIDE | L8: T2354 | M8: Retraite progressive - Demande | N8: Création | Q8: Contractuel | R8: P0003 | S8: Général | T8: Passant | U8: 22/02/2025 | V8: 45900
A9: 25.10.00 | B9: A | C9: 45915.46 | D9: D0017 | E9: Retraite progressive | F9: S0182 | G9: Retraite progressive | H9: E0969 | I9: Retraite progressive | J9: La date de début retraite progressive saisie est différente de vide | K9: A_RPR_DDRPRO [Saisi] <> VIDE | L9: T2354 | M9: Retraite progressive - Demande | N9: Création | Q9: Contractuel | R9: P0003 | S9: Général | T9: Passant | U9: 45666
A10: 24.10.00 | B10: A | C10: 45623.564 | D10: D0017 | E10: Retraite progressive | F10: S0182 | G10: Retraite progressive | H10: E0969 | I10: Retraite progressive | J10: La date de début retraite progressive saisie est différente de vide | K10: A_RPR_DDRPRO [Saisi] <> VIDE | L10: T2355 | M10: Retraite progressive - Modification / Fin | N10: Modification | Q10: Contractuel | R10: P0003 | S10: Général | T10: Passant | U10: 44935
A11: 25.10.00 | B11: M | C11: 45915.457 | D11: D0017 | E11: Retraite progressive | F11: S0182 | G11: Retraite progressive | H11: E0969 | I11: Retraite progressive | J11: La date de début retraite progressive saisie est différente de vide | K11: A_RPR_DDRPRO [Saisi] <> VIDE | L11: T2354 | M11: Retraite progressive - Demande | N11: Création | Q11: Stagiaire ou auditeur ou élève | R11: P0004 | S11: Général | T11: Passant | U11: 44935 | V11: 45900
A12: 25.10.00 | B12: A | C12: 45915.461 | D12: D0017 | E12: Retraite progressive | F12: S0182 | G12: Retraite progressive | H12: E0969 | I12: Retraite progressive | J12: La date de début retraite progressive saisie est différente de vide | K12: A_RPR_DDRPRO [Saisi] <> VIDE | L12: T2354 | M12: Retraite progressive - Demande | N12: Création | Q12: Stagiaire ou auditeur ou élève | R12: P0004 | S12: Général | T12: Passant | U12: 45666
A13: 24.10.00 | B13: A | C13: 45623.565 | D13: D0017 | E13: Retraite progressive | F13: S0182 | G13: Retraite progressive | H13: E0969 | I13: Retraite progressive | J13: La date de début retraite progressive saisie est différente de vide | K13: A_RPR_DDRPRO [Saisi] <> VIDE | L13: T2355 | M13: Retraite progressive - Modification / Fin | N13: Modification | Q13: Stagiaire ou auditeur ou élève | R13: P0004 | S13: Général | T13: Passant | U13: 44935
A14: 25.00.00 | B14: M | C14: 45779.494 | D14: D0017 | E14: Retraite progressive | F14: S0182 | G14: Retraite progressive | H14: E0969 | I14: Retraite progressive | J14: La date de début retraite progressive saisie est différente de vide | K14: A_RPR_DDRPRO [Saisi] <> VIDE | L14: T2354 | M14: Retraite progressive - Demande | N14: Création | Q14: Ouvrier d'état | R14: P0005 | S14: Général | T14: Passant | U14: 44935 | V14: 45709
A15: 25.10.00 | B15: M | C15: 45915.46 | D15: D0017 | E15: Retraite progressive | F15: S0182 | G15: Retraite progressive | H15: E0969 | I15: Retraite progressive | J15: La date de début retraite progressive saisie est différente de vide | K15: A_RPR_DDRPRO [Saisi] <> VIDE | L15: T2354 | M15: Retraite progressive - Demande | N15: Création | Q15: Ouvrier d'état | R15: P0005 | S15: Général | T15: Passant | U15: 22/02/2025 | V15: 45900
A16: 25.10.00 | B16: A | C16: 45915.461 | D16: D0017 | E16: Retraite progressive | F16: S0182 | G16: Retraite progressive | H16: E0969 | I16: Retraite progressive | J16: La date de début retraite progressive saisie est différente de vide | K16: A_RPR_DDRPRO [Saisi] <> VIDE | L16: T2354 | M16: Retraite progressive - Demande | N16: Création | Q16: Ouvrier d'état | R16: P0005 | S16: Général | T16: Passant | U16: 45666
A17: 24.10.00 | B17: A | C17: 45623.564 | D17: D0017 | E17: Retraite progressive | F17: S0182 | G17: Retraite progressive | H17: E0969 | I17: Retraite progressive | J17: La date de début retraite progressive saisie est différente de vide | K17: A_RPR_DDRPRO [Saisi] <> VIDE | L17: T2355 | M17: Retraite progressive - Modification / Fin | N17: Modification | Q17: Ouvrier d'état | R17: P0005 | S17: Général | T17: Passant | U17: 44935

Sheet Axe 2 Règles de gestion
A1: Version | B1: Type de mise à jour | C1: Date de mise à jour | D1: Code de la règle | E1: Type de règle | F1: Règle littérale | G1: Références juridiques | H1: Date de début | I1: Date de fin | J1: Condition | K1: Articulation | L1: Type de contrôle | M1: Commentaire | N1: Typage RG exclusion | O1: Typage RG condition | P1: Typage RG contrôle | Q1: Typage RG intellectuel | R1: Typage RG impact | S1: FIME | T1: Statut de travail | U1: Règle retenue | V1: Expression littérale
A2: 24.10.00 | B2: A | C2: 45622.483 | D2: RPR_D_001 | E2: Condition | F2: L'agent doit bénéficier d'une autorisation de temps partiel : temps partiel sur autorisation, de droit pour soins à conjoint, enfant, ascendant, de droit à l'occasion d'une naissance ou d'une adoption, de droit au profit des travailleurs handicapés. | G2: Code général de la fonction publique L612-1 / Code des pensions civiles et militaires L89 bis | D37-1 | H2: 45170 | K2: A_MOS_MODSER [Dossier] DANS ('MS201', 'MS204', 'MS212', 'MS213') | L2: Bloquant | O2: P0001 / P0004 - E0969 - Demande / Fin
A3: 25.10.00 | B3: M | C3: 45915.462 | D3: RPR_D_002 | E3: Condition | F3: L'agent né à partir du 1er janvier 1968 doit avoir au moins 62 ans à la date de début de la retraite progressive. | G3: Code de la sécurité sociale L161-22-1-5 | L161-17-2 / Code des pensions civiles et militaires L24 | L89 bis | D37-1 | H3: 45170 | I3: 45900 | J3: SI P_CIV_DATNAI [Dossier] >= '01/01/1968' | K3: A_RPR_DDRPRO [Saisi] - P_CIV_DATNAI [Dossier] >= 62 AN_3D | L3: Bloquant | O3: P0001 / P0004 - E0969 - Demande
A4: 24.10.00 | B4: A | C4: 45622.484 | D4: RPR_D_003 | E4: Condition | F4: L'agent doit bénéficier d'une autorisation de temps partiel : temps partiel sur autorisation, de droit pour soins à conjoint, enfant, ascendant, de droit à l'occasion d'une naissance ou d'une adoption, de droit au profit des travailleurs handicapés. | G4: Décret 2004-1056 A34 bis / Décret 84-105 | H4: 45170 | K4: A_MOS_MODSER [Dossier] DANS ('MS201', 'MS204', 'MS212', 'MS213') | L4: Bloquant | O4: P0005 - E0969 - Demande / Fin
A5: 25.10.00 | B5: M | C5: 45915.462 | D5: RPR_D_004 | E5: Condition | F5: L'agent né à partir du 1er janvier 1968 doit avoir au moins 62 ans à la date de début de la retraite progressive. | G5: Décret 2004-1056 A34 bis | A21 | H5: 45170 | I5: 45900 | J5: SI P_CIV_DATNAI [Dossier] >= '01/01/1968' | K5: A_RPR_DDRPRO [Saisi] - P_CIV_DATNAI [Dossier] >= 62 AN_3D | L5: Bloquant | O5: P0005 - E0969 - Demande
A6: 25.10.00 | B6: M | C6: 45915.463 | D6: RPR_D_005 | E6: Condition | F6: L'agent né à partir du 1er janvier 1968 doit avoir au moins 62 ans à la date de début de la retraite progressive. | G6: Code de la sécurité sociale L161-22-1-5 | L161-17-2 | D161-2-24 | H6: 45170 | I6: 45900 | J6: SI P_CIV_DATNAI [Dossier] >= '01/01/1968' | K6: A_RPR_DDRPRO [Saisi] - P_CIV_DATNAI [Dossier] >= 62 AN_3D | L6: Bloquant | O6: P0003 - E0969 - Demande
A7: 24.10.00 | B7: A | C7: 45622.485 | D7: RPR_D_006 | E7: Condition | F7: L'agent doit être à temps partiel. | G7: Code de la sécurité sociale L161-22-1-5 | H7: 45170 | K7: A_MOS_MODSER [Dossier] PAS DANS ('MS000', 'MS100') | L7: Bloquant | O7: P0003 - E0969 - Demande / Fin | U7: x | V7: L'agent doit être à temps partiel.
A8: 25.10.00 | B8: A | C8: 45980.581 | D8: RPR_D_007 | E8: Condition | F8: L'âge d'ouverture du droit à la retraite progressive est égal à 60 ans. | G8: Code de la sécurité sociale D161-2-24 | L161-22-1-5 / Code des pensions civiles et militaires L89 bis | D37-1 / Décret 2025-681 A1 | H8: 45901 | K8: A_RPR_DDRPRO [Saisi] - P_CIV_DATNAI [Dossier] >= 60 AN_3D | L8: Bloquant | O8: P0001 / P0004 - E0969 - Demande
A9: 25.10.00 | B9: A | C9: 46003.577 | D9: RPR_D_008 | E9: Condition | F9: L'âge d'ouverture du droit à la retraite progressive est égal à 60 ans. | G9: Code de la sécurité sociale D161-2-24 | L161-22-1-5 | L161-17-2 / Décret 2025-681 A1 | H9: 45901 | K9: A_RPR_DDRPRO [Saisi] - P_CIV_DATNAI [Dossier] >= 60 AN_3D | L9: Bloquant | O9: P0003 - E0969 - Demande
A10: 25.10.00 | B10: A | C10: 46003.574 | D10: RPR_D_009 | E10: Condition | F10: L'âge d'ouverture du droit à la retraite progressive est égal à 60 ans. | G10: Code de la sécurité sociale D161-2-24 | L161-22-1-5 / Code des pensions civiles et militaires L89 bis / Décret 2025-680 A2 / Décret 2004-1056 A34 bis | H10: 45901 | K10: A_RPR_DDRPRO [Saisi] - P_CIV_DATNAI [Dossier] >= 60 AN_3D | L10: Bloquant | O10: P0005 - E0969 - Demande
A11: 24.10.00 | B11: A | C11: 45621.555 | D11: RPR_C_001 | E11: Contrôle | F11: La date de début de la retraite progressive doit être postérieure ou égale à la date d'entrée dans la FPE ou dans la carrière militaire. | H11: 45170 | K11: A_RPR_DDRPRO [Saisi] >= A_SAP_DENFPE [Dossier] | L11: Bloquant | P11: P0001 / P0003 / P0004 / P0005 - E0969 - Demande
A12: 24.10.00 | B12: A | C12: 45621.556 | D12: RPR_C_002 | E12: Contrôle | F12: La date de début de la retraite progressive doit être antérieure ou égale à la date de fin de la retraite progressive. | H12: 45170 | J12: SI A_RPR_DFRPRO [Saisi] <> Vide | K12: A_RPR_DDRPRO [Saisi] <= A_RPR_DFRPRO [Saisi] | L12: Bloquant | P12: P0001 / P0003 / P0004 / P0005 - E0969 - Demande / Fin
A13: 24.10.00 | B13: A | C13: 45621.557 | D13: RPR_C_003 | E13: Contrôle | F13: La date de fin de la retraite progressive doit être antérieure à la date limite de départ à la retraite. | H13: 45170 | J13: SI A_RPR_DFRPRO [Saisi] <> Vide | K13: A_RPR_DFRPRO [Saisi] < A_SAP_DLDPRE [Dossier] | L13: Non Bloquant | M13: . | P13: P0001 / P0003 / P0004 / P0005 - E0969 - Demande / Fin
A14: 24.10.00 | B14: A | C14: 45621.562 | D14: RPR_C_004 | E14: Contrôle | F14: La date de début de la retraite progressive doit être postérieure ou égale à la date de début du lien juridique. | H14: 45170 | K14: A_RPR_DDRPRO [Saisi] >= A_CAR_DDLIJU [Dossier] | L14: Bloquant | P14: P0003 / P0005 - E0969 - Demande
A15: 24.10.00 | B15: A | C15: 45621.564 | D15: RPR_C_005 | E15: Contrôle | F15: La date de fin de la retraite progressive doit être antérieure ou égale à la date de fin du lien juridique. | H15: 45170 | J15: SI A_RPR_DFRPRO [Saisi] <> Vide ET A_CAR_TYPCOT [Dossier] = 'TC01' | K15: A_RPR_DDRPRO [Saisi] <= [Date limite de fin réelle ou prévisionnelle du lien juridique] | L15: Bloquant | P15: P0003 / P0005 - E0969 - Demande / Fin
A16: 24.10.00 | B16: A | C16: 45622.486 | D16: RPR_I_001 | E16: Intellectuel | F16: L'agent effectue sa demande de retraite progressive auprès du service des retraites de l'Etat. | G16: Code des pensions civiles et militaires L89 bis | D37-1 | H16: 45170 | L16: Non Bloquant | Q16: P0001 / P0004 - E0969 - Demande | U16: x | V16: L'agent effectue sa demande de retraite progressive auprès du service des retraites de l'Etat.
A17: 24.10.00 | B17: A | C17: 45622.486 | D17: RPR_I_002 | E17: Intellectuel | F17: L'agent doit bénéficier d'une autorisation de temps partiel. | G17: Code général de la fonction publique L612-1 / Code des pensions civiles et militaires L89 bis | D37-1 | H17: 45170 | L17: Non Bloquant | Q17: P0001 / P0004 - E0969 - Demande | U17: x | V17: L'agent doit bénéficier d'une autorisation de temps partiel.
A18: 24.10.00 | B18: A | C18: 45622.489 | D18: RPR_I_003 | E18: Intellectuel | F18: Les modalités de service à temps partiel éligibles sont : le temps partiel sur autorisation, de droit pour soins à conjoint, enfant, ascendant, de droit à l'occasion d'une naissance ou d'une adoption, de droit au profit des travailleurs handicapés. | G18: Code général de la fonction publique L612-3 / Code des pensions civiles et militaires L89 bis | H18: 45170 | L18: Non Bloquant | Q18: P0001 / P0004 - E0969 - Demande | U18: x | V18: Les modalités de service à temps partiel éligibles sont : le temps partiel sur autorisation, de droit pour soins à conjoint, enfant, ascendant, de droit à l'occasion d'une naissance ou d'une adoption, de droit au profit des travailleurs handicapés.
A19: 25.10.00 | B19: M | C19: 45915.463 | D19: RPR_I_004 | E19: Intellectuel | F19: L'agent doit avoir atteint l'âge plancher égal à son âge d'ouverture des droits diminué de 2 années, soit 62 ans, à l'issue de la montée en charge de la réforme. | G19: Code des pensions civiles et militaires L24 | L89 bis | D37-1 / Code de la sécurité sociale L161-22-1-5 | L161-17-2 | H19: 45170 | I19: 45900 | L19: Non Bloquant | Q19: P0001 / P0004 - E0969 - Demande | U19: x | V19: L'agent doit avoir atteint l'âge plancher égal à son âge d'ouverture des droits diminué de 2 années, soit 62 ans, à l'issue de la montée en charge de la réforme.
A20: 24.10.00 | B20: A | C20: 45623.558 | D20: RPR_I_005 | E20: Intellectuel | F20: L'agent doit justifier d'une durée d'assurance et de périodes reconnues équivalentes fixée à 150 trimestres auprès d'une ou plusieurs caisses de retraite de base. | G20: Code des pensions civiles et militaires L89 bis | D37-1 / Code de la sécurité sociale L161-22-1-5 | H20: 45170 | L20: Non Bloquant | Q20: P0001 / P0004 - E0969 - Demande | U20: x | V20: L'agent doit justifier d'une durée d'assurance et de périodes reconnues équivalentes fixée à 150 trimestres auprès d'une ou plusieurs caisses de retraite de base.
A21: 24.10.00 | B21: A | C21: 45622.489 | D21: RPR_I_007 | E21: Intellectuel | F21: Si l'agent reprend une activité professionnelle à temps plein alors la retraite progressive cesse définitivement le 1er jour du mois suivant. | G21: Code des pensions civiles et militaires L89 ter | D37-2 | H21: 45170 | L21: Non Bloquant | Q21: P0001 / P0004 - E0969 - Modification / Fin | U21: x | V21: Si l'agent reprend une activité professionnelle à temps plein alors la retraite progressive cesse définitivement le 1er jour du mois suivant.
A22: 24.10.00 | B22: A | C22: 45622.574 | D22: RPR_I_008 | E22: Intellectuel | F22: Dans certains cas, la retraite progressive peut être suspendue (période de formation au cours de laquelle l'agent exerce à temps plein). | G22: Code des pensions civiles et militaires L89 ter | D37-2 / Circulaire du 6 septembre 2023 2.6 | H22: 45170 | L22: Non Bloquant | Q22: P0001 / P0004 - E0969 - Modification / Fin | U22: x | V22: Dans certains cas, la retraite progressive peut être suspendue (période de formation au cours de laquelle l'agent exerce à temps plein).
A23: 24.10.00 | B23: A | C23: 45622.489 | D23: RPR_I_009 | E23: Intellectuel | F23: La demande contient la date d'effet souhaitée de la retraite progressive qui ne peut pas être antérieure à la date de cette demande. | G23: Code des pensions civiles et militaires D37-1 | H23: 45170 | L23: Non Bloquant | Q23: P0001 / P0004 - E0969 - Demande | U23: x | V23: La demande contient la date d'effet souhaitée de la retraite progressive qui ne peut pas être antérieure à la date de cette demande.
A24: 24.10.00 | B24: A | C24: 45622.506 | D24: RPR_I_011 | E24: Intellectuel | F24: L'agent ne peut pas exercer d'activité accessoire. | G24: Code des pensions civiles et militaires L89 bis | H24: 45170 | L24: Non Bloquant | Q24: P0001 / P0004 - E0969 - Demande | U24: x | V24: L'agent ne peut pas exercer d'activité accessoire.
A25: 24.10.00 | B25: A | C25: 45622.574 | D25: RPR_I_012 | E25: Intellectuel | F25: L'administration doit informer sans délai le service des retraites de l'Etat de toutes modifications (retour à temps plein, suspension, modification de la quotité de travail...) relatives à la retraite progressive. | G25: Code des pensions civiles et militaires D37-2 / Circulaire du 6 septembre 2023 2.5 | H25: 45170 | L25: Non Bloquant | Q25: P0001 / P0004 - E0969 - Modification / Fin | U25: x | V25: L'administration doit informer sans délai le service des retraites de l'Etat de toutes modifications (retour à temps plein, suspension, modification de la quotité de travail...) relatives à la retraite progressive.
A26: 24.10.00 | B26: A | C26: 45622.574 | D26: RPR_I_013 | E26: Intellectuel | F26: La condition d'age s'applique pour l'ensemble des agents sédentaires, actifs ou superactifs. | G26: Circulaire du 6 septembre 2023 1.1 | H26: 45170 | L26: Non Bloquant | Q26: P0001 / P0004 - E0969 - Demande | U26: x | V26: La condition d'age s'applique pour l'ensemble des agents sédentaires, actifs ou superactifs.
A27: 24.10.00 | B27: A | C27: 45622.574 | D27: RPR_I_014 | E27: Intellectuel | F27: La demande de temps partiel et de retraite progressive doivent être effectuées par l'agent au moins 6 mois avant la date de départ en retraite progressive souhaitée. | G27: Circulaire du 6 septembre 2023 1.3 | H27: 45170 | L27: Non Bloquant | Q27: P0001 / P0004 - E0969 - Demande | U27: x | V27: La demande de temps partiel et de retraite progressive doivent être effectuées par l'agent au moins 6 mois avant la date de départ en retraite progressive souhaitée.
A28: 24.10.00 | B28: A | C28: 45622.574 | D28: RPR_I_015 | E28: Intellectuel | F28: L'administration doit transmettre au moins 4 mois avant la date d'effet souhaitée l'autorisation de travail à temps partiel au service des retraites de l'Etat. | G28: Code des pensions civiles et militaires D37-1 / Circulaire du 6 septembre 2023 2.2 | H28: 45170 | L28: Non Bloquant | Q28: P0001 / P0004 - E0969 - Demande | U28: x | V28: L'administration doit transmettre au moins 4 mois avant la date d'effet souhaitée l'autorisation de travail à temps partiel au service des retraites de l'Etat.
A29: 24.10.00 | B29: A | C29: 45623.559 | D29: RPR_I_016 | E29: Intellectuel | F29: Si l'agent bénéficie déjà d'un temps partiel au moment où il fait la demande de retraite progressive, il doit l'indiquer dans sa demande. | G29: Circulaire du 6 septembre 2023 2.1 | H29: 45170 | L29: Non Bloquant | Q29: P0001 / P0004 - E0969 - Demande | U29: x | V29: Si l'agent bénéficie déjà d'un temps partiel au moment où il fait la demande de retraite progressive, il doit l'indiquer dans sa demande.
A30: 24.10.00 | B30: A | C30: 45622.491 | D30: RPR_I_017 | E30: Intellectuel | F30: Toutefois, si cette reprise intervient le 1er jour du mois, alors la cessation de la retraite progressive prend effet ce même jour. | G30: Code des pensions civiles et militaires L89 ter | D37-2 | H30: 45170 | L30: Non Bloquant | Q30: P0001 / P0004 - E0969 - Modification / Fin | U30: x | V30: Toutefois, si cette reprise intervient le 1er jour du mois, alors la cessation de la retraite progressive prend effet ce même jour.
A31: 24.10.00 | B31: A | C31: 45622.574 | D31: RPR_I_018 | E31: Intellectuel | F31: La retraite progressive est notifiée à l'agent 1 mois avant la date d'effet souhaitée. | G31: Circulaire du 6 septembre 2023 2.1 | H31: 45170 | L31: Non Bloquant | Q31: P0001 / P0004 - E0969 - Demande | U31: x | V31: La retraite progressive est notifiée à l'agent 1 mois avant la date d'effet souhaitée.
... A33: 24.10.00 | B33: A | C33: 45622.492 | D33: RPR_I_022 | E33: Intellectuel | F33: L'agent doit effectuer une demande auprès de l'administration. | G33: Décret 2004-1056 A34 bis | H33: 45170 | L33: Non Bloquant | Q33: P0005 - E0969 - Demande | U33: x | V33: L'agent doit effectuer une demande auprès de l'administration.
A34: 25.10.00 | B34: M | C34: 45915.463 | D34: RPR_I_023 | E34: Intellectuel | F34: L'agent doit avoir atteint l'âge plancher égal à son âge d'ouverture des droits diminué de 2 années, soit 62 ans, à l'issue de la montée en charge de la réforme. | G34: Décret 2004-1056 A34 bis | A21 | H34: 45170 | I34: 45900 | L34: Non Bloquant | Q34: P0005 - E0969 - Demande | U34: x | V34: L'agent doit avoir atteint l'âge plancher égal à son âge d'ouverture des droits diminué de 2 années, soit 62 ans, à l'issue de la montée en charge de la réforme.
A35: 24.10.00 | B35: A | C35: 45622.496 | D35: RPR_I_024 | E35: Intellectuel | F35: L'agent doit justifier d'une durée d'assurance de 150 trimestres. | G35: Décret 2004-1056 A34 bis | H35: 45170 | L35: Non Bloquant | Q35: P0005 - E0969 - Demande | U35: x | V35: L'agent doit justifier d'une durée d'assurance de 150 trimestres.
A36: 24.10.00 | B36: A | C36: 45622.496 | D36: RPR_I_025 | E36: Intellectuel | F36: L'agent doit bénéficier d'une autorisation de temps partiel. | G36: Décret 2004-1056 A34 bis / Décret 84-105 | H36: 45170 | L36: Non Bloquant | Q36: P0005 - E0969 - Demande | U36: x | V36: L'agent doit bénéficier d'une autorisation de temps partiel.
A37: 24.10.00 | B37: A | C37: 45622.497 | D37: RPR_I_026 | E37: Intellectuel | F37: Les modalités de service à temps partiel éligbles sont : le temps partiel sur autorisation, de droit pour soins à conjoint, enfant, ascendant, de droit à l'occasion d'une naissance ou d'une adoption, de droit au profit des travailleurs handicapés. | G37: Décret 2004-1056 A34 bis / Décret 84-105 | H37: 45170 | L37: Non Bloquant | Q37: P0005 - E0969 - Demande | U37: x | V37: Les modalités de service à temps partiel éligbles sont : le temps partiel sur autorisation, de droit pour soins à conjoint, enfant, ascendant, de droit à l'occasion d'une naissance ou d'une adoption, de droit au profit des travailleurs handicapés.
A38: 25.00.00 | B38: M | C38: 45779.496 | D38: RPR_I_027 | E38: Intellectuel | F38: L'agent doit adresser sa demande de retraite progressive à l'organisme, l'établissement ou le service gérant l'un des régimes auxquels il est affilié à la date de sa demande. | G38: Code de la sécurité sociale R161-19-8 / Décret 2004-1056 A34 bis | H38: 45170 | I38: 45709 | L38: Non Bloquant | Q38: P0005 - E0969 - Demande | U38: x | V38: L'agent doit adresser sa demande de retraite progressive à l'organisme, l'établissement ou le service gérant l'un des régimes auxquels il est affilié à la date de sa demande.
A39: 24.10.00 | B39: A | C39: 45622.501 | D39: RPR_I_028 | E39: Intellectuel | F39: Si l'agent reprend une activité professionnelle à temps plein alors la retraite progressive cesse définitivement le 1er jour du mois suivant. | G39: Décret 2004-1056 A34 ter | H39: 45170 | L39: Non Bloquant | Q39: P0005 - E0969 - Modification / Fin | U39: x | V39: Si l'agent reprend une activité professionnelle à temps plein alors la retraite progressive cesse définitivement le 1er jour du mois suivant.
A40: 24.10.00 | B40: A | C40: 45622.501 | D40: RPR_I_029 | E40: Intellectuel | F40: Toutefois, si cette reprise intervient le 1er jour du mois, alors la cessation de la retraite progressive prend effet ce même jour. | G40: Décret 2004-1056 A34 ter | H40: 45170 | L40: Non Bloquant | Q40: P0005 - E0969 - Modification / Fin | U40: x | V40: Toutefois, si cette reprise intervient le 1er jour du mois, alors la cessation de la retraite progressive prend effet ce même jour.
A41: 24.10.00 | B41: A | C41: 45622.501 | D41: RPR_I_030 | E41: Intellectuel | F41: Si l'agent demande sa retraite à taux plein, alors la retraite progressive cesse définitivement à la date de prise d'effet de la pension complète. | G41: Décret 2004-1056 A34 ter | H41: 45170 | L41: Non Bloquant | Q41: P0005 - E0969 - Modification / Fin | U41: x | V41: Si l'agent demande sa retraite à taux plein, alors la retraite progressive cesse définitivement à la date de prise d'effet de la pension complète.
A42: 24.10.00 | B42: A | C42: 45622.501 | D42: RPR_I_031 | E42: Intellectuel | F42: Dans certains cas, la retraite progressive peut être suspendue. | G42: Décret 2004-1056 A34 ter | H42: 45170 | L42: Non Bloquant | Q42: P0005 - E0969 - Modification / Fin | U42: x | V42: Dans certains cas, la retraite progressive peut être suspendue.
A43: 24.10.00 | B43: A | C43: 45622.501 | D43: RPR_I_032 | E43: Intellectuel | F43: La suspension prend effet le 1er jour du mois suivant celui au cours duquel les conditions cessent d'être réunies ou le 1er jour du mois quand la suspension prend effet ce même jour. | G43: Décret 2004-1056 A34 ter | H43: 45170 | L43: Non Bloquant | Q43: P0005 - E0969 - Modification / Fin | U43: x | V43: La suspension prend effet le 1er jour du mois suivant celui au cours duquel les conditions cessent d'être réunies ou le 1er jour du mois quand la suspension prend effet ce même jour.
A44: 24.10.00 | B44: A | C44: 45622.501 | D44: RPR_I_033 | E44: Intellectuel | F44: La demande contient la date d'effet souhaitée de la retraite progressive qui ne peut pas être antérieure à la date de cette demande. | G44: Décret 2004-1056 A34 quater | H44: 45170 | L44: Non Bloquant | Q44: P0005 - E0969 - Demande | U44: x | V44: La demande contient la date d'effet souhaitée de la retraite progressive qui ne peut pas être antérieure à la date de cette demande.
A45: 25.10.00 | B45: M | C45: 45980.587 | D45: RPR_I_034 | E45: Intellectuel | F45: L'agent doit avoir atteint l'âge plancher égal à son âge d'ouverture des droits diminué de 2 années, soit 62 ans, à l'issue de la montée en charge de la réforme. | G45: Code de la sécurité sociale D161-2-24 | L161-22-1-5 / Code des pensions civiles et militaires L89 bis | D37-1 / Décret 2025-681 A1 | H45: 45170 | I45: 45900 | L45: Non Bloquant | Q45: P0003 - E0969 - Demande | U45: x | V45: L'agent doit avoir atteint l'âge plancher égal à son âge d'ouverture des droits diminué de 2 années, soit 62 ans, à l'issue de la montée en charge de la réforme.
A46: 24.10.00 | B46: A | C46: 45623.559 | D46: RPR_I_035 | E46: Intellectuel | F46: L'agent doit justifier d'une durée d'assurance et de périodes reconnues équivalentes fixée à 150 trimestres auprès d'une ou plusieurs caisses de retraite de base. | G46: Code de la sécurité sociale L161-22-1-5 | R161-19-5 | H46: 45170 | L46: Non Bloquant | Q46: P0003 - E0969 - Demande | U46: x | V46: L'agent doit justifier d'une durée d'assurance et de périodes reconnues équivalentes fixée à 150 trimestres auprès d'une ou plusieurs caisses de retraite de base.
A47: 24.10.00 | B47: A | C47: 45622.503 | D47: RPR_I_036 | E47: Intellectuel | F47: L'agent doit effectuer une demande. | G47: Code de la sécurité sociale L161-22-1-5 | R161-19-7 | H47: 45170 | L47: Non Bloquant | Q47: P0003 - E0969 - Demande | U47: x | V47: L'agent doit effectuer une demande.
A48: 25.00.00 | B48: M | C48: 45779.497 | D48: RPR_I_037 | E48: Intellectuel | F48: L'agent doit adresser sa demande de retraite progressive à l'organisme, l'établissement ou le service gérant l'un des régimes auxquels il est affilié à la date de sa demande. | G48: Code de la sécurité sociale R161-19-8 | H48: 45170 | I48: 45709 | L48: Non Bloquant | Q48: P0003 - E0969 - Demande | U48: x | V48: L'agent doit adresser sa demande de retraite progressive à l'organisme, l'établissement ou le service gérant l'un des régimes auxquels il est affilié à la date de sa demande.
A49: 24.10.00 | B49: A | C49: 45622.503 | D49: RPR_I_038 | E49: Intellectuel | F49: L'agent informe sa caisse de retraite de toutes modifications impactant sa retraite progressive. | G49: Code de la sécurité sociale R161-19-10 | D161-2-24-4 | H49: 45170 | L49: Non Bloquant | Q49: P0003 - E0969 - Modification / Fin | U49: x | V49: L'agent informe sa caisse de retraite de toutes modifications impactant sa retraite progressive.
A50: 24.10.00 | B50: A | C50: 45622.503 | D50: RPR_I_039 | E50: Intellectuel | F50: Si l'agent reprend une activité professionnelle à temps plein alors la retraite progressive cesse définitivement le 1er jour du mois suivant. | G50: Code de la sécurité sociale R161-19-11 | L161-22-1-8 | H50: 45170 | L50: Non Bloquant | Q50: P0003 - E0969 - Modification / Fin | U50: x | V50: Si l'agent reprend une activité professionnelle à temps plein alors la retraite progressive cesse définitivement le 1er jour du mois suivant.
A51: 24.10.00 | B51: A | C51: 45622.503 | D51: RPR_I_040 | E51: Intellectuel | F51: Dans certains cas, la retraite progressive peut être suspendue. | G51: Code de la sécurité sociale L161-22-1-8 | H51: 45170 | L51: Non Bloquant | Q51: P0003 - E0969 - Modification / Fin | U51: x | V51: Dans certains cas, la retraite progressive peut être suspendue.
A52: 24.10.00 | B52: A | C52: 45622.503 | D52: RPR_I_041 | E52: Intellectuel | F52: La suspension prend effet le 1er jour du mois suivant celui au cours duquel les conditions cessent d'être réunies. | G52: Code de la sécurité sociale R161-19-11 | H52: 45170 | L52: Non Bloquant | Q52: P0003 - E0969 - Modification / Fin | U52: x | V52: La suspension prend effet le 1er jour du mois suivant celui au cours duquel les conditions cessent d'être réunies.
A53: 24.10.00 | B53: A | C53: 45623.56 | D53: RPR_I_042 | E53: Intellectuel | F53: Elle est accompagnée du contrat de travail, d'une déclaration sur l'honneur attestant qu'il n'exerce pas d'autre activité, d'une attestation de l'employeur indiquant la durée du travail à temps complet applicable et des 12 derniers bulletin de paie. | G53: Code de la sécurité sociale L161-22-1-5 | R161-19-7 | H53: 45170 | L53: Non Bloquant | Q53: P0003 - E0969 - Demande | U53: x | V53: Elle est accompagnée du contrat de travail, d'une déclaration sur l'honneur attestant qu'il n'exerce pas d'autre activité, d'une attestation de l'employeur indiquant la durée du travail à temps complet applicable et des 12 derniers bulletin de paie.
A54: 24.10.00 | B54: A | C54: 45622.503 | D54: RPR_I_043 | E54: Intellectuel | F54: Si l'agent demande sa retraite à taux plein, alors la retraite progressive cesse définitivement. | G54: Code de la sécurité sociale L161-22-1-7 | H54: 45170 | L54: Non Bloquant | Q54: P0003 - E0969 - Modification / Fin | U54: x | V54: Si l'agent demande sa retraite à taux plein, alors la retraite progressive cesse définitivement.
A55: 24.10.00 | B55: A | C55: 45622.49 | D55: RPR_I_044 | E55: Intellectuel | F55: Si l'agent demande sa retraite à taux plein, alors la retraite progressive cesse définitivement à compter de la date d'effet de la pension complète. | G55: Code des pensions civiles et militaires L89 ter | D37-2 | H55: 45170 | L55: Non Bloquant | Q55: P0001 / P0004 - E0969 - Modification / Fin | U55: x | V55: Si l'agent demande sa retraite à taux plein, alors la retraite progressive cesse définitivement à compter de la date d'effet de la pension complète.
A56: 25.00.00 | B56: A | C56: 45779.476 | D56: RPR_I_045 | E56: Intellectuel | F56: L'agent reçoit un récépissé de sa demande et des pièces qui l'accompagnent. | G56: Code de la sécurité sociale R161-19-8 | H56: 45710 | L56: Non Bloquant | Q56: P0003 - E0969 - Demande | U56: x | V56: L'agent reçoit un récépissé de sa demande et des pièces qui l'accompagnent.
A57: 25.00.00 | B57: A | C57: 45779.479 | D57: RPR_I_046 | E57: Intellectuel | F57: L'agent reçoit un récépissé de sa demande et des pièces qui l'accompagnent. | G57: Code de la sécurité sociale R161-19-8 / Décret 2004-1056 A34 bis | H57: 45710 | L57: Non Bloquant | Q57: P0005 - E0969 - Demande | U57: x | V57: L'agent reçoit un récépissé de sa demande et des pièces qui l'accompagnent.
A58: 25.00.00 | B58: A | C58: 45779.481 | D58: RPR_I_047 | E58: Intellectuel | F58: L'agent doit adresser sa demande de retraite progressive au moyen d'un formulaire commun à l'organisme, l'établissement ou le service gérant l'un des régimes auxquels il est affilié à la date de sa demande. | G58: Code de la sécurité sociale R161-19-8 / Décret 2004-1056 A34 bis | H58: 45710 | L58: Non Bloquant | Q58: P0005 - E0969 - Demande | U58: x | V58: L'agent doit adresser sa demande de retraite progressive au moyen d'un formulaire commun à l'organisme, l'établissement ou le service gérant l'un des régimes auxquels il est affilié à la date de sa demande.
A59: 25.00.00 | B59: A | C59: 45779.483 | D59: RPR_I_048 | E59: Intellectuel | F59: L'agent doit adresser sa demande de retraite progressive au moyen d'un formulaire commun à l'organisme, l'établissement ou le service gérant l'un des régimes auxquels il est affilié à la date de sa demande. | G59: Code de la sécurité sociale R161-19-8 | H59: 45710 | L59: Non Bloquant | Q59: P0003 - E0969 - Demande | U59: x | V59: L'agent doit adresser sa demande de retraite progressive au moyen d'un formulaire commun à l'organisme, l'établissement ou le service gérant l'un des régimes auxquels il est affilié à la date de sa demande.
A60: 25.10.00 | B60: A | C60: 45981.397 | D60: RPR_I_049 | E60: Intellectuel | F60: L'agent doit avoir 60 ans au moins à l'ouverture du droit à la retraite progressive. | G60: Code de la sécurité sociale D161-2-24 | L161-22-1-5 / Code des pensions civiles et militaires L89 bis | D37-1 / Décret 2025-681 A1 | H60: 45901 | L60: Non Bloquant | Q60: P0001 / P0004 - E0969 - Demande | U60: x | V60: L'agent doit avoir 60 ans au moins à l'ouverture du droit à la retraite progressive.
... A62: 25.10.00 | B62: A | C62: 46003.581 | D62: RPR_I_051 | E62: Intellectuel | F62: L'agent doit avoir 60 ans au moins à l'ouverture du droit à la retraite progressive. | G62: Code de la sécurité sociale D161-2-24 | L161-22-1-5 / Code des pensions civiles et militaires L89 bis / Décret 2025-680 A2 / Décret 2004-1056 A34 bis | H62: 45901 | L62: Non Bloquant | Q62: P0005 - E0969 - Demande | U62: x | V62: L'agent doit avoir 60 ans au moins à l'ouverture du droit à la retraite progressive.
A63: 24.10.00 | B63: A | C63: 45622.485 | D63: RPR_P_001 | E63: Impact | F63: Pension : La fraction de pension de retraite versée à l'agent est égale à la différence entre 100 % et la quotité de travail à temps partiel. | G63: Code des pensions civiles et militaires D37-2 | H63: 45170 | L63: Non Bloquant | R63: P0001 / P0004 - E0969 - Demande | U63: x | V63: Pension : La fraction de pension de retraite versée à l'agent est égale à la différence entre 100 % et la quotité de travail à temps partiel.
A64: 24.10.00 | B64: A | C64: 45622.485 | D64: RPR_P_002 | E64: Impact | F64: Retraite : L'agent continue de cotiser à la retraite. | G64: Code des pensions civiles et militaires D37-2 | H64: 45170 | L64: Non Bloquant | R64: P0001 / P0004 - E0969 - Demande | U64: x | V64: Retraite : L'agent continue de cotiser à la retraite.
A65: 24.10.00 | B65: A | C65: 45622.485 | D65: RPR_P_003 | E65: Impact | F65: Pension : La fraction de pension de retraite versée à l'agent est égale à la différence entre 100 % et la quotité de travail à temps partiel. | G65: Décret 2004-1056 A34 bis | H65: 45170 | L65: Non Bloquant | R65: P0005 - E0969 - Demande | U65: x | V65: Pension : La fraction de pension de retraite versée à l'agent est égale à la différence entre 100 % et la quotité de travail à temps partiel.
A66: 24.10.00 | B66: A | C66: 45622.485 | D66: RPR_P_004 | E66: Impact | F66: Pension : La fraction de pension de retraite versée à l'agent est égale à la différence entre 100 % et la quotité de travail à temps partiel. | G66: Code de la sécurité sociale L161-22-1-5 | H66: 45170 | L66: Non Bloquant | R66: P0003 - E0969 - Demande | U66: x | V66: Pension : La fraction de pension de retraite versée à l'agent est égale à la différence entre 100 % et la quotité de travail à temps partiel.
